task,seed,model,repeat,rollout_length,backtrack_k,error_mean,error_std,error_sem,n_windows,n_samples,rollout_repeats,repeat_mean_std,repeat_mean_sem
hopper-medium-replay-v2,1,adm,0,1,1,0.0021539444879216337,0.015114977127515129,0.0001068790282434551,20000,20000,20,,
hopper-medium-replay-v2,1,adm,0,2,1,0.0034977132395524906,0.02052639662311772,0.0001451435424553119,20000,20000,20,,
hopper-medium-replay-v2,1,adm,0,3,1,0.005328302110212821,0.03227317297879381,0.00022820579463711554,20000,20000,20,,
hopper-medium-replay-v2,1,adm,0,4,4,0.003329475199085904,0.027694087715471,0.00019582677222384606,20000,20000,20,,
hopper-medium-replay-v2,1,adm,0,5,3,0.008464375930883923,0.07215947642811324,0.000510244551091897,20000,20000,20,,
hopper-medium-replay-v2,1,adm,0,6,1,0.011515258401352495,0.09408459154796346,0.000665278526887315,20000,20000,20,,
hopper-medium-replay-v2,1,adm,0,7,5,0.011978175195217176,0.11255772810478493,0.0007959033281784506,20000,20000,20,,
hopper-medium-replay-v2,1,adm,0,8,1,0.015151905870396387,0.14501036986897575,0.0010253781587672216,20000,20000,20,,
hopper-medium-replay-v2,1,adm,0,9,4,0.014810601800442339,0.13922140444485562,0.0009844439916927236,20000,20000,20,,
hopper-medium-replay-v2,1,adm,0,10,3,0.014569943104387664,0.1517859555392103,0.001073288784506554,20000,20000,20,,
hopper-medium-replay-v2,1,adm,0,11,3,0.01664774081373551,0.15621775211388989,0.0011046263186145066,20000,20000,20,,
hopper-medium-replay-v2,1,adm,0,12,1,0.01694522441325449,0.14496572600933974,0.0010250624790083518,20000,20000,20,,
hopper-medium-replay-v2,1,adm,0,13,5,0.014606685635387069,0.11801408492143352,0.0008344855972347073,20000,20000,20,,
hopper-medium-replay-v2,1,adm,0,14,3,0.016757909068154272,0.12817053111678472,0.0009063025170095988,20000,20000,20,,
hopper-medium-replay-v2,1,adm,0,15,4,0.017442177008324334,0.14042104899368862,0.0009929267596476565,20000,20000,20,,
hopper-medium-replay-v2,1,adm,0,16,1,0.021540369585836446,0.1835242067536611,0.0012977121110739575,20000,20000,20,,
hopper-medium-replay-v2,1,adm,0,17,4,0.02122738637198701,0.18072946267043272,0.0012779502861446398,20000,20000,20,,
hopper-medium-replay-v2,1,adm,0,18,3,0.022542191497310078,0.1770428887233505,0.0012518822717713647,20000,20000,20,,
hopper-medium-replay-v2,1,adm,0,19,2,0.020975703320722357,0.14879676878901005,0.0010521520422935582,20000,20000,20,,
hopper-medium-replay-v2,1,adm,0,20,5,0.019860372967182894,0.12606672450267803,0.0008914263577781992,20000,20000,20,,
hopper-medium-replay-v2,1,adm,0,21,3,0.022452233885986835,0.15093337970428483,0.0010672601629630382,20000,20000,20,,
hopper-medium-replay-v2,1,adm,0,22,1,0.02351219133472745,0.1483126888313978,0.0010487290800869171,20000,20000,20,,
hopper-medium-replay-v2,1,adm,0,23,2,0.024038237415115384,0.15039631361743114,0.0010634625322434425,20000,20000,20,,
hopper-medium-replay-v2,1,adm,0,24,4,0.022590972254739616,0.13717324524840252,0.0009699613191251077,20000,20000,20,,
hopper-medium-replay-v2,1,adm,0,25,1,0.02551328268720393,0.15931747020700202,0.0011265446354485687,20000,20000,20,,
hopper-medium-replay-v2,1,adm,0,26,5,0.026157151214229107,0.1548523702801651,0.0010949716110791494,20000,20000,20,,
hopper-medium-replay-v2,1,adm,0,27,3,0.025866486015810295,0.1477559657170405,0.0010447924531928638,20000,20000,20,,
hopper-medium-replay-v2,1,adm,0,28,1,0.029767046331153246,0.1870074843026416,0.001322342602830347,20000,20000,20,,
hopper-medium-replay-v2,1,adm,0,29,3,0.029119603911135012,0.17252512668287687,0.001219936870025304,20000,20000,20,,
hopper-medium-replay-v2,1,adm,0,30,2,0.03328642900082283,0.1979311161182909,0.0013995843441506545,20000,20000,20,,
hopper-medium-replay-v2,1,adm,0,31,4,0.030902145253856622,0.17348397853610956,0.0012267169765010453,20000,20000,20,,
hopper-medium-replay-v2,1,adm,0,32,2,0.035980571454648225,0.20765208242432778,0.0014683219560975007,20000,20000,20,,
hopper-medium-replay-v2,1,adm,0,33,1,0.04028834070078742,0.23640508397719678,0.0016716363798725106,20000,20000,20,,
hopper-medium-replay-v2,1,adm,0,34,1,0.04368004541406809,0.26673367715199625,0.0018860919188499982,20000,20000,20,,
hopper-medium-replay-v2,1,adm,0,35,4,0.03561775314054136,0.1987569938728,0.0014054241817570996,20000,20000,20,,
hopper-medium-replay-v2,1,adm,0,36,2,0.05199253948698579,0.3010806406879769,0.002128961627144588,20000,20000,20,,
hopper-medium-replay-v2,1,adm,0,37,2,0.040950133711496486,0.24531696530625635,0.0017346528970815886,20000,20000,20,,
hopper-medium-replay-v2,1,adm,0,38,3,0.045092352978003666,0.2805237261823472,0.0019836022906725595,20000,20000,20,,
hopper-medium-replay-v2,1,adm,0,39,1,0.04812021443400826,0.3089247820837622,0.002184428082880047,20000,20000,20,,
hopper-medium-replay-v2,1,adm,0,40,5,0.045794947363389744,0.3009236814752792,0.0021278517579079058,20000,20000,20,,
hopper-medium-replay-v2,1,adm,0,41,2,0.05060721688976471,0.2812327603968592,0.0019886159196843066,20000,20000,20,,
hopper-medium-replay-v2,1,adm,0,42,3,0.05113040141054007,0.2717125925422373,0.001921298167203933,20000,20000,20,,
hopper-medium-replay-v2,1,adm,0,43,4,0.05115042522357,0.26647951649080664,0.001884294731579618,20000,20000,20,,
hopper-medium-replay-v2,1,adm,0,44,1,0.05833998235097189,0.31357107490267355,0.002217282334476353,20000,20000,20,,
hopper-medium-replay-v2,1,adm,0,45,5,0.05264028314243619,0.2734541478340098,0.0019336128227701696,20000,20000,20,,
hopper-medium-replay-v2,1,adm,0,46,1,0.056279656647429885,0.29674161873934185,0.002098280108708617,20000,20000,20,,
hopper-medium-replay-v2,1,adm,0,47,1,0.056172015613472875,0.2872565165918299,0.002031210308221089,20000,20000,20,,
hopper-medium-replay-v2,1,adm,0,48,5,0.05994814456563631,0.2928925368056239,0.002071062989341871,20000,20000,20,,
hopper-medium-replay-v2,1,adm,0,49,1,0.06540901604667938,0.3486592922279791,0.002465393498581061,20000,20000,20,,
hopper-medium-replay-v2,1,adm,0,50,5,0.06717392260857231,0.40520301263682906,0.002865217979927201,20000,20000,20,,
hopper-medium-replay-v2,1,adm,0,51,1,0.07055160464106691,0.4036679573898963,0.00285436350018118,20000,20000,20,,
hopper-medium-replay-v2,1,adm,0,52,5,0.07050012584890387,0.372231762567545,0.0026320760348453195,20000,20000,20,,
hopper-medium-replay-v2,1,adm,0,53,3,0.07150752891473107,0.383982306889858,0.0027151649305747257,20000,20000,20,,
hopper-medium-replay-v2,1,adm,0,54,5,0.07783878461471097,0.4056293737581898,0.002868232808328686,20000,20000,20,,
hopper-medium-replay-v2,1,adm,0,55,4,0.08288120378984766,0.445486997349007,0.0031500687675591636,20000,20000,20,,
hopper-medium-replay-v2,1,adm,0,56,2,0.08914871632475097,0.47753099195532617,0.003376654026383498,20000,20000,20,,
hopper-medium-replay-v2,1,adm,0,57,3,0.08841530117937575,0.44625069611135865,0.00315546893329559,20000,20000,20,,
hopper-medium-replay-v2,1,adm,0,58,5,0.08717191457704712,0.4748752922780279,0.0033578753938773723,20000,20000,20,,
hopper-medium-replay-v2,1,adm,0,59,1,0.09855391130837035,0.5594026538956317,0.003955574099833524,20000,20000,20,,
hopper-medium-replay-v2,1,adm,0,60,2,0.10135471441190506,0.5601717762440435,0.003961012616114765,20000,20000,20,,
hopper-medium-replay-v2,1,adm,0,61,3,0.09941777879706544,0.5506868883118533,0.003893944330358304,20000,20000,20,,
hopper-medium-replay-v2,1,adm,0,62,1,0.10451436641475426,0.5528099411906072,0.003908956581232149,20000,20000,20,,
hopper-medium-replay-v2,1,adm,0,63,3,0.10905344552468721,0.5679574943868496,0.004016065957066619,20000,20000,20,,
hopper-medium-replay-v2,1,adm,0,64,2,0.11168251585401734,0.5640611430412712,0.00398851459248318,20000,20000,20,,
hopper-medium-replay-v2,1,adm,0,65,4,0.11668929198212975,0.6290025841072592,0.004447719926061047,20000,20000,20,,
hopper-medium-replay-v2,1,adm,0,66,1,0.1268091386929353,0.6714632214180299,0.004747961971820532,20000,20000,20,,
hopper-medium-replay-v2,1,adm,0,67,2,0.12658302257590062,0.639201118685221,0.0045198344556434695,20000,20000,20,,
hopper-medium-replay-v2,1,adm,0,68,5,0.129612546025169,0.6719019341397582,0.0047510641392258,20000,20000,20,,
hopper-medium-replay-v2,1,adm,0,69,3,0.12791611488459403,0.6388370650915886,0.004517260207995741,20000,20000,20,,
hopper-medium-replay-v2,1,adm,0,70,2,0.13061216292436348,0.6571815751028555,0.004646975482260855,20000,20000,20,,
hopper-medium-replay-v2,1,adm,0,71,3,0.13358797123318944,0.6787072491183099,0.004799184982920243,20000,20000,20,,
hopper-medium-replay-v2,1,adm,0,72,3,0.1429884884207924,0.706170879260432,0.004993382174015181,20000,20000,20,,
hopper-medium-replay-v2,1,adm,0,73,2,0.14433966952746108,0.7217870740786563,0.0051038053465381475,20000,20000,20,,
hopper-medium-replay-v2,1,adm,0,74,1,0.1464106785963149,0.7128627004285881,0.00504070049528009,20000,20000,20,,
hopper-medium-replay-v2,1,adm,0,75,3,0.1542125882437802,0.7439266648728657,0.005260355894370955,20000,20000,20,,
hopper-medium-replay-v2,1,adm,0,76,3,0.15696395595829424,0.7245786289692457,0.00512354462047005,20000,20000,20,,
hopper-medium-replay-v2,1,adm,0,77,2,0.15856992754907837,0.7306187233348885,0.005166254537319577,20000,20000,20,,
hopper-medium-replay-v2,1,adm,0,78,1,0.16558934728041336,0.7615443416422125,0.0053849316814945335,20000,20000,20,,
hopper-medium-replay-v2,1,adm,0,79,5,0.171304107709403,0.8037420575211224,0.005683314591980138,20000,20000,20,,
hopper-medium-replay-v2,1,adm,0,80,3,0.1723970108248458,0.7760478756626517,0.005487487154064757,20000,20000,20,,
hopper-medium-replay-v2,1,adm,0,81,3,0.18110382481799328,0.8103821319348611,0.005730267008435517,20000,20000,20,,
hopper-medium-replay-v2,1,adm,0,82,3,0.17747194130605873,0.8049102234434024,0.005691574772432089,20000,20000,20,,
hopper-medium-replay-v2,1,adm,0,83,3,0.1864423615511619,0.8135485174622004,0.005752656735217842,20000,20000,20,,
hopper-medium-replay-v2,1,adm,0,84,4,0.18934956994702454,0.8217737921697363,0.005810818210446051,20000,20000,20,,
hopper-medium-replay-v2,1,adm,0,85,2,0.19066537383243795,0.7955483312474363,0.005625376197867039,20000,20000,20,,
hopper-medium-replay-v2,1,adm,0,86,1,0.19659060837242645,0.8302957963630855,0.0058710778799902245,20000,20000,20,,
hopper-medium-replay-v2,1,adm,0,87,4,0.19836861352005167,0.8416695800227273,0.0059515026755250396,20000,20000,20,,
hopper-medium-replay-v2,1,adm,0,88,2,0.20623255338202176,0.8463484538414429,0.005984587309580339,20000,20000,20,,
hopper-medium-replay-v2,1,adm,0,89,1,0.21382331963024817,0.864278675868983,0.00611137312541888,20000,20000,20,,
hopper-medium-replay-v2,1,adm,0,90,3,0.21334378463675807,0.8438198851370613,0.005966707628804697,20000,20000,20,,
hopper-medium-replay-v2,1,adm,0,91,2,0.2257131071536757,0.8998049520938817,0.006362581833708202,20000,20000,20,,
hopper-medium-replay-v2,1,adm,0,92,1,0.2361261759563637,0.9580128672783238,0.0067741739491647066,20000,20000,20,,
hopper-medium-replay-v2,1,adm,0,93,5,0.23104697044603503,0.9473768332913772,0.006698965831593701,20000,20000,20,,
hopper-medium-replay-v2,1,adm,0,94,5,0.24555847016814925,0.9925316121359559,0.007018258334833506,20000,20000,20,,
hopper-medium-replay-v2,1,adm,0,95,3,0.25797384382839045,1.0192859533302634,0.0072074400956802405,20000,20000,20,,
hopper-medium-replay-v2,1,adm,0,96,1,0.267745126043897,1.0782762826724512,0.007624564714703128,20000,20000,20,,
hopper-medium-replay-v2,1,adm,0,97,5,0.2667085652187555,1.068831284838152,0.007557778494533876,20000,20000,20,,
hopper-medium-replay-v2,1,adm,0,98,1,0.2696903958359189,1.0878152104106031,0.0076920151195920845,20000,20000,20,,
hopper-medium-replay-v2,1,adm,0,99,5,0.2676228454002104,1.090238232101518,0.007709148470278165,20000,20000,20,,
hopper-medium-replay-v2,1,adm,0,100,2,0.2792571715256794,1.0973003524822693,0.007759085202386015,20000,20000,20,,
hopper-medium-replay-v2,1,adm,1,1,1,0.0021804278279406813,0.014540819815424386,0.00010281912295498305,20000,20000,20,,
hopper-medium-replay-v2,1,adm,1,2,3,0.0021784184153731795,0.01566852104477181,0.00011079317481922275,20000,20000,20,,
hopper-medium-replay-v2,1,adm,1,3,4,0.003441262409265425,0.02973890775443651,0.00021028583338243259,20000,20000,20,,
hopper-medium-replay-v2,1,adm,1,4,2,0.0056439820527240826,0.04463631679192076,0.0003156264229075813,20000,20000,20,,
hopper-medium-replay-v2,1,adm,1,5,3,0.007929654582037768,0.08394127789576131,0.0005935544682155727,20000,20000,20,,
hopper-medium-replay-v2,1,adm,1,6,5,0.007308840368571099,0.05848345558547416,0.00041354048031711047,20000,20000,20,,
hopper-medium-replay-v2,1,adm,1,7,3,0.012365151959170841,0.12210910065567057,0.0008634417311821535,20000,20000,20,,
hopper-medium-replay-v2,1,adm,1,8,3,0.013056689822056941,0.13285426083775506,0.0009394214874790298,20000,20000,20,,
hopper-medium-replay-v2,1,adm,1,9,5,0.012534354770814337,0.1094538657023095,0.0007739557066518472,20000,20000,20,,
hopper-medium-replay-v2,1,adm,1,10,1,0.015116885720035498,0.14359477115751837,0.001015368364284117,20000,20000,20,,
hopper-medium-replay-v2,1,adm,1,11,2,0.014424399369529141,0.13163063181009022,0.0009307691236478446,20000,20000,20,,
hopper-medium-replay-v2,1,adm,1,12,1,0.01587035573690851,0.1247699736110324,0.0008822569442882759,20000,20000,20,,
hopper-medium-replay-v2,1,adm,1,13,2,0.016343372600997202,0.13803316638052746,0.0009760418797632193,20000,20000,20,,
hopper-medium-replay-v2,1,adm,1,14,2,0.018120241154070918,0.13632106073828365,0.0009639354646658358,20000,20000,20,,
hopper-medium-replay-v2,1,adm,1,15,3,0.018016772151720515,0.13444826988282219,0.0009506928335294263,20000,20000,20,,
hopper-medium-replay-v2,1,adm,1,16,2,0.02109753226088812,0.1491918102832787,0.0010549454074880325,20000,20000,20,,
hopper-medium-replay-v2,1,adm,1,17,1,0.025394855316268172,0.1793184131495457,0.0012679726592965473,20000,20000,20,,
hopper-medium-replay-v2,1,adm,1,18,2,0.025546324554003234,0.18195601582572732,0.0012866233266805853,20000,20000,20,,
hopper-medium-replay-v2,1,adm,1,19,5,0.021945629109671523,0.14620350961647227,0.0010338149308308014,20000,20000,20,,
hopper-medium-replay-v2,1,adm,1,20,1,0.023447379104140745,0.17413187403992578,0.0012312982895435324,20000,20000,20,,
hopper-medium-replay-v2,1,adm,1,21,1,0.02469392028607084,0.16671764160365857,0.0011788717492137544,20000,20000,20,,
hopper-medium-replay-v2,1,adm,1,22,1,0.025799820505401222,0.15429084636254012,0.0010910010373796387,20000,20000,20,,
hopper-medium-replay-v2,1,adm,1,23,2,0.025728181103915143,0.15947682559134374,0.001127671448177435,20000,20000,20,,
hopper-medium-replay-v2,1,adm,1,24,4,0.024070597581994,0.13946066395320042,0.0009861358119008631,20000,20000,20,,
hopper-medium-replay-v2,1,adm,1,25,5,0.024019347693076672,0.13782599023342257,0.0009745769231780397,20000,20000,20,,
hopper-medium-replay-v2,1,adm,1,26,3,0.03230523425550772,0.20279790684853669,0.0014339977514303808,20000,20000,20,,
hopper-medium-replay-v2,1,adm,1,27,2,0.028905940894420553,0.17054594848188281,0.001205941966754309,20000,20000,20,,
hopper-medium-replay-v2,1,adm,1,28,4,0.0317633778014887,0.19265436697338648,0.001362272093120832,20000,20000,20,,
hopper-medium-replay-v2,1,adm,1,29,2,0.034376383450469436,0.20579171354729753,0.0014551671616129358,20000,20000,20,,
hopper-medium-replay-v2,1,adm,1,30,5,0.03058704523200238,0.16714683684790763,0.0011819066178903697,20000,20000,20,,
hopper-medium-replay-v2,1,adm,1,31,1,0.03235384343100752,0.18619020894889168,0.001316563593383015,20000,20000,20,,
hopper-medium-replay-v2,1,adm,1,32,5,0.032642613976634136,0.16983057842678245,0.0012008835365841166,20000,20000,20,,
hopper-medium-replay-v2,1,adm,1,33,2,0.03546420745152542,0.20209409242822698,0.001429021031937402,20000,20000,20,,
hopper-medium-replay-v2,1,adm,1,34,4,0.03534721474500513,0.20027583115122852,0.0014161639831480567,20000,20000,20,,
hopper-medium-replay-v2,1,adm,1,35,2,0.040863608409634815,0.22023419785560708,0.0015572909475287957,20000,20000,20,,
hopper-medium-replay-v2,1,adm,1,36,4,0.040586873250365835,0.24058307435960724,0.001701179233183857,20000,20000,20,,
hopper-medium-replay-v2,1,adm,1,37,5,0.04128053486720919,0.24453198899816572,0.001729102276376372,20000,20000,20,,
hopper-medium-replay-v2,1,adm,1,38,5,0.04546209079272413,0.2642071072201855,0.0018682263715307438,20000,20000,20,,
hopper-medium-replay-v2,1,adm,1,39,3,0.04558939061681634,0.26835153203136053,0.0018975318804117405,20000,20000,20,,
hopper-medium-replay-v2,1,adm,1,40,5,0.05469425857795121,0.31860569574325837,0.0022528824798471593,20000,20000,20,,
hopper-medium-replay-v2,1,adm,1,41,3,0.05266944458261985,0.2944053154723283,0.0020817599498784813,20000,20000,20,,
hopper-medium-replay-v2,1,adm,1,42,3,0.052954295455316595,0.28746930582299457,0.0020327149553042894,20000,20000,20,,
hopper-medium-replay-v2,1,adm,1,43,2,0.05320449080665157,0.2791224041396553,0.001973693447482423,20000,20000,20,,
hopper-medium-replay-v2,1,adm,1,44,2,0.05744246792024377,0.2924032064694302,0.0020676029013522424,20000,20000,20,,
hopper-medium-replay-v2,1,adm,1,45,3,0.05884754343039247,0.30041782635606507,0.002124274822056963,20000,20000,20,,
hopper-medium-replay-v2,1,adm,1,46,4,0.058684837507634494,0.30498386096489055,0.002156561562407293,20000,20000,20,,
hopper-medium-replay-v2,1,adm,1,47,5,0.06070898273131005,0.3283955421885309,0.0023221071479294316,20000,20000,20,,
hopper-medium-replay-v2,1,adm,1,48,5,0.06641348719031753,0.36471835141322645,0.0025789481950747066,20000,20000,20,,
hopper-medium-replay-v2,1,adm,1,49,1,0.07020144016042479,0.37337727286063616,0.002640176015806957,20000,20000,20,,
hopper-medium-replay-v2,1,adm,1,50,5,0.0690771917918069,0.36164306924486156,0.0025572026663215775,20000,20000,20,,
hopper-medium-replay-v2,1,adm,1,51,5,0.06861661971764643,0.36390272419357805,0.0025731808396953692,20000,20000,20,,
hopper-medium-replay-v2,1,adm,1,52,2,0.07466775620873174,0.38816351415907785,0.002744730530710844,20000,20000,20,,
hopper-medium-replay-v2,1,adm,1,53,5,0.07660240473563731,0.37993730748486965,0.0026865624654830974,20000,20000,20,,
hopper-medium-replay-v2,1,adm,1,54,3,0.07822531070319748,0.4052128820745899,0.002865287767390873,20000,20000,20,,
hopper-medium-replay-v2,1,adm,1,55,5,0.08238247723435846,0.41236427744743986,0.002915855769021756,20000,20000,20,,
hopper-medium-replay-v2,1,adm,1,56,3,0.09268281412422832,0.4863772731581939,0.0034392066806518064,20000,20000,20,,
hopper-medium-replay-v2,1,adm,1,57,4,0.09348510245124252,0.4906434064613208,0.0034693727985326745,20000,20000,20,,
hopper-medium-replay-v2,1,adm,1,58,4,0.09333871042404976,0.4955588149315264,0.0035041299851485165,20000,20000,20,,
hopper-medium-replay-v2,1,adm,1,59,4,0.09900701308043738,0.5301914176556161,0.003749019467511951,20000,20000,20,,
hopper-medium-replay-v2,1,adm,1,60,5,0.09887178593570412,0.5372203215315506,0.003798721323461769,20000,20000,20,,
hopper-medium-replay-v2,1,adm,1,61,1,0.10512656379606392,0.571215769915383,0.00403910544427862,20000,20000,20,,
hopper-medium-replay-v2,1,adm,1,62,2,0.10773405118119052,0.585175924847244,0.004137818646465958,20000,20000,20,,
hopper-medium-replay-v2,1,adm,1,63,4,0.11196690608115024,0.5971921429503163,0.004222786139514947,20000,20000,20,,
hopper-medium-replay-v2,1,adm,1,64,1,0.11823849551426599,0.6375748415384163,0.004508334939657526,20000,20000,20,,
hopper-medium-replay-v2,1,adm,1,65,5,0.1169584530195204,0.6174226716252942,0.004365837579645605,20000,20000,20,,
hopper-medium-replay-v2,1,adm,1,66,4,0.12365234757124963,0.6481743577074094,0.004583284837261441,20000,20000,20,,
hopper-medium-replay-v2,1,adm,1,67,5,0.12689606334661974,0.6515520480857769,0.004607168714974364,20000,20000,20,,
hopper-medium-replay-v2,1,adm,1,68,3,0.130582604472627,0.6879725277311854,0.004864700396287713,20000,20000,20,,
hopper-medium-replay-v2,1,adm,1,69,5,0.1359538201998653,0.7075042181685793,0.00500281030385089,20000,20000,20,,
hopper-medium-replay-v2,1,adm,1,70,5,0.13577466310450703,0.6907938459760516,0.004884650128916016,20000,20000,20,,
hopper-medium-replay-v2,1,adm,1,71,4,0.1416607937845985,0.6984428104995206,0.004938736475752018,20000,20000,20,,
hopper-medium-replay-v2,1,adm,1,72,2,0.13923727624029977,0.6913109184361231,0.004888306383344829,20000,20000,20,,
hopper-medium-replay-v2,1,adm,1,73,2,0.14317780421253404,0.7140509872921829,0.0050491029522725175,20000,20000,20,,
hopper-medium-replay-v2,1,adm,1,74,4,0.14121135493697992,0.701874393609797,0.004963001432626834,20000,20000,20,,
hopper-medium-replay-v2,1,adm,1,75,2,0.1493968836236922,0.711017872514324,0.0050276555919971065,20000,20000,20,,
hopper-medium-replay-v2,1,adm,1,76,3,0.15430240834268408,0.7282657584752388,0.005149616563238057,20000,20000,20,,
hopper-medium-replay-v2,1,adm,1,77,3,0.15474210752091352,0.7361123707867351,0.005205100490986066,20000,20000,20,,
hopper-medium-replay-v2,1,adm,1,78,4,0.1615092271410623,0.7429903125661574,0.005253734883714424,20000,20000,20,,
hopper-medium-replay-v2,1,adm,1,79,1,0.1709416046042776,0.7955699833229478,0.005625529301161249,20000,20000,20,,
hopper-medium-replay-v2,1,adm,1,80,2,0.17567461624688038,0.810045063487969,0.005727883574590303,20000,20000,20,,
hopper-medium-replay-v2,1,adm,1,81,1,0.18167310831392183,0.8241383142391768,0.005827537906341718,20000,20000,20,,
hopper-medium-replay-v2,1,adm,1,82,1,0.18431142594261793,0.8224007454542168,0.005815251439635485,20000,20000,20,,
hopper-medium-replay-v2,1,adm,1,83,3,0.1860903492795221,0.8298918684163445,0.005868221678087712,20000,20000,20,,
hopper-medium-replay-v2,1,adm,1,84,3,0.19207043613107014,0.8278312885096206,0.0058536511778354994,20000,20000,20,,
hopper-medium-replay-v2,1,adm,1,85,5,0.18650758913483523,0.7982841038961979,0.005644721031784279,20000,20000,20,,
hopper-medium-replay-v2,1,adm,1,86,1,0.19199126394000432,0.8230892931795165,0.005820120207292784,20000,20000,20,,
hopper-medium-replay-v2,1,adm,1,87,5,0.20148815916770313,0.8337221753128973,0.0058953060378934925,20000,20000,20,,
hopper-medium-replay-v2,1,adm,1,88,2,0.20984582791752882,0.8760094316744269,0.006194322095203608,20000,20000,20,,
hopper-medium-replay-v2,1,adm,1,89,2,0.22190232287924044,0.9215352776360825,0.006516238439191017,20000,20000,20,,
hopper-medium-replay-v2,1,adm,1,90,5,0.21163854587210268,0.8771766851450405,0.006202575823647953,20000,20000,20,,
hopper-medium-replay-v2,1,adm,1,91,1,0.21636314889022765,0.8999095634973258,0.00636332154803585,20000,20000,20,,
hopper-medium-replay-v2,1,adm,1,92,1,0.22243483715100315,0.903938790516664,0.0063918124855189915,20000,20000,20,,
hopper-medium-replay-v2,1,adm,1,93,3,0.22221090949681183,0.8835617817032269,0.006247725274396197,20000,20000,20,,
hopper-medium-replay-v2,1,adm,1,94,1,0.23005508016073692,0.9197711709492717,0.006503764321181212,20000,20000,20,,
hopper-medium-replay-v2,1,adm,1,95,3,0.23942030517386007,0.9506238497809909,0.006721925705378005,20000,20000,20,,
hopper-medium-replay-v2,1,adm,1,96,3,0.2417729102242515,0.9573188892793206,0.006769266783673813,20000,20000,20,,
hopper-medium-replay-v2,1,adm,1,97,4,0.24294935811668528,0.945258558840523,0.0066839873693075695,20000,20000,20,,
hopper-medium-replay-v2,1,adm,1,98,4,0.250682791342442,0.99251613277762,0.007018148879241028,20000,20000,20,,
hopper-medium-replay-v2,1,adm,1,99,5,0.2594178510287391,1.0325203749654814,0.007301021588513687,20000,20000,20,,
hopper-medium-replay-v2,1,adm,1,100,3,0.2680266342575773,1.0605949977220832,0.007499539149818159,20000,20000,20,,
hopper-medium-replay-v2,1,adm,2,1,5,0.004527908574841797,0.03441271314138493,0.000243334628213007,20000,20000,20,,
hopper-medium-replay-v2,1,adm,2,2,2,0.001697749071800218,0.01079816424348613,7.635455160935148e-05,20000,20000,20,,
hopper-medium-replay-v2,1,adm,2,3,1,0.0039415342298260965,0.0272144052005878,0.00019243490463294078,20000,20000,20,,
hopper-medium-replay-v2,1,adm,2,4,2,0.004377954976286491,0.03288819279388981,0.0002325546414553003,20000,20000,20,,
hopper-medium-replay-v2,1,adm,2,5,4,0.009414375700552978,0.09405011424728169,0.000665034735556224,20000,20000,20,,
hopper-medium-replay-v2,1,adm,2,6,2,0.009403185259811367,0.08319637233162537,0.0005882871904581315,20000,20000,20,,
hopper-medium-replay-v2,1,adm,2,7,1,0.013621794918835261,0.12994635717727743,0.0009188595035054206,20000,20000,20,,
hopper-medium-replay-v2,1,adm,2,8,2,0.014940666872599866,0.14192343104478422,0.001003550205010283,20000,20000,20,,
hopper-medium-replay-v2,1,adm,2,9,1,0.018133467031430497,0.17225798216348268,0.0012180478730130994,20000,20000,20,,
hopper-medium-replay-v2,1,adm,2,10,2,0.01893091336753018,0.17365553300089165,0.0012279300497549477,20000,20000,20,,
hopper-medium-replay-v2,1,adm,2,11,1,0.02144697446846266,0.18544988526187567,0.0013113287143893945,20000,20000,20,,
hopper-medium-replay-v2,1,adm,2,12,3,0.021185335376848736,0.17919030082037823,0.001267066768329468,20000,20000,20,,
hopper-medium-replay-v2,1,adm,2,13,4,0.020371339035672627,0.18262772130900357,0.0012913730017024337,20000,20000,20,,
hopper-medium-replay-v2,1,adm,2,14,2,0.023284925479639416,0.21278070192665124,0.0015045867723796856,20000,20000,20,,
hopper-medium-replay-v2,1,adm,2,15,1,0.025072447463449055,0.21730561663319425,0.0015365827511125587,20000,20000,20,,
hopper-medium-replay-v2,1,adm,2,16,1,0.02615855205705276,0.19432178773277614,0.0013740625383813886,20000,20000,20,,
hopper-medium-replay-v2,1,adm,2,17,2,0.027751453620241506,0.21252701848224698,0.0015027929595415556,20000,20000,20,,
hopper-medium-replay-v2,1,adm,2,18,4,0.025392654621487872,0.19956640750652643,0.0014111476004490275,20000,20000,20,,
hopper-medium-replay-v2,1,adm,2,19,1,0.026164766752654077,0.19650122904600936,0.001389473515699242,20000,20000,20,,
hopper-medium-replay-v2,1,adm,2,20,2,0.024858272790874242,0.17597165389316496,0.0012443074976446907,20000,20000,20,,
hopper-medium-replay-v2,1,adm,2,21,2,0.025811444047952044,0.17415652225127304,0.00123147257871741,20000,20000,20,,
hopper-medium-replay-v2,1,adm,2,22,3,0.0261025099905683,0.16706202777769896,0.001181306927203863,20000,20000,20,,
hopper-medium-replay-v2,1,adm,2,23,3,0.026629689387097272,0.17440687167405497,0.0012332428164625626,20000,20000,20,,
hopper-medium-replay-v2,1,adm,2,24,2,0.028282582138531593,0.18226648052978858,0.0012888186436561934,20000,20000,20,,
hopper-medium-replay-v2,1,adm,2,25,5,0.02654501103974641,0.14944932003393316,0.0010567662763971268,20000,20000,20,,
hopper-medium-replay-v2,1,adm,2,26,1,0.0293953404563998,0.1777744558742721,0.0012570552327044646,20000,20000,20,,
hopper-medium-replay-v2,1,adm,2,27,3,0.0347536727791908,0.20663960141086785,0.0014611626341930993,20000,20000,20,,
hopper-medium-replay-v2,1,adm,2,28,1,0.03681728359417897,0.23022477393852728,0.0016279349884907256,20000,20000,20,,
hopper-medium-replay-v2,1,adm,2,29,1,0.03734697217901148,0.22103823572090645,0.001562976353797635,20000,20000,20,,
hopper-medium-replay-v2,1,adm,2,30,3,0.036641033853515685,0.22210019113529744,0.0015704855125459715,20000,20000,20,,
hopper-medium-replay-v2,1,adm,2,31,2,0.04048721861804167,0.2209002446719592,0.0015620006097330987,20000,20000,20,,
hopper-medium-replay-v2,1,adm,2,32,3,0.040494979088829514,0.22611652963086523,0.001598885314403537,20000,20000,20,,
hopper-medium-replay-v2,1,adm,2,33,2,0.044626519907174825,0.2592211592327748,0.0018329703952053287,20000,20000,20,,
hopper-medium-replay-v2,1,adm,2,34,1,0.05146434636242029,0.30558026289667806,0.00216077876091009,20000,20000,20,,
hopper-medium-replay-v2,1,adm,2,35,2,0.053731895251229386,0.3160088362236421,0.002234519910086064,20000,20000,20,,
hopper-medium-replay-v2,1,adm,2,36,1,0.058844544180722984,0.35603121417699374,0.0025175208585863232,20000,20000,20,,
hopper-medium-replay-v2,1,adm,2,37,1,0.061136720480852544,0.37170498623563303,0.002628351163680684,20000,20000,20,,
hopper-medium-replay-v2,1,adm,2,38,2,0.061871879439261854,0.3620083203756348,0.0025597853818356358,20000,20000,20,,
hopper-medium-replay-v2,1,adm,2,39,1,0.06439626244864098,0.3749035862457712,0.0026509686812554046,20000,20000,20,,
hopper-medium-replay-v2,1,adm,2,40,4,0.06115411731214307,0.33100077104418574,0.0023405288978331955,20000,20000,20,,
hopper-medium-replay-v2,1,adm,2,41,1,0.06176331789449572,0.3420076123971343,0.0024183590194343397,20000,20000,20,,
hopper-medium-replay-v2,1,adm,2,42,5,0.06174268366677286,0.3161581381606246,0.00223557563420691,20000,20000,20,,
hopper-medium-replay-v2,1,adm,2,43,5,0.06374697490362403,0.33549339014621754,0.0023722965121565445,20000,20000,20,,
hopper-medium-replay-v2,1,adm,2,44,1,0.06969073781116714,0.3729372250180507,0.0026370644076715703,20000,20000,20,,
hopper-medium-replay-v2,1,adm,2,45,4,0.0716354421446992,0.37077917377867886,0.0026218046810164916,20000,20000,20,,
hopper-medium-replay-v2,1,adm,2,46,3,0.07290305512422278,0.3710149343636725,0.0026234717601003464,20000,20000,20,,
hopper-medium-replay-v2,1,adm,2,47,4,0.07012702296536633,0.36115850912687547,0.0025537763088683725,20000,20000,20,,
hopper-medium-replay-v2,1,adm,2,48,3,0.07219009324439454,0.37788286990132997,0.002672035398014643,20000,20000,20,,
hopper-medium-replay-v2,1,adm,2,49,3,0.07510238587935802,0.3801812257509873,0.002688287228083368,20000,20000,20,,
hopper-medium-replay-v2,1,adm,2,50,4,0.07821894565098392,0.3936650186288366,0.0027836320418837893,20000,20000,20,,
hopper-medium-replay-v2,1,adm,2,51,3,0.081906237037141,0.40861216649738674,0.002889324338056288,20000,20000,20,,
hopper-medium-replay-v2,1,adm,2,52,1,0.08472847659953633,0.43197399919412915,0.003054517441264409,20000,20000,20,,
hopper-medium-replay-v2,1,adm,2,53,5,0.08381210594396221,0.42369767390384716,0.002995994983903768,20000,20000,20,,
hopper-medium-replay-v2,1,adm,2,54,5,0.08920012675202128,0.44273656528322114,0.0031306202759100623,20000,20000,20,,
hopper-medium-replay-v2,1,adm,2,55,5,0.09394168082816129,0.48419165026391114,0.0034237519929551674,20000,20000,20,,
hopper-medium-replay-v2,1,adm,2,56,5,0.09558970975168629,0.48043678453995314,0.003397201082796611,20000,20000,20,,
hopper-medium-replay-v2,1,adm,2,57,4,0.10246923605542743,0.5376072277606856,0.003801457163644815,20000,20000,20,,
hopper-medium-replay-v2,1,adm,2,58,1,0.10800918016692372,0.5647614692234698,0.003993466646407932,20000,20000,20,,
hopper-medium-replay-v2,1,adm,2,59,3,0.11287988075087503,0.5766981179502241,0.004077871499001229,20000,20000,20,,
hopper-medium-replay-v2,1,adm,2,60,3,0.11613085530032788,0.5942106769543524,0.004201703991278715,20000,20000,20,,
hopper-medium-replay-v2,1,adm,2,61,4,0.1215719677903777,0.6328450671017626,0.00447489038388112,20000,20000,20,,
hopper-medium-replay-v2,1,adm,2,62,2,0.12996900824331678,0.6711606047580758,0.004745822148896996,20000,20000,20,,
hopper-medium-replay-v2,1,adm,2,63,1,0.13577035140965776,0.6887157763266514,0.0048699559575073265,20000,20000,20,,
hopper-medium-replay-v2,1,adm,2,64,5,0.13384383122406204,0.6809570463649982,0.0048150934518145245,20000,20000,20,,
hopper-medium-replay-v2,1,adm,2,65,5,0.1350216639347313,0.6862945923029303,0.004852835601090589,20000,20000,20,,
hopper-medium-replay-v2,1,adm,2,66,3,0.1458156838922593,0.7324965295659721,0.005179532632517112,20000,20000,20,,
hopper-medium-replay-v2,1,adm,2,67,3,0.14469169317241867,0.71977521015286,0.005089579320290596,20000,20000,20,,
hopper-medium-replay-v2,1,adm,2,68,5,0.15133005678999403,0.7381530289567338,0.005219530123286965,20000,20000,20,,
hopper-medium-replay-v2,1,adm,2,69,2,0.1494623583095482,0.7392476107583443,0.005227269985431786,20000,20000,20,,
hopper-medium-replay-v2,1,adm,2,70,4,0.1595708166160222,0.7753693610919568,0.005482689331524034,20000,20000,20,,
hopper-medium-replay-v2,1,adm,2,71,1,0.1663817525060282,0.8134371781992078,0.005751869447739099,20000,20000,20,,
hopper-medium-replay-v2,1,adm,2,72,3,0.1651372895348615,0.7949884872474552,0.005621417502979107,20000,20000,20,,
hopper-medium-replay-v2,1,adm,2,73,2,0.17465674238116663,0.8384480362353997,0.005928722920945952,20000,20000,20,,
hopper-medium-replay-v2,1,adm,2,74,1,0.18328558883730053,0.8764064904288492,0.0061971297245814235,20000,20000,20,,
hopper-medium-replay-v2,1,adm,2,75,1,0.18702933694932225,0.8633625633430667,0.006104895231624826,20000,20000,20,,
hopper-medium-replay-v2,1,adm,2,76,4,0.17902828963977363,0.8599876128954412,0.006081030728147981,20000,20000,20,,
hopper-medium-replay-v2,1,adm,2,77,4,0.18316111130731358,0.8282333399897386,0.005856494111115274,20000,20000,20,,
hopper-medium-replay-v2,1,adm,2,78,1,0.18973976110825178,0.8388951476061323,0.005931884475767858,20000,20000,20,,
hopper-medium-replay-v2,1,adm,2,79,4,0.1964125916689374,0.8403666416454688,0.005942289509904763,20000,20000,20,,
hopper-medium-replay-v2,1,adm,2,80,4,0.1892616853180396,0.8452064865873722,0.0059765123816878755,20000,20000,20,,
hopper-medium-replay-v2,1,adm,2,81,5,0.19368695545654993,0.8732551499664359,0.006174846382473423,20000,20000,20,,
hopper-medium-replay-v2,1,adm,2,82,3,0.20780063971741952,0.8874759273311239,0.006275402463556574,20000,20000,20,,
hopper-medium-replay-v2,1,adm,2,83,3,0.20429613614049758,0.8817067827798061,0.006234608451217751,20000,20000,20,,
hopper-medium-replay-v2,1,adm,2,84,2,0.22025876292197327,0.9202336707689824,0.006507034688769363,20000,20000,20,,
hopper-medium-replay-v2,1,adm,2,85,2,0.21123606672977321,0.8811967578754857,0.006231002030533561,20000,20000,20,,
hopper-medium-replay-v2,1,adm,2,86,3,0.21614257014672003,0.891902103826563,0.006306700257703108,20000,20000,20,,
hopper-medium-replay-v2,1,adm,2,87,2,0.22817740766773703,0.9361324532262767,0.006619456057650987,20000,20000,20,,
hopper-medium-replay-v2,1,adm,2,88,2,0.23409660795041645,0.9698497312480973,0.006857873216974802,20000,20000,20,,
hopper-medium-replay-v2,1,adm,2,89,2,0.2440811759665374,0.9844362673319961,0.0069610156027642735,20000,20000,20,,
hopper-medium-replay-v2,1,adm,2,90,1,0.2594498281633668,1.0564106744318664,0.007469951516086268,20000,20000,20,,
hopper-medium-replay-v2,1,adm,2,91,2,0.2699506559107809,1.105321729117206,0.007815804900516164,20000,20000,20,,
hopper-medium-replay-v2,1,adm,2,92,2,0.2729314933846881,1.0776034167776485,0.007619806834332686,20000,20000,20,,
hopper-medium-replay-v2,1,adm,2,93,2,0.27840309861944973,1.067250481261537,0.007546600525246392,20000,20000,20,,
hopper-medium-replay-v2,1,adm,2,94,3,0.29108940763067703,1.1298449222787286,0.007989210062324767,20000,20000,20,,
hopper-medium-replay-v2,1,adm,2,95,4,0.29347648261903614,1.1296039952292554,0.007987506450820228,20000,20000,20,,
hopper-medium-replay-v2,1,adm,2,96,4,0.28875426920065195,1.0807744977204445,0.007642229762716111,20000,20000,20,,
hopper-medium-replay-v2,1,adm,2,97,5,0.27809627185409863,1.0296013648910656,0.007280381070333974,20000,20000,20,,
hopper-medium-replay-v2,1,adm,2,98,3,0.2823271567563858,1.0544277414434924,0.00745593006245909,20000,20000,20,,
hopper-medium-replay-v2,1,adm,2,99,3,0.2975660079129483,1.0987004896977048,0.007768985667582276,20000,20000,20,,
hopper-medium-replay-v2,1,adm,2,100,1,0.3053942206495318,1.1403234426171398,0.008063304390205684,20000,20000,20,,
hopper-medium-replay-v2,1,adm,3,1,4,0.00332010138237559,0.02806938305696425,0.00019848051103302204,20000,20000,20,,
hopper-medium-replay-v2,1,adm,3,2,1,0.00599906097380682,0.05276226865337397,0.0003730855795558714,20000,20000,20,,
hopper-medium-replay-v2,1,adm,3,3,2,0.006969751976998367,0.06670401986451405,0.0004716686477860005,20000,20000,20,,
hopper-medium-replay-v2,1,adm,3,4,4,0.0031425586987580394,0.024687297204268432,0.00017456555262305906,20000,20000,20,,
hopper-medium-replay-v2,1,adm,3,5,1,0.005717760322144093,0.05207057820403298,0.0003681945894837616,20000,20000,20,,
hopper-medium-replay-v2,1,adm,3,6,2,0.006641020304062094,0.058303813822642526,0.0004122702212302849,20000,20000,20,,
hopper-medium-replay-v2,1,adm,3,7,3,0.007773615976274741,0.07827568622797823,0.0005534926853383385,20000,20000,20,,
hopper-medium-replay-v2,1,adm,3,8,3,0.011135142808606504,0.10920672806946825,0.0007722081796911628,20000,20000,20,,
hopper-medium-replay-v2,1,adm,3,9,1,0.013113482897540274,0.11529503399552793,0.0008152590037537132,20000,20000,20,,
hopper-medium-replay-v2,1,adm,3,10,1,0.01582459292958367,0.145279687074927,0.001027282518993405,20000,20000,20,,
hopper-medium-replay-v2,1,adm,3,11,4,0.012404043706421595,0.10974684433126955,0.0007760273784046511,20000,20000,20,,
hopper-medium-replay-v2,1,adm,3,12,1,0.014355687186890748,0.13621619116402828,0.0009631939247948747,20000,20000,20,,
hopper-medium-replay-v2,1,adm,3,13,3,0.020937683539749962,0.18609679827661563,0.0013159030801849993,20000,20000,20,,
hopper-medium-replay-v2,1,adm,3,14,3,0.013490600765482546,0.11226820984710634,0.0007938561249456322,20000,20000,20,,
hopper-medium-replay-v2,1,adm,3,15,3,0.01635610004424069,0.1320806423889352,0.0009339511789669142,20000,20000,20,,
hopper-medium-replay-v2,1,adm,3,16,4,0.01680304822738442,0.12858358102598597,0.0009092232209272456,20000,20000,20,,
hopper-medium-replay-v2,1,adm,3,17,1,0.018826379811267335,0.14538724588616525,0.0010280430746414343,20000,20000,20,,
hopper-medium-replay-v2,1,adm,3,18,4,0.0165703282319464,0.12761875307577447,0.0009024008570645169,20000,20000,20,,
hopper-medium-replay-v2,1,adm,3,19,1,0.0189595726938306,0.14849696143215266,0.0010500320841427236,20000,20000,20,,
hopper-medium-replay-v2,1,adm,3,20,2,0.018102866883532395,0.12445047193531676,0.000879997726273286,20000,20000,20,,
hopper-medium-replay-v2,1,adm,3,21,4,0.022504249795643808,0.17099375386477308,0.0012091084289832447,20000,20000,20,,
hopper-medium-replay-v2,1,adm,3,22,1,0.024557822339336642,0.18824146211202145,0.0013310681435988092,20000,20000,20,,
hopper-medium-replay-v2,1,adm,3,23,4,0.021822740312714098,0.14209908849886085,0.0010047922907797185,20000,20000,20,,
hopper-medium-replay-v2,1,adm,3,24,5,0.020891809876829804,0.12481509107892402,0.0008825759729632372,20000,20000,20,,
hopper-medium-replay-v2,1,adm,3,25,4,0.022645454728346382,0.15359571256417187,0.0010860856991530572,20000,20000,20,,
hopper-medium-replay-v2,1,adm,3,26,3,0.02339262974386386,0.14387033085022174,0.0010173168655574394,20000,20000,20,,
hopper-medium-replay-v2,1,adm,3,27,2,0.024236234988154224,0.14656770398268248,0.0010363901738909733,20000,20000,20,,
hopper-medium-replay-v2,1,adm,3,28,4,0.02571951596612181,0.16527001971030905,0.0011686355166399388,20000,20000,20,,
hopper-medium-replay-v2,1,adm,3,29,1,0.027689509842901104,0.17584593468957294,0.0012434185286308377,20000,20000,20,,
hopper-medium-replay-v2,1,adm,3,30,4,0.027921901308310237,0.17346231667109901,0.0012265638039846243,20000,20000,20,,
hopper-medium-replay-v2,1,adm,3,31,1,0.031510128256600815,0.20003988639858633,0.0014144956018022701,20000,20000,20,,
hopper-medium-replay-v2,1,adm,3,32,4,0.02712167504896824,0.15851825093350996,0.0011208933017691565,20000,20000,20,,
hopper-medium-replay-v2,1,adm,3,33,1,0.03183846157861277,0.18729982140457987,0.001324409738302077,20000,20000,20,,
hopper-medium-replay-v2,1,adm,3,34,2,0.03258371639311959,0.1840833010186351,0.0013016655045348137,20000,20000,20,,
hopper-medium-replay-v2,1,adm,3,35,4,0.035116330606515804,0.19875923448652213,0.001405440025288669,20000,20000,20,,
hopper-medium-replay-v2,1,adm,3,36,3,0.0378336812327362,0.21704127627889083,0.0015347135825418666,20000,20000,20,,
hopper-medium-replay-v2,1,adm,3,37,3,0.03922217850455712,0.22911081848565817,0.001620058133944091,20000,20000,20,,
hopper-medium-replay-v2,1,adm,3,38,2,0.041281124214681,0.2378208472576454,0.001681647338034112,20000,20000,20,,
hopper-medium-replay-v2,1,adm,3,39,1,0.04441418522877828,0.25194762856863506,0.0017815387666475137,20000,20000,20,,
hopper-medium-replay-v2,1,adm,3,40,3,0.04592998607778389,0.24570894238785138,0.0017374245936062442,20000,20000,20,,
hopper-medium-replay-v2,1,adm,3,41,1,0.04726426989980841,0.2822157476608278,0.0019955666892860287,20000,20000,20,,
hopper-medium-replay-v2,1,adm,3,42,5,0.04540548128402476,0.2527189098975334,0.0017869925492261793,20000,20000,20,,
hopper-medium-replay-v2,1,adm,3,43,1,0.048258350652814,0.2477762052074477,0.0017520423491885582,20000,20000,20,,
hopper-medium-replay-v2,1,adm,3,44,3,0.05210233653490775,0.25135112435851287,0.0017773208449276764,20000,20000,20,,
hopper-medium-replay-v2,1,adm,3,45,2,0.05248387182701459,0.2803328645654835,0.001982252695237034,20000,20000,20,,
hopper-medium-replay-v2,1,adm,3,46,1,0.05542433458520107,0.28849512232669994,0.002039968573364521,20000,20000,20,,
hopper-medium-replay-v2,1,adm,3,47,2,0.05518390227589886,0.27825679986483076,0.0019675727009568983,20000,20000,20,,
hopper-medium-replay-v2,1,adm,3,48,5,0.05341090418808144,0.27960899875897294,0.0019771341910325073,20000,20000,20,,
hopper-medium-replay-v2,1,adm,3,49,3,0.060402048753336046,0.30232666844121836,0.0021377723738832248,20000,20000,20,,
hopper-medium-replay-v2,1,adm,3,50,2,0.061687252630918746,0.3240810249333446,0.0022915989038425457,20000,20000,20,,
hopper-medium-replay-v2,1,adm,3,51,5,0.06537426179746068,0.3395245458680642,0.002400801087625912,20000,20000,20,,
hopper-medium-replay-v2,1,adm,3,52,2,0.06638428516482639,0.34938285951548914,0.0024705098919374923,20000,20000,20,,
hopper-medium-replay-v2,1,adm,3,53,5,0.07106578117073212,0.4006301690452738,0.0028328830927982595,20000,20000,20,,
hopper-medium-replay-v2,1,adm,3,54,3,0.07861566682183085,0.42605770606637405,0.0030126829313631793,20000,20000,20,,
hopper-medium-replay-v2,1,adm,3,55,1,0.0823028737838617,0.4348035633118501,0.0030745254810188353,20000,20000,20,,
hopper-medium-replay-v2,1,adm,3,56,2,0.08466228609361738,0.45829276387770146,0.003240619211066479,20000,20000,20,,
hopper-medium-replay-v2,1,adm,3,57,4,0.08085299691698374,0.42336070597249537,0.0029936122608107555,20000,20000,20,,
hopper-medium-replay-v2,1,adm,3,58,4,0.08507524088234726,0.4330030144637771,0.003061793678015535,20000,20000,20,,
hopper-medium-replay-v2,1,adm,3,59,4,0.0921256121263869,0.48751614521420183,0.0034472597221888775,20000,20000,20,,
hopper-medium-replay-v2,1,adm,3,60,3,0.09323586018037913,0.5093473154936852,0.003601629407647486,20000,20000,20,,
hopper-medium-replay-v2,1,adm,3,61,5,0.10148710728831858,0.529177943210891,0.003741853120987707,20000,20000,20,,
hopper-medium-replay-v2,1,adm,3,62,4,0.10261526932136218,0.5399666111084812,0.0038181405232912643,20000,20000,20,,
hopper-medium-replay-v2,1,adm,3,63,4,0.11003843248067506,0.5683720184208112,0.004018997084620409,20000,20000,20,,
hopper-medium-replay-v2,1,adm,3,64,5,0.10891516395267709,0.5465990522376665,0.003865038964273939,20000,20000,20,,
hopper-medium-replay-v2,1,adm,3,65,2,0.11289773801112699,0.5765697577784096,0.004076963855521985,20000,20000,20,,
hopper-medium-replay-v2,1,adm,3,66,1,0.1194519657211884,0.6092254885192465,0.004307874742036463,20000,20000,20,,
hopper-medium-replay-v2,1,adm,3,67,2,0.1254777920312173,0.6378930121317513,0.00451058474549874,20000,20000,20,,
hopper-medium-replay-v2,1,adm,3,68,1,0.12820599640209498,0.6502683066230821,0.004598091292038745,20000,20000,20,,
hopper-medium-replay-v2,1,adm,3,69,1,0.12608795488247135,0.613543609796479,0.004338408470407634,20000,20000,20,,
hopper-medium-replay-v2,1,adm,3,70,1,0.13308147793752031,0.653003360642209,0.004617431044477106,20000,20000,20,,
hopper-medium-replay-v2,1,adm,3,71,2,0.14025239953185167,0.6835124885123037,0.004833163156527421,20000,20000,20,,
hopper-medium-replay-v2,1,adm,3,72,2,0.1478455247523729,0.6961042190949104,0.0049222001373457735,20000,20000,20,,
hopper-medium-replay-v2,1,adm,3,73,4,0.14849260811207388,0.7148439259703094,0.005054709875436202,20000,20000,20,,
hopper-medium-replay-v2,1,adm,3,74,4,0.1590615416702481,0.7496122899627599,0.00530055933493444,20000,20000,20,,
hopper-medium-replay-v2,1,adm,3,75,3,0.1695032515108318,0.7994845925841948,0.005653209768704483,20000,20000,20,,
hopper-medium-replay-v2,1,adm,3,76,2,0.16427752924396927,0.7991860781995581,0.0056510989532479,20000,20000,20,,
hopper-medium-replay-v2,1,adm,3,77,4,0.15950115287690536,0.7739101191508252,0.005472370932804374,20000,20000,20,,
hopper-medium-replay-v2,1,adm,3,78,5,0.15854856253066738,0.7589012717532159,0.005366242355077939,20000,20000,20,,
hopper-medium-replay-v2,1,adm,3,79,3,0.16601130477525503,0.7451782892537554,0.00526920621524321,20000,20000,20,,
hopper-medium-replay-v2,1,adm,3,80,2,0.1663612387922307,0.7747079044638935,0.0054780121268523906,20000,20000,20,,
hopper-medium-replay-v2,1,adm,3,81,4,0.17390083040337895,0.8239309899553448,0.005826071902271694,20000,20000,20,,
hopper-medium-replay-v2,1,adm,3,82,5,0.18149190677964547,0.8246244518076417,0.005830975418054228,20000,20000,20,,
hopper-medium-replay-v2,1,adm,3,83,5,0.1818436752415051,0.8056144198629757,0.005696554193067765,20000,20000,20,,
hopper-medium-replay-v2,1,adm,3,84,3,0.18160142244690958,0.7756046170806781,0.00548435284257343,20000,20000,20,,
hopper-medium-replay-v2,1,adm,3,85,3,0.1793281483504208,0.7707762765298146,0.005450211319119495,20000,20000,20,,
hopper-medium-replay-v2,1,adm,3,86,2,0.18835761194122458,0.7908167564658004,0.0055919189117291795,20000,20000,20,,
hopper-medium-replay-v2,1,adm,3,87,3,0.18992495868522902,0.7859574819690196,0.005557558652245974,20000,20000,20,,
hopper-medium-replay-v2,1,adm,3,88,4,0.1948324910322996,0.7925232559056677,0.005603985684989392,20000,20000,20,,
hopper-medium-replay-v2,1,adm,3,89,3,0.2064550602000874,0.837533381540887,0.005922255335576612,20000,20000,20,,
hopper-medium-replay-v2,1,adm,3,90,4,0.21692570101327638,0.88781566710641,0.006277804786546009,20000,20000,20,,
hopper-medium-replay-v2,1,adm,3,91,4,0.22017327510227705,0.8984168016061624,0.006352766127476465,20000,20000,20,,
hopper-medium-replay-v2,1,adm,3,92,2,0.22817192721495752,0.9105839627265153,0.006438800948836374,20000,20000,20,,
hopper-medium-replay-v2,1,adm,3,93,3,0.23140449618355305,0.9390185472334704,0.0066398638240872734,20000,20000,20,,
hopper-medium-replay-v2,1,adm,3,94,3,0.23976114114567754,0.9761953257443988,0.006902743345964751,20000,20000,20,,
hopper-medium-replay-v2,1,adm,3,95,5,0.24694398286311406,1.0231129744474772,0.0072345012215175005,20000,20000,20,,
hopper-medium-replay-v2,1,adm,3,96,4,0.25290080392065967,1.043878789828623,0.007381337710246261,20000,20000,20,,
hopper-medium-replay-v2,1,adm,3,97,5,0.25130043783974365,1.0256016400292762,0.007252098744607457,20000,20000,20,,
hopper-medium-replay-v2,1,adm,3,98,3,0.25319758303024686,1.020406705073256,0.0072153650072552065,20000,20000,20,,
hopper-medium-replay-v2,1,adm,3,99,1,0.26053275865529324,1.0413975385467338,0.007363792614173744,20000,20000,20,,
hopper-medium-replay-v2,1,adm,3,100,2,0.26986164943953306,1.0460158813814426,0.007396449229536414,20000,20000,20,,
hopper-medium-replay-v2,1,adm,4,1,2,0.001711742793662846,0.01138203745824294,8.048315870442877e-05,20000,20000,20,,
hopper-medium-replay-v2,1,adm,4,2,3,0.00218924229974204,0.01593889554416735,0.0001127050112390478,20000,20000,20,,
hopper-medium-replay-v2,1,adm,4,3,3,0.002170109016755225,0.014004600267149123,9.90274781670808e-05,20000,20000,20,,
hopper-medium-replay-v2,1,adm,4,4,3,0.0061164711031631005,0.05298791086890847,0.00037468111096313546,20000,20000,20,,
hopper-medium-replay-v2,1,adm,4,5,2,0.005789871344881945,0.04877032309165856,0.00034485826178770634,20000,20000,20,,
hopper-medium-replay-v2,1,adm,4,6,3,0.007204748301424489,0.06566576908882121,0.00046432710614535455,20000,20000,20,,
hopper-medium-replay-v2,1,adm,4,7,4,0.008273183481442162,0.07697203200867667,0.0005442744579504326,20000,20000,20,,
hopper-medium-replay-v2,1,adm,4,8,1,0.011215795631276476,0.11214926370268538,0.0007930150486924717,20000,20000,20,,
hopper-medium-replay-v2,1,adm,4,9,5,0.012775692579861102,0.11379462596462693,0.0008046495168217447,20000,20000,20,,
hopper-medium-replay-v2,1,adm,4,10,4,0.01197758385759813,0.11839031955129721,0.0008371459778156455,20000,20000,20,,
hopper-medium-replay-v2,1,adm,4,11,2,0.013395359952049558,0.12129630843309755,0.0008576944222593828,20000,20000,20,,
hopper-medium-replay-v2,1,adm,4,12,1,0.014620771824769244,0.12121875076129547,0.00085714600670274,20000,20000,20,,
hopper-medium-replay-v2,1,adm,4,13,4,0.013327688345341107,0.11785990035439585,0.0008333953477056408,20000,20000,20,,
hopper-medium-replay-v2,1,adm,4,14,4,0.014274505897481478,0.12298291132118942,0.0008696205056527687,20000,20000,20,,
hopper-medium-replay-v2,1,adm,4,15,1,0.01637206981108556,0.14047409200146027,0.0009933018303525552,20000,20000,20,,
hopper-medium-replay-v2,1,adm,4,16,1,0.017957456852313022,0.13633296043299303,0.0009640196082140664,20000,20000,20,,
hopper-medium-replay-v2,1,adm,4,17,3,0.016069488369715165,0.12127780586142568,0.0008575635893203972,20000,20000,20,,
hopper-medium-replay-v2,1,adm,4,18,3,0.018571825213561204,0.14409599164646122,0.0010189125283501283,20000,20000,20,,
hopper-medium-replay-v2,1,adm,4,19,5,0.01742661314701274,0.12732070822117034,0.0009002933616866335,20000,20000,20,,
hopper-medium-replay-v2,1,adm,4,20,4,0.021745693307874386,0.15007885832062542,0.0010612177843124934,20000,20000,20,,
hopper-medium-replay-v2,1,adm,4,21,2,0.017908404320332957,0.1165214570467388,0.0008239311243148602,20000,20000,20,,
hopper-medium-replay-v2,1,adm,4,22,1,0.019994513888701028,0.1230353896526511,0.0008699915834931877,20000,20000,20,,
hopper-medium-replay-v2,1,adm,4,23,4,0.01809362843034825,0.10915268487988602,0.0007718260366328574,20000,20000,20,,
hopper-medium-replay-v2,1,adm,4,24,4,0.025796628314003596,0.19226151559212684,0.0013594942143639603,20000,20000,20,,
hopper-medium-replay-v2,1,adm,4,25,4,0.02080800337222252,0.12724375489067707,0.0008997492194683668,20000,20000,20,,
hopper-medium-replay-v2,1,adm,4,26,2,0.024644419373987883,0.1569431986388178,0.001109756000186154,20000,20000,20,,
hopper-medium-replay-v2,1,adm,4,27,5,0.023786990877182695,0.13352160332847945,0.0009441403114846811,20000,20000,20,,
hopper-medium-replay-v2,1,adm,4,28,4,0.02450330377114133,0.15053992064456032,0.0010644779872705334,20000,20000,20,,
hopper-medium-replay-v2,1,adm,4,29,4,0.025754113565920066,0.16434728230914164,0.0011621107779037397,20000,20000,20,,
hopper-medium-replay-v2,1,adm,4,30,3,0.02965991577135089,0.18623702312566845,0.0013168946196015603,20000,20000,20,,
hopper-medium-replay-v2,1,adm,4,31,3,0.030182676725082132,0.18011182751985064,0.001273582946111882,20000,20000,20,,
hopper-medium-replay-v2,1,adm,4,32,5,0.028905397645359744,0.1574423201430226,0.0011132853221887463,20000,20000,20,,
hopper-medium-replay-v2,1,adm,4,33,5,0.03029833772682631,0.1674736819804628,0.0011842177619866457,20000,20000,20,,
hopper-medium-replay-v2,1,adm,4,34,3,0.0347855419035551,0.19909024020393465,0.001407780589162608,20000,20000,20,,
hopper-medium-replay-v2,1,adm,4,35,1,0.037548033071501244,0.2113653846539394,0.0014945789679690358,20000,20000,20,,
hopper-medium-replay-v2,1,adm,4,36,4,0.033830935295638395,0.19313414775277904,0.0013656646555467466,20000,20000,20,,
hopper-medium-replay-v2,1,adm,4,37,5,0.03610436882275796,0.20639608766277967,0.0014594407319672461,20000,20000,20,,
hopper-medium-replay-v2,1,adm,4,38,2,0.040744998087576347,0.23126033740596497,0.001635257527992468,20000,20000,20,,
hopper-medium-replay-v2,1,adm,4,39,4,0.04413864920770595,0.24015043895765045,0.0016981200389188068,20000,20000,20,,
hopper-medium-replay-v2,1,adm,4,40,5,0.04443308584312273,0.2408222596601505,0.0017028705286635997,20000,20000,20,,
hopper-medium-replay-v2,1,adm,4,41,2,0.047913925350813166,0.25435134249563623,0.0017985355908256644,20000,20000,20,,
hopper-medium-replay-v2,1,adm,4,42,2,0.04801546425262944,0.25424975733493854,0.001797817275265692,20000,20000,20,,
hopper-medium-replay-v2,1,adm,4,43,1,0.04982512517976469,0.2734702274481214,0.0019337265228119415,20000,20000,20,,
hopper-medium-replay-v2,1,adm,4,44,5,0.049691110333691245,0.26118136694853566,0.0018468311568888157,20000,20000,20,,
hopper-medium-replay-v2,1,adm,4,45,1,0.055022958958628215,0.2995589062691153,0.002118201339877168,20000,20000,20,,
hopper-medium-replay-v2,1,adm,4,46,3,0.05717158397749293,0.3009342281655626,0.0021279263342700904,20000,20000,20,,
hopper-medium-replay-v2,1,adm,4,47,1,0.05964534787328704,0.3108540458388871,0.0021980700377195093,20000,20000,20,,
hopper-medium-replay-v2,1,adm,4,48,5,0.05847373254235076,0.3055709022322977,0.0021607125710174924,20000,20000,20,,
hopper-medium-replay-v2,1,adm,4,49,3,0.0666273459423971,0.346653070175897,0.0024512073664051293,20000,20000,20,,
hopper-medium-replay-v2,1,adm,4,50,3,0.07013071838568599,0.35603615337172095,0.0025175557839671753,20000,20000,20,,
hopper-medium-replay-v2,1,adm,4,51,1,0.07402447299362436,0.3782079692438769,0.0026743341975113853,20000,20000,20,,
hopper-medium-replay-v2,1,adm,4,52,2,0.07821809220461431,0.4369783114858978,0.0030899032728312573,20000,20000,20,,
hopper-medium-replay-v2,1,adm,4,53,3,0.08203094325149465,0.46355789110349416,0.0032778492827181586,20000,20000,20,,
hopper-medium-replay-v2,1,adm,4,54,5,0.079270614858749,0.4434348932500049,0.0031355582003181125,20000,20000,20,,
hopper-medium-replay-v2,1,adm,4,55,5,0.08515401896190491,0.4639902145026304,0.003280906270790107,20000,20000,20,,
hopper-medium-replay-v2,1,adm,4,56,3,0.09149644157524182,0.48313313065894686,0.003416267129048276,20000,20000,20,,
hopper-medium-replay-v2,1,adm,4,57,5,0.0899973193247037,0.4740213674918429,0.0033518372338080258,20000,20000,20,,
hopper-medium-replay-v2,1,adm,4,58,5,0.09053779777307489,0.4557898236989671,0.003222920751333606,20000,20000,20,,
hopper-medium-replay-v2,1,adm,4,59,4,0.09035945166075629,0.4536690750402383,0.0032079247937558115,20000,20000,20,,
hopper-medium-replay-v2,1,adm,4,60,2,0.09642387118506097,0.4968842821978257,0.0035135024540709266,20000,20000,20,,
hopper-medium-replay-v2,1,adm,4,61,3,0.10160675960023129,0.525003545765245,0.0037123356735758667,20000,20000,20,,
hopper-medium-replay-v2,1,adm,4,62,2,0.1118549247309636,0.5930392573650394,0.004193420803926535,20000,20000,20,,
hopper-medium-replay-v2,1,adm,4,63,4,0.1143513107194739,0.5970461478859646,0.004221753798514718,20000,20000,20,,
hopper-medium-replay-v2,1,adm,4,64,3,0.11828030904446574,0.6020374481973823,0.004257047621486138,20000,20000,20,,
hopper-medium-replay-v2,1,adm,4,65,3,0.12018357887263208,0.6081217480415105,0.0043000701182716915,20000,20000,20,,
hopper-medium-replay-v2,1,adm,4,66,3,0.1190762367843666,0.5967043424616301,0.004219336869180785,20000,20000,20,,
hopper-medium-replay-v2,1,adm,4,67,3,0.1243437330466669,0.6367749034662924,0.004502678523304245,20000,20000,20,,
hopper-medium-replay-v2,1,adm,4,68,2,0.12662349383296287,0.6262505271065256,0.00442825994438674,20000,20000,20,,
hopper-medium-replay-v2,1,adm,4,69,1,0.12841208107324162,0.6150219092781142,0.004348861626288522,20000,20000,20,,
hopper-medium-replay-v2,1,adm,4,70,5,0.1328123506091673,0.6523891092674179,0.004613087631352427,20000,20000,20,,
hopper-medium-replay-v2,1,adm,4,71,3,0.13658332911275242,0.676206405060584,0.004781501345001163,20000,20000,20,,
hopper-medium-replay-v2,1,adm,4,72,1,0.14451234575265584,0.7163205955360954,0.005065151506071592,20000,20000,20,,
hopper-medium-replay-v2,1,adm,4,73,4,0.15080296617299316,0.7384614462817833,0.005221710963106744,20000,20000,20,,
hopper-medium-replay-v2,1,adm,4,74,1,0.15975324697324503,0.763175703287651,0.005396467150315106,20000,20000,20,,
hopper-medium-replay-v2,1,adm,4,75,4,0.1607444430872446,0.787826242290015,0.0055707727831998555,20000,20000,20,,
hopper-medium-replay-v2,1,adm,4,76,4,0.16253623245607723,0.7865722122523097,0.005561905451765125,20000,20000,20,,
hopper-medium-replay-v2,1,adm,4,77,5,0.16322736363186233,0.7775514977596915,0.005498119367876344,20000,20000,20,,
hopper-medium-replay-v2,1,adm,4,78,5,0.16524874736938058,0.7772600672153068,0.005496058642734552,20000,20000,20,,
hopper-medium-replay-v2,1,adm,4,79,4,0.16904373173126735,0.784473483737336,0.005547065200117051,20000,20000,20,,
hopper-medium-replay-v2,1,adm,4,80,3,0.17465581590617332,0.7959763415505555,0.0056284026877445725,20000,20000,20,,
hopper-medium-replay-v2,1,adm,4,81,5,0.17688414081635678,0.7852854109772173,0.005552806392688552,20000,20000,20,,
hopper-medium-replay-v2,1,adm,4,82,3,0.17354865422390306,0.7574504141718102,0.00535598324273446,20000,20000,20,,
hopper-medium-replay-v2,1,adm,4,83,1,0.18415742089765386,0.8047144072499522,0.0056901901428495424,20000,20000,20,,
hopper-medium-replay-v2,1,adm,4,84,3,0.18492950874969408,0.8115865277093004,0.005738783372628902,20000,20000,20,,
hopper-medium-replay-v2,1,adm,4,85,3,0.19451511997635043,0.855408497990702,0.0060486514961382454,20000,20000,20,,
hopper-medium-replay-v2,1,adm,4,86,4,0.19973065584414318,0.8479900209990576,0.005996194942269564,20000,20000,20,,
hopper-medium-replay-v2,1,adm,4,87,1,0.20497831575581918,0.8859876590720046,0.006264878817774094,20000,20000,20,,
hopper-medium-replay-v2,1,adm,4,88,4,0.20731174598397478,0.8815815807224373,0.006233723138979911,20000,20000,20,,
hopper-medium-replay-v2,1,adm,4,89,2,0.21295322939169928,0.8593492778929384,0.0060765170180585954,20000,20000,20,,
hopper-medium-replay-v2,1,adm,4,90,4,0.21337681608193407,0.8568347892901288,0.006058736898635966,20000,20000,20,,
hopper-medium-replay-v2,1,adm,4,91,1,0.22854859217370904,0.9319839596970123,0.006590121778588474,20000,20000,20,,
hopper-medium-replay-v2,1,adm,4,92,3,0.23411697320923344,0.9604452284487748,0.006791373339943914,20000,20000,20,,
hopper-medium-replay-v2,1,adm,4,93,4,0.2354661756011922,0.9471000136659768,0.006697008421250841,20000,20000,20,,
hopper-medium-replay-v2,1,adm,4,94,4,0.24008750751165361,0.9865756059226105,0.006976143011011049,20000,20000,20,,
hopper-medium-replay-v2,1,adm,4,95,1,0.2522095258191441,1.0329880127109552,0.007304328286723319,20000,20000,20,,
hopper-medium-replay-v2,1,adm,4,96,2,0.25722457733044723,1.0610406058346948,0.0075026900749999535,20000,20000,20,,
hopper-medium-replay-v2,1,adm,4,97,2,0.25757667907333903,1.0376885842449655,0.007337566346794831,20000,20000,20,,
hopper-medium-replay-v2,1,adm,4,98,2,0.2660156901001646,1.0573023442520835,0.007476256573850817,20000,20000,20,,
hopper-medium-replay-v2,1,adm,4,99,1,0.27495995682419977,1.0862729841061065,0.0076811099328117464,20000,20000,20,,
hopper-medium-replay-v2,1,adm,4,100,3,0.2777409384235988,1.0707826025015337,0.007571576394054138,20000,20000,20,,
hopper-medium-replay-v2,1,adm,5,1,1,0.0021441230492869274,0.015948668193545144,0.00011277411430549976,20000,20000,20,,
hopper-medium-replay-v2,1,adm,5,2,3,0.0021181668951651233,0.014383465065023443,0.00010170645684437882,20000,20000,20,,
hopper-medium-replay-v2,1,adm,5,3,4,0.003374911610640096,0.02994496342431664,0.00021174286699717434,20000,20000,20,,
hopper-medium-replay-v2,1,adm,5,4,2,0.005518055052233385,0.04869672963050666,0.00034433787743339136,20000,20000,20,,
hopper-medium-replay-v2,1,adm,5,5,4,0.006047505607961846,0.04857744683814591,0.00034349442071981984,20000,20000,20,,
hopper-medium-replay-v2,1,adm,5,6,3,0.007793748552943994,0.06926494348826506,0.0004897771123905522,20000,20000,20,,
hopper-medium-replay-v2,1,adm,5,7,3,0.012982205332533085,0.1259504168012226,0.0008906039381341656,20000,20000,20,,
hopper-medium-replay-v2,1,adm,5,8,2,0.012247994078252684,0.11793610431234298,0.0008339341910598175,20000,20000,20,,
hopper-medium-replay-v2,1,adm,5,9,2,0.014664768507381083,0.13406819034711065,0.0009480052653585077,20000,20000,20,,
hopper-medium-replay-v2,1,adm,5,10,1,0.0166431685407316,0.1485542396507995,0.0010504371023109182,20000,20000,20,,
hopper-medium-replay-v2,1,adm,5,11,2,0.016738256079961985,0.14724270567439182,0.001041163156626174,20000,20000,20,,
hopper-medium-replay-v2,1,adm,5,12,3,0.017568524600796644,0.16068913060772635,0.001136243739156941,20000,20000,20,,
hopper-medium-replay-v2,1,adm,5,13,2,0.02082568483811892,0.18394846840313636,0.0013007120939673709,20000,20000,20,,
hopper-medium-replay-v2,1,adm,5,14,3,0.02003838348642978,0.16361038928900626,0.001156900157388272,20000,20000,20,,
hopper-medium-replay-v2,1,adm,5,15,4,0.01888390047611359,0.15376368445280744,0.0010872734397680865,20000,20000,20,,
hopper-medium-replay-v2,1,adm,5,16,1,0.020509486812062484,0.15363335384099497,0.0010863518631739986,20000,20000,20,,
hopper-medium-replay-v2,1,adm,5,17,1,0.021556892255992714,0.1506114327004712,0.001064983653867245,20000,20000,20,,
hopper-medium-replay-v2,1,adm,5,18,4,0.021335619003336727,0.16177546353715133,0.0011439252729671676,20000,20000,20,,
hopper-medium-replay-v2,1,adm,5,19,2,0.02440569028815349,0.17423117584797596,0.0012320004593620961,20000,20000,20,,
hopper-medium-replay-v2,1,adm,5,20,4,0.023101639204599327,0.15737697522050384,0.0011128232638104552,20000,20000,20,,
hopper-medium-replay-v2,1,adm,5,21,3,0.02124941227166504,0.1405974358886813,0.000994174003343274,20000,20000,20,,
hopper-medium-replay-v2,1,adm,5,22,5,0.023552845425110307,0.14088245181053796,0.0009961893702541838,20000,20000,20,,
hopper-medium-replay-v2,1,adm,5,23,1,0.025633911631083684,0.17539117238662152,0.0012402028735483883,20000,20000,20,,
hopper-medium-replay-v2,1,adm,5,24,5,0.028475932577315767,0.18159208534903556,0.0012840499496010935,20000,20000,20,,
hopper-medium-replay-v2,1,adm,5,25,3,0.02871396047037682,0.19933922592588688,0.0014095411840867186,20000,20000,20,,
hopper-medium-replay-v2,1,adm,5,26,5,0.024971432515167088,0.1513682024637201,0.0010703348241811474,20000,20000,20,,
hopper-medium-replay-v2,1,adm,5,27,2,0.02834801575063862,0.16778291105177076,0.0011864043417192643,20000,20000,20,,
hopper-medium-replay-v2,1,adm,5,28,5,0.02873942049192009,0.1612202497601279,0.0011399993186997528,20000,20000,20,,
hopper-medium-replay-v2,1,adm,5,29,4,0.02862075615889846,0.17265718728298354,0.001220870679483934,20000,20000,20,,
hopper-medium-replay-v2,1,adm,5,30,2,0.03268582881478006,0.20092153336926005,0.0014207297873180297,20000,20000,20,,
hopper-medium-replay-v2,1,adm,5,31,1,0.03494389566497192,0.20691541956266535,0.0014631129630482027,20000,20000,20,,
hopper-medium-replay-v2,1,adm,5,32,4,0.03291949220267321,0.17972986229455865,0.001270882044102068,20000,20000,20,,
hopper-medium-replay-v2,1,adm,5,33,2,0.03922335558795,0.2240808569636473,0.001584490934930878,20000,20000,20,,
hopper-medium-replay-v2,1,adm,5,34,3,0.04060097208564825,0.21560103954422669,0.0015245295709259167,20000,20000,20,,
hopper-medium-replay-v2,1,adm,5,35,2,0.04283732461258062,0.2155320788711276,0.0015240419453300812,20000,20000,20,,
hopper-medium-replay-v2,1,adm,5,36,1,0.048910408204422884,0.26757262851133423,0.0018920242008027338,20000,20000,20,,
hopper-medium-replay-v2,1,adm,5,37,5,0.04189123182212191,0.23441084134415285,0.001657534954980944,20000,20000,20,,
hopper-medium-replay-v2,1,adm,5,38,2,0.05616705981550244,0.31047111953032486,0.0021953623398247185,20000,20000,20,,
hopper-medium-replay-v2,1,adm,5,39,5,0.052294327571656744,0.30325577032492546,0.0021443421163070495,20000,20000,20,,
hopper-medium-replay-v2,1,adm,5,40,3,0.048916963321217866,0.28509683331060126,0.0020159390412873694,20000,20000,20,,
hopper-medium-replay-v2,1,adm,5,41,1,0.05247864186610749,0.30737775717674676,0.002173488964855896,20000,20000,20,,
hopper-medium-replay-v2,1,adm,5,42,5,0.04885173084087637,0.2685085051915636,0.0018986418482721792,20000,20000,20,,
hopper-medium-replay-v2,1,adm,5,43,3,0.05211235873957482,0.2767417901320501,0.0019568599644007698,20000,20000,20,,
hopper-medium-replay-v2,1,adm,5,44,2,0.05502644581874445,0.28955503217166706,0.002047463267752747,20000,20000,20,,
hopper-medium-replay-v2,1,adm,5,45,5,0.05689865924360315,0.2968820443019238,0.002099273067384153,20000,20000,20,,
hopper-medium-replay-v2,1,adm,5,46,1,0.0594707598910423,0.31516789808401596,0.0022285735794751837,20000,20000,20,,
hopper-medium-replay-v2,1,adm,5,47,5,0.05614591689863214,0.28483472895776774,0.0020140856836346984,20000,20000,20,,
hopper-medium-replay-v2,1,adm,5,48,3,0.06167786643847063,0.3124107223773238,0.0022090774030839354,20000,20000,20,,
hopper-medium-replay-v2,1,adm,5,49,1,0.06889696456757433,0.3631543422643905,0.0025678889803249093,20000,20000,20,,
hopper-medium-replay-v2,1,adm,5,50,4,0.06907450006232291,0.3592169437363584,0.002540047368330855,20000,20000,20,,
hopper-medium-replay-v2,1,adm,5,51,5,0.07190147083354786,0.39797941232169826,0.0028141394122530986,20000,20000,20,,
hopper-medium-replay-v2,1,adm,5,52,4,0.0722921317808849,0.39135208000062055,0.0027672770959989903,20000,20000,20,,
hopper-medium-replay-v2,1,adm,5,53,5,0.07401150986398704,0.36247042367146615,0.002563052945576546,20000,20000,20,,
hopper-medium-replay-v2,1,adm,5,54,2,0.08156649135844742,0.4174889687970984,0.002952092809070072,20000,20000,20,,
hopper-medium-replay-v2,1,adm,5,55,1,0.08817147218941827,0.45222775843333163,0.003197733146290007,20000,20000,20,,
hopper-medium-replay-v2,1,adm,5,56,3,0.08984516006979273,0.46912601589593567,0.0033172218707104417,20000,20000,20,,
hopper-medium-replay-v2,1,adm,5,57,1,0.09394798755637908,0.48534322941114344,0.0034318948871959773,20000,20000,20,,
hopper-medium-replay-v2,1,adm,5,58,5,0.0928565317601579,0.4926032401894218,0.0034832309157240577,20000,20000,20,,
hopper-medium-replay-v2,1,adm,5,59,3,0.1013098606176673,0.5318830482423846,0.0037609811021036177,20000,20000,20,,
hopper-medium-replay-v2,1,adm,5,60,4,0.10713698178599898,0.5748190520205307,0.004064584496389401,20000,20000,20,,
hopper-medium-replay-v2,1,adm,5,61,3,0.1086623622922003,0.610055059664869,0.004313740695861927,20000,20000,20,,
hopper-medium-replay-v2,1,adm,5,62,4,0.11303775120506603,0.6061513377600435,0.004286137213554241,20000,20000,20,,
hopper-medium-replay-v2,1,adm,5,63,1,0.11786920292169216,0.619534313284388,0.0043807691410114175,20000,20000,20,,
hopper-medium-replay-v2,1,adm,5,64,1,0.12100483237726528,0.6260005264325943,0.00442649217266836,20000,20000,20,,
hopper-medium-replay-v2,1,adm,5,65,2,0.12430052397220541,0.6395241542192892,0.004522118661810508,20000,20000,20,,
hopper-medium-replay-v2,1,adm,5,66,2,0.13055048248967943,0.6737969709966746,0.004764464073347041,20000,20000,20,,
hopper-medium-replay-v2,1,adm,5,67,1,0.13606510765367838,0.7065182281117978,0.004995838301297562,20000,20000,20,,
hopper-medium-replay-v2,1,adm,5,68,2,0.1406664675464013,0.699577296425423,0.004946758502665681,20000,20000,20,,
hopper-medium-replay-v2,1,adm,5,69,4,0.14196858958441388,0.7233632295959515,0.005114950449082988,20000,20000,20,,
hopper-medium-replay-v2,1,adm,5,70,3,0.14722015821290477,0.7466471275347966,0.005279592470333116,20000,20000,20,,
hopper-medium-replay-v2,1,adm,5,71,3,0.14950408388754058,0.7650802304466796,0.005409934191006136,20000,20000,20,,
hopper-medium-replay-v2,1,adm,5,72,3,0.1432196042713872,0.7091405956984045,0.005014381240330096,20000,20000,20,,
hopper-medium-replay-v2,1,adm,5,73,3,0.15064695771119438,0.7386542557115134,0.005223074331659133,20000,20000,20,,
hopper-medium-replay-v2,1,adm,5,74,1,0.1603593549364091,0.7740203207797229,0.005473150175995288,20000,20000,20,,
hopper-medium-replay-v2,1,adm,5,75,1,0.1683693146545111,0.8048550383093909,0.005691184554607287,20000,20000,20,,
hopper-medium-replay-v2,1,adm,5,76,1,0.17383798689723567,0.8138169784493721,0.005754555041062974,20000,20000,20,,
hopper-medium-replay-v2,1,adm,5,77,5,0.16568286310111047,0.7850500306674016,0.005551142002556268,20000,20000,20,,
hopper-medium-replay-v2,1,adm,5,78,2,0.1759208621684636,0.7696637524586291,0.005442344585969809,20000,20000,20,,
hopper-medium-replay-v2,1,adm,5,79,1,0.18090348949019702,0.811055326050341,0.005735027209676624,20000,20000,20,,
hopper-medium-replay-v2,1,adm,5,80,2,0.19007259835297854,0.8258360341701072,0.005839542599098881,20000,20000,20,,
hopper-medium-replay-v2,1,adm,5,81,1,0.1947156048799855,0.8421735610165996,0.005955066359308602,20000,20000,20,,
hopper-medium-replay-v2,1,adm,5,82,4,0.19627822388657887,0.872189609750945,0.0061673118753534165,20000,20000,20,,
hopper-medium-replay-v2,1,adm,5,83,2,0.20113573201871415,0.8626294876929135,0.0060997116039913655,20000,20000,20,,
hopper-medium-replay-v2,1,adm,5,84,3,0.2011535492200319,0.8355003597769635,0.00590787970082091,20000,20000,20,,
hopper-medium-replay-v2,1,adm,5,85,2,0.20879771483314538,0.8623037550689369,0.00609740832651869,20000,20000,20,,
hopper-medium-replay-v2,1,adm,5,86,3,0.21312140295782284,0.8715641215062063,0.006162889005559345,20000,20000,20,,
hopper-medium-replay-v2,1,adm,5,87,5,0.21236601494390417,0.8886522866691255,0.006283720580206704,20000,20000,20,,
hopper-medium-replay-v2,1,adm,5,88,5,0.22459245716999968,0.9223317955212069,0.006521870671170095,20000,20000,20,,
hopper-medium-replay-v2,1,adm,5,89,1,0.2294538768483786,0.9373830216010978,0.006628298911432721,20000,20000,20,,
hopper-medium-replay-v2,1,adm,5,90,5,0.2331111353041065,0.9280352122509381,0.006562199917625353,20000,20000,20,,
hopper-medium-replay-v2,1,adm,5,91,5,0.24015705896582426,0.9450632838867314,0.006682606566867351,20000,20000,20,,
hopper-medium-replay-v2,1,adm,5,92,2,0.24462511865320608,0.9664029462621936,0.006833500766606557,20000,20000,20,,
hopper-medium-replay-v2,1,adm,5,93,3,0.24488994253287055,0.9395241275233268,0.00664343881660119,20000,20000,20,,
hopper-medium-replay-v2,1,adm,5,94,5,0.24961134192899562,0.9787830546531149,0.006921041352557006,20000,20000,20,,
hopper-medium-replay-v2,1,adm,5,95,3,0.2615772888707341,1.029303622218664,0.007278275711706936,20000,20000,20,,
hopper-medium-replay-v2,1,adm,5,96,5,0.2644151854884761,1.0398144232954307,0.007352598298877782,20000,20000,20,,
hopper-medium-replay-v2,1,adm,5,97,2,0.2723495837712659,1.0680426970179546,0.007552202336581649,20000,20000,20,,
hopper-medium-replay-v2,1,adm,5,98,1,0.27909986157027644,1.0744369185333666,0.0075974163105212164,20000,20000,20,,
hopper-medium-replay-v2,1,adm,5,99,4,0.2832124762843124,1.079872169937975,0.007635849341777739,20000,20000,20,,
hopper-medium-replay-v2,1,adm,5,100,1,0.28849075677726205,1.0955615285600173,0.007746789860518877,20000,20000,20,,
hopper-medium-replay-v2,1,adm,6,1,4,0.003341229517035174,0.027066803946591635,0.0001913912061568175,20000,20000,20,,
hopper-medium-replay-v2,1,adm,6,2,4,0.003445277530187,0.028700182884328823,0.00020294093938802996,20000,20000,20,,
hopper-medium-replay-v2,1,adm,6,3,5,0.004626951678800279,0.037235873872954274,0.0002632973891897296,20000,20000,20,,
hopper-medium-replay-v2,1,adm,6,4,2,0.006811757532790444,0.059609751103055955,0.00042150459229813145,20000,20000,20,,
hopper-medium-replay-v2,1,adm,6,5,2,0.007655920813146467,0.06822691899644488,0.0004824371708185145,20000,20000,20,,
hopper-medium-replay-v2,1,adm,6,6,4,0.009744655397318532,0.10208802398722426,0.000721871340393012,20000,20000,20,,
hopper-medium-replay-v2,1,adm,6,7,2,0.010801138878010784,0.10237268974240754,0.0007238842312516289,20000,20000,20,,
hopper-medium-replay-v2,1,adm,6,8,5,0.009893156717731319,0.08628237996279609,0.000610108559686074,20000,20000,20,,
hopper-medium-replay-v2,1,adm,6,9,1,0.011266388444866098,0.09412891732734309,0.0006655919574791221,20000,20000,20,,
hopper-medium-replay-v2,1,adm,6,10,3,0.014645563976336916,0.1264737661034282,0.0008943045765393539,20000,20000,20,,
hopper-medium-replay-v2,1,adm,6,11,5,0.01154625987296196,0.09348258522191291,0.0006610216993326396,20000,20000,20,,
hopper-medium-replay-v2,1,adm,6,12,3,0.01448377870830235,0.12035002098920242,0.0008510031595740836,20000,20000,20,,
hopper-medium-replay-v2,1,adm,6,13,1,0.0163728511738616,0.12321488704613039,0.0008712608217345329,20000,20000,20,,
hopper-medium-replay-v2,1,adm,6,14,1,0.02018039508207277,0.15850454975605355,0.0011207964198142598,20000,20000,20,,
hopper-medium-replay-v2,1,adm,6,15,3,0.01719030133835081,0.12659708811695983,0.0008951765948597318,20000,20000,20,,
hopper-medium-replay-v2,1,adm,6,16,2,0.02144725691002856,0.158365860838237,0.0011198157410716248,20000,20000,20,,
hopper-medium-replay-v2,1,adm,6,17,4,0.020944843011143605,0.15585600650297513,0.0011020683908690835,20000,20000,20,,
hopper-medium-replay-v2,1,adm,6,18,3,0.02155229024499565,0.16705724177697615,0.0011812730850682043,20000,20000,20,,
hopper-medium-replay-v2,1,adm,6,19,1,0.02219806074038479,0.14836656255307984,0.0010491100248262084,20000,20000,20,,
hopper-medium-replay-v2,1,adm,6,20,2,0.02211074913019533,0.1591388354426719,0.001125281496916434,20000,20000,20,,
hopper-medium-replay-v2,1,adm,6,21,1,0.022888398146969472,0.15297281333735707,0.0010816811364802912,20000,20000,20,,
hopper-medium-replay-v2,1,adm,6,22,1,0.024543524202626822,0.15506980063705395,0.0010965090758770686,20000,20000,20,,
hopper-medium-replay-v2,1,adm,6,23,3,0.02497562039811935,0.17448892697196416,0.0012338230350384012,20000,20000,20,,
hopper-medium-replay-v2,1,adm,6,24,2,0.030808361363581286,0.19582069880133282,0.0013846614401911087,20000,20000,20,,
hopper-medium-replay-v2,1,adm,6,25,1,0.032210026247170974,0.1897135310733088,0.0013414772430478145,20000,20000,20,,
hopper-medium-replay-v2,1,adm,6,26,5,0.029630467648391983,0.17963791904387777,0.00127023190714166,20000,20000,20,,
hopper-medium-replay-v2,1,adm,6,27,1,0.03166636204857445,0.19416722328020705,0.0013729696026559689,20000,20000,20,,
hopper-medium-replay-v2,1,adm,6,28,3,0.03986893310800634,0.2387832104856561,0.0016884522736790213,20000,20000,20,,
hopper-medium-replay-v2,1,adm,6,29,3,0.032224024871313844,0.2012371881764914,0.0014229618038651038,20000,20000,20,,
hopper-medium-replay-v2,1,adm,6,30,2,0.04351214128961968,0.2767547330217335,0.0019569514844514028,20000,20000,20,,
hopper-medium-replay-v2,1,adm,6,31,5,0.03116525769629186,0.16739915840086367,0.001183690800701717,20000,20000,20,,
hopper-medium-replay-v2,1,adm,6,32,3,0.034357691099244685,0.18448341743582594,0.0013044947548534107,20000,20000,20,,
hopper-medium-replay-v2,1,adm,6,33,4,0.03451698704128107,0.18065542020127548,0.001277426726824271,20000,20000,20,,
hopper-medium-replay-v2,1,adm,6,34,4,0.04343706542709301,0.23015120856747168,0.0016274148027633866,20000,20000,20,,
hopper-medium-replay-v2,1,adm,6,35,4,0.038307354972922036,0.20655981352571404,0.0014605984486466112,20000,20000,20,,
hopper-medium-replay-v2,1,adm,6,36,3,0.0444744299925367,0.24804300360849244,0.0017539288987744428,20000,20000,20,,
hopper-medium-replay-v2,1,adm,6,37,1,0.04756178267636299,0.29395182830742345,0.0020785533113836284,20000,20000,20,,
hopper-medium-replay-v2,1,adm,6,38,5,0.04487045828418596,0.2467019789589559,0.0017444464225401868,20000,20000,20,,
hopper-medium-replay-v2,1,adm,6,39,2,0.04952145755440207,0.2649551797712621,0.0018735160432676017,20000,20000,20,,
hopper-medium-replay-v2,1,adm,6,40,4,0.05034625127933832,0.2652594030522157,0.0018756672267171727,20000,20000,20,,
hopper-medium-replay-v2,1,adm,6,41,4,0.0521382875033588,0.278741024619021,0.001970996687029961,20000,20000,20,,
hopper-medium-replay-v2,1,adm,6,42,2,0.053863601732868256,0.29169784777204777,0.002062615262171362,20000,20000,20,,
hopper-medium-replay-v2,1,adm,6,43,3,0.05512094936396893,0.2978109528250445,0.0021058414425421594,20000,20000,20,,
hopper-medium-replay-v2,1,adm,6,44,1,0.05881716252291214,0.31052555978391755,0.0021957472905495675,20000,20000,20,,
hopper-medium-replay-v2,1,adm,6,45,2,0.06216082887372847,0.3422694135367767,0.002420210233045975,20000,20000,20,,
hopper-medium-replay-v2,1,adm,6,46,5,0.06379006869003127,0.35300205233852794,0.0024961014498134167,20000,20000,20,,
hopper-medium-replay-v2,1,adm,6,47,4,0.0657028624493157,0.3614434171108134,0.0025557909125429397,20000,20000,20,,
hopper-medium-replay-v2,1,adm,6,48,5,0.06377264745304088,0.3420371064637909,0.002418567573979716,20000,20000,20,,
hopper-medium-replay-v2,1,adm,6,49,2,0.06864534643758748,0.3763899867175098,0.002661479119786657,20000,20000,20,,
hopper-medium-replay-v2,1,adm,6,50,1,0.07577964161653795,0.4112366029733978,0.002907881906346095,20000,20000,20,,
hopper-medium-replay-v2,1,adm,6,51,3,0.07512344990930347,0.4230820666439224,0.0029916419832233636,20000,20000,20,,
hopper-medium-replay-v2,1,adm,6,52,5,0.07516426059047371,0.41060952745869506,0.0029034478128584715,20000,20000,20,,
hopper-medium-replay-v2,1,adm,6,53,3,0.08045428350792727,0.40957794647398155,0.0028961534337621315,20000,20000,20,,
hopper-medium-replay-v2,1,adm,6,54,2,0.08528753353069969,0.45517844193603574,0.0032185976294289804,20000,20000,20,,
hopper-medium-replay-v2,1,adm,6,55,4,0.08863989895997458,0.4532377443788235,0.003204874825399611,20000,20000,20,,
hopper-medium-replay-v2,1,adm,6,56,5,0.09297911102129963,0.4779162076833817,0.003379377912918776,20000,20000,20,,
hopper-medium-replay-v2,1,adm,6,57,1,0.09666060539134287,0.5097917424420143,0.003604771980736542,20000,20000,20,,
hopper-medium-replay-v2,1,adm,6,58,3,0.10007908124707685,0.524533866021609,0.003709014536258757,20000,20000,20,,
hopper-medium-replay-v2,1,adm,6,59,4,0.10273881615011135,0.5296028409360937,0.003744857601615723,20000,20000,20,,
hopper-medium-replay-v2,1,adm,6,60,1,0.10451718262409977,0.5524754630227734,0.003906591463425807,20000,20000,20,,
hopper-medium-replay-v2,1,adm,6,61,3,0.10929456497415535,0.5749813154704163,0.004065731872246929,20000,20000,20,,
hopper-medium-replay-v2,1,adm,6,62,5,0.1064472024753439,0.5604199631218172,0.003962767562357518,20000,20000,20,,
hopper-medium-replay-v2,1,adm,6,63,3,0.11408345377688586,0.5785606136788242,0.00409104133259747,20000,20000,20,,
hopper-medium-replay-v2,1,adm,6,64,1,0.12058617053150573,0.6037179362237146,0.004268930466277362,20000,20000,20,,
hopper-medium-replay-v2,1,adm,6,65,4,0.12326527926413691,0.6170597719206106,0.004363271491224881,20000,20000,20,,
hopper-medium-replay-v2,1,adm,6,66,3,0.13183000365390085,0.6730536603761345,0.004759208073543922,20000,20000,20,,
hopper-medium-replay-v2,1,adm,6,67,2,0.13216461655255754,0.6656598950311079,0.004706926257404218,20000,20000,20,,
hopper-medium-replay-v2,1,adm,6,68,4,0.13556067197061175,0.6830811943577291,0.004830113446313563,20000,20000,20,,
hopper-medium-replay-v2,1,adm,6,69,5,0.13714063691653583,0.6805033518226056,0.004811885346939393,20000,20000,20,,
hopper-medium-replay-v2,1,adm,6,70,4,0.14043611217260982,0.6918237880366743,0.004891932919068971,20000,20000,20,,
hopper-medium-replay-v2,1,adm,6,71,2,0.14304225584479735,0.7123860388280807,0.00503732998877959,20000,20000,20,,
hopper-medium-replay-v2,1,adm,6,72,4,0.1470467195276542,0.7154029984817376,0.00505866311507626,20000,20000,20,,
hopper-medium-replay-v2,1,adm,6,73,2,0.15032392027753697,0.7123120748706476,0.005036806984620947,20000,20000,20,,
hopper-medium-replay-v2,1,adm,6,74,1,0.15989230235962237,0.7637602868847826,0.005400600780572127,20000,20000,20,,
hopper-medium-replay-v2,1,adm,6,75,3,0.16522694618325173,0.7879892684567952,0.005571925552280267,20000,20000,20,,
hopper-medium-replay-v2,1,adm,6,76,4,0.16300608006714612,0.7718303013529129,0.005457664400119012,20000,20000,20,,
hopper-medium-replay-v2,1,adm,6,77,1,0.17051186578647304,0.8218540852370904,0.005811385968170134,20000,20000,20,,
hopper-medium-replay-v2,1,adm,6,78,1,0.17580398346719237,0.8324716001155736,0.00588646313586938,20000,20000,20,,
hopper-medium-replay-v2,1,adm,6,79,5,0.18893954314839903,0.8757794681480214,0.00619269600751414,20000,20000,20,,
hopper-medium-replay-v2,1,adm,6,80,3,0.18660706022428758,0.848978532267892,0.006003184772484286,20000,20000,20,,
hopper-medium-replay-v2,1,adm,6,81,5,0.18507924538689588,0.8534943322737532,0.006035116300550552,20000,20000,20,,
hopper-medium-replay-v2,1,adm,6,82,5,0.18551855319730853,0.8217849282441908,0.0058108969543836765,20000,20000,20,,
hopper-medium-replay-v2,1,adm,6,83,1,0.1824323388123514,0.7985701877794898,0.0056467439503229185,20000,20000,20,,
hopper-medium-replay-v2,1,adm,6,84,5,0.18862472777593775,0.8255528560604157,0.005837540227482417,20000,20000,20,,
hopper-medium-replay-v2,1,adm,6,85,4,0.1958383860022528,0.8405428427849857,0.005943535440110815,20000,20000,20,,
hopper-medium-replay-v2,1,adm,6,86,5,0.1966326392737057,0.8346003169622066,0.0059015154370441825,20000,20000,20,,
hopper-medium-replay-v2,1,adm,6,87,4,0.20276097877663735,0.8481705962418696,0.005997471802056633,20000,20000,20,,
hopper-medium-replay-v2,1,adm,6,88,5,0.20531762158498995,0.8489216709613114,0.006002782702329583,20000,20000,20,,
hopper-medium-replay-v2,1,adm,6,89,4,0.21477066478270962,0.8837819423793692,0.006249282045466706,20000,20000,20,,
hopper-medium-replay-v2,1,adm,6,90,2,0.22294471161626647,0.9353981233613156,0.006614263561379569,20000,20000,20,,
hopper-medium-replay-v2,1,adm,6,91,5,0.21858216844898662,0.896046069872525,0.006336002522624173,20000,20000,20,,
hopper-medium-replay-v2,1,adm,6,92,2,0.2264586232907821,0.903913097950548,0.006391630811641724,20000,20000,20,,
hopper-medium-replay-v2,1,adm,6,93,1,0.2341488598439516,0.9127856532117093,0.00645436925155792,20000,20000,20,,
hopper-medium-replay-v2,1,adm,6,94,1,0.2479707856443611,0.970973507555199,0.006865819515447686,20000,20000,20,,
hopper-medium-replay-v2,1,adm,6,95,3,0.25385663452700447,1.016431211787231,0.0071872540246441085,20000,20000,20,,
hopper-medium-replay-v2,1,adm,6,96,4,0.25871965200415675,1.054697263442801,0.007457835870792991,20000,20000,20,,
hopper-medium-replay-v2,1,adm,6,97,4,0.26651264779001377,1.064847551895669,0.007529609248753216,20000,20000,20,,
hopper-medium-replay-v2,1,adm,6,98,3,0.27691245110801743,1.0856316867180122,0.00767657527549296,20000,20000,20,,
hopper-medium-replay-v2,1,adm,6,99,4,0.2849570916140876,1.1044503272869388,0.007809643159082962,20000,20000,20,,
hopper-medium-replay-v2,1,adm,6,100,4,0.2881868444199114,1.1418148184130215,0.008073850009591339,20000,20000,20,,
hopper-medium-replay-v2,1,adm,7,1,4,0.003383920225732114,0.028547610299969335,0.00020186208829779247,20000,20000,20,,
hopper-medium-replay-v2,1,adm,7,2,1,0.005917428921605267,0.05022896685129242,0.0003551724307254318,20000,20000,20,,
hopper-medium-replay-v2,1,adm,7,3,2,0.0068698339298882355,0.0613132975652316,0.00043355048485283897,20000,20000,20,,
hopper-medium-replay-v2,1,adm,7,4,5,0.00459519501288958,0.03505260196254168,0.00024785932545946104,20000,20000,20,,
hopper-medium-replay-v2,1,adm,7,5,1,0.007187717381484877,0.061201173974372795,0.0004327576513385665,20000,20000,20,,
hopper-medium-replay-v2,1,adm,7,6,2,0.007617040860273606,0.06964629616958717,0.0004924736830604176,20000,20000,20,,
hopper-medium-replay-v2,1,adm,7,7,3,0.008593360991858623,0.08932521188451152,0.0006316246305446328,20000,20000,20,,
hopper-medium-replay-v2,1,adm,7,8,4,0.009544042751678495,0.09901069417591057,0.0007001113326177377,20000,20000,20,,
hopper-medium-replay-v2,1,adm,7,9,1,0.011543211862640299,0.10702086652359101,0.0007567518044729158,20000,20000,20,,
hopper-medium-replay-v2,1,adm,7,10,1,0.013499826702338558,0.11077540604527311,0.0007833004080330589,20000,20000,20,,
hopper-medium-replay-v2,1,adm,7,11,4,0.011185901341515942,0.09387014692565544,0.000663762174421085,20000,20000,20,,
hopper-medium-replay-v2,1,adm,7,12,4,0.0122169751632776,0.10994950703320008,0.0007774604201129378,20000,20000,20,,
hopper-medium-replay-v2,1,adm,7,13,2,0.014092210800233007,0.11462284332420358,0.0008105058979342754,20000,20000,20,,
hopper-medium-replay-v2,1,adm,7,14,1,0.016040186564989012,0.12593598412765689,0.000890501883720676,20000,20000,20,,
hopper-medium-replay-v2,1,adm,7,15,5,0.01735630451682705,0.12627154754852332,0.0008928746754248041,20000,20000,20,,
hopper-medium-replay-v2,1,adm,7,16,5,0.015256768709682183,0.11648390719605334,0.0008236656067743379,20000,20000,20,,
hopper-medium-replay-v2,1,adm,7,17,1,0.016758763879804666,0.12748770854543423,0.000901474232304107,20000,20000,20,,
hopper-medium-replay-v2,1,adm,7,18,2,0.01556879695804774,0.11191774843392482,0.0007913779885275835,20000,20000,20,,
hopper-medium-replay-v2,1,adm,7,19,3,0.016953326974577854,0.11767778307744721,0.0008321075840906246,20000,20000,20,,
hopper-medium-replay-v2,1,adm,7,20,3,0.018166058082310116,0.11180900398050475,0.0007906090491232859,20000,20000,20,,
hopper-medium-replay-v2,1,adm,7,21,3,0.01969611509613712,0.13400702274699489,0.0009475727451102,20000,20000,20,,
hopper-medium-replay-v2,1,adm,7,22,2,0.021544497290961875,0.14264884004545547,0.001008679621245367,20000,20000,20,,
hopper-medium-replay-v2,1,adm,7,23,1,0.023438425592399382,0.14900806702050054,0.0010536461464169548,20000,20000,20,,
hopper-medium-replay-v2,1,adm,7,24,4,0.022157848978884325,0.13091853354390182,0.0009257338285189146,20000,20000,20,,
hopper-medium-replay-v2,1,adm,7,25,2,0.031150818667501478,0.2140635162081115,0.0015136576391539206,20000,20000,20,,
hopper-medium-replay-v2,1,adm,7,26,1,0.03327422351955931,0.21567806673477863,0.001525074235413667,20000,20000,20,,
hopper-medium-replay-v2,1,adm,7,27,4,0.029662488124819367,0.16473161335178477,0.0011648284087684743,20000,20000,20,,
hopper-medium-replay-v2,1,adm,7,28,2,0.03599943922813237,0.21548905755337752,0.0015237377386749147,20000,20000,20,,
hopper-medium-replay-v2,1,adm,7,29,3,0.03548521000793713,0.21796743854258996,0.001541262538713274,20000,20000,20,,
hopper-medium-replay-v2,1,adm,7,30,3,0.03192587203987312,0.19510728288572102,0.0013796168278737535,20000,20000,20,,
hopper-medium-replay-v2,1,adm,7,31,4,0.032975938331991896,0.1995456352412324,0.0014110007183525273,20000,20000,20,,
hopper-medium-replay-v2,1,adm,7,32,4,0.039463683111796884,0.23335439289453555,0.00165006473635396,20000,20000,20,,
hopper-medium-replay-v2,1,adm,7,33,3,0.036323356329363135,0.22264925477998238,0.0015743679788105685,20000,20000,20,,
hopper-medium-replay-v2,1,adm,7,34,1,0.04072375558079373,0.24762167394325696,0.0017509496481404121,20000,20000,20,,
hopper-medium-replay-v2,1,adm,7,35,3,0.04405489471776881,0.26169778874465255,0.0018504828104286837,20000,20000,20,,
hopper-medium-replay-v2,1,adm,7,36,4,0.04288349721967248,0.23550852322120064,0.0016652967379694047,20000,20000,20,,
hopper-medium-replay-v2,1,adm,7,37,2,0.044757436022837216,0.25415660094494813,0.001797158560114961,20000,20000,20,,
hopper-medium-replay-v2,1,adm,7,38,5,0.04358817875460368,0.24576345227814456,0.0017378100367369247,20000,20000,20,,
hopper-medium-replay-v2,1,adm,7,39,1,0.048074068237387586,0.29391313483918474,0.0020782797072458363,20000,20000,20,,
hopper-medium-replay-v2,1,adm,7,40,2,0.04684465929982846,0.261123694185754,0.001846423348872289,20000,20000,20,,
hopper-medium-replay-v2,1,adm,7,41,2,0.04874069277981886,0.2552927727265087,0.0018051925078283039,20000,20000,20,,
hopper-medium-replay-v2,1,adm,7,42,3,0.050088919132278,0.26219572819639936,0.0018540037740581883,20000,20000,20,,
hopper-medium-replay-v2,1,adm,7,43,5,0.04921489783261004,0.2612950893991006,0.0018476352960484922,20000,20000,20,,
hopper-medium-replay-v2,1,adm,7,44,4,0.05241082938488944,0.2785317799770985,0.0019695171039776577,20000,20000,20,,
hopper-medium-replay-v2,1,adm,7,45,4,0.058722098812827334,0.3107025207267633,0.0021969985933764816,20000,20000,20,,
hopper-medium-replay-v2,1,adm,7,46,5,0.06056501448769102,0.3280839228899911,0.0023199036667379707,20000,20000,20,,
hopper-medium-replay-v2,1,adm,7,47,2,0.06394663709505863,0.3311250344256399,0.0023414075726299896,20000,20000,20,,
hopper-medium-replay-v2,1,adm,7,48,2,0.06480054886111875,0.3462608264389405,0.00244843378434233,20000,20000,20,,
hopper-medium-replay-v2,1,adm,7,49,2,0.0701526119519514,0.37478844053857896,0.002650154478151603,20000,20000,20,,
hopper-medium-replay-v2,1,adm,7,50,1,0.07537754467508144,0.4203679778584975,0.0029724504773742002,20000,20000,20,,
hopper-medium-replay-v2,1,adm,7,51,4,0.075080781650547,0.42321645522447193,0.0029925922539895695,20000,20000,20,,
hopper-medium-replay-v2,1,adm,7,52,4,0.06968768287777198,0.37618172249004905,0.0026600064693114967,20000,20000,20,,
hopper-medium-replay-v2,1,adm,7,53,1,0.07594257579871905,0.41475748795912704,0.0029327783228379656,20000,20000,20,,
hopper-medium-replay-v2,1,adm,7,54,5,0.08002694754469128,0.4027224525095749,0.0028476777710559776,20000,20000,20,,
hopper-medium-replay-v2,1,adm,7,55,4,0.08186907260570228,0.4123744796193718,0.0029159279092713154,20000,20000,20,,
hopper-medium-replay-v2,1,adm,7,56,2,0.0879823844821637,0.4404355400609891,0.003114349570526847,20000,20000,20,,
hopper-medium-replay-v2,1,adm,7,57,4,0.09019791819114412,0.4555370722684369,0.003221133528828781,20000,20000,20,,
hopper-medium-replay-v2,1,adm,7,58,3,0.09117376578020817,0.4781087345087319,0.0033807392831564304,20000,20000,20,,
hopper-medium-replay-v2,1,adm,7,59,4,0.09577090607657847,0.506964282041686,0.003584778816510456,20000,20000,20,,
hopper-medium-replay-v2,1,adm,7,60,5,0.09968900978457891,0.5474850471926976,0.003871303894681935,20000,20000,20,,
hopper-medium-replay-v2,1,adm,7,61,1,0.10582151679602596,0.5915901331076825,0.004183173948034946,20000,20000,20,,
hopper-medium-replay-v2,1,adm,7,62,1,0.10908382890601578,0.5682134212320373,0.0040178756331438175,20000,20000,20,,
hopper-medium-replay-v2,1,adm,7,63,3,0.11143945071125183,0.574690348936727,0.004063674428156228,20000,20000,20,,
hopper-medium-replay-v2,1,adm,7,64,4,0.11714026010273135,0.5940123764651174,0.004200301795072209,20000,20000,20,,
hopper-medium-replay-v2,1,adm,7,65,2,0.11613850465043449,0.5720684412777564,0.004045134741303197,20000,20000,20,,
hopper-medium-replay-v2,1,adm,7,66,4,0.12014617122569698,0.6061717715163029,0.004286281702030402,20000,20000,20,,
hopper-medium-replay-v2,1,adm,7,67,2,0.1308458123786746,0.682504660428294,0.004826036735802686,20000,20000,20,,
hopper-medium-replay-v2,1,adm,7,68,3,0.13134215269300925,0.6546412816986612,0.004629012895337762,20000,20000,20,,
hopper-medium-replay-v2,1,adm,7,69,2,0.13425601120632405,0.6698060747883428,0.00473624417562781,20000,20000,20,,
hopper-medium-replay-v2,1,adm,7,70,3,0.14332936299732194,0.7267377049054511,0.005138811592825926,20000,20000,20,,
hopper-medium-replay-v2,1,adm,7,71,4,0.14085837900191664,0.6997514165877216,0.0049479897181407065,20000,20000,20,,
hopper-medium-replay-v2,1,adm,7,72,3,0.1512903049921216,0.7274631450259218,0.005143941229111221,20000,20000,20,,
hopper-medium-replay-v2,1,adm,7,73,2,0.15143424425692784,0.7184148531012626,0.005079960143330402,20000,20000,20,,
hopper-medium-replay-v2,1,adm,7,74,2,0.16292806067982446,0.7755697322320815,0.005484106169443397,20000,20000,20,,
hopper-medium-replay-v2,1,adm,7,75,4,0.16424388488492384,0.7930563468946455,0.005607755207522348,20000,20000,20,,
hopper-medium-replay-v2,1,adm,7,76,3,0.16627749439796802,0.7929228328758018,0.005606811120841269,20000,20000,20,,
hopper-medium-replay-v2,1,adm,7,77,3,0.1732528643737897,0.8098790922146896,0.005726709980462122,20000,20000,20,,
hopper-medium-replay-v2,1,adm,7,78,5,0.16926970732191976,0.7754883858662618,0.0054835309637744365,20000,20000,20,,
hopper-medium-replay-v2,1,adm,7,79,4,0.17407597597320867,0.7868887438285856,0.005564143668005569,20000,20000,20,,
hopper-medium-replay-v2,1,adm,7,80,4,0.1854380895989401,0.8392080767468695,0.00593409721894232,20000,20000,20,,
hopper-medium-replay-v2,1,adm,7,81,4,0.19267781871176015,0.8782119507216622,0.006209896256743535,20000,20000,20,,
hopper-medium-replay-v2,1,adm,7,82,1,0.19563107869106808,0.8820215448191325,0.00623683415494243,20000,20000,20,,
hopper-medium-replay-v2,1,adm,7,83,5,0.18544400736973807,0.8243218316999168,0.005828835570751271,20000,20000,20,,
hopper-medium-replay-v2,1,adm,7,84,1,0.18826109118244666,0.8343879154898323,0.005900013531829683,20000,20000,20,,
hopper-medium-replay-v2,1,adm,7,85,3,0.19799373989728025,0.832462658102957,0.005886399906291794,20000,20000,20,,
hopper-medium-replay-v2,1,adm,7,86,1,0.20904606401078027,0.8860247505047544,0.006265141093810307,20000,20000,20,,
hopper-medium-replay-v2,1,adm,7,87,1,0.21994959239506612,0.9382290109030129,0.006634280959154676,20000,20000,20,,
hopper-medium-replay-v2,1,adm,7,88,4,0.2113014085622713,0.9017365790678769,0.006376240499028551,20000,20000,20,,
hopper-medium-replay-v2,1,adm,7,89,3,0.22521628769238058,0.9394949050964204,0.006643232182838908,20000,20000,20,,
hopper-medium-replay-v2,1,adm,7,90,5,0.22692535418934268,0.936445396904352,0.006621668903619953,20000,20000,20,,
hopper-medium-replay-v2,1,adm,7,91,1,0.2240185607233802,0.9327639315140613,0.006595637012198172,20000,20000,20,,
hopper-medium-replay-v2,1,adm,7,92,1,0.22120201773073123,0.9249458616886895,0.006540354910305068,20000,20000,20,,
hopper-medium-replay-v2,1,adm,7,93,1,0.23350538755809067,0.9511540790491624,0.006725674992489081,20000,20000,20,,
hopper-medium-replay-v2,1,adm,7,94,1,0.24203115411453863,0.9738471417629365,0.006886139177797094,20000,20000,20,,
hopper-medium-replay-v2,1,adm,7,95,5,0.24421295053210978,0.9956821307610556,0.007040535865674131,20000,20000,20,,
hopper-medium-replay-v2,1,adm,7,96,4,0.2547649866200582,1.00860778214665,0.0071319340231342015,20000,20000,20,,
hopper-medium-replay-v2,1,adm,7,97,5,0.2643240053417463,1.0728666483228047,0.007586312823379381,20000,20000,20,,
hopper-medium-replay-v2,1,adm,7,98,1,0.2668404187285511,1.0568378937106544,0.0074729724125771144,20000,20000,20,,
hopper-medium-replay-v2,1,adm,7,99,3,0.27644123960467154,1.0862430803888976,0.007680898481599536,20000,20000,20,,
hopper-medium-replay-v2,1,adm,7,100,1,0.2883976017195801,1.1271873362562537,0.007970418091343981,20000,20000,20,,
hopper-medium-replay-v2,1,adm,8,1,4,0.003456878772020252,0.028799121857932684,0.00020364054357961925,20000,20000,20,,
hopper-medium-replay-v2,1,adm,8,2,5,0.004690676920955727,0.03602163233571728,0.00025471140493994304,20000,20000,20,,
hopper-medium-replay-v2,1,adm,8,3,2,0.007091129692547892,0.06829290870553116,0.0004829037885263489,20000,20000,20,,
hopper-medium-replay-v2,1,adm,8,4,4,0.003269846429411682,0.025551667861674388,0.0001806775761561633,20000,20000,20,,
hopper-medium-replay-v2,1,adm,8,5,3,0.009004482943895324,0.09024597854845459,0.0006381354340642794,20000,20000,20,,
hopper-medium-replay-v2,1,adm,8,6,5,0.009828274971877689,0.09031264441166884,0.0006386068329038039,20000,20000,20,,
hopper-medium-replay-v2,1,adm,8,7,1,0.01093298989488951,0.10143394651185246,0.0007172463142104442,20000,20000,20,,
hopper-medium-replay-v2,1,adm,8,8,5,0.012033304270590907,0.1043107042951147,0.0007375880635742033,20000,20000,20,,
hopper-medium-replay-v2,1,adm,8,9,4,0.011151277320863236,0.09595809614706097,0.0006785262049533753,20000,20000,20,,
hopper-medium-replay-v2,1,adm,8,10,2,0.01421355864192182,0.14110946799319968,0.0009977946170761757,20000,20000,20,,
hopper-medium-replay-v2,1,adm,8,11,5,0.01189461467879306,0.09833347174465189,0.0006953226468825912,20000,20000,20,,
hopper-medium-replay-v2,1,adm,8,12,5,0.014081430244280296,0.11153573642546233,0.0007886767557107983,20000,20000,20,,
hopper-medium-replay-v2,1,adm,8,13,3,0.015502549375889126,0.11676991710876902,0.0008256880022620163,20000,20000,20,,
hopper-medium-replay-v2,1,adm,8,14,4,0.01629709197742219,0.1265823978202801,0.0008950727187757332,20000,20000,20,,
hopper-medium-replay-v2,1,adm,8,15,5,0.015452294519883355,0.10459704901160478,0.0007396128264820741,20000,20000,20,,
hopper-medium-replay-v2,1,adm,8,16,2,0.01792361154359109,0.11866552014383985,0.0008390919398673801,20000,20000,20,,
hopper-medium-replay-v2,1,adm,8,17,2,0.01777664674735643,0.12819838212398016,0.0009064994533701064,20000,20000,20,,
hopper-medium-replay-v2,1,adm,8,18,1,0.021394836334185267,0.15681790915269664,0.0011088700697336775,20000,20000,20,,
hopper-medium-replay-v2,1,adm,8,19,2,0.02147504461614316,0.1416835791954082,0.0010018541963185438,20000,20000,20,,
hopper-medium-replay-v2,1,adm,8,20,5,0.01887980305179907,0.12379660706540684,0.0008753742034383563,20000,20000,20,,
hopper-medium-replay-v2,1,adm,8,21,3,0.022132491387406944,0.1285328990264592,0.0009088648450717509,20000,20000,20,,
hopper-medium-replay-v2,1,adm,8,22,2,0.018695278195008064,0.09975330501447564,0.0007053623842150576,20000,20000,20,,
hopper-medium-replay-v2,1,adm,8,23,2,0.026468037046331945,0.17671896850715052,0.0012495918099569806,20000,20000,20,,
hopper-medium-replay-v2,1,adm,8,24,5,0.024582005048079822,0.1492497009402925,0.0010553547562494505,20000,20000,20,,
hopper-medium-replay-v2,1,adm,8,25,5,0.023509406150953625,0.13421231147799487,0.0009490243556481128,20000,20000,20,,
hopper-medium-replay-v2,1,adm,8,26,1,0.027122146682652823,0.16336375634775505,0.001155156199136045,20000,20000,20,,
hopper-medium-replay-v2,1,adm,8,27,3,0.030205519861763775,0.1840419645183203,0.0013013732113379825,20000,20000,20,,
hopper-medium-replay-v2,1,adm,8,28,1,0.03230083040467763,0.1949101311434515,0.0013782227545349383,20000,20000,20,,
hopper-medium-replay-v2,1,adm,8,29,4,0.02680012470168175,0.15571689925737367,0.0011010847541023138,20000,20000,20,,
hopper-medium-replay-v2,1,adm,8,30,5,0.028395498888027174,0.1580081705240426,0.0011172864886043086,20000,20000,20,,
hopper-medium-replay-v2,1,adm,8,31,2,0.03154523351255719,0.1926657259348323,0.001362352413107488,20000,20000,20,,
hopper-medium-replay-v2,1,adm,8,32,4,0.03506546145321121,0.19731603231111425,0.001395235044840128,20000,20000,20,,
hopper-medium-replay-v2,1,adm,8,33,5,0.03669536008900595,0.19520684724812565,0.0013803208542319618,20000,20000,20,,
hopper-medium-replay-v2,1,adm,8,34,4,0.03348752263590675,0.18035758103602975,0.001275320685889789,20000,20000,20,,
hopper-medium-replay-v2,1,adm,8,35,3,0.043002988213628135,0.2503656051011581,0.0017703521714290214,20000,20000,20,,
hopper-medium-replay-v2,1,adm,8,36,4,0.04387170421000062,0.2511790960734088,0.0017761044212581468,20000,20000,20,,
hopper-medium-replay-v2,1,adm,8,37,5,0.04399598019087953,0.23765490752319235,0.0016804739669191114,20000,20000,20,,
hopper-medium-replay-v2,1,adm,8,38,2,0.04669942350299038,0.2691488915269558,0.0019031700634755296,20000,20000,20,,
hopper-medium-replay-v2,1,adm,8,39,3,0.0477501884994998,0.2705069700880524,0.0019127731290748842,20000,20000,20,,
hopper-medium-replay-v2,1,adm,8,40,4,0.047497949072181404,0.2507692695183863,0.0017732065098964793,20000,20000,20,,
hopper-medium-replay-v2,1,adm,8,41,5,0.04830212351666934,0.25059709105208877,0.0017719890242855465,20000,20000,20,,
hopper-medium-replay-v2,1,adm,8,42,2,0.054293579388048054,0.2849895572979434,0.002015180485327279,20000,20000,20,,
hopper-medium-replay-v2,1,adm,8,43,4,0.05226299509225713,0.2614676247348977,0.0018488553051078562,20000,20000,20,,
hopper-medium-replay-v2,1,adm,8,44,2,0.056024154231337116,0.29672508210891935,0.0020981631770735196,20000,20000,20,,
hopper-medium-replay-v2,1,adm,8,45,2,0.06048145414916023,0.31975930065057206,0.002261039698374875,20000,20000,20,,
hopper-medium-replay-v2,1,adm,8,46,5,0.05934072891496701,0.3129335635049289,0.0022127744481520635,20000,20000,20,,
hopper-medium-replay-v2,1,adm,8,47,1,0.06172642539269189,0.3371074304951558,0.002383709500914974,20000,20000,20,,
hopper-medium-replay-v2,1,adm,8,48,3,0.06689073290235545,0.36263236674753363,0.002564198056049081,20000,20000,20,,
hopper-medium-replay-v2,1,adm,8,49,5,0.07041228401218663,0.4005960493247432,0.0028326418299406656,20000,20000,20,,
hopper-medium-replay-v2,1,adm,8,50,2,0.08097891210734251,0.46414402210072997,0.0032819938547462494,20000,20000,20,,
hopper-medium-replay-v2,1,adm,8,51,3,0.078913950434551,0.44090149705088366,0.0031176443839998043,20000,20000,20,,
hopper-medium-replay-v2,1,adm,8,52,2,0.08355587501815981,0.45108770236306206,0.003189671732507802,20000,20000,20,,
hopper-medium-replay-v2,1,adm,8,53,2,0.08903722787084266,0.4782052911828433,0.00338142204194676,20000,20000,20,,
hopper-medium-replay-v2,1,adm,8,54,4,0.09464123526836346,0.5058652272309614,0.0035770073254148653,20000,20000,20,,
hopper-medium-replay-v2,1,adm,8,55,2,0.10291707458022378,0.5520590246086602,0.003903646799160147,20000,20000,20,,
hopper-medium-replay-v2,1,adm,8,56,5,0.0998598527216522,0.5532783592004795,0.003912268796744255,20000,20000,20,,
hopper-medium-replay-v2,1,adm,8,57,4,0.10193370956489776,0.5359683045478759,0.0037898682264685974,20000,20000,20,,
hopper-medium-replay-v2,1,adm,8,58,3,0.10628911785403215,0.5729080093282416,0.004051071383920854,20000,20000,20,,
hopper-medium-replay-v2,1,adm,8,59,1,0.11037162588414949,0.5659899076154105,0.004002153017580043,20000,20000,20,,
hopper-medium-replay-v2,1,adm,8,60,2,0.11199024897496657,0.5764181919801065,0.004075892123484225,20000,20000,20,,
hopper-medium-replay-v2,1,adm,8,61,4,0.10887384385396218,0.5658030112583371,0.004000831460765387,20000,20000,20,,
hopper-medium-replay-v2,1,adm,8,62,2,0.11914590312404277,0.6117528028683482,0.004325745553180862,20000,20000,20,,
hopper-medium-replay-v2,1,adm,8,63,4,0.1271011939197997,0.6673921171886521,0.004719174917745429,20000,20000,20,,
hopper-medium-replay-v2,1,adm,8,64,1,0.13032710566154687,0.6762390751573292,0.004781732357470668,20000,20000,20,,
hopper-medium-replay-v2,1,adm,8,65,1,0.1308966702538399,0.6672860149828173,0.004718424661852982,20000,20000,20,,
hopper-medium-replay-v2,1,adm,8,66,2,0.13242574240481048,0.6638755323174224,0.004694308907654783,20000,20000,20,,
hopper-medium-replay-v2,1,adm,8,67,4,0.13214029647388328,0.6551687579033787,0.004632742715350465,20000,20000,20,,
hopper-medium-replay-v2,1,adm,8,68,5,0.13231140611279235,0.6373038729778765,0.004506418902591066,20000,20000,20,,
hopper-medium-replay-v2,1,adm,8,69,3,0.14118017933617602,0.6767417634058398,0.004785286900164115,20000,20000,20,,
hopper-medium-replay-v2,1,adm,8,70,2,0.138915047305321,0.6749430932007044,0.0047725683811724205,20000,20000,20,,
hopper-medium-replay-v2,1,adm,8,71,1,0.14267090901618495,0.686329889167595,0.0048530851876141794,20000,20000,20,,
hopper-medium-replay-v2,1,adm,8,72,1,0.1468372100033346,0.7001134146984547,0.004950549431329468,20000,20000,20,,
hopper-medium-replay-v2,1,adm,8,73,5,0.1518186658046034,0.7347272560513401,0.005195306250764874,20000,20000,20,,
hopper-medium-replay-v2,1,adm,8,74,4,0.15741641390427716,0.7529124085671564,0.005323894697373327,20000,20000,20,,
hopper-medium-replay-v2,1,adm,8,75,4,0.16844488239688918,0.7906777309236741,0.005590935852693223,20000,20000,20,,
hopper-medium-replay-v2,1,adm,8,76,3,0.168488576908371,0.7993405052668574,0.005652190917512761,20000,20000,20,,
hopper-medium-replay-v2,1,adm,8,77,3,0.1749580275397374,0.8129419068616324,0.00574836735052583,20000,20000,20,,
hopper-medium-replay-v2,1,adm,8,78,4,0.1770492070540193,0.8266217009022719,0.0058450981018395454,20000,20000,20,,
hopper-medium-replay-v2,1,adm,8,79,2,0.1868342762119778,0.8474004513240058,0.005992026055117453,20000,20000,20,,
hopper-medium-replay-v2,1,adm,8,80,3,0.18837741275203151,0.8528541689115609,0.0060305896620058185,20000,20000,20,,
hopper-medium-replay-v2,1,adm,8,81,2,0.19342246123046142,0.859801172492902,0.006079712395418754,20000,20000,20,,
hopper-medium-replay-v2,1,adm,8,82,5,0.1875821144297578,0.8191167247406635,0.005792029906474378,20000,20000,20,,
hopper-medium-replay-v2,1,adm,8,83,4,0.1942978934207949,0.836905877260724,0.005917818210259343,20000,20000,20,,
hopper-medium-replay-v2,1,adm,8,84,3,0.21102263445635627,0.9053145585405827,0.006401540634509517,20000,20000,20,,
hopper-medium-replay-v2,1,adm,8,85,2,0.20855844676280103,0.8882967293120831,0.0062812064100240496,20000,20000,20,,
hopper-medium-replay-v2,1,adm,8,86,4,0.20782567535717789,0.8812434773379594,0.006231332387020847,20000,20000,20,,
hopper-medium-replay-v2,1,adm,8,87,2,0.22176130869664076,0.9085279104178764,0.006424262463537246,20000,20000,20,,
hopper-medium-replay-v2,1,adm,8,88,4,0.22041224149225236,0.8949316254466838,0.006328122210516495,20000,20000,20,,
hopper-medium-replay-v2,1,adm,8,89,2,0.2218193397274571,0.8917510017960315,0.00630563180499871,20000,20000,20,,
hopper-medium-replay-v2,1,adm,8,90,3,0.2309752338269253,0.9080817980786964,0.006421107972935194,20000,20000,20,,
hopper-medium-replay-v2,1,adm,8,91,3,0.23859288497884795,0.9358028057637655,0.006617125098089561,20000,20000,20,,
hopper-medium-replay-v2,1,adm,8,92,5,0.24450921238776924,0.9684381371891299,0.006847891739661017,20000,20000,20,,
hopper-medium-replay-v2,1,adm,8,93,2,0.2564701226964117,1.0168830862385547,0.007190449259531868,20000,20000,20,,
hopper-medium-replay-v2,1,adm,8,94,1,0.2658194930287214,1.0574123037794416,0.007477034105125327,20000,20000,20,,
hopper-medium-replay-v2,1,adm,8,95,3,0.25915333288238307,1.0254547421199585,0.00725106001952925,20000,20000,20,,
hopper-medium-replay-v2,1,adm,8,96,5,0.26322976843614443,1.0415114676585622,0.007364598214649229,20000,20000,20,,
hopper-medium-replay-v2,1,adm,8,97,5,0.26444111717250646,1.0508194547469485,0.007430415622543177,20000,20000,20,,
hopper-medium-replay-v2,1,adm,8,98,5,0.27758825955670463,1.0639707535861487,0.007523409348449269,20000,20000,20,,
hopper-medium-replay-v2,1,adm,8,99,2,0.272620506057763,1.0534861283090784,0.007449271852133106,20000,20000,20,,
hopper-medium-replay-v2,1,adm,8,100,5,0.27718397512191584,1.048272750640431,0.007412407705109235,20000,20000,20,,
hopper-medium-replay-v2,1,adm,9,1,5,0.004544136642437074,0.03703804362264791,0.000261898518074575,20000,20000,20,,
hopper-medium-replay-v2,1,adm,9,2,5,0.004673361764514587,0.03476432369239889,0.0002458208902625941,20000,20000,20,,
hopper-medium-replay-v2,1,adm,9,3,2,0.0074607957852861305,0.06659536633125417,0.00047090035128432114,20000,20000,20,,
hopper-medium-replay-v2,1,adm,9,4,3,0.008497560521293511,0.08322799575696369,0.0005885108018431422,20000,20000,20,,
hopper-medium-replay-v2,1,adm,9,5,1,0.010777632904041701,0.10657773490125413,0.0007536183907217897,20000,20000,20,,
hopper-medium-replay-v2,1,adm,9,6,5,0.009312644024165161,0.07723192607494246,0.0005461121865168995,20000,20000,20,,
hopper-medium-replay-v2,1,adm,9,7,1,0.011324893359305232,0.10617037188698013,0.0007507378992238123,20000,20000,20,,
hopper-medium-replay-v2,1,adm,9,8,4,0.011884789107125324,0.10167268897592546,0.0007189344783634763,20000,20000,20,,
hopper-medium-replay-v2,1,adm,9,9,4,0.014826109433181103,0.12024736606120484,0.0008502772796169905,20000,20000,20,,
hopper-medium-replay-v2,1,adm,9,10,4,0.011571567849398704,0.09475106072124025,0.0006699911756060731,20000,20000,20,,
hopper-medium-replay-v2,1,adm,9,11,1,0.013817488464966053,0.11306099949366046,0.0007994619942969612,20000,20000,20,,
hopper-medium-replay-v2,1,adm,9,12,3,0.016854927836143684,0.14134369775406003,0.0009994508715987763,20000,20000,20,,
hopper-medium-replay-v2,1,adm,9,13,1,0.01977354002892301,0.1757321746818149,0.0012426141239017022,20000,20000,20,,
hopper-medium-replay-v2,1,adm,9,14,2,0.020084006104300625,0.17263246831416953,0.0012206958899792107,20000,20000,20,,
hopper-medium-replay-v2,1,adm,9,15,1,0.02040834331551363,0.1601628203532934,0.0011325221636577655,20000,20000,20,,
hopper-medium-replay-v2,1,adm,9,16,5,0.016902094796117626,0.10934022340460686,0.0007731521342584956,20000,20000,20,,
hopper-medium-replay-v2,1,adm,9,17,2,0.022100918817218117,0.1453207911936603,0.001027573169004315,20000,20000,20,,
hopper-medium-replay-v2,1,adm,9,18,4,0.020929932701104045,0.15184142972110407,0.0010736810462085326,20000,20000,20,,
hopper-medium-replay-v2,1,adm,9,19,3,0.02003438838452298,0.13660534675028077,0.0009659456703346324,20000,20000,20,,
hopper-medium-replay-v2,1,adm,9,20,4,0.019508350714114726,0.13624336163367215,0.0009633860490282067,20000,20000,20,,
hopper-medium-replay-v2,1,adm,9,21,3,0.022487250166483563,0.14166700701197565,0.0010017370132857017,20000,20000,20,,
hopper-medium-replay-v2,1,adm,9,22,4,0.022842812340498744,0.14584884039255502,0.001031307040697701,20000,20000,20,,
hopper-medium-replay-v2,1,adm,9,23,5,0.0227183760613291,0.13439094382455574,0.0009502874770840374,20000,20000,20,,
hopper-medium-replay-v2,1,adm,9,24,3,0.025580147351103803,0.15315340474738548,0.0010829581105868424,20000,20000,20,,
hopper-medium-replay-v2,1,adm,9,25,1,0.027529195720196343,0.16111504141344096,0.0011392553833459553,20000,20000,20,,
hopper-medium-replay-v2,1,adm,9,26,2,0.02864233940848713,0.1681551470261786,0.001189036447536318,20000,20000,20,,
hopper-medium-replay-v2,1,adm,9,27,5,0.02775442633013889,0.16665835660925565,0.0011784525409981054,20000,20000,20,,
hopper-medium-replay-v2,1,adm,9,28,4,0.032928217116889945,0.20351696324468446,0.0014390822479680972,20000,20000,20,,
hopper-medium-replay-v2,1,adm,9,29,5,0.030661781745842227,0.18362531487237915,0.001298427053437743,20000,20000,20,,
hopper-medium-replay-v2,1,adm,9,30,4,0.035677878392863814,0.20732912191455388,0.0014660382804323347,20000,20000,20,,
hopper-medium-replay-v2,1,adm,9,31,5,0.03570950904052345,0.2091418058784912,0.0014788558916628168,20000,20000,20,,
hopper-medium-replay-v2,1,adm,9,32,3,0.03459741051866907,0.20017265009563254,0.0014154343829070378,20000,20000,20,,
hopper-medium-replay-v2,1,adm,9,33,4,0.03455770721437782,0.19755311683955148,0.0013969114856178517,20000,20000,20,,
hopper-medium-replay-v2,1,adm,9,34,3,0.03975050691795132,0.2325248797212072,0.0016441991924545194,20000,20000,20,,
hopper-medium-replay-v2,1,adm,9,35,3,0.04224785975669754,0.24363015586934603,0.0017227253531675011,20000,20000,20,,
hopper-medium-replay-v2,1,adm,9,36,4,0.04109898240233617,0.2235265734726686,0.00158057155877917,20000,20000,20,,
hopper-medium-replay-v2,1,adm,9,37,4,0.042582673879409436,0.22790401046663566,0.0016115247126056798,20000,20000,20,,
hopper-medium-replay-v2,1,adm,9,38,1,0.04768468454565115,0.2708922014825971,0.0019154971263889691,20000,20000,20,,
hopper-medium-replay-v2,1,adm,9,39,1,0.051497428544499985,0.29102208110144145,0.0020578368702185066,20000,20000,20,,
hopper-medium-replay-v2,1,adm,9,40,3,0.05130040974140145,0.2788578884404045,0.0019718230390357175,20000,20000,20,,
hopper-medium-replay-v2,1,adm,9,41,2,0.05248801761345987,0.2679465111561221,0.0018946679503377085,20000,20000,20,,
hopper-medium-replay-v2,1,adm,9,42,5,0.04951923112023428,0.2634001310804342,0.001862520188524005,20000,20000,20,,
hopper-medium-replay-v2,1,adm,9,43,4,0.05525272233982907,0.29623874762867247,0.002094724272984446,20000,20000,20,,
hopper-medium-replay-v2,1,adm,9,44,3,0.06197208488638796,0.31322499002018234,0.002214835144803596,20000,20000,20,,
hopper-medium-replay-v2,1,adm,9,45,5,0.05541076387405301,0.2615116997903453,0.0018491669628137378,20000,20000,20,,
hopper-medium-replay-v2,1,adm,9,46,4,0.05738029708576033,0.27546163819959407,0.0019478079232768829,20000,20000,20,,
hopper-medium-replay-v2,1,adm,9,47,3,0.07197030749262265,0.3789808187343786,0.0026797990686670886,20000,20000,20,,
hopper-medium-replay-v2,1,adm,9,48,4,0.07158254005670606,0.394214133858872,0.0027875148729118973,20000,20000,20,,
hopper-medium-replay-v2,1,adm,9,49,5,0.07486126808831313,0.4092345612118533,0.002893725333288027,20000,20000,20,,
hopper-medium-replay-v2,1,adm,9,50,2,0.08071535836986057,0.43209891157423963,0.003055400705174712,20000,20000,20,,
hopper-medium-replay-v2,1,adm,9,51,1,0.08221984671575865,0.41557158074036094,0.0029385348280992207,20000,20000,20,,
hopper-medium-replay-v2,1,adm,9,52,4,0.07743834052336589,0.37694638690948024,0.002665413463274615,20000,20000,20,,
hopper-medium-replay-v2,1,adm,9,53,4,0.08238660790621373,0.41764885790139833,0.0029532233957689554,20000,20000,20,,
hopper-medium-replay-v2,1,adm,9,54,4,0.09217993046311972,0.46899310363621377,0.00331628203910892,20000,20000,20,,
hopper-medium-replay-v2,1,adm,9,55,5,0.09134258316152293,0.464411833984105,0.0032838875707344177,20000,20000,20,,
hopper-medium-replay-v2,1,adm,9,56,3,0.09783797132854868,0.5198595995601063,0.003675962481138743,20000,20000,20,,
hopper-medium-replay-v2,1,adm,9,57,4,0.09691158012766805,0.5099683315197038,0.003606020654079719,20000,20000,20,,
hopper-medium-replay-v2,1,adm,9,58,1,0.0999854946608784,0.5241160161058075,0.0037060598911689423,20000,20000,20,,
hopper-medium-replay-v2,1,adm,9,59,1,0.10786378092810621,0.5448062700881198,0.003852362080122592,20000,20000,20,,
hopper-medium-replay-v2,1,adm,9,60,4,0.1114084464691768,0.5777273749300114,0.00408514944490114,20000,20000,20,,
hopper-medium-replay-v2,1,adm,9,61,3,0.11609823814325645,0.6101858513549415,0.004314665532771658,20000,20000,20,,
hopper-medium-replay-v2,1,adm,9,62,2,0.11973020822509445,0.6156733319613372,0.004353467880255779,20000,20000,20,,
hopper-medium-replay-v2,1,adm,9,63,2,0.12498439827234861,0.6555232126668216,0.0046352490890190085,20000,20000,20,,
hopper-medium-replay-v2,1,adm,9,64,3,0.12788334445330485,0.6711108735300646,0.004745470496011361,20000,20000,20,,
hopper-medium-replay-v2,1,adm,9,65,3,0.13087293306506284,0.6769567414366585,0.004786807024398095,20000,20000,20,,
hopper-medium-replay-v2,1,adm,9,66,3,0.13462778971367342,0.6775811384411538,0.004791222177958406,20000,20000,20,,
hopper-medium-replay-v2,1,adm,9,67,2,0.13558995289485457,0.678096494107359,0.004794866292821372,20000,20000,20,,
hopper-medium-replay-v2,1,adm,9,68,4,0.1391413211364077,0.6810678144471857,0.0048158767004350626,20000,20000,20,,
hopper-medium-replay-v2,1,adm,9,69,5,0.13856103225609454,0.6851449315211967,0.004844706271742309,20000,20000,20,,
hopper-medium-replay-v2,1,adm,9,70,1,0.14433994513699067,0.711145188910492,0.005028555854867973,20000,20000,20,,
hopper-medium-replay-v2,1,adm,9,71,4,0.14498210677796172,0.7027294086235729,0.004969047301769407,20000,20000,20,,
hopper-medium-replay-v2,1,adm,9,72,1,0.14672951924889577,0.7187939022660955,0.005082640425678966,20000,20000,20,,
hopper-medium-replay-v2,1,adm,9,73,4,0.14499728481457314,0.717078379756791,0.005070509849682893,20000,20000,20,,
hopper-medium-replay-v2,1,adm,9,74,3,0.15974056362518144,0.7772874251974504,0.005496252092881485,20000,20000,20,,
hopper-medium-replay-v2,1,adm,9,75,4,0.1666849457377845,0.8166008929460736,0.005774240289251586,20000,20000,20,,
hopper-medium-replay-v2,1,adm,9,76,4,0.17525141518538864,0.8374606558942731,0.005921741087597743,20000,20000,20,,
hopper-medium-replay-v2,1,adm,9,77,5,0.1765330359322922,0.819727184625954,0.00579634650971969,20000,20000,20,,
hopper-medium-replay-v2,1,adm,9,78,1,0.1805484666694219,0.8397930607221433,0.005938233680300336,20000,20000,20,,
hopper-medium-replay-v2,1,adm,9,79,2,0.18390507756105584,0.8219746628053913,0.00581223858033218,20000,20000,20,,
hopper-medium-replay-v2,1,adm,9,80,4,0.18623675975918066,0.8429065766182623,0.005960249562335114,20000,20000,20,,
hopper-medium-replay-v2,1,adm,9,81,4,0.1855386537402439,0.8493619759124943,0.006005896128497297,20000,20000,20,,
hopper-medium-replay-v2,1,adm,9,82,2,0.18509362050758574,0.8249757652140308,0.005833459578974022,20000,20000,20,,
hopper-medium-replay-v2,1,adm,9,83,3,0.1902764363749544,0.820859949119557,0.0058043563642688305,20000,20000,20,,
hopper-medium-replay-v2,1,adm,9,84,3,0.19337770994440265,0.817852138674334,0.005783087932645422,20000,20000,20,,
hopper-medium-replay-v2,1,adm,9,85,3,0.20584296199224564,0.8630034411265872,0.006102355854079353,20000,20000,20,,
hopper-medium-replay-v2,1,adm,9,86,3,0.21018758363474668,0.8800147098651996,0.006222643688895948,20000,20000,20,,
hopper-medium-replay-v2,1,adm,9,87,2,0.21727578974158177,0.9174716730845408,0.00648750441584646,20000,20000,20,,
hopper-medium-replay-v2,1,adm,9,88,3,0.22514921472397673,0.9325162888745373,0.006593885914300988,20000,20000,20,,
hopper-medium-replay-v2,1,adm,9,89,2,0.2309557186768753,0.9283562233217028,0.0065644698086750886,20000,20000,20,,
hopper-medium-replay-v2,1,adm,9,90,5,0.22632553278950462,0.8873228605863407,0.00627432011822447,20000,20000,20,,
hopper-medium-replay-v2,1,adm,9,91,4,0.23627344260675068,0.9307904783021991,0.006581682590713549,20000,20000,20,,
hopper-medium-replay-v2,1,adm,9,92,2,0.23352194624397535,0.9192920383715644,0.00650037634223337,20000,20000,20,,
hopper-medium-replay-v2,1,adm,9,93,4,0.24340217932540864,0.9409047093279006,0.0066532010041611585,20000,20000,20,,
hopper-medium-replay-v2,1,adm,9,94,3,0.25056064798728517,0.9906689581897405,0.007005087382469778,20000,20000,20,,
hopper-medium-replay-v2,1,adm,9,95,1,0.26247664754297256,1.0307407432961435,0.007288437692299655,20000,20000,20,,
hopper-medium-replay-v2,1,adm,9,96,2,0.2730558313372499,1.077527664050463,0.007619271181661824,20000,20000,20,,
hopper-medium-replay-v2,1,adm,9,97,5,0.26494023536593897,1.059271121436771,0.007490177930830196,20000,20000,20,,
hopper-medium-replay-v2,1,adm,9,98,1,0.2712091831584926,1.09191515019317,0.007721006071819181,20000,20000,20,,
hopper-medium-replay-v2,1,adm,9,99,1,0.27944071171086765,1.1102496385194502,0.007850650482070164,20000,20000,20,,
hopper-medium-replay-v2,1,adm,9,100,1,0.29325967550293824,1.172533197016881,0.008291061747769788,20000,20000,20,,
hopper-medium-replay-v2,1,adm,10,1,1,0.002146962941608533,0.014644823613797143,0.0001035545408659684,20000,20000,20,,
hopper-medium-replay-v2,1,adm,10,2,1,0.0034965797076312605,0.022185080166436347,0.00015687220626854322,20000,20000,20,,
hopper-medium-replay-v2,1,adm,10,3,5,0.004736165352577825,0.03706162635046418,0.0002620652731421526,20000,20000,20,,
hopper-medium-replay-v2,1,adm,10,4,5,0.004480120701545207,0.03339961492817709,0.00023617094204733465,20000,20000,20,,
hopper-medium-replay-v2,1,adm,10,5,2,0.007646008701903284,0.06941194443555877,0.0004908165660572746,20000,20000,20,,
hopper-medium-replay-v2,1,adm,10,6,2,0.0073306616527949,0.0629618837234613,0.000445207749371384,20000,20000,20,,
hopper-medium-replay-v2,1,adm,10,7,2,0.010828395771156286,0.10078208597036516,0.0007126369641177081,20000,20000,20,,
hopper-medium-replay-v2,1,adm,10,8,3,0.011804825504310914,0.11288008679381044,0.0007981827483282941,20000,20000,20,,
hopper-medium-replay-v2,1,adm,10,9,4,0.01149011915728345,0.0941487584390955,0.0006657322553257862,20000,20000,20,,
hopper-medium-replay-v2,1,adm,10,10,3,0.013932499073106851,0.11608167521087212,0.0008208213971310202,20000,20000,20,,
hopper-medium-replay-v2,1,adm,10,11,1,0.016855368187785314,0.14430359402996787,0.0010203804988818087,20000,20000,20,,
hopper-medium-replay-v2,1,adm,10,12,1,0.01990559325247814,0.16394149438986347,0.0011592414240092878,20000,20000,20,,
hopper-medium-replay-v2,1,adm,10,13,2,0.020775266781251106,0.16776490460179075,0.0011862770168904046,20000,20000,20,,
hopper-medium-replay-v2,1,adm,10,14,4,0.01883124863434067,0.15620848766171094,0.0011045608090449095,20000,20000,20,,
hopper-medium-replay-v2,1,adm,10,15,3,0.02279487422531655,0.1826867376257325,0.0012917903100800306,20000,20000,20,,
hopper-medium-replay-v2,1,adm,10,16,3,0.023426384145034763,0.18177475715502783,0.0012853416343285807,20000,20000,20,,
hopper-medium-replay-v2,1,adm,10,17,2,0.0241707247906038,0.18490446521589068,0.001307472012258284,20000,20000,20,,
hopper-medium-replay-v2,1,adm,10,18,3,0.025382778301677487,0.19546554283272508,0.0013821501082532945,20000,20000,20,,
hopper-medium-replay-v2,1,adm,10,19,4,0.025825842796331624,0.2068116212674488,0.0014623789982639705,20000,20000,20,,
hopper-medium-replay-v2,1,adm,10,20,1,0.028488554729403755,0.22674897410550773,0.0016033573721709739,20000,20000,20,,
hopper-medium-replay-v2,1,adm,10,21,3,0.027270342914332987,0.1828718397752271,0.001293099179931229,20000,20000,20,,
hopper-medium-replay-v2,1,adm,10,22,5,0.025356283834538945,0.15611500571413828,0.001103899791854438,20000,20000,20,,
hopper-medium-replay-v2,1,adm,10,23,5,0.02413410118304927,0.14857417143866025,0.0010505780413344933,20000,20000,20,,
hopper-medium-replay-v2,1,adm,10,24,5,0.024973575797995137,0.1554650354134113,0.0010993038077822988,20000,20000,20,,
hopper-medium-replay-v2,1,adm,10,25,2,0.02616545366644633,0.1481686176716291,0.0010477103431464584,20000,20000,20,,
hopper-medium-replay-v2,1,adm,10,26,3,0.027464148568480118,0.16581164718122715,0.00117246540121557,20000,20000,20,,
hopper-medium-replay-v2,1,adm,10,27,4,0.02708737708022756,0.15067354305006464,0.0010654228403610391,20000,20000,20,,
hopper-medium-replay-v2,1,adm,10,28,3,0.030854139626722243,0.16685542749084672,0.00117984604256558,20000,20000,20,,
hopper-medium-replay-v2,1,adm,10,29,2,0.031355248429861676,0.17774312861712133,0.0012568337155447918,20000,20000,20,,
hopper-medium-replay-v2,1,adm,10,30,3,0.030018399394305357,0.15703992468504288,0.0011104399566181852,20000,20000,20,,
hopper-medium-replay-v2,1,adm,10,31,5,0.03200925135776665,0.17536105760853507,0.0012399899299103995,20000,20000,20,,
hopper-medium-replay-v2,1,adm,10,32,4,0.03644084999008376,0.21338556188227545,0.0015088637781425864,20000,20000,20,,
hopper-medium-replay-v2,1,adm,10,33,3,0.037823235001256596,0.20646946062755778,0.0014599595571767499,20000,20000,20,,
hopper-medium-replay-v2,1,adm,10,34,3,0.038650959364248984,0.21399700071274932,0.0015131873035756748,20000,20000,20,,
hopper-medium-replay-v2,1,adm,10,35,2,0.0430031651308646,0.24534554001316308,0.0017348549507718305,20000,20000,20,,
hopper-medium-replay-v2,1,adm,10,36,3,0.0460915394561011,0.265210482634161,0.0018753213071237235,20000,20000,20,,
hopper-medium-replay-v2,1,adm,10,37,5,0.04394663023146064,0.2516339513482796,0.0017793207337513427,20000,20000,20,,
hopper-medium-replay-v2,1,adm,10,38,4,0.04498153336812406,0.2562567106631178,0.0018120085783444964,20000,20000,20,,
hopper-medium-replay-v2,1,adm,10,39,2,0.04786522229842642,0.2652135918106633,0.00187534329232161,20000,20000,20,,
hopper-medium-replay-v2,1,adm,10,40,3,0.05073180986861291,0.28982792468118745,0.002049392909192916,20000,20000,20,,
hopper-medium-replay-v2,1,adm,10,41,1,0.05426489476116767,0.2993867886781678,0.0021169842847199635,20000,20000,20,,
hopper-medium-replay-v2,1,adm,10,42,1,0.05674591588005795,0.3093199469650658,0.0021872223205526126,20000,20000,20,,
hopper-medium-replay-v2,1,adm,10,43,2,0.05797220366730158,0.3092561232918542,0.002186771019031331,20000,20000,20,,
hopper-medium-replay-v2,1,adm,10,44,1,0.06018484399141145,0.3134360059726405,0.002216327252912813,20000,20000,20,,
hopper-medium-replay-v2,1,adm,10,45,5,0.059323466399259256,0.3006664701177034,0.0021260329989565055,20000,20000,20,,
hopper-medium-replay-v2,1,adm,10,46,5,0.06483800201518063,0.3352030275521261,0.002370243338563695,20000,20000,20,,
hopper-medium-replay-v2,1,adm,10,47,5,0.06733046967581065,0.3475633266772564,0.002457643851852433,20000,20000,20,,
hopper-medium-replay-v2,1,adm,10,48,4,0.07097530921925617,0.34718098528199937,0.002454940289919287,20000,20000,20,,
hopper-medium-replay-v2,1,adm,10,49,2,0.07210514651629683,0.37941854151547216,0.0026828942361349995,20000,20000,20,,
hopper-medium-replay-v2,1,adm,10,50,4,0.07750602794268599,0.4313492825751906,0.0030501000276886956,20000,20000,20,,
hopper-medium-replay-v2,1,adm,10,51,2,0.08270310703475105,0.4417017942568265,0.0031233033398126724,20000,20000,20,,
hopper-medium-replay-v2,1,adm,10,52,4,0.08003741617683834,0.40920826318350606,0.0028935393781462657,20000,20000,20,,
hopper-medium-replay-v2,1,adm,10,53,4,0.08002036055547057,0.4043645665217821,0.002859289270591109,20000,20000,20,,
hopper-medium-replay-v2,1,adm,10,54,4,0.08251495268483698,0.411642312500538,0.0029107507059244232,20000,20000,20,,
hopper-medium-replay-v2,1,adm,10,55,5,0.08496994455944054,0.4101730671858038,0.0029003615726716724,20000,20000,20,,
hopper-medium-replay-v2,1,adm,10,56,5,0.09322574593251147,0.4576804990728046,0.0032362898451122352,20000,20000,20,,
hopper-medium-replay-v2,1,adm,10,57,2,0.09368842416376404,0.4725451721767456,0.0033413989566314145,20000,20000,20,,
hopper-medium-replay-v2,1,adm,10,58,1,0.09881304820840962,0.5279830049000336,0.0037334036311606387,20000,20000,20,,
hopper-medium-replay-v2,1,adm,10,59,5,0.10256431520840902,0.5500719419083742,0.00388959600263864,20000,20000,20,,
hopper-medium-replay-v2,1,adm,10,60,2,0.10945905631604548,0.5838267422047744,0.004128278484510463,20000,20000,20,,
hopper-medium-replay-v2,1,adm,10,61,2,0.11099558507586788,0.5846888648373915,0.004134374612107842,20000,20000,20,,
hopper-medium-replay-v2,1,adm,10,62,2,0.12317085119443034,0.6417812614341949,0.0045380788199857565,20000,20000,20,,
hopper-medium-replay-v2,1,adm,10,63,1,0.1300449931421272,0.6574161566546504,0.004648634224321009,20000,20000,20,,
hopper-medium-replay-v2,1,adm,10,64,4,0.12874657113827193,0.6649052288838144,0.004701589961901387,20000,20000,20,,
hopper-medium-replay-v2,1,adm,10,65,5,0.12713501044390083,0.6733892819828353,0.004761581276684031,20000,20000,20,,
hopper-medium-replay-v2,1,adm,10,66,4,0.13797976798625394,0.6939729107520813,0.004907129511525634,20000,20000,20,,
hopper-medium-replay-v2,1,adm,10,67,1,0.14278401191946888,0.7185839179702947,0.005081155612483932,20000,20000,20,,
hopper-medium-replay-v2,1,adm,10,68,1,0.14868171985743467,0.7306930548104572,0.0051667801402238795,20000,20000,20,,
hopper-medium-replay-v2,1,adm,10,69,2,0.1523945651268241,0.7510055208104934,0.005310410964736347,20000,20000,20,,
hopper-medium-replay-v2,1,adm,10,70,1,0.15381633313533322,0.755434653203181,0.005341729660232771,20000,20000,20,,
hopper-medium-replay-v2,1,adm,10,71,3,0.15593414837548672,0.7565124098397328,0.005349350550494516,20000,20000,20,,
hopper-medium-replay-v2,1,adm,10,72,3,0.15726495377508087,0.7553600720566098,0.00534120229188788,20000,20000,20,,
hopper-medium-replay-v2,1,adm,10,73,4,0.16172437996053515,0.7818812364148723,0.005528735243514783,20000,20000,20,,
hopper-medium-replay-v2,1,adm,10,74,1,0.17367978682546975,0.8338246089185968,0.005896030352865607,20000,20000,20,,
hopper-medium-replay-v2,1,adm,10,75,4,0.17160882708280026,0.8059458180816949,0.00569889753234506,20000,20000,20,,
hopper-medium-replay-v2,1,adm,10,76,4,0.17111899353668694,0.804610292400881,0.005689453939691538,20000,20000,20,,
hopper-medium-replay-v2,1,adm,10,77,3,0.1709751202331786,0.8036077570337982,0.005682364944127102,20000,20000,20,,
hopper-medium-replay-v2,1,adm,10,78,3,0.17329569390762362,0.7882194163452046,0.005573552943605968,20000,20000,20,,
hopper-medium-replay-v2,1,adm,10,79,2,0.1905069681650414,0.8571149252045502,0.006060717758683379,20000,20000,20,,
hopper-medium-replay-v2,1,adm,10,80,2,0.19086517637867378,0.8705335480905616,0.006155601751052215,20000,20000,20,,
hopper-medium-replay-v2,1,adm,10,81,5,0.19013892980327918,0.8715834580918247,0.006163025735867503,20000,20000,20,,
hopper-medium-replay-v2,1,adm,10,82,4,0.19562097943608409,0.8637015553326313,0.006107292266970717,20000,20000,20,,
hopper-medium-replay-v2,1,adm,10,83,1,0.20176949099955394,0.8838660231821893,0.0062498765865251224,20000,20000,20,,
hopper-medium-replay-v2,1,adm,10,84,3,0.1980113211885708,0.8354698704351815,0.0059076641086176305,20000,20000,20,,
hopper-medium-replay-v2,1,adm,10,85,2,0.20807545248974316,0.8579082045505048,0.006066327090732376,20000,20000,20,,
hopper-medium-replay-v2,1,adm,10,86,3,0.21650581259376603,0.9040947194660165,0.006392915069693696,20000,20000,20,,
hopper-medium-replay-v2,1,adm,10,87,5,0.22022694277861865,0.9278075725618519,0.006560590261947152,20000,20000,20,,
hopper-medium-replay-v2,1,adm,10,88,4,0.22209019035768382,0.9240371732898631,0.006533929513017111,20000,20000,20,,
hopper-medium-replay-v2,1,adm,10,89,4,0.2300363966511667,0.9370371988595784,0.006625853575376553,20000,20000,20,,
hopper-medium-replay-v2,1,adm,10,90,4,0.23134825497483466,0.9424853593141705,0.0066643778874008975,20000,20000,20,,
hopper-medium-replay-v2,1,adm,10,91,4,0.22601708816841823,0.9245526089450071,0.006537574193487288,20000,20000,20,,
hopper-medium-replay-v2,1,adm,10,92,1,0.23368751728939302,0.9602727894200007,0.006790154011878041,20000,20000,20,,
hopper-medium-replay-v2,1,adm,10,93,2,0.24407399869611207,0.9847419635547977,0.006963177201485535,20000,20000,20,,
hopper-medium-replay-v2,1,adm,10,94,5,0.25562099139235694,1.0265289812348541,0.007258656037156835,20000,20000,20,,
hopper-medium-replay-v2,1,adm,10,95,3,0.2614719404189067,1.0446488259589641,0.00738678268794149,20000,20000,20,,
hopper-medium-replay-v2,1,adm,10,96,4,0.2619321709047608,1.0314353457943783,0.007293349273666964,20000,20000,20,,
hopper-medium-replay-v2,1,adm,10,97,4,0.2722865258896589,1.0713107537338276,0.007575310987232609,20000,20000,20,,
hopper-medium-replay-v2,1,adm,10,98,2,0.2835872926998824,1.1084991795658707,0.007838272868107515,20000,20000,20,,
hopper-medium-replay-v2,1,adm,10,99,3,0.29249594262557793,1.1264607491174758,0.007965280344414453,20000,20000,20,,
hopper-medium-replay-v2,1,adm,10,100,2,0.2993915317269674,1.1390860024307181,0.008054554366734369,20000,20000,20,,
hopper-medium-replay-v2,1,adm,11,1,4,0.0033169211562473337,0.02966530759926951,0.00020976540169428292,20000,20000,20,,
hopper-medium-replay-v2,1,adm,11,2,2,0.0016192435642346421,0.00962796013216228,6.807995898445677e-05,20000,20000,20,,
hopper-medium-replay-v2,1,adm,11,3,4,0.003399368371141076,0.02895140005646143,0.0002047173130476847,20000,20000,20,,
hopper-medium-replay-v2,1,adm,11,4,3,0.008381741021307152,0.0862075117748048,0.0006095791616518362,20000,20000,20,,
hopper-medium-replay-v2,1,adm,11,5,1,0.01151391668633621,0.11747171892283309,0.0008306504904797535,20000,20000,20,,
hopper-medium-replay-v2,1,adm,11,6,1,0.013490091149328476,0.1241824847229638,0.0008781027705220254,20000,20000,20,,
hopper-medium-replay-v2,1,adm,11,7,2,0.013850995046854603,0.12673231633553053,0.000896132802763323,20000,20000,20,,
hopper-medium-replay-v2,1,adm,11,8,2,0.015244540649516625,0.12284784887778345,0.0008686654699566088,20000,20000,20,,
hopper-medium-replay-v2,1,adm,11,9,5,0.011813302164782942,0.09114172992043168,0.0006444693527581009,20000,20000,20,,
hopper-medium-replay-v2,1,adm,11,10,1,0.013379084541697363,0.11286990885498284,0.0007981107794326591,20000,20000,20,,
hopper-medium-replay-v2,1,adm,11,11,1,0.01617388736879185,0.13948534467552562,0.0009863103309620705,20000,20000,20,,
hopper-medium-replay-v2,1,adm,11,12,4,0.021724715219730368,0.20196687251903475,0.0014281214513324845,20000,20000,20,,
hopper-medium-replay-v2,1,adm,11,13,5,0.02060439789085145,0.16995549858529993,0.0012017668554960626,20000,20000,20,,
hopper-medium-replay-v2,1,adm,11,14,4,0.016001176445652562,0.11542378986545943,0.0008161694452411746,20000,20000,20,,
hopper-medium-replay-v2,1,adm,11,15,1,0.017626602281395284,0.1322727879461897,0.0009353098532320096,20000,20000,20,,
hopper-medium-replay-v2,1,adm,11,16,3,0.01911356242016088,0.14389248053334194,0.0010174734874687937,20000,20000,20,,
hopper-medium-replay-v2,1,adm,11,17,1,0.020734904764835225,0.16279384182671552,0.0011511262949108075,20000,20000,20,,
hopper-medium-replay-v2,1,adm,11,18,5,0.019030191262017125,0.13490043843483251,0.0009538901480230843,20000,20000,20,,
hopper-medium-replay-v2,1,adm,11,19,4,0.02184174944182954,0.14831088984037807,0.0010487163592994236,20000,20000,20,,
hopper-medium-replay-v2,1,adm,11,20,5,0.02041401729731676,0.12302649603351337,0.0008699286961091719,20000,20000,20,,
hopper-medium-replay-v2,1,adm,11,21,3,0.020615355178289746,0.12725269397921204,0.0008998124283695738,20000,20000,20,,
hopper-medium-replay-v2,1,adm,11,22,5,0.02447137897244931,0.1423091366278075,0.0010062775553432556,20000,20000,20,,
hopper-medium-replay-v2,1,adm,11,23,1,0.026112887944372023,0.1582989776015562,0.0011193428051695779,20000,20000,20,,
hopper-medium-replay-v2,1,adm,11,24,5,0.024191885629136076,0.14173940731627832,0.0010022489607470254,20000,20000,20,,
hopper-medium-replay-v2,1,adm,11,25,5,0.02345725665081475,0.13265352627204333,0.0009380020797526967,20000,20000,20,,
hopper-medium-replay-v2,1,adm,11,26,2,0.026581205246743303,0.1619537335885566,0.001145185832589479,20000,20000,20,,
hopper-medium-replay-v2,1,adm,11,27,5,0.02860916891620938,0.16775628643181098,0.0011862160772260636,20000,20000,20,,
hopper-medium-replay-v2,1,adm,11,28,4,0.029645981891682185,0.17987083771976028,0.0012718788908934753,20000,20000,20,,
hopper-medium-replay-v2,1,adm,11,29,1,0.030966940338824765,0.18275248359619087,0.0012922552042954985,20000,20000,20,,
hopper-medium-replay-v2,1,adm,11,30,2,0.03198258684525377,0.18188042460076273,0.0012860888160028789,20000,20000,20,,
hopper-medium-replay-v2,1,adm,11,31,5,0.03273590389735902,0.17958209657988103,0.0012698371827133137,20000,20000,20,,
hopper-medium-replay-v2,1,adm,11,32,2,0.035697161528323376,0.21785881080368666,0.001540494424605239,20000,20000,20,,
hopper-medium-replay-v2,1,adm,11,33,5,0.0322143482735046,0.16765086494319278,0.0011854706347312165,20000,20000,20,,
hopper-medium-replay-v2,1,adm,11,34,4,0.03817402501486165,0.21182822199706028,0.001497851722208107,20000,20000,20,,
hopper-medium-replay-v2,1,adm,11,35,4,0.0378520173677474,0.20869755307526447,0.001475714549965589,20000,20000,20,,
hopper-medium-replay-v2,1,adm,11,36,1,0.04169308983546255,0.23304998065960794,0.0016479122167980251,20000,20000,20,,
hopper-medium-replay-v2,1,adm,11,37,3,0.04507234815288603,0.24216068469813803,0.0017123346228683082,20000,20000,20,,
hopper-medium-replay-v2,1,adm,11,38,1,0.048299550110412155,0.2623198562536257,0.001854881491968191,20000,20000,20,,
hopper-medium-replay-v2,1,adm,11,39,3,0.04751215563416349,0.2545133809681475,0.0017996813758529228,20000,20000,20,,
hopper-medium-replay-v2,1,adm,11,40,1,0.05221950237031068,0.2827894263122238,0.0019996232099322693,20000,20000,20,,
hopper-medium-replay-v2,1,adm,11,41,5,0.050695346526518095,0.26122548934990314,0.0018471431493809075,20000,20000,20,,
hopper-medium-replay-v2,1,adm,11,42,4,0.05537890542245607,0.2984805015760924,0.002110575867164169,20000,20000,20,,
hopper-medium-replay-v2,1,adm,11,43,2,0.056786684299956675,0.30227979145302614,0.0021374409035209018,20000,20000,20,,
hopper-medium-replay-v2,1,adm,11,44,5,0.05934804367873205,0.3177087838297701,0.0022465403548856135,20000,20000,20,,
hopper-medium-replay-v2,1,adm,11,45,2,0.06283327293866821,0.3456467611930855,0.0024440916873479795,20000,20000,20,,
hopper-medium-replay-v2,1,adm,11,46,3,0.06264857981576015,0.32009915624231033,0.002263442840310298,20000,20000,20,,
hopper-medium-replay-v2,1,adm,11,47,5,0.0645243323046386,0.3404615533509118,0.0024074267310773526,20000,20000,20,,
hopper-medium-replay-v2,1,adm,11,48,3,0.0701910076492984,0.38648744369724225,0.0027328789228177395,20000,20000,20,,
hopper-medium-replay-v2,1,adm,11,49,1,0.07219200784735029,0.4054303192400906,0.002866825280332948,20000,20000,20,,
hopper-medium-replay-v2,1,adm,11,50,1,0.07813603517126862,0.42248115038077755,0.0029873928635774133,20000,20000,20,,
hopper-medium-replay-v2,1,adm,11,51,5,0.07612083037628936,0.413649557748161,0.00292494407318541,20000,20000,20,,
hopper-medium-replay-v2,1,adm,11,52,5,0.07617698085312165,0.4029147524393473,0.002849037536899615,20000,20000,20,,
hopper-medium-replay-v2,1,adm,11,53,4,0.08651987380398486,0.4431160959060215,0.0031333039626805638,20000,20000,20,,
hopper-medium-replay-v2,1,adm,11,54,2,0.08416426286578504,0.44109777384803145,0.003119032270542332,20000,20000,20,,
hopper-medium-replay-v2,1,adm,11,55,3,0.08985932074252014,0.48520958237709794,0.003430949859955387,20000,20000,20,,
hopper-medium-replay-v2,1,adm,11,56,2,0.09786257816225839,0.5294057055122998,0.003743463643665956,20000,20000,20,,
hopper-medium-replay-v2,1,adm,11,57,4,0.10145418033451303,0.536815996040842,0.003795862310498902,20000,20000,20,,
hopper-medium-replay-v2,1,adm,11,58,3,0.10051287490723741,0.5419204369690406,0.0038319561584438558,20000,20000,20,,
hopper-medium-replay-v2,1,adm,11,59,2,0.10730937103453837,0.5640927473151777,0.003988738068447117,20000,20000,20,,
hopper-medium-replay-v2,1,adm,11,60,5,0.10330513332236503,0.5603479080238908,0.0039622580558738895,20000,20000,20,,
hopper-medium-replay-v2,1,adm,11,61,2,0.1141143717721041,0.5826450575998451,0.00411992271253677,20000,20000,20,,
hopper-medium-replay-v2,1,adm,11,62,3,0.11946588569520059,0.6071417536597864,0.004293140511543273,20000,20000,20,,
hopper-medium-replay-v2,1,adm,11,63,4,0.1196395474166508,0.6047143031997413,0.00427597584473035,20000,20000,20,,
hopper-medium-replay-v2,1,adm,11,64,1,0.12609395899468137,0.6517938029415301,0.004608878179953242,20000,20000,20,,
hopper-medium-replay-v2,1,adm,11,65,4,0.13011177402798374,0.6819104363416829,0.004821834936990815,20000,20000,20,,
hopper-medium-replay-v2,1,adm,11,66,1,0.13260107480583025,0.6872785970211411,0.004859793565180254,20000,20000,20,,
hopper-medium-replay-v2,1,adm,11,67,3,0.13619217371875833,0.6809190618609655,0.00481482486081071,20000,20000,20,,
hopper-medium-replay-v2,1,adm,11,68,3,0.1388139851296217,0.6940588543739247,0.004907737224703686,20000,20000,20,,
hopper-medium-replay-v2,1,adm,11,69,2,0.14084640490995015,0.7018851303126292,0.004963077352580637,20000,20000,20,,
hopper-medium-replay-v2,1,adm,11,70,5,0.14365182410146268,0.7079680020425301,0.005006089751073645,20000,20000,20,,
hopper-medium-replay-v2,1,adm,11,71,2,0.14994578184744345,0.727760818745286,0.005146046100166656,20000,20000,20,,
hopper-medium-replay-v2,1,adm,11,72,1,0.15469045101498052,0.7363558934258247,0.005206822456080794,20000,20000,20,,
hopper-medium-replay-v2,1,adm,11,73,3,0.14806432176269008,0.712480846036172,0.005038000376977057,20000,20000,20,,
hopper-medium-replay-v2,1,adm,11,74,2,0.16689643487483158,0.7729088628150849,0.005465290981357294,20000,20000,20,,
hopper-medium-replay-v2,1,adm,11,75,1,0.17540952415775155,0.8346290509851221,0.005901718617268725,20000,20000,20,,
hopper-medium-replay-v2,1,adm,11,76,1,0.176718644601857,0.8269205102203931,0.005847211002790798,20000,20000,20,,
hopper-medium-replay-v2,1,adm,11,77,2,0.18162007498000796,0.8241534588521913,0.005827644994927327,20000,20000,20,,
hopper-medium-replay-v2,1,adm,11,78,4,0.18650632416161853,0.8578338599740989,0.006065801395191165,20000,20000,20,,
hopper-medium-replay-v2,1,adm,11,79,1,0.1961285811971692,0.9183219929739906,0.006493517085446538,20000,20000,20,,
hopper-medium-replay-v2,1,adm,11,80,1,0.20161362994454815,0.9345455584086664,0.006608235016785367,20000,20000,20,,
hopper-medium-replay-v2,1,adm,11,81,2,0.19932226775961334,0.8695761462668967,0.006148831897833878,20000,20000,20,,
hopper-medium-replay-v2,1,adm,11,82,5,0.20154509967957687,0.8493689946388042,0.006005945758386988,20000,20000,20,,
hopper-medium-replay-v2,1,adm,11,83,1,0.2037169716641233,0.8619842883495339,0.0060951493556821576,20000,20000,20,,
hopper-medium-replay-v2,1,adm,11,84,3,0.20328995224173724,0.8452366655223202,0.0059767257789833834,20000,20000,20,,
hopper-medium-replay-v2,1,adm,11,85,5,0.20601278578598245,0.8706400305391419,0.0061563546956669,20000,20000,20,,
hopper-medium-replay-v2,1,adm,11,86,5,0.212647564783967,0.8913973851705105,0.0063031313578602475,20000,20000,20,,
hopper-medium-replay-v2,1,adm,11,87,4,0.21568188972593874,0.9056274060952185,0.0064037528007831225,20000,20000,20,,
hopper-medium-replay-v2,1,adm,11,88,4,0.22925833315255967,0.940479391567484,0.006650193553435662,20000,20000,20,,
hopper-medium-replay-v2,1,adm,11,89,1,0.23343939328039606,0.9400975477825063,0.006647493510138546,20000,20000,20,,
hopper-medium-replay-v2,1,adm,11,90,4,0.22657559884085426,0.919146721973259,0.006499348800126777,20000,20000,20,,
hopper-medium-replay-v2,1,adm,11,91,2,0.23615331231318792,0.9407421841508544,0.00665205177761313,20000,20000,20,,
hopper-medium-replay-v2,1,adm,11,92,2,0.23583531657770496,0.9573910689675744,0.006769777171144095,20000,20000,20,,
hopper-medium-replay-v2,1,adm,11,93,2,0.25407114971705397,0.990490876870206,0.007003828157383323,20000,20000,20,,
hopper-medium-replay-v2,1,adm,11,94,1,0.2666009207428311,1.0291136696013612,0.007276932543868946,20000,20000,20,,
hopper-medium-replay-v2,1,adm,11,95,1,0.2804291279938895,1.0824433910138749,0.007654030620364725,20000,20000,20,,
hopper-medium-replay-v2,1,adm,11,96,2,0.281079373929766,1.0816030622128667,0.007648088598428532,20000,20000,20,,
hopper-medium-replay-v2,1,adm,11,97,2,0.2881289203507334,1.1103475841276127,0.007851343062107354,20000,20000,20,,
hopper-medium-replay-v2,1,adm,11,98,1,0.29200617835486803,1.092308359497699,0.007723786481475761,20000,20000,20,,
hopper-medium-replay-v2,1,adm,11,99,4,0.29626490717646686,1.1053562799909125,0.007816049212087103,20000,20000,20,,
hopper-medium-replay-v2,1,adm,11,100,2,0.3066627752492687,1.1314535003222768,0.008000584426751374,20000,20000,20,,
hopper-medium-replay-v2,1,adm,12,1,2,0.001642673867898836,0.011034851944917197,7.802818639640513e-05,20000,20000,20,,
hopper-medium-replay-v2,1,adm,12,2,3,0.0021473381455774715,0.015843114602675373,0.0001120277377066737,20000,20000,20,,
hopper-medium-replay-v2,1,adm,12,3,3,0.0021434307674210013,0.014416472919222057,0.00010193985761974139,20000,20000,20,,
hopper-medium-replay-v2,1,adm,12,4,2,0.005648756156130142,0.0498201735242931,0.00035228182538918145,20000,20000,20,,
hopper-medium-replay-v2,1,adm,12,5,3,0.00775451858310535,0.07791473527543613,0.0005509403766761558,20000,20000,20,,
hopper-medium-replay-v2,1,adm,12,6,5,0.00827123003401198,0.06722684353250154,0.0004753655693959883,20000,20000,20,,
hopper-medium-replay-v2,1,adm,12,7,1,0.011414172281270889,0.10736021626035036,0.0007591513694734798,20000,20000,20,,
hopper-medium-replay-v2,1,adm,12,8,3,0.013002934000680063,0.12546021587315198,0.0008871376941303389,20000,20000,20,,
hopper-medium-replay-v2,1,adm,12,9,2,0.013644139228694542,0.1102188104341707,0.000779364682723167,20000,20000,20,,
hopper-medium-replay-v2,1,adm,12,10,3,0.014130897951528056,0.12674749950163386,0.0008962401639604385,20000,20000,20,,
hopper-medium-replay-v2,1,adm,12,11,2,0.01597156148548031,0.13976979694495972,0.0009883217122484782,20000,20000,20,,
hopper-medium-replay-v2,1,adm,12,12,4,0.014293946546192001,0.11285984348112314,0.0007980396064915454,20000,20000,20,,
hopper-medium-replay-v2,1,adm,12,13,5,0.014746676826685203,0.11634720110256726,0.0008226989487170026,20000,20000,20,,
hopper-medium-replay-v2,1,adm,12,14,5,0.016955359903805204,0.13062856697253056,0.0009236834552295743,20000,20000,20,,
hopper-medium-replay-v2,1,adm,12,15,1,0.01988661365572952,0.1586529185050682,0.0011218455452997043,20000,20000,20,,
hopper-medium-replay-v2,1,adm,12,16,5,0.019532676546332804,0.13493559314402792,0.0009541387293557115,20000,20000,20,,
hopper-medium-replay-v2,1,adm,12,17,4,0.016863293792389912,0.13298909409119405,0.0009403749025573914,20000,20000,20,,
hopper-medium-replay-v2,1,adm,12,18,5,0.015722582780222327,0.1071778032549923,0.0007578615147428268,20000,20000,20,,
hopper-medium-replay-v2,1,adm,12,19,5,0.017422329643675117,0.11352000141543062,0.0008027076280115745,20000,20000,20,,
hopper-medium-replay-v2,1,adm,12,20,5,0.01838184261982069,0.10988949938998811,0.0007770361019985557,20000,20000,20,,
hopper-medium-replay-v2,1,adm,12,21,5,0.01848592026781758,0.10384788684073523,0.0007343154499697711,20000,20000,20,,
hopper-medium-replay-v2,1,adm,12,22,4,0.01860517953763437,0.11570244053568944,0.0008181398030261928,20000,20000,20,,
hopper-medium-replay-v2,1,adm,12,23,2,0.020129791217755644,0.11131419160271686,0.0007871101972457973,20000,20000,20,,
hopper-medium-replay-v2,1,adm,12,24,3,0.02151078365041263,0.12868738347316053,0.0009099572150702545,20000,20000,20,,
hopper-medium-replay-v2,1,adm,12,25,4,0.022400787011010795,0.1360665178362228,0.0009621355745443347,20000,20000,20,,
hopper-medium-replay-v2,1,adm,12,26,1,0.025387606677924345,0.14614554060917537,0.0010334050280492186,20000,20000,20,,
hopper-medium-replay-v2,1,adm,12,27,1,0.02908745048698106,0.16751315741237022,0.0011844968954425655,20000,20000,20,,
hopper-medium-replay-v2,1,adm,12,28,4,0.028341754530249143,0.17310654337548542,0.0012240481068856897,20000,20000,20,,
hopper-medium-replay-v2,1,adm,12,29,2,0.03266177626147245,0.19813109698413936,0.0014009984224141445,20000,20000,20,,
hopper-medium-replay-v2,1,adm,12,30,5,0.029289685632133973,0.17644598208647408,0.001247661504464659,20000,20000,20,,
hopper-medium-replay-v2,1,adm,12,31,1,0.032999058578271,0.19666545990707576,0.0013906348032546435,20000,20000,20,,
hopper-medium-replay-v2,1,adm,12,32,2,0.03272886887721685,0.18369980688212065,0.001298953791490067,20000,20000,20,,
hopper-medium-replay-v2,1,adm,12,33,4,0.040681492294613396,0.2390388199657859,0.001690259705646375,20000,20000,20,,
hopper-medium-replay-v2,1,adm,12,34,3,0.036124221481708324,0.20804025018103897,0.0014710667166275852,20000,20000,20,,
hopper-medium-replay-v2,1,adm,12,35,4,0.0360997857272829,0.20797670064719162,0.0014706173535643382,20000,20000,20,,
hopper-medium-replay-v2,1,adm,12,36,3,0.045281617285419656,0.27366604317960724,0.001935111149127908,20000,20000,20,,
hopper-medium-replay-v2,1,adm,12,37,4,0.04690935938327867,0.2839701876448258,0.0020079724533847267,20000,20000,20,,
hopper-medium-replay-v2,1,adm,12,38,2,0.05033378293950475,0.2953004701230913,0.0020880896491161332,20000,20000,20,,
hopper-medium-replay-v2,1,adm,12,39,1,0.052897268508073025,0.31851360609175816,0.00225223130767663,20000,20000,20,,
hopper-medium-replay-v2,1,adm,12,40,1,0.054757125061178975,0.2932760807488145,0.0020737750545730023,20000,20000,20,,
hopper-medium-replay-v2,1,adm,12,41,3,0.053696447500692385,0.2993152455479078,0.002116478398394422,20000,20000,20,,
hopper-medium-replay-v2,1,adm,12,42,1,0.05790642642521492,0.3130990677816086,0.002213944740115619,20000,20000,20,,
hopper-medium-replay-v2,1,adm,12,43,3,0.06028865774927165,0.3040379630369475,0.0021498730540157047,20000,20000,20,,
hopper-medium-replay-v2,1,adm,12,44,5,0.058679881841152304,0.2909782144558466,0.002057526686192826,20000,20000,20,,
hopper-medium-replay-v2,1,adm,12,45,3,0.0651805114791802,0.3264546366117771,0.0023083828729797773,20000,20000,20,,
hopper-medium-replay-v2,1,adm,12,46,2,0.06695879622765581,0.3616754162710137,0.0025574313943370116,20000,20000,20,,
hopper-medium-replay-v2,1,adm,12,47,3,0.06841407227135896,0.3824221856390701,0.002704133207415672,20000,20000,20,,
hopper-medium-replay-v2,1,adm,12,48,5,0.07034551704237132,0.36623459305457734,0.002589669642539873,20000,20000,20,,
hopper-medium-replay-v2,1,adm,12,49,2,0.06774227476622045,0.33244630417585813,0.0023507503606315493,20000,20000,20,,
hopper-medium-replay-v2,1,adm,12,50,2,0.07601044235295752,0.3800754862960227,0.0026875395372269236,20000,20000,20,,
hopper-medium-replay-v2,1,adm,12,51,5,0.0762812491427654,0.40326246935013943,0.0028514962667551586,20000,20000,20,,
hopper-medium-replay-v2,1,adm,12,52,1,0.08322579577994495,0.4538471520167148,0.0032091839881322093,20000,20000,20,,
hopper-medium-replay-v2,1,adm,12,53,1,0.0886895080396963,0.47022090876390654,0.003324963932426592,20000,20000,20,,
hopper-medium-replay-v2,1,adm,12,54,1,0.09230270285760678,0.49353894102267537,0.003489847319767613,20000,20000,20,,
hopper-medium-replay-v2,1,adm,12,55,2,0.0926874947028934,0.48306067085030036,0.0034157547608277016,20000,20000,20,,
hopper-medium-replay-v2,1,adm,12,56,4,0.0915588797787046,0.4647574337796915,0.003286331330324776,20000,20000,20,,
hopper-medium-replay-v2,1,adm,12,57,3,0.0991139068654659,0.5028725729053933,0.0035558460637413014,20000,20000,20,,
hopper-medium-replay-v2,1,adm,12,58,2,0.09718556708801691,0.5050816676080484,0.003571466722186608,20000,20000,20,,
hopper-medium-replay-v2,1,adm,12,59,3,0.10772204292266829,0.5586890711034298,0.003950528307520484,20000,20000,20,,
hopper-medium-replay-v2,1,adm,12,60,3,0.11677373467179229,0.6031614007648347,0.004264995166307914,20000,20000,20,,
hopper-medium-replay-v2,1,adm,12,61,3,0.1117752848635261,0.5485021069400486,0.0038784955931241726,20000,20000,20,,
hopper-medium-replay-v2,1,adm,12,62,3,0.1130396224796031,0.5672770463525189,0.0040112544628734155,20000,20000,20,,
hopper-medium-replay-v2,1,adm,12,63,1,0.12324800236345666,0.6370074120967927,0.004504322607597357,20000,20000,20,,
hopper-medium-replay-v2,1,adm,12,64,1,0.12976603573450535,0.667566418055015,0.0047204074109911485,20000,20000,20,,
hopper-medium-replay-v2,1,adm,12,65,2,0.12897056545754118,0.6406997209030734,0.004530431173548915,20000,20000,20,,
hopper-medium-replay-v2,1,adm,12,66,4,0.12932689556214733,0.6287694107250734,0.004446071141263689,20000,20000,20,,
hopper-medium-replay-v2,1,adm,12,67,1,0.13658543273934637,0.6847116225505386,0.004841642314627297,20000,20000,20,,
hopper-medium-replay-v2,1,adm,12,68,3,0.1468038487920562,0.7173584693483096,0.005072490382177918,20000,20000,20,,
hopper-medium-replay-v2,1,adm,12,69,4,0.15094583026050878,0.7552908354864359,0.005340712715405119,20000,20000,20,,
hopper-medium-replay-v2,1,adm,12,70,3,0.1474907964959102,0.7385278960954604,0.00522218083424534,20000,20000,20,,
hopper-medium-replay-v2,1,adm,12,71,4,0.14390762660765152,0.7043679662913114,0.004980633654151638,20000,20000,20,,
hopper-medium-replay-v2,1,adm,12,72,3,0.14907872291931043,0.7200801900753864,0.005091735854004038,20000,20000,20,,
hopper-medium-replay-v2,1,adm,12,73,4,0.15538990020876853,0.7461320478639869,0.005275950307052308,20000,20000,20,,
hopper-medium-replay-v2,1,adm,12,74,2,0.16310943862236965,0.761133851407369,0.005382029077207846,20000,20000,20,,
hopper-medium-replay-v2,1,adm,12,75,2,0.16454882421223946,0.7750787277565548,0.005480634243501019,20000,20000,20,,
hopper-medium-replay-v2,1,adm,12,76,4,0.16684073872730454,0.7827382683461457,0.0055347953744177515,20000,20000,20,,
hopper-medium-replay-v2,1,adm,12,77,5,0.16771015329062153,0.7643249912174293,0.005404593843201926,20000,20000,20,,
hopper-medium-replay-v2,1,adm,12,78,4,0.17621289637682772,0.7884025297196046,0.00557484775069361,20000,20000,20,,
hopper-medium-replay-v2,1,adm,12,79,5,0.18095068491485403,0.8142597562579773,0.005757685952973211,20000,20000,20,,
hopper-medium-replay-v2,1,adm,12,80,2,0.18926361449967571,0.8616427767491875,0.006092734503997569,20000,20000,20,,
hopper-medium-replay-v2,1,adm,12,81,1,0.19614122285376728,0.8616655656600652,0.006092895645931744,20000,20000,20,,
hopper-medium-replay-v2,1,adm,12,82,3,0.18981053701686443,0.8313206587289594,0.005878324751277149,20000,20000,20,,
hopper-medium-replay-v2,1,adm,12,83,5,0.1937754949635494,0.8197469069697855,0.005796485967750332,20000,20000,20,,
hopper-medium-replay-v2,1,adm,12,84,5,0.19010851114802807,0.7848098072059847,0.005549443366170587,20000,20000,20,,
hopper-medium-replay-v2,1,adm,12,85,2,0.1995281322356674,0.834451080429039,0.005900460175398146,20000,20000,20,,
hopper-medium-replay-v2,1,adm,12,86,4,0.20826489807507673,0.8525206576442125,0.006028231381218377,20000,20000,20,,
hopper-medium-replay-v2,1,adm,12,87,2,0.2189233977763845,0.9118225529075564,0.006447559103997626,20000,20000,20,,
hopper-medium-replay-v2,1,adm,12,88,5,0.2175203810261662,0.9134187380531554,0.006458845837402449,20000,20000,20,,
hopper-medium-replay-v2,1,adm,12,89,4,0.22816419847418065,0.9591535635638809,0.006782239889952624,20000,20000,20,,
hopper-medium-replay-v2,1,adm,12,90,5,0.23300130761435733,0.9729559094130461,0.006879837213414891,20000,20000,20,,
hopper-medium-replay-v2,1,adm,12,91,4,0.24486666832556267,1.0086072470397298,0.007131930239356883,20000,20000,20,,
hopper-medium-replay-v2,1,adm,12,92,1,0.25396820461896014,1.0289148994444637,0.007275527026610549,20000,20000,20,,
hopper-medium-replay-v2,1,adm,12,93,4,0.24705723000360605,0.9765462693801187,0.006905224892211069,20000,20000,20,,
hopper-medium-replay-v2,1,adm,12,94,1,0.2507862380992005,0.9973293826426489,0.007052183695432101,20000,20000,20,,
hopper-medium-replay-v2,1,adm,12,95,1,0.25635426969499614,1.0146913463094012,0.007174951317866851,20000,20000,20,,
hopper-medium-replay-v2,1,adm,12,96,1,0.26410726458364786,1.0376303131675921,0.007337154308055253,20000,20000,20,,
hopper-medium-replay-v2,1,adm,12,97,4,0.2636384507271436,1.0417241154460362,0.0073661018615745,20000,20000,20,,
hopper-medium-replay-v2,1,adm,12,98,1,0.2730970230081229,1.0653197874263296,0.0075329484582136895,20000,20000,20,,
hopper-medium-replay-v2,1,adm,12,99,3,0.2919594254585982,1.1235808383406072,0.007944916300019093,20000,20000,20,,
hopper-medium-replay-v2,1,adm,12,100,5,0.2964118419545822,1.147026078813028,0.008110699185265073,20000,20000,20,,
hopper-medium-replay-v2,1,adm,13,1,3,0.002188496088360494,0.016024103965218355,0.00011330752576244143,20000,20000,20,,
hopper-medium-replay-v2,1,adm,13,2,3,0.002130938385981078,0.014009385628549774,9.906131578204909e-05,20000,20000,20,,
hopper-medium-replay-v2,1,adm,13,3,3,0.0021329048890511805,0.014037160363879904,9.925771281902504e-05,20000,20000,20,,
hopper-medium-replay-v2,1,adm,13,4,3,0.007127614518364439,0.06911631944162017,0.0004887261816782523,20000,20000,20,,
hopper-medium-replay-v2,1,adm,13,5,4,0.0086038270492988,0.08418453923478217,0.0005952745856397944,20000,20000,20,,
hopper-medium-replay-v2,1,adm,13,6,3,0.0069091056613270465,0.05956638412163104,0.00042119794143167995,20000,20000,20,,
hopper-medium-replay-v2,1,adm,13,7,2,0.011516938305545451,0.10752076478208335,0.0007602866189577485,20000,20000,20,,
hopper-medium-replay-v2,1,adm,13,8,2,0.011224765773385886,0.10994615271013004,0.0007774367014670466,20000,20000,20,,
hopper-medium-replay-v2,1,adm,13,9,4,0.011296170288138153,0.09597130677848721,0.0006786196182240278,20000,20000,20,,
hopper-medium-replay-v2,1,adm,13,10,2,0.013751168401742984,0.12782860711116195,0.0009038847491793354,20000,20000,20,,
hopper-medium-replay-v2,1,adm,13,11,2,0.013501505105593791,0.1225958069489751,0.0008668832643865715,20000,20000,20,,
hopper-medium-replay-v2,1,adm,13,12,1,0.014769982044026887,0.11509812902291452,0.0008138666753398703,20000,20000,20,,
hopper-medium-replay-v2,1,adm,13,13,3,0.017620153578955404,0.14472895917615775,0.0010233882846753214,20000,20000,20,,
hopper-medium-replay-v2,1,adm,13,14,3,0.016836378424412025,0.1351021963058803,0.0009553167916108409,20000,20000,20,,
hopper-medium-replay-v2,1,adm,13,15,4,0.01683259627146384,0.1386413070351956,0.00098034208357153,20000,20000,20,,
hopper-medium-replay-v2,1,adm,13,16,5,0.01614909986076844,0.10551692252942826,0.0007461173145049432,20000,20000,20,,
hopper-medium-replay-v2,1,adm,13,17,2,0.018774472454893103,0.13558080374123105,0.000958701057241469,20000,20000,20,,
hopper-medium-replay-v2,1,adm,13,18,1,0.02047209047668343,0.1501176952404619,0.001061492402806261,20000,20000,20,,
hopper-medium-replay-v2,1,adm,13,19,5,0.019477076393634333,0.13407954008998715,0.0009480855201600347,20000,20000,20,,
hopper-medium-replay-v2,1,adm,13,20,3,0.021335681986032095,0.15479055879759557,0.0010945345378943483,20000,20000,20,,
hopper-medium-replay-v2,1,adm,13,21,4,0.020733174768224664,0.1354036269201166,0.000957448227924678,20000,20000,20,,
hopper-medium-replay-v2,1,adm,13,22,2,0.022310286268278526,0.14654748280856159,0.0010362471885975288,20000,20000,20,,
hopper-medium-replay-v2,1,adm,13,23,3,0.023233954746862764,0.1607087711722894,0.0011363826189208298,20000,20000,20,,
hopper-medium-replay-v2,1,adm,13,24,1,0.02613996292730783,0.17663686904883794,0.0012490112791199348,20000,20000,20,,
hopper-medium-replay-v2,1,adm,13,25,3,0.028150452592789945,0.18944624887207787,0.0013395872724780058,20000,20000,20,,
hopper-medium-replay-v2,1,adm,13,26,2,0.030246328538380555,0.19562686416608974,0.0013832908223410166,20000,20000,20,,
hopper-medium-replay-v2,1,adm,13,27,4,0.029497277172518592,0.17968636805926047,0.0012705744934148494,20000,20000,20,,
hopper-medium-replay-v2,1,adm,13,28,1,0.03178962061326429,0.20721773936323964,0.0014652506868589332,20000,20000,20,,
hopper-medium-replay-v2,1,adm,13,29,3,0.03570183876883984,0.22361203405222202,0.0015811758563324336,20000,20000,20,,
hopper-medium-replay-v2,1,adm,13,30,2,0.03275836796080988,0.1964293386088029,0.0013889651735427304,20000,20000,20,,
hopper-medium-replay-v2,1,adm,13,31,2,0.03922770609487495,0.24120559354364962,0.0017055811085484077,20000,20000,20,,
hopper-medium-replay-v2,1,adm,13,32,4,0.035795341700503365,0.20884622496756478,0.001476765818997763,20000,20000,20,,
hopper-medium-replay-v2,1,adm,13,33,2,0.04259975378834555,0.24749323570125187,0.0017500414526215573,20000,20000,20,,
hopper-medium-replay-v2,1,adm,13,34,1,0.04618496606981277,0.2773519018007291,0.0019611741053828097,20000,20000,20,,
hopper-medium-replay-v2,1,adm,13,35,3,0.038549092765053306,0.22491104841922233,0.0015903612750100802,20000,20000,20,,
hopper-medium-replay-v2,1,adm,13,36,2,0.04742195183098837,0.25549676379913167,0.001806634942535836,20000,20000,20,,
hopper-medium-replay-v2,1,adm,13,37,2,0.04404592521727974,0.24633945216359066,0.0017418829709865409,20000,20000,20,,
hopper-medium-replay-v2,1,adm,13,38,5,0.048118102331873636,0.26200924506048395,0.0018526851391583612,20000,20000,20,,
hopper-medium-replay-v2,1,adm,13,39,4,0.04649686972787754,0.25705804025768536,0.0018176748342473383,20000,20000,20,,
hopper-medium-replay-v2,1,adm,13,40,5,0.04681964952794136,0.262699469652337,0.0018575657640527712,20000,20000,20,,
hopper-medium-replay-v2,1,adm,13,41,5,0.05573797057626555,0.3018729349286248,0.00213456399344716,20000,20000,20,,
hopper-medium-replay-v2,1,adm,13,42,3,0.0505840508078184,0.26520798934056294,0.0018753036768756166,20000,20000,20,,
hopper-medium-replay-v2,1,adm,13,43,1,0.05541663568106729,0.29991329245813303,0.002120707228651301,20000,20000,20,,
hopper-medium-replay-v2,1,adm,13,44,2,0.05896445869576048,0.3175316331005758,0.0022452877100665593,20000,20000,20,,
hopper-medium-replay-v2,1,adm,13,45,5,0.05608673937623429,0.2925775238405373,0.002068835511304127,20000,20000,20,,
hopper-medium-replay-v2,1,adm,13,46,3,0.06470918967665713,0.3407108941700005,0.0024091898369173947,20000,20000,20,,
hopper-medium-replay-v2,1,adm,13,47,2,0.05881486955140604,0.3009286007489268,0.002127886542425453,20000,20000,20,,
hopper-medium-replay-v2,1,adm,13,48,3,0.062278247079669426,0.34021685247077504,0.0024056964345602824,20000,20000,20,,
hopper-medium-replay-v2,1,adm,13,49,5,0.06668907476444634,0.3788495834935898,0.002678871095380165,20000,20000,20,,
hopper-medium-replay-v2,1,adm,13,50,1,0.07406017455707896,0.4375414579234827,0.0030938853194794305,20000,20000,20,,
hopper-medium-replay-v2,1,adm,13,51,1,0.07609201824567999,0.4125888533470291,0.0029174437604366625,20000,20000,20,,
hopper-medium-replay-v2,1,adm,13,52,5,0.07222041622733077,0.3897874463563955,0.0027562134653999486,20000,20000,20,,
hopper-medium-replay-v2,1,adm,13,53,5,0.07586942497550345,0.4267570052812944,0.0030176277235326654,20000,20000,20,,
hopper-medium-replay-v2,1,adm,13,54,5,0.08217714399280628,0.4733673014172075,0.0033472122882408383,20000,20000,20,,
hopper-medium-replay-v2,1,adm,13,55,3,0.08656342678840928,0.49229634546939777,0.0034810608423476645,20000,20000,20,,
hopper-medium-replay-v2,1,adm,13,56,2,0.08901780155215738,0.5009291078712588,0.003542103690694946,20000,20000,20,,
hopper-medium-replay-v2,1,adm,13,57,5,0.09307605624692043,0.5073884238842776,0.003587777952241271,20000,20000,20,,
hopper-medium-replay-v2,1,adm,13,58,3,0.09595374813294391,0.5124977553186509,0.0036239063812870207,20000,20000,20,,
hopper-medium-replay-v2,1,adm,13,59,3,0.09700926487138281,0.4968131522478166,0.0035129994893709575,20000,20000,20,,
hopper-medium-replay-v2,1,adm,13,60,1,0.1004467987640894,0.507536222579575,0.003588823046838224,20000,20000,20,,
hopper-medium-replay-v2,1,adm,13,61,4,0.102015545314211,0.5318173272681128,0.0037605163846378795,20000,20000,20,,
hopper-medium-replay-v2,1,adm,13,62,1,0.10800721400991478,0.5784820296376884,0.004090485659513668,20000,20000,20,,
hopper-medium-replay-v2,1,adm,13,63,5,0.10930616638958886,0.5880590549505826,0.004158205454937096,20000,20000,20,,
hopper-medium-replay-v2,1,adm,13,64,3,0.11292248529413926,0.5910183683498885,0.004179130960660149,20000,20000,20,,
hopper-medium-replay-v2,1,adm,13,65,4,0.11903600215105152,0.6417910720247936,0.004538148191337155,20000,20000,20,,
hopper-medium-replay-v2,1,adm,13,66,4,0.1255897608915699,0.6546167973420799,0.004628839764792046,20000,20000,20,,
hopper-medium-replay-v2,1,adm,13,67,4,0.12576927832274265,0.6526702665589066,0.0046150757136263435,20000,20000,20,,
hopper-medium-replay-v2,1,adm,13,68,3,0.13078371164498281,0.6745378972994209,0.004769703213477355,20000,20000,20,,
hopper-medium-replay-v2,1,adm,13,69,3,0.13341419650490624,0.6705618489170879,0.00474158830574262,20000,20000,20,,
hopper-medium-replay-v2,1,adm,13,70,5,0.130001700018495,0.6682875045980038,0.004725506262834845,20000,20000,20,,
hopper-medium-replay-v2,1,adm,13,71,2,0.13883799973317829,0.6851941531714167,0.004845054321368827,20000,20000,20,,
hopper-medium-replay-v2,1,adm,13,72,1,0.1445418525242752,0.6850865956853903,0.00484429377509146,20000,20000,20,,
hopper-medium-replay-v2,1,adm,13,73,3,0.14532455424925284,0.706522463873985,0.004995868252659223,20000,20000,20,,
hopper-medium-replay-v2,1,adm,13,74,1,0.15133328978623492,0.7234380927476658,0.00511547981150537,20000,20000,20,,
hopper-medium-replay-v2,1,adm,13,75,5,0.14836447465778807,0.6927528437332171,0.004898502334900225,20000,20000,20,,
hopper-medium-replay-v2,1,adm,13,76,4,0.1613002415573124,0.7494951926788552,0.005299731332099366,20000,20000,20,,
hopper-medium-replay-v2,1,adm,13,77,5,0.16750996969550416,0.7988361696901255,0.005648624726449753,20000,20000,20,,
hopper-medium-replay-v2,1,adm,13,78,4,0.16490963469127623,0.7586026695849675,0.005364130918897484,20000,20000,20,,
hopper-medium-replay-v2,1,adm,13,79,4,0.16583793585057713,0.7788247982427852,0.005507122961937181,20000,20000,20,,
hopper-medium-replay-v2,1,adm,13,80,3,0.17664924929087497,0.8200363234798821,0.0057985324515190985,20000,20000,20,,
hopper-medium-replay-v2,1,adm,13,81,3,0.18068397501641192,0.8275646549276877,0.005851765793696732,20000,20000,20,,
hopper-medium-replay-v2,1,adm,13,82,1,0.18248224587332382,0.810288125486373,0.005729602282463504,20000,20000,20,,
hopper-medium-replay-v2,1,adm,13,83,1,0.1907118192715044,0.8351617673691317,0.005905485490944549,20000,20000,20,,
hopper-medium-replay-v2,1,adm,13,84,3,0.19337933856504672,0.8507965132224277,0.006016039839094487,20000,20000,20,,
hopper-medium-replay-v2,1,adm,13,85,4,0.1952593884256619,0.8379964615764083,0.005925529805910104,20000,20000,20,,
hopper-medium-replay-v2,1,adm,13,86,1,0.2058479162989217,0.8797366276524017,0.00622067735071198,20000,20000,20,,
hopper-medium-replay-v2,1,adm,13,87,4,0.21442308566035453,0.910927236373059,0.006441228260069111,20000,20000,20,,
hopper-medium-replay-v2,1,adm,13,88,3,0.21033588239185627,0.8900308475856389,0.006293468477930157,20000,20000,20,,
hopper-medium-replay-v2,1,adm,13,89,4,0.21703152116976981,0.9118445871232905,0.006447714909431263,20000,20000,20,,
hopper-medium-replay-v2,1,adm,13,90,4,0.21735294542683364,0.9004379411238479,0.00636705774206326,20000,20000,20,,
hopper-medium-replay-v2,1,adm,13,91,4,0.22349051456046304,0.9194787653797286,0.006501696701570406,20000,20000,20,,
hopper-medium-replay-v2,1,adm,13,92,4,0.22401771623564454,0.9144807205254117,0.006466355187478786,20000,20000,20,,
hopper-medium-replay-v2,1,adm,13,93,2,0.23539611265580843,0.9758239424347966,0.0069001172693983585,20000,20000,20,,
hopper-medium-replay-v2,1,adm,13,94,3,0.2414579822987368,0.9857103346880597,0.006970024619435883,20000,20000,20,,
hopper-medium-replay-v2,1,adm,13,95,5,0.24590148448356114,1.0042950701960858,0.00710143854447872,20000,20000,20,,
hopper-medium-replay-v2,1,adm,13,96,1,0.24830797636506685,1.0117328450129437,0.007154031554578107,20000,20000,20,,
hopper-medium-replay-v2,1,adm,13,97,1,0.24435227629960787,0.9972832252759435,0.007051857313562109,20000,20000,20,,
hopper-medium-replay-v2,1,adm,13,98,4,0.25221515655635857,0.9925649060396473,0.0070184937582842295,20000,20000,20,,
hopper-medium-replay-v2,1,adm,13,99,4,0.2609425368452178,1.04080199330209,0.007359581473363835,20000,20000,20,,
hopper-medium-replay-v2,1,adm,13,100,4,0.26955756990309376,1.0654149847803558,0.007533621605159519,20000,20000,20,,
hopper-medium-replay-v2,1,adm,14,1,4,0.003336325057871685,0.027937582236046258,0.00019754853849065137,20000,20000,20,,
hopper-medium-replay-v2,1,adm,14,2,5,0.004627962865296981,0.03695984669700439,0.00026134558231067024,20000,20000,20,,
hopper-medium-replay-v2,1,adm,14,3,3,0.002069677645131229,0.01367394361847727,9.668938258187794e-05,20000,20000,20,,
hopper-medium-replay-v2,1,adm,14,4,2,0.00761162072896613,0.06841451506379506,0.0004837636753319869,20000,20000,20,,
hopper-medium-replay-v2,1,adm,14,5,5,0.004576755504464291,0.034413808597881755,0.00024334237426018102,20000,20000,20,,
hopper-medium-replay-v2,1,adm,14,6,3,0.007369295061607687,0.06930752757853487,0.0004900782273805566,20000,20000,20,,
hopper-medium-replay-v2,1,adm,14,7,4,0.008641951022180147,0.0902380455191357,0.000638079339076012,20000,20000,20,,
hopper-medium-replay-v2,1,adm,14,8,2,0.01164726923814142,0.11229479857087858,0.0007940441356144567,20000,20000,20,,
hopper-medium-replay-v2,1,adm,14,9,3,0.0124296906139255,0.11958305108477033,0.0008455798633701842,20000,20000,20,,
hopper-medium-replay-v2,1,adm,14,10,1,0.01421250572241153,0.1328489509698023,0.0009393839410426636,20000,20000,20,,
hopper-medium-replay-v2,1,adm,14,11,3,0.0164443872412866,0.15968403617615276,0.0011291366482739558,20000,20000,20,,
hopper-medium-replay-v2,1,adm,14,12,4,0.015908936681819235,0.1545961964804059,0.0010931601887694288,20000,20000,20,,
hopper-medium-replay-v2,1,adm,14,13,4,0.01438701714620346,0.1282765576735647,0.0009070522379824485,20000,20000,20,,
hopper-medium-replay-v2,1,adm,14,14,3,0.01799939965921433,0.15932963396150576,0.0011266306461815117,20000,20000,20,,
hopper-medium-replay-v2,1,adm,14,15,4,0.017291628947878366,0.1527566193207295,0.0010801524139281982,20000,20000,20,,
hopper-medium-replay-v2,1,adm,14,16,2,0.01946398431048892,0.15519849109564782,0.0010974190548365258,20000,20000,20,,
hopper-medium-replay-v2,1,adm,14,17,4,0.015488441780641463,0.12362956087769926,0.0008741930085173625,20000,20000,20,,
hopper-medium-replay-v2,1,adm,14,18,3,0.01827198541776991,0.14702113133275083,0.001039596389431061,20000,20000,20,,
hopper-medium-replay-v2,1,adm,14,19,2,0.018935417042861138,0.1398306980369122,0.0009887523479994906,20000,20000,20,,
hopper-medium-replay-v2,1,adm,14,20,2,0.02085389683663796,0.15162232986854507,0.0010721317762935182,20000,20000,20,,
hopper-medium-replay-v2,1,adm,14,21,3,0.021073955613798368,0.14390856378801814,0.0010175872132532446,20000,20000,20,,
hopper-medium-replay-v2,1,adm,14,22,3,0.02208674902529411,0.14890470935278172,0.0010529152973396388,20000,20000,20,,
hopper-medium-replay-v2,1,adm,14,23,4,0.022886984277375913,0.16105485740310474,0.0011388298181276779,20000,20000,20,,
hopper-medium-replay-v2,1,adm,14,24,2,0.02396165949296169,0.15249040817812473,0.0010782700168865656,20000,20000,20,,
hopper-medium-replay-v2,1,adm,14,25,4,0.022121107865117746,0.13321128140736177,0.0009419460041369496,20000,20000,20,,
hopper-medium-replay-v2,1,adm,14,26,2,0.027423367864647424,0.17519128565623,0.0012387894609230976,20000,20000,20,,
hopper-medium-replay-v2,1,adm,14,27,5,0.025554062008670237,0.1601718015244492,0.0011325856701280383,20000,20000,20,,
hopper-medium-replay-v2,1,adm,14,28,3,0.025966250488942903,0.1550690643151249,0.001096503869294777,20000,20000,20,,
hopper-medium-replay-v2,1,adm,14,29,3,0.030929222303806358,0.19896748871874081,0.001406912605086795,20000,20000,20,,
hopper-medium-replay-v2,1,adm,14,30,5,0.026543034110905177,0.15056642294637976,0.0010646653868438692,20000,20000,20,,
hopper-medium-replay-v2,1,adm,14,31,3,0.028513707315039345,0.15743278310166034,0.0011132178851225494,20000,20000,20,,
hopper-medium-replay-v2,1,adm,14,32,3,0.0354522299682642,0.22362255640328663,0.0015812502605903518,20000,20000,20,,
hopper-medium-replay-v2,1,adm,14,33,1,0.03833507473617823,0.23651500983164633,0.0016724136730436007,20000,20000,20,,
hopper-medium-replay-v2,1,adm,14,34,5,0.036622280815864404,0.21920882079324258,0.0015500404367880848,20000,20000,20,,
hopper-medium-replay-v2,1,adm,14,35,1,0.037125601422600435,0.2127503285456574,0.0015043720001430025,20000,20000,20,,
hopper-medium-replay-v2,1,adm,14,36,5,0.03734046521852784,0.21283194059799942,0.0015049490844993786,20000,20000,20,,
hopper-medium-replay-v2,1,adm,14,37,1,0.040009154926246245,0.23331636713966564,0.0016497958536626773,20000,20000,20,,
hopper-medium-replay-v2,1,adm,14,38,3,0.04047914360828493,0.22054565127918546,0.001559493255807156,20000,20000,20,,
hopper-medium-replay-v2,1,adm,14,39,3,0.043054628353774445,0.26448246847737444,0.0018701734696530876,20000,20000,20,,
hopper-medium-replay-v2,1,adm,14,40,2,0.04523182610935732,0.24618488540040243,0.0017407900189225763,20000,20000,20,,
hopper-medium-replay-v2,1,adm,14,41,5,0.0421408359830574,0.22181965485208688,0.0015685018214637008,20000,20000,20,,
hopper-medium-replay-v2,1,adm,14,42,2,0.05187648914766771,0.28714809879865766,0.0020304436786535555,20000,20000,20,,
hopper-medium-replay-v2,1,adm,14,43,1,0.05756334524752269,0.313183929838986,0.002214544805477989,20000,20000,20,,
hopper-medium-replay-v2,1,adm,14,44,2,0.06001347663353741,0.32259258591584755,0.002281074050615997,20000,20000,20,,
hopper-medium-replay-v2,1,adm,14,45,1,0.05909478478045614,0.28817233760850647,0.0020376861407335406,20000,20000,20,,
hopper-medium-replay-v2,1,adm,14,46,1,0.061124610170403104,0.30028134741190865,0.0021233097701879415,20000,20000,20,,
hopper-medium-replay-v2,1,adm,14,47,3,0.060846213013203546,0.3033234483266391,0.0021448206720465386,20000,20000,20,,
hopper-medium-replay-v2,1,adm,14,48,4,0.06086680726714311,0.31171766418380575,0.0022041767416,20000,20000,20,,
hopper-medium-replay-v2,1,adm,14,49,5,0.06290736397200132,0.3247776474669587,0.0022965247690170045,20000,20000,20,,
hopper-medium-replay-v2,1,adm,14,50,4,0.07479688429123335,0.3969530813237975,0.0028068821561695228,20000,20000,20,,
hopper-medium-replay-v2,1,adm,14,51,1,0.07661069522020851,0.40994667227256015,0.002898760718887865,20000,20000,20,,
hopper-medium-replay-v2,1,adm,14,52,1,0.08095053770938739,0.43188924955909663,0.0030539181708480636,20000,20000,20,,
hopper-medium-replay-v2,1,adm,14,53,2,0.08441068603780302,0.4274630098719917,0.003022619929868974,20000,20000,20,,
hopper-medium-replay-v2,1,adm,14,54,3,0.08744259443369218,0.43886744785244686,0.0031032614841849868,20000,20000,20,,
hopper-medium-replay-v2,1,adm,14,55,4,0.08930528372285716,0.4405400368399663,0.0031150884743371163,20000,20000,20,,
hopper-medium-replay-v2,1,adm,14,56,3,0.09553457494822883,0.46691871137723007,0.0033016138707772373,20000,20000,20,,
hopper-medium-replay-v2,1,adm,14,57,4,0.09494587302838647,0.48737911261678685,0.00344629075540012,20000,20000,20,,
hopper-medium-replay-v2,1,adm,14,58,3,0.09858691134596316,0.4976082365817516,0.0035186215846123637,20000,20000,20,,
hopper-medium-replay-v2,1,adm,14,59,2,0.10700180466906681,0.5536797285620185,0.003915106906717303,20000,20000,20,,
hopper-medium-replay-v2,1,adm,14,60,1,0.11482034885910909,0.6002966917203558,0.00424473861439314,20000,20000,20,,
hopper-medium-replay-v2,1,adm,14,61,3,0.11121688384484009,0.5894598645229807,0.0041681106744150325,20000,20000,20,,
hopper-medium-replay-v2,1,adm,14,62,3,0.11161940023795912,0.5809576125939628,0.004107990674471383,20000,20000,20,,
hopper-medium-replay-v2,1,adm,14,63,5,0.1129362549454552,0.5780507607806252,0.004087436128180228,20000,20000,20,,
hopper-medium-replay-v2,1,adm,14,64,3,0.12258010802933095,0.630013859031576,0.0044548707196273305,20000,20000,20,,
hopper-medium-replay-v2,1,adm,14,65,2,0.12114346236157505,0.6243887738811857,0.004415095361081403,20000,20000,20,,
hopper-medium-replay-v2,1,adm,14,66,1,0.12720527017247069,0.6311448380738932,0.004462867949129354,20000,20000,20,,
hopper-medium-replay-v2,1,adm,14,67,5,0.1272445689122615,0.6350829766694653,0.004490714794191168,20000,20000,20,,
hopper-medium-replay-v2,1,adm,14,68,1,0.13311477521819778,0.6576174169845802,0.004650057349761781,20000,20000,20,,
hopper-medium-replay-v2,1,adm,14,69,2,0.13359454105774704,0.6477425128172506,0.00458023123275892,20000,20000,20,,
hopper-medium-replay-v2,1,adm,14,70,1,0.13955827799552703,0.6704000721911937,0.00474044437154344,20000,20000,20,,
hopper-medium-replay-v2,1,adm,14,71,2,0.1440830479279166,0.7007733579756982,0.004955215934994841,20000,20000,20,,
hopper-medium-replay-v2,1,adm,14,72,5,0.14278786035328248,0.6990243576347154,0.004942848634980776,20000,20000,20,,
hopper-medium-replay-v2,1,adm,14,73,1,0.14770640737703133,0.7386185830738047,0.005222822088018866,20000,20000,20,,
hopper-medium-replay-v2,1,adm,14,74,5,0.15170228950547288,0.7245919845635768,0.005123639058783233,20000,20000,20,,
hopper-medium-replay-v2,1,adm,14,75,2,0.15558820924232789,0.7471547143899101,0.0052831816514060355,20000,20000,20,,
hopper-medium-replay-v2,1,adm,14,76,2,0.1632436768350846,0.7775389371707124,0.005498030551099917,20000,20000,20,,
hopper-medium-replay-v2,1,adm,14,77,2,0.17203839327967238,0.8047596008947095,0.0056905097101762865,20000,20000,20,,
hopper-medium-replay-v2,1,adm,14,78,1,0.1771818063755692,0.8383080983722496,0.00592773341082617,20000,20000,20,,
hopper-medium-replay-v2,1,adm,14,79,4,0.1781656340817143,0.8405718838930334,0.005943740791755151,20000,20000,20,,
hopper-medium-replay-v2,1,adm,14,80,2,0.18511447449317306,0.8382343557970074,0.005927211972076012,20000,20000,20,,
hopper-medium-replay-v2,1,adm,14,81,5,0.18032075160698266,0.8191244282509912,0.005792084378518294,20000,20000,20,,
hopper-medium-replay-v2,1,adm,14,82,1,0.1904236504915541,0.8486640100410876,0.006000960764490213,20000,20000,20,,
hopper-medium-replay-v2,1,adm,14,83,2,0.1908151117078993,0.8327135585507115,0.005888174040371893,20000,20000,20,,
hopper-medium-replay-v2,1,adm,14,84,1,0.19392096004810402,0.8190242784422308,0.005791376212429204,20000,20000,20,,
hopper-medium-replay-v2,1,adm,14,85,4,0.19715757676637913,0.8478727267561571,0.005995365546724074,20000,20000,20,,
hopper-medium-replay-v2,1,adm,14,86,2,0.20361605061642998,0.8390218041258032,0.005932780072607266,20000,20000,20,,
hopper-medium-replay-v2,1,adm,14,87,1,0.2051151128793102,0.8401336187123091,0.005940641788942671,20000,20000,20,,
hopper-medium-replay-v2,1,adm,14,88,3,0.2068467793435907,0.8601387492567834,0.00608209942360787,20000,20000,20,,
hopper-medium-replay-v2,1,adm,14,89,1,0.21449990404648134,0.895004726065487,0.006328639109949141,20000,20000,20,,
hopper-medium-replay-v2,1,adm,14,90,5,0.214124866213223,0.8906589978395996,0.006297910170971954,20000,20000,20,,
hopper-medium-replay-v2,1,adm,14,91,5,0.23090354082819636,0.9545634894634918,0.006749783164727285,20000,20000,20,,
hopper-medium-replay-v2,1,adm,14,92,2,0.23405273059769593,0.9665032293915186,0.006834209875414401,20000,20000,20,,
hopper-medium-replay-v2,1,adm,14,93,5,0.2422869411577399,0.9731192208643166,0.0068809919997612785,20000,20000,20,,
hopper-medium-replay-v2,1,adm,14,94,3,0.2545688997634404,1.012065634439235,0.007156384731178485,20000,20000,20,,
hopper-medium-replay-v2,1,adm,14,95,3,0.2511921721112961,0.9776324810070841,0.006912905568283377,20000,20000,20,,
hopper-medium-replay-v2,1,adm,14,96,3,0.2527360073786303,1.0080809130077815,0.007128208495725283,20000,20000,20,,
hopper-medium-replay-v2,1,adm,14,97,2,0.25889827465143755,1.02166976068267,0.00722429615911953,20000,20000,20,,
hopper-medium-replay-v2,1,adm,14,98,5,0.2606905196433991,1.028750965399181,0.007274367837859682,20000,20000,20,,
hopper-medium-replay-v2,1,adm,14,99,3,0.2647264354492658,1.003796380343264,0.007097912274712327,20000,20000,20,,
hopper-medium-replay-v2,1,adm,14,100,1,0.26973126047771595,1.0430152315878245,0.0073752314313660795,20000,20000,20,,
hopper-medium-replay-v2,1,adm,15,1,3,0.0021651243513502484,0.015505885558645554,0.00010964316826820828,20000,20000,20,,
hopper-medium-replay-v2,1,adm,15,2,1,0.004616913784020235,0.03546572793493199,0.0002507805672250758,20000,20000,20,,
hopper-medium-replay-v2,1,adm,15,3,4,0.0032806312913478287,0.027404879620141213,0.00019378176217002866,20000,20000,20,,
hopper-medium-replay-v2,1,adm,15,4,1,0.005354804114639091,0.040426807730660104,0.00028586069888074503,20000,20000,20,,
hopper-medium-replay-v2,1,adm,15,5,5,0.0048321823679862074,0.03712176849849984,0.00026249054234926396,20000,20000,20,,
hopper-medium-replay-v2,1,adm,15,6,4,0.012517795509635594,0.12573885646285232,0.0008891079806352482,20000,20000,20,,
hopper-medium-replay-v2,1,adm,15,7,3,0.011067412439783922,0.10581493029624105,0.000748224547632539,20000,20000,20,,
hopper-medium-replay-v2,1,adm,15,8,4,0.011894003057532857,0.10601247229182169,0.0007496213804789809,20000,20000,20,,
hopper-medium-replay-v2,1,adm,15,9,1,0.013426473831998452,0.11195162387173717,0.0007916175240455112,20000,20000,20,,
hopper-medium-replay-v2,1,adm,15,10,5,0.009439712257595718,0.08081342696286453,0.0005714372221636529,20000,20000,20,,
hopper-medium-replay-v2,1,adm,15,11,4,0.015003028116542515,0.13892927739843608,0.000982378341537811,20000,20000,20,,
hopper-medium-replay-v2,1,adm,15,12,4,0.014447909369447788,0.13971359216582793,0.0009879242844438862,20000,20000,20,,
hopper-medium-replay-v2,1,adm,15,13,2,0.01733758855854192,0.15709937390004683,0.0011108603260488402,20000,20000,20,,
hopper-medium-replay-v2,1,adm,15,14,2,0.016954542245306292,0.15120088904112958,0.0010691517396241746,20000,20000,20,,
hopper-medium-replay-v2,1,adm,15,15,4,0.015568820338131914,0.12430656547870605,0.0008789801539600264,20000,20000,20,,
hopper-medium-replay-v2,1,adm,15,16,5,0.015717427110937512,0.11105082386685051,0.0007852479061260289,20000,20000,20,,
hopper-medium-replay-v2,1,adm,15,17,2,0.01706040342802384,0.12241816416739623,0.000865627140231739,20000,20000,20,,
hopper-medium-replay-v2,1,adm,15,18,4,0.01828823601821149,0.1408575492643414,0.0009960132826613399,20000,20000,20,,
hopper-medium-replay-v2,1,adm,15,19,3,0.017110457162610247,0.11734110463417341,0.0008297269079874423,20000,20000,20,,
hopper-medium-replay-v2,1,adm,15,20,3,0.02098321933857377,0.1407888407386836,0.0009955274400171605,20000,20000,20,,
hopper-medium-replay-v2,1,adm,15,21,4,0.02152108518149435,0.14900945902861462,0.0010536559894007242,20000,20000,20,,
hopper-medium-replay-v2,1,adm,15,22,3,0.021836996701317536,0.14132693076515565,0.0009993323110832327,20000,20000,20,,
hopper-medium-replay-v2,1,adm,15,23,5,0.02101262344661266,0.13468409111324653,0.0009523603414412344,20000,20000,20,,
hopper-medium-replay-v2,1,adm,15,24,2,0.023690937020189932,0.14335090364345626,0.0010136439605550728,20000,20000,20,,
hopper-medium-replay-v2,1,adm,15,25,3,0.025577856532699308,0.16459706049922002,0.001163876976423709,20000,20000,20,,
hopper-medium-replay-v2,1,adm,15,26,5,0.024537786603118377,0.16066529675507166,0.0011360752083686017,20000,20000,20,,
hopper-medium-replay-v2,1,adm,15,27,5,0.02687408348530365,0.15912476815470114,0.0011251820261692635,20000,20000,20,,
hopper-medium-replay-v2,1,adm,15,28,4,0.02993551701712423,0.18766444624140127,0.0013269880252491314,20000,20000,20,,
hopper-medium-replay-v2,1,adm,15,29,2,0.029128326778454335,0.17835456111955353,0.0012611571962318686,20000,20000,20,,
hopper-medium-replay-v2,1,adm,15,30,2,0.03276583934593879,0.20128857196240796,0.0014233251420997502,20000,20000,20,,
hopper-medium-replay-v2,1,adm,15,31,1,0.032636169722653936,0.1785293690897058,0.0012623932752428696,20000,20000,20,,
hopper-medium-replay-v2,1,adm,15,32,4,0.031215187958702893,0.17473636576081844,0.0012355726914936758,20000,20000,20,,
hopper-medium-replay-v2,1,adm,15,33,4,0.03234316485057058,0.18199815518826717,0.0012869212969706535,20000,20000,20,,
hopper-medium-replay-v2,1,adm,15,34,1,0.0368893375078972,0.22056293248456135,0.0015596154523822398,20000,20000,20,,
hopper-medium-replay-v2,1,adm,15,35,4,0.039771433928310104,0.21631581768181735,0.0015295838156072592,20000,20000,20,,
hopper-medium-replay-v2,1,adm,15,36,2,0.041011057321889095,0.24435183296875151,0.0017278283808756679,20000,20000,20,,
hopper-medium-replay-v2,1,adm,15,37,5,0.03973601583026486,0.24040143733152514,0.0016998948654411425,20000,20000,20,,
hopper-medium-replay-v2,1,adm,15,38,1,0.04204848719552002,0.2559211647850959,0.0018096359106870119,20000,20000,20,,
hopper-medium-replay-v2,1,adm,15,39,1,0.0449406706500055,0.27126151219995875,0.0019181085475150823,20000,20000,20,,
hopper-medium-replay-v2,1,adm,15,40,1,0.04850077985650612,0.26958879404462993,0.0019062806440086136,20000,20000,20,,
hopper-medium-replay-v2,1,adm,15,41,2,0.04914255893335394,0.2751961935957581,0.0019459309464828648,20000,20000,20,,
hopper-medium-replay-v2,1,adm,15,42,1,0.0537554477295447,0.29615545379708136,0.002094135296652955,20000,20000,20,,
hopper-medium-replay-v2,1,adm,15,43,2,0.05507629222915366,0.29396340447865354,0.002078635167275398,20000,20000,20,,
hopper-medium-replay-v2,1,adm,15,44,1,0.05820849955508112,0.3012931104300973,0.002130464015099091,20000,20000,20,,
hopper-medium-replay-v2,1,adm,15,45,3,0.06282843845524161,0.32754855605928124,0.0023161180515737976,20000,20000,20,,
hopper-medium-replay-v2,1,adm,15,46,4,0.0671513249281835,0.3640628237282202,0.002574312914361472,20000,20000,20,,
hopper-medium-replay-v2,1,adm,15,47,5,0.06427615282176741,0.33869769302845304,0.0023949543551265878,20000,20000,20,,
hopper-medium-replay-v2,1,adm,15,48,1,0.06552273884109894,0.34339979158330974,0.002428203212866054,20000,20000,20,,
hopper-medium-replay-v2,1,adm,15,49,1,0.07168423469122834,0.38041431234066286,0.002689935399165,20000,20000,20,,
hopper-medium-replay-v2,1,adm,15,50,4,0.07224113348727759,0.4047992854793339,0.002862363197819061,20000,20000,20,,
hopper-medium-replay-v2,1,adm,15,51,1,0.07885967414209447,0.44376396351663006,0.003137885078488288,20000,20000,20,,
hopper-medium-replay-v2,1,adm,15,52,3,0.07487943082116864,0.378262276201588,0.0026747182056920168,20000,20000,20,,
hopper-medium-replay-v2,1,adm,15,53,5,0.07168779167774524,0.32864687719506447,0.0023238843548041258,20000,20000,20,,
hopper-medium-replay-v2,1,adm,15,54,1,0.07548529113490807,0.3614801332817467,0.002556050535077401,20000,20000,20,,
hopper-medium-replay-v2,1,adm,15,55,5,0.08326385121874691,0.41379451758723307,0.0029259690940374858,20000,20000,20,,
hopper-medium-replay-v2,1,adm,15,56,5,0.08956601411036111,0.46054653733811035,0.0032565557960376134,20000,20000,20,,
hopper-medium-replay-v2,1,adm,15,57,1,0.09011619198083086,0.46172500707971725,0.0032648888354947472,20000,20000,20,,
hopper-medium-replay-v2,1,adm,15,58,2,0.09340671610658076,0.496867400579531,0.003513383083003191,20000,20000,20,,
hopper-medium-replay-v2,1,adm,15,59,3,0.09884103107846018,0.5298482001094589,0.0037465925529688517,20000,20000,20,,
hopper-medium-replay-v2,1,adm,15,60,1,0.10656052483807209,0.5551705318243273,0.003925648477679238,20000,20000,20,,
hopper-medium-replay-v2,1,adm,15,61,5,0.1010785701695188,0.5383459321167697,0.0038066805922396065,20000,20000,20,,
hopper-medium-replay-v2,1,adm,15,62,4,0.1099546217896343,0.5803222929765792,0.0041034982863746555,20000,20000,20,,
hopper-medium-replay-v2,1,adm,15,63,3,0.11823394437330999,0.5996502572460461,0.004240167632389369,20000,20000,20,,
hopper-medium-replay-v2,1,adm,15,64,4,0.12191029263136152,0.620414931969055,0.004386996055447093,20000,20000,20,,
hopper-medium-replay-v2,1,adm,15,65,4,0.11509088406533226,0.5892027667004858,0.004166292718277888,20000,20000,20,,
hopper-medium-replay-v2,1,adm,15,66,5,0.12174544194603114,0.6254736801218913,0.004422766806678948,20000,20000,20,,
hopper-medium-replay-v2,1,adm,15,67,4,0.13221011716331754,0.6840666726068009,0.004837081829839868,20000,20000,20,,
hopper-medium-replay-v2,1,adm,15,68,1,0.1348287970049741,0.6814356987315588,0.004818478035156785,20000,20000,20,,
hopper-medium-replay-v2,1,adm,15,69,4,0.1250564371148114,0.6224709790808097,0.004401534503998701,20000,20000,20,,
hopper-medium-replay-v2,1,adm,15,70,3,0.13422861411304995,0.6548146292980954,0.004630238647968386,20000,20000,20,,
hopper-medium-replay-v2,1,adm,15,71,2,0.13382566675497662,0.6558114175203531,0.0046372870050820384,20000,20000,20,,
hopper-medium-replay-v2,1,adm,15,72,4,0.1402225984391797,0.6841709015823547,0.00483781883999397,20000,20000,20,,
hopper-medium-replay-v2,1,adm,15,73,1,0.14448777873323806,0.7227680023054266,0.005110741556548213,20000,20000,20,,
hopper-medium-replay-v2,1,adm,15,74,4,0.15113635688089122,0.7293681505927962,0.005157411652656572,20000,20000,20,,
hopper-medium-replay-v2,1,adm,15,75,3,0.16052447024255959,0.7730470645931817,0.005466268215501938,20000,20000,20,,
hopper-medium-replay-v2,1,adm,15,76,3,0.16859248993033438,0.801168910457068,0.005665119694600306,20000,20000,20,,
hopper-medium-replay-v2,1,adm,15,77,5,0.16825864048262335,0.7912788554530797,0.005595186445004026,20000,20000,20,,
hopper-medium-replay-v2,1,adm,15,78,2,0.17087097124513353,0.7757639379707246,0.005485479411390796,20000,20000,20,,
hopper-medium-replay-v2,1,adm,15,79,3,0.17996487653145035,0.8051051502445771,0.005692953113061546,20000,20000,20,,
hopper-medium-replay-v2,1,adm,15,80,2,0.18964499740122182,0.8555638149245139,0.0060497497527095614,20000,20000,20,,
hopper-medium-replay-v2,1,adm,15,81,2,0.1988310183872065,0.911368731176596,0.006444350099763507,20000,20000,20,,
hopper-medium-replay-v2,1,adm,15,82,2,0.19854905451889385,0.8844261935922303,0.006253837589480723,20000,20000,20,,
hopper-medium-replay-v2,1,adm,15,83,4,0.18981304363349633,0.8300945820379529,0.005869655079852494,20000,20000,20,,
hopper-medium-replay-v2,1,adm,15,84,1,0.20801499207470925,0.9078018634901353,0.006419128536476591,20000,20000,20,,
hopper-medium-replay-v2,1,adm,15,85,1,0.21599635590873523,0.929733286030617,0.006574207112471013,20000,20000,20,,
hopper-medium-replay-v2,1,adm,15,86,4,0.21880850901087864,0.9281007080672566,0.006562663042983935,20000,20000,20,,
hopper-medium-replay-v2,1,adm,15,87,5,0.22225895250065586,0.9411744950764592,0.006655108677483892,20000,20000,20,,
hopper-medium-replay-v2,1,adm,15,88,2,0.23355188627034054,0.9899814361273647,0.007000225867344565,20000,20000,20,,
hopper-medium-replay-v2,1,adm,15,89,1,0.23647127907068602,0.9819446472944452,0.006943397188517348,20000,20000,20,,
hopper-medium-replay-v2,1,adm,15,90,5,0.2270347690027589,0.9179133000043362,0.006490627189743879,20000,20000,20,,
hopper-medium-replay-v2,1,adm,15,91,2,0.23727069226343084,0.9401878243440369,0.006648131861826951,20000,20000,20,,
hopper-medium-replay-v2,1,adm,15,92,4,0.22986932092603346,0.891532115739916,0.006304084046852845,20000,20000,20,,
hopper-medium-replay-v2,1,adm,15,93,1,0.2378035728047333,0.9258493655861089,0.006546743647632005,20000,20000,20,,
hopper-medium-replay-v2,1,adm,15,94,3,0.25235799181235014,0.9992508678144398,0.007065770647381328,20000,20000,20,,
hopper-medium-replay-v2,1,adm,15,95,5,0.24895717987428428,1.0028291179749145,0.007091072696913863,20000,20000,20,,
hopper-medium-replay-v2,1,adm,15,96,4,0.26184532083985396,1.0287929546277461,0.0072746647465422335,20000,20000,20,,
hopper-medium-replay-v2,1,adm,15,97,5,0.2619832226650751,1.0409523970577175,0.007360644988519035,20000,20000,20,,
hopper-medium-replay-v2,1,adm,15,98,5,0.26842385091415283,1.072517341937742,0.007583842854243485,20000,20000,20,,
hopper-medium-replay-v2,1,adm,15,99,1,0.2796072284564186,1.1061338247881203,0.007821547284074923,20000,20000,20,,
hopper-medium-replay-v2,1,adm,15,100,5,0.26902299786962214,1.0526415675293634,0.0074432999055885,20000,20000,20,,
hopper-medium-replay-v2,1,adm,16,1,3,0.0022238244105319484,0.015566612376314284,0.00011007257171394267,20000,20000,20,,
hopper-medium-replay-v2,1,adm,16,2,3,0.002166175374673206,0.014895266543332546,0.00010532543980371549,20000,20000,20,,
hopper-medium-replay-v2,1,adm,16,3,1,0.004624066636531033,0.034547120973293405,0.00024428503510687765,20000,20000,20,,
hopper-medium-replay-v2,1,adm,16,4,2,0.0055969373047191585,0.04935910123347374,0.00034902155195462565,20000,20000,20,,
hopper-medium-replay-v2,1,adm,16,5,4,0.008157225836073196,0.08231220242034581,0.0005820351650582627,20000,20000,20,,
hopper-medium-replay-v2,1,adm,16,6,5,0.009557236842001717,0.0812214015394121,0.0005743220380599378,20000,20000,20,,
hopper-medium-replay-v2,1,adm,16,7,5,0.009910103095744305,0.10191919670975325,0.0007206775512655218,20000,20000,20,,
hopper-medium-replay-v2,1,adm,16,8,3,0.011742695520051813,0.10798300137230353,0.0007635551252323209,20000,20000,20,,
hopper-medium-replay-v2,1,adm,16,9,3,0.011660939532939152,0.10533660614377688,0.0007448422851144117,20000,20000,20,,
hopper-medium-replay-v2,1,adm,16,10,5,0.011633816970460882,0.10326345509971536,0.000730182893497613,20000,20000,20,,
hopper-medium-replay-v2,1,adm,16,11,1,0.013722545865876836,0.12378263712745106,0.0008752754210597435,20000,20000,20,,
hopper-medium-replay-v2,1,adm,16,12,2,0.01335583076350885,0.11992336588168549,0.0008479862523765526,20000,20000,20,,
hopper-medium-replay-v2,1,adm,16,13,5,0.013827381373150354,0.10452770224136677,0.0007391224707671872,20000,20000,20,,
hopper-medium-replay-v2,1,adm,16,14,2,0.015782255488152704,0.11837713160144644,0.0008370527249279512,20000,20000,20,,
hopper-medium-replay-v2,1,adm,16,15,5,0.01425375069670723,0.10031333242775833,0.0007093223760308832,20000,20000,20,,
hopper-medium-replay-v2,1,adm,16,16,5,0.015822170826829116,0.10476288920124269,0.0007407854937089364,20000,20000,20,,
hopper-medium-replay-v2,1,adm,16,17,1,0.017475986732161424,0.11862198073326606,0.0008387840697427242,20000,20000,20,,
hopper-medium-replay-v2,1,adm,16,18,4,0.018947081145093428,0.12151832013371588,0.0008592642820494827,20000,20000,20,,
hopper-medium-replay-v2,1,adm,16,19,5,0.019734854495018692,0.12482858229348787,0.0008826713702562826,20000,20000,20,,
hopper-medium-replay-v2,1,adm,16,20,3,0.020593110376401255,0.1313624140236686,0.000928872537491709,20000,20000,20,,
hopper-medium-replay-v2,1,adm,16,21,5,0.017881561649762692,0.10444590213856396,0.000738544056693251,20000,20000,20,,
hopper-medium-replay-v2,1,adm,16,22,1,0.02004765892515658,0.13933178513910513,0.0009852245010668827,20000,20000,20,,
hopper-medium-replay-v2,1,adm,16,23,5,0.021271544720307036,0.13141178579651722,0.0009292216486455135,20000,20000,20,,
hopper-medium-replay-v2,1,adm,16,24,5,0.021116099776853973,0.12236266655201519,0.0008652347128299829,20000,20000,20,,
hopper-medium-replay-v2,1,adm,16,25,3,0.02298378024776882,0.14246780910345597,0.0010073995391784425,20000,20000,20,,
hopper-medium-replay-v2,1,adm,16,26,4,0.024328096905331654,0.1405366268167607,0.000993744018272147,20000,20000,20,,
hopper-medium-replay-v2,1,adm,16,27,4,0.025588458743383086,0.15397141848947288,0.0010887423412281802,20000,20000,20,,
hopper-medium-replay-v2,1,adm,16,28,4,0.02683795767500007,0.15519871402559107,0.0010974206311892718,20000,20000,20,,
hopper-medium-replay-v2,1,adm,16,29,4,0.03060504601980835,0.1831605784306139,0.0012951408705433756,20000,20000,20,,
hopper-medium-replay-v2,1,adm,16,30,4,0.030928020729121205,0.1925938451904377,0.0013618441394895064,20000,20000,20,,
hopper-medium-replay-v2,1,adm,16,31,5,0.03305951651753897,0.2027078201229505,0.0014333607420848118,20000,20000,20,,
hopper-medium-replay-v2,1,adm,16,32,3,0.036125723882649695,0.21171222665538528,0.0014970315112812626,20000,20000,20,,
hopper-medium-replay-v2,1,adm,16,33,1,0.03689115893842524,0.20943265586892523,0.0014809125116682562,20000,20000,20,,
hopper-medium-replay-v2,1,adm,16,34,5,0.03525217795449508,0.2078040301442902,0.0014693963887292133,20000,20000,20,,
hopper-medium-replay-v2,1,adm,16,35,1,0.037032879864397864,0.21301828279541513,0.001506266722813517,20000,20000,20,,
hopper-medium-replay-v2,1,adm,16,36,4,0.03948237779058186,0.23155120938343188,0.001637314303469708,20000,20000,20,,
hopper-medium-replay-v2,1,adm,16,37,4,0.043094322773448775,0.24103510348395563,0.0017043755617750624,20000,20000,20,,
hopper-medium-replay-v2,1,adm,16,38,3,0.0444762241100448,0.2578042478739059,0.0018229513189033642,20000,20000,20,,
hopper-medium-replay-v2,1,adm,16,39,5,0.046090274886245064,0.27734027322758986,0.001961091878953587,20000,20000,20,,
hopper-medium-replay-v2,1,adm,16,40,5,0.046142279889527245,0.24625213750655145,0.001741265563125647,20000,20000,20,,
hopper-medium-replay-v2,1,adm,16,41,5,0.04657422697926775,0.25046210678835024,0.0017710345414031167,20000,20000,20,,
hopper-medium-replay-v2,1,adm,16,42,2,0.05160845310084628,0.2697154978260953,0.0019071765750393749,20000,20000,20,,
hopper-medium-replay-v2,1,adm,16,43,4,0.049831003377655926,0.2604997770368117,0.0018420115884031324,20000,20000,20,,
hopper-medium-replay-v2,1,adm,16,44,3,0.050915397146306336,0.25933467733129795,0.00183377308937786,20000,20000,20,,
hopper-medium-replay-v2,1,adm,16,45,5,0.05198544516582758,0.2617111992038191,0.0018505776366948385,20000,20000,20,,
hopper-medium-replay-v2,1,adm,16,46,2,0.057513640540074525,0.30200724694204717,0.002135513722802018,20000,20000,20,,
hopper-medium-replay-v2,1,adm,16,47,2,0.059777779184001165,0.3193159492310405,0.002257904730422881,20000,20000,20,,
hopper-medium-replay-v2,1,adm,16,48,3,0.06007014012810756,0.3120070464673628,0.002206222983350585,20000,20000,20,,
hopper-medium-replay-v2,1,adm,16,49,5,0.06557396079056804,0.3580209921761143,0.0025315907137486633,20000,20000,20,,
hopper-medium-replay-v2,1,adm,16,50,1,0.07123963476562756,0.40931591978288717,0.002894300625260884,20000,20000,20,,
hopper-medium-replay-v2,1,adm,16,51,4,0.07334485263343464,0.3870080304484472,0.002736560027037469,20000,20000,20,,
hopper-medium-replay-v2,1,adm,16,52,2,0.07498723678241528,0.4130627932149022,0.00292079502138114,20000,20000,20,,
hopper-medium-replay-v2,1,adm,16,53,1,0.07775767846969127,0.4148412659281746,0.0029333707225382413,20000,20000,20,,
hopper-medium-replay-v2,1,adm,16,54,2,0.08101055208190344,0.4405605874866567,0.003115233789353442,20000,20000,20,,
hopper-medium-replay-v2,1,adm,16,55,3,0.08221826259515509,0.4202846267912684,0.002971861096325632,20000,20000,20,,
hopper-medium-replay-v2,1,adm,16,56,2,0.08904423323176905,0.46231283303161613,0.0032690453926621987,20000,20000,20,,
hopper-medium-replay-v2,1,adm,16,57,3,0.09833522358495014,0.5181914731259163,0.00366416704600382,20000,20000,20,,
hopper-medium-replay-v2,1,adm,16,58,1,0.1017350762782025,0.5554745542639614,0.00392779824096622,20000,20000,20,,
hopper-medium-replay-v2,1,adm,16,59,4,0.10024510616614722,0.550559763178186,0.00389304541991755,20000,20000,20,,
hopper-medium-replay-v2,1,adm,16,60,2,0.10772773659488134,0.5543340291605593,0.003919733510618928,20000,20000,20,,
hopper-medium-replay-v2,1,adm,16,61,3,0.1135784722688629,0.601354589740376,0.004252219083030741,20000,20000,20,,
hopper-medium-replay-v2,1,adm,16,62,3,0.1130006439220904,0.6189739822327192,0.004376807002147973,20000,20000,20,,
hopper-medium-replay-v2,1,adm,16,63,5,0.11428765301421706,0.6105630410693783,0.004317332666820379,20000,20000,20,,
hopper-medium-replay-v2,1,adm,16,64,1,0.11549299210401127,0.6345687384154324,0.004487078580625446,20000,20000,20,,
hopper-medium-replay-v2,1,adm,16,65,5,0.11432751899968793,0.5888971738897483,0.004164131850790344,20000,20000,20,,
hopper-medium-replay-v2,1,adm,16,66,2,0.11859681820568335,0.5779590561127803,0.004086787678255233,20000,20000,20,,
hopper-medium-replay-v2,1,adm,16,67,5,0.12200353337931026,0.6156145004156577,0.004353051878406802,20000,20000,20,,
hopper-medium-replay-v2,1,adm,16,68,2,0.13415102359400438,0.663014643615024,0.004688221505261656,20000,20000,20,,
hopper-medium-replay-v2,1,adm,16,69,5,0.13490622757540227,0.675242877983779,0.004774688179702506,20000,20000,20,,
hopper-medium-replay-v2,1,adm,16,70,5,0.13216481997309443,0.6683838826916756,0.004726187758870777,20000,20000,20,,
hopper-medium-replay-v2,1,adm,16,71,1,0.13972953281158457,0.7195992583559688,0.005088335153203159,20000,20000,20,,
hopper-medium-replay-v2,1,adm,16,72,4,0.1513470833463596,0.7467568441751935,0.005280368284137453,20000,20000,20,,
hopper-medium-replay-v2,1,adm,16,73,1,0.1554196613717444,0.7517247784572271,0.005315496884330604,20000,20000,20,,
hopper-medium-replay-v2,1,adm,16,74,4,0.14890162697564563,0.7232511595920088,0.0051141579944854335,20000,20000,20,,
hopper-medium-replay-v2,1,adm,16,75,2,0.16049356023659553,0.7579592510923637,0.005359581263104874,20000,20000,20,,
hopper-medium-replay-v2,1,adm,16,76,4,0.16110207552756498,0.7531724294392252,0.005325733322592226,20000,20000,20,,
hopper-medium-replay-v2,1,adm,16,77,5,0.16087169904149146,0.7589579841265732,0.00536664337211572,20000,20000,20,,
hopper-medium-replay-v2,1,adm,16,78,3,0.1684335690163096,0.7576946352605547,0.005357710146614059,20000,20000,20,,
hopper-medium-replay-v2,1,adm,16,79,3,0.1696487419268453,0.7731984702667045,0.005467338815286519,20000,20000,20,,
hopper-medium-replay-v2,1,adm,16,80,1,0.18134836838281881,0.8018272038383817,0.005669774531739678,20000,20000,20,,
hopper-medium-replay-v2,1,adm,16,81,1,0.18753492142211678,0.8221670033127656,0.005813598633102792,20000,20000,20,,
hopper-medium-replay-v2,1,adm,16,82,3,0.18880399336769027,0.8377108849060388,0.005923510473908435,20000,20000,20,,
hopper-medium-replay-v2,1,adm,16,83,1,0.19233468839087922,0.850825191545259,0.006016242625459959,20000,20000,20,,
hopper-medium-replay-v2,1,adm,16,84,5,0.19095235858049564,0.8288940218442031,0.005861165837310263,20000,20000,20,,
hopper-medium-replay-v2,1,adm,16,85,1,0.19882414815654662,0.8741454866236157,0.006181142013351731,20000,20000,20,,
hopper-medium-replay-v2,1,adm,16,86,5,0.20685747720013342,0.8776895011700712,0.006206201980535955,20000,20000,20,,
hopper-medium-replay-v2,1,adm,16,87,2,0.20491590080888544,0.8596195968223577,0.0060784284615393504,20000,20000,20,,
hopper-medium-replay-v2,1,adm,16,88,4,0.20827348413671476,0.8643894265627683,0.006112156251084847,20000,20000,20,,
hopper-medium-replay-v2,1,adm,16,89,3,0.20995893465163146,0.8222254965708177,0.005814012242897015,20000,20000,20,,
hopper-medium-replay-v2,1,adm,16,90,2,0.21073557986675714,0.8451144486900752,0.005975861575474827,20000,20000,20,,
hopper-medium-replay-v2,1,adm,16,91,2,0.2206178498437965,0.8787747300463571,0.006213875707511567,20000,20000,20,,
hopper-medium-replay-v2,1,adm,16,92,4,0.23148652054437835,0.9493385447412919,0.006712837226283361,20000,20000,20,,
hopper-medium-replay-v2,1,adm,16,93,2,0.24672827634421318,0.9955812126364416,0.007039822266771539,20000,20000,20,,
hopper-medium-replay-v2,1,adm,16,94,5,0.2427791999346382,0.9636492039474922,0.006814028867962901,20000,20000,20,,
hopper-medium-replay-v2,1,adm,16,95,4,0.2551247815984894,1.007979922523227,0.007127494385160646,20000,20000,20,,
hopper-medium-replay-v2,1,adm,16,96,4,0.25305770434971053,1.0211037473500393,0.007220293840462079,20000,20000,20,,
hopper-medium-replay-v2,1,adm,16,97,1,0.2646880679060695,1.0644267703191346,0.007526633873691557,20000,20000,20,,
hopper-medium-replay-v2,1,adm,16,98,3,0.26867645121384687,1.0492265007539578,0.007419151736837558,20000,20000,20,,
hopper-medium-replay-v2,1,adm,16,99,3,0.2631235757704429,1.0164049892858271,0.007187068603558485,20000,20000,20,,
hopper-medium-replay-v2,1,adm,16,100,1,0.2746012878078293,1.0797696978907396,0.007635124754982917,20000,20000,20,,
hopper-medium-replay-v2,1,adm,17,1,1,0.0021681135964005944,0.01515612591844717,0.00010716999413451184,20000,20000,20,,
hopper-medium-replay-v2,1,adm,17,2,3,0.002133122215676878,0.01500313877649419,0.00010608821167941883,20000,20000,20,,
hopper-medium-replay-v2,1,adm,17,3,5,0.004714947982965007,0.036981904774867326,0.00026150155647503844,20000,20000,20,,
hopper-medium-replay-v2,1,adm,17,4,1,0.006799475388282846,0.05368283207904707,0.00037959494596392907,20000,20000,20,,
hopper-medium-replay-v2,1,adm,17,5,2,0.007473378151190643,0.06271986749749348,0.00044349643622599373,20000,20000,20,,
hopper-medium-replay-v2,1,adm,17,6,1,0.01013739243467063,0.08609588577734983,0.0006087898466542649,20000,20000,20,,
hopper-medium-replay-v2,1,adm,17,7,1,0.012504708405543755,0.10933068009050298,0.0007730846528373171,20000,20000,20,,
hopper-medium-replay-v2,1,adm,17,8,5,0.009766757861607007,0.08673744464913179,0.0006133263529419391,20000,20000,20,,
hopper-medium-replay-v2,1,adm,17,9,3,0.013429094143415159,0.10538173192177429,0.0007451613725506945,20000,20000,20,,
hopper-medium-replay-v2,1,adm,17,10,5,0.010996608017533802,0.07517619585182857,0.0005315759787063598,20000,20000,20,,
hopper-medium-replay-v2,1,adm,17,11,5,0.014436411386121466,0.11357748018064133,0.0008031140642581219,20000,20000,20,,
hopper-medium-replay-v2,1,adm,17,12,4,0.01207287398205611,0.09461635672183186,0.0006690386744917268,20000,20000,20,,
hopper-medium-replay-v2,1,adm,17,13,2,0.016863371549072793,0.13681622633741503,0.0009674368141953969,20000,20000,20,,
hopper-medium-replay-v2,1,adm,17,14,4,0.015561560264390926,0.12126388567643817,0.0008574651587483968,20000,20000,20,,
hopper-medium-replay-v2,1,adm,17,15,4,0.017067115759773724,0.13995242012436004,0.0009896130531340363,20000,20000,20,,
hopper-medium-replay-v2,1,adm,17,16,2,0.01670194811750013,0.11645329943349589,0.0008234491772097247,20000,20000,20,,
hopper-medium-replay-v2,1,adm,17,17,3,0.015305325891022636,0.09841991292552382,0.0006959338783342743,20000,20000,20,,
hopper-medium-replay-v2,1,adm,17,18,4,0.01641116882801678,0.11076167832265829,0.000783203338375547,20000,20000,20,,
hopper-medium-replay-v2,1,adm,17,19,1,0.019901416557675255,0.14444187028242528,0.0010213582596397058,20000,20000,20,,
hopper-medium-replay-v2,1,adm,17,20,1,0.021069827773332862,0.13047996719665975,0.0009226326961375638,20000,20000,20,,
hopper-medium-replay-v2,1,adm,17,21,2,0.021380258928907967,0.13677026353174668,0.0009671118080796923,20000,20000,20,,
hopper-medium-replay-v2,1,adm,17,22,4,0.019974362131976266,0.1267220836394831,0.0008960604466756734,20000,20000,20,,
hopper-medium-replay-v2,1,adm,17,23,3,0.025114629769336514,0.15780181792055265,0.0011158273553518762,20000,20000,20,,
hopper-medium-replay-v2,1,adm,17,24,3,0.02779117282332542,0.1829161007187813,0.0012934121520645177,20000,20000,20,,
hopper-medium-replay-v2,1,adm,17,25,3,0.022486934988526157,0.13317808612506046,0.000941711278044763,20000,20000,20,,
hopper-medium-replay-v2,1,adm,17,26,5,0.025521102838195545,0.14742545483477,0.0010424553883317694,20000,20000,20,,
hopper-medium-replay-v2,1,adm,17,27,4,0.03029457999439166,0.1940979011564809,0.0013724794212182387,20000,20000,20,,
hopper-medium-replay-v2,1,adm,17,28,4,0.03236345640256145,0.21155773084834664,0.0014959390609530436,20000,20000,20,,
hopper-medium-replay-v2,1,adm,17,29,1,0.03263594727158432,0.20782526189995268,0.0014695465199132676,20000,20000,20,,
hopper-medium-replay-v2,1,adm,17,30,3,0.03203543152253948,0.19009781332609008,0.0013441945289161272,20000,20000,20,,
hopper-medium-replay-v2,1,adm,17,31,1,0.03413782934400095,0.20592133139513974,0.0014560836982046561,20000,20000,20,,
hopper-medium-replay-v2,1,adm,17,32,4,0.034808677158477394,0.207800541785746,0.0014693717223093952,20000,20000,20,,
hopper-medium-replay-v2,1,adm,17,33,5,0.03586998633571534,0.2084200171937819,0.0014737520749274,20000,20000,20,,
hopper-medium-replay-v2,1,adm,17,34,5,0.039036924998243454,0.21762384000048676,0.0015388329301220041,20000,20000,20,,
hopper-medium-replay-v2,1,adm,17,35,3,0.03974987108701881,0.23043893673257015,0.0016294493481301814,20000,20000,20,,
hopper-medium-replay-v2,1,adm,17,36,5,0.041770859088662585,0.22842209381169,0.0016151881150707572,20000,20000,20,,
hopper-medium-replay-v2,1,adm,17,37,2,0.04439431482389948,0.26372107618091867,0.0018647896130934167,20000,20000,20,,
hopper-medium-replay-v2,1,adm,17,38,2,0.04690658146252204,0.27442442113100074,0.001940473691049235,20000,20000,20,,
hopper-medium-replay-v2,1,adm,17,39,2,0.048183184350636114,0.2544747782819155,0.0017994084136408561,20000,20000,20,,
hopper-medium-replay-v2,1,adm,17,40,3,0.05065832050266181,0.28019137726967963,0.0019812522289738873,20000,20000,20,,
hopper-medium-replay-v2,1,adm,17,41,2,0.05509272373248409,0.30751066248925446,0.0021744287473331953,20000,20000,20,,
hopper-medium-replay-v2,1,adm,17,42,1,0.05759464875017535,0.31185648851110914,0.0022051583778322993,20000,20000,20,,
hopper-medium-replay-v2,1,adm,17,43,3,0.055762012440973306,0.2966580328100019,0.0020976890669341364,20000,20000,20,,
hopper-medium-replay-v2,1,adm,17,44,3,0.06254015608325741,0.3181380337390155,0.002249575610102125,20000,20000,20,,
hopper-medium-replay-v2,1,adm,17,45,5,0.05859081188610392,0.28423288382552225,0.0020098299958923494,20000,20000,20,,
hopper-medium-replay-v2,1,adm,17,46,2,0.06748155825978835,0.3485048099915066,0.0024643011442112357,20000,20000,20,,
hopper-medium-replay-v2,1,adm,17,47,3,0.06728166572242451,0.34552314738756934,0.002443217605746692,20000,20000,20,,
hopper-medium-replay-v2,1,adm,17,48,2,0.07055354487165967,0.36497787529131515,0.00258078330601547,20000,20000,20,,
hopper-medium-replay-v2,1,adm,17,49,5,0.0713912488201303,0.39436513846993054,0.0027885826367565966,20000,20000,20,,
hopper-medium-replay-v2,1,adm,17,50,3,0.07825673299609358,0.42289290974958743,0.002990304441996439,20000,20000,20,,
hopper-medium-replay-v2,1,adm,17,51,5,0.07911672662662066,0.43049769973813873,0.003044078427700481,20000,20000,20,,
hopper-medium-replay-v2,1,adm,17,52,1,0.080944848175076,0.41539197229860547,0.0029372648046279842,20000,20000,20,,
hopper-medium-replay-v2,1,adm,17,53,3,0.08574500017992916,0.4293635873950836,0.0030360590424164647,20000,20000,20,,
hopper-medium-replay-v2,1,adm,17,54,3,0.08211092223835709,0.4101595881258336,0.0029002662613245825,20000,20000,20,,
hopper-medium-replay-v2,1,adm,17,55,1,0.08810794944835709,0.44092380857284835,0.0031178021502846023,20000,20000,20,,
hopper-medium-replay-v2,1,adm,17,56,4,0.09511196411210793,0.51011583604968,0.0036070636686137384,20000,20000,20,,
hopper-medium-replay-v2,1,adm,17,57,1,0.10020825072449303,0.5574115090752823,0.003941494579785589,20000,20000,20,,
hopper-medium-replay-v2,1,adm,17,58,3,0.09833392473933582,0.5479804944227302,0.003874807235642696,20000,20000,20,,
hopper-medium-replay-v2,1,adm,17,59,1,0.10058524833625802,0.5090162600312719,0.0035992884920232732,20000,20000,20,,
hopper-medium-replay-v2,1,adm,17,60,1,0.10716098732047162,0.5421627423216786,0.0038336695160235373,20000,20000,20,,
hopper-medium-replay-v2,1,adm,17,61,4,0.10800529116080756,0.5607770551752124,0.003965292584482153,20000,20000,20,,
hopper-medium-replay-v2,1,adm,17,62,2,0.11999567292714594,0.6079111890715277,0.0042985812415165464,20000,20000,20,,
hopper-medium-replay-v2,1,adm,17,63,3,0.12687061908360217,0.6415419042502317,0.004536386309106696,20000,20000,20,,
hopper-medium-replay-v2,1,adm,17,64,1,0.13060017843259134,0.6486568316881383,0.004586696443496636,20000,20000,20,,
hopper-medium-replay-v2,1,adm,17,65,4,0.12352090246723763,0.6203996402092097,0.004386887926376265,20000,20000,20,,
hopper-medium-replay-v2,1,adm,17,66,1,0.12974842969564837,0.6441050191371063,0.004554510268281388,20000,20000,20,,
hopper-medium-replay-v2,1,adm,17,67,3,0.14161595812204314,0.6925494793306753,0.0048970643314193325,20000,20000,20,,
hopper-medium-replay-v2,1,adm,17,68,3,0.13495050201067832,0.6544128558036968,0.004627397680344483,20000,20000,20,,
hopper-medium-replay-v2,1,adm,17,69,5,0.14061180687270255,0.6779156632706529,0.004793587625712548,20000,20000,20,,
hopper-medium-replay-v2,1,adm,17,70,3,0.147892242606922,0.7190224592108762,0.005084256567334383,20000,20000,20,,
hopper-medium-replay-v2,1,adm,17,71,3,0.14181595197305225,0.6934338163002769,0.004903317538099925,20000,20000,20,,
hopper-medium-replay-v2,1,adm,17,72,4,0.14062975315645845,0.6923696256169385,0.004895792573613283,20000,20000,20,,
hopper-medium-replay-v2,1,adm,17,73,1,0.15252050120726543,0.7518888923641516,0.005316657344895337,20000,20000,20,,
hopper-medium-replay-v2,1,adm,17,74,2,0.16497472630727983,0.8075440889627274,0.0057101990141265714,20000,20000,20,,
hopper-medium-replay-v2,1,adm,17,75,5,0.16894276088672194,0.7916269361318896,0.0055976477470878905,20000,20000,20,,
hopper-medium-replay-v2,1,adm,17,76,5,0.16855846804035252,0.7900200157177156,0.005586285103870996,20000,20000,20,,
hopper-medium-replay-v2,1,adm,17,77,1,0.17417651124236025,0.8018977364437565,0.005670273272575231,20000,20000,20,,
hopper-medium-replay-v2,1,adm,17,78,2,0.1760344038391427,0.8076657088639501,0.005711058996695389,20000,20000,20,,
hopper-medium-replay-v2,1,adm,17,79,1,0.1815969251805813,0.8328729102891337,0.005889300827320214,20000,20000,20,,
hopper-medium-replay-v2,1,adm,17,80,3,0.1850973670494551,0.8416896502274749,0.005951644593303808,20000,20000,20,,
hopper-medium-replay-v2,1,adm,17,81,5,0.18803107490258564,0.8536764390139127,0.006036403989659218,20000,20000,20,,
hopper-medium-replay-v2,1,adm,17,82,1,0.1870116412664991,0.8523299016364734,0.006026882532552133,20000,20000,20,,
hopper-medium-replay-v2,1,adm,17,83,5,0.18757233360064465,0.8127146911116548,0.0057467606925498144,20000,20000,20,,
hopper-medium-replay-v2,1,adm,17,84,2,0.19474685730739452,0.8294941357637835,0.00586540928353046,20000,20000,20,,
hopper-medium-replay-v2,1,adm,17,85,3,0.20184569936245242,0.8506198264956966,0.006014790475268315,20000,20000,20,,
hopper-medium-replay-v2,1,adm,17,86,4,0.20212318955682076,0.8351874832466337,0.005905667329658208,20000,20000,20,,
hopper-medium-replay-v2,1,adm,17,87,4,0.21087953197594178,0.903945590758562,0.006391860570490589,20000,20000,20,,
hopper-medium-replay-v2,1,adm,17,88,4,0.21463707047922156,0.899832900050713,0.00636277945560616,20000,20000,20,,
hopper-medium-replay-v2,1,adm,17,89,5,0.21749618567250367,0.8971623053530557,0.006343895499401017,20000,20000,20,,
hopper-medium-replay-v2,1,adm,17,90,4,0.22610872796719514,0.9159484786574792,0.006476733804762052,20000,20000,20,,
hopper-medium-replay-v2,1,adm,17,91,2,0.2277747096956826,0.9287903636525525,0.006567539644394394,20000,20000,20,,
hopper-medium-replay-v2,1,adm,17,92,2,0.22779457530608596,0.9047940994335524,0.006397860432870402,20000,20000,20,,
hopper-medium-replay-v2,1,adm,17,93,1,0.23134067310928955,0.9043739607084105,0.006394889603454533,20000,20000,20,,
hopper-medium-replay-v2,1,adm,17,94,3,0.24191904751595644,0.9595741409739935,0.006785213821339669,20000,20000,20,,
hopper-medium-replay-v2,1,adm,17,95,4,0.25751901698680485,1.032850436358874,0.007303355475008444,20000,20000,20,,
hopper-medium-replay-v2,1,adm,17,96,4,0.27086853255947524,1.105284328421855,0.007815540437663127,20000,20000,20,,
hopper-medium-replay-v2,1,adm,17,97,5,0.27755637679252015,1.1578639600700136,0.008187334578570165,20000,20000,20,,
hopper-medium-replay-v2,1,adm,17,98,1,0.2820212222559156,1.181586846634027,0.008355080718157494,20000,20000,20,,
hopper-medium-replay-v2,1,adm,17,99,2,0.2842631476807991,1.1628006202818848,0.008222242037692444,20000,20000,20,,
hopper-medium-replay-v2,1,adm,17,100,4,0.2824976101416374,1.1252489446278855,0.007956711592693837,20000,20000,20,,
hopper-medium-replay-v2,1,adm,18,1,4,0.00329866555788357,0.027303425915252137,0.00019306437614299303,20000,20000,20,,
hopper-medium-replay-v2,1,adm,18,2,1,0.005801772315939597,0.04908598824151771,0.0003470903514682031,20000,20000,20,,
hopper-medium-replay-v2,1,adm,18,3,2,0.006796973636492827,0.06217248940728691,0.00043962588863141365,20000,20000,20,,
hopper-medium-replay-v2,1,adm,18,4,4,0.003222578118811645,0.025279735534519593,0.00017875472423061335,20000,20000,20,,
hopper-medium-replay-v2,1,adm,18,5,4,0.0093653667367685,0.10029507641938104,0.0007091932865576733,20000,20000,20,,
hopper-medium-replay-v2,1,adm,18,6,3,0.012137972825077356,0.11246225385862182,0.0007952282233095446,20000,20000,20,,
hopper-medium-replay-v2,1,adm,18,7,4,0.012056717395481547,0.10942640871353809,0.0007737615564223349,20000,20000,20,,
hopper-medium-replay-v2,1,adm,18,8,3,0.011161246781412797,0.09942399567835443,0.0007030338155682641,20000,20000,20,,
hopper-medium-replay-v2,1,adm,18,9,3,0.013986862905959518,0.11382312505141393,0.0008048510357969918,20000,20000,20,,
hopper-medium-replay-v2,1,adm,18,10,5,0.011203777387164096,0.09038621802308049,0.0006391270768992595,20000,20000,20,,
hopper-medium-replay-v2,1,adm,18,11,5,0.014709450174646147,0.12305858539275352,0.0008701556021443983,20000,20000,20,,
hopper-medium-replay-v2,1,adm,18,12,4,0.013740060818165862,0.1078617385084417,0.0007626976672988929,20000,20000,20,,
hopper-medium-replay-v2,1,adm,18,13,2,0.015915808058027257,0.12817884381536285,0.0009063612966649442,20000,20000,20,,
hopper-medium-replay-v2,1,adm,18,14,1,0.01793799611346867,0.1354058345455429,0.0009574638381937706,20000,20000,20,,
hopper-medium-replay-v2,1,adm,18,15,5,0.014565109559437243,0.10819070129827613,0.0007650237854933925,20000,20000,20,,
hopper-medium-replay-v2,1,adm,18,16,1,0.016188562143345013,0.116172052638346,0.00082146046204935,20000,20000,20,,
hopper-medium-replay-v2,1,adm,18,17,5,0.01598358944703284,0.1176216451264468,0.0008317106288322815,20000,20000,20,,
hopper-medium-replay-v2,1,adm,18,18,3,0.016372185594480997,0.1098547892744785,0.0007767906644180296,20000,20000,20,,
hopper-medium-replay-v2,1,adm,18,19,5,0.02177624997285987,0.14260278775282206,0.0010083539823612642,20000,20000,20,,
hopper-medium-replay-v2,1,adm,18,20,5,0.01717517493494698,0.10740433665213588,0.0007594633477556813,20000,20000,20,,
hopper-medium-replay-v2,1,adm,18,21,2,0.02509153810609362,0.1742630501788002,0.0012322258449168123,20000,20000,20,,
hopper-medium-replay-v2,1,adm,18,22,4,0.019310919846027126,0.11649961776861746,0.0008237766972983021,20000,20000,20,,
hopper-medium-replay-v2,1,adm,18,23,3,0.019926747050061793,0.12149379692346013,0.0008590908767667996,20000,20000,20,,
hopper-medium-replay-v2,1,adm,18,24,4,0.021019121844935547,0.12606922998102724,0.0008914440741855076,20000,20000,20,,
hopper-medium-replay-v2,1,adm,18,25,2,0.02398761819437574,0.14697456162690553,0.0010392670918830504,20000,20000,20,,
hopper-medium-replay-v2,1,adm,18,26,3,0.025044509951763133,0.15151518995094626,0.0010713741826708194,20000,20000,20,,
hopper-medium-replay-v2,1,adm,18,27,3,0.025070573172578128,0.14299859594751807,0.0010111527689464518,20000,20000,20,,
hopper-medium-replay-v2,1,adm,18,28,2,0.029914946789993166,0.1843148957561866,0.0013033031266289114,20000,20000,20,,
hopper-medium-replay-v2,1,adm,18,29,4,0.02877530943759962,0.1734661439911125,0.0012265908672239772,20000,20000,20,,
hopper-medium-replay-v2,1,adm,18,30,1,0.03190725278721266,0.18824904015731514,0.0013311217284709624,20000,20000,20,,
hopper-medium-replay-v2,1,adm,18,31,5,0.03051390236499085,0.17293330997082706,0.00122282316173407,20000,20000,20,,
hopper-medium-replay-v2,1,adm,18,32,2,0.036617144895132056,0.2072663119713057,0.0014655941470643676,20000,20000,20,,
hopper-medium-replay-v2,1,adm,18,33,2,0.03306100737354452,0.1905821910153728,0.0013476195964036,20000,20000,20,,
hopper-medium-replay-v2,1,adm,18,34,1,0.03561967657737636,0.1940271142975427,0.0013719788825384978,20000,20000,20,,
hopper-medium-replay-v2,1,adm,18,35,2,0.036243629044858505,0.21082740097195724,0.0014907748488720628,20000,20000,20,,
hopper-medium-replay-v2,1,adm,18,36,1,0.040929215270729916,0.2398663807620902,0.001696111444155484,20000,20000,20,,
hopper-medium-replay-v2,1,adm,18,37,2,0.04338488749347746,0.24659717360926256,0.0017437053368054589,20000,20000,20,,
hopper-medium-replay-v2,1,adm,18,38,5,0.04151869779184624,0.23648608374558555,0.0016722091347275332,20000,20000,20,,
hopper-medium-replay-v2,1,adm,18,39,5,0.04544390936277505,0.24687848296829323,0.0017456944943592771,20000,20000,20,,
hopper-medium-replay-v2,1,adm,18,40,4,0.051725035950812945,0.29271040283616945,0.0020697751076930145,20000,20000,20,,
hopper-medium-replay-v2,1,adm,18,41,5,0.054967922619648314,0.3171008254898668,0.002242241440237368,20000,20000,20,,
hopper-medium-replay-v2,1,adm,18,42,3,0.05202481353293683,0.2927975902921111,0.0020703916161063218,20000,20000,20,,
hopper-medium-replay-v2,1,adm,18,43,4,0.05017961766922154,0.2566505320122446,0.0018147933158099323,20000,20000,20,,
hopper-medium-replay-v2,1,adm,18,44,5,0.04926323710389206,0.2429655478049549,0.001718025864475879,20000,20000,20,,
hopper-medium-replay-v2,1,adm,18,45,5,0.05563594522496983,0.2940293502677312,0.002079101474421873,20000,20000,20,,
hopper-medium-replay-v2,1,adm,18,46,4,0.05664651058571087,0.28482181848472765,0.002013994392804349,20000,20000,20,,
hopper-medium-replay-v2,1,adm,18,47,2,0.062231964661639924,0.33018832294548345,0.0023347840222336506,20000,20000,20,,
hopper-medium-replay-v2,1,adm,18,48,2,0.06367012835757467,0.3434084016732528,0.002428264095395908,20000,20000,20,,
hopper-medium-replay-v2,1,adm,18,49,4,0.06789008678854205,0.38604628341091324,0.002729759448517205,20000,20000,20,,
hopper-medium-replay-v2,1,adm,18,50,4,0.07336335028216816,0.4182318641000915,0.002957345872134653,20000,20000,20,,
hopper-medium-replay-v2,1,adm,18,51,1,0.07751586991055043,0.43950307051917276,0.0031077560151641643,20000,20000,20,,
hopper-medium-replay-v2,1,adm,18,52,5,0.07620042543954547,0.38908455863602504,0.002751243298665082,20000,20000,20,,
hopper-medium-replay-v2,1,adm,18,53,4,0.08121309149971799,0.4335412549828878,0.0030655996132252605,20000,20000,20,,
hopper-medium-replay-v2,1,adm,18,54,5,0.08277163826814239,0.4309295014508652,0.0030471317268924497,20000,20000,20,,
hopper-medium-replay-v2,1,adm,18,55,4,0.08961110418941087,0.4746127837679706,0.0033560191784015657,20000,20000,20,,
hopper-medium-replay-v2,1,adm,18,56,5,0.09184468116948466,0.5066325250482718,0.0035824329403129638,20000,20000,20,,
hopper-medium-replay-v2,1,adm,18,57,2,0.09586676441741808,0.5231564775631347,0.003699274929065604,20000,20000,20,,
hopper-medium-replay-v2,1,adm,18,58,1,0.09523336506224704,0.503667335887303,0.0035614658866807447,20000,20000,20,,
hopper-medium-replay-v2,1,adm,18,59,4,0.09766040490237855,0.5116404028234477,0.0036178439836547665,20000,20000,20,,
hopper-medium-replay-v2,1,adm,18,60,2,0.10366345990871653,0.5476844045326963,0.0038727135639518586,20000,20000,20,,
hopper-medium-replay-v2,1,adm,18,61,3,0.10477979956819111,0.5577260578441147,0.003943718775460141,20000,20000,20,,
hopper-medium-replay-v2,1,adm,18,62,5,0.10650267588049155,0.5551719092269654,0.003925658217386696,20000,20000,20,,
hopper-medium-replay-v2,1,adm,18,63,1,0.1098735835592759,0.5698439178533752,0.004029404985320315,20000,20000,20,,
hopper-medium-replay-v2,1,adm,18,64,3,0.1185043825043016,0.6026359304753699,0.004261279530257988,20000,20000,20,,
hopper-medium-replay-v2,1,adm,18,65,4,0.12352523378562005,0.6362413978755983,0.004498906069094438,20000,20000,20,,
hopper-medium-replay-v2,1,adm,18,66,5,0.12704409294348065,0.6570831854578545,0.004646279762409067,20000,20000,20,,
hopper-medium-replay-v2,1,adm,18,67,3,0.13281445283679497,0.6819512162402177,0.004822123294418715,20000,20000,20,,
hopper-medium-replay-v2,1,adm,18,68,5,0.127500147868203,0.6770498745754456,0.0047874655751379905,20000,20000,20,,
hopper-medium-replay-v2,1,adm,18,69,4,0.13727200287017183,0.7183911259338338,0.005079792366920529,20000,20000,20,,
hopper-medium-replay-v2,1,adm,18,70,3,0.14470842055184222,0.7253700921627164,0.005129141110381677,20000,20000,20,,
hopper-medium-replay-v2,1,adm,18,71,3,0.13926197806373894,0.7021587671778685,0.00496501225741057,20000,20000,20,,
hopper-medium-replay-v2,1,adm,18,72,3,0.1461720354418666,0.7178701140259999,0.005076108256389446,20000,20000,20,,
hopper-medium-replay-v2,1,adm,18,73,4,0.15078919087567902,0.7401979569591149,0.005233989947862184,20000,20000,20,,
hopper-medium-replay-v2,1,adm,18,74,4,0.15544983203781176,0.7377780938344954,0.005216878931612567,20000,20000,20,,
hopper-medium-replay-v2,1,adm,18,75,2,0.1493882533498528,0.695137732522809,0.004915366045255187,20000,20000,20,,
hopper-medium-replay-v2,1,adm,18,76,1,0.15156059685650522,0.7040616722214345,0.004978467828013166,20000,20000,20,,
hopper-medium-replay-v2,1,adm,18,77,1,0.15886621681549032,0.7354806219409298,0.005200633352057309,20000,20000,20,,
hopper-medium-replay-v2,1,adm,18,78,1,0.16988531501341553,0.7771625592276146,0.0054953691571413815,20000,20000,20,,
hopper-medium-replay-v2,1,adm,18,79,4,0.17189422736361254,0.7941980848404327,0.00561582851396039,20000,20000,20,,
hopper-medium-replay-v2,1,adm,18,80,4,0.17519407906877324,0.7909646171198852,0.00559296444444092,20000,20000,20,,
hopper-medium-replay-v2,1,adm,18,81,5,0.1788023445078561,0.7884053118212051,0.005574867423122686,20000,20000,20,,
hopper-medium-replay-v2,1,adm,18,82,5,0.18681103201711047,0.8190177871814105,0.0057913303122837595,20000,20000,20,,
hopper-medium-replay-v2,1,adm,18,83,4,0.18912963163452087,0.8141077555926429,0.005756611145961182,20000,20000,20,,
hopper-medium-replay-v2,1,adm,18,84,2,0.19177154785771214,0.81174818302399,0.00573992644832122,20000,20000,20,,
hopper-medium-replay-v2,1,adm,18,85,4,0.19317530075701525,0.8334932010288443,0.00589368694520378,20000,20000,20,,
hopper-medium-replay-v2,1,adm,18,86,4,0.2024466765762358,0.8562727207653232,0.006054762473982151,20000,20000,20,,
hopper-medium-replay-v2,1,adm,18,87,1,0.20216122719595342,0.8364841117365598,0.005914835877637271,20000,20000,20,,
hopper-medium-replay-v2,1,adm,18,88,5,0.20575704836108907,0.8469070169042374,0.005988536946874563,20000,20000,20,,
hopper-medium-replay-v2,1,adm,18,89,2,0.21921577063677306,0.8939684864665499,0.006321311789475718,20000,20000,20,,
hopper-medium-replay-v2,1,adm,18,90,4,0.22149612708631422,0.9048187308723821,0.0063980346034446705,20000,20000,20,,
hopper-medium-replay-v2,1,adm,18,91,5,0.22309758001230043,0.9129392119185696,0.0064554550755872315,20000,20000,20,,
hopper-medium-replay-v2,1,adm,18,92,5,0.23050971886201874,0.9325051622031812,0.006593807236853309,20000,20000,20,,
hopper-medium-replay-v2,1,adm,18,93,1,0.236545604721144,0.9590036759155749,0.0067811800242272915,20000,20000,20,,
hopper-medium-replay-v2,1,adm,18,94,4,0.24151055927955672,0.9801909521257903,0.006930996691058448,20000,20000,20,,
hopper-medium-replay-v2,1,adm,18,95,3,0.25070211205576126,1.0157317732284434,0.007182308247164688,20000,20000,20,,
hopper-medium-replay-v2,1,adm,18,96,2,0.25371027199818463,1.0182431663942173,0.007200066478542131,20000,20000,20,,
hopper-medium-replay-v2,1,adm,18,97,5,0.2605997632754354,1.0607336154808369,0.007500519325390235,20000,20000,20,,
hopper-medium-replay-v2,1,adm,18,98,1,0.2714802303516478,1.0901168052083505,0.007708289852482393,20000,20000,20,,
hopper-medium-replay-v2,1,adm,18,99,3,0.27455981480057695,1.069884606021347,0.0075652266000479215,20000,20000,20,,
hopper-medium-replay-v2,1,adm,18,100,4,0.275933599689101,1.0753160406900986,0.007603632642906382,20000,20000,20,,
hopper-medium-replay-v2,1,adm,19,1,5,0.004552709429542378,0.03527602287136443,0.0002494391498563353,20000,20000,20,,
hopper-medium-replay-v2,1,adm,19,2,5,0.004650048203611492,0.03528226932072867,0.0002494833189233733,20000,20000,20,,
hopper-medium-replay-v2,1,adm,19,3,3,0.002086734974694776,0.014189807042090654,0.00010033708783190927,20000,20000,20,,
hopper-medium-replay-v2,1,adm,19,4,4,0.0032641808509702125,0.026783311263367412,0.00018938661016957133,20000,20000,20,,
hopper-medium-replay-v2,1,adm,19,5,4,0.0090841609967862,0.08893169002960633,0.0006288420108231471,20000,20000,20,,
hopper-medium-replay-v2,1,adm,19,6,3,0.006912974526784292,0.062401138607590834,0.00044124268263189155,20000,20000,20,,
hopper-medium-replay-v2,1,adm,19,7,3,0.008077248104078444,0.07966249204800983,0.0005632988833336717,20000,20000,20,,
hopper-medium-replay-v2,1,adm,19,8,2,0.01180763986749358,0.10955041589910845,0.0007746384196406615,20000,20000,20,,
hopper-medium-replay-v2,1,adm,19,9,5,0.010016060443942265,0.08755009075229683,0.0006190726286444673,20000,20000,20,,
hopper-medium-replay-v2,1,adm,19,10,4,0.011993196484536991,0.11691137011237127,0.0008266882260426798,20000,20000,20,,
hopper-medium-replay-v2,1,adm,19,11,2,0.011119616829352494,0.09593924604605017,0.0006783929146108674,20000,20000,20,,
hopper-medium-replay-v2,1,adm,19,12,1,0.012665099173083153,0.10213723266680973,0.0007222192983032932,20000,20000,20,,
hopper-medium-replay-v2,1,adm,19,13,4,0.011958387966825626,0.09982679158286875,0.0007058820127234266,20000,20000,20,,
hopper-medium-replay-v2,1,adm,19,14,3,0.014479157991394976,0.11877797664962564,0.0008398871274456768,20000,20000,20,,
hopper-medium-replay-v2,1,adm,19,15,4,0.014081005298607098,0.1049449601747489,0.0007420729299091711,20000,20000,20,,
hopper-medium-replay-v2,1,adm,19,16,4,0.016754563914055148,0.11677481516138735,0.0008257226367242266,20000,20000,20,,
hopper-medium-replay-v2,1,adm,19,17,4,0.014619118581032427,0.1180002609226932,0.0008343878468021833,20000,20000,20,,
hopper-medium-replay-v2,1,adm,19,18,4,0.018963529978121733,0.14793514103215774,0.00104605941399627,20000,20000,20,,
hopper-medium-replay-v2,1,adm,19,19,5,0.018493210534681417,0.13324308124033904,0.0009421708629123379,20000,20000,20,,
hopper-medium-replay-v2,1,adm,19,20,1,0.018995431543079904,0.14578286522246067,0.0010308405257960643,20000,20000,20,,
hopper-medium-replay-v2,1,adm,19,21,5,0.019801916890958747,0.14429456664141455,0.001020316665605184,20000,20000,20,,
hopper-medium-replay-v2,1,adm,19,22,5,0.017212593457177405,0.10556002018148246,0.0007464220609251505,20000,20000,20,,
hopper-medium-replay-v2,1,adm,19,23,3,0.020244570817102993,0.13445004154889445,0.0009507053611003633,20000,20000,20,,
hopper-medium-replay-v2,1,adm,19,24,2,0.01820586408935785,0.1061253684369256,0.0007504196767767089,20000,20000,20,,
hopper-medium-replay-v2,1,adm,19,25,3,0.019190364561833307,0.12358278809917668,0.0008738622750286799,20000,20000,20,,
hopper-medium-replay-v2,1,adm,19,26,3,0.02439061863201369,0.1479337004647444,0.0010460492276464029,20000,20000,20,,
hopper-medium-replay-v2,1,adm,19,27,1,0.029749447221657482,0.20037228998709083,0.0014168460501174929,20000,20000,20,,
hopper-medium-replay-v2,1,adm,19,28,3,0.02440437402411192,0.14278322463016932,0.001009629863756748,20000,20000,20,,
hopper-medium-replay-v2,1,adm,19,29,5,0.023733446710152477,0.12417808621417332,0.0008780716683680969,20000,20000,20,,
hopper-medium-replay-v2,1,adm,19,30,4,0.029554950416697694,0.1717426679349611,0.0012144040511588043,20000,20000,20,,
hopper-medium-replay-v2,1,adm,19,31,5,0.029883911945976296,0.18132155515230705,0.001282137012234869,20000,20000,20,,
hopper-medium-replay-v2,1,adm,19,32,2,0.03192008462620801,0.19902500080762411,0.001407319276967291,20000,20000,20,,
hopper-medium-replay-v2,1,adm,19,33,4,0.02900242218502421,0.17079729467226681,0.0012077192527107684,20000,20000,20,,
hopper-medium-replay-v2,1,adm,19,34,3,0.0327703831427332,0.18591072754882798,0.0013145873614510096,20000,20000,20,,
hopper-medium-replay-v2,1,adm,19,35,3,0.037067195655528476,0.2129536814249739,0.0015058099221423875,20000,20000,20,,
hopper-medium-replay-v2,1,adm,19,36,1,0.040718476047442824,0.24314386637719598,0.0017192867671923105,20000,20000,20,,
hopper-medium-replay-v2,1,adm,19,37,3,0.03822028485888067,0.2056120664365037,0.001453896864710307,20000,20000,20,,
hopper-medium-replay-v2,1,adm,19,38,2,0.04468403110843965,0.24901537534396181,0.001760804605254288,20000,20000,20,,
hopper-medium-replay-v2,1,adm,19,39,4,0.04435630178796804,0.25311424551333506,0.0017897879941739588,20000,20000,20,,
hopper-medium-replay-v2,1,adm,19,40,5,0.044917982557534916,0.24768391999392714,0.0017513897941857216,20000,20000,20,,
hopper-medium-replay-v2,1,adm,19,41,5,0.04671441251702607,0.2413230639512368,0.001706411749766344,20000,20000,20,,
hopper-medium-replay-v2,1,adm,19,42,5,0.04710195185468779,0.24646471414539017,0.0017427687069540938,20000,20000,20,,
hopper-medium-replay-v2,1,adm,19,43,2,0.04998434153775291,0.25779156777759127,0.0018228616570824625,20000,20000,20,,
hopper-medium-replay-v2,1,adm,19,44,2,0.051459682793246246,0.2808038923142855,0.001985583364390083,20000,20000,20,,
hopper-medium-replay-v2,1,adm,19,45,2,0.05632862306471475,0.2933261174813021,0.0020741288677015063,20000,20000,20,,
hopper-medium-replay-v2,1,adm,19,46,5,0.05339719353616972,0.2888270582264668,0.0020423157146209647,20000,20000,20,,
hopper-medium-replay-v2,1,adm,19,47,3,0.056457673187755554,0.30219321384248216,0.0021368287073657557,20000,20000,20,,
hopper-medium-replay-v2,1,adm,19,48,2,0.056590897941943455,0.301327714786606,0.00213070870485055,20000,20000,20,,
hopper-medium-replay-v2,1,adm,19,49,2,0.06315749436797848,0.3270091589075078,0.0023123039377360806,20000,20000,20,,
hopper-medium-replay-v2,1,adm,19,50,4,0.06323885845943868,0.3399568660707179,0.0024038580530953155,20000,20000,20,,
hopper-medium-replay-v2,1,adm,19,51,4,0.06795061019681432,0.37057403983684917,0.0026203541650032984,20000,20000,20,,
hopper-medium-replay-v2,1,adm,19,52,3,0.07383600101065609,0.39250801294531795,0.002775450776236915,20000,20000,20,,
hopper-medium-replay-v2,1,adm,19,53,2,0.07597446327909371,0.3933519268492956,0.002781418148679317,20000,20000,20,,
hopper-medium-replay-v2,1,adm,19,54,3,0.07692277395001546,0.38743414193050085,0.0027395730902224844,20000,20000,20,,
hopper-medium-replay-v2,1,adm,19,55,5,0.07491175817287263,0.37057877954923757,0.0026203876798310054,20000,20000,20,,
hopper-medium-replay-v2,1,adm,19,56,5,0.0796585863573614,0.4110123421859014,0.0029062961431101657,20000,20000,20,,
hopper-medium-replay-v2,1,adm,19,57,4,0.08557018895537899,0.44964204273363284,0.0031794493752352318,20000,20000,20,,
hopper-medium-replay-v2,1,adm,19,58,3,0.08570288785208177,0.45690859916795495,0.0032308316885410705,20000,20000,20,,
hopper-medium-replay-v2,1,adm,19,59,2,0.09348152549387427,0.48970526276511167,0.0034627391208395058,20000,20000,20,,
hopper-medium-replay-v2,1,adm,19,60,3,0.0968203416210724,0.5142439912153817,0.0036362541337283173,20000,20000,20,,
hopper-medium-replay-v2,1,adm,19,61,2,0.10443877447153493,0.5585180468185734,0.003949318983204789,20000,20000,20,,
hopper-medium-replay-v2,1,adm,19,62,5,0.10562771850623881,0.5658887654895206,0.004001437834749239,20000,20000,20,,
hopper-medium-replay-v2,1,adm,19,63,2,0.1141724899724546,0.6053309840726359,0.004280336437000868,20000,20000,20,,
hopper-medium-replay-v2,1,adm,19,64,5,0.11179134719944211,0.575127153634093,0.004066763103791844,20000,20000,20,,
hopper-medium-replay-v2,1,adm,19,65,5,0.10976102263298362,0.5636007054570761,0.003985258807102205,20000,20000,20,,
hopper-medium-replay-v2,1,adm,19,66,3,0.1207634584171535,0.6186099849103719,0.004374233152398318,20000,20000,20,,
hopper-medium-replay-v2,1,adm,19,67,2,0.11920074638024619,0.6331460156277186,0.004477018411316036,20000,20000,20,,
hopper-medium-replay-v2,1,adm,19,68,4,0.12671775649078398,0.66850489528601,0.004727043447131405,20000,20000,20,,
hopper-medium-replay-v2,1,adm,19,69,4,0.1308186232760493,0.6810950608186646,0.004816069361375417,20000,20000,20,,
hopper-medium-replay-v2,1,adm,19,70,1,0.13384501554908165,0.6692006660439067,0.004731963289342006,20000,20000,20,,
hopper-medium-replay-v2,1,adm,19,71,1,0.13592478665582242,0.6665728618296153,0.004713381907546445,20000,20000,20,,
hopper-medium-replay-v2,1,adm,19,72,3,0.14207413841735256,0.7386654305260997,0.005223153349530857,20000,20000,20,,
hopper-medium-replay-v2,1,adm,19,73,4,0.14892441790178615,0.7800345834420951,0.005515677435119292,20000,20000,20,,
hopper-medium-replay-v2,1,adm,19,74,3,0.15538553097389998,0.7558764250507239,0.00534485345892412,20000,20000,20,,
hopper-medium-replay-v2,1,adm,19,75,1,0.16093586107458946,0.7629424416241314,0.0053948177412744495,20000,20000,20,,
hopper-medium-replay-v2,1,adm,19,76,5,0.1540316582532308,0.7077376021772893,0.0050044605780026835,20000,20000,20,,
hopper-medium-replay-v2,1,adm,19,77,2,0.1611164566020067,0.7598280589328833,0.005372795730072534,20000,20000,20,,
hopper-medium-replay-v2,1,adm,19,78,3,0.16580982744121467,0.7658710730241548,0.005415526292499973,20000,20000,20,,
hopper-medium-replay-v2,1,adm,19,79,1,0.17233799447325393,0.7758981882534012,0.005486428704243364,20000,20000,20,,
hopper-medium-replay-v2,1,adm,19,80,1,0.1799811568685553,0.8128515199537355,0.005747728218570786,20000,20000,20,,
hopper-medium-replay-v2,1,adm,19,81,5,0.16919998346200027,0.7599540962842722,0.005373686948731034,20000,20000,20,,
hopper-medium-replay-v2,1,adm,19,82,2,0.18644429970642593,0.809286300190326,0.005722518307859514,20000,20000,20,,
hopper-medium-replay-v2,1,adm,19,83,4,0.1894645147719037,0.8347376799851964,0.005902486740294586,20000,20000,20,,
hopper-medium-replay-v2,1,adm,19,84,1,0.18966894476303356,0.822247405994762,0.005814167165919444,20000,20000,20,,
hopper-medium-replay-v2,1,adm,19,85,1,0.19046551019381333,0.8226278794929481,0.005816857519825736,20000,20000,20,,
hopper-medium-replay-v2,1,adm,19,86,3,0.19617367836989133,0.8496633227341103,0.006008026972307834,20000,20000,20,,
hopper-medium-replay-v2,1,adm,19,87,1,0.2013648207486819,0.8430033159970381,0.005960933613042516,20000,20000,20,,
hopper-medium-replay-v2,1,adm,19,88,3,0.202253256133074,0.8269723296344176,0.005847577421381336,20000,20000,20,,
hopper-medium-replay-v2,1,adm,19,89,2,0.21077397738136727,0.879912864687224,0.00622192353473617,20000,20000,20,,
hopper-medium-replay-v2,1,adm,19,90,2,0.21593125011753564,0.892315227154966,0.00630962148077291,20000,20000,20,,
hopper-medium-replay-v2,1,adm,19,91,1,0.21984090448047963,0.9015989391196134,0.006375267237620759,20000,20000,20,,
hopper-medium-replay-v2,1,adm,19,92,4,0.22322684164394205,0.8970318545815033,0.006342973073149259,20000,20000,20,,
hopper-medium-replay-v2,1,adm,19,93,1,0.23311890624377757,0.930937348326116,0.006582721118612196,20000,20000,20,,
hopper-medium-replay-v2,1,adm,19,94,4,0.24091626857000578,0.9618940530454981,0.006801618076914844,20000,20000,20,,
hopper-medium-replay-v2,1,adm,19,95,2,0.24641259220546818,0.9892704385347668,0.0069951983551532326,20000,20000,20,,
hopper-medium-replay-v2,1,adm,19,96,1,0.2541335110596864,1.0333694786316734,0.007307025658116633,20000,20000,20,,
hopper-medium-replay-v2,1,adm,19,97,2,0.2552154667826682,1.0262296493799916,0.007256539441312851,20000,20000,20,,
hopper-medium-replay-v2,1,adm,19,98,2,0.25947337098901485,1.0341226243784578,0.007312351202764364,20000,20000,20,,
hopper-medium-replay-v2,1,adm,19,99,5,0.2610316561782002,1.03923977445578,0.007348534917964602,20000,20000,20,,
hopper-medium-replay-v2,1,adm,19,100,4,0.2710325425165609,1.0253915119822583,0.007250612914937818,20000,20000,20,,
hopper-medium-replay-v2,1,ensemble,0,1,1,0.0051141497244976105,0.03315039326806207,0.00023440867878847565,20000,20000,20,,
hopper-medium-replay-v2,1,ensemble,0,2,1,0.008329101460975577,0.05168082096249975,0.00036543858959871446,20000,20000,20,,
hopper-medium-replay-v2,1,ensemble,0,3,1,0.012235481000633116,0.0772195168546313,0.000546024440078587,20000,20000,20,,
hopper-medium-replay-v2,1,ensemble,0,4,1,0.015004736597134888,0.09091842888645076,0.0006428903760043621,20000,20000,20,,
hopper-medium-replay-v2,1,ensemble,0,5,1,0.019387330237026067,0.12040266293326575,0.0008513753943303038,20000,20000,20,,
hopper-medium-replay-v2,1,ensemble,0,6,1,0.025585672976556083,0.1687159370386241,0.0011930018317425368,20000,20000,20,,
hopper-medium-replay-v2,1,ensemble,0,7,1,0.031493282183059995,0.22487249544907198,0.0015900886643437984,20000,20000,20,,
hopper-medium-replay-v2,1,ensemble,0,8,1,0.03751330239161334,0.2621451306438148,0.0018536459953327484,20000,20000,20,,
hopper-medium-replay-v2,1,ensemble,0,9,1,0.04180546744776541,0.2793087180364616,0.0019750108856810334,20000,20000,20,,
hopper-medium-replay-v2,1,ensemble,0,10,1,0.043734565836573314,0.29128892531958905,0.002059723743780232,20000,20000,20,,
hopper-medium-replay-v2,1,ensemble,0,11,1,0.04554759884397943,0.28739074895789507,0.002032159474384083,20000,20000,20,,
hopper-medium-replay-v2,1,ensemble,0,12,1,0.047879173605974684,0.3042665016596156,0.0021514890661142212,20000,20000,20,,
hopper-medium-replay-v2,1,ensemble,0,13,1,0.05078446570826526,0.31927587511579963,0.002257621363636512,20000,20000,20,,
hopper-medium-replay-v2,1,ensemble,0,14,1,0.05628569099336939,0.3664176460914646,0.0025909640229768707,20000,20000,20,,
hopper-medium-replay-v2,1,ensemble,0,15,1,0.057620590142328044,0.36483334372040566,0.0025797613134766135,20000,20000,20,,
hopper-medium-replay-v2,1,ensemble,0,16,1,0.057474153902778276,0.3205727659920206,0.00226679176696686,20000,20000,20,,
hopper-medium-replay-v2,1,ensemble,0,17,1,0.06133527975480937,0.3500682425499814,0.0024753562818514894,20000,20000,20,,
hopper-medium-replay-v2,1,ensemble,0,18,1,0.06505625232170169,0.3591774846416482,0.0025397683503963647,20000,20000,20,,
hopper-medium-replay-v2,1,ensemble,0,19,1,0.06890788519948257,0.3609710370100964,0.002552450680817794,20000,20000,20,,
hopper-medium-replay-v2,1,ensemble,0,20,1,0.07218469645834928,0.3476155013232665,0.0024580127823124304,20000,20000,20,,
hopper-medium-replay-v2,1,ensemble,0,21,1,0.07643024502652497,0.35685360502962166,0.0025233360400731134,20000,20000,20,,
hopper-medium-replay-v2,1,ensemble,0,22,1,0.08149231797591562,0.38776907525932014,0.0027419414265030194,20000,20000,20,,
hopper-medium-replay-v2,1,ensemble,0,23,1,0.08706024901630981,0.4080713138457293,0.0028854999322801907,20000,20000,20,,
hopper-medium-replay-v2,1,ensemble,0,24,1,0.08960634802495067,0.42680873668319586,0.0030179935197835136,20000,20000,20,,
hopper-medium-replay-v2,1,ensemble,0,25,1,0.09240877103299315,0.43657870183164355,0.0030870776058677493,20000,20000,20,,
hopper-medium-replay-v2,1,ensemble,0,26,1,0.09740746078234772,0.4531596238610122,0.0032043224299206693,20000,20000,20,,
hopper-medium-replay-v2,1,ensemble,0,27,1,0.10084925165717368,0.44637950149282607,0.003156379724882479,20000,20000,20,,
hopper-medium-replay-v2,1,ensemble,0,28,1,0.10571359510003711,0.4583396087618488,0.003240950454418924,20000,20000,20,,
hopper-medium-replay-v2,1,ensemble,0,29,1,0.11057296529035716,0.48919807622726225,0.003459152770437107,20000,20000,20,,
hopper-medium-replay-v2,1,ensemble,0,30,1,0.11180979441808622,0.4894170205162979,0.0034607009403518985,20000,20000,20,,
hopper-medium-replay-v2,1,ensemble,0,31,1,0.11728864435454611,0.5094833341511158,0.003602591204797857,20000,20000,20,,
hopper-medium-replay-v2,1,ensemble,0,32,1,0.12288595432620951,0.5403393407796504,0.0038207761200715956,20000,20000,20,,
hopper-medium-replay-v2,1,ensemble,0,33,1,0.12783663183213748,0.549158606203826,0.0038831377439367816,20000,20000,20,,
hopper-medium-replay-v2,1,ensemble,0,34,1,0.13065330232966088,0.5422808474744439,0.0038345046455676717,20000,20000,20,,
hopper-medium-replay-v2,1,ensemble,0,35,1,0.13450860456380986,0.5681218244715663,0.00401722794623918,20000,20000,20,,
hopper-medium-replay-v2,1,ensemble,0,36,1,0.1382961539649994,0.576777660339782,0.00407843394863171,20000,20000,20,,
hopper-medium-replay-v2,1,ensemble,0,37,1,0.14084325207224688,0.5646668373703275,0.0039927974981572,20000,20000,20,,
hopper-medium-replay-v2,1,ensemble,0,38,1,0.1445440092309416,0.5782457808596683,0.0040888151283838175,20000,20000,20,,
hopper-medium-replay-v2,1,ensemble,0,39,1,0.15030725006882248,0.6040085731674708,0.004270985579815295,20000,20000,20,,
hopper-medium-replay-v2,1,ensemble,0,40,1,0.15779534623106897,0.6332927695100117,0.0044780561179693845,20000,20000,20,,
hopper-medium-replay-v2,1,ensemble,0,41,1,0.1582529391344713,0.6356836324551403,0.004494962071983266,20000,20000,20,,
hopper-medium-replay-v2,1,ensemble,0,42,1,0.16524521679560208,0.6547214202690294,0.004629579560603181,20000,20000,20,,
hopper-medium-replay-v2,1,ensemble,0,43,1,0.16854079276045855,0.6494512024546638,0.0045923134930545015,20000,20000,20,,
hopper-medium-replay-v2,1,ensemble,0,44,1,0.1769836288126148,0.6880496568867764,0.004865245781777169,20000,20000,20,,
hopper-medium-replay-v2,1,ensemble,0,45,1,0.18705226568374086,0.7322260116023865,0.005177619781652271,20000,20000,20,,
hopper-medium-replay-v2,1,ensemble,0,46,1,0.19197771583133444,0.7554751388493519,0.0053420159369822525,20000,20000,20,,
hopper-medium-replay-v2,1,ensemble,0,47,1,0.1943192689215363,0.7696470086353843,0.005442226189260215,20000,20000,20,,
hopper-medium-replay-v2,1,ensemble,0,48,1,0.1999956139921338,0.7822445642525369,0.005531304359292848,20000,20000,20,,
hopper-medium-replay-v2,1,ensemble,0,49,1,0.20294683667948293,0.7834922755589546,0.005540127010550159,20000,20000,20,,
hopper-medium-replay-v2,1,ensemble,0,50,1,0.2083861664251034,0.783137024278102,0.005537615004652998,20000,20000,20,,
hopper-medium-replay-v2,1,ensemble,0,51,1,0.21232736624896556,0.8001122073575953,0.005657647675326926,20000,20000,20,,
hopper-medium-replay-v2,1,ensemble,0,52,1,0.21797881248052495,0.8164805710284017,0.0057733894848124735,20000,20000,20,,
hopper-medium-replay-v2,1,ensemble,0,53,1,0.2264467885621639,0.8459444085867778,0.00598173027818554,20000,20000,20,,
hopper-medium-replay-v2,1,ensemble,0,54,1,0.23318772475895944,0.8695740571040697,0.006148817125221857,20000,20000,20,,
hopper-medium-replay-v2,1,ensemble,0,55,1,0.239272505402934,0.890861699796221,0.006299343490252822,20000,20000,20,,
hopper-medium-replay-v2,1,ensemble,0,56,1,0.25038403506711276,0.9301965608207372,0.00657748295992748,20000,20000,20,,
hopper-medium-replay-v2,1,ensemble,0,57,1,0.2635649274186938,0.9754292586486488,0.0068973264335822635,20000,20000,20,,
hopper-medium-replay-v2,1,ensemble,0,58,1,0.2755427816884359,1.0376233059621012,0.007337104759630055,20000,20000,20,,
hopper-medium-replay-v2,1,ensemble,0,59,1,0.28430978282583586,1.0542039921222013,0.007454347915835382,20000,20000,20,,
hopper-medium-replay-v2,1,ensemble,0,60,1,0.28880049280735887,1.063758681249353,0.007521909770574765,20000,20000,20,,
hopper-medium-replay-v2,1,ensemble,0,61,1,0.3002832807997142,1.1001143381989593,0.00777898308621035,20000,20000,20,,
hopper-medium-replay-v2,1,ensemble,0,62,1,0.3120447773086502,1.1256534273158434,0.007959571717209114,20000,20000,20,,
hopper-medium-replay-v2,1,ensemble,0,63,1,0.32809375570601296,1.1799228893409017,0.00834331476330176,20000,20000,20,,
hopper-medium-replay-v2,1,ensemble,0,64,1,0.3358079838990291,1.1942482521487106,0.00844461037514535,20000,20000,20,,
hopper-medium-replay-v2,1,ensemble,0,65,1,0.33997467056459907,1.1859649298696897,0.008386038441602859,20000,20000,20,,
hopper-medium-replay-v2,1,ensemble,0,66,1,0.34284082380572073,1.190029097987191,0.008414776449960531,20000,20000,20,,
hopper-medium-replay-v2,1,ensemble,0,67,1,0.3477205622600316,1.1936292583160788,0.008440233427779685,20000,20000,20,,
hopper-medium-replay-v2,1,ensemble,0,68,1,0.35473076496319705,1.213516972480809,0.00858086080326149,20000,20000,20,,
hopper-medium-replay-v2,1,ensemble,0,69,1,0.3522477980515159,1.1889704744962992,0.008407290851469202,20000,20000,20,,
hopper-medium-replay-v2,1,ensemble,0,70,1,0.3604125756427421,1.2127130168198872,0.00857517597826538,20000,20000,20,,
hopper-medium-replay-v2,1,ensemble,0,71,1,0.3654544052711493,1.2234635298254897,0.008651193584740336,20000,20000,20,,
hopper-medium-replay-v2,1,ensemble,0,72,1,0.3712990065294205,1.240677673349208,0.008772915960919732,20000,20000,20,,
hopper-medium-replay-v2,1,ensemble,0,73,1,0.38794920657917237,1.294058475505794,0.009150375232820727,20000,20000,20,,
hopper-medium-replay-v2,1,ensemble,0,74,1,0.3986222431744592,1.330330056729717,0.009406854043298673,20000,20000,20,,
hopper-medium-replay-v2,1,ensemble,0,75,1,0.4107341613995083,1.3646415730969026,0.009649473102258974,20000,20000,20,,
hopper-medium-replay-v2,1,ensemble,0,76,1,0.42724998856915036,1.41158684309663,0.009981426289873382,20000,20000,20,,
hopper-medium-replay-v2,1,ensemble,0,77,1,0.4346298500444841,1.4113974481174258,0.009980087065132202,20000,20000,20,,
hopper-medium-replay-v2,1,ensemble,0,78,1,0.4389813250491699,1.4207308245736776,0.010046084002968027,20000,20000,20,,
hopper-medium-replay-v2,1,ensemble,0,79,1,0.4455227850295071,1.4296970288543096,0.010109484641451413,20000,20000,20,,
hopper-medium-replay-v2,1,ensemble,0,80,1,0.4630809236832525,1.4865294898778183,0.010511350827263845,20000,20000,20,,
hopper-medium-replay-v2,1,ensemble,0,81,1,0.4811816325960166,1.5361594728244177,0.010862287802180976,20000,20000,20,,
hopper-medium-replay-v2,1,ensemble,0,82,1,0.4883968754848885,1.5091647699683088,0.010671406427724272,20000,20000,20,,
hopper-medium-replay-v2,1,ensemble,0,83,1,0.49812199127919865,1.5182106718038013,0.010735370613022517,20000,20000,20,,
hopper-medium-replay-v2,1,ensemble,0,84,1,0.5111563341972556,1.5343477645767754,0.010849477090306581,20000,20000,20,,
hopper-medium-replay-v2,1,ensemble,0,85,1,0.5260508329734744,1.5734557330555559,0.011126012187404336,20000,20000,20,,
hopper-medium-replay-v2,1,ensemble,0,86,1,0.538954015580149,1.624484402937054,0.011486839372485708,20000,20000,20,,
hopper-medium-replay-v2,1,ensemble,0,87,1,0.553118180831399,1.6650716601484201,0.011773834620524903,20000,20000,20,,
hopper-medium-replay-v2,1,ensemble,0,88,1,0.5666461242157761,1.710888471525271,0.012097808400694065,20000,20000,20,,
hopper-medium-replay-v2,1,ensemble,0,89,1,0.5698348341301153,1.6994232180882032,0.012016736816160336,20000,20000,20,,
hopper-medium-replay-v2,1,ensemble,0,90,1,0.569102402407379,1.6658764796537286,0.011779525553823252,20000,20000,20,,
hopper-medium-replay-v2,1,ensemble,0,91,1,0.5777738528147772,1.6811698274188227,0.011887665852940673,20000,20000,20,,
hopper-medium-replay-v2,1,ensemble,0,92,1,0.5813854884484926,1.664576707316889,0.01177033477548947,20000,20000,20,,
hopper-medium-replay-v2,1,ensemble,0,93,1,0.5910713104383479,1.6615569908756096,0.01174898215576058,20000,20000,20,,
hopper-medium-replay-v2,1,ensemble,0,94,1,0.6100781486408543,1.6935595864006499,0.011975274678873842,20000,20000,20,,
hopper-medium-replay-v2,1,ensemble,0,95,1,0.6326617139150214,1.7567288197007733,0.012421948611162565,20000,20000,20,,
hopper-medium-replay-v2,1,ensemble,0,96,1,0.6503770463108761,1.807816996035906,0.01278319657041283,20000,20000,20,,
hopper-medium-replay-v2,1,ensemble,0,97,1,0.6647022469672198,1.847060747573726,0.013060691798728754,20000,20000,20,,
hopper-medium-replay-v2,1,ensemble,0,98,1,0.6844058259458078,1.8940916416056681,0.013393250439681276,20000,20000,20,,
hopper-medium-replay-v2,1,ensemble,0,99,1,0.6979000257957039,1.9277036470176914,0.013630923209242482,20000,20000,20,,
hopper-medium-replay-v2,1,ensemble,0,100,1,0.7071526814956193,1.9238054900001755,0.01360335907663033,20000,20000,20,,
hopper-medium-replay-v2,1,ensemble,1,1,1,0.005194590126167648,0.03490674993220927,0.0002468279958624823,20000,20000,20,,
hopper-medium-replay-v2,1,ensemble,1,2,1,0.008528208157383609,0.054367845044616704,0.00038443871909547904,20000,20000,20,,
hopper-medium-replay-v2,1,ensemble,1,3,1,0.010476404858931494,0.057864009045787874,0.0004091603318291633,20000,20000,20,,
hopper-medium-replay-v2,1,ensemble,1,4,1,0.014387847935340078,0.08674150235091214,0.0006133550452263883,20000,20000,20,,
hopper-medium-replay-v2,1,ensemble,1,5,1,0.018925570403413635,0.11372953540920028,0.0008041892570904109,20000,20000,20,,
hopper-medium-replay-v2,1,ensemble,1,6,1,0.0254097747481861,0.17776955518333942,0.0012570205795865547,20000,20000,20,,
hopper-medium-replay-v2,1,ensemble,1,7,1,0.031995829570518004,0.2452012655739522,0.0017338347764286513,20000,20000,20,,
hopper-medium-replay-v2,1,ensemble,1,8,1,0.035994357674996126,0.2360094672798174,0.0016688389473778348,20000,20000,20,,
hopper-medium-replay-v2,1,ensemble,1,9,1,0.03919282831603397,0.2652143139641381,0.001875348398717801,20000,20000,20,,
hopper-medium-replay-v2,1,ensemble,1,10,1,0.043281743310823184,0.2936842849257591,0.002076661493989264,20000,20000,20,,
hopper-medium-replay-v2,1,ensemble,1,11,1,0.044624557995555335,0.28507982080826144,0.002015818744729675,20000,20000,20,,
hopper-medium-replay-v2,1,ensemble,1,12,1,0.047994478694031034,0.3036499991051067,0.0021471297347451005,20000,20000,20,,
hopper-medium-replay-v2,1,ensemble,1,13,1,0.05111488386828427,0.32215941312028823,0.002278011056404342,20000,20000,20,,
hopper-medium-replay-v2,1,ensemble,1,14,1,0.052288355903950125,0.307219267154932,0.00217236827116414,20000,20000,20,,
hopper-medium-replay-v2,1,ensemble,1,15,1,0.05347865091368209,0.3051272513311633,0.002157575485410776,20000,20000,20,,
hopper-medium-replay-v2,1,ensemble,1,16,1,0.056965086214335915,0.3198086242837326,0.002261388469129681,20000,20000,20,,
hopper-medium-replay-v2,1,ensemble,1,17,1,0.062145636857798135,0.3545177749307829,0.002506819227047228,20000,20000,20,,
hopper-medium-replay-v2,1,ensemble,1,18,1,0.0684028486091359,0.39583155535435505,0.002798951769986827,20000,20000,20,,
hopper-medium-replay-v2,1,ensemble,1,19,1,0.0716476672058098,0.39955709763572606,0.0028252953320943735,20000,20000,20,,
hopper-medium-replay-v2,1,ensemble,1,20,1,0.07524417235269895,0.3935736461451286,0.002782985940855351,20000,20000,20,,
hopper-medium-replay-v2,1,ensemble,1,21,1,0.08223650251049056,0.4156236157606175,0.0029389027712560466,20000,20000,20,,
hopper-medium-replay-v2,1,ensemble,1,22,1,0.08405282270080333,0.41979092661881806,0.002968370108927506,20000,20000,20,,
hopper-medium-replay-v2,1,ensemble,1,23,1,0.08500714361962391,0.4201032141953521,0.0029705783155579814,20000,20000,20,,
hopper-medium-replay-v2,1,ensemble,1,24,1,0.08667305780814841,0.3958543936361446,0.0027991132610260673,20000,20000,20,,
hopper-medium-replay-v2,1,ensemble,1,25,1,0.08783160013801482,0.3977686460976669,0.002812649069990522,20000,20000,20,,
hopper-medium-replay-v2,1,ensemble,1,26,1,0.09127986443746741,0.40246791581224556,0.0028458779248085532,20000,20000,20,,
hopper-medium-replay-v2,1,ensemble,1,27,1,0.09789164856473927,0.4410647503396201,0.0031187987590749694,20000,20000,20,,
hopper-medium-replay-v2,1,ensemble,1,28,1,0.10443318510439042,0.47127049443596714,0.0033323856238880946,20000,20000,20,,
hopper-medium-replay-v2,1,ensemble,1,29,1,0.10755568653315813,0.48246666088627976,0.0034115544760911884,20000,20000,20,,
hopper-medium-replay-v2,1,ensemble,1,30,1,0.11313075688955587,0.5177691552841985,0.003661180807906873,20000,20000,20,,
hopper-medium-replay-v2,1,ensemble,1,31,1,0.11891935196234779,0.5387867609374188,0.003809797722723841,20000,20000,20,,
hopper-medium-replay-v2,1,ensemble,1,32,1,0.12001920439758769,0.5189386595313086,0.003669450451744453,20000,20000,20,,
hopper-medium-replay-v2,1,ensemble,1,33,1,0.12397562813931831,0.5351434721614854,0.003784035780731007,20000,20000,20,,
hopper-medium-replay-v2,1,ensemble,1,34,1,0.12939866201582828,0.538902817547598,0.0038106183668844325,20000,20000,20,,
hopper-medium-replay-v2,1,ensemble,1,35,1,0.12995931723391285,0.5378352520844994,0.0038030695391012576,20000,20000,20,,
hopper-medium-replay-v2,1,ensemble,1,36,1,0.13352600105653206,0.5481491820924267,0.0038760000375941453,20000,20000,20,,
hopper-medium-replay-v2,1,ensemble,1,37,1,0.1360470106151979,0.5418531083044944,0.0038314800728911674,20000,20000,20,,
hopper-medium-replay-v2,1,ensemble,1,38,1,0.14468001217564094,0.5846482695328659,0.004134087559956698,20000,20000,20,,
hopper-medium-replay-v2,1,ensemble,1,39,1,0.15603598782468495,0.6597868679930278,0.004665397684957034,20000,20000,20,,
hopper-medium-replay-v2,1,ensemble,1,40,1,0.1624554749563318,0.6996460341403543,0.004947244551709192,20000,20000,20,,
hopper-medium-replay-v2,1,ensemble,1,41,1,0.1622902720584548,0.6417310588554097,0.004537723834146836,20000,20000,20,,
hopper-medium-replay-v2,1,ensemble,1,42,1,0.16658958031001495,0.6539591866829197,0.004624189755227319,20000,20000,20,,
hopper-medium-replay-v2,1,ensemble,1,43,1,0.16786664660166217,0.6433725271458611,0.004549330767739645,20000,20000,20,,
hopper-medium-replay-v2,1,ensemble,1,44,1,0.17221841408615415,0.6676756058177208,0.004721179485065466,20000,20000,20,,
hopper-medium-replay-v2,1,ensemble,1,45,1,0.18215650754237162,0.713119864900307,0.005042518922698417,20000,20000,20,,
hopper-medium-replay-v2,1,ensemble,1,46,1,0.1881665342281961,0.7229164917104726,0.005111791535200637,20000,20000,20,,
hopper-medium-replay-v2,1,ensemble,1,47,1,0.18881199486597866,0.7179972333888991,0.005077007126024708,20000,20000,20,,
hopper-medium-replay-v2,1,ensemble,1,48,1,0.1939034105551929,0.7345136414797403,0.005193795767643489,20000,20000,20,,
hopper-medium-replay-v2,1,ensemble,1,49,1,0.1931946866437251,0.7044705270848284,0.004981358868477435,20000,20000,20,,
hopper-medium-replay-v2,1,ensemble,1,50,1,0.20042417140629823,0.7527482684343128,0.005322734051363341,20000,20000,20,,
hopper-medium-replay-v2,1,ensemble,1,51,1,0.20491088122601833,0.7701874815803591,0.0054460479101046105,20000,20000,20,,
hopper-medium-replay-v2,1,ensemble,1,52,1,0.2124840193170901,0.8148363563753765,0.00576176313150367,20000,20000,20,,
hopper-medium-replay-v2,1,ensemble,1,53,1,0.22620061539668865,0.8807491373931645,0.006227836875749088,20000,20000,20,,
hopper-medium-replay-v2,1,ensemble,1,54,1,0.23654065991156423,0.9124456041856502,0.006451964741835297,20000,20000,20,,
hopper-medium-replay-v2,1,ensemble,1,55,1,0.24319230190496832,0.9251678572305138,0.006541924655835239,20000,20000,20,,
hopper-medium-replay-v2,1,ensemble,1,56,1,0.2562784499807837,0.977197753507282,0.0069098315806525945,20000,20000,20,,
hopper-medium-replay-v2,1,ensemble,1,57,1,0.26378169399992446,1.0066920078677564,0.007118387453295918,20000,20000,20,,
hopper-medium-replay-v2,1,ensemble,1,58,1,0.2717387431555609,1.0260309632758966,0.00725513451839752,20000,20000,20,,
hopper-medium-replay-v2,1,ensemble,1,59,1,0.28274913629733683,1.0396219486100184,0.0073512372973251645,20000,20000,20,,
hopper-medium-replay-v2,1,ensemble,1,60,1,0.2914861302780635,1.0652554413530173,0.007532493462765871,20000,20000,20,,
hopper-medium-replay-v2,1,ensemble,1,61,1,0.2983367204949469,1.0867481386830502,0.0076844697830464334,20000,20000,20,,
hopper-medium-replay-v2,1,ensemble,1,62,1,0.30949526172020725,1.1262242483174008,0.007963608031219562,20000,20000,20,,
hopper-medium-replay-v2,1,ensemble,1,63,1,0.32090142202696154,1.1649797302469014,0.008237650672024588,20000,20000,20,,
hopper-medium-replay-v2,1,ensemble,1,64,1,0.32673710939167,1.1910318402377718,0.00842186690841221,20000,20000,20,,
hopper-medium-replay-v2,1,ensemble,1,65,1,0.33483189268229835,1.2142836908769858,0.008586282321033461,20000,20000,20,,
hopper-medium-replay-v2,1,ensemble,1,66,1,0.3451422385652092,1.2359080785646683,0.008739189832763132,20000,20000,20,,
hopper-medium-replay-v2,1,ensemble,1,67,1,0.34843768775933676,1.2471459598074621,0.008818653653092619,20000,20000,20,,
hopper-medium-replay-v2,1,ensemble,1,68,1,0.35303476325981953,1.245811204550397,0.008809215508157667,20000,20000,20,,
hopper-medium-replay-v2,1,ensemble,1,69,1,0.35258597514845336,1.2104392033609102,0.00855909768910542,20000,20000,20,,
hopper-medium-replay-v2,1,ensemble,1,70,1,0.3524682988702778,1.1795737021502608,0.008340845636997702,20000,20000,20,,
hopper-medium-replay-v2,1,ensemble,1,71,1,0.3555517088982193,1.1971238735487655,0.00846494408906639,20000,20000,20,,
hopper-medium-replay-v2,1,ensemble,1,72,1,0.3659974058131729,1.2405316524709584,0.008771883437387681,20000,20000,20,,
hopper-medium-replay-v2,1,ensemble,1,73,1,0.3775558038592472,1.2739555461409433,0.009008226056064727,20000,20000,20,,
hopper-medium-replay-v2,1,ensemble,1,74,1,0.3884841204696115,1.3046073629453916,0.009224967131245859,20000,20000,20,,
hopper-medium-replay-v2,1,ensemble,1,75,1,0.40109042740770195,1.3573405033433499,0.009597846742932443,20000,20000,20,,
hopper-medium-replay-v2,1,ensemble,1,76,1,0.417408917961055,1.3915932699090319,0.00984005037806238,20000,20000,20,,
hopper-medium-replay-v2,1,ensemble,1,77,1,0.4310784111307358,1.4448619582950912,0.010216716885889337,20000,20000,20,,
hopper-medium-replay-v2,1,ensemble,1,78,1,0.4463242222302309,1.4487114569158985,0.010243936951678747,20000,20000,20,,
hopper-medium-replay-v2,1,ensemble,1,79,1,0.4565462163201554,1.4765409332263253,0.010440721065838479,20000,20000,20,,
hopper-medium-replay-v2,1,ensemble,1,80,1,0.4659251581863049,1.491049861159577,0.010543314679131971,20000,20000,20,,
hopper-medium-replay-v2,1,ensemble,1,81,1,0.48309097492521397,1.5361890658878923,0.010862497056739567,20000,20000,20,,
hopper-medium-replay-v2,1,ensemble,1,82,1,0.48922149356356076,1.5188971541076166,0.010740224775944442,20000,20000,20,,
hopper-medium-replay-v2,1,ensemble,1,83,1,0.4947918232012207,1.5503361298440326,0.010962531905312232,20000,20000,20,,
hopper-medium-replay-v2,1,ensemble,1,84,1,0.5114735778165018,1.5902892438900256,0.011245043084026643,20000,20000,20,,
hopper-medium-replay-v2,1,ensemble,1,85,1,0.5178951297370032,1.5675504141532588,0.011084255276995502,20000,20000,20,,
hopper-medium-replay-v2,1,ensemble,1,86,1,0.5207749113210495,1.5603515625660356,0.011033351709254692,20000,20000,20,,
hopper-medium-replay-v2,1,ensemble,1,87,1,0.5349110540683272,1.5901687088351504,0.011244190772479914,20000,20000,20,,
hopper-medium-replay-v2,1,ensemble,1,88,1,0.551889313003099,1.6242242680435106,0.01148499994101323,20000,20000,20,,
hopper-medium-replay-v2,1,ensemble,1,89,1,0.5640662180514197,1.6486341544733134,0.0116576039032383,20000,20000,20,,
hopper-medium-replay-v2,1,ensemble,1,90,1,0.5649805967587079,1.6370639899937518,0.011575790485608882,20000,20000,20,,
hopper-medium-replay-v2,1,ensemble,1,91,1,0.569258212544517,1.6895824107482047,0.011947151800135702,20000,20000,20,,
hopper-medium-replay-v2,1,ensemble,1,92,1,0.5751424788013841,1.6719534466080996,0.011822496199248075,20000,20000,20,,
hopper-medium-replay-v2,1,ensemble,1,93,1,0.5882376696006374,1.7156092742352373,0.012131189516782675,20000,20000,20,,
hopper-medium-replay-v2,1,ensemble,1,94,1,0.6012884751529703,1.7587314166863954,0.012436109110247737,20000,20000,20,,
hopper-medium-replay-v2,1,ensemble,1,95,1,0.616801651145639,1.84070689540925,0.013015763279207178,20000,20000,20,,
hopper-medium-replay-v2,1,ensemble,1,96,1,0.6291511773324009,1.7909089560179758,0.01266363867288031,20000,20000,20,,
hopper-medium-replay-v2,1,ensemble,1,97,1,0.6480391266610739,1.8395877621206944,0.013007849811833285,20000,20000,20,,
hopper-medium-replay-v2,1,ensemble,1,98,1,0.6714567893279233,1.870390815071646,0.013225660288061946,20000,20000,20,,
hopper-medium-replay-v2,1,ensemble,1,99,1,0.6909097265083708,1.920974005353456,0.01358333745668512,20000,20000,20,,
hopper-medium-replay-v2,1,ensemble,1,100,1,0.7023152323372821,2.023895679751426,0.014311103595663902,20000,20000,20,,
hopper-medium-replay-v2,1,ensemble,2,1,1,0.005121063697731917,0.034159435129979605,0.00024154368221910552,20000,20000,20,,
hopper-medium-replay-v2,1,ensemble,2,2,1,0.00854279865907108,0.05699944712579909,0.000403046955865366,20000,20000,20,,
hopper-medium-replay-v2,1,ensemble,2,3,1,0.011576388681291119,0.0746792739207925,0.0005280622100348007,20000,20000,20,,
hopper-medium-replay-v2,1,ensemble,2,4,1,0.015537762203781039,0.10331362052449164,0.0007305376166180171,20000,20000,20,,
hopper-medium-replay-v2,1,ensemble,2,5,1,0.020451113357786557,0.13918190237546135,0.0009841646698813278,20000,20000,20,,
hopper-medium-replay-v2,1,ensemble,2,6,1,0.02616650500254998,0.19797279686201844,0.001399879071516001,20000,20000,20,,
hopper-medium-replay-v2,1,ensemble,2,7,1,0.031049225125923736,0.23284818780231492,0.001646485325820156,20000,20000,20,,
hopper-medium-replay-v2,1,ensemble,2,8,1,0.035482936210824184,0.24955487400175366,0.0017646194368479446,20000,20000,20,,
hopper-medium-replay-v2,1,ensemble,2,9,1,0.03811961893371844,0.24085232872678747,0.0017030831490728292,20000,20000,20,,
hopper-medium-replay-v2,1,ensemble,2,10,1,0.04239271255977645,0.2789818485048617,0.001972699569057458,20000,20000,20,,
hopper-medium-replay-v2,1,ensemble,2,11,1,0.04496059015362831,0.2930172317126591,0.0020719447154853112,20000,20000,20,,
hopper-medium-replay-v2,1,ensemble,2,12,1,0.04725066179233504,0.30649178876366817,0.0021672242221278466,20000,20000,20,,
hopper-medium-replay-v2,1,ensemble,2,13,1,0.051208071993162095,0.3160206782692136,0.0022346036459933312,20000,20000,20,,
hopper-medium-replay-v2,1,ensemble,2,14,1,0.05379673608209475,0.3254359159507767,0.0023011794301044954,20000,20000,20,,
hopper-medium-replay-v2,1,ensemble,2,15,1,0.05588080629623437,0.3320434917920374,0.002347902046950094,20000,20000,20,,
hopper-medium-replay-v2,1,ensemble,2,16,1,0.057727858050679516,0.34259061503326244,0.0024224814706088984,20000,20000,20,,
hopper-medium-replay-v2,1,ensemble,2,17,1,0.06270233676921826,0.37460006516664657,0.002648822463122584,20000,20000,20,,
hopper-medium-replay-v2,1,ensemble,2,18,1,0.06795216599431342,0.372909311398918,0.002636867028577808,20000,20000,20,,
hopper-medium-replay-v2,1,ensemble,2,19,1,0.07232261615154377,0.3751636697118488,0.0026528077490807845,20000,20000,20,,
hopper-medium-replay-v2,1,ensemble,2,20,1,0.0742936481473745,0.36438200567445,0.002576569871547586,20000,20000,20,,
hopper-medium-replay-v2,1,ensemble,2,21,1,0.07771707388334412,0.38507134683512667,0.0027228656058775505,20000,20000,20,,
hopper-medium-replay-v2,1,ensemble,2,22,1,0.08373916941460398,0.41283854582156526,0.0029192093528562202,20000,20000,20,,
hopper-medium-replay-v2,1,ensemble,2,23,1,0.08632750731478948,0.41160030157431715,0.0029104536438162762,20000,20000,20,,
hopper-medium-replay-v2,1,ensemble,2,24,1,0.08972776702910468,0.41688234486457065,0.0029478033301068678,20000,20000,20,,
hopper-medium-replay-v2,1,ensemble,2,25,1,0.09352596248172468,0.44529678236963355,0.0031487237445411813,20000,20000,20,,
hopper-medium-replay-v2,1,ensemble,2,26,1,0.09613269163955625,0.4402996054550545,0.003113388367710304,20000,20000,20,,
hopper-medium-replay-v2,1,ensemble,2,27,1,0.09736395392200778,0.4313398018527371,0.0030500329888573214,20000,20000,20,,
hopper-medium-replay-v2,1,ensemble,2,28,1,0.10056607964240649,0.44222084725666505,0.003126973598772483,20000,20000,20,,
hopper-medium-replay-v2,1,ensemble,2,29,1,0.11004855076308567,0.5121226897641218,0.00362125426731705,20000,20000,20,,
hopper-medium-replay-v2,1,ensemble,2,30,1,0.11542604510700497,0.5331682471643744,0.0037700688308327434,20000,20000,20,,
hopper-medium-replay-v2,1,ensemble,2,31,1,0.11498555585068912,0.4971845099585798,0.0035156253849262234,20000,20000,20,,
hopper-medium-replay-v2,1,ensemble,2,32,1,0.11978161599500035,0.5075745254442606,0.003589093888991805,20000,20000,20,,
hopper-medium-replay-v2,1,ensemble,2,33,1,0.12379045126291191,0.5295060504216093,0.0037441731893242585,20000,20000,20,,
hopper-medium-replay-v2,1,ensemble,2,34,1,0.12862997398460915,0.5540942794071366,0.0039180382238545985,20000,20000,20,,
hopper-medium-replay-v2,1,ensemble,2,35,1,0.13051311066933433,0.5488010661161258,0.0038806095537311934,20000,20000,20,,
hopper-medium-replay-v2,1,ensemble,2,36,1,0.13449847675939558,0.5729909315410141,0.004051657732510479,20000,20000,20,,
hopper-medium-replay-v2,1,ensemble,2,37,1,0.13911284687877207,0.5729282634371529,0.0040512146020984345,20000,20000,20,,
hopper-medium-replay-v2,1,ensemble,2,38,1,0.14415518133802288,0.5830864558522726,0.004123043869511724,20000,20000,20,,
hopper-medium-replay-v2,1,ensemble,2,39,1,0.15078480944673742,0.612269411602349,0.004329398528571184,20000,20000,20,,
hopper-medium-replay-v2,1,ensemble,2,40,1,0.15593252837576005,0.6491539384717575,0.004590211519273346,20000,20000,20,,
hopper-medium-replay-v2,1,ensemble,2,41,1,0.1581996238405737,0.6357793266381875,0.004495638732040793,20000,20000,20,,
hopper-medium-replay-v2,1,ensemble,2,42,1,0.16407536861452637,0.6651441032131439,0.004703279058482589,20000,20000,20,,
hopper-medium-replay-v2,1,ensemble,2,43,1,0.16674863916911656,0.6559158682158512,0.004638025583032903,20000,20000,20,,
hopper-medium-replay-v2,1,ensemble,2,44,1,0.1710702361722984,0.6447316877064896,0.004558941484231062,20000,20000,20,,
hopper-medium-replay-v2,1,ensemble,2,45,1,0.17863215906914112,0.6836946805499425,0.004834451448780347,20000,20000,20,,
hopper-medium-replay-v2,1,ensemble,2,46,1,0.1824391353391654,0.7108514371923196,0.0050264787165489235,20000,20000,20,,
hopper-medium-replay-v2,1,ensemble,2,47,1,0.1889050407200085,0.7255512799513943,0.005130422301522101,20000,20000,20,,
hopper-medium-replay-v2,1,ensemble,2,48,1,0.19019521173962428,0.7275539747377601,0.005144583492162962,20000,20000,20,,
hopper-medium-replay-v2,1,ensemble,2,49,1,0.19696556855714295,0.7535286050121146,0.005328251864221057,20000,20000,20,,
hopper-medium-replay-v2,1,ensemble,2,50,1,0.20654259881381676,0.7766308020838548,0.005491609066318412,20000,20000,20,,
hopper-medium-replay-v2,1,ensemble,2,51,1,0.21071499391689455,0.7864521390547836,0.005561056406043031,20000,20000,20,,
hopper-medium-replay-v2,1,ensemble,2,52,1,0.210407910928041,0.7886560704947253,0.005576640554707561,20000,20000,20,,
hopper-medium-replay-v2,1,ensemble,2,53,1,0.22073133393292474,0.8351963671098833,0.005905730148057677,20000,20000,20,,
hopper-medium-replay-v2,1,ensemble,2,54,1,0.23199795983343843,0.8966035952427728,0.006339944822324031,20000,20000,20,,
hopper-medium-replay-v2,1,ensemble,2,55,1,0.23767789145268275,0.8997800567807642,0.0063624057972609515,20000,20000,20,,
hopper-medium-replay-v2,1,ensemble,2,56,1,0.2442457287441875,0.8929151589495543,0.006313863639174938,20000,20000,20,,
hopper-medium-replay-v2,1,ensemble,2,57,1,0.2500865095805673,0.9277386533753644,0.006560102929705961,20000,20000,20,,
hopper-medium-replay-v2,1,ensemble,2,58,1,0.2604182769510613,0.9691889769129696,0.00685320097826413,20000,20000,20,,
hopper-medium-replay-v2,1,ensemble,2,59,1,0.2708147285757249,1.0051378187133306,0.007107397676392508,20000,20000,20,,
hopper-medium-replay-v2,1,ensemble,2,60,1,0.28363486748370276,1.0745610528064706,0.007598294072384111,20000,20000,20,,
hopper-medium-replay-v2,1,ensemble,2,61,1,0.2961455346266759,1.0954942578271765,0.007746314184605205,20000,20000,20,,
hopper-medium-replay-v2,1,ensemble,2,62,1,0.3046517431235715,1.1196231015100653,0.007916930874508813,20000,20000,20,,
hopper-medium-replay-v2,1,ensemble,2,63,1,0.31346103583187096,1.1370671702536892,0.008040279067509822,20000,20000,20,,
hopper-medium-replay-v2,1,ensemble,2,64,1,0.3272361402050598,1.160774349564769,0.008207914140046521,20000,20000,20,,
hopper-medium-replay-v2,1,ensemble,2,65,1,0.3313440530044797,1.167198856655738,0.008253342265344575,20000,20000,20,,
hopper-medium-replay-v2,1,ensemble,2,66,1,0.33650564087405826,1.192060201513199,0.008429138520725852,20000,20000,20,,
hopper-medium-replay-v2,1,ensemble,2,67,1,0.34124576913532073,1.1990859960273244,0.008478818390167467,20000,20000,20,,
hopper-medium-replay-v2,1,ensemble,2,68,1,0.348128415754304,1.2276058538312686,0.008680484238683917,20000,20000,20,,
hopper-medium-replay-v2,1,ensemble,2,69,1,0.35292368100332683,1.223821527754622,0.008653725012373738,20000,20000,20,,
hopper-medium-replay-v2,1,ensemble,2,70,1,0.3661833842183931,1.2518076421178834,0.008851616724826981,20000,20000,20,,
hopper-medium-replay-v2,1,ensemble,2,71,1,0.373286331464819,1.2696236590101635,0.008977594988409636,20000,20000,20,,
hopper-medium-replay-v2,1,ensemble,2,72,1,0.38525208992919824,1.2989605211495292,0.009185037929984438,20000,20000,20,,
hopper-medium-replay-v2,1,ensemble,2,73,1,0.4014681187266355,1.341100076187251,0.009483009581218007,20000,20000,20,,
hopper-medium-replay-v2,1,ensemble,2,74,1,0.41695515568242225,1.383044460517857,0.009779601167146669,20000,20000,20,,
hopper-medium-replay-v2,1,ensemble,2,75,1,0.4200096300943111,1.3802475301109614,0.009759823882574441,20000,20000,20,,
hopper-medium-replay-v2,1,ensemble,2,76,1,0.42062651218091235,1.3727335357931916,0.00970669191921552,20000,20000,20,,
hopper-medium-replay-v2,1,ensemble,2,77,1,0.423385624431138,1.378345850153441,0.009746376974638348,20000,20000,20,,
hopper-medium-replay-v2,1,ensemble,2,78,1,0.42516252579906594,1.386234693209629,0.00980215951884582,20000,20000,20,,
hopper-medium-replay-v2,1,ensemble,2,79,1,0.4359232295173758,1.4149505542641623,0.010005211319638531,20000,20000,20,,
hopper-medium-replay-v2,1,ensemble,2,80,1,0.44736351127218404,1.4299837582908341,0.010111512124740736,20000,20000,20,,
hopper-medium-replay-v2,1,ensemble,2,81,1,0.46264901132436087,1.4613371076663935,0.010333213784304426,20000,20000,20,,
hopper-medium-replay-v2,1,ensemble,2,82,1,0.47723341707039024,1.486878157953302,0.010513816282869423,20000,20000,20,,
hopper-medium-replay-v2,1,ensemble,2,83,1,0.49096174566346545,1.5194274725511534,0.010743974693620574,20000,20000,20,,
hopper-medium-replay-v2,1,ensemble,2,84,1,0.5020093050118539,1.5392056992994583,0.010883827876156289,20000,20000,20,,
hopper-medium-replay-v2,1,ensemble,2,85,1,0.5133237774939612,1.5787728196804567,0.011163609667490573,20000,20000,20,,
hopper-medium-replay-v2,1,ensemble,2,86,1,0.5306670922328334,1.6058860009526088,0.011355328810861362,20000,20000,20,,
hopper-medium-replay-v2,1,ensemble,2,87,1,0.5550639565815149,1.6875839869781284,0.011933020810140648,20000,20000,20,,
hopper-medium-replay-v2,1,ensemble,2,88,1,0.5686709778361441,1.7009294579157221,0.012027387540121654,20000,20000,20,,
hopper-medium-replay-v2,1,ensemble,2,89,1,0.5794885877868506,1.6934727700635555,0.01197466079466707,20000,20000,20,,
hopper-medium-replay-v2,1,ensemble,2,90,1,0.5935922342528076,1.7273541760877653,0.012214238514225605,20000,20000,20,,
hopper-medium-replay-v2,1,ensemble,2,91,1,0.602681463745256,1.749415628275451,0.012370236538672958,20000,20000,20,,
hopper-medium-replay-v2,1,ensemble,2,92,1,0.6001041755113631,1.7416314068224426,0.012315193780916158,20000,20000,20,,
hopper-medium-replay-v2,1,ensemble,2,93,1,0.6038995287307325,1.7286721539463106,0.012223558025037915,20000,20000,20,,
hopper-medium-replay-v2,1,ensemble,2,94,1,0.6199520514050583,1.7637322331182366,0.012471470222351977,20000,20000,20,,
hopper-medium-replay-v2,1,ensemble,2,95,1,0.632205553663489,1.7726708389168704,0.012534675710097651,20000,20000,20,,
hopper-medium-replay-v2,1,ensemble,2,96,1,0.6450767279028831,1.7957582535895351,0.012697928384848721,20000,20000,20,,
hopper-medium-replay-v2,1,ensemble,2,97,1,0.6553311777418112,1.827772994488288,0.012924306788723104,20000,20000,20,,
hopper-medium-replay-v2,1,ensemble,2,98,1,0.6711570483756064,1.882378960639281,0.013310429278309208,20000,20000,20,,
hopper-medium-replay-v2,1,ensemble,2,99,1,0.6884905671574597,1.9247297785521509,0.013609894783659078,20000,20000,20,,
hopper-medium-replay-v2,1,ensemble,2,100,1,0.7065011025396961,1.9640683159818952,0.013888060249444409,20000,20000,20,,
hopper-medium-replay-v2,1,ensemble,3,1,1,0.005568565597452794,0.0378870850340487,0.00026790214746967193,20000,20000,20,,
hopper-medium-replay-v2,1,ensemble,3,2,1,0.008480763629103617,0.05655654388981036,0.00039991515704959504,20000,20000,20,,
hopper-medium-replay-v2,1,ensemble,3,3,1,0.01130320701464705,0.07046815210460011,0.0004982850821084782,20000,20000,20,,
hopper-medium-replay-v2,1,ensemble,3,4,1,0.01498365561993606,0.08717961045886483,0.0006164529373666498,20000,20000,20,,
hopper-medium-replay-v2,1,ensemble,3,5,1,0.021058923853925635,0.13736823402876425,0.0009713400980135984,20000,20000,20,,
hopper-medium-replay-v2,1,ensemble,3,6,1,0.026509014781282394,0.18418388763893184,0.0013023767593478982,20000,20000,20,,
hopper-medium-replay-v2,1,ensemble,3,7,1,0.029832955454384632,0.19621382087308126,0.001387441233018783,20000,20000,20,,
hopper-medium-replay-v2,1,ensemble,3,8,1,0.0357623547955069,0.23255195747444432,0.001644390661083852,20000,20000,20,,
hopper-medium-replay-v2,1,ensemble,3,9,1,0.03948707611795153,0.25396494931138003,0.0017958033784177463,20000,20000,20,,
hopper-medium-replay-v2,1,ensemble,3,10,1,0.04249356101967155,0.27898158029911474,0.0019726976725564335,20000,20000,20,,
hopper-medium-replay-v2,1,ensemble,3,11,1,0.0451918117983788,0.2946162151954844,0.002083251236122422,20000,20000,20,,
hopper-medium-replay-v2,1,ensemble,3,12,1,0.04790676661492015,0.29710999644026165,0.0021008849324122,20000,20000,20,,
hopper-medium-replay-v2,1,ensemble,3,13,1,0.05168993001495885,0.3164428638395234,0.002237588948790183,20000,20000,20,,
hopper-medium-replay-v2,1,ensemble,3,14,1,0.05178912703643906,0.31110594996075414,0.00219985126884732,20000,20000,20,,
hopper-medium-replay-v2,1,ensemble,3,15,1,0.053691572948714676,0.3079678136266758,0.0021776612940261728,20000,20000,20,,
hopper-medium-replay-v2,1,ensemble,3,16,1,0.058163301304591346,0.33071489672706084,0.0023385074611511347,20000,20000,20,,
hopper-medium-replay-v2,1,ensemble,3,17,1,0.06296344139602099,0.35610232110250994,0.002518023660478542,20000,20000,20,,
hopper-medium-replay-v2,1,ensemble,3,18,1,0.06880455903326978,0.40005575650496406,0.0028288213827737433,20000,20000,20,,
hopper-medium-replay-v2,1,ensemble,3,19,1,0.07169944755667311,0.3928750912404488,0.002778046411754049,20000,20000,20,,
hopper-medium-replay-v2,1,ensemble,3,20,1,0.07540878345964905,0.3853691462825745,0.0027249713659647902,20000,20000,20,,
hopper-medium-replay-v2,1,ensemble,3,21,1,0.08004429848976029,0.39130171224485144,0.0027669209421824154,20000,20000,20,,
hopper-medium-replay-v2,1,ensemble,3,22,1,0.08281372933435817,0.41286320426166834,0.0029193837143583236,20000,20000,20,,
hopper-medium-replay-v2,1,ensemble,3,23,1,0.0867116178407229,0.4248765736847243,0.0030043310641977438,20000,20000,20,,
hopper-medium-replay-v2,1,ensemble,3,24,1,0.0870932691308279,0.412528683340747,0.0029170182942420014,20000,20000,20,,
hopper-medium-replay-v2,1,ensemble,3,25,1,0.08866713965611203,0.4076730684794062,0.0028826839122891587,20000,20000,20,,
hopper-medium-replay-v2,1,ensemble,3,26,1,0.09485391355016538,0.43236632491595656,0.00305729160304779,20000,20000,20,,
hopper-medium-replay-v2,1,ensemble,3,27,1,0.09754865353719015,0.4240594385469332,0.0029985530462269647,20000,20000,20,,
hopper-medium-replay-v2,1,ensemble,3,28,1,0.10151752715340746,0.4452024378105075,0.0031480566277659206,20000,20000,20,,
hopper-medium-replay-v2,1,ensemble,3,29,1,0.10595075064195217,0.4698476933051997,0.003322324900609639,20000,20000,20,,
hopper-medium-replay-v2,1,ensemble,3,30,1,0.11615195460914347,0.5150146438135533,0.0036417034705093793,20000,20000,20,,
hopper-medium-replay-v2,1,ensemble,3,31,1,0.11996969562919638,0.5292811493455769,0.0037425828985646723,20000,20000,20,,
hopper-medium-replay-v2,1,ensemble,3,32,1,0.12422845887042401,0.5488169266168167,0.0038807217044071088,20000,20000,20,,
hopper-medium-replay-v2,1,ensemble,3,33,1,0.12592405726158726,0.5475923703789239,0.0038720627842095266,20000,20000,20,,
hopper-medium-replay-v2,1,ensemble,3,34,1,0.12828036888128178,0.5521175436005714,0.0039040605909202333,20000,20000,20,,
hopper-medium-replay-v2,1,ensemble,3,35,1,0.1300074828934441,0.5303175811681048,0.003749911578264142,20000,20000,20,,
hopper-medium-replay-v2,1,ensemble,3,36,1,0.13386398603530442,0.5606369627436225,0.003964301981398453,20000,20000,20,,
hopper-medium-replay-v2,1,ensemble,3,37,1,0.1384036903795358,0.5523641314346808,0.003905804230216802,20000,20000,20,,
hopper-medium-replay-v2,1,ensemble,3,38,1,0.14307418250101112,0.561810316108519,0.003972598842608916,20000,20000,20,,
hopper-medium-replay-v2,1,ensemble,3,39,1,0.15106583301052018,0.5973652895775933,0.004224010471057818,20000,20000,20,,
hopper-medium-replay-v2,1,ensemble,3,40,1,0.16022671510723505,0.6442561764203374,0.004555579111681372,20000,20000,20,,
hopper-medium-replay-v2,1,ensemble,3,41,1,0.16614110303592441,0.6630585374502086,0.004688531881546769,20000,20000,20,,
hopper-medium-replay-v2,1,ensemble,3,42,1,0.1687984729163757,0.6813008338298916,0.004817524396291655,20000,20000,20,,
hopper-medium-replay-v2,1,ensemble,3,43,1,0.17342640333441298,0.6764978963540519,0.004783562499703842,20000,20000,20,,
hopper-medium-replay-v2,1,ensemble,3,44,1,0.17732193084261616,0.676479746372554,0.004783434159953887,20000,20000,20,,
hopper-medium-replay-v2,1,ensemble,3,45,1,0.18444629785603264,0.7115256193817063,0.005031245904527629,20000,20000,20,,
hopper-medium-replay-v2,1,ensemble,3,46,1,0.18808333807540717,0.7291457375537499,0.005155838954975232,20000,20000,20,,
hopper-medium-replay-v2,1,ensemble,3,47,1,0.19051410295768528,0.7383764242915379,0.005221109766848218,20000,20000,20,,
hopper-medium-replay-v2,1,ensemble,3,48,1,0.19833672855109588,0.7688337065382029,0.005436475274979514,20000,20000,20,,
hopper-medium-replay-v2,1,ensemble,3,49,1,0.20624325839326085,0.7870830808911163,0.005565517838553083,20000,20000,20,,
hopper-medium-replay-v2,1,ensemble,3,50,1,0.2117758631148979,0.8146500099787627,0.005760445463496717,20000,20000,20,,
hopper-medium-replay-v2,1,ensemble,3,51,1,0.21047786160743182,0.8154504786567555,0.005766105631800078,20000,20000,20,,
hopper-medium-replay-v2,1,ensemble,3,52,1,0.20621302808176106,0.7853552580598834,0.0055533002861465446,20000,20000,20,,
hopper-medium-replay-v2,1,ensemble,3,53,1,0.21548219108663266,0.8147016030252834,0.005760810281427285,20000,20000,20,,
hopper-medium-replay-v2,1,ensemble,3,54,1,0.22567668326635734,0.8559709996479122,0.006052628983500666,20000,20000,20,,
hopper-medium-replay-v2,1,ensemble,3,55,1,0.2359648544826459,0.8742451614236798,0.006181846820622118,20000,20000,20,,
hopper-medium-replay-v2,1,ensemble,3,56,1,0.2500219242527035,0.9522724047490656,0.00673358274934885,20000,20000,20,,
hopper-medium-replay-v2,1,ensemble,3,57,1,0.25554455827423933,0.9646271460873828,0.006820943963150148,20000,20000,20,,
hopper-medium-replay-v2,1,ensemble,3,58,1,0.2613980929751036,0.9813019770859164,0.0069388528238921755,20000,20000,20,,
hopper-medium-replay-v2,1,ensemble,3,59,1,0.268647733394544,0.9940022361866828,0.007028657217221956,20000,20000,20,,
hopper-medium-replay-v2,1,ensemble,3,60,1,0.2853509954813879,1.0692695963398429,0.007560877824885052,20000,20000,20,,
hopper-medium-replay-v2,1,ensemble,3,61,1,0.2949047781112568,1.0918791853512988,0.0077207517619834656,20000,20000,20,,
hopper-medium-replay-v2,1,ensemble,3,62,1,0.30356244875139776,1.1091619183484545,0.00784295913898072,20000,20000,20,,
hopper-medium-replay-v2,1,ensemble,3,63,1,0.31733480247880086,1.160805336278989,0.008208133249204037,20000,20000,20,,
hopper-medium-replay-v2,1,ensemble,3,64,1,0.3322577859953092,1.2118508821452734,0.008569079765518224,20000,20000,20,,
hopper-medium-replay-v2,1,ensemble,3,65,1,0.3457921781345134,1.2588030893079218,0.008901082006282066,20000,20000,20,,
hopper-medium-replay-v2,1,ensemble,3,66,1,0.34246673863244503,1.2381484244037337,0.008755031470113195,20000,20000,20,,
hopper-medium-replay-v2,1,ensemble,3,67,1,0.3450474499586025,1.215920927670721,0.008597859333426043,20000,20000,20,,
hopper-medium-replay-v2,1,ensemble,3,68,1,0.35173859475366054,1.2127108414640182,0.008575160596176514,20000,20000,20,,
hopper-medium-replay-v2,1,ensemble,3,69,1,0.3581210487624694,1.2394243029411298,0.008764053293770826,20000,20000,20,,
hopper-medium-replay-v2,1,ensemble,3,70,1,0.3704018807871691,1.2772415895634417,0.009031461891937946,20000,20000,20,,
hopper-medium-replay-v2,1,ensemble,3,71,1,0.3752994194054859,1.2905998819121385,0.009125919282986306,20000,20000,20,,
hopper-medium-replay-v2,1,ensemble,3,72,1,0.37184075472515404,1.2601771649396478,0.008910798188252633,20000,20000,20,,
hopper-medium-replay-v2,1,ensemble,3,73,1,0.3799254237566553,1.2806009870006667,0.009055216419023572,20000,20000,20,,
hopper-medium-replay-v2,1,ensemble,3,74,1,0.39437468919706764,1.31925190101937,0.009328519653040405,20000,20000,20,,
hopper-medium-replay-v2,1,ensemble,3,75,1,0.4105091052063752,1.3711117727650495,0.009695224322868751,20000,20000,20,,
hopper-medium-replay-v2,1,ensemble,3,76,1,0.4220573319610836,1.412223097853112,0.009985925290402087,20000,20000,20,,
hopper-medium-replay-v2,1,ensemble,3,77,1,0.42673426356184546,1.4198935013764933,0.010040163233860288,20000,20000,20,,
hopper-medium-replay-v2,1,ensemble,3,78,1,0.43530259767867974,1.4263947610641237,0.01008613408197407,20000,20000,20,,
hopper-medium-replay-v2,1,ensemble,3,79,1,0.4390689503541313,1.4289231524617136,0.010104012509001366,20000,20000,20,,
hopper-medium-replay-v2,1,ensemble,3,80,1,0.4488030923760076,1.4417720105159348,0.010194867655607799,20000,20000,20,,
hopper-medium-replay-v2,1,ensemble,3,81,1,0.4718862489859125,1.5066520896295186,0.010653639094659145,20000,20000,20,,
hopper-medium-replay-v2,1,ensemble,3,82,1,0.48085262164729037,1.5223666230997457,0.01076475762645895,20000,20000,20,,
hopper-medium-replay-v2,1,ensemble,3,83,1,0.48887425347150754,1.5505832280280512,0.010964279153327617,20000,20000,20,,
hopper-medium-replay-v2,1,ensemble,3,84,1,0.49949877654573954,1.5457838581909096,0.010930342483754968,20000,20000,20,,
hopper-medium-replay-v2,1,ensemble,3,85,1,0.509839094180986,1.5657294192573312,0.011071378898601337,20000,20000,20,,
hopper-medium-replay-v2,1,ensemble,3,86,1,0.5257653539148024,1.5916691139488524,0.01125480023878417,20000,20000,20,,
hopper-medium-replay-v2,1,ensemble,3,87,1,0.5419982161626524,1.640768909466767,0.011601988222440074,20000,20000,20,,
hopper-medium-replay-v2,1,ensemble,3,88,1,0.5596702677171866,1.7226272345347469,0.012180813989961486,20000,20000,20,,
hopper-medium-replay-v2,1,ensemble,3,89,1,0.5754959328779633,1.7503511714751934,0.012376851828079266,20000,20000,20,,
hopper-medium-replay-v2,1,ensemble,3,90,1,0.5922921248082123,1.7892878937885572,0.012652176031928837,20000,20000,20,,
hopper-medium-replay-v2,1,ensemble,3,91,1,0.5989366441118367,1.7930684244567585,0.012678908420648526,20000,20000,20,,
hopper-medium-replay-v2,1,ensemble,3,92,1,0.6019544995817951,1.7505547180354526,0.012378291119609731,20000,20000,20,,
hopper-medium-replay-v2,1,ensemble,3,93,1,0.6096924433685417,1.8628074607276195,0.01317203787525393,20000,20000,20,,
hopper-medium-replay-v2,1,ensemble,3,94,1,0.6318111340778899,1.8932781114535033,0.013387497912808322,20000,20000,20,,
hopper-medium-replay-v2,1,ensemble,3,95,1,0.6498975869392117,1.9296018180455061,0.013644345305298679,20000,20000,20,,
hopper-medium-replay-v2,1,ensemble,3,96,1,0.6526962662624999,1.8561982494945124,0.013125303694441686,20000,20000,20,,
hopper-medium-replay-v2,1,ensemble,3,97,1,0.660427971639946,1.8445524647546938,0.013042955560824042,20000,20000,20,,
hopper-medium-replay-v2,1,ensemble,3,98,1,0.663634958359924,1.8562696146702928,0.013125808322439037,20000,20000,20,,
hopper-medium-replay-v2,1,ensemble,3,99,1,0.6827465445639802,1.923112607900521,0.013598459660318044,20000,20000,20,,
hopper-medium-replay-v2,1,ensemble,3,100,1,0.6934187109621814,1.9356093945830117,0.013686825286380353,20000,20000,20,,
hopper-medium-replay-v2,1,ensemble,4,1,1,0.005059298806101713,0.03233134878045298,0.00022861715967565716,20000,20000,20,,
hopper-medium-replay-v2,1,ensemble,4,2,1,0.007724272436769016,0.046563773918548323,0.00032925560295442817,20000,20000,20,,
hopper-medium-replay-v2,1,ensemble,4,3,1,0.011372980236711884,0.06927927571512663,0.0004898784565385854,20000,20000,20,,
hopper-medium-replay-v2,1,ensemble,4,4,1,0.014648901595017463,0.0972829128446246,0.0006878940736601394,20000,20000,20,,
hopper-medium-replay-v2,1,ensemble,4,5,1,0.02017468842986605,0.13091591100569935,0.0009257152843734458,20000,20000,20,,
hopper-medium-replay-v2,1,ensemble,4,6,1,0.025723432077271086,0.17314672632468645,0.001224332243244371,20000,20000,20,,
hopper-medium-replay-v2,1,ensemble,4,7,1,0.029792773423207984,0.2071810122841841,0.0014649909871923997,20000,20000,20,,
hopper-medium-replay-v2,1,ensemble,4,8,1,0.03382792062331601,0.21682351024817215,0.001533173744171534,20000,20000,20,,
hopper-medium-replay-v2,1,ensemble,4,9,1,0.039501466395809544,0.2741506254396088,0.0019385376631488058,20000,20000,20,,
hopper-medium-replay-v2,1,ensemble,4,10,1,0.043046254324462824,0.2995095453152541,0.002117852305225157,20000,20000,20,,
hopper-medium-replay-v2,1,ensemble,4,11,1,0.04410077277010148,0.283149874236173,0.0020021719616451603,20000,20000,20,,
hopper-medium-replay-v2,1,ensemble,4,12,1,0.046828084476099624,0.28984429101447107,0.002049508636645396,20000,20000,20,,
hopper-medium-replay-v2,1,ensemble,4,13,1,0.05006799739717007,0.3125068923354026,0.002209757427378975,20000,20000,20,,
hopper-medium-replay-v2,1,ensemble,4,14,1,0.05504999217240534,0.36202942288698864,0.0025599345991244196,20000,20000,20,,
hopper-medium-replay-v2,1,ensemble,4,15,1,0.05569608084833776,0.34171774603779215,0.002416309354751053,20000,20000,20,,
hopper-medium-replay-v2,1,ensemble,4,16,1,0.057481951388826995,0.33297888716296903,0.002354516291048856,20000,20000,20,,
hopper-medium-replay-v2,1,ensemble,4,17,1,0.06029769510397776,0.32352578054128744,0.002287672733094151,20000,20000,20,,
hopper-medium-replay-v2,1,ensemble,4,18,1,0.06622482735836795,0.36314122243675756,0.002567796209134037,20000,20000,20,,
hopper-medium-replay-v2,1,ensemble,4,19,1,0.0703468357515626,0.38222868931435866,0.0027027649817822907,20000,20000,20,,
hopper-medium-replay-v2,1,ensemble,4,20,1,0.0762734319813411,0.39244221523149636,0.0027749855161406166,20000,20000,20,,
hopper-medium-replay-v2,1,ensemble,4,21,1,0.07731908965781413,0.38560488173322394,0.002726638267321993,20000,20000,20,,
hopper-medium-replay-v2,1,ensemble,4,22,1,0.07969124211411115,0.3819461653476331,0.0027007672356550967,20000,20000,20,,
hopper-medium-replay-v2,1,ensemble,4,23,1,0.08522971262053795,0.39612508358528536,0.002801027328012432,20000,20000,20,,
hopper-medium-replay-v2,1,ensemble,4,24,1,0.0870960350634541,0.3986030324195411,0.002818549072253787,20000,20000,20,,
hopper-medium-replay-v2,1,ensemble,4,25,1,0.09263467968774258,0.44269890516165217,0.003130353978636645,20000,20000,20,,
hopper-medium-replay-v2,1,ensemble,4,26,1,0.099109469217206,0.4664657499148281,0.0032984109495604315,20000,20000,20,,
hopper-medium-replay-v2,1,ensemble,4,27,1,0.10445431013911016,0.47336122407419906,0.0033471693149363093,20000,20000,20,,
hopper-medium-replay-v2,1,ensemble,4,28,1,0.10539943164490376,0.4741688979433543,0.003352880431634978,20000,20000,20,,
hopper-medium-replay-v2,1,ensemble,4,29,1,0.10901684923198415,0.4896888798957345,0.003462623276459187,20000,20000,20,,
hopper-medium-replay-v2,1,ensemble,4,30,1,0.11211679720014694,0.5016404013002081,0.0035471332947651815,20000,20000,20,,
hopper-medium-replay-v2,1,ensemble,4,31,1,0.11581643528905916,0.495602777648019,0.0035044408484980294,20000,20000,20,,
hopper-medium-replay-v2,1,ensemble,4,32,1,0.11702562948666996,0.48683223943358517,0.00344242377803721,20000,20000,20,,
hopper-medium-replay-v2,1,ensemble,4,33,1,0.12224317966003707,0.5180551531826417,0.003663203118440816,20000,20000,20,,
hopper-medium-replay-v2,1,ensemble,4,34,1,0.12714020244329732,0.5420318913178901,0.003832744259702498,20000,20000,20,,
hopper-medium-replay-v2,1,ensemble,4,35,1,0.12951603217093113,0.5431889115875677,0.003840925628489091,20000,20000,20,,
hopper-medium-replay-v2,1,ensemble,4,36,1,0.13133074595369748,0.5355792220244744,0.0037871169975612134,20000,20000,20,,
hopper-medium-replay-v2,1,ensemble,4,37,1,0.13570122744519378,0.5437003135969034,0.0038445417867762283,20000,20000,20,,
hopper-medium-replay-v2,1,ensemble,4,38,1,0.14315668801560616,0.5768631999820503,0.004079038805242792,20000,20000,20,,
hopper-medium-replay-v2,1,ensemble,4,39,1,0.14949340240841674,0.5994982509576777,0.004239092785616486,20000,20000,20,,
hopper-medium-replay-v2,1,ensemble,4,40,1,0.15743415915620085,0.6402977199345183,0.004527588597439828,20000,20000,20,,
hopper-medium-replay-v2,1,ensemble,4,41,1,0.16040532906368699,0.6547702713286062,0.004629924989758131,20000,20000,20,,
hopper-medium-replay-v2,1,ensemble,4,42,1,0.1636410854957497,0.667413215933302,0.0047193241083995936,20000,20000,20,,
hopper-medium-replay-v2,1,ensemble,4,43,1,0.16980338110523943,0.6758487502690114,0.004778972343716714,20000,20000,20,,
hopper-medium-replay-v2,1,ensemble,4,44,1,0.1821355564066483,0.728668796836362,0.005152466474820342,20000,20000,20,,
hopper-medium-replay-v2,1,ensemble,4,45,1,0.18297736700663303,0.7303031551211306,0.005164023133080826,20000,20000,20,,
hopper-medium-replay-v2,1,ensemble,4,46,1,0.18540271497917934,0.7274794277204205,0.005144056365148182,20000,20000,20,,
hopper-medium-replay-v2,1,ensemble,4,47,1,0.18750279460179634,0.7213063743802014,0.00510040628637323,20000,20000,20,,
hopper-medium-replay-v2,1,ensemble,4,48,1,0.19668030853551557,0.7550914465210583,0.0053393028225099965,20000,20000,20,,
hopper-medium-replay-v2,1,ensemble,4,49,1,0.19990140990672414,0.7639380998558521,0.005401858108148389,20000,20000,20,,
hopper-medium-replay-v2,1,ensemble,4,50,1,0.20584624214511354,0.7898353172004764,0.005584979088130846,20000,20000,20,,
hopper-medium-replay-v2,1,ensemble,4,51,1,0.2158646144967587,0.8245651324567285,0.005830555966901365,20000,20000,20,,
hopper-medium-replay-v2,1,ensemble,4,52,1,0.21756772487096,0.8092683602723649,0.0057223914534830726,20000,20000,20,,
hopper-medium-replay-v2,1,ensemble,4,53,1,0.23117779142539094,0.869012642917904,0.006144847327440937,20000,20000,20,,
hopper-medium-replay-v2,1,ensemble,4,54,1,0.23749151494638868,0.9056105224878442,0.00640363341565047,20000,20000,20,,
hopper-medium-replay-v2,1,ensemble,4,55,1,0.24001576347987408,0.8917540835493944,0.006305653596285718,20000,20000,20,,
hopper-medium-replay-v2,1,ensemble,4,56,1,0.24989624466691507,0.9416045077348828,0.006658149326151565,20000,20000,20,,
hopper-medium-replay-v2,1,ensemble,4,57,1,0.2608737025746932,0.9793268181524939,0.006924886341134733,20000,20000,20,,
hopper-medium-replay-v2,1,ensemble,4,58,1,0.26577716506003257,0.993585364752485,0.007025709491041914,20000,20000,20,,
hopper-medium-replay-v2,1,ensemble,4,59,1,0.2741638830320585,1.0227844072288943,0.007232177900434144,20000,20000,20,,
hopper-medium-replay-v2,1,ensemble,4,60,1,0.2892606781012982,1.0675617600338672,0.007548801598553932,20000,20000,20,,
hopper-medium-replay-v2,1,ensemble,4,61,1,0.3050765695909182,1.1211342704945066,0.007927616452872986,20000,20000,20,,
hopper-medium-replay-v2,1,ensemble,4,62,1,0.3160303519175316,1.138031095725153,0.008047095049884125,20000,20000,20,,
hopper-medium-replay-v2,1,ensemble,4,63,1,0.33016587924697594,1.204240254093558,0.008515264498473658,20000,20000,20,,
hopper-medium-replay-v2,1,ensemble,4,64,1,0.33776900787010666,1.2116711678218266,0.008567808993350369,20000,20000,20,,
hopper-medium-replay-v2,1,ensemble,4,65,1,0.3367801065270066,1.1899023721512754,0.008413880362981256,20000,20000,20,,
hopper-medium-replay-v2,1,ensemble,4,66,1,0.35085468565948114,1.2420130683029118,0.008782358629192995,20000,20000,20,,
hopper-medium-replay-v2,1,ensemble,4,67,1,0.3569148641318371,1.2436609847881612,0.008794011158408485,20000,20000,20,,
hopper-medium-replay-v2,1,ensemble,4,68,1,0.35339960611719723,1.2298501060131752,0.008696353498049106,20000,20000,20,,
hopper-medium-replay-v2,1,ensemble,4,69,1,0.3498529330413804,1.2046401021577684,0.008518091851250133,20000,20000,20,,
hopper-medium-replay-v2,1,ensemble,4,70,1,0.3578026001340357,1.2103410266230108,0.008558403474734185,20000,20000,20,,
hopper-medium-replay-v2,1,ensemble,4,71,1,0.3649365612982008,1.236968259442339,0.008746686443641986,20000,20000,20,,
hopper-medium-replay-v2,1,ensemble,4,72,1,0.37128038035188277,1.262607536192355,0.008927983508188533,20000,20000,20,,
hopper-medium-replay-v2,1,ensemble,4,73,1,0.3878572958346148,1.301540282045648,0.009203279594219294,20000,20000,20,,
hopper-medium-replay-v2,1,ensemble,4,74,1,0.4055636281458776,1.3504820601702556,0.009549350226171668,20000,20000,20,,
hopper-medium-replay-v2,1,ensemble,4,75,1,0.4156857720128407,1.3768372756126697,0.009735709741761302,20000,20000,20,,
hopper-medium-replay-v2,1,ensemble,4,76,1,0.41869381729584604,1.3669777042979316,0.009665992044398867,20000,20000,20,,
hopper-medium-replay-v2,1,ensemble,4,77,1,0.4190120380938524,1.360379615327373,0.009619336509859324,20000,20000,20,,
hopper-medium-replay-v2,1,ensemble,4,78,1,0.4256540738304393,1.3636513690644878,0.009642471302398188,20000,20000,20,,
hopper-medium-replay-v2,1,ensemble,4,79,1,0.44169225071798257,1.4058322425904362,0.00994073511946389,20000,20000,20,,
hopper-medium-replay-v2,1,ensemble,4,80,1,0.44931495071899896,1.4177335033451484,0.010024889741307151,20000,20000,20,,
hopper-medium-replay-v2,1,ensemble,4,81,1,0.4629940909441637,1.4439835282952689,0.010210505447792615,20000,20000,20,,
hopper-medium-replay-v2,1,ensemble,4,82,1,0.4737926671084484,1.4748463315569191,0.010428738422520007,20000,20000,20,,
hopper-medium-replay-v2,1,ensemble,4,83,1,0.495927196348928,1.5387418401100175,0.010880547896372595,20000,20000,20,,
hopper-medium-replay-v2,1,ensemble,4,84,1,0.5142495231666386,1.5804206893899737,0.011175261865951688,20000,20000,20,,
hopper-medium-replay-v2,1,ensemble,4,85,1,0.5248821833875558,1.6045549676578588,0.011345916984174333,20000,20000,20,,
hopper-medium-replay-v2,1,ensemble,4,86,1,0.5345009073066509,1.6251268952350424,0.011491382479093384,20000,20000,20,,
hopper-medium-replay-v2,1,ensemble,4,87,1,0.5377818795832617,1.6071757439615082,0.01136444867113717,20000,20000,20,,
hopper-medium-replay-v2,1,ensemble,4,88,1,0.5508878641327545,1.6340602913808584,0.011554551129030708,20000,20000,20,,
hopper-medium-replay-v2,1,ensemble,4,89,1,0.5655214990887127,1.6816316583766826,0.011890931490961319,20000,20000,20,,
hopper-medium-replay-v2,1,ensemble,4,90,1,0.5787657733991494,1.7117738085153358,0.012104068678587166,20000,20000,20,,
hopper-medium-replay-v2,1,ensemble,4,91,1,0.589581493096831,1.7326217850122871,0.012251486134137287,20000,20000,20,,
hopper-medium-replay-v2,1,ensemble,4,92,1,0.603636034203618,1.7644807161940057,0.012476762796936774,20000,20000,20,,
hopper-medium-replay-v2,1,ensemble,4,93,1,0.619452171306594,1.7799440265513249,0.0125861049130693,20000,20000,20,,
hopper-medium-replay-v2,1,ensemble,4,94,1,0.6337334245710214,1.8083506644797247,0.012786970176168125,20000,20000,20,,
hopper-medium-replay-v2,1,ensemble,4,95,1,0.6455748939572673,1.7890757728250812,0.01265067611021178,20000,20000,20,,
hopper-medium-replay-v2,1,ensemble,4,96,1,0.6579704976373493,1.8060424580626082,0.012770648692068912,20000,20000,20,,
hopper-medium-replay-v2,1,ensemble,4,97,1,0.6597523903853896,1.8192080958817993,0.012863743809874872,20000,20000,20,,
hopper-medium-replay-v2,1,ensemble,4,98,1,0.6686621066152802,1.8532179632648769,0.013104229888413164,20000,20000,20,,
hopper-medium-replay-v2,1,ensemble,4,99,1,0.6745660616458239,1.8472750654089807,0.013062207254675133,20000,20000,20,,
hopper-medium-replay-v2,1,ensemble,4,100,1,0.6900263555519921,1.8963138329538962,0.013408963705395538,20000,20000,20,,
hopper-medium-replay-v2,1,ensemble,5,1,1,0.005296192903318279,0.0340157142342281,0.00024052742201926457,20000,20000,20,,
hopper-medium-replay-v2,1,ensemble,5,2,1,0.008916775036506123,0.06305328620821507,0.0004458540625392509,20000,20000,20,,
hopper-medium-replay-v2,1,ensemble,5,3,1,0.011538896215405575,0.07159260441356825,0.0005062361606364006,20000,20000,20,,
hopper-medium-replay-v2,1,ensemble,5,4,1,0.01422756312795209,0.08347249940075666,0.0005902397036886505,20000,20000,20,,
hopper-medium-replay-v2,1,ensemble,5,5,1,0.019476881994460304,0.1205499661060266,0.0008524169850537987,20000,20000,20,,
hopper-medium-replay-v2,1,ensemble,5,6,1,0.02687062826103482,0.18723678995242946,0.001323964038629641,20000,20000,20,,
hopper-medium-replay-v2,1,ensemble,5,7,1,0.03137973442318499,0.21513126124754683,0.0015212077367335508,20000,20000,20,,
hopper-medium-replay-v2,1,ensemble,5,8,1,0.03543807089737015,0.25087145093716423,0.0017739290416377707,20000,20000,20,,
hopper-medium-replay-v2,1,ensemble,5,9,1,0.04051395670014758,0.2796055764586137,0.0019771099917145945,20000,20000,20,,
hopper-medium-replay-v2,1,ensemble,5,10,1,0.04399311722499258,0.3026453579558489,0.002140025849052108,20000,20000,20,,
hopper-medium-replay-v2,1,ensemble,5,11,1,0.04693951378551829,0.32178756202783465,0.0022753816721136867,20000,20000,20,,
hopper-medium-replay-v2,1,ensemble,5,12,1,0.048979886669829206,0.3139767023681273,0.0022201505537909312,20000,20000,20,,
hopper-medium-replay-v2,1,ensemble,5,13,1,0.05181680511463451,0.3199837986268591,0.0022626271387888273,20000,20000,20,,
hopper-medium-replay-v2,1,ensemble,5,14,1,0.05241066480486081,0.3044200723189082,0.002152574974659992,20000,20000,20,,
hopper-medium-replay-v2,1,ensemble,5,15,1,0.053420311089721534,0.31306956519059254,0.002213736125293919,20000,20000,20,,
hopper-medium-replay-v2,1,ensemble,5,16,1,0.05627824992585681,0.31853366658914056,0.002252373156813961,20000,20000,20,,
hopper-medium-replay-v2,1,ensemble,5,17,1,0.061659905283445074,0.35138750183425516,0.002484684853712022,20000,20000,20,,
hopper-medium-replay-v2,1,ensemble,5,18,1,0.06637210006711744,0.3566947668916872,0.0025222128848286685,20000,20000,20,,
hopper-medium-replay-v2,1,ensemble,5,19,1,0.07010046120577042,0.37172561680815,0.002628497043857949,20000,20000,20,,
hopper-medium-replay-v2,1,ensemble,5,20,1,0.07258174706267728,0.3650890488600876,0.002581569421859147,20000,20000,20,,
hopper-medium-replay-v2,1,ensemble,5,21,1,0.07783322884199659,0.381589432972629,0.002698244756840755,20000,20000,20,,
hopper-medium-replay-v2,1,ensemble,5,22,1,0.08458977704376437,0.4149859689294352,0.002934393927272735,20000,20000,20,,
hopper-medium-replay-v2,1,ensemble,5,23,1,0.08786422332454165,0.4240803941175367,0.002998701224487738,20000,20000,20,,
hopper-medium-replay-v2,1,ensemble,5,24,1,0.09086909261696706,0.4377510048586229,0.0030953670400675755,20000,20000,20,,
hopper-medium-replay-v2,1,ensemble,5,25,1,0.09475958885782289,0.4615678883695927,0.0032637778384409437,20000,20000,20,,
hopper-medium-replay-v2,1,ensemble,5,26,1,0.09734777030007172,0.4452577004268559,0.0031484473934735814,20000,20000,20,,
hopper-medium-replay-v2,1,ensemble,5,27,1,0.10032243947696635,0.4346661352945339,0.0030735537181891424,20000,20000,20,,
hopper-medium-replay-v2,1,ensemble,5,28,1,0.105528564569839,0.4835860874133284,0.0034194700169743507,20000,20000,20,,
hopper-medium-replay-v2,1,ensemble,5,29,1,0.10850381616324668,0.49360064676655807,0.003490283645266989,20000,20000,20,,
hopper-medium-replay-v2,1,ensemble,5,30,1,0.11374918872962535,0.5114981361910859,0.0036168380066499703,20000,20000,20,,
hopper-medium-replay-v2,1,ensemble,5,31,1,0.11432199278373169,0.4792216904955285,0.0033886090704106906,20000,20000,20,,
hopper-medium-replay-v2,1,ensemble,5,32,1,0.11450742071634411,0.4904754511118999,0.0034681851748675535,20000,20000,20,,
hopper-medium-replay-v2,1,ensemble,5,33,1,0.11688204137335247,0.49041393820272067,0.003467750212915442,20000,20000,20,,
hopper-medium-replay-v2,1,ensemble,5,34,1,0.1287571213325706,0.5420165813262317,0.0038326360017132822,20000,20000,20,,
hopper-medium-replay-v2,1,ensemble,5,35,1,0.1332065278654006,0.5644486446580339,0.003991254642692517,20000,20000,20,,
hopper-medium-replay-v2,1,ensemble,5,36,1,0.13606465377414179,0.5441816609365415,0.0038479454264558704,20000,20000,20,,
hopper-medium-replay-v2,1,ensemble,5,37,1,0.14305732576620162,0.5860415930540501,0.004143939845058859,20000,20000,20,,
hopper-medium-replay-v2,1,ensemble,5,38,1,0.14294462213151787,0.5837345241936369,0.004127626404700234,20000,20000,20,,
hopper-medium-replay-v2,1,ensemble,5,39,1,0.1519025249089737,0.6257861554076835,0.004424976340614316,20000,20000,20,,
hopper-medium-replay-v2,1,ensemble,5,40,1,0.15959032513761143,0.6740961002245861,0.004766579236402114,20000,20000,20,,
hopper-medium-replay-v2,1,ensemble,5,41,1,0.16522230134761914,0.7099301764182959,0.00501996441914339,20000,20000,20,,
hopper-medium-replay-v2,1,ensemble,5,42,1,0.1688363704388519,0.6931912519861788,0.0049016023493861985,20000,20000,20,,
hopper-medium-replay-v2,1,ensemble,5,43,1,0.16710111409823505,0.649222316295625,0.00459069502350274,20000,20000,20,,
hopper-medium-replay-v2,1,ensemble,5,44,1,0.17667180240952063,0.6877195050194753,0.004862911255535269,20000,20000,20,,
hopper-medium-replay-v2,1,ensemble,5,45,1,0.18228063184137197,0.6921420602272299,0.004894183443311021,20000,20000,20,,
hopper-medium-replay-v2,1,ensemble,5,46,1,0.18538021507835165,0.7150358262263866,0.005056066815160037,20000,20000,20,,
hopper-medium-replay-v2,1,ensemble,5,47,1,0.189393895734014,0.7239345173210822,0.005118990063327473,20000,20000,20,,
hopper-medium-replay-v2,1,ensemble,5,48,1,0.19425933829237962,0.7558486672722817,0.005344657181790448,20000,20000,20,,
hopper-medium-replay-v2,1,ensemble,5,49,1,0.1992343638135234,0.7768710037471979,0.005493307548568434,20000,20000,20,,
hopper-medium-replay-v2,1,ensemble,5,50,1,0.20466323282678076,0.7575335303599239,0.005356570962936875,20000,20000,20,,
hopper-medium-replay-v2,1,ensemble,5,51,1,0.21320772847337666,0.7979892571024736,0.005642636150111744,20000,20000,20,,
hopper-medium-replay-v2,1,ensemble,5,52,1,0.2175412919286857,0.8392534674447998,0.0059344181796454135,20000,20000,20,,
hopper-medium-replay-v2,1,ensemble,5,53,1,0.22303616129509166,0.8467686273874492,0.005987558385216902,20000,20000,20,,
hopper-medium-replay-v2,1,ensemble,5,54,1,0.2236443854979101,0.8311623444368731,0.005877205300182218,20000,20000,20,,
hopper-medium-replay-v2,1,ensemble,5,55,1,0.22857346557002603,0.8320847385038445,0.005883727611179035,20000,20000,20,,
hopper-medium-replay-v2,1,ensemble,5,56,1,0.24393154432764177,0.9035575586072743,0.00638911676883565,20000,20000,20,,
hopper-medium-replay-v2,1,ensemble,5,57,1,0.2550966672376029,0.9454351458551093,0.006685236028062405,20000,20000,20,,
hopper-medium-replay-v2,1,ensemble,5,58,1,0.2620752696106119,0.9690291126827156,0.0068520705674513125,20000,20000,20,,
hopper-medium-replay-v2,1,ensemble,5,59,1,0.2729283549755929,1.0064857637766043,0.007116929087341585,20000,20000,20,,
hopper-medium-replay-v2,1,ensemble,5,60,1,0.2825090692585875,1.0458583774483143,0.007395335508544628,20000,20000,20,,
hopper-medium-replay-v2,1,ensemble,5,61,1,0.2950991558004262,1.0889867245180895,0.007700298975288678,20000,20000,20,,
hopper-medium-replay-v2,1,ensemble,5,62,1,0.2987594584846095,1.094073498832248,0.007736267901407749,20000,20000,20,,
hopper-medium-replay-v2,1,ensemble,5,63,1,0.3103840246941537,1.1158763003372036,0.007890436989337932,20000,20000,20,,
hopper-medium-replay-v2,1,ensemble,5,64,1,0.31934318065757433,1.16153147091978,0.008213267796489615,20000,20000,20,,
hopper-medium-replay-v2,1,ensemble,5,65,1,0.32748229076378754,1.1778888318258982,0.008328931804679935,20000,20000,20,,
hopper-medium-replay-v2,1,ensemble,5,66,1,0.34240178597271836,1.2200961399156725,0.008627382542339027,20000,20000,20,,
hopper-medium-replay-v2,1,ensemble,5,67,1,0.35292937888989173,1.2502296416143703,0.008840458576259482,20000,20000,20,,
hopper-medium-replay-v2,1,ensemble,5,68,1,0.3582817212916053,1.2535348808234672,0.008863830146841443,20000,20000,20,,
hopper-medium-replay-v2,1,ensemble,5,69,1,0.36073439685096,1.255726841944938,0.008879329652572336,20000,20000,20,,
hopper-medium-replay-v2,1,ensemble,5,70,1,0.3647684520215358,1.2437642068678154,0.008794741048733401,20000,20000,20,,
hopper-medium-replay-v2,1,ensemble,5,71,1,0.3790673005184397,1.2894561699290024,0.009117832017996307,20000,20000,20,,
hopper-medium-replay-v2,1,ensemble,5,72,1,0.3839111428840497,1.3051117004428052,0.009228533335890136,20000,20000,20,,
hopper-medium-replay-v2,1,ensemble,5,73,1,0.3854392159028217,1.3103587903113239,0.009265635864165383,20000,20000,20,,
hopper-medium-replay-v2,1,ensemble,5,74,1,0.3953691445035598,1.3198771959745073,0.009332941156070598,20000,20000,20,,
hopper-medium-replay-v2,1,ensemble,5,75,1,0.4084433304179314,1.352678053055438,0.009564878240777168,20000,20000,20,,
hopper-medium-replay-v2,1,ensemble,5,76,1,0.41770688315248755,1.3939045658665943,0.009856393708511593,20000,20000,20,,
hopper-medium-replay-v2,1,ensemble,5,77,1,0.43474929069135204,1.4471465724215276,0.010232871547301313,20000,20000,20,,
hopper-medium-replay-v2,1,ensemble,5,78,1,0.44492969227627555,1.4611016786452886,0.010331549049731313,20000,20000,20,,
hopper-medium-replay-v2,1,ensemble,5,79,1,0.453500570880728,1.4718684541822062,0.010407681649667992,20000,20000,20,,
hopper-medium-replay-v2,1,ensemble,5,80,1,0.4554424541023422,1.4437098823169823,0.010208570478523707,20000,20000,20,,
hopper-medium-replay-v2,1,ensemble,5,81,1,0.46407012200831066,1.4571073295044439,0.010303304736092134,20000,20000,20,,
hopper-medium-replay-v2,1,ensemble,5,82,1,0.4702689650565677,1.4677626611270995,0.010378649308553846,20000,20000,20,,
hopper-medium-replay-v2,1,ensemble,5,83,1,0.47840229245013727,1.4884851756671462,0.010525179614098885,20000,20000,20,,
hopper-medium-replay-v2,1,ensemble,5,84,1,0.4962506626096904,1.5297137421664755,0.010816709603601647,20000,20000,20,,
hopper-medium-replay-v2,1,ensemble,5,85,1,0.5113283657892934,1.5547802337674572,0.010993956465517745,20000,20000,20,,
hopper-medium-replay-v2,1,ensemble,5,86,1,0.5296371702715568,1.597639050750285,0.011297014066739651,20000,20000,20,,
hopper-medium-replay-v2,1,ensemble,5,87,1,0.5419729896736196,1.6289633232694325,0.011518510121879898,20000,20000,20,,
hopper-medium-replay-v2,1,ensemble,5,88,1,0.5472399184156876,1.6219712619740123,0.011469068782315262,20000,20000,20,,
hopper-medium-replay-v2,1,ensemble,5,89,1,0.5530866827702261,1.608109609018156,0.011371052094279856,20000,20000,20,,
hopper-medium-replay-v2,1,ensemble,5,90,1,0.5578127128138378,1.6192376636075614,0.011449739322895683,20000,20000,20,,
hopper-medium-replay-v2,1,ensemble,5,91,1,0.5791884628426356,1.7029989235661336,0.01204202087207004,20000,20000,20,,
hopper-medium-replay-v2,1,ensemble,5,92,1,0.6060521389595475,1.7634443944507059,0.01246943489561499,20000,20000,20,,
hopper-medium-replay-v2,1,ensemble,5,93,1,0.6198986982536049,1.774166878039173,0.012545254304180657,20000,20000,20,,
hopper-medium-replay-v2,1,ensemble,5,94,1,0.6304714372148956,1.7761071987763528,0.012558974443690023,20000,20000,20,,
hopper-medium-replay-v2,1,ensemble,5,95,1,0.6382537880397485,1.7749936101338115,0.01255110018288409,20000,20000,20,,
hopper-medium-replay-v2,1,ensemble,5,96,1,0.6493496181838396,1.8865590441148756,0.013339986932024395,20000,20000,20,,
hopper-medium-replay-v2,1,ensemble,5,97,1,0.6584650160972193,1.8634995471619509,0.013176931665362759,20000,20000,20,,
hopper-medium-replay-v2,1,ensemble,5,98,1,0.6676107187587444,1.9174393245769552,0.013558343489221185,20000,20000,20,,
hopper-medium-replay-v2,1,ensemble,5,99,1,0.6748471300952018,1.9899069905783755,0.014070767269684845,20000,20000,20,,
hopper-medium-replay-v2,1,ensemble,5,100,1,0.6906008578895618,2.0742237907030945,0.014666977081046242,20000,20000,20,,
hopper-medium-replay-v2,1,ensemble,6,1,1,0.005108479393878666,0.03294066333624804,0.0002329256642184407,20000,20000,20,,
hopper-medium-replay-v2,1,ensemble,6,2,1,0.00798738509774146,0.05320064939819941,0.00037618539952994815,20000,20000,20,,
hopper-medium-replay-v2,1,ensemble,6,3,1,0.011237283306024075,0.07817033338328741,0.0005527477282293568,20000,20000,20,,
hopper-medium-replay-v2,1,ensemble,6,4,1,0.01463846398565836,0.08735651801584529,0.0006177038626984901,20000,20000,20,,
hopper-medium-replay-v2,1,ensemble,6,5,1,0.019891712198429317,0.13227654388684534,0.0009353364117430829,20000,20000,20,,
hopper-medium-replay-v2,1,ensemble,6,6,1,0.026479767590469095,0.1889234208112743,0.0013358903198061177,20000,20000,20,,
hopper-medium-replay-v2,1,ensemble,6,7,1,0.03099190588713585,0.22021366405032744,0.0015571457515992277,20000,20000,20,,
hopper-medium-replay-v2,1,ensemble,6,8,1,0.0358936990614161,0.26047689513838934,0.0018418497889477236,20000,20000,20,,
hopper-medium-replay-v2,1,ensemble,6,9,1,0.03847776764658949,0.2691430091723352,0.0019031284689471136,20000,20000,20,,
hopper-medium-replay-v2,1,ensemble,6,10,1,0.04191055785795661,0.28269951301094126,0.0019989874268817116,20000,20000,20,,
hopper-medium-replay-v2,1,ensemble,6,11,1,0.044547500842612664,0.2916268811785742,0.0020621134525765335,20000,20000,20,,
hopper-medium-replay-v2,1,ensemble,6,12,1,0.04863018090722185,0.31469447491711783,0.002225225972158339,20000,20000,20,,
hopper-medium-replay-v2,1,ensemble,6,13,1,0.051072656660434215,0.3209029246222827,0.002269126341030116,20000,20000,20,,
hopper-medium-replay-v2,1,ensemble,6,14,1,0.05418757444666249,0.3348175690211451,0.0023675177351524662,20000,20000,20,,
hopper-medium-replay-v2,1,ensemble,6,15,1,0.056540243327676674,0.3459591570088759,0.0024463006593455766,20000,20000,20,,
hopper-medium-replay-v2,1,ensemble,6,16,1,0.06125169064500151,0.3719467369916231,0.00263006059966986,20000,20000,20,,
hopper-medium-replay-v2,1,ensemble,6,17,1,0.06516567848923903,0.3629178916788257,0.0025662170222002256,20000,20000,20,,
hopper-medium-replay-v2,1,ensemble,6,18,1,0.06961018750741463,0.3805666537120955,0.0026910126153329534,20000,20000,20,,
hopper-medium-replay-v2,1,ensemble,6,19,1,0.07058672326327946,0.35744924877179235,0.0025275478773657154,20000,20000,20,,
hopper-medium-replay-v2,1,ensemble,6,20,1,0.0742529425686606,0.3823400906454067,0.002703552708148463,20000,20000,20,,
hopper-medium-replay-v2,1,ensemble,6,21,1,0.07884289649356055,0.39361708571494675,0.0027832931049992537,20000,20000,20,,
hopper-medium-replay-v2,1,ensemble,6,22,1,0.08094255128911806,0.3747922649628139,0.00265018152091471,20000,20000,20,,
hopper-medium-replay-v2,1,ensemble,6,23,1,0.08374346453688838,0.4033684349585411,0.002852245556757892,20000,20000,20,,
hopper-medium-replay-v2,1,ensemble,6,24,1,0.08884663902139835,0.43184385330280617,0.0030535971708414286,20000,20000,20,,
hopper-medium-replay-v2,1,ensemble,6,25,1,0.0915157938852884,0.44882341194802877,0.0031736607814373445,20000,20000,20,,
hopper-medium-replay-v2,1,ensemble,6,26,1,0.09485229733108602,0.4372944837127676,0.003092138948087682,20000,20000,20,,
hopper-medium-replay-v2,1,ensemble,6,27,1,0.09783540707622165,0.43840896612913793,0.0031000195288289683,20000,20000,20,,
hopper-medium-replay-v2,1,ensemble,6,28,1,0.10451786392841396,0.4871345320562838,0.003444561309671339,20000,20000,20,,
hopper-medium-replay-v2,1,ensemble,6,29,1,0.10741341069874409,0.4870421266602894,0.0034439079048500802,20000,20000,20,,
hopper-medium-replay-v2,1,ensemble,6,30,1,0.11099148107091542,0.49716115688724233,0.0035154602537751808,20000,20000,20,,
hopper-medium-replay-v2,1,ensemble,6,31,1,0.11479373202574515,0.5067650681849021,0.0035833701618200736,20000,20000,20,,
hopper-medium-replay-v2,1,ensemble,6,32,1,0.1196812106613974,0.5206965947170838,0.003681880930651934,20000,20000,20,,
hopper-medium-replay-v2,1,ensemble,6,33,1,0.12439750348431748,0.5248802742018199,0.0037114640119916133,20000,20000,20,,
hopper-medium-replay-v2,1,ensemble,6,34,1,0.12989621673489782,0.5412347408445647,0.0038271075546493535,20000,20000,20,,
hopper-medium-replay-v2,1,ensemble,6,35,1,0.13108042366404607,0.5499781762648959,0.0038889329794151817,20000,20000,20,,
hopper-medium-replay-v2,1,ensemble,6,36,1,0.13574871814426936,0.5565532205179815,0.003935425563194767,20000,20000,20,,
hopper-medium-replay-v2,1,ensemble,6,37,1,0.14006052346126388,0.5526481062061467,0.0039078122350826965,20000,20000,20,,
hopper-medium-replay-v2,1,ensemble,6,38,1,0.14717767604571483,0.5826946025759503,0.004120273048422547,20000,20000,20,,
hopper-medium-replay-v2,1,ensemble,6,39,1,0.1488414722617571,0.5961987821500123,0.004215762017934349,20000,20000,20,,
hopper-medium-replay-v2,1,ensemble,6,40,1,0.15652631230319397,0.6330412139904306,0.0044762773518319775,20000,20000,20,,
hopper-medium-replay-v2,1,ensemble,6,41,1,0.16184804174118897,0.6542113053271273,0.004625972503257147,20000,20000,20,,
hopper-medium-replay-v2,1,ensemble,6,42,1,0.1645090260573851,0.6475985126075642,0.004579212997511305,20000,20000,20,,
hopper-medium-replay-v2,1,ensemble,6,43,1,0.16481206214392197,0.6344234905415895,0.004486051523059974,20000,20000,20,,
hopper-medium-replay-v2,1,ensemble,6,44,1,0.173689238858204,0.6732904399921116,0.004760882358264963,20000,20000,20,,
hopper-medium-replay-v2,1,ensemble,6,45,1,0.18345003197568194,0.7080477884303346,0.005006653926032275,20000,20000,20,,
hopper-medium-replay-v2,1,ensemble,6,46,1,0.18767877537450636,0.7108195702766845,0.0050262533834275125,20000,20000,20,,
hopper-medium-replay-v2,1,ensemble,6,47,1,0.19473598322520408,0.7511077100611114,0.005311133551857111,20000,20000,20,,
hopper-medium-replay-v2,1,ensemble,6,48,1,0.20069886517375707,0.7586278601156473,0.005364309042848138,20000,20000,20,,
hopper-medium-replay-v2,1,ensemble,6,49,1,0.20308219413447318,0.757553696108032,0.005356713556309225,20000,20000,20,,
hopper-medium-replay-v2,1,ensemble,6,50,1,0.20706288709147702,0.7716407703895422,0.005456324213824569,20000,20000,20,,
hopper-medium-replay-v2,1,ensemble,6,51,1,0.20890809873677355,0.784346258796476,0.0055461655839328695,20000,20000,20,,
hopper-medium-replay-v2,1,ensemble,6,52,1,0.21092373820311192,0.8042621219413512,0.0056869920027621135,20000,20000,20,,
hopper-medium-replay-v2,1,ensemble,6,53,1,0.22619191129609573,0.875336150970196,0.006189561281687571,20000,20000,20,,
hopper-medium-replay-v2,1,ensemble,6,54,1,0.23868336910733415,0.9232805351402772,0.006528579273352345,20000,20000,20,,
hopper-medium-replay-v2,1,ensemble,6,55,1,0.24079350756684553,0.9244352523500209,0.006536744357045971,20000,20000,20,,
hopper-medium-replay-v2,1,ensemble,6,56,1,0.25331169174355317,0.9927099043737573,0.007019519051337329,20000,20000,20,,
hopper-medium-replay-v2,1,ensemble,6,57,1,0.26962323922740544,1.0553581045703204,0.007462508723218551,20000,20000,20,,
hopper-medium-replay-v2,1,ensemble,6,58,1,0.2789294227714996,1.0760264158015933,0.007608655753491622,20000,20000,20,,
hopper-medium-replay-v2,1,ensemble,6,59,1,0.2869662190088699,1.081291519520478,0.007645885658924361,20000,20000,20,,
hopper-medium-replay-v2,1,ensemble,6,60,1,0.29401244636729906,1.108685705109563,0.00783959180287561,20000,20000,20,,
hopper-medium-replay-v2,1,ensemble,6,61,1,0.3011459216956309,1.1443711448555063,0.008091925967215413,20000,20000,20,,
hopper-medium-replay-v2,1,ensemble,6,62,1,0.30912094254202915,1.144359852284733,0.008091846116681704,20000,20000,20,,
hopper-medium-replay-v2,1,ensemble,6,63,1,0.31672936100810384,1.1478200246223489,0.008116313229921727,20000,20000,20,,
hopper-medium-replay-v2,1,ensemble,6,64,1,0.32621077026798817,1.1627451422149804,0.008221849748519292,20000,20000,20,,
hopper-medium-replay-v2,1,ensemble,6,65,1,0.33510802077147717,1.1815388648342886,0.00835474143559781,20000,20000,20,,
hopper-medium-replay-v2,1,ensemble,6,66,1,0.33593819587253637,1.1712632858571168,0.00828208211984405,20000,20000,20,,
hopper-medium-replay-v2,1,ensemble,6,67,1,0.34048928266016726,1.1784283887972968,0.00833274704861306,20000,20000,20,,
hopper-medium-replay-v2,1,ensemble,6,68,1,0.34804815780501197,1.2094436782331344,0.008552058263418502,20000,20000,20,,
hopper-medium-replay-v2,1,ensemble,6,69,1,0.3546030228601962,1.222106641943659,0.008641598938514813,20000,20000,20,,
hopper-medium-replay-v2,1,ensemble,6,70,1,0.36440418843567723,1.2504992508802,0.00884236500166087,20000,20000,20,,
hopper-medium-replay-v2,1,ensemble,6,71,1,0.37782606900378257,1.287787375551499,0.009106031859788921,20000,20000,20,,
hopper-medium-replay-v2,1,ensemble,6,72,1,0.3877141261867025,1.3224548230507724,0.00935116773192057,20000,20000,20,,
hopper-medium-replay-v2,1,ensemble,6,73,1,0.39405050472847575,1.3476028499774966,0.009528991135654055,20000,20000,20,,
hopper-medium-replay-v2,1,ensemble,6,74,1,0.39843937246262146,1.3296348646657625,0.00940193829307218,20000,20000,20,,
hopper-medium-replay-v2,1,ensemble,6,75,1,0.41402985917569396,1.3923697840193292,0.009845541161993163,20000,20000,20,,
hopper-medium-replay-v2,1,ensemble,6,76,1,0.4230025131144656,1.418311030316186,0.010028973473682541,20000,20000,20,,
hopper-medium-replay-v2,1,ensemble,6,77,1,0.4292844591273523,1.4098095012361263,0.009968858585052892,20000,20000,20,,
hopper-medium-replay-v2,1,ensemble,6,78,1,0.43091151391990307,1.3921847043762994,0.009844232451286702,20000,20000,20,,
hopper-medium-replay-v2,1,ensemble,6,79,1,0.4439948538739382,1.4341836348427064,0.01014120973664049,20000,20000,20,,
hopper-medium-replay-v2,1,ensemble,6,80,1,0.45730721417049625,1.473428453356178,0.0104187125096136,20000,20000,20,,
hopper-medium-replay-v2,1,ensemble,6,81,1,0.46261081280740757,1.4961392981697417,0.010579302433355062,20000,20000,20,,
hopper-medium-replay-v2,1,ensemble,6,82,1,0.47426347099377153,1.5156183187629753,0.010717039908878541,20000,20000,20,,
hopper-medium-replay-v2,1,ensemble,6,83,1,0.49473939357051083,1.5761670286050509,0.011145183942092825,20000,20000,20,,
hopper-medium-replay-v2,1,ensemble,6,84,1,0.5035560584958416,1.5719026744925961,0.01111503040498985,20000,20000,20,,
hopper-medium-replay-v2,1,ensemble,6,85,1,0.5213366995330533,1.6092091728337283,0.011378827184583242,20000,20000,20,,
hopper-medium-replay-v2,1,ensemble,6,86,1,0.5288839357758112,1.6041616687254254,0.011343135940752763,20000,20000,20,,
hopper-medium-replay-v2,1,ensemble,6,87,1,0.5378809246101199,1.613493594297905,0.011409122619291048,20000,20000,20,,
hopper-medium-replay-v2,1,ensemble,6,88,1,0.5542225057368291,1.666454709183893,0.011783614254041867,20000,20000,20,,
hopper-medium-replay-v2,1,ensemble,6,89,1,0.5680425805984874,1.6806612216131118,0.011884069466798982,20000,20000,20,,
hopper-medium-replay-v2,1,ensemble,6,90,1,0.5718069012955619,1.6675537007669996,0.011791385298050683,20000,20000,20,,
hopper-medium-replay-v2,1,ensemble,6,91,1,0.5757424927010106,1.6682155077780685,0.011796064980304319,20000,20000,20,,
hopper-medium-replay-v2,1,ensemble,6,92,1,0.590441931019822,1.699669722747527,0.012018479867322355,20000,20000,20,,
hopper-medium-replay-v2,1,ensemble,6,93,1,0.6024864812994626,1.6989712397051764,0.012013540846364456,20000,20000,20,,
hopper-medium-replay-v2,1,ensemble,6,94,1,0.6140749707455859,1.7267767298349885,0.012210155352614513,20000,20000,20,,
hopper-medium-replay-v2,1,ensemble,6,95,1,0.6171022331825403,1.7258224070869117,0.012203407271748457,20000,20000,20,,
hopper-medium-replay-v2,1,ensemble,6,96,1,0.6277177688191307,1.7715404653455114,0.01252668276192183,20000,20000,20,,
hopper-medium-replay-v2,1,ensemble,6,97,1,0.6361214197298838,1.7887898101038493,0.012648654048418284,20000,20000,20,,
hopper-medium-replay-v2,1,ensemble,6,98,1,0.637152752883374,1.7781399975974863,0.01257334850200214,20000,20000,20,,
hopper-medium-replay-v2,1,ensemble,6,99,1,0.6498191737319877,1.801696725387979,0.012739919721634367,20000,20000,20,,
hopper-medium-replay-v2,1,ensemble,6,100,1,0.6762401410616111,1.8760400943385365,0.013265606724846295,20000,20000,20,,
hopper-medium-replay-v2,1,ensemble,7,1,1,0.005450266882185283,0.039769456664171816,0.0002812125249134042,20000,20000,20,,
hopper-medium-replay-v2,1,ensemble,7,2,1,0.008609838719840548,0.05187250315566599,0.00036679398738492005,20000,20000,20,,
hopper-medium-replay-v2,1,ensemble,7,3,1,0.011854236638859754,0.07838320301705612,0.0005542529438448223,20000,20000,20,,
hopper-medium-replay-v2,1,ensemble,7,4,1,0.015121920369668248,0.08831854822832706,0.0006245064435680121,20000,20000,20,,
hopper-medium-replay-v2,1,ensemble,7,5,1,0.02061286237807599,0.1330521340151405,0.0009408206621344714,20000,20000,20,,
hopper-medium-replay-v2,1,ensemble,7,6,1,0.027070553506775674,0.18967665058279076,0.0013412164585984265,20000,20000,20,,
hopper-medium-replay-v2,1,ensemble,7,7,1,0.03140701723989789,0.22635829335253638,0.0016005948420739226,20000,20000,20,,
hopper-medium-replay-v2,1,ensemble,7,8,1,0.03599912330305968,0.2574225254999964,0.001820252134112144,20000,20000,20,,
hopper-medium-replay-v2,1,ensemble,7,9,1,0.03935039256692908,0.25531464767891315,0.0018053471871001371,20000,20000,20,,
hopper-medium-replay-v2,1,ensemble,7,10,1,0.042875570709246684,0.2750933923939193,0.0019452040322135212,20000,20000,20,,
hopper-medium-replay-v2,1,ensemble,7,11,1,0.04595673144755212,0.30442486536834923,0.002152608866637615,20000,20000,20,,
hopper-medium-replay-v2,1,ensemble,7,12,1,0.04793608370027781,0.3053287611902762,0.0021590003752893225,20000,20000,20,,
hopper-medium-replay-v2,1,ensemble,7,13,1,0.05211189084071665,0.32073435525243876,0.002267934375584946,20000,20000,20,,
hopper-medium-replay-v2,1,ensemble,7,14,1,0.054382758938224994,0.3132123883296965,0.0022147460373956266,20000,20000,20,,
hopper-medium-replay-v2,1,ensemble,7,15,1,0.05714849096857522,0.33735800412184025,0.0023854813240211247,20000,20000,20,,
hopper-medium-replay-v2,1,ensemble,7,16,1,0.061838954928273175,0.36557664032247994,0.00258501721415421,20000,20000,20,,
hopper-medium-replay-v2,1,ensemble,7,17,1,0.0649123754801915,0.3868775408638589,0.0027356373263361026,20000,20000,20,,
hopper-medium-replay-v2,1,ensemble,7,18,1,0.06718971182505168,0.3914228627033312,0.0027677776052897644,20000,20000,20,,
hopper-medium-replay-v2,1,ensemble,7,19,1,0.07101534037048812,0.3688914453983165,0.002608456425628566,20000,20000,20,,
hopper-medium-replay-v2,1,ensemble,7,20,1,0.07601488482762149,0.38102869133465955,0.0026942797146937364,20000,20000,20,,
hopper-medium-replay-v2,1,ensemble,7,21,1,0.08044210260554736,0.4028832007380069,0.002848814432679857,20000,20000,20,,
hopper-medium-replay-v2,1,ensemble,7,22,1,0.08541162810316434,0.42536554466944393,0.0030077886111887307,20000,20000,20,,
hopper-medium-replay-v2,1,ensemble,7,23,1,0.08990403687077368,0.4406609606922175,0.0031159435350964567,20000,20000,20,,
hopper-medium-replay-v2,1,ensemble,7,24,1,0.0917171804845854,0.441949446488928,0.003125054505539622,20000,20000,20,,
hopper-medium-replay-v2,1,ensemble,7,25,1,0.09292738464525209,0.43284426861799674,0.00306067117537517,20000,20000,20,,
hopper-medium-replay-v2,1,ensemble,7,26,1,0.09624912313947903,0.42935167747675856,0.003035974826576354,20000,20000,20,,
hopper-medium-replay-v2,1,ensemble,7,27,1,0.09774613922332183,0.43595528919194604,0.0030826694128176743,20000,20000,20,,
hopper-medium-replay-v2,1,ensemble,7,28,1,0.10143313782646075,0.46211711846420905,0.0032676614816842934,20000,20000,20,,
hopper-medium-replay-v2,1,ensemble,7,29,1,0.10667042835709058,0.4942240585368069,0.0034946918321691334,20000,20000,20,,
hopper-medium-replay-v2,1,ensemble,7,30,1,0.11115248129775805,0.5136145112657845,0.003631803038318506,20000,20000,20,,
hopper-medium-replay-v2,1,ensemble,7,31,1,0.11527841241813971,0.5176973998872444,0.003660673420629143,20000,20000,20,,
hopper-medium-replay-v2,1,ensemble,7,32,1,0.11744526777837844,0.5246375995630445,0.003709748043164612,20000,20000,20,,
hopper-medium-replay-v2,1,ensemble,7,33,1,0.11960095162750259,0.5073099721363296,0.0035872232146115708,20000,20000,20,,
hopper-medium-replay-v2,1,ensemble,7,34,1,0.12712836923801188,0.5302280487144645,0.003749278488213089,20000,20000,20,,
hopper-medium-replay-v2,1,ensemble,7,35,1,0.13280609953020475,0.5664884301161661,0.004005678103988627,20000,20000,20,,
hopper-medium-replay-v2,1,ensemble,7,36,1,0.1341224843413449,0.5427765360059192,0.0038380096927872974,20000,20000,20,,
hopper-medium-replay-v2,1,ensemble,7,37,1,0.13586544018109717,0.5415665825579807,0.003829454029907724,20000,20000,20,,
hopper-medium-replay-v2,1,ensemble,7,38,1,0.1418855108655127,0.5729683894763313,0.004051498336042488,20000,20000,20,,
hopper-medium-replay-v2,1,ensemble,7,39,1,0.1520529482078594,0.6411698761102549,0.0045337556729009975,20000,20000,20,,
hopper-medium-replay-v2,1,ensemble,7,40,1,0.1586679681203671,0.6783288791995437,0.004796509503566677,20000,20000,20,,
hopper-medium-replay-v2,1,ensemble,7,41,1,0.1628873825505213,0.6798505713996866,0.004807269492302675,20000,20000,20,,
hopper-medium-replay-v2,1,ensemble,7,42,1,0.1708856407340468,0.7034664116570185,0.004974258700196452,20000,20000,20,,
hopper-medium-replay-v2,1,ensemble,7,43,1,0.17151444822680265,0.6868791470527921,0.00485696902736661,20000,20000,20,,
hopper-medium-replay-v2,1,ensemble,7,44,1,0.1772408316713126,0.6896088996010244,0.004876271292744774,20000,20000,20,,
hopper-medium-replay-v2,1,ensemble,7,45,1,0.18044893749168794,0.6963320680589292,0.004923811272821214,20000,20000,20,,
hopper-medium-replay-v2,1,ensemble,7,46,1,0.18806483247671055,0.7377066296085609,0.005216373603224861,20000,20000,20,,
hopper-medium-replay-v2,1,ensemble,7,47,1,0.1917919130097428,0.7413592432663713,0.005242201482089784,20000,20000,20,,
hopper-medium-replay-v2,1,ensemble,7,48,1,0.19126650430565328,0.7404287499768683,0.005235621900941223,20000,20000,20,,
hopper-medium-replay-v2,1,ensemble,7,49,1,0.19868444252874512,0.7572808160079838,0.005354784002617276,20000,20000,20,,
hopper-medium-replay-v2,1,ensemble,7,50,1,0.20163061195080154,0.7542344234900379,0.00533324275454132,20000,20000,20,,
hopper-medium-replay-v2,1,ensemble,7,51,1,0.2060497779742285,0.7826561559252102,0.00553421475192112,20000,20000,20,,
hopper-medium-replay-v2,1,ensemble,7,52,1,0.21346540978339043,0.8156353934026034,0.005767413176507382,20000,20000,20,,
hopper-medium-replay-v2,1,ensemble,7,53,1,0.22407988887799102,0.841950262489653,0.005953487400282273,20000,20000,20,,
hopper-medium-replay-v2,1,ensemble,7,54,1,0.23155413601595004,0.8754651718052087,0.006190473596761089,20000,20000,20,,
hopper-medium-replay-v2,1,ensemble,7,55,1,0.2359298597881033,0.900902357717032,0.006370341663286621,20000,20000,20,,
hopper-medium-replay-v2,1,ensemble,7,56,1,0.2459346911016807,0.9074734597169111,0.0064168063711264505,20000,20000,20,,
hopper-medium-replay-v2,1,ensemble,7,57,1,0.261378508332679,0.9807044611545711,0.006934627748222962,20000,20000,20,,
hopper-medium-replay-v2,1,ensemble,7,58,1,0.2709017864413182,1.0112170414635464,0.007150384272702718,20000,20000,20,,
hopper-medium-replay-v2,1,ensemble,7,59,1,0.2795690462888456,1.0323749046960349,0.0072999929583738195,20000,20000,20,,
hopper-medium-replay-v2,1,ensemble,7,60,1,0.28914347131389195,1.0614241017942732,0.0075054018009357085,20000,20000,20,,
hopper-medium-replay-v2,1,ensemble,7,61,1,0.3020843122531766,1.11290234040482,0.007869407916986277,20000,20000,20,,
hopper-medium-replay-v2,1,ensemble,7,62,1,0.30726135741688176,1.1380674249372256,0.008047351936206244,20000,20000,20,,
hopper-medium-replay-v2,1,ensemble,7,63,1,0.3191860054788626,1.1665111721716281,0.008248479601724265,20000,20000,20,,
hopper-medium-replay-v2,1,ensemble,7,64,1,0.32446037388418747,1.163446233595312,0.008226807213211932,20000,20000,20,,
hopper-medium-replay-v2,1,ensemble,7,65,1,0.32641174453265376,1.1633640044090878,0.008226225765060026,20000,20000,20,,
hopper-medium-replay-v2,1,ensemble,7,66,1,0.3370913879763409,1.179995068127281,0.008343825144394825,20000,20000,20,,
hopper-medium-replay-v2,1,ensemble,7,67,1,0.3461654051554211,1.2055012389948905,0.00852418100822072,20000,20000,20,,
hopper-medium-replay-v2,1,ensemble,7,68,1,0.34858157845780946,1.2064297666858823,0.008530746690488917,20000,20000,20,,
hopper-medium-replay-v2,1,ensemble,7,69,1,0.3588098515682965,1.2400534193792299,0.008768501818766192,20000,20000,20,,
hopper-medium-replay-v2,1,ensemble,7,70,1,0.36812932211915544,1.2632658406575046,0.00893263842370246,20000,20000,20,,
hopper-medium-replay-v2,1,ensemble,7,71,1,0.3750270041266393,1.269397658166657,0.008975996921119661,20000,20000,20,,
hopper-medium-replay-v2,1,ensemble,7,72,1,0.38008678223938236,1.2888140457606898,0.00911329151445853,20000,20000,20,,
hopper-medium-replay-v2,1,ensemble,7,73,1,0.3879518048032554,1.304944038527873,0.009227347787120184,20000,20000,20,,
hopper-medium-replay-v2,1,ensemble,7,74,1,0.40247985668289243,1.3379029289039532,0.009460402335973287,20000,20000,20,,
hopper-medium-replay-v2,1,ensemble,7,75,1,0.4139440085677179,1.3587279920857627,0.009607657769918244,20000,20000,20,,
hopper-medium-replay-v2,1,ensemble,7,76,1,0.426061452397821,1.417568009093034,0.010023719520227977,20000,20000,20,,
hopper-medium-replay-v2,1,ensemble,7,77,1,0.43607647818277046,1.4589026198112838,0.010315999355593783,20000,20000,20,,
hopper-medium-replay-v2,1,ensemble,7,78,1,0.44132676645109575,1.463197371946884,0.010346367839179766,20000,20000,20,,
hopper-medium-replay-v2,1,ensemble,7,79,1,0.4450209040653566,1.4492565771519386,0.010247791533833405,20000,20000,20,,
hopper-medium-replay-v2,1,ensemble,7,80,1,0.4555929404985347,1.4553572727575996,0.010290929966160585,20000,20000,20,,
hopper-medium-replay-v2,1,ensemble,7,81,1,0.4688183848127178,1.5055582688135085,0.010645904613495108,20000,20000,20,,
hopper-medium-replay-v2,1,ensemble,7,82,1,0.47761494865837795,1.5098759952574905,0.010676435549973589,20000,20000,20,,
hopper-medium-replay-v2,1,ensemble,7,83,1,0.4901802372127712,1.5201731311016402,0.010749247295795563,20000,20000,20,,
hopper-medium-replay-v2,1,ensemble,7,84,1,0.5091336186088034,1.5661166183444821,0.011074116809603275,20000,20000,20,,
hopper-medium-replay-v2,1,ensemble,7,85,1,0.5250872432376068,1.602927492279847,0.01133440899541427,20000,20000,20,,
hopper-medium-replay-v2,1,ensemble,7,86,1,0.5274922547462515,1.599069108899559,0.01130712610488808,20000,20000,20,,
hopper-medium-replay-v2,1,ensemble,7,87,1,0.5425659216761086,1.625169130295999,0.011491681126073447,20000,20000,20,,
hopper-medium-replay-v2,1,ensemble,7,88,1,0.5557417502159349,1.6681666714727115,0.011795719655477458,20000,20000,20,,
hopper-medium-replay-v2,1,ensemble,7,89,1,0.5658952098353478,1.6836315981845515,0.01190507320096241,20000,20000,20,,
hopper-medium-replay-v2,1,ensemble,7,90,1,0.5774441742478003,1.701167823584717,0.012029073039931138,20000,20000,20,,
hopper-medium-replay-v2,1,ensemble,7,91,1,0.6021565990957135,1.78740459502382,0.012638859098653378,20000,20000,20,,
hopper-medium-replay-v2,1,ensemble,7,92,1,0.6172598683824402,1.8191435284294935,0.012863287249041178,20000,20000,20,,
hopper-medium-replay-v2,1,ensemble,7,93,1,0.6227946935096045,1.8458813202813515,0.013052351988365211,20000,20000,20,,
hopper-medium-replay-v2,1,ensemble,7,94,1,0.6384583923784868,1.831852035747591,0.012953149966075033,20000,20000,20,,
hopper-medium-replay-v2,1,ensemble,7,95,1,0.6523037049613294,1.858732749826204,0.013143225318156274,20000,20000,20,,
hopper-medium-replay-v2,1,ensemble,7,96,1,0.6571967076673664,1.852323416251874,0.01309790448582332,20000,20000,20,,
hopper-medium-replay-v2,1,ensemble,7,97,1,0.6705210754625787,1.9509295851464172,0.013795155392744896,20000,20000,20,,
hopper-medium-replay-v2,1,ensemble,7,98,1,0.679061017939435,1.967380457044682,0.013911480623501837,20000,20000,20,,
hopper-medium-replay-v2,1,ensemble,7,99,1,0.6869253116736911,1.9696051022799055,0.013927211240817446,20000,20000,20,,
hopper-medium-replay-v2,1,ensemble,7,100,1,0.7004860770158517,1.9683626200451922,0.013918425564680752,20000,20000,20,,
hopper-medium-replay-v2,1,ensemble,8,1,1,0.005252118162695853,0.03439233886041339,0.00024319056029063925,20000,20000,20,,
hopper-medium-replay-v2,1,ensemble,8,2,1,0.007702900237321867,0.04307311456237256,0.00030457291393878665,20000,20000,20,,
hopper-medium-replay-v2,1,ensemble,8,3,1,0.011351457320586098,0.06808750625849491,0.00048145137389463247,20000,20000,20,,
hopper-medium-replay-v2,1,ensemble,8,4,1,0.014876895664204482,0.0875084457904822,0.0006187781542954535,20000,20000,20,,
hopper-medium-replay-v2,1,ensemble,8,5,1,0.01933466701431169,0.13126166089302674,0.0009281601052726825,20000,20000,20,,
hopper-medium-replay-v2,1,ensemble,8,6,1,0.026120361621882995,0.17526478351259114,0.001239309169249454,20000,20000,20,,
hopper-medium-replay-v2,1,ensemble,8,7,1,0.032313112369830733,0.2383757634023448,0.0016855711877231804,20000,20000,20,,
hopper-medium-replay-v2,1,ensemble,8,8,1,0.036447632285477746,0.25567915492009385,0.0018079246425204418,20000,20000,20,,
hopper-medium-replay-v2,1,ensemble,8,9,1,0.040321776992541185,0.2664104931737166,0.0018838066630238745,20000,20000,20,,
hopper-medium-replay-v2,1,ensemble,8,10,1,0.04274347262084758,0.28566167862281366,0.0020199331007932377,20000,20000,20,,
hopper-medium-replay-v2,1,ensemble,8,11,1,0.044398313310592824,0.2804322549819845,0.001982955491611962,20000,20000,20,,
hopper-medium-replay-v2,1,ensemble,8,12,1,0.047112389793273694,0.28052055408456483,0.0019835798605540344,20000,20000,20,,
hopper-medium-replay-v2,1,ensemble,8,13,1,0.050115292330831666,0.2933668976214651,0.002074417226837976,20000,20000,20,,
hopper-medium-replay-v2,1,ensemble,8,14,1,0.05282601805483928,0.31433402275765254,0.0022226771904958267,20000,20000,20,,
hopper-medium-replay-v2,1,ensemble,8,15,1,0.05612503225151327,0.3380942709578837,0.0023906875167464155,20000,20000,20,,
hopper-medium-replay-v2,1,ensemble,8,16,1,0.06039689457469696,0.3474291752436117,0.0024566952579680723,20000,20000,20,,
hopper-medium-replay-v2,1,ensemble,8,17,1,0.06472583879710214,0.3652467289213881,0.002582684388265182,20000,20000,20,,
hopper-medium-replay-v2,1,ensemble,8,18,1,0.06866750985905053,0.3837171881147658,0.00271329025773785,20000,20000,20,,
hopper-medium-replay-v2,1,ensemble,8,19,1,0.07286568630412084,0.38875047438567206,0.0027488809662759594,20000,20000,20,,
hopper-medium-replay-v2,1,ensemble,8,20,1,0.07733357929446301,0.4046077912282299,0.0028610091289839224,20000,20000,20,,
hopper-medium-replay-v2,1,ensemble,8,21,1,0.08035297312424516,0.3980467330906611,0.0028146154419755815,20000,20000,20,,
hopper-medium-replay-v2,1,ensemble,8,22,1,0.08180281539477981,0.3994736113561133,0.002824704994949871,20000,20000,20,,
hopper-medium-replay-v2,1,ensemble,8,23,1,0.08720811793349588,0.4143846838602513,0.0029301421997742737,20000,20000,20,,
hopper-medium-replay-v2,1,ensemble,8,24,1,0.08920842719498896,0.4161719752351179,0.002942780258285518,20000,20000,20,,
hopper-medium-replay-v2,1,ensemble,8,25,1,0.09095755974062214,0.42074174266354997,0.002975093393656415,20000,20000,20,,
hopper-medium-replay-v2,1,ensemble,8,26,1,0.0971534713995939,0.4507509539578004,0.003187290561698659,20000,20000,20,,
hopper-medium-replay-v2,1,ensemble,8,27,1,0.10522707458580906,0.4959173121712039,0.0035066649434406425,20000,20000,20,,
hopper-medium-replay-v2,1,ensemble,8,28,1,0.11034032681995973,0.516325430097057,0.003650972129206897,20000,20000,20,,
hopper-medium-replay-v2,1,ensemble,8,29,1,0.11148709141209742,0.5136308962081579,0.0036319188973571222,20000,20000,20,,
hopper-medium-replay-v2,1,ensemble,8,30,1,0.11618824968524148,0.5356704496295742,0.0037877620741431886,20000,20000,20,,
hopper-medium-replay-v2,1,ensemble,8,31,1,0.11856377208836284,0.5388728613742182,0.0038104065447510803,20000,20000,20,,
hopper-medium-replay-v2,1,ensemble,8,32,1,0.12143342183865519,0.5438862315617682,0.003845856425313231,20000,20000,20,,
hopper-medium-replay-v2,1,ensemble,8,33,1,0.12824903354513886,0.5587721142914003,0.003951115511533937,20000,20000,20,,
hopper-medium-replay-v2,1,ensemble,8,34,1,0.13069149549458312,0.5641796712093419,0.003989352713197224,20000,20000,20,,
hopper-medium-replay-v2,1,ensemble,8,35,1,0.1312034656983693,0.5558890198554924,0.003930728955269621,20000,20000,20,,
hopper-medium-replay-v2,1,ensemble,8,36,1,0.13273809018773775,0.5497953558015023,0.003887640243521129,20000,20000,20,,
hopper-medium-replay-v2,1,ensemble,8,37,1,0.13805421592561318,0.5668341720086366,0.004008122868355689,20000,20000,20,,
hopper-medium-replay-v2,1,ensemble,8,38,1,0.14287656710151334,0.5808398621312199,0.004107158052964449,20000,20000,20,,
hopper-medium-replay-v2,1,ensemble,8,39,1,0.15381843417741073,0.6242598196491445,0.004414183516962012,20000,20000,20,,
hopper-medium-replay-v2,1,ensemble,8,40,1,0.1609592986574064,0.665449311652191,0.004705437208051845,20000,20000,20,,
hopper-medium-replay-v2,1,ensemble,8,41,1,0.16359246933929206,0.6777719902454611,0.00479257170400868,20000,20000,20,,
hopper-medium-replay-v2,1,ensemble,8,42,1,0.16784493099512254,0.6858868181522716,0.004849952202419356,20000,20000,20,,
hopper-medium-replay-v2,1,ensemble,8,43,1,0.16920021897997067,0.656414115896748,0.004641548726171629,20000,20000,20,,
hopper-medium-replay-v2,1,ensemble,8,44,1,0.17462035113436777,0.6703898602124422,0.004740372161949195,20000,20000,20,,
hopper-medium-replay-v2,1,ensemble,8,45,1,0.1843813689602473,0.6981042717894437,0.004936342645576123,20000,20000,20,,
hopper-medium-replay-v2,1,ensemble,8,46,1,0.1860720433672253,0.7122038501183902,0.005036041720058812,20000,20000,20,,
hopper-medium-replay-v2,1,ensemble,8,47,1,0.18871234194889133,0.7278606671073612,0.0051467521347057935,20000,20000,20,,
hopper-medium-replay-v2,1,ensemble,8,48,1,0.2017074512540257,0.7583969839690041,0.005362676501959081,20000,20000,20,,
hopper-medium-replay-v2,1,ensemble,8,49,1,0.20615290627725472,0.7897603288032081,0.005584448840088659,20000,20000,20,,
hopper-medium-replay-v2,1,ensemble,8,50,1,0.20749756355715018,0.7939502482109148,0.005614076044346804,20000,20000,20,,
hopper-medium-replay-v2,1,ensemble,8,51,1,0.21385178223290918,0.8135225490104308,0.00575247311053441,20000,20000,20,,
hopper-medium-replay-v2,1,ensemble,8,52,1,0.21414881032161115,0.8011886971472248,0.0056652596076281776,20000,20000,20,,
hopper-medium-replay-v2,1,ensemble,8,53,1,0.22081319421498674,0.8266807457563123,0.005845515612006406,20000,20000,20,,
hopper-medium-replay-v2,1,ensemble,8,54,1,0.22832534891780878,0.8559863069124339,0.006052737222206113,20000,20000,20,,
hopper-medium-replay-v2,1,ensemble,8,55,1,0.23842428789729161,0.8893329329391141,0.006288533476137686,20000,20000,20,,
hopper-medium-replay-v2,1,ensemble,8,56,1,0.2501211629075435,0.935864833937204,0.006617563703510191,20000,20000,20,,
hopper-medium-replay-v2,1,ensemble,8,57,1,0.2597602038034229,0.9861811668683043,0.0069733539057104015,20000,20000,20,,
hopper-medium-replay-v2,1,ensemble,8,58,1,0.2677332851935992,1.008486673594643,0.007131077656350363,20000,20000,20,,
hopper-medium-replay-v2,1,ensemble,8,59,1,0.27988379358392024,1.0269626305738975,0.007261722401039781,20000,20000,20,,
hopper-medium-replay-v2,1,ensemble,8,60,1,0.294362098531611,1.0805603840465976,0.007640715750408892,20000,20000,20,,
hopper-medium-replay-v2,1,ensemble,8,61,1,0.30557911082902794,1.1295818413908063,0.007987349799526262,20000,20000,20,,
hopper-medium-replay-v2,1,ensemble,8,62,1,0.3162030435324229,1.1521231717120324,0.008146741074797311,20000,20000,20,,
hopper-medium-replay-v2,1,ensemble,8,63,1,0.3253857724948417,1.1736623677342397,0.008299046190483403,20000,20000,20,,
hopper-medium-replay-v2,1,ensemble,8,64,1,0.33564469886626264,1.2042126517016591,0.008515069320088772,20000,20000,20,,
hopper-medium-replay-v2,1,ensemble,8,65,1,0.3323213216966488,1.185097513158368,0.008379904879215958,20000,20000,20,,
hopper-medium-replay-v2,1,ensemble,8,66,1,0.33308745258792694,1.1855686152031606,0.008383236073720993,20000,20000,20,,
hopper-medium-replay-v2,1,ensemble,8,67,1,0.34215532346298416,1.2134025621234132,0.008580051799865965,20000,20000,20,,
hopper-medium-replay-v2,1,ensemble,8,68,1,0.3532314743707031,1.223410709188483,0.008650820086434195,20000,20000,20,,
hopper-medium-replay-v2,1,ensemble,8,69,1,0.3635902277171415,1.2469309094736845,0.008817133017599513,20000,20000,20,,
hopper-medium-replay-v2,1,ensemble,8,70,1,0.3643264049643318,1.2533218544074967,0.008862323822608396,20000,20000,20,,
hopper-medium-replay-v2,1,ensemble,8,71,1,0.3671373698495163,1.2536259742770954,0.008864474274829266,20000,20000,20,,
hopper-medium-replay-v2,1,ensemble,8,72,1,0.37611503092200116,1.2712101637477702,0.008988813270993098,20000,20000,20,,
hopper-medium-replay-v2,1,ensemble,8,73,1,0.38718961389639983,1.3000865554892427,0.009193000195159041,20000,20000,20,,
hopper-medium-replay-v2,1,ensemble,8,74,1,0.40783094303924206,1.3576371146521982,0.009599944101611076,20000,20000,20,,
hopper-medium-replay-v2,1,ensemble,8,75,1,0.4250644917036374,1.416854215024175,0.010018672233963369,20000,20000,20,,
hopper-medium-replay-v2,1,ensemble,8,76,1,0.42570824782967265,1.412380752615851,0.009987040077920279,20000,20000,20,,
hopper-medium-replay-v2,1,ensemble,8,77,1,0.4281436403803834,1.394881337259317,0.009863300525266227,20000,20000,20,,
hopper-medium-replay-v2,1,ensemble,8,78,1,0.4374752671178181,1.4244808545585996,0.01007260071928794,20000,20000,20,,
hopper-medium-replay-v2,1,ensemble,8,79,1,0.4459173755917155,1.4469595836033262,0.01023154933668775,20000,20000,20,,
hopper-medium-replay-v2,1,ensemble,8,80,1,0.45306052564867516,1.4503715809129727,0.010255675801038163,20000,20000,20,,
hopper-medium-replay-v2,1,ensemble,8,81,1,0.4651395804874623,1.4725235723988295,0.010412314035002524,20000,20000,20,,
hopper-medium-replay-v2,1,ensemble,8,82,1,0.47677105491594046,1.4734249435806046,0.010418687691752518,20000,20000,20,,
hopper-medium-replay-v2,1,ensemble,8,83,1,0.4918778621016123,1.5288642599063078,0.010810702856935025,20000,20000,20,,
hopper-medium-replay-v2,1,ensemble,8,84,1,0.5062048281383774,1.5690411824159796,0.011094796600472977,20000,20000,20,,
hopper-medium-replay-v2,1,ensemble,8,85,1,0.5225425368107368,1.598953854866062,0.011306311135801632,20000,20000,20,,
hopper-medium-replay-v2,1,ensemble,8,86,1,0.5318447780022297,1.620561585003747,0.011459100860865691,20000,20000,20,,
hopper-medium-replay-v2,1,ensemble,8,87,1,0.5407660406161053,1.6167743530319658,0.011432321086773962,20000,20000,20,,
hopper-medium-replay-v2,1,ensemble,8,88,1,0.5521082271166747,1.6392455019568821,0.011591216104632573,20000,20000,20,,
hopper-medium-replay-v2,1,ensemble,8,89,1,0.5620385683261151,1.6749645035724068,0.01184378758722808,20000,20000,20,,
hopper-medium-replay-v2,1,ensemble,8,90,1,0.5811968352754554,1.6948945100812196,0.011984714014742815,20000,20000,20,,
hopper-medium-replay-v2,1,ensemble,8,91,1,0.5964491323118655,1.7481219080726504,0.012361088555389376,20000,20000,20,,
hopper-medium-replay-v2,1,ensemble,8,92,1,0.6005411457129886,1.7623819678164578,0.012461922404839091,20000,20000,20,,
hopper-medium-replay-v2,1,ensemble,8,93,1,0.6072818055186704,1.7631637143920693,0.012467450187886933,20000,20000,20,,
hopper-medium-replay-v2,1,ensemble,8,94,1,0.6260702106985938,1.8184103122954727,0.012858102628036763,20000,20000,20,,
hopper-medium-replay-v2,1,ensemble,8,95,1,0.6441867045910697,1.8536454554871227,0.01310725271490571,20000,20000,20,,
hopper-medium-replay-v2,1,ensemble,8,96,1,0.6594767430167131,1.8657191488907559,0.013192626619702474,20000,20000,20,,
hopper-medium-replay-v2,1,ensemble,8,97,1,0.6816534347771789,1.9246685537899588,0.013609461859213853,20000,20000,20,,
hopper-medium-replay-v2,1,ensemble,8,98,1,0.7024770406715808,1.9631617453255719,0.013881649826857299,20000,20000,20,,
hopper-medium-replay-v2,1,ensemble,8,99,1,0.7104289490253093,1.9666005066498868,0.01390596554137035,20000,20000,20,,
hopper-medium-replay-v2,1,ensemble,8,100,1,0.7139321640445196,1.9789633263545625,0.013993383877847978,20000,20000,20,,
hopper-medium-replay-v2,1,ensemble,9,1,1,0.005539443836638291,0.036593650091615984,0.0002587561812814939,20000,20000,20,,
hopper-medium-replay-v2,1,ensemble,9,2,1,0.008334854038509372,0.04967735732686114,0.0003512719623725073,20000,20000,20,,
hopper-medium-replay-v2,1,ensemble,9,3,1,0.010764322008681226,0.06185462692604036,0.0004373782614716715,20000,20000,20,,
hopper-medium-replay-v2,1,ensemble,9,4,1,0.014527768323189772,0.08844158418687796,0.0006253764391742233,20000,20000,20,,
hopper-medium-replay-v2,1,ensemble,9,5,1,0.020028293470730856,0.13377233192057147,0.0009459132303617373,20000,20000,20,,
hopper-medium-replay-v2,1,ensemble,9,6,1,0.027207820370721437,0.1937172295550571,0.0013697876665105197,20000,20000,20,,
hopper-medium-replay-v2,1,ensemble,9,7,1,0.03149063424500846,0.20716824930727484,0.001464900739317193,20000,20000,20,,
hopper-medium-replay-v2,1,ensemble,9,8,1,0.03536875255568523,0.23169603812882125,0.0016383383973494637,20000,20000,20,,
hopper-medium-replay-v2,1,ensemble,9,9,1,0.04072291350396181,0.26938992572290976,0.0019048744326200984,20000,20000,20,,
hopper-medium-replay-v2,1,ensemble,9,10,1,0.04324815391023399,0.2835614053383467,0.002005081925975322,20000,20000,20,,
hopper-medium-replay-v2,1,ensemble,9,11,1,0.04626992421002306,0.2991073749301124,0.0021150085311598963,20000,20000,20,,
hopper-medium-replay-v2,1,ensemble,9,12,1,0.05069582021190096,0.3313371881351475,0.0023429077258964566,20000,20000,20,,
hopper-medium-replay-v2,1,ensemble,9,13,1,0.0514985393682025,0.32925067243173284,0.0023281538318670894,20000,20000,20,,
hopper-medium-replay-v2,1,ensemble,9,14,1,0.05364549277059524,0.3393267689510763,0.0023994025936342686,20000,20000,20,,
hopper-medium-replay-v2,1,ensemble,9,15,1,0.0564925666593168,0.34134727832609213,0.0024136897524395158,20000,20000,20,,
hopper-medium-replay-v2,1,ensemble,9,16,1,0.06024583442615642,0.35632240381030156,0.002519579880229555,20000,20000,20,,
hopper-medium-replay-v2,1,ensemble,9,17,1,0.06425663450289985,0.36489212116843756,0.0025801769327974556,20000,20000,20,,
hopper-medium-replay-v2,1,ensemble,9,18,1,0.06906182626317724,0.3801609031967234,0.002688143525924058,20000,20000,20,,
hopper-medium-replay-v2,1,ensemble,9,19,1,0.07498494682340141,0.3979431729595885,0.0028138831612661615,20000,20000,20,,
hopper-medium-replay-v2,1,ensemble,9,20,1,0.07971544322220553,0.41906825845904383,0.002963260073364266,20000,20000,20,,
hopper-medium-replay-v2,1,ensemble,9,21,1,0.08315167083877137,0.41768444060708165,0.002953475003493772,20000,20000,20,,
hopper-medium-replay-v2,1,ensemble,9,22,1,0.08477516145670563,0.4077549072506517,0.0028832625997902758,20000,20000,20,,
hopper-medium-replay-v2,1,ensemble,9,23,1,0.0851303232462206,0.3872662139106261,0.002738385659806438,20000,20000,20,,
hopper-medium-replay-v2,1,ensemble,9,24,1,0.08845703616063696,0.41151660680198693,0.0029098618324056307,20000,20000,20,,
hopper-medium-replay-v2,1,ensemble,9,25,1,0.09163914576966845,0.4268346303593543,0.003018176615723528,20000,20000,20,,
hopper-medium-replay-v2,1,ensemble,9,26,1,0.09408195994661442,0.4240087472241545,0.0029981946044461234,20000,20000,20,,
hopper-medium-replay-v2,1,ensemble,9,27,1,0.0998246424310451,0.4532175868912314,0.0032047322904379307,20000,20000,20,,
hopper-medium-replay-v2,1,ensemble,9,28,1,0.1054420273588549,0.4653442853693524,0.00329048099771077,20000,20000,20,,
hopper-medium-replay-v2,1,ensemble,9,29,1,0.1103542637681174,0.4930703812063451,0.0034865341015324265,20000,20000,20,,
hopper-medium-replay-v2,1,ensemble,9,30,1,0.11467137953220399,0.5085276607386433,0.003595833573292267,20000,20000,20,,
hopper-medium-replay-v2,1,ensemble,9,31,1,0.1157205970350356,0.5039005381371697,0.0035631148756034322,20000,20000,20,,
hopper-medium-replay-v2,1,ensemble,9,32,1,0.11660843879180732,0.5119185727794019,0.003619810942276542,20000,20000,20,,
hopper-medium-replay-v2,1,ensemble,9,33,1,0.11951283334216378,0.5034377005064999,0.003559842119331083,20000,20000,20,,
hopper-medium-replay-v2,1,ensemble,9,34,1,0.12902317425001866,0.5534510464000102,0.003913489879642377,20000,20000,20,,
hopper-medium-replay-v2,1,ensemble,9,35,1,0.1276105769408179,0.53771845478584,0.003802243657482194,20000,20000,20,,
hopper-medium-replay-v2,1,ensemble,9,36,1,0.13112710063213834,0.5376624156491642,0.0038018474009466406,20000,20000,20,,
hopper-medium-replay-v2,1,ensemble,9,37,1,0.13763859600818223,0.5672274222791156,0.0040109035676852796,20000,20000,20,,
hopper-medium-replay-v2,1,ensemble,9,38,1,0.14435104183376835,0.6034347624995186,0.004266928125671033,20000,20000,20,,
hopper-medium-replay-v2,1,ensemble,9,39,1,0.15164853795446284,0.6418845885973576,0.004538809453363288,20000,20000,20,,
hopper-medium-replay-v2,1,ensemble,9,40,1,0.15755898838253882,0.6572469806427408,0.004647437969268656,20000,20000,20,,
hopper-medium-replay-v2,1,ensemble,9,41,1,0.1622176339762947,0.6788409048419465,0.0048001300716055215,20000,20000,20,,
hopper-medium-replay-v2,1,ensemble,9,42,1,0.16225960060084188,0.6405673469733975,0.004529495148515654,20000,20000,20,,
hopper-medium-replay-v2,1,ensemble,9,43,1,0.16396062375108209,0.6309149493490664,0.00446124239036692,20000,20000,20,,
hopper-medium-replay-v2,1,ensemble,9,44,1,0.17507069194689498,0.6849373848127333,0.0048432386948926345,20000,20000,20,,
hopper-medium-replay-v2,1,ensemble,9,45,1,0.17985155451884952,0.6841735437234209,0.0048378375227526174,20000,20000,20,,
hopper-medium-replay-v2,1,ensemble,9,46,1,0.18467360165140567,0.692310290495668,0.004895373010947154,20000,20000,20,,
hopper-medium-replay-v2,1,ensemble,9,47,1,0.18648677316813236,0.6981188882491636,0.004936445999553971,20000,20000,20,,
hopper-medium-replay-v2,1,ensemble,9,48,1,0.19321319841024318,0.7575758288531903,0.005356870058451102,20000,20000,20,,
hopper-medium-replay-v2,1,ensemble,9,49,1,0.20167940105144636,0.7715282502026778,0.005455528575953048,20000,20000,20,,
hopper-medium-replay-v2,1,ensemble,9,50,1,0.2067636061388298,0.7701298558520348,0.005445640434671921,20000,20000,20,,
hopper-medium-replay-v2,1,ensemble,9,51,1,0.21352841469579317,0.8043159477244334,0.005687372608524315,20000,20000,20,,
hopper-medium-replay-v2,1,ensemble,9,52,1,0.21819106562980414,0.8274624535126001,0.005851043120560178,20000,20000,20,,
hopper-medium-replay-v2,1,ensemble,9,53,1,0.22247635184793993,0.8490829413699859,0.0060039230563253675,20000,20000,20,,
hopper-medium-replay-v2,1,ensemble,9,54,1,0.23081725585204307,0.8652622107265295,0.0061183277670919245,20000,20000,20,,
hopper-medium-replay-v2,1,ensemble,9,55,1,0.2375117300447512,0.8840795482814487,0.0062513864369815215,20000,20000,20,,
hopper-medium-replay-v2,1,ensemble,9,56,1,0.24970412527806096,0.9280252321938024,0.00656212934796458,20000,20000,20,,
hopper-medium-replay-v2,1,ensemble,9,57,1,0.2626394032211635,0.9789959235004542,0.006922546562611576,20000,20000,20,,
hopper-medium-replay-v2,1,ensemble,9,58,1,0.2761572636631847,1.0106830980389938,0.0071466087225400075,20000,20000,20,,
hopper-medium-replay-v2,1,ensemble,9,59,1,0.28614752638310215,1.0641440779268405,0.007524634936615747,20000,20000,20,,
hopper-medium-replay-v2,1,ensemble,9,60,1,0.28770753773896657,1.0655910971449833,0.007534866907632308,20000,20000,20,,
hopper-medium-replay-v2,1,ensemble,9,61,1,0.2942227002506324,1.088080772720268,0.007693892928692,20000,20000,20,,
hopper-medium-replay-v2,1,ensemble,9,62,1,0.3024255174701466,1.098030868340142,0.007764250729554676,20000,20000,20,,
hopper-medium-replay-v2,1,ensemble,9,63,1,0.31510224286426586,1.1398658500495067,0.008060068722129745,20000,20000,20,,
hopper-medium-replay-v2,1,ensemble,9,64,1,0.3272839149358038,1.1583978743798842,0.008191109922860986,20000,20000,20,,
hopper-medium-replay-v2,1,ensemble,9,65,1,0.33761000160738397,1.1846761531874799,0.008376925414288602,20000,20000,20,,
hopper-medium-replay-v2,1,ensemble,9,66,1,0.3430103873474117,1.1915264966328254,0.008425364657325208,20000,20000,20,,
hopper-medium-replay-v2,1,ensemble,9,67,1,0.34884325004940114,1.2123938537689416,0.0085729191546891,20000,20000,20,,
hopper-medium-replay-v2,1,ensemble,9,68,1,0.35354202253550226,1.2293226657820935,0.00869262393240842,20000,20000,20,,
hopper-medium-replay-v2,1,ensemble,9,69,1,0.35411572115515466,1.2192658403982608,0.00862151143814725,20000,20000,20,,
hopper-medium-replay-v2,1,ensemble,9,70,1,0.3594024928993302,1.2250955963640777,0.008662734037908168,20000,20000,20,,
hopper-medium-replay-v2,1,ensemble,9,71,1,0.3647024757649546,1.2289178218059982,0.008689761253200225,20000,20000,20,,
hopper-medium-replay-v2,1,ensemble,9,72,1,0.36994649564009474,1.2418128564342463,0.008780942917492922,20000,20000,20,,
hopper-medium-replay-v2,1,ensemble,9,73,1,0.38634854060025947,1.2928143839263222,0.009141578176898112,20000,20000,20,,
hopper-medium-replay-v2,1,ensemble,9,74,1,0.40265444653531623,1.3395044557217817,0.009471726840704672,20000,20000,20,,
hopper-medium-replay-v2,1,ensemble,9,75,1,0.41207033307926594,1.3493258945234108,0.00954117490048108,20000,20000,20,,
hopper-medium-replay-v2,1,ensemble,9,76,1,0.4230063101126529,1.395335580354853,0.009866512508997833,20000,20000,20,,
hopper-medium-replay-v2,1,ensemble,9,77,1,0.43335244738916956,1.4245558232535134,0.01007313082801344,20000,20000,20,,
hopper-medium-replay-v2,1,ensemble,9,78,1,0.43643373770034094,1.4165750217992539,0.010016698039737338,20000,20000,20,,
hopper-medium-replay-v2,1,ensemble,9,79,1,0.4461258170188147,1.4241518904251926,0.010070274591592947,20000,20000,20,,
hopper-medium-replay-v2,1,ensemble,9,80,1,0.4577233208682218,1.455404067599248,0.010291260855659125,20000,20000,20,,
hopper-medium-replay-v2,1,ensemble,9,81,1,0.4683026302963831,1.4801143039216267,0.010465988612341888,20000,20000,20,,
hopper-medium-replay-v2,1,ensemble,9,82,1,0.4761555004045788,1.4748164940650474,0.010428527439591646,20000,20000,20,,
hopper-medium-replay-v2,1,ensemble,9,83,1,0.48790331785439267,1.5062327949462877,0.010650674233520865,20000,20000,20,,
hopper-medium-replay-v2,1,ensemble,9,84,1,0.5048499543196624,1.5526552382745489,0.010978930478287482,20000,20000,20,,
hopper-medium-replay-v2,1,ensemble,9,85,1,0.5191973629305197,1.578634511710436,0.011162631682455635,20000,20000,20,,
hopper-medium-replay-v2,1,ensemble,9,86,1,0.5348289786169734,1.6159494087042148,0.01142648784949142,20000,20000,20,,
hopper-medium-replay-v2,1,ensemble,9,87,1,0.5520245558018682,1.6654000022695676,0.011776156349929028,20000,20000,20,,
hopper-medium-replay-v2,1,ensemble,9,88,1,0.5610490380594852,1.6883086733183632,0.011938145116394782,20000,20000,20,,
hopper-medium-replay-v2,1,ensemble,9,89,1,0.5705839023211151,1.6808406105852727,0.011885337938385834,20000,20000,20,,
hopper-medium-replay-v2,1,ensemble,9,90,1,0.5857655691642358,1.7168843610757243,0.012140205742297776,20000,20000,20,,
hopper-medium-replay-v2,1,ensemble,9,91,1,0.6009705726316354,1.720540602835134,0.012166059275715136,20000,20000,20,,
hopper-medium-replay-v2,1,ensemble,9,92,1,0.5987485739334149,1.6944806283186007,0.011981787428733242,20000,20000,20,,
hopper-medium-replay-v2,1,ensemble,9,93,1,0.6007613683353882,1.7126340479037256,0.012110151489636909,20000,20000,20,,
hopper-medium-replay-v2,1,ensemble,9,94,1,0.6099415790224983,1.7266256778869318,0.012209087254046689,20000,20000,20,,
hopper-medium-replay-v2,1,ensemble,9,95,1,0.6229092041731354,1.7294725269450362,0.01222921751678669,20000,20000,20,,
hopper-medium-replay-v2,1,ensemble,9,96,1,0.6450102546967887,1.7836345300733474,0.01261220071373345,20000,20000,20,,
hopper-medium-replay-v2,1,ensemble,9,97,1,0.6595979868720542,1.8145102043653476,0.012830524700389255,20000,20000,20,,
hopper-medium-replay-v2,1,ensemble,9,98,1,0.6684415127571157,1.8513445648763815,0.013090982961369475,20000,20000,20,,
hopper-medium-replay-v2,1,ensemble,9,99,1,0.68208552848281,1.8730910227645237,0.013244753639764404,20000,20000,20,,
hopper-medium-replay-v2,1,ensemble,9,100,1,0.6930670656530593,1.8997816410702997,0.013433484811745165,20000,20000,20,,
hopper-medium-replay-v2,1,ensemble,10,1,1,0.0052063676732411485,0.03384883505094529,0.00023934740799788312,20000,20000,20,,
hopper-medium-replay-v2,1,ensemble,10,2,1,0.008707256886136317,0.05858856514753562,0.00041428371715812254,20000,20000,20,,
hopper-medium-replay-v2,1,ensemble,10,3,1,0.011762940308829415,0.07370775480927337,0.0005211925325167256,20000,20000,20,,
hopper-medium-replay-v2,1,ensemble,10,4,1,0.014483997118095865,0.08428530411360081,0.0005959871009309755,20000,20000,20,,
hopper-medium-replay-v2,1,ensemble,10,5,1,0.019919484355444297,0.1338142686826714,0.000946209768050356,20000,20000,20,,
hopper-medium-replay-v2,1,ensemble,10,6,1,0.025290589208111003,0.16582577700496062,0.0011725653141573592,20000,20000,20,,
hopper-medium-replay-v2,1,ensemble,10,7,1,0.02878851498021328,0.18066140515426368,0.0012774690468327014,20000,20000,20,,
hopper-medium-replay-v2,1,ensemble,10,8,1,0.03487259140050696,0.25129088037862735,0.0017768948556606493,20000,20000,20,,
hopper-medium-replay-v2,1,ensemble,10,9,1,0.040030987462425414,0.2807922960293482,0.001985501366272926,20000,20000,20,,
hopper-medium-replay-v2,1,ensemble,10,10,1,0.04263992065698548,0.2827273486736465,0.001999184254740289,20000,20000,20,,
hopper-medium-replay-v2,1,ensemble,10,11,1,0.04504131922204704,0.29003523408011306,0.002050858808010756,20000,20000,20,,
hopper-medium-replay-v2,1,ensemble,10,12,1,0.0498212835797238,0.33356749376465067,0.002358678368243859,20000,20000,20,,
hopper-medium-replay-v2,1,ensemble,10,13,1,0.05067705370222816,0.314567403374318,0.002224327440662243,20000,20000,20,,
hopper-medium-replay-v2,1,ensemble,10,14,1,0.05344746385646176,0.3232696422708104,0.002285861562014394,20000,20000,20,,
hopper-medium-replay-v2,1,ensemble,10,15,1,0.0560434830582776,0.3408374618308945,0.0024100848054303655,20000,20000,20,,
hopper-medium-replay-v2,1,ensemble,10,16,1,0.06027085139697525,0.3730623380359492,0.0026379490903052773,20000,20000,20,,
hopper-medium-replay-v2,1,ensemble,10,17,1,0.06272178688190393,0.36771102206851763,0.0026001095722168505,20000,20000,20,,
hopper-medium-replay-v2,1,ensemble,10,18,1,0.06518860153816582,0.3490053612774959,0.0024678405762977823,20000,20000,20,,
hopper-medium-replay-v2,1,ensemble,10,19,1,0.07000197287856025,0.37513132668478866,0.0026525790493432014,20000,20000,20,,
hopper-medium-replay-v2,1,ensemble,10,20,1,0.07365598426258359,0.36676606891118324,0.0025934277443623024,20000,20000,20,,
hopper-medium-replay-v2,1,ensemble,10,21,1,0.07701119701188293,0.37788829281913544,0.002672073743834184,20000,20000,20,,
hopper-medium-replay-v2,1,ensemble,10,22,1,0.08184883868031793,0.40916697859513546,0.002893247452022312,20000,20000,20,,
hopper-medium-replay-v2,1,ensemble,10,23,1,0.08531003813433057,0.4161611547255834,0.0029427037457288403,20000,20000,20,,
hopper-medium-replay-v2,1,ensemble,10,24,1,0.08623429707491176,0.40854821846368244,0.002888872157173529,20000,20000,20,,
hopper-medium-replay-v2,1,ensemble,10,25,1,0.08778098841106621,0.3985307520464985,0.0028180379728345363,20000,20000,20,,
hopper-medium-replay-v2,1,ensemble,10,26,1,0.0927608036477715,0.420112032410941,0.0029706406697583903,20000,20000,20,,
hopper-medium-replay-v2,1,ensemble,10,27,1,0.09823273917428958,0.4484943730544504,0.0031713341251081105,20000,20000,20,,
hopper-medium-replay-v2,1,ensemble,10,28,1,0.10125515194548546,0.4460188591450293,0.003153829598385378,20000,20000,20,,
hopper-medium-replay-v2,1,ensemble,10,29,1,0.10831484075554268,0.4896808463148654,0.0034625664704640894,20000,20000,20,,
hopper-medium-replay-v2,1,ensemble,10,30,1,0.11207663581503978,0.5075014691418706,0.0035885773029235204,20000,20000,20,,
hopper-medium-replay-v2,1,ensemble,10,31,1,0.11428830615018497,0.5085985981661414,0.0035963351766525055,20000,20000,20,,
hopper-medium-replay-v2,1,ensemble,10,32,1,0.11793904548967514,0.5309868906993312,0.0037546443113465723,20000,20000,20,,
hopper-medium-replay-v2,1,ensemble,10,33,1,0.1213846606549471,0.5407219349657937,0.0038234814695062404,20000,20000,20,,
hopper-medium-replay-v2,1,ensemble,10,34,1,0.12679440385151972,0.5494673924285995,0.0038853211922715257,20000,20000,20,,
hopper-medium-replay-v2,1,ensemble,10,35,1,0.1287517341921463,0.5440311315241265,0.003846881022773004,20000,20000,20,,
hopper-medium-replay-v2,1,ensemble,10,36,1,0.13280575935426672,0.5417816198062463,0.0038309745728722865,20000,20000,20,,
hopper-medium-replay-v2,1,ensemble,10,37,1,0.1376613592551745,0.5536761290342963,0.003915081454212688,20000,20000,20,,
hopper-medium-replay-v2,1,ensemble,10,38,1,0.14589022564100437,0.5884901545585365,0.0041612537894986056,20000,20000,20,,
hopper-medium-replay-v2,1,ensemble,10,39,1,0.1503721278994037,0.6167387628645721,0.004361001614421409,20000,20000,20,,
hopper-medium-replay-v2,1,ensemble,10,40,1,0.15346538447792718,0.6361439893082055,0.0044982172865089464,20000,20000,20,,
hopper-medium-replay-v2,1,ensemble,10,41,1,0.15767585097190204,0.6392785940989352,0.004520382289547595,20000,20000,20,,
hopper-medium-replay-v2,1,ensemble,10,42,1,0.16016624300240298,0.6361940129283802,0.004498571006919397,20000,20000,20,,
hopper-medium-replay-v2,1,ensemble,10,43,1,0.16359944949729213,0.6243475686653075,0.004414803996205726,20000,20000,20,,
hopper-medium-replay-v2,1,ensemble,10,44,1,0.17286859490928283,0.6709002997103511,0.004743981514252764,20000,20000,20,,
hopper-medium-replay-v2,1,ensemble,10,45,1,0.17300475604192195,0.6463307790597017,0.004570248767626993,20000,20000,20,,
hopper-medium-replay-v2,1,ensemble,10,46,1,0.17946265360852975,0.6765986402536903,0.004784274866649818,20000,20000,20,,
hopper-medium-replay-v2,1,ensemble,10,47,1,0.1822617943266938,0.6833210538203487,0.004831809508839063,20000,20000,20,,
hopper-medium-replay-v2,1,ensemble,10,48,1,0.1853756784211438,0.6884987502945537,0.004868421351717424,20000,20000,20,,
hopper-medium-replay-v2,1,ensemble,10,49,1,0.18892382565711777,0.6953742371153218,0.004917038385266662,20000,20000,20,,
hopper-medium-replay-v2,1,ensemble,10,50,1,0.20284537783037446,0.7573469569624011,0.005355251689791101,20000,20000,20,,
hopper-medium-replay-v2,1,ensemble,10,51,1,0.21383133775550292,0.8117903765397971,0.005740224801532713,20000,20000,20,,
hopper-medium-replay-v2,1,ensemble,10,52,1,0.21771711237772348,0.8263104855930448,0.005842897477283909,20000,20000,20,,
hopper-medium-replay-v2,1,ensemble,10,53,1,0.2258396598434128,0.8730163849722962,0.006173158059008761,20000,20000,20,,
hopper-medium-replay-v2,1,ensemble,10,54,1,0.23315734888244694,0.8845022739269567,0.006254375558686722,20000,20000,20,,
hopper-medium-replay-v2,1,ensemble,10,55,1,0.23783484980244957,0.8806806194991279,0.006227352381074029,20000,20000,20,,
hopper-medium-replay-v2,1,ensemble,10,56,1,0.24944758363064412,0.9215611458856344,0.006516421355337773,20000,20000,20,,
hopper-medium-replay-v2,1,ensemble,10,57,1,0.2546295572199761,0.9256771971349328,0.006545526232838675,20000,20000,20,,
hopper-medium-replay-v2,1,ensemble,10,58,1,0.264073496973563,0.9770326457650427,0.006908664092610956,20000,20000,20,,
hopper-medium-replay-v2,1,ensemble,10,59,1,0.27850861134109084,1.0356675645080908,0.007323275579186272,20000,20000,20,,
hopper-medium-replay-v2,1,ensemble,10,60,1,0.287096111575395,1.0679987341176196,0.007551891471932174,20000,20000,20,,
hopper-medium-replay-v2,1,ensemble,10,61,1,0.29293655223181797,1.0780192233007921,0.0076227470304544515,20000,20000,20,,
hopper-medium-replay-v2,1,ensemble,10,62,1,0.3054210536603832,1.1205137922467936,0.00792322900910762,20000,20000,20,,
hopper-medium-replay-v2,1,ensemble,10,63,1,0.31148712080667035,1.1317955064905505,0.008003002775559313,20000,20000,20,,
hopper-medium-replay-v2,1,ensemble,10,64,1,0.3238915204953112,1.1521809157027836,0.00814714938647164,20000,20000,20,,
hopper-medium-replay-v2,1,ensemble,10,65,1,0.3369913464400781,1.1944955383390028,0.008446358952565845,20000,20000,20,,
hopper-medium-replay-v2,1,ensemble,10,66,1,0.3418999079309259,1.2034516981636931,0.008509688566020135,20000,20000,20,,
hopper-medium-replay-v2,1,ensemble,10,67,1,0.3483183689433726,1.2194080020582392,0.008622516672885204,20000,20000,20,,
hopper-medium-replay-v2,1,ensemble,10,68,1,0.3552634014859924,1.2318071192585638,0.008710191671415967,20000,20000,20,,
hopper-medium-replay-v2,1,ensemble,10,69,1,0.36030569244861727,1.2390602254947483,0.008761478877458692,20000,20000,20,,
hopper-medium-replay-v2,1,ensemble,10,70,1,0.36550658987237145,1.2497376603257526,0.008836979743205497,20000,20000,20,,
hopper-medium-replay-v2,1,ensemble,10,71,1,0.37072973798959724,1.2533340555606494,0.008862410097789722,20000,20000,20,,
hopper-medium-replay-v2,1,ensemble,10,72,1,0.3737656147785597,1.2628903852345303,0.008929983552946278,20000,20000,20,,
hopper-medium-replay-v2,1,ensemble,10,73,1,0.3817304725482916,1.2675964940539433,0.008963260767538363,20000,20000,20,,
hopper-medium-replay-v2,1,ensemble,10,74,1,0.3958001869909881,1.316707746189502,0.009310529761714523,20000,20000,20,,
hopper-medium-replay-v2,1,ensemble,10,75,1,0.4068007033111457,1.3372503043338235,0.00945578758338221,20000,20000,20,,
hopper-medium-replay-v2,1,ensemble,10,76,1,0.40923877241350737,1.3564946365269595,0.00959186556131394,20000,20000,20,,
hopper-medium-replay-v2,1,ensemble,10,77,1,0.4226726236577153,1.3907874062023309,0.009834352061145175,20000,20000,20,,
hopper-medium-replay-v2,1,ensemble,10,78,1,0.4314535317436056,1.3970739498864386,0.009878804637837756,20000,20000,20,,
hopper-medium-replay-v2,1,ensemble,10,79,1,0.44430001220117427,1.4294813525261578,0.010107959579509638,20000,20000,20,,
hopper-medium-replay-v2,1,ensemble,10,80,1,0.4515553261705064,1.443343432593968,0.010205979287682633,20000,20000,20,,
hopper-medium-replay-v2,1,ensemble,10,81,1,0.46604802758384767,1.4731758466103746,0.01041692631018429,20000,20000,20,,
hopper-medium-replay-v2,1,ensemble,10,82,1,0.4852259048826254,1.5111045787949486,0.010685122947479498,20000,20000,20,,
hopper-medium-replay-v2,1,ensemble,10,83,1,0.4958426998504633,1.5226408825037498,0.010766696933302707,20000,20000,20,,
hopper-medium-replay-v2,1,ensemble,10,84,1,0.502011107148858,1.5136481975362066,0.010703109048086464,20000,20000,20,,
hopper-medium-replay-v2,1,ensemble,10,85,1,0.5192102699085305,1.578366861386161,0.01116073910886282,20000,20000,20,,
hopper-medium-replay-v2,1,ensemble,10,86,1,0.530583376036535,1.6141633981807229,0.011413858847967103,20000,20000,20,,
hopper-medium-replay-v2,1,ensemble,10,87,1,0.5349707899745793,1.6128900282323029,0.011404854762712234,20000,20000,20,,
hopper-medium-replay-v2,1,ensemble,10,88,1,0.5464023347999281,1.6260708046859196,0.011498056926828797,20000,20000,20,,
hopper-medium-replay-v2,1,ensemble,10,89,1,0.5603636268464487,1.6447159811018301,0.011629898233629896,20000,20000,20,,
hopper-medium-replay-v2,1,ensemble,10,90,1,0.5694491960000237,1.6644503473934549,0.011769441275902166,20000,20000,20,,
hopper-medium-replay-v2,1,ensemble,10,91,1,0.5831211376623667,1.7266497306822595,0.012209257332993516,20000,20000,20,,
hopper-medium-replay-v2,1,ensemble,10,92,1,0.5964434621213718,1.7659250272871998,0.012486975618618178,20000,20000,20,,
hopper-medium-replay-v2,1,ensemble,10,93,1,0.6069427071419126,1.7786675579678233,0.012577078917155643,20000,20000,20,,
hopper-medium-replay-v2,1,ensemble,10,94,1,0.6185791685929607,1.7788470728053913,0.012578348278745323,20000,20000,20,,
hopper-medium-replay-v2,1,ensemble,10,95,1,0.6404668726522075,1.8459520477399671,0.013052852107021243,20000,20000,20,,
hopper-medium-replay-v2,1,ensemble,10,96,1,0.6532138494150097,1.854012154020267,0.013109845665100085,20000,20000,20,,
hopper-medium-replay-v2,1,ensemble,10,97,1,0.6606586290903389,1.886926029507734,0.01334258191062326,20000,20000,20,,
hopper-medium-replay-v2,1,ensemble,10,98,1,0.6730953723374186,2.002945380687991,0.014162962610307493,20000,20000,20,,
hopper-medium-replay-v2,1,ensemble,10,99,1,0.6829780098822076,1.9267204778232654,0.01362397115319816,20000,20000,20,,
hopper-medium-replay-v2,1,ensemble,10,100,1,0.6961793529659449,1.9066818324660662,0.01348227653301948,20000,20000,20,,
hopper-medium-replay-v2,1,ensemble,11,1,1,0.005470307537267151,0.036475678081258615,0.00025792199319635484,20000,20000,20,,
hopper-medium-replay-v2,1,ensemble,11,2,1,0.008599451355096238,0.052730411626899606,0.0003728603163613868,20000,20000,20,,
hopper-medium-replay-v2,1,ensemble,11,3,1,0.010888124909653485,0.06314759695822489,0.00044652094024795816,20000,20000,20,,
hopper-medium-replay-v2,1,ensemble,11,4,1,0.013937198955608165,0.07853342277223467,0.0005553151579203717,20000,20000,20,,
hopper-medium-replay-v2,1,ensemble,11,5,1,0.01940667957704382,0.11948330271321073,0.0008448745358707631,20000,20000,20,,
hopper-medium-replay-v2,1,ensemble,11,6,1,0.025338227345746187,0.1653513494637644,0.001169210604841744,20000,20000,20,,
hopper-medium-replay-v2,1,ensemble,11,7,1,0.030546929062877804,0.20643193011183975,0.0014596941763550934,20000,20000,20,,
hopper-medium-replay-v2,1,ensemble,11,8,1,0.03448664945961659,0.22866165832692847,0.001616882092003325,20000,20000,20,,
hopper-medium-replay-v2,1,ensemble,11,9,1,0.03964847411363048,0.24792481503708746,0.0017530931793714507,20000,20000,20,,
hopper-medium-replay-v2,1,ensemble,11,10,1,0.04382167882607369,0.2947521872421148,0.0020842127036846637,20000,20000,20,,
hopper-medium-replay-v2,1,ensemble,11,11,1,0.04669472857511428,0.315926332707355,0.0022339365221276807,20000,20000,20,,
hopper-medium-replay-v2,1,ensemble,11,12,1,0.048198741294537134,0.30432207236251685,0.0021518820103227886,20000,20000,20,,
hopper-medium-replay-v2,1,ensemble,11,13,1,0.050694998320884636,0.31558433618974374,0.0022315182415602298,20000,20000,20,,
hopper-medium-replay-v2,1,ensemble,11,14,1,0.054467274201805686,0.33132479362541123,0.0023428200834776165,20000,20000,20,,
hopper-medium-replay-v2,1,ensemble,11,15,1,0.05672933928179998,0.3499459452117269,0.002474491509079481,20000,20000,20,,
hopper-medium-replay-v2,1,ensemble,11,16,1,0.06253158890112846,0.38970751238021795,0.002755648246833925,20000,20000,20,,
hopper-medium-replay-v2,1,ensemble,11,17,1,0.06762933713686614,0.3996430704147794,0.0028259032514450343,20000,20000,20,,
hopper-medium-replay-v2,1,ensemble,11,18,1,0.06738017900557641,0.3685193197836219,0.0026058251001725287,20000,20000,20,,
hopper-medium-replay-v2,1,ensemble,11,19,1,0.06809882293854214,0.34493811050120904,0.0024390807702507956,20000,20000,20,,
hopper-medium-replay-v2,1,ensemble,11,20,1,0.07257045559656651,0.3459787071243347,0.0024464388995377156,20000,20000,20,,
hopper-medium-replay-v2,1,ensemble,11,21,1,0.0781843807692734,0.387019322239314,0.0027366398720564053,20000,20000,20,,
hopper-medium-replay-v2,1,ensemble,11,22,1,0.08523704618937036,0.4268062192098636,0.0030179757185588665,20000,20000,20,,
hopper-medium-replay-v2,1,ensemble,11,23,1,0.0884477060396204,0.4477006968595743,0.0031657219869134783,20000,20000,20,,
hopper-medium-replay-v2,1,ensemble,11,24,1,0.09162136290254161,0.42486190487679176,0.0030042273400621333,20000,20000,20,,
hopper-medium-replay-v2,1,ensemble,11,25,1,0.094248980758811,0.43849765345979325,0.0031006466429580855,20000,20000,20,,
hopper-medium-replay-v2,1,ensemble,11,26,1,0.09693832863457019,0.4393054745133485,0.0031063588004076274,20000,20000,20,,
hopper-medium-replay-v2,1,ensemble,11,27,1,0.10001104812371184,0.45516933074041843,0.0032185332035469232,20000,20000,20,,
hopper-medium-replay-v2,1,ensemble,11,28,1,0.10336912058961148,0.44038263844687014,0.0031139754996260547,20000,20000,20,,
hopper-medium-replay-v2,1,ensemble,11,29,1,0.10884797381830638,0.4707578391671499,0.003328760603718178,20000,20000,20,,
hopper-medium-replay-v2,1,ensemble,11,30,1,0.11340115456092781,0.489185228495435,0.003459061923254128,20000,20000,20,,
hopper-medium-replay-v2,1,ensemble,11,31,1,0.11701149865620103,0.5053718688072144,0.0035735187545449954,20000,20000,20,,
hopper-medium-replay-v2,1,ensemble,11,32,1,0.12230895063649971,0.5290031540088382,0.0037406171746872108,20000,20000,20,,
hopper-medium-replay-v2,1,ensemble,11,33,1,0.12679489272708266,0.5703275922826359,0.004032825080008483,20000,20000,20,,
hopper-medium-replay-v2,1,ensemble,11,34,1,0.12943430812659315,0.5518644976516007,0.003902271285855544,20000,20000,20,,
hopper-medium-replay-v2,1,ensemble,11,35,1,0.13470345852558446,0.5701322330233152,0.004031443681438151,20000,20000,20,,
hopper-medium-replay-v2,1,ensemble,11,36,1,0.14151689464161837,0.6051768274870213,0.004279246385330342,20000,20000,20,,
hopper-medium-replay-v2,1,ensemble,11,37,1,0.1413666889795874,0.5749681220094972,0.004065638580390097,20000,20000,20,,
hopper-medium-replay-v2,1,ensemble,11,38,1,0.14625145543329632,0.5937069479606,0.004198142089405089,20000,20000,20,,
hopper-medium-replay-v2,1,ensemble,11,39,1,0.15207870312929078,0.6123685376702231,0.004330099455719045,20000,20000,20,,
hopper-medium-replay-v2,1,ensemble,11,40,1,0.16144496783422937,0.6682123514101734,0.004724974849547419,20000,20000,20,,
hopper-medium-replay-v2,1,ensemble,11,41,1,0.16472379445734564,0.6809080890196232,0.004814747271105489,20000,20000,20,,
hopper-medium-replay-v2,1,ensemble,11,42,1,0.16741133888417342,0.6784970192249261,0.004797698433088045,20000,20000,20,,
hopper-medium-replay-v2,1,ensemble,11,43,1,0.17135126369176376,0.6677514386892827,0.004721715704442649,20000,20000,20,,
hopper-medium-replay-v2,1,ensemble,11,44,1,0.17659160788992523,0.689093891757722,0.004872629637361139,20000,20000,20,,
hopper-medium-replay-v2,1,ensemble,11,45,1,0.18308886219953396,0.7131732142875304,0.005042896159833195,20000,20000,20,,
hopper-medium-replay-v2,1,ensemble,11,46,1,0.18930866277168598,0.766112826256712,0.005417235746001123,20000,20000,20,,
hopper-medium-replay-v2,1,ensemble,11,47,1,0.19645111228207215,0.7929896703839526,0.00560728373339378,20000,20000,20,,
hopper-medium-replay-v2,1,ensemble,11,48,1,0.20026796803939945,0.792252300068199,0.00560206973788863,20000,20000,20,,
hopper-medium-replay-v2,1,ensemble,11,49,1,0.1975534108861771,0.7475526952772422,0.0052859958012481875,20000,20000,20,,
hopper-medium-replay-v2,1,ensemble,11,50,1,0.20320927135794645,0.7607950804122937,0.0053796336045289755,20000,20000,20,,
hopper-medium-replay-v2,1,ensemble,11,51,1,0.20874513536465164,0.8016085766691079,0.005668228604200226,20000,20000,20,,
hopper-medium-replay-v2,1,ensemble,11,52,1,0.2153162962322532,0.8049761605675587,0.0056920410183083185,20000,20000,20,,
hopper-medium-replay-v2,1,ensemble,11,53,1,0.2215833937551327,0.8143702309997952,0.005758467127364103,20000,20000,20,,
hopper-medium-replay-v2,1,ensemble,11,54,1,0.23351524315068153,0.8663557048181724,0.006126059937965805,20000,20000,20,,
hopper-medium-replay-v2,1,ensemble,11,55,1,0.23918606548067115,0.9029825359448315,0.006385050744596157,20000,20000,20,,
hopper-medium-replay-v2,1,ensemble,11,56,1,0.2528667323009624,0.9452842422499927,0.0066841689784375696,20000,20000,20,,
hopper-medium-replay-v2,1,ensemble,11,57,1,0.2639706333822186,0.992033019448537,0.007014732752130266,20000,20000,20,,
hopper-medium-replay-v2,1,ensemble,11,58,1,0.2781759679380082,1.0557069219915776,0.00746497523485822,20000,20000,20,,
hopper-medium-replay-v2,1,ensemble,11,59,1,0.2912615219406811,1.093980274953382,0.007735608709038602,20000,20000,20,,
hopper-medium-replay-v2,1,ensemble,11,60,1,0.3002081264468464,1.113158521385987,0.007871219390076218,20000,20000,20,,
hopper-medium-replay-v2,1,ensemble,11,61,1,0.3044996901580006,1.1278060337317921,0.007974792943148543,20000,20000,20,,
hopper-medium-replay-v2,1,ensemble,11,62,1,0.31433990091291314,1.149322713033058,0.008126938841573957,20000,20000,20,,
hopper-medium-replay-v2,1,ensemble,11,63,1,0.32796225502580134,1.1904167263788,0.008417517396603402,20000,20000,20,,
hopper-medium-replay-v2,1,ensemble,11,64,1,0.32952607726987737,1.1789968465726643,0.008336766652090865,20000,20000,20,,
hopper-medium-replay-v2,1,ensemble,11,65,1,0.33956737844926765,1.1935903623749873,0.00843995839194262,20000,20000,20,,
hopper-medium-replay-v2,1,ensemble,11,66,1,0.34447641525527395,1.224091631834844,0.00865563493664125,20000,20000,20,,
hopper-medium-replay-v2,1,ensemble,11,67,1,0.3451491458199803,1.2056189782043547,0.008525013550154956,20000,20000,20,,
hopper-medium-replay-v2,1,ensemble,11,68,1,0.34909193218352247,1.211799566234987,0.00856871690723676,20000,20000,20,,
hopper-medium-replay-v2,1,ensemble,11,69,1,0.35843440832624274,1.2384194498813608,0.00875694790964424,20000,20000,20,,
hopper-medium-replay-v2,1,ensemble,11,70,1,0.37001205438097784,1.2663695677382567,0.008954585088359982,20000,20000,20,,
hopper-medium-replay-v2,1,ensemble,11,71,1,0.3716800976334942,1.2615962263805338,0.008920832467930342,20000,20000,20,,
hopper-medium-replay-v2,1,ensemble,11,72,1,0.3769352917856809,1.28837977891673,0.009110220784156447,20000,20000,20,,
hopper-medium-replay-v2,1,ensemble,11,73,1,0.38392213637838596,1.2944951160519242,0.009153462747731824,20000,20000,20,,
hopper-medium-replay-v2,1,ensemble,11,74,1,0.39602403134515823,1.3261473896044076,0.00937727812042115,20000,20000,20,,
hopper-medium-replay-v2,1,ensemble,11,75,1,0.4042855357149906,1.35373238120735,0.009572333466635295,20000,20000,20,,
hopper-medium-replay-v2,1,ensemble,11,76,1,0.4078949485359709,1.3556842484673457,0.009586135252390484,20000,20000,20,,
hopper-medium-replay-v2,1,ensemble,11,77,1,0.42095118789677816,1.3947065124330054,0.00986206432706418,20000,20000,20,,
hopper-medium-replay-v2,1,ensemble,11,78,1,0.4357281430758224,1.4515433782285043,0.01026396165931805,20000,20000,20,,
hopper-medium-replay-v2,1,ensemble,11,79,1,0.4502630705712681,1.4929054588562543,0.010556435736276716,20000,20000,20,,
hopper-medium-replay-v2,1,ensemble,11,80,1,0.4678033207344144,1.5219719123036004,0.010761966599653332,20000,20000,20,,
hopper-medium-replay-v2,1,ensemble,11,81,1,0.47759206484421973,1.537191562200621,0.010869585776148015,20000,20000,20,,
hopper-medium-replay-v2,1,ensemble,11,82,1,0.4840637249798394,1.5282100827330753,0.010806077125782123,20000,20000,20,,
hopper-medium-replay-v2,1,ensemble,11,83,1,0.4962702623561994,1.549700821183074,0.010958039594689129,20000,20000,20,,
hopper-medium-replay-v2,1,ensemble,11,84,1,0.5154651890078811,1.5998360409820935,0.011312549133650776,20000,20000,20,,
hopper-medium-replay-v2,1,ensemble,11,85,1,0.5266383824700388,1.5969319113853186,0.011292013836337536,20000,20000,20,,
hopper-medium-replay-v2,1,ensemble,11,86,1,0.5327356765398177,1.6179668035008063,0.011440752984901425,20000,20000,20,,
hopper-medium-replay-v2,1,ensemble,11,87,1,0.5401138720965103,1.6393124854313188,0.011591689749322589,20000,20000,20,,
hopper-medium-replay-v2,1,ensemble,11,88,1,0.5557543048997544,1.6624787581816378,0.011755500034888266,20000,20000,20,,
hopper-medium-replay-v2,1,ensemble,11,89,1,0.5663283365532118,1.6576444081194093,0.011721316017771951,20000,20000,20,,
hopper-medium-replay-v2,1,ensemble,11,90,1,0.5749692126676313,1.6640624597583384,0.011766698496130875,20000,20000,20,,
hopper-medium-replay-v2,1,ensemble,11,91,1,0.584409792473058,1.688102771921905,0.011936689173657868,20000,20000,20,,
hopper-medium-replay-v2,1,ensemble,11,92,1,0.5925222421371192,1.7111793433351767,0.01209986517498647,20000,20000,20,,
hopper-medium-replay-v2,1,ensemble,11,93,1,0.6082427481391526,1.7568567426839423,0.01242285316325125,20000,20000,20,,
hopper-medium-replay-v2,1,ensemble,11,94,1,0.619007952754834,1.7814695633682651,0.012596892087351381,20000,20000,20,,
hopper-medium-replay-v2,1,ensemble,11,95,1,0.6242316032210156,1.7872367485612475,0.012637672244934546,20000,20000,20,,
hopper-medium-replay-v2,1,ensemble,11,96,1,0.6306844029298159,1.7894791653921152,0.01265352852640808,20000,20000,20,,
hopper-medium-replay-v2,1,ensemble,11,97,1,0.6423275587740097,1.8106302700103636,0.012803089421459576,20000,20000,20,,
hopper-medium-replay-v2,1,ensemble,11,98,1,0.6692271805841035,1.8777167238437207,0.013277462285772826,20000,20000,20,,
hopper-medium-replay-v2,1,ensemble,11,99,1,0.6919370046484224,1.9477667383622541,0.013772790688655537,20000,20000,20,,
hopper-medium-replay-v2,1,ensemble,11,100,1,0.7011126785011772,1.9424508293689846,0.013735201535682423,20000,20000,20,,
hopper-medium-replay-v2,1,ensemble,12,1,1,0.005241124601599132,0.03504191711339422,0.0002477837721665798,20000,20000,20,,
hopper-medium-replay-v2,1,ensemble,12,2,1,0.0077960894049392705,0.04574481766206527,0.000323464707729885,20000,20000,20,,
hopper-medium-replay-v2,1,ensemble,12,3,1,0.010898991885831126,0.06989009456690998,0.0004941975980603113,20000,20000,20,,
hopper-medium-replay-v2,1,ensemble,12,4,1,0.01457273260955754,0.0896373442858126,0.0006338317399205132,20000,20000,20,,
hopper-medium-replay-v2,1,ensemble,12,5,1,0.02054907308363565,0.13989578113157938,0.0009892125549752883,20000,20000,20,,
hopper-medium-replay-v2,1,ensemble,12,6,1,0.027207545828644316,0.1935382645372647,0.0013685221927337576,20000,20000,20,,
hopper-medium-replay-v2,1,ensemble,12,7,1,0.031037452713514192,0.21724919248100974,0.0015361837721062348,20000,20000,20,,
hopper-medium-replay-v2,1,ensemble,12,8,1,0.03376051309189048,0.22047985963692396,0.001559028038643271,20000,20000,20,,
hopper-medium-replay-v2,1,ensemble,12,9,1,0.04097160947734933,0.27872038807196997,0.0019708507646063606,20000,20000,20,,
hopper-medium-replay-v2,1,ensemble,12,10,1,0.04695384919179233,0.32580002737180597,0.002303754086653668,20000,20000,20,,
hopper-medium-replay-v2,1,ensemble,12,11,1,0.04809124907834122,0.33029910645676885,0.0023355673799543863,20000,20000,20,,
hopper-medium-replay-v2,1,ensemble,12,12,1,0.04936661093627107,0.3261053723530897,0.0023059132017223378,20000,20000,20,,
hopper-medium-replay-v2,1,ensemble,12,13,1,0.048864101959123614,0.2867055669704765,0.0020273145060875778,20000,20000,20,,
hopper-medium-replay-v2,1,ensemble,12,14,1,0.05163117810618881,0.31556679069865873,0.002231394176202975,20000,20000,20,,
hopper-medium-replay-v2,1,ensemble,12,15,1,0.056232347768505074,0.3498062439745187,0.0024735036721577805,20000,20000,20,,
hopper-medium-replay-v2,1,ensemble,12,16,1,0.060374850774158176,0.3528428875824144,0.002494975985029679,20000,20000,20,,
hopper-medium-replay-v2,1,ensemble,12,17,1,0.06478839697175878,0.3659265235759684,0.002587491262365863,20000,20000,20,,
hopper-medium-replay-v2,1,ensemble,12,18,1,0.06652231851892573,0.354718954317119,0.0025082417801303596,20000,20000,20,,
hopper-medium-replay-v2,1,ensemble,12,19,1,0.07269109597962456,0.3913210268582583,0.0027670575171235756,20000,20000,20,,
hopper-medium-replay-v2,1,ensemble,12,20,1,0.07856453935751803,0.42059932761089475,0.0029740863671616595,20000,20000,20,,
hopper-medium-replay-v2,1,ensemble,12,21,1,0.08061786551198163,0.41678640953715956,0.002947124964901191,20000,20000,20,,
hopper-medium-replay-v2,1,ensemble,12,22,1,0.08213805243843839,0.40363896933361404,0.002854158523669474,20000,20000,20,,
hopper-medium-replay-v2,1,ensemble,12,23,1,0.0855819593278675,0.42866454209503513,0.0030311160456962557,20000,20000,20,,
hopper-medium-replay-v2,1,ensemble,12,24,1,0.08897790890651537,0.43298716444897783,0.0030616816014860703,20000,20000,20,,
hopper-medium-replay-v2,1,ensemble,12,25,1,0.09473422408293646,0.4681583143202893,0.0033103791872473973,20000,20000,20,,
hopper-medium-replay-v2,1,ensemble,12,26,1,0.0969737740524015,0.4526033728716134,0.003200389141454213,20000,20000,20,,
hopper-medium-replay-v2,1,ensemble,12,27,1,0.09991490816523689,0.4437730415384054,0.003137949269795859,20000,20000,20,,
hopper-medium-replay-v2,1,ensemble,12,28,1,0.10194968083115229,0.454047419074074,0.0032106000900752785,20000,20000,20,,
hopper-medium-replay-v2,1,ensemble,12,29,1,0.10709127385722814,0.4928351199334425,0.003484870553118226,20000,20000,20,,
hopper-medium-replay-v2,1,ensemble,12,30,1,0.1134350765770489,0.5175790682443907,0.0036598366895582352,20000,20000,20,,
hopper-medium-replay-v2,1,ensemble,12,31,1,0.11933178874198774,0.5401219596251,0.0038192390031867485,20000,20000,20,,
hopper-medium-replay-v2,1,ensemble,12,32,1,0.12190819861959787,0.5585930485776136,0.003949849325728971,20000,20000,20,,
hopper-medium-replay-v2,1,ensemble,12,33,1,0.12453939405730974,0.5519106771541602,0.00390259782424966,20000,20000,20,,
hopper-medium-replay-v2,1,ensemble,12,34,1,0.13212912467627508,0.5956104124374467,0.0042116016157983495,20000,20000,20,,
hopper-medium-replay-v2,1,ensemble,12,35,1,0.13415882994508374,0.5894975298859287,0.004168377008750597,20000,20000,20,,
hopper-medium-replay-v2,1,ensemble,12,36,1,0.13447198315474984,0.5688455000694046,0.004022345105465287,20000,20000,20,,
hopper-medium-replay-v2,1,ensemble,12,37,1,0.13647988106325057,0.5546179607904371,0.003921741210427728,20000,20000,20,,
hopper-medium-replay-v2,1,ensemble,12,38,1,0.14341658224349454,0.5849694229282401,0.0041363584573934,20000,20000,20,,
hopper-medium-replay-v2,1,ensemble,12,39,1,0.15138510303205036,0.617571263488651,0.004366888282787692,20000,20000,20,,
hopper-medium-replay-v2,1,ensemble,12,40,1,0.15627637795479704,0.632662967896147,0.004473602748049725,20000,20000,20,,
hopper-medium-replay-v2,1,ensemble,12,41,1,0.16067034851039674,0.6554234345297574,0.004634543551045686,20000,20000,20,,
hopper-medium-replay-v2,1,ensemble,12,42,1,0.17103862870889538,0.7035822347089822,0.0049750776928510635,20000,20000,20,,
hopper-medium-replay-v2,1,ensemble,12,43,1,0.17343161922189698,0.6829019046161237,0.004828845676392699,20000,20000,20,,
hopper-medium-replay-v2,1,ensemble,12,44,1,0.1762939970423794,0.6801023604874463,0.004809049910016512,20000,20000,20,,
hopper-medium-replay-v2,1,ensemble,12,45,1,0.17963450468069594,0.6973157456272905,0.004930766923612107,20000,20000,20,,
hopper-medium-replay-v2,1,ensemble,12,46,1,0.18350151004431592,0.735247495290173,0.005198984897701054,20000,20000,20,,
hopper-medium-replay-v2,1,ensemble,12,47,1,0.18406375558099133,0.705017098724543,0.0049852237136059,20000,20000,20,,
hopper-medium-replay-v2,1,ensemble,12,48,1,0.18864454852603818,0.7240042642216198,0.005119483248390842,20000,20000,20,,
hopper-medium-replay-v2,1,ensemble,12,49,1,0.20158549949647403,0.7775126173124426,0.005497844441597292,20000,20000,20,,
hopper-medium-replay-v2,1,ensemble,12,50,1,0.20906321554433716,0.797627636338995,0.005640079105171008,20000,20000,20,,
hopper-medium-replay-v2,1,ensemble,12,51,1,0.21040976437451986,0.7878662493818392,0.0055710556760591,20000,20000,20,,
hopper-medium-replay-v2,1,ensemble,12,52,1,0.21283743632306223,0.8072379290456393,0.005708034136591566,20000,20000,20,,
hopper-medium-replay-v2,1,ensemble,12,53,1,0.2175618134795437,0.822638098153932,0.0058169297766705,20000,20000,20,,
hopper-medium-replay-v2,1,ensemble,12,54,1,0.22880113797715199,0.8725143001944444,0.006169607783497266,20000,20000,20,,
hopper-medium-replay-v2,1,ensemble,12,55,1,0.23546320557378916,0.8793206292629593,0.006217735797890606,20000,20000,20,,
hopper-medium-replay-v2,1,ensemble,12,56,1,0.24780154240448973,0.9175623768785773,0.006488145788524886,20000,20000,20,,
hopper-medium-replay-v2,1,ensemble,12,57,1,0.259033778764963,0.9646959197697158,0.006821430266521596,20000,20000,20,,
hopper-medium-replay-v2,1,ensemble,12,58,1,0.2673737718487964,0.999625819076581,0.007068421953182072,20000,20000,20,,
hopper-medium-replay-v2,1,ensemble,12,59,1,0.28074257009304504,1.0446694820001807,0.0073869287482096575,20000,20000,20,,
hopper-medium-replay-v2,1,ensemble,12,60,1,0.29453897435304005,1.091038943560401,0.007714810355301665,20000,20000,20,,
hopper-medium-replay-v2,1,ensemble,12,61,1,0.30892820569727225,1.1577233524761328,0.00818634033273897,20000,20000,20,,
hopper-medium-replay-v2,1,ensemble,12,62,1,0.31187291466861855,1.1591411796436917,0.008196365884786285,20000,20000,20,,
hopper-medium-replay-v2,1,ensemble,12,63,1,0.3189558707322031,1.150404186595201,0.00813458601446861,20000,20000,20,,
hopper-medium-replay-v2,1,ensemble,12,64,1,0.3228448885155086,1.1531857786125115,0.008154254840247956,20000,20000,20,,
hopper-medium-replay-v2,1,ensemble,12,65,1,0.3310737673305449,1.1848085428483894,0.008377861550558483,20000,20000,20,,
hopper-medium-replay-v2,1,ensemble,12,66,1,0.3421087843866648,1.2206504007454695,0.008631301758251981,20000,20000,20,,
hopper-medium-replay-v2,1,ensemble,12,67,1,0.35023804437155276,1.2023323897714961,0.00850177386047652,20000,20000,20,,
hopper-medium-replay-v2,1,ensemble,12,68,1,0.3556378031075074,1.2232877241365716,0.008649950450792284,20000,20000,20,,
hopper-medium-replay-v2,1,ensemble,12,69,1,0.36089240068253314,1.2391323112294306,0.008761988600576899,20000,20000,20,,
hopper-medium-replay-v2,1,ensemble,12,70,1,0.3682427278982981,1.2584768474663774,0.008898775128097438,20000,20000,20,,
hopper-medium-replay-v2,1,ensemble,12,71,1,0.3735834931599373,1.2673034731517603,0.008961188796868734,20000,20000,20,,
hopper-medium-replay-v2,1,ensemble,12,72,1,0.38150284972050164,1.3164425678243867,0.009308654667512553,20000,20000,20,,
hopper-medium-replay-v2,1,ensemble,12,73,1,0.3881994094359895,1.3280292643765281,0.009390584984548252,20000,20000,20,,
hopper-medium-replay-v2,1,ensemble,12,74,1,0.4004984910488837,1.352785289862034,0.009565636519508536,20000,20000,20,,
hopper-medium-replay-v2,1,ensemble,12,75,1,0.409468035826193,1.3619250311574813,0.00963026424999155,20000,20000,20,,
hopper-medium-replay-v2,1,ensemble,12,76,1,0.4195571527473085,1.3759917358542388,0.00972973087279181,20000,20000,20,,
hopper-medium-replay-v2,1,ensemble,12,77,1,0.42832619268673006,1.406506760973887,0.00994550468469362,20000,20000,20,,
hopper-medium-replay-v2,1,ensemble,12,78,1,0.43624949323169837,1.426454446836152,0.010086556124115485,20000,20000,20,,
hopper-medium-replay-v2,1,ensemble,12,79,1,0.4480464717690645,1.4425797867458359,0.01020057949610624,20000,20000,20,,
hopper-medium-replay-v2,1,ensemble,12,80,1,0.4563650569618596,1.4563288289688838,0.010297799906013615,20000,20000,20,,
hopper-medium-replay-v2,1,ensemble,12,81,1,0.4627495576510651,1.4660174566791093,0.010366308849556539,20000,20000,20,,
hopper-medium-replay-v2,1,ensemble,12,82,1,0.480937447731657,1.5058179932606206,0.010647741142673037,20000,20000,20,,
hopper-medium-replay-v2,1,ensemble,12,83,1,0.49587312942144546,1.5497189804654594,0.01095816800020629,20000,20000,20,,
hopper-medium-replay-v2,1,ensemble,12,84,1,0.5022407277688626,1.5607858940325667,0.01103642289650736,20000,20000,20,,
hopper-medium-replay-v2,1,ensemble,12,85,1,0.5066201366085621,1.566811518387953,0.011079030494933124,20000,20000,20,,
hopper-medium-replay-v2,1,ensemble,12,86,1,0.525413168450574,1.5848806682604406,0.011206798678984246,20000,20000,20,,
hopper-medium-replay-v2,1,ensemble,12,87,1,0.5419064644777857,1.6225387186021663,0.011473081306613231,20000,20000,20,,
hopper-medium-replay-v2,1,ensemble,12,88,1,0.5533048218878391,1.6512205424217639,0.011675892427809585,20000,20000,20,,
hopper-medium-replay-v2,1,ensemble,12,89,1,0.5690224731410141,1.6922597827807073,0.01196608367933512,20000,20000,20,,
hopper-medium-replay-v2,1,ensemble,12,90,1,0.5790704421287081,1.7092560831525847,0.0120862656718155,20000,20000,20,,
hopper-medium-replay-v2,1,ensemble,12,91,1,0.5811786779458412,1.6948100619359292,0.01198411687618088,20000,20000,20,,
hopper-medium-replay-v2,1,ensemble,12,92,1,0.5842255778470988,1.6951541207335437,0.011986549739270082,20000,20000,20,,
hopper-medium-replay-v2,1,ensemble,12,93,1,0.5959079165157309,1.7109238308292762,0.012098058428730466,20000,20000,20,,
hopper-medium-replay-v2,1,ensemble,12,94,1,0.6206862734239175,1.7697635224240758,0.012514117878026546,20000,20000,20,,
hopper-medium-replay-v2,1,ensemble,12,95,1,0.6437998658310041,1.8195509122788238,0.012866167887865251,20000,20000,20,,
hopper-medium-replay-v2,1,ensemble,12,96,1,0.6476372558438493,1.8287731188684289,0.012931378736035382,20000,20000,20,,
hopper-medium-replay-v2,1,ensemble,12,97,1,0.6597430195302113,1.8789563129433977,0.013286227504355493,20000,20000,20,,
hopper-medium-replay-v2,1,ensemble,12,98,1,0.6786373345099229,1.9976349355552179,0.014125412092662463,20000,20000,20,,
hopper-medium-replay-v2,1,ensemble,12,99,1,0.6891211129871146,1.9186048897185348,0.013566585279376441,20000,20000,20,,
hopper-medium-replay-v2,1,ensemble,12,100,1,0.7037665411679418,1.9506611154258242,0.01379325702514515,20000,20000,20,,
hopper-medium-replay-v2,1,ensemble,13,1,1,0.005206280839775127,0.033531987429139265,0.0002371069569780644,20000,20000,20,,
hopper-medium-replay-v2,1,ensemble,13,2,1,0.00807087193678393,0.04885300167582147,0.0003454428876629113,20000,20000,20,,
hopper-medium-replay-v2,1,ensemble,13,3,1,0.011148314927591179,0.07400165129902961,0.0005232706945254612,20000,20000,20,,
hopper-medium-replay-v2,1,ensemble,13,4,1,0.01434261448518019,0.08728800837058621,0.0006172194263510964,20000,20000,20,,
hopper-medium-replay-v2,1,ensemble,13,5,1,0.019638290008552117,0.1401915999986032,0.000991304310244043,20000,20000,20,,
hopper-medium-replay-v2,1,ensemble,13,6,1,0.024067510316963105,0.16214397188413396,0.0011465310204779203,20000,20000,20,,
hopper-medium-replay-v2,1,ensemble,13,7,1,0.02892410845018801,0.19559442323267506,0.0013830614303009612,20000,20000,20,,
hopper-medium-replay-v2,1,ensemble,13,8,1,0.03317478817730044,0.20214297462730052,0.0014293666812818441,20000,20000,20,,
hopper-medium-replay-v2,1,ensemble,13,9,1,0.0377735064285186,0.24217248705739924,0.0017124180781509842,20000,20000,20,,
hopper-medium-replay-v2,1,ensemble,13,10,1,0.04206137178171551,0.2826594877058093,0.001998704405234933,20000,20000,20,,
hopper-medium-replay-v2,1,ensemble,13,11,1,0.04500752392092951,0.29334848478956865,0.0020742870284550276,20000,20000,20,,
hopper-medium-replay-v2,1,ensemble,13,12,1,0.04893992754719124,0.3182195933882872,0.002250152323912837,20000,20000,20,,
hopper-medium-replay-v2,1,ensemble,13,13,1,0.0489901644538022,0.2910763174169528,0.0020582203788833526,20000,20000,20,,
hopper-medium-replay-v2,1,ensemble,13,14,1,0.05276206821118574,0.33297099068455677,0.002354460454514528,20000,20000,20,,
hopper-medium-replay-v2,1,ensemble,13,15,1,0.055996560110557515,0.3471519911014964,0.0024547352701028012,20000,20000,20,,
hopper-medium-replay-v2,1,ensemble,13,16,1,0.06066118310353859,0.36638632136021615,0.002590742523678024,20000,20000,20,,
hopper-medium-replay-v2,1,ensemble,13,17,1,0.06195369752314322,0.34927543106310843,0.0024697502580657846,20000,20000,20,,
hopper-medium-replay-v2,1,ensemble,13,18,1,0.06356118582362684,0.3289047103694087,0.002325707510664063,20000,20000,20,,
hopper-medium-replay-v2,1,ensemble,13,19,1,0.06945151349561693,0.36137881314984344,0.002555334093554006,20000,20000,20,,
hopper-medium-replay-v2,1,ensemble,13,20,1,0.07480140430335223,0.3865573293478723,0.002733373088992421,20000,20000,20,,
hopper-medium-replay-v2,1,ensemble,13,21,1,0.08054503474076291,0.4103926498185233,0.00290191425635794,20000,20000,20,,
hopper-medium-replay-v2,1,ensemble,13,22,1,0.08443275202542894,0.41058948255063993,0.002903306073954331,20000,20000,20,,
hopper-medium-replay-v2,1,ensemble,13,23,1,0.08674008788281772,0.4016339007416318,0.002839980547688126,20000,20000,20,,
hopper-medium-replay-v2,1,ensemble,13,24,1,0.09021353174418077,0.4074595813991163,0.002881174330667472,20000,20000,20,,
hopper-medium-replay-v2,1,ensemble,13,25,1,0.08857568258698292,0.39546166413360717,0.0027963362440819053,20000,20000,20,,
hopper-medium-replay-v2,1,ensemble,13,26,1,0.095720128247985,0.45056974585613274,0.0031860092269237078,20000,20000,20,,
hopper-medium-replay-v2,1,ensemble,13,27,1,0.10128910328943762,0.4661004615768989,0.0032958279709520504,20000,20000,20,,
hopper-medium-replay-v2,1,ensemble,13,28,1,0.10492804995674729,0.45985342158710113,0.003251654727560755,20000,20000,20,,
hopper-medium-replay-v2,1,ensemble,13,29,1,0.10590994360666785,0.4668399999088435,0.0033010572966467046,20000,20000,20,,
hopper-medium-replay-v2,1,ensemble,13,30,1,0.10850922393284229,0.4741728964429329,0.0033529087052966444,20000,20000,20,,
hopper-medium-replay-v2,1,ensemble,13,31,1,0.11119734607507721,0.46179037577989934,0.003265351062006508,20000,20000,20,,
hopper-medium-replay-v2,1,ensemble,13,32,1,0.11890186740696433,0.4979431136537353,0.0035209895230969993,20000,20000,20,,
hopper-medium-replay-v2,1,ensemble,13,33,1,0.12316363168475065,0.5288179934544077,0.00373930789185075,20000,20000,20,,
hopper-medium-replay-v2,1,ensemble,13,34,1,0.12868919133740586,0.5527290995416684,0.00390838494445048,20000,20000,20,,
hopper-medium-replay-v2,1,ensemble,13,35,1,0.13015923659716427,0.549324667814106,0.00388431197684402,20000,20000,20,,
hopper-medium-replay-v2,1,ensemble,13,36,1,0.13528127745404772,0.568197835220907,0.004017765423402199,20000,20000,20,,
hopper-medium-replay-v2,1,ensemble,13,37,1,0.1426685539307759,0.6024584622258037,0.004260024640230853,20000,20000,20,,
hopper-medium-replay-v2,1,ensemble,13,38,1,0.1474072927693242,0.5982048454481556,0.004229947027550414,20000,20000,20,,
hopper-medium-replay-v2,1,ensemble,13,39,1,0.15240107596869557,0.6126462144204,0.004332062926849325,20000,20000,20,,
hopper-medium-replay-v2,1,ensemble,13,40,1,0.1579957159746873,0.6263408432146443,0.004428898575711751,20000,20000,20,,
hopper-medium-replay-v2,1,ensemble,13,41,1,0.16469933098016223,0.6505450456794672,0.004600048132672636,20000,20000,20,,
hopper-medium-replay-v2,1,ensemble,13,42,1,0.16918253363547908,0.6757100130376241,0.0047779913233455444,20000,20000,20,,
hopper-medium-replay-v2,1,ensemble,13,43,1,0.1698657698199725,0.6588974511755779,0.004659108558327832,20000,20000,20,,
hopper-medium-replay-v2,1,ensemble,13,44,1,0.17935797371798734,0.6727602928404545,0.004757133651805329,20000,20000,20,,
hopper-medium-replay-v2,1,ensemble,13,45,1,0.1871319251453756,0.7081080666735012,0.005007080157577286,20000,20000,20,,
hopper-medium-replay-v2,1,ensemble,13,46,1,0.18846498843419782,0.7217167890331143,0.00510330835621496,20000,20000,20,,
hopper-medium-replay-v2,1,ensemble,13,47,1,0.19095410008244315,0.7322095206907163,0.005177503173297572,20000,20000,20,,
hopper-medium-replay-v2,1,ensemble,13,48,1,0.195845092423231,0.750307439558983,0.005305474784868726,20000,20000,20,,
hopper-medium-replay-v2,1,ensemble,13,49,1,0.20379806081997606,0.7940145908418047,0.005614531015453021,20000,20000,20,,
hopper-medium-replay-v2,1,ensemble,13,50,1,0.21170531089388106,0.8388624605969629,0.005931653343709454,20000,20000,20,,
hopper-medium-replay-v2,1,ensemble,13,51,1,0.21607381214423677,0.8368531577164943,0.005917445426787084,20000,20000,20,,
hopper-medium-replay-v2,1,ensemble,13,52,1,0.21484696230323244,0.8233262452140913,0.0058217957111974215,20000,20000,20,,
hopper-medium-replay-v2,1,ensemble,13,53,1,0.22190781183860153,0.8306587893895124,0.005873644628295324,20000,20000,20,,
hopper-medium-replay-v2,1,ensemble,13,54,1,0.2321735706131687,0.8640654899642126,0.006109865673429715,20000,20000,20,,
hopper-medium-replay-v2,1,ensemble,13,55,1,0.23891873984006592,0.8823523943137513,0.006239173614154401,20000,20000,20,,
hopper-medium-replay-v2,1,ensemble,13,56,1,0.24630288257275465,0.9185464033425228,0.0064951039063801145,20000,20000,20,,
hopper-medium-replay-v2,1,ensemble,13,57,1,0.2549944295847343,0.9401164864263973,0.006647627426573764,20000,20000,20,,
hopper-medium-replay-v2,1,ensemble,13,58,1,0.27049751549170653,1.0209691884929903,0.007219342365659199,20000,20000,20,,
hopper-medium-replay-v2,1,ensemble,13,59,1,0.2930442346705608,1.1230995580580276,0.007941513134504459,20000,20000,20,,
hopper-medium-replay-v2,1,ensemble,13,60,1,0.30669764398941435,1.1753509830761655,0.008310986504074316,20000,20000,20,,
hopper-medium-replay-v2,1,ensemble,13,61,1,0.31407138794758366,1.1878685120998596,0.008399498800637851,20000,20000,20,,
hopper-medium-replay-v2,1,ensemble,13,62,1,0.3198425613874309,1.180318542323035,0.00834611245236839,20000,20000,20,,
hopper-medium-replay-v2,1,ensemble,13,63,1,0.3325076969132217,1.2308505287705556,0.008703427555207074,20000,20000,20,,
hopper-medium-replay-v2,1,ensemble,13,64,1,0.3435652963849441,1.2341000948046053,0.008726405456992976,20000,20000,20,,
hopper-medium-replay-v2,1,ensemble,13,65,1,0.3479953855478123,1.235055149768775,0.008733158715408678,20000,20000,20,,
hopper-medium-replay-v2,1,ensemble,13,66,1,0.3507847733293151,1.2285158513516796,0.008686918892859372,20000,20000,20,,
hopper-medium-replay-v2,1,ensemble,13,67,1,0.3553634235821844,1.2306385655196443,0.008701928748686258,20000,20000,20,,
hopper-medium-replay-v2,1,ensemble,13,68,1,0.3533270763279902,1.2116261423871026,0.008567490615448176,20000,20000,20,,
hopper-medium-replay-v2,1,ensemble,13,69,1,0.3589606959222987,1.234754841701266,0.008731035216698872,20000,20000,20,,
hopper-medium-replay-v2,1,ensemble,13,70,1,0.3685034966964316,1.2561209313965949,0.008882116285808943,20000,20000,20,,
hopper-medium-replay-v2,1,ensemble,13,71,1,0.3721826297597865,1.2586460438562839,0.00889997152724399,20000,20000,20,,
hopper-medium-replay-v2,1,ensemble,13,72,1,0.3759648907511552,1.2615364488329321,0.008920409776837623,20000,20000,20,,
hopper-medium-replay-v2,1,ensemble,13,73,1,0.3887713304530974,1.2840715860561092,0.009079757260292401,20000,20000,20,,
hopper-medium-replay-v2,1,ensemble,13,74,1,0.40076388270545577,1.3235804751262426,0.009359127294078786,20000,20000,20,,
hopper-medium-replay-v2,1,ensemble,13,75,1,0.4035178806921682,1.3192732671540965,0.009328670734427934,20000,20000,20,,
hopper-medium-replay-v2,1,ensemble,13,76,1,0.41140503202635936,1.3334192699013112,0.009428698079120324,20000,20000,20,,
hopper-medium-replay-v2,1,ensemble,13,77,1,0.42618752857865594,1.3794041555056427,0.009753860323549428,20000,20000,20,,
hopper-medium-replay-v2,1,ensemble,13,78,1,0.43798686282481925,1.4129636734402995,0.009991161950598902,20000,20000,20,,
hopper-medium-replay-v2,1,ensemble,13,79,1,0.456910805635225,1.471834600466262,0.010407442267746866,20000,20000,20,,
hopper-medium-replay-v2,1,ensemble,13,80,1,0.46678408569476104,1.5018550463195097,0.010619718876117618,20000,20000,20,,
hopper-medium-replay-v2,1,ensemble,13,81,1,0.4759637521982597,1.5341132746692652,0.01084781899626938,20000,20000,20,,
hopper-medium-replay-v2,1,ensemble,13,82,1,0.4841701501198374,1.5326637641654612,0.01083756940920297,20000,20000,20,,
hopper-medium-replay-v2,1,ensemble,13,83,1,0.4975649834872995,1.566561569874659,0.011077263092046149,20000,20000,20,,
hopper-medium-replay-v2,1,ensemble,13,84,1,0.513861850875222,1.5943852196563884,0.011274006006426352,20000,20000,20,,
hopper-medium-replay-v2,1,ensemble,13,85,1,0.5248951690598722,1.6141124248049872,0.011413498411770676,20000,20000,20,,
hopper-medium-replay-v2,1,ensemble,13,86,1,0.5348081900996883,1.634093914077891,0.011554788877401441,20000,20000,20,,
hopper-medium-replay-v2,1,ensemble,13,87,1,0.559104480708791,1.6804960188480542,0.011882901306844553,20000,20000,20,,
hopper-medium-replay-v2,1,ensemble,13,88,1,0.5716159292924508,1.7061832674742425,0.012064537583780578,20000,20000,20,,
hopper-medium-replay-v2,1,ensemble,13,89,1,0.5836893094117147,1.730360948219909,0.01223549960386682,20000,20000,20,,
hopper-medium-replay-v2,1,ensemble,13,90,1,0.5879196887947492,1.7243482374934866,0.012192983318587158,20000,20000,20,,
hopper-medium-replay-v2,1,ensemble,13,91,1,0.5891755428527229,1.7066214578559948,0.012067636057684456,20000,20000,20,,
hopper-medium-replay-v2,1,ensemble,13,92,1,0.5992578733149956,1.729713098064188,0.01223091861148379,20000,20000,20,,
hopper-medium-replay-v2,1,ensemble,13,93,1,0.6057129574943678,1.7035357480011104,0.012045816794052828,20000,20000,20,,
hopper-medium-replay-v2,1,ensemble,13,94,1,0.6204947185581573,1.74896386673936,0.012367042102216468,20000,20000,20,,
hopper-medium-replay-v2,1,ensemble,13,95,1,0.6331596439625824,1.7701416845778948,0.01251679188826008,20000,20000,20,,
hopper-medium-replay-v2,1,ensemble,13,96,1,0.6453805565954346,1.7812073357063138,0.012595037857771578,20000,20000,20,,
hopper-medium-replay-v2,1,ensemble,13,97,1,0.6578857783538017,1.8144754182176277,0.012830278725179813,20000,20000,20,,
hopper-medium-replay-v2,1,ensemble,13,98,1,0.6687904234666566,1.8603812148323997,0.01315488172600057,20000,20000,20,,
hopper-medium-replay-v2,1,ensemble,13,99,1,0.6829683491853914,1.8856504134386685,0.013333561942896994,20000,20000,20,,
hopper-medium-replay-v2,1,ensemble,13,100,1,0.6950362460277,1.913307968327989,0.01352913038902977,20000,20000,20,,
hopper-medium-replay-v2,1,ensemble,14,1,1,0.005458320719334693,0.03800206797080717,0.00026871519961269854,20000,20000,20,,
hopper-medium-replay-v2,1,ensemble,14,2,1,0.00865115642608345,0.05620030829220098,0.0003973961909818987,20000,20000,20,,
hopper-medium-replay-v2,1,ensemble,14,3,1,0.010522146169242288,0.06405359836708749,0.00045292733764767127,20000,20000,20,,
hopper-medium-replay-v2,1,ensemble,14,4,1,0.014300766343090998,0.09521686768952925,0.000673284928266084,20000,20000,20,,
hopper-medium-replay-v2,1,ensemble,14,5,1,0.019845330137609033,0.12570611282402036,0.0008888764481446602,20000,20000,20,,
hopper-medium-replay-v2,1,ensemble,14,6,1,0.026742145683252123,0.1941548891653181,0.0013728823872931897,20000,20000,20,,
hopper-medium-replay-v2,1,ensemble,14,7,1,0.03218720561903741,0.24460840868208295,0.0017296426451435122,20000,20000,20,,
hopper-medium-replay-v2,1,ensemble,14,8,1,0.036664915672449644,0.26699359433765507,0.0018879298108952609,20000,20000,20,,
hopper-medium-replay-v2,1,ensemble,14,9,1,0.040263360439713944,0.27213671032741227,0.0019242971328231238,20000,20000,20,,
hopper-medium-replay-v2,1,ensemble,14,10,1,0.04358850943374413,0.29518474155887403,0.002087271324590783,20000,20000,20,,
hopper-medium-replay-v2,1,ensemble,14,11,1,0.045794777408862834,0.3039404987385603,0.002149183877352573,20000,20000,20,,
hopper-medium-replay-v2,1,ensemble,14,12,1,0.046621107481262455,0.28467310309927674,0.0020129428162291574,20000,20000,20,,
hopper-medium-replay-v2,1,ensemble,14,13,1,0.04965551771192138,0.3100629909203012,0.002192476434747279,20000,20000,20,,
hopper-medium-replay-v2,1,ensemble,14,14,1,0.051260262121233975,0.3102335348351125,0.0021936823623338107,20000,20000,20,,
hopper-medium-replay-v2,1,ensemble,14,15,1,0.052701428227974814,0.3177125138759802,0.0022465667302953066,20000,20000,20,,
hopper-medium-replay-v2,1,ensemble,14,16,1,0.055793883332297095,0.3211882578912996,0.002271143951924316,20000,20000,20,,
hopper-medium-replay-v2,1,ensemble,14,17,1,0.06138952517854195,0.3629413569242121,0.0025663829465415746,20000,20000,20,,
hopper-medium-replay-v2,1,ensemble,14,18,1,0.06598864994413416,0.356499609509163,0.0025208329137428533,20000,20000,20,,
hopper-medium-replay-v2,1,ensemble,14,19,1,0.06986566647334642,0.356810378459179,0.002523030382062239,20000,20000,20,,
hopper-medium-replay-v2,1,ensemble,14,20,1,0.07702704227410538,0.39364597098906623,0.0027834973547313166,20000,20000,20,,
hopper-medium-replay-v2,1,ensemble,14,21,1,0.08174648132527379,0.43016264849314817,0.0030417092576267026,20000,20000,20,,
hopper-medium-replay-v2,1,ensemble,14,22,1,0.08125252699540002,0.41026892754045047,0.002901039407739848,20000,20000,20,,
hopper-medium-replay-v2,1,ensemble,14,23,1,0.0845587576773455,0.4238665432229975,0.0029971890703108235,20000,20000,20,,
hopper-medium-replay-v2,1,ensemble,14,24,1,0.08765197789321554,0.40947732890687755,0.002895441960122074,20000,20000,20,,
hopper-medium-replay-v2,1,ensemble,14,25,1,0.0911748087773977,0.41938293797632636,0.0029654851935699764,20000,20000,20,,
hopper-medium-replay-v2,1,ensemble,14,26,1,0.09646916369183403,0.45546725171707914,0.003220639822975468,20000,20000,20,,
hopper-medium-replay-v2,1,ensemble,14,27,1,0.09806742697161837,0.4426492019426153,0.0031300025238043677,20000,20000,20,,
hopper-medium-replay-v2,1,ensemble,14,28,1,0.10410185251199179,0.4721620441393324,0.0033386898322982387,20000,20000,20,,
hopper-medium-replay-v2,1,ensemble,14,29,1,0.11016822162652379,0.5020451108716971,0.0035499950235892913,20000,20000,20,,
hopper-medium-replay-v2,1,ensemble,14,30,1,0.11471309747792545,0.5234395881491071,0.003701276823217272,20000,20000,20,,
hopper-medium-replay-v2,1,ensemble,14,31,1,0.11548414261662256,0.5170623771312467,0.0036561831316594055,20000,20000,20,,
hopper-medium-replay-v2,1,ensemble,14,32,1,0.1163010744403844,0.5280922990997041,0.0037341764578579526,20000,20000,20,,
hopper-medium-replay-v2,1,ensemble,14,33,1,0.12015721350376264,0.5460364875243543,0.0038610610310375456,20000,20000,20,,
hopper-medium-replay-v2,1,ensemble,14,34,1,0.12456311368250442,0.5499565390584022,0.003888779981260806,20000,20000,20,,
hopper-medium-replay-v2,1,ensemble,14,35,1,0.12624035938033581,0.525263749250684,0.0037141755900662893,20000,20000,20,,
hopper-medium-replay-v2,1,ensemble,14,36,1,0.13089976400324474,0.5340597980841701,0.0037763730478443504,20000,20000,20,,
hopper-medium-replay-v2,1,ensemble,14,37,1,0.1374578437743404,0.5522697936834283,0.003905137161580477,20000,20000,20,,
hopper-medium-replay-v2,1,ensemble,14,38,1,0.14355150419898977,0.5866479117837716,0.004148227165912324,20000,20000,20,,
hopper-medium-replay-v2,1,ensemble,14,39,1,0.14697127066101576,0.5970795959547829,0.004221990312077509,20000,20000,20,,
hopper-medium-replay-v2,1,ensemble,14,40,1,0.150604073888681,0.6037450257865866,0.004269122018413424,20000,20000,20,,
hopper-medium-replay-v2,1,ensemble,14,41,1,0.15322033600740925,0.5962941992722665,0.00421643671887622,20000,20000,20,,
hopper-medium-replay-v2,1,ensemble,14,42,1,0.16213754386215598,0.6351357238329377,0.004491087772960966,20000,20000,20,,
hopper-medium-replay-v2,1,ensemble,14,43,1,0.16949166659720266,0.6553404339987601,0.0046339566486625836,20000,20000,20,,
hopper-medium-replay-v2,1,ensemble,14,44,1,0.17504217562231728,0.6665623679815039,0.004713307704834842,20000,20000,20,,
hopper-medium-replay-v2,1,ensemble,14,45,1,0.1814583374904761,0.6965185971208047,0.004925130232466619,20000,20000,20,,
hopper-medium-replay-v2,1,ensemble,14,46,1,0.18798690695626932,0.7265744800979594,0.0051376574191435735,20000,20000,20,,
hopper-medium-replay-v2,1,ensemble,14,47,1,0.19136565310316087,0.7280567329248376,0.005148138529396758,20000,20000,20,,
hopper-medium-replay-v2,1,ensemble,14,48,1,0.19890144507058902,0.7681894938079019,0.005431920003078287,20000,20000,20,,
hopper-medium-replay-v2,1,ensemble,14,49,1,0.2051085451893463,0.8013056561144002,0.005666086632416281,20000,20000,20,,
hopper-medium-replay-v2,1,ensemble,14,50,1,0.20632399225533105,0.7788237547023666,0.005507115582992117,20000,20000,20,,
hopper-medium-replay-v2,1,ensemble,14,51,1,0.21155365954007566,0.8160400748387241,0.005770274706384395,20000,20000,20,,
hopper-medium-replay-v2,1,ensemble,14,52,1,0.21345107764684854,0.8146558527591025,0.0057604867781927095,20000,20000,20,,
hopper-medium-replay-v2,1,ensemble,14,53,1,0.22438919582651534,0.8318823652181662,0.005882296615952694,20000,20000,20,,
hopper-medium-replay-v2,1,ensemble,14,54,1,0.2322323106114538,0.857998776144778,0.006066967528617311,20000,20000,20,,
hopper-medium-replay-v2,1,ensemble,14,55,1,0.2394247641272047,0.8933827199262226,0.006317169794547142,20000,20000,20,,
hopper-medium-replay-v2,1,ensemble,14,56,1,0.2520597738007233,0.9353193136249038,0.006613706292389167,20000,20000,20,,
hopper-medium-replay-v2,1,ensemble,14,57,1,0.2597364036998642,0.9694433871314345,0.006854999930170927,20000,20000,20,,
hopper-medium-replay-v2,1,ensemble,14,58,1,0.27018839330155153,1.0013026883132006,0.007080279209265841,20000,20000,20,,
hopper-medium-replay-v2,1,ensemble,14,59,1,0.2805019427434193,1.0416821226130266,0.0073658049274046775,20000,20000,20,,
hopper-medium-replay-v2,1,ensemble,14,60,1,0.29590726262143635,1.104730258445468,0.007811622571287575,20000,20000,20,,
hopper-medium-replay-v2,1,ensemble,14,61,1,0.3027932593357184,1.1259190435631172,0.007961449907705519,20000,20000,20,,
hopper-medium-replay-v2,1,ensemble,14,62,1,0.3078905973793268,1.1195308895786973,0.007916278837689047,20000,20000,20,,
hopper-medium-replay-v2,1,ensemble,14,63,1,0.3123202810174558,1.1369341266458413,0.008039338307136793,20000,20000,20,,
hopper-medium-replay-v2,1,ensemble,14,64,1,0.3189893890530942,1.1592905195003538,0.008197421877039757,20000,20000,20,,
hopper-medium-replay-v2,1,ensemble,14,65,1,0.32987148356316737,1.1779103881276944,0.008329084230751708,20000,20000,20,,
hopper-medium-replay-v2,1,ensemble,14,66,1,0.3407149685254587,1.1968000398631877,0.008462654239115904,20000,20000,20,,
hopper-medium-replay-v2,1,ensemble,14,67,1,0.3470414039445348,1.205540948102477,0.008524461794013212,20000,20000,20,,
hopper-medium-replay-v2,1,ensemble,14,68,1,0.350280879583978,1.2231800257823222,0.008649188908426161,20000,20000,20,,
hopper-medium-replay-v2,1,ensemble,14,69,1,0.353413533621748,1.2228261161600034,0.008646686389487472,20000,20000,20,,
hopper-medium-replay-v2,1,ensemble,14,70,1,0.36242591312179495,1.2411407443327405,0.008776190367245997,20000,20000,20,,
hopper-medium-replay-v2,1,ensemble,14,71,1,0.37402664203519076,1.2564333971869452,0.008884325752601398,20000,20000,20,,
hopper-medium-replay-v2,1,ensemble,14,72,1,0.3887025261739787,1.3134311462758186,0.009287360701532516,20000,20000,20,,
hopper-medium-replay-v2,1,ensemble,14,73,1,0.39587839965693294,1.3221922604618266,0.009349311134049274,20000,20000,20,,
hopper-medium-replay-v2,1,ensemble,14,74,1,0.4012970898473111,1.3534436051535477,0.009570291511576417,20000,20000,20,,
hopper-medium-replay-v2,1,ensemble,14,75,1,0.4078509814877642,1.3664389626541427,0.009662182565702558,20000,20000,20,,
hopper-medium-replay-v2,1,ensemble,14,76,1,0.4183219944965358,1.3880287610858832,0.009814845494457903,20000,20000,20,,
hopper-medium-replay-v2,1,ensemble,14,77,1,0.43213102593644487,1.4434078660372431,0.010206434900929384,20000,20000,20,,
hopper-medium-replay-v2,1,ensemble,14,78,1,0.44057038816003097,1.4388986193667956,0.01017454971194222,20000,20000,20,,
hopper-medium-replay-v2,1,ensemble,14,79,1,0.454563321510678,1.470825491293522,0.010400306788356847,20000,20000,20,,
hopper-medium-replay-v2,1,ensemble,14,80,1,0.46085607565403663,1.4909974799838017,0.010542944288285998,20000,20000,20,,
hopper-medium-replay-v2,1,ensemble,14,81,1,0.47034634917818713,1.4974522048994172,0.010588586085871253,20000,20000,20,,
hopper-medium-replay-v2,1,ensemble,14,82,1,0.4849765474568587,1.5313591302012834,0.010828344253972607,20000,20000,20,,
hopper-medium-replay-v2,1,ensemble,14,83,1,0.4926349233752757,1.5537888977905845,0.010986946661600936,20000,20000,20,,
hopper-medium-replay-v2,1,ensemble,14,84,1,0.508351816748912,1.5850961590787267,0.011208322429173181,20000,20000,20,,
hopper-medium-replay-v2,1,ensemble,14,85,1,0.5193070142488301,1.5868084599290333,0.011220430224600014,20000,20000,20,,
hopper-medium-replay-v2,1,ensemble,14,86,1,0.5256653364051838,1.5783893249309975,0.011160897950111652,20000,20000,20,,
hopper-medium-replay-v2,1,ensemble,14,87,1,0.5399703452975736,1.5947982355996668,0.011276926470168657,20000,20000,20,,
hopper-medium-replay-v2,1,ensemble,14,88,1,0.5546185335673907,1.636622546520834,0.011572669008876775,20000,20000,20,,
hopper-medium-replay-v2,1,ensemble,14,89,1,0.5673739484812163,1.6796974790468344,0.011877254777759654,20000,20000,20,,
hopper-medium-replay-v2,1,ensemble,14,90,1,0.5857775175439289,1.7116663446522131,0.0121033087943237,20000,20000,20,,
hopper-medium-replay-v2,1,ensemble,14,91,1,0.5965838351094078,1.7494302056694735,0.012370339616414611,20000,20000,20,,
hopper-medium-replay-v2,1,ensemble,14,92,1,0.6005627059248655,1.7324331840231377,0.012250152523753626,20000,20000,20,,
hopper-medium-replay-v2,1,ensemble,14,93,1,0.6007765221736474,1.7037643751917062,0.012047433432421166,20000,20000,20,,
hopper-medium-replay-v2,1,ensemble,14,94,1,0.6163129826836359,1.7506787483972155,0.012379168146708487,20000,20000,20,,
hopper-medium-replay-v2,1,ensemble,14,95,1,0.6406994005415145,1.803087565312086,0.012749754445053179,20000,20000,20,,
hopper-medium-replay-v2,1,ensemble,14,96,1,0.6614374390129454,1.8488970194758512,0.013073676201869706,20000,20000,20,,
hopper-medium-replay-v2,1,ensemble,14,97,1,0.6722867776384323,1.89510392101165,0.01340040833600553,20000,20000,20,,
hopper-medium-replay-v2,1,ensemble,14,98,1,0.6839410823125911,1.9346133702378052,0.013679782330693129,20000,20000,20,,
hopper-medium-replay-v2,1,ensemble,14,99,1,0.6957683472341106,1.9150172872043083,0.013541217098716326,20000,20000,20,,
hopper-medium-replay-v2,1,ensemble,14,100,1,0.7048423733370245,1.9578039971661738,0.013843764826303298,20000,20000,20,,
hopper-medium-replay-v2,1,ensemble,15,1,1,0.004884765120390648,0.032240205388673136,0.00022797267857177844,20000,20000,20,,
hopper-medium-replay-v2,1,ensemble,15,2,1,0.007238473370400166,0.041546400856312546,0.00029377741779393183,20000,20000,20,,
hopper-medium-replay-v2,1,ensemble,15,3,1,0.010896287446106838,0.06526289149493428,0.0004614783313590988,20000,20000,20,,
hopper-medium-replay-v2,1,ensemble,15,4,1,0.01428441436189891,0.08577955406608694,0.0006065530436728815,20000,20000,20,,
hopper-medium-replay-v2,1,ensemble,15,5,1,0.019277650340179812,0.12572655196852983,0.0008890209747215032,20000,20000,20,,
hopper-medium-replay-v2,1,ensemble,15,6,1,0.027049892680469118,0.19518181890694145,0.0013801438771342297,20000,20000,20,,
hopper-medium-replay-v2,1,ensemble,15,7,1,0.03125625422464948,0.20677836107642844,0.00146214381319783,20000,20000,20,,
hopper-medium-replay-v2,1,ensemble,15,8,1,0.03555393506552822,0.23364021320007564,0.0016520857911164419,20000,20000,20,,
hopper-medium-replay-v2,1,ensemble,15,9,1,0.040247015880171544,0.26254851979523297,0.0018564983873769973,20000,20000,20,,
hopper-medium-replay-v2,1,ensemble,15,10,1,0.04443946681567415,0.2986290816628467,0.0021116264870331015,20000,20000,20,,
hopper-medium-replay-v2,1,ensemble,15,11,1,0.04719710311611964,0.30055885946108274,0.0021252720767062612,20000,20000,20,,
hopper-medium-replay-v2,1,ensemble,15,12,1,0.0488578167322454,0.30681232690306126,0.0021694907690477843,20000,20000,20,,
hopper-medium-replay-v2,1,ensemble,15,13,1,0.05275157312904955,0.3390312612424863,0.0023973130385878997,20000,20000,20,,
hopper-medium-replay-v2,1,ensemble,15,14,1,0.05539322182440953,0.3290382815160333,0.002326652001299554,20000,20000,20,,
hopper-medium-replay-v2,1,ensemble,15,15,1,0.05695892016797202,0.32960772685266704,0.0023306785878900414,20000,20000,20,,
hopper-medium-replay-v2,1,ensemble,15,16,1,0.0589744813087578,0.34648813938931355,0.002450041129628933,20000,20000,20,,
hopper-medium-replay-v2,1,ensemble,15,17,1,0.06263678925704949,0.35830664469937357,0.0025336105821112597,20000,20000,20,,
hopper-medium-replay-v2,1,ensemble,15,18,1,0.06719896940027374,0.35645853858192694,0.0025205424984312713,20000,20000,20,,
hopper-medium-replay-v2,1,ensemble,15,19,1,0.07287294237890708,0.39839100491573376,0.0028170498113963853,20000,20000,20,,
hopper-medium-replay-v2,1,ensemble,15,20,1,0.07592634673198277,0.40146316039737184,0.0028387732311356425,20000,20000,20,,
hopper-medium-replay-v2,1,ensemble,15,21,1,0.07823577750088555,0.4037998524808788,0.002855296139313569,20000,20000,20,,
hopper-medium-replay-v2,1,ensemble,15,22,1,0.08112674521517088,0.39628468691520324,0.002802155893981281,20000,20000,20,,
hopper-medium-replay-v2,1,ensemble,15,23,1,0.08466886271748832,0.41114342380767,0.0029072230301465806,20000,20000,20,,
hopper-medium-replay-v2,1,ensemble,15,24,1,0.08791803943705306,0.41258441314377575,0.0029174123634583596,20000,20000,20,,
hopper-medium-replay-v2,1,ensemble,15,25,1,0.09209888418928557,0.42719613056894756,0.003020732808219566,20000,20000,20,,
hopper-medium-replay-v2,1,ensemble,15,26,1,0.09496068084645344,0.43514824883083464,0.003076962775697343,20000,20000,20,,
hopper-medium-replay-v2,1,ensemble,15,27,1,0.09887284150159058,0.45213570688026383,0.003197082243516077,20000,20000,20,,
hopper-medium-replay-v2,1,ensemble,15,28,1,0.1007357242037738,0.4531134727867505,0.0032039960925449745,20000,20000,20,,
hopper-medium-replay-v2,1,ensemble,15,29,1,0.10571026082748224,0.475386674621228,0.0033614914131039316,20000,20000,20,,
hopper-medium-replay-v2,1,ensemble,15,30,1,0.11054721710815811,0.4950817128647644,0.0035007563640812606,20000,20000,20,,
hopper-medium-replay-v2,1,ensemble,15,31,1,0.11587884050299382,0.5113508511643977,0.0036157965442385857,20000,20000,20,,
hopper-medium-replay-v2,1,ensemble,15,32,1,0.1223747054590347,0.5529507628078011,0.0039099523404367035,20000,20000,20,,
hopper-medium-replay-v2,1,ensemble,15,33,1,0.12883343570831524,0.5879454347398951,0.004157402038722525,20000,20000,20,,
hopper-medium-replay-v2,1,ensemble,15,34,1,0.1309146890101071,0.5595257901579178,0.003956444804694249,20000,20000,20,,
hopper-medium-replay-v2,1,ensemble,15,35,1,0.1313511572994581,0.5575978007235766,0.0039428118606634616,20000,20000,20,,
hopper-medium-replay-v2,1,ensemble,15,36,1,0.1320613732654031,0.544971801840045,0.003853532566365472,20000,20000,20,,
hopper-medium-replay-v2,1,ensemble,15,37,1,0.13720303111028995,0.556953593317176,0.003938256626407897,20000,20000,20,,
hopper-medium-replay-v2,1,ensemble,15,38,1,0.14480283860320703,0.5910842224617895,0.004179596619551092,20000,20000,20,,
hopper-medium-replay-v2,1,ensemble,15,39,1,0.15022996860150784,0.6187453203909774,0.0043751901187590305,20000,20000,20,,
hopper-medium-replay-v2,1,ensemble,15,40,1,0.16153717049471367,0.6604007050338557,0.004669738168298163,20000,20000,20,,
hopper-medium-replay-v2,1,ensemble,15,41,1,0.16863253206555515,0.6874764970307815,0.00486119292956839,20000,20000,20,,
hopper-medium-replay-v2,1,ensemble,15,42,1,0.16867160582167526,0.6796490549505899,0.004805844555825906,20000,20000,20,,
hopper-medium-replay-v2,1,ensemble,15,43,1,0.16876730813599403,0.658298435376366,0.004654872876991226,20000,20000,20,,
hopper-medium-replay-v2,1,ensemble,15,44,1,0.17562332298750286,0.6784657267356251,0.004797477161774196,20000,20000,20,,
hopper-medium-replay-v2,1,ensemble,15,45,1,0.18073969568393292,0.6901004340647755,0.004879746966269826,20000,20000,20,,
hopper-medium-replay-v2,1,ensemble,15,46,1,0.18191133547037597,0.692440941409854,0.004896296852421046,20000,20000,20,,
hopper-medium-replay-v2,1,ensemble,15,47,1,0.18407957380795387,0.7043344236942026,0.004980396472172896,20000,20000,20,,
hopper-medium-replay-v2,1,ensemble,15,48,1,0.19081395611153912,0.7387362601463782,0.005223654190578935,20000,20000,20,,
hopper-medium-replay-v2,1,ensemble,15,49,1,0.20093559918479142,0.7693535752970415,0.005440151302226531,20000,20000,20,,
hopper-medium-replay-v2,1,ensemble,15,50,1,0.20740139194422405,0.7866860263810638,0.005562710239187494,20000,20000,20,,
hopper-medium-replay-v2,1,ensemble,15,51,1,0.21109591990741702,0.8072371536124999,0.0057080286534512545,20000,20000,20,,
hopper-medium-replay-v2,1,ensemble,15,52,1,0.21312131425809552,0.7930470935413578,0.0056076897764337635,20000,20000,20,,
hopper-medium-replay-v2,1,ensemble,15,53,1,0.22383036730726535,0.8540366583035853,0.006038951124683636,20000,20000,20,,
hopper-medium-replay-v2,1,ensemble,15,54,1,0.23315324636191812,0.8962103778632323,0.006337164355568497,20000,20000,20,,
hopper-medium-replay-v2,1,ensemble,15,55,1,0.236159278698367,0.8914577540150928,0.006303558230054013,20000,20000,20,,
hopper-medium-replay-v2,1,ensemble,15,56,1,0.2483139626545737,0.9255241148070573,0.0065444437773174696,20000,20000,20,,
hopper-medium-replay-v2,1,ensemble,15,57,1,0.25512017342005433,0.9466034829940883,0.006693497419199245,20000,20000,20,,
hopper-medium-replay-v2,1,ensemble,15,58,1,0.2641091186376275,0.9984157009039997,0.007059865125523379,20000,20000,20,,
hopper-medium-replay-v2,1,ensemble,15,59,1,0.27510764093472406,1.0374564885310926,0.0073359251822631925,20000,20000,20,,
hopper-medium-replay-v2,1,ensemble,15,60,1,0.29099265902261773,1.0860828085207619,0.007679765188351614,20000,20000,20,,
hopper-medium-replay-v2,1,ensemble,15,61,1,0.30147250389937996,1.107598877552,0.007831906771516278,20000,20000,20,,
hopper-medium-replay-v2,1,ensemble,15,62,1,0.30974911540206423,1.1367671533120716,0.008038157627370935,20000,20000,20,,
hopper-medium-replay-v2,1,ensemble,15,63,1,0.31807970567272886,1.1529370881699588,0.008152496333264503,20000,20000,20,,
hopper-medium-replay-v2,1,ensemble,15,64,1,0.32281457552378795,1.1527581173532981,0.00815123081848355,20000,20000,20,,
hopper-medium-replay-v2,1,ensemble,15,65,1,0.32629006814679107,1.152401666311108,0.008148710328992614,20000,20000,20,,
hopper-medium-replay-v2,1,ensemble,15,66,1,0.3341133949744039,1.1645080279055204,0.008234315232781668,20000,20000,20,,
hopper-medium-replay-v2,1,ensemble,15,67,1,0.34083646334316337,1.1662082207787114,0.008246337411881252,20000,20000,20,,
hopper-medium-replay-v2,1,ensemble,15,68,1,0.341543491211438,1.1792460971796062,0.008338529120034698,20000,20000,20,,
hopper-medium-replay-v2,1,ensemble,15,69,1,0.35145800089315254,1.2249223195111063,0.00866150878553058,20000,20000,20,,
hopper-medium-replay-v2,1,ensemble,15,70,1,0.3640643738386082,1.2471442314666383,0.008818641431877453,20000,20000,20,,
hopper-medium-replay-v2,1,ensemble,15,71,1,0.3770101130232684,1.2920854763114427,0.009136424021724713,20000,20000,20,,
hopper-medium-replay-v2,1,ensemble,15,72,1,0.3855757959216505,1.3072343885006283,0.009243543007090441,20000,20000,20,,
hopper-medium-replay-v2,1,ensemble,15,73,1,0.39041795853251526,1.3070595201477198,0.009242306501108874,20000,20000,20,,
hopper-medium-replay-v2,1,ensemble,15,74,1,0.39747239844092014,1.3200197322925409,0.009333949040041067,20000,20000,20,,
hopper-medium-replay-v2,1,ensemble,15,75,1,0.40771308781955173,1.3510450084512933,0.00955333087164146,20000,20000,20,,
hopper-medium-replay-v2,1,ensemble,15,76,1,0.4191361579332518,1.3931141098650444,0.009850804340522339,20000,20000,20,,
hopper-medium-replay-v2,1,ensemble,15,77,1,0.42567133639357263,1.4022947548097926,0.009915721303483314,20000,20000,20,,
hopper-medium-replay-v2,1,ensemble,15,78,1,0.4310508540266695,1.3968423336840379,0.009877166863964254,20000,20000,20,,
hopper-medium-replay-v2,1,ensemble,15,79,1,0.43926631718599984,1.3996591660618722,0.009897084876722579,20000,20000,20,,
hopper-medium-replay-v2,1,ensemble,15,80,1,0.4575899612635421,1.4518442886733665,0.010266089417478969,20000,20000,20,,
hopper-medium-replay-v2,1,ensemble,15,81,1,0.4677747763180094,1.4904749981779692,0.01053924978400649,20000,20000,20,,
hopper-medium-replay-v2,1,ensemble,15,82,1,0.4678463889254856,1.4775911973912965,0.010448147554969362,20000,20000,20,,
hopper-medium-replay-v2,1,ensemble,15,83,1,0.4726432732164354,1.4727077009870688,0.010413616020736066,20000,20000,20,,
hopper-medium-replay-v2,1,ensemble,15,84,1,0.4895170147436601,1.5028725050093323,0.010626913395509125,20000,20000,20,,
hopper-medium-replay-v2,1,ensemble,15,85,1,0.50033378781956,1.527770841661782,0.01080297122238125,20000,20000,20,,
hopper-medium-replay-v2,1,ensemble,15,86,1,0.5087622046697882,1.5287685488464808,0.010810026077540643,20000,20000,20,,
hopper-medium-replay-v2,1,ensemble,15,87,1,0.5193589198416177,1.5221061774412727,0.010762915997546583,20000,20000,20,,
hopper-medium-replay-v2,1,ensemble,15,88,1,0.5333328306692509,1.5613423806628988,0.011040357851206835,20000,20000,20,,
hopper-medium-replay-v2,1,ensemble,15,89,1,0.5488163514393516,1.576245119741916,0.011145736129817105,20000,20000,20,,
hopper-medium-replay-v2,1,ensemble,15,90,1,0.5632328367962944,1.6444396921718294,0.011627944575870193,20000,20000,20,,
hopper-medium-replay-v2,1,ensemble,15,91,1,0.5712043564034263,1.65509212919319,0.01170326868040986,20000,20000,20,,
hopper-medium-replay-v2,1,ensemble,15,92,1,0.5887036661227626,1.690530676538902,0.011953857051845396,20000,20000,20,,
hopper-medium-replay-v2,1,ensemble,15,93,1,0.5998536163943977,1.7121584460968267,0.01210678847700888,20000,20000,20,,
hopper-medium-replay-v2,1,ensemble,15,94,1,0.609964814707429,1.7216184250687505,0.012173680629818174,20000,20000,20,,
hopper-medium-replay-v2,1,ensemble,15,95,1,0.6215656868925693,1.7485800471632615,0.012364328087966352,20000,20000,20,,
hopper-medium-replay-v2,1,ensemble,15,96,1,0.6419213414868915,1.8142858141833327,0.01282893802219591,20000,20000,20,,
hopper-medium-replay-v2,1,ensemble,15,97,1,0.6517478391605935,1.8400152026421415,0.013010872272745977,20000,20000,20,,
hopper-medium-replay-v2,1,ensemble,15,98,1,0.660589180175052,1.847683693928186,0.013065096694644297,20000,20000,20,,
hopper-medium-replay-v2,1,ensemble,15,99,1,0.6758073822279344,1.89994826366393,0.013434663011403714,20000,20000,20,,
hopper-medium-replay-v2,1,ensemble,15,100,1,0.6992735673035393,1.9971638878109128,0.014122081282119857,20000,20000,20,,
hopper-medium-replay-v2,1,ensemble,16,1,1,0.005534272208126494,0.03702179789687961,0.0002617836434460143,20000,20000,20,,
hopper-medium-replay-v2,1,ensemble,16,2,1,0.008435880157586853,0.05295840250836914,0.00037447245534474486,20000,20000,20,,
hopper-medium-replay-v2,1,ensemble,16,3,1,0.011602979067199717,0.07412738108290975,0.0005241597383532488,20000,20000,20,,
hopper-medium-replay-v2,1,ensemble,16,4,1,0.01580385359869552,0.10514927298263355,0.0007435176396285561,20000,20000,20,,
hopper-medium-replay-v2,1,ensemble,16,5,1,0.020145563111429173,0.12309288616777067,0.0008703981452505441,20000,20000,20,,
hopper-medium-replay-v2,1,ensemble,16,6,1,0.026039639482478845,0.1782668585561709,0.0012605370454589154,20000,20000,20,,
hopper-medium-replay-v2,1,ensemble,16,7,1,0.031240007975019347,0.2145847125924502,0.0015173430541308788,20000,20000,20,,
hopper-medium-replay-v2,1,ensemble,16,8,1,0.03507677366688002,0.22063899709382961,0.0015601533103924586,20000,20000,20,,
hopper-medium-replay-v2,1,ensemble,16,9,1,0.03882695906068331,0.25586420987402436,0.001809233178648606,20000,20000,20,,
hopper-medium-replay-v2,1,ensemble,16,10,1,0.04559685702753902,0.3266960823499019,0.002310090152166944,20000,20000,20,,
hopper-medium-replay-v2,1,ensemble,16,11,1,0.04738385473840354,0.3199892197778823,0.002262665472115331,20000,20000,20,,
hopper-medium-replay-v2,1,ensemble,16,12,1,0.048847918066234126,0.3114171501516025,0.002202051786499874,20000,20000,20,,
hopper-medium-replay-v2,1,ensemble,16,13,1,0.051940721928954346,0.31569806719618837,0.0022323224412191113,20000,20000,20,,
hopper-medium-replay-v2,1,ensemble,16,14,1,0.05199525939896481,0.2995293168251446,0.0021179921109123357,20000,20000,20,,
hopper-medium-replay-v2,1,ensemble,16,15,1,0.05564163655326536,0.3336145708759311,0.0023590112536901096,20000,20000,20,,
hopper-medium-replay-v2,1,ensemble,16,16,1,0.06168178007385882,0.3778484279344207,0.0026717918565310537,20000,20000,20,,
hopper-medium-replay-v2,1,ensemble,16,17,1,0.0647003545680186,0.39663754658371325,0.002804650988625388,20000,20000,20,,
hopper-medium-replay-v2,1,ensemble,16,18,1,0.06873356843587862,0.3939177623302384,0.002785419209735423,20000,20000,20,,
hopper-medium-replay-v2,1,ensemble,16,19,1,0.0711886544899433,0.37780250016375766,0.0026714670981502478,20000,20000,20,,
hopper-medium-replay-v2,1,ensemble,16,20,1,0.0764783499800229,0.39411768439940603,0.002786832872243596,20000,20000,20,,
hopper-medium-replay-v2,1,ensemble,16,21,1,0.08113881432920435,0.41338140256143185,0.002923047929675945,20000,20000,20,,
hopper-medium-replay-v2,1,ensemble,16,22,1,0.08415334077794406,0.41193410252061047,0.002912813972943181,20000,20000,20,,
hopper-medium-replay-v2,1,ensemble,16,23,1,0.08782092011798925,0.4233473820834639,0.0029935180466878963,20000,20000,20,,
hopper-medium-replay-v2,1,ensemble,16,24,1,0.08942631900513213,0.42011891789253475,0.0029706893574656568,20000,20000,20,,
hopper-medium-replay-v2,1,ensemble,16,25,1,0.09361164686579598,0.45170152698635224,0.0031940121280436794,20000,20000,20,,
hopper-medium-replay-v2,1,ensemble,16,26,1,0.09916659237718163,0.4734331565681978,0.003347677954479251,20000,20000,20,,
hopper-medium-replay-v2,1,ensemble,16,27,1,0.10166400782524322,0.48499703634265257,0.0034294469325326805,20000,20000,20,,
hopper-medium-replay-v2,1,ensemble,16,28,1,0.10323012468629074,0.47025480131901554,0.003325203588982085,20000,20000,20,,
hopper-medium-replay-v2,1,ensemble,16,29,1,0.10583937982727783,0.4819679565731825,0.0034080281040752077,20000,20000,20,,
hopper-medium-replay-v2,1,ensemble,16,30,1,0.10998268006733847,0.5076477412044386,0.00358961160259692,20000,20000,20,,
hopper-medium-replay-v2,1,ensemble,16,31,1,0.11414014227345269,0.5102553532157269,0.0036080502039557752,20000,20000,20,,
hopper-medium-replay-v2,1,ensemble,16,32,1,0.11931158361292896,0.517431766323847,0.0036587951076892528,20000,20000,20,,
hopper-medium-replay-v2,1,ensemble,16,33,1,0.12157125941898303,0.5417457548988538,0.003830720969680048,20000,20000,20,,
hopper-medium-replay-v2,1,ensemble,16,34,1,0.12669518247788739,0.5671801971504637,0.004010569635598159,20000,20000,20,,
hopper-medium-replay-v2,1,ensemble,16,35,1,0.12960433194967957,0.5561212650634841,0.003932371176884311,20000,20000,20,,
hopper-medium-replay-v2,1,ensemble,16,36,1,0.13353800725762735,0.5633042469230457,0.00398316252870467,20000,20000,20,,
hopper-medium-replay-v2,1,ensemble,16,37,1,0.13748084926737528,0.568260007843261,0.004018205050230906,20000,20000,20,,
hopper-medium-replay-v2,1,ensemble,16,38,1,0.14454285268453385,0.5911832294019869,0.004180296704339072,20000,20000,20,,
hopper-medium-replay-v2,1,ensemble,16,39,1,0.1482236763848832,0.597214311435169,0.004222942894374627,20000,20000,20,,
hopper-medium-replay-v2,1,ensemble,16,40,1,0.15777041750922455,0.656095833114258,0.004639298127033292,20000,20000,20,,
hopper-medium-replay-v2,1,ensemble,16,41,1,0.16995276650167315,0.7136020315262814,0.0050459283556073,20000,20000,20,,
hopper-medium-replay-v2,1,ensemble,16,42,1,0.17230411432537787,0.7136787225380216,0.005046470642951876,20000,20000,20,,
hopper-medium-replay-v2,1,ensemble,16,43,1,0.17058864315887823,0.6773462147528507,0.004789561016627802,20000,20000,20,,
hopper-medium-replay-v2,1,ensemble,16,44,1,0.17069342259225867,0.63873694006623,0.004516552217151766,20000,20000,20,,
hopper-medium-replay-v2,1,ensemble,16,45,1,0.1781729684131429,0.6635052645248852,0.004691690718985203,20000,20000,20,,
hopper-medium-replay-v2,1,ensemble,16,46,1,0.18688100321925227,0.7149769389757148,0.005055650419417283,20000,20000,20,,
hopper-medium-replay-v2,1,ensemble,16,47,1,0.18906911806270651,0.7178099784573024,0.005075683033705281,20000,20000,20,,
hopper-medium-replay-v2,1,ensemble,16,48,1,0.1968044566959755,0.7370515778208796,0.005211741687613883,20000,20000,20,,
hopper-medium-replay-v2,1,ensemble,16,49,1,0.20322179589553402,0.7536091916276594,0.005328821697644303,20000,20000,20,,
hopper-medium-replay-v2,1,ensemble,16,50,1,0.2045546075445645,0.7649359163451532,0.005408913736208035,20000,20000,20,,
hopper-medium-replay-v2,1,ensemble,16,51,1,0.21126221728319305,0.8006428349707969,0.005661399779162723,20000,20000,20,,
hopper-medium-replay-v2,1,ensemble,16,52,1,0.21225678854568006,0.7816097314338539,0.005526815413382743,20000,20000,20,,
hopper-medium-replay-v2,1,ensemble,16,53,1,0.2229321701556854,0.8505984009886798,0.006014638974055296,20000,20000,20,,
hopper-medium-replay-v2,1,ensemble,16,54,1,0.2300486594868684,0.8699975294362831,0.006151811526799387,20000,20000,20,,
hopper-medium-replay-v2,1,ensemble,16,55,1,0.23699497380338624,0.8899562215146737,0.00629294079192183,20000,20000,20,,
hopper-medium-replay-v2,1,ensemble,16,56,1,0.2509743603974468,0.9580903964596379,0.006774722163263177,20000,20000,20,,
hopper-medium-replay-v2,1,ensemble,16,57,1,0.2604118608282528,0.9701827818890454,0.006860228240641732,20000,20000,20,,
hopper-medium-replay-v2,1,ensemble,16,58,1,0.2666949401413411,0.9934288858642497,0.007024603018212077,20000,20000,20,,
hopper-medium-replay-v2,1,ensemble,16,59,1,0.28016277827945407,1.0420074268251671,0.007368105175548209,20000,20000,20,,
hopper-medium-replay-v2,1,ensemble,16,60,1,0.3001872191921692,1.118836272467302,0.00791136715299109,20000,20000,20,,
hopper-medium-replay-v2,1,ensemble,16,61,1,0.3075174265217727,1.1484129330225925,0.008120505725426075,20000,20000,20,,
hopper-medium-replay-v2,1,ensemble,16,62,1,0.3171213311319926,1.1913269182279616,0.008423953424890631,20000,20000,20,,
hopper-medium-replay-v2,1,ensemble,16,63,1,0.32553862098978514,1.1933824015206498,0.008438487886639387,20000,20000,20,,
hopper-medium-replay-v2,1,ensemble,16,64,1,0.32454220590045285,1.1672122231293305,0.008253436780585752,20000,20000,20,,
hopper-medium-replay-v2,1,ensemble,16,65,1,0.3302937984494386,1.1725800964098403,0.008291393376557737,20000,20000,20,,
hopper-medium-replay-v2,1,ensemble,16,66,1,0.3400427876143284,1.1930367222724458,0.008436043565234181,20000,20000,20,,
hopper-medium-replay-v2,1,ensemble,16,67,1,0.34547909045720887,1.1982317493863563,0.008472777954241123,20000,20000,20,,
hopper-medium-replay-v2,1,ensemble,16,68,1,0.35072618216370816,1.217990774915706,0.008612495363655536,20000,20000,20,,
hopper-medium-replay-v2,1,ensemble,16,69,1,0.3604685285020772,1.2397028307792672,0.008766022783001788,20000,20000,20,,
hopper-medium-replay-v2,1,ensemble,16,70,1,0.37506686315514653,1.2992380214739654,0.009187000153596341,20000,20000,20,,
hopper-medium-replay-v2,1,ensemble,16,71,1,0.3855448315387156,1.3275573454973677,0.00938724801415201,20000,20000,20,,
hopper-medium-replay-v2,1,ensemble,16,72,1,0.37941735977570457,1.2757631819723443,0.00902100797160772,20000,20000,20,,
hopper-medium-replay-v2,1,ensemble,16,73,1,0.38575202962190447,1.2952889836160808,0.009159076239111616,20000,20000,20,,
hopper-medium-replay-v2,1,ensemble,16,74,1,0.39348708492863177,1.324036094184268,0.009362349007334462,20000,20000,20,,
hopper-medium-replay-v2,1,ensemble,16,75,1,0.40344204528147865,1.3534281603889093,0.00957018230059832,20000,20000,20,,
hopper-medium-replay-v2,1,ensemble,16,76,1,0.4089772470014384,1.3566607333219802,0.009593040043014865,20000,20000,20,,
hopper-medium-replay-v2,1,ensemble,16,77,1,0.4217217717466569,1.3991377194580232,0.009893397692426495,20000,20000,20,,
hopper-medium-replay-v2,1,ensemble,16,78,1,0.4356630232121782,1.4286995030759182,0.010102431069028325,20000,20000,20,,
hopper-medium-replay-v2,1,ensemble,16,79,1,0.44934444128057976,1.465400766819681,0.01036194819374163,20000,20000,20,,
hopper-medium-replay-v2,1,ensemble,16,80,1,0.4596997561358382,1.4700563954045422,0.010394868459172044,20000,20000,20,,
hopper-medium-replay-v2,1,ensemble,16,81,1,0.4686384238678249,1.4800607029718285,0.010465609596391083,20000,20000,20,,
hopper-medium-replay-v2,1,ensemble,16,82,1,0.46752351741002157,1.4562398717310157,0.010297170883352294,20000,20000,20,,
hopper-medium-replay-v2,1,ensemble,16,83,1,0.47526099391369453,1.470810788432659,0.010400202823430658,20000,20000,20,,
hopper-medium-replay-v2,1,ensemble,16,84,1,0.4916639631568143,1.514271180260512,0.010707514201175649,20000,20000,20,,
hopper-medium-replay-v2,1,ensemble,16,85,1,0.5049386544484683,1.5416781911053352,0.010901311033379926,20000,20000,20,,
hopper-medium-replay-v2,1,ensemble,16,86,1,0.5170665918434533,1.5833634056855719,0.011196070012428944,20000,20000,20,,
hopper-medium-replay-v2,1,ensemble,16,87,1,0.5356468640098323,1.626038069612004,0.011497825454901314,20000,20000,20,,
hopper-medium-replay-v2,1,ensemble,16,88,1,0.5548471935274957,1.666377949071918,0.011783071478084845,20000,20000,20,,
hopper-medium-replay-v2,1,ensemble,16,89,1,0.5758195869050435,1.7043689517327494,0.012051708434140345,20000,20000,20,,
hopper-medium-replay-v2,1,ensemble,16,90,1,0.5868111516970417,1.7209557943343383,0.01216899512296092,20000,20000,20,,
hopper-medium-replay-v2,1,ensemble,16,91,1,0.6024309710615282,1.7651759567279743,0.012481678889898025,20000,20000,20,,
hopper-medium-replay-v2,1,ensemble,16,92,1,0.612964097738839,1.7708158902050355,0.012521559241968733,20000,20000,20,,
hopper-medium-replay-v2,1,ensemble,16,93,1,0.6190155550487043,1.7765521066923142,0.012562120417733823,20000,20000,20,,
hopper-medium-replay-v2,1,ensemble,16,94,1,0.6247397743586934,1.7708015176643435,0.012521457612758871,20000,20000,20,,
hopper-medium-replay-v2,1,ensemble,16,95,1,0.6222952522344801,1.7462729936808652,0.012348014756346727,20000,20000,20,,
hopper-medium-replay-v2,1,ensemble,16,96,1,0.6282706519386652,1.758119124899548,0.012431779553502291,20000,20000,20,,
hopper-medium-replay-v2,1,ensemble,16,97,1,0.6435348681957316,1.822765455204997,0.012888898138880375,20000,20000,20,,
hopper-medium-replay-v2,1,ensemble,16,98,1,0.6629964122083621,1.8671965959852685,0.013203073748296216,20000,20000,20,,
hopper-medium-replay-v2,1,ensemble,16,99,1,0.6807365004345575,1.940062330395438,0.013718312297471905,20000,20000,20,,
hopper-medium-replay-v2,1,ensemble,16,100,1,0.6949517286699495,1.9215227384929738,0.013587217585925267,20000,20000,20,,
hopper-medium-replay-v2,1,ensemble,17,1,1,0.005491647179308247,0.03737203793862897,0.00026426021453165464,20000,20000,20,,
hopper-medium-replay-v2,1,ensemble,17,2,1,0.008180419615333,0.051639491571748665,0.0003651463466740905,20000,20000,20,,
hopper-medium-replay-v2,1,ensemble,17,3,1,0.011532825491148039,0.07555567511039517,0.0005342593022768806,20000,20000,20,,
hopper-medium-replay-v2,1,ensemble,17,4,1,0.01528702450404396,0.09418743356876208,0.0006660057297902912,20000,20000,20,,
hopper-medium-replay-v2,1,ensemble,17,5,1,0.020024451765715635,0.13371910727344571,0.0009455368752726485,20000,20000,20,,
hopper-medium-replay-v2,1,ensemble,17,6,1,0.02626140042461062,0.2011986657747644,0.0014226894093502163,20000,20000,20,,
hopper-medium-replay-v2,1,ensemble,17,7,1,0.031532325231628,0.2291779556579609,0.0016205328654421403,20000,20000,20,,
hopper-medium-replay-v2,1,ensemble,17,8,1,0.03631135201635492,0.24225482636439907,0.0017130003049743618,20000,20000,20,,
hopper-medium-replay-v2,1,ensemble,17,9,1,0.041762982892936396,0.28894391042077555,0.002043141984410887,20000,20000,20,,
hopper-medium-replay-v2,1,ensemble,17,10,1,0.0423708130611972,0.2697321909483496,0.0019072946132388268,20000,20000,20,,
hopper-medium-replay-v2,1,ensemble,17,11,1,0.04522410705590624,0.2914793197101276,0.002061070035426729,20000,20000,20,,
hopper-medium-replay-v2,1,ensemble,17,12,1,0.04727158345996894,0.2896240390363499,0.0020479512199724037,20000,20000,20,,
hopper-medium-replay-v2,1,ensemble,17,13,1,0.050215338833414475,0.305677974938657,0.002161469689384959,20000,20000,20,,
hopper-medium-replay-v2,1,ensemble,17,14,1,0.055605945320892566,0.3527149066340208,0.0024940710230649606,20000,20000,20,,
hopper-medium-replay-v2,1,ensemble,17,15,1,0.05911842585656326,0.37351831835392924,0.0026411733580545904,20000,20000,20,,
hopper-medium-replay-v2,1,ensemble,17,16,1,0.06212067646269784,0.3738301954130468,0.0026433786618885757,20000,20000,20,,
hopper-medium-replay-v2,1,ensemble,17,17,1,0.06509013325382282,0.3740235678469363,0.002644746011481554,20000,20000,20,,
hopper-medium-replay-v2,1,ensemble,17,18,1,0.06966436976823674,0.3944180087569098,0.00278895648614106,20000,20000,20,,
hopper-medium-replay-v2,1,ensemble,17,19,1,0.07445171788818485,0.4021397853373442,0.0028435576919693863,20000,20000,20,,
hopper-medium-replay-v2,1,ensemble,17,20,1,0.0742135120061186,0.3658131417386783,0.0025866895317057507,20000,20000,20,,
hopper-medium-replay-v2,1,ensemble,17,21,1,0.07941605303830668,0.3905015765809581,0.0027612631286443334,20000,20000,20,,
hopper-medium-replay-v2,1,ensemble,17,22,1,0.08404534231794206,0.41122636217170744,0.0029078094929428948,20000,20000,20,,
hopper-medium-replay-v2,1,ensemble,17,23,1,0.08652186875237539,0.4122032146186098,0.002914716882837128,20000,20000,20,,
hopper-medium-replay-v2,1,ensemble,17,24,1,0.08758980739014623,0.41776056914905624,0.0029540133135764926,20000,20000,20,,
hopper-medium-replay-v2,1,ensemble,17,25,1,0.09151887342082986,0.4326816024462912,0.003059520951844344,20000,20000,20,,
hopper-medium-replay-v2,1,ensemble,17,26,1,0.09508022682135231,0.4254868743491553,0.0030086465415815615,20000,20000,20,,
hopper-medium-replay-v2,1,ensemble,17,27,1,0.10031191063638649,0.4496101380287169,0.0031792237749032537,20000,20000,20,,
hopper-medium-replay-v2,1,ensemble,17,28,1,0.10449174412346222,0.4586608440487243,0.003243221930915985,20000,20000,20,,
hopper-medium-replay-v2,1,ensemble,17,29,1,0.10991792882887035,0.48152805078108063,0.0034049175003884233,20000,20000,20,,
hopper-medium-replay-v2,1,ensemble,17,30,1,0.1144711881196338,0.5050179902650627,0.0035710164553762764,20000,20000,20,,
hopper-medium-replay-v2,1,ensemble,17,31,1,0.1187591726248191,0.5412417613143763,0.0038271571968674623,20000,20000,20,,
hopper-medium-replay-v2,1,ensemble,17,32,1,0.12164775190151472,0.5535348615214585,0.003914082542049798,20000,20000,20,,
hopper-medium-replay-v2,1,ensemble,17,33,1,0.12399186697742907,0.5488163019533161,0.003880717287369137,20000,20000,20,,
hopper-medium-replay-v2,1,ensemble,17,34,1,0.12837946843109097,0.5697008580389321,0.004028393399671235,20000,20000,20,,
hopper-medium-replay-v2,1,ensemble,17,35,1,0.13005358979565348,0.5542279111281402,0.003918983142815631,20000,20000,20,,
hopper-medium-replay-v2,1,ensemble,17,36,1,0.13029205785327072,0.5354167694330573,0.00378596828427109,20000,20000,20,,
hopper-medium-replay-v2,1,ensemble,17,37,1,0.13684662752838342,0.5544825141780473,0.003920783458246632,20000,20000,20,,
hopper-medium-replay-v2,1,ensemble,17,38,1,0.14454809538794583,0.5961843256542417,0.0042156597950724324,20000,20000,20,,
hopper-medium-replay-v2,1,ensemble,17,39,1,0.1561758347918625,0.6361645631895964,0.0044983627658194145,20000,20000,20,,
hopper-medium-replay-v2,1,ensemble,17,40,1,0.15857926586889395,0.6359453735499735,0.004496812861013983,20000,20000,20,,
hopper-medium-replay-v2,1,ensemble,17,41,1,0.1609739163511648,0.6379016228504306,0.00451064563247443,20000,20000,20,,
hopper-medium-replay-v2,1,ensemble,17,42,1,0.1640098773948438,0.6447604794743432,0.004559145072773978,20000,20000,20,,
hopper-medium-replay-v2,1,ensemble,17,43,1,0.16925933538038906,0.6745750090929434,0.004769965633485972,20000,20000,20,,
hopper-medium-replay-v2,1,ensemble,17,44,1,0.17842506839433916,0.700801488970329,0.004955414851165491,20000,20000,20,,
hopper-medium-replay-v2,1,ensemble,17,45,1,0.18387380559071664,0.7085110526654551,0.005009929698853624,20000,20000,20,,
hopper-medium-replay-v2,1,ensemble,17,46,1,0.1870455415967656,0.7292099503953392,0.005156293008332502,20000,20000,20,,
hopper-medium-replay-v2,1,ensemble,17,47,1,0.1908954814285311,0.7419901847633048,0.0052466629121999215,20000,20000,20,,
hopper-medium-replay-v2,1,ensemble,17,48,1,0.19316827175335835,0.7289425296245005,0.005154402057927601,20000,20000,20,,
hopper-medium-replay-v2,1,ensemble,17,49,1,0.19536978108688932,0.7319292888997533,0.005175521635300631,20000,20000,20,,
hopper-medium-replay-v2,1,ensemble,17,50,1,0.20250653139551336,0.762954651279969,0.005394904076578837,20000,20000,20,,
hopper-medium-replay-v2,1,ensemble,17,51,1,0.20824490943253335,0.7728433016401111,0.005464827393843229,20000,20000,20,,
hopper-medium-replay-v2,1,ensemble,17,52,1,0.21140046854111702,0.7926161169638481,0.005604642311828867,20000,20000,20,,
hopper-medium-replay-v2,1,ensemble,17,53,1,0.22105075394877108,0.8065289304390992,0.005703020759366203,20000,20000,20,,
hopper-medium-replay-v2,1,ensemble,17,54,1,0.22950891755141256,0.8471360683382665,0.005990156585096987,20000,20000,20,,
hopper-medium-replay-v2,1,ensemble,17,55,1,0.23964984456143043,0.8888525256245359,0.006285136483438988,20000,20000,20,,
hopper-medium-replay-v2,1,ensemble,17,56,1,0.25051254525189504,0.9122671863677736,0.006450703137346247,20000,20000,20,,
hopper-medium-replay-v2,1,ensemble,17,57,1,0.25928505599048196,0.9635622841441156,0.00681341425213903,20000,20000,20,,
hopper-medium-replay-v2,1,ensemble,17,58,1,0.2702625727177045,1.0138967498246683,0.007169332672240234,20000,20000,20,,
hopper-medium-replay-v2,1,ensemble,17,59,1,0.2819265849486064,1.0304839337441873,0.007286621774543038,20000,20000,20,,
hopper-medium-replay-v2,1,ensemble,17,60,1,0.2915211741378696,1.0850111195304213,0.007672187202827686,20000,20000,20,,
hopper-medium-replay-v2,1,ensemble,17,61,1,0.30060739056584335,1.105571043725445,0.007817567821017512,20000,20000,20,,
hopper-medium-replay-v2,1,ensemble,17,62,1,0.3047037517640876,1.115765404448191,0.007889652836986666,20000,20000,20,,
hopper-medium-replay-v2,1,ensemble,17,63,1,0.3206627636149212,1.1714734705538445,0.008283568350087627,20000,20000,20,,
hopper-medium-replay-v2,1,ensemble,17,64,1,0.32924529119437546,1.1778004307196444,0.00832830671446297,20000,20000,20,,
hopper-medium-replay-v2,1,ensemble,17,65,1,0.3377769657262511,1.2162802918029063,0.008600400421573878,20000,20000,20,,
hopper-medium-replay-v2,1,ensemble,17,66,1,0.3429666455916033,1.2099132921114435,0.008555378934997419,20000,20000,20,,
hopper-medium-replay-v2,1,ensemble,17,67,1,0.3449928947015517,1.2045960482316231,0.008517780342950981,20000,20000,20,,
hopper-medium-replay-v2,1,ensemble,17,68,1,0.3560334818812233,1.2226522892756708,0.00864545724780083,20000,20000,20,,
hopper-medium-replay-v2,1,ensemble,17,69,1,0.36348866519596507,1.2534361891809864,0.008863132291544997,20000,20000,20,,
hopper-medium-replay-v2,1,ensemble,17,70,1,0.3716479795549646,1.2570215737842445,0.008888484789206253,20000,20000,20,,
hopper-medium-replay-v2,1,ensemble,17,71,1,0.3880619790544131,1.2944375163862314,0.00915305545658977,20000,20000,20,,
hopper-medium-replay-v2,1,ensemble,17,72,1,0.3957627925024398,1.3381440401524527,0.00946210724996163,20000,20000,20,,
hopper-medium-replay-v2,1,ensemble,17,73,1,0.4000519402970697,1.334248741701616,0.009434563330468309,20000,20000,20,,
hopper-medium-replay-v2,1,ensemble,17,74,1,0.4086027267836747,1.3586367078775667,0.009607012293091938,20000,20000,20,,
hopper-medium-replay-v2,1,ensemble,17,75,1,0.4188284648926311,1.3926479337750977,0.009847507977778055,20000,20000,20,,
hopper-medium-replay-v2,1,ensemble,17,76,1,0.4285449087040276,1.4152634811821694,0.010007424047095917,20000,20000,20,,
hopper-medium-replay-v2,1,ensemble,17,77,1,0.43846612011226427,1.4339250099199365,0.010139380982273745,20000,20000,20,,
hopper-medium-replay-v2,1,ensemble,17,78,1,0.4466531757050465,1.458066598930316,0.010310087795252325,20000,20000,20,,
hopper-medium-replay-v2,1,ensemble,17,79,1,0.45485254961180954,1.4692516490465362,0.010389178043103232,20000,20000,20,,
hopper-medium-replay-v2,1,ensemble,17,80,1,0.4617539358962854,1.4753343265782712,0.01043218906840784,20000,20000,20,,
hopper-medium-replay-v2,1,ensemble,17,81,1,0.4714469604295775,1.4862482935953747,0.010509362469282243,20000,20000,20,,
hopper-medium-replay-v2,1,ensemble,17,82,1,0.47614209986429196,1.4746200657080786,0.010427138481359345,20000,20000,20,,
hopper-medium-replay-v2,1,ensemble,17,83,1,0.4889046286306079,1.489794631380996,0.01053443886424815,20000,20000,20,,
hopper-medium-replay-v2,1,ensemble,17,84,1,0.5036533942198329,1.532226487474412,0.010834477396068014,20000,20000,20,,
hopper-medium-replay-v2,1,ensemble,17,85,1,0.5111873008426755,1.561111267495073,0.011038723634324923,20000,20000,20,,
hopper-medium-replay-v2,1,ensemble,17,86,1,0.5203377818882469,1.5526379501864276,0.010978808233044039,20000,20000,20,,
hopper-medium-replay-v2,1,ensemble,17,87,1,0.5375392664326679,1.597164971449669,0.011293661819856795,20000,20000,20,,
hopper-medium-replay-v2,1,ensemble,17,88,1,0.5511122751649207,1.6241172659132437,0.011484243321694098,20000,20000,20,,
hopper-medium-replay-v2,1,ensemble,17,89,1,0.5670679348874763,1.6618750632679384,0.01175123126721582,20000,20000,20,,
hopper-medium-replay-v2,1,ensemble,17,90,1,0.5876534747502233,1.7111757889281713,0.012099840041533503,20000,20000,20,,
hopper-medium-replay-v2,1,ensemble,17,91,1,0.6086675083963269,1.7827091040420981,0.012605656963511621,20000,20000,20,,
hopper-medium-replay-v2,1,ensemble,17,92,1,0.6158914411076967,1.783790446093669,0.0126133032064861,20000,20000,20,,
hopper-medium-replay-v2,1,ensemble,17,93,1,0.6110040257848821,1.7369619952037807,0.012282176054719087,20000,20000,20,,
hopper-medium-replay-v2,1,ensemble,17,94,1,0.6202994815905613,1.7356276649729674,0.012272740915173583,20000,20000,20,,
hopper-medium-replay-v2,1,ensemble,17,95,1,0.6421587772133022,1.7972065124684196,0.01270816912159045,20000,20000,20,,
hopper-medium-replay-v2,1,ensemble,17,96,1,0.6502350023050625,1.810834867064,0.012804536141099946,20000,20000,20,,
hopper-medium-replay-v2,1,ensemble,17,97,1,0.6553124865377842,1.8039484105240224,0.012755841539922302,20000,20000,20,,
hopper-medium-replay-v2,1,ensemble,17,98,1,0.6728152649444846,1.8468897916788811,0.013059482958003469,20000,20000,20,,
hopper-medium-replay-v2,1,ensemble,17,99,1,0.6948852161940479,1.8989499272544181,0.013427603706953001,20000,20000,20,,
hopper-medium-replay-v2,1,ensemble,17,100,1,0.7150273100016032,1.9626746920724945,0.013878205840276799,20000,20000,20,,
hopper-medium-replay-v2,1,ensemble,18,1,1,0.005644902039124747,0.03952252595718045,0.0002794664611394364,20000,20000,20,,
hopper-medium-replay-v2,1,ensemble,18,2,1,0.008395959192690603,0.051667215322415354,0.00036534238319505387,20000,20000,20,,
hopper-medium-replay-v2,1,ensemble,18,3,1,0.011281083836443257,0.07123013884947885,0.0005036731420532583,20000,20000,20,,
hopper-medium-replay-v2,1,ensemble,18,4,1,0.014579583421080221,0.09227407690580579,0.0006524762550782427,20000,20000,20,,
hopper-medium-replay-v2,1,ensemble,18,5,1,0.02103393986757497,0.1454186824865989,0.0010282653649748752,20000,20000,20,,
hopper-medium-replay-v2,1,ensemble,18,6,1,0.027462598737150866,0.2059508314378613,0.0014562922950071932,20000,20000,20,,
hopper-medium-replay-v2,1,ensemble,18,7,1,0.031864823594473825,0.23228051775050337,0.0016424712923890316,20000,20000,20,,
hopper-medium-replay-v2,1,ensemble,18,8,1,0.03555224765800752,0.23974957687469742,0.0016952855159470402,20000,20000,20,,
hopper-medium-replay-v2,1,ensemble,18,9,1,0.03964394056544311,0.2545037858699463,0.0017996135282628807,20000,20000,20,,
hopper-medium-replay-v2,1,ensemble,18,10,1,0.04425069482776902,0.2953691274319733,0.002088575129603018,20000,20000,20,,
hopper-medium-replay-v2,1,ensemble,18,11,1,0.04803702644520564,0.3297037777745384,0.002331357770471986,20000,20000,20,,
hopper-medium-replay-v2,1,ensemble,18,12,1,0.04904494737991567,0.3066813265932396,0.00216856445697366,20000,20000,20,,
hopper-medium-replay-v2,1,ensemble,18,13,1,0.050568432500563996,0.31305089043666023,0.002213604074842494,20000,20000,20,,
hopper-medium-replay-v2,1,ensemble,18,14,1,0.05387954638531088,0.347402372579167,0.002456505734510245,20000,20000,20,,
hopper-medium-replay-v2,1,ensemble,18,15,1,0.05803767166413479,0.35957148932168276,0.0025425543842070813,20000,20000,20,,
hopper-medium-replay-v2,1,ensemble,18,16,1,0.05943406826997306,0.35727424566677285,0.0025263104185428357,20000,20000,20,,
hopper-medium-replay-v2,1,ensemble,18,17,1,0.06555210771572653,0.3820901671233958,0.0027017854819765437,20000,20000,20,,
hopper-medium-replay-v2,1,ensemble,18,18,1,0.06983680494726194,0.390597210351746,0.002761939361522679,20000,20000,20,,
hopper-medium-replay-v2,1,ensemble,18,19,1,0.0726419105323598,0.3858383405309981,0.0027282890703123307,20000,20000,20,,
hopper-medium-replay-v2,1,ensemble,18,20,1,0.07632237112469209,0.40327222485033704,0.0028515652485585946,20000,20000,20,,
hopper-medium-replay-v2,1,ensemble,18,21,1,0.07962163626412935,0.4026781926788217,0.00284736480679138,20000,20000,20,,
hopper-medium-replay-v2,1,ensemble,18,22,1,0.08209124225000614,0.39832607203814235,0.002816590666615717,20000,20000,20,,
hopper-medium-replay-v2,1,ensemble,18,23,1,0.08611005998718593,0.4152555862186839,0.0029363004094082644,20000,20000,20,,
hopper-medium-replay-v2,1,ensemble,18,24,1,0.08923185831636464,0.405443990658193,0.0028669219518574346,20000,20000,20,,
hopper-medium-replay-v2,1,ensemble,18,25,1,0.08985984722364661,0.4046700916088097,0.0028614496591997073,20000,20000,20,,
hopper-medium-replay-v2,1,ensemble,18,26,1,0.09368766274222323,0.42882717046702706,0.003032266001942744,20000,20000,20,,
hopper-medium-replay-v2,1,ensemble,18,27,1,0.10164442032829754,0.45823206225086577,0.0032401899857468336,20000,20000,20,,
hopper-medium-replay-v2,1,ensemble,18,28,1,0.1065518710624419,0.4743992318219981,0.0033545091381102384,20000,20000,20,,
hopper-medium-replay-v2,1,ensemble,18,29,1,0.11018152512203203,0.5065318997293973,0.0035817214118596115,20000,20000,20,,
hopper-medium-replay-v2,1,ensemble,18,30,1,0.11247153487033881,0.5219389788684126,0.0036906659132343663,20000,20000,20,,
hopper-medium-replay-v2,1,ensemble,18,31,1,0.11708214314048218,0.5293034420574539,0.0037427405318420652,20000,20000,20,,
hopper-medium-replay-v2,1,ensemble,18,32,1,0.11847117242431736,0.51422154939299,0.0036360954460803643,20000,20000,20,,
hopper-medium-replay-v2,1,ensemble,18,33,1,0.12302118779728846,0.542927879505203,0.0038390798529336183,20000,20000,20,,
hopper-medium-replay-v2,1,ensemble,18,34,1,0.1275100341843996,0.5393531120762663,0.003813802430031959,20000,20000,20,,
hopper-medium-replay-v2,1,ensemble,18,35,1,0.13152564026487976,0.5497666100808335,0.003887436980580979,20000,20000,20,,
hopper-medium-replay-v2,1,ensemble,18,36,1,0.1343772548750691,0.5511694727782277,0.00389735671784499,20000,20000,20,,
hopper-medium-replay-v2,1,ensemble,18,37,1,0.1376616235772573,0.5282999296380788,0.003735644627474614,20000,20000,20,,
hopper-medium-replay-v2,1,ensemble,18,38,1,0.14765514188641124,0.5866439114846066,0.00414819887952566,20000,20000,20,,
hopper-medium-replay-v2,1,ensemble,18,39,1,0.15635542996868443,0.6435629080342424,0.004550676963911472,20000,20000,20,,
hopper-medium-replay-v2,1,ensemble,18,40,1,0.1565509284539642,0.6365144496288734,0.004500836836557995,20000,20000,20,,
hopper-medium-replay-v2,1,ensemble,18,41,1,0.15615044220402868,0.6181280498605387,0.004370825356980032,20000,20000,20,,
hopper-medium-replay-v2,1,ensemble,18,42,1,0.16145333408695792,0.6397673102889383,0.0045238380348678634,20000,20000,20,,
hopper-medium-replay-v2,1,ensemble,18,43,1,0.1691019492013232,0.6598183618533268,0.0046656203801788655,20000,20000,20,,
hopper-medium-replay-v2,1,ensemble,18,44,1,0.17891476102618412,0.6904673075736004,0.004882341153729104,20000,20000,20,,
hopper-medium-replay-v2,1,ensemble,18,45,1,0.18323014119740794,0.6977578481546509,0.00493389306056287,20000,20000,20,,
hopper-medium-replay-v2,1,ensemble,18,46,1,0.1877425502419363,0.7109431860522396,0.005027127478959079,20000,20000,20,,
hopper-medium-replay-v2,1,ensemble,18,47,1,0.19195195043744784,0.7267043624224642,0.005138575825867709,20000,20000,20,,
hopper-medium-replay-v2,1,ensemble,18,48,1,0.19690840175593965,0.7516285792805067,0.005314816653428568,20000,20000,20,,
hopper-medium-replay-v2,1,ensemble,18,49,1,0.20787463119809055,0.8006814870451567,0.005661673090601591,20000,20000,20,,
hopper-medium-replay-v2,1,ensemble,18,50,1,0.21287148245933335,0.7996917593576419,0.005654674659007893,20000,20000,20,,
hopper-medium-replay-v2,1,ensemble,18,51,1,0.219743983271714,0.839708031390924,0.005937632432133287,20000,20000,20,,
hopper-medium-replay-v2,1,ensemble,18,52,1,0.21636775998038252,0.7951777994253632,0.0056227561422267066,20000,20000,20,,
hopper-medium-replay-v2,1,ensemble,18,53,1,0.21990287524979094,0.8289063756110165,0.005861253191633132,20000,20000,20,,
hopper-medium-replay-v2,1,ensemble,18,54,1,0.22783741307334468,0.8688682549639373,0.006143826350427222,20000,20000,20,,
hopper-medium-replay-v2,1,ensemble,18,55,1,0.23573795569968548,0.8669258071469476,0.006130091170192278,20000,20000,20,,
hopper-medium-replay-v2,1,ensemble,18,56,1,0.2454709555697219,0.9029596120332382,0.0063848886480627675,20000,20000,20,,
hopper-medium-replay-v2,1,ensemble,18,57,1,0.2508071796700916,0.9163112827169644,0.006479299216869092,20000,20000,20,,
hopper-medium-replay-v2,1,ensemble,18,58,1,0.26601648144857165,0.9843036484636575,0.006960077845753118,20000,20000,20,,
hopper-medium-replay-v2,1,ensemble,18,59,1,0.28571569573315403,1.0617515122815235,0.0075077169426933715,20000,20000,20,,
hopper-medium-replay-v2,1,ensemble,18,60,1,0.2928050308097717,1.0757973490597526,0.007607036007026623,20000,20000,20,,
hopper-medium-replay-v2,1,ensemble,18,61,1,0.2963928764152011,1.0886902033550756,0.007698202254037353,20000,20000,20,,
hopper-medium-replay-v2,1,ensemble,18,62,1,0.3037586677471431,1.1138983505420397,0.007876450772207862,20000,20000,20,,
hopper-medium-replay-v2,1,ensemble,18,63,1,0.3174450150291548,1.1406955816435367,0.008065935810496779,20000,20000,20,,
hopper-medium-replay-v2,1,ensemble,18,64,1,0.33036228939133144,1.1834483873859218,0.008368243799048696,20000,20000,20,,
hopper-medium-replay-v2,1,ensemble,18,65,1,0.3408014068506928,1.2174672658980186,0.008608793595891345,20000,20000,20,,
hopper-medium-replay-v2,1,ensemble,18,66,1,0.35353644718170785,1.2645493091739677,0.008941713916616766,20000,20000,20,,
hopper-medium-replay-v2,1,ensemble,18,67,1,0.3551307246642913,1.233051419975704,0.00871899020616522,20000,20000,20,,
hopper-medium-replay-v2,1,ensemble,18,68,1,0.3540892742641523,1.220929876886117,0.0086332779529943,20000,20000,20,,
hopper-medium-replay-v2,1,ensemble,18,69,1,0.35305199275943266,1.2206944999738298,0.00863161358688617,20000,20000,20,,
hopper-medium-replay-v2,1,ensemble,18,70,1,0.3619957865641174,1.2550036028990936,0.008874215580234981,20000,20000,20,,
hopper-medium-replay-v2,1,ensemble,18,71,1,0.3736105303910762,1.2724684054797692,0.008997710383603781,20000,20000,20,,
hopper-medium-replay-v2,1,ensemble,18,72,1,0.3821800056586156,1.304505295675114,0.009224245406656353,20000,20000,20,,
hopper-medium-replay-v2,1,ensemble,18,73,1,0.3961329571473671,1.339373629496529,0.009470801759594341,20000,20000,20,,
hopper-medium-replay-v2,1,ensemble,18,74,1,0.40749981819791337,1.3669788703611605,0.00966600028971103,20000,20000,20,,
hopper-medium-replay-v2,1,ensemble,18,75,1,0.41614878769900043,1.3772633215156787,0.009738722341232447,20000,20000,20,,
hopper-medium-replay-v2,1,ensemble,18,76,1,0.4210171554841631,1.3846614683666612,0.009791035139297882,20000,20000,20,,
hopper-medium-replay-v2,1,ensemble,18,77,1,0.4333840831164088,1.405900884343093,0.00994122048995165,20000,20000,20,,
hopper-medium-replay-v2,1,ensemble,18,78,1,0.44530831677683147,1.4233099437932617,0.01006432112986459,20000,20000,20,,
hopper-medium-replay-v2,1,ensemble,18,79,1,0.4553178085297287,1.4542025260104656,0.01028276467360607,20000,20000,20,,
hopper-medium-replay-v2,1,ensemble,18,80,1,0.4666525070424041,1.471939250897951,0.01040818225804588,20000,20000,20,,
hopper-medium-replay-v2,1,ensemble,18,81,1,0.4778152392398074,1.5091913765483804,0.0106715945646562,20000,20000,20,,
hopper-medium-replay-v2,1,ensemble,18,82,1,0.4875939122914964,1.5503921657051973,0.010962928138686425,20000,20000,20,,
hopper-medium-replay-v2,1,ensemble,18,83,1,0.4946305992132311,1.5542707192511165,0.01099035365382157,20000,20000,20,,
hopper-medium-replay-v2,1,ensemble,18,84,1,0.501042659806119,1.5670436491875055,0.011080671907557984,20000,20000,20,,
hopper-medium-replay-v2,1,ensemble,18,85,1,0.5126865960506846,1.576047401135201,0.011144338048141354,20000,20000,20,,
hopper-medium-replay-v2,1,ensemble,18,86,1,0.5279947518478907,1.5984820007921603,0.011302974623647767,20000,20000,20,,
hopper-medium-replay-v2,1,ensemble,18,87,1,0.541701902623137,1.621502945439939,0.011465757284345412,20000,20000,20,,
hopper-medium-replay-v2,1,ensemble,18,88,1,0.5607198537975747,1.6641459475191491,0.011767288843749028,20000,20000,20,,
hopper-medium-replay-v2,1,ensemble,18,89,1,0.576010884540563,1.6884989184464863,0.011939490352596617,20000,20000,20,,
hopper-medium-replay-v2,1,ensemble,18,90,1,0.5898638779221933,1.7174279364504406,0.012144049400633255,20000,20000,20,,
hopper-medium-replay-v2,1,ensemble,18,91,1,0.5919901819818436,1.7318940944711145,0.012246340584974601,20000,20000,20,,
hopper-medium-replay-v2,1,ensemble,18,92,1,0.6037270418763468,1.7877249655019047,0.012641124460028835,20000,20000,20,,
hopper-medium-replay-v2,1,ensemble,18,93,1,0.6100468120084768,1.7809005456092613,0.01259286852419131,20000,20000,20,,
hopper-medium-replay-v2,1,ensemble,18,94,1,0.6236129816200094,1.7767804117880817,0.012563734778547789,20000,20000,20,,
hopper-medium-replay-v2,1,ensemble,18,95,1,0.6413400861868193,1.816734670766261,0.01284625405315533,20000,20000,20,,
hopper-medium-replay-v2,1,ensemble,18,96,1,0.6593488931214271,1.8992187086752412,0.013429504278606211,20000,20000,20,,
hopper-medium-replay-v2,1,ensemble,18,97,1,0.6778314094927647,1.9317300266765356,0.013659394012846486,20000,20000,20,,
hopper-medium-replay-v2,1,ensemble,18,98,1,0.6933522302840051,1.949732091629924,0.013786687834885502,20000,20000,20,,
hopper-medium-replay-v2,1,ensemble,18,99,1,0.7002845342626173,1.9276270395956958,0.013630381512966661,20000,20000,20,,
hopper-medium-replay-v2,1,ensemble,18,100,1,0.7156220516956786,1.9478455680467668,0.013773348098700315,20000,20000,20,,
hopper-medium-replay-v2,1,ensemble,19,1,1,0.005084891773870324,0.03343411007990208,0.00023641485960436263,20000,20000,20,,
hopper-medium-replay-v2,1,ensemble,19,2,1,0.008202912752445746,0.051922022284428396,0.0003671441405023835,20000,20000,20,,
hopper-medium-replay-v2,1,ensemble,19,3,1,0.010769957444263158,0.06698620441420866,0.00047366399387235186,20000,20000,20,,
hopper-medium-replay-v2,1,ensemble,19,4,1,0.014483498439098807,0.08468903724248608,0.0005988419252632198,20000,20000,20,,
hopper-medium-replay-v2,1,ensemble,19,5,1,0.02057794515541039,0.13181295337539242,0.000932058331799662,20000,20000,20,,
hopper-medium-replay-v2,1,ensemble,19,6,1,0.025792936988453745,0.16852372440586041,0.0011916426831819677,20000,20000,20,,
hopper-medium-replay-v2,1,ensemble,19,7,1,0.03006617207913772,0.20704156905953428,0.0014640049746949956,20000,20000,20,,
hopper-medium-replay-v2,1,ensemble,19,8,1,0.03485045292623284,0.2459823570232749,0.0017393579270340805,20000,20000,20,,
hopper-medium-replay-v2,1,ensemble,19,9,1,0.040770376437066554,0.2915003527366068,0.0020612187613832525,20000,20000,20,,
hopper-medium-replay-v2,1,ensemble,19,10,1,0.046192296638098165,0.32578601645801775,0.0023036550145321653,20000,20000,20,,
hopper-medium-replay-v2,1,ensemble,19,11,1,0.04861166217720136,0.3361897433913171,0.002377220473173656,20000,20000,20,,
hopper-medium-replay-v2,1,ensemble,19,12,1,0.048913439527202056,0.3140869478109437,0.0022209301067930352,20000,20000,20,,
hopper-medium-replay-v2,1,ensemble,19,13,1,0.05166307203612204,0.3279797409973098,0.0023191669895100526,20000,20000,20,,
hopper-medium-replay-v2,1,ensemble,19,14,1,0.054193637628745114,0.33015198224202746,0.002334527054655182,20000,20000,20,,
hopper-medium-replay-v2,1,ensemble,19,15,1,0.057039493630660375,0.3426096441258112,0.002422616026612709,20000,20000,20,,
hopper-medium-replay-v2,1,ensemble,19,16,1,0.05947666675958087,0.3481895380759994,0.0024620718351175074,20000,20000,20,,
hopper-medium-replay-v2,1,ensemble,19,17,1,0.06219288333702333,0.3619653121792292,0.002559481267962386,20000,20000,20,,
hopper-medium-replay-v2,1,ensemble,19,18,1,0.06980829617326999,0.39500886417994713,0.0027931344649043655,20000,20000,20,,
hopper-medium-replay-v2,1,ensemble,19,19,1,0.07219068101623688,0.39912774274568863,0.002822259334551563,20000,20000,20,,
hopper-medium-replay-v2,1,ensemble,19,20,1,0.07638354696059058,0.4068101030871083,0.002876581825480927,20000,20000,20,,
hopper-medium-replay-v2,1,ensemble,19,21,1,0.07975263055528806,0.3990235605117988,0.002821522654910936,20000,20000,20,,
hopper-medium-replay-v2,1,ensemble,19,22,1,0.08335186571059303,0.4245305335348757,0.003001884190832536,20000,20000,20,,
hopper-medium-replay-v2,1,ensemble,19,23,1,0.08550128408322184,0.4227959416123988,0.002989618773722788,20000,20000,20,,
hopper-medium-replay-v2,1,ensemble,19,24,1,0.08839108720238827,0.40712206713554344,0.0028787877444222763,20000,20000,20,,
hopper-medium-replay-v2,1,ensemble,19,25,1,0.09058289969424868,0.42122205900957355,0.002978489743110295,20000,20000,20,,
hopper-medium-replay-v2,1,ensemble,19,26,1,0.09627893810427038,0.44694196263722114,0.003160356925776036,20000,20000,20,,
hopper-medium-replay-v2,1,ensemble,19,27,1,0.10257017639387475,0.4745581868011666,0.003355633119546973,20000,20000,20,,
hopper-medium-replay-v2,1,ensemble,19,28,1,0.10749395280615263,0.4817426055806528,0.003406434631925559,20000,20000,20,,
hopper-medium-replay-v2,1,ensemble,19,29,1,0.10869344719554667,0.4734155604473007,0.0033475535311151623,20000,20000,20,,
hopper-medium-replay-v2,1,ensemble,19,30,1,0.11744550842007502,0.5223580478514604,0.0036936291784313473,20000,20000,20,,
hopper-medium-replay-v2,1,ensemble,19,31,1,0.1204711727107529,0.5383589779992967,0.00380677284055962,20000,20000,20,,
hopper-medium-replay-v2,1,ensemble,19,32,1,0.12245758222203985,0.5346303627294624,0.003780407549142265,20000,20000,20,,
hopper-medium-replay-v2,1,ensemble,19,33,1,0.1258014775749256,0.5457600463895188,0.003859106297027135,20000,20000,20,,
hopper-medium-replay-v2,1,ensemble,19,34,1,0.1331021931863767,0.5667901531384791,0.0040078116079398035,20000,20000,20,,
hopper-medium-replay-v2,1,ensemble,19,35,1,0.1334634845145659,0.5833923859074714,0.004125207121677723,20000,20000,20,,
hopper-medium-replay-v2,1,ensemble,19,36,1,0.13403556607076855,0.5614249918233211,0.003969874188458723,20000,20000,20,,
hopper-medium-replay-v2,1,ensemble,19,37,1,0.13927078553688632,0.5626655605488297,0.003978646334042074,20000,20000,20,,
hopper-medium-replay-v2,1,ensemble,19,38,1,0.14507278009060814,0.581826180127218,0.004114132374398215,20000,20000,20,,
hopper-medium-replay-v2,1,ensemble,19,39,1,0.15198758087209704,0.6190832227781573,0.004377579449452571,20000,20000,20,,
hopper-medium-replay-v2,1,ensemble,19,40,1,0.15650081758472043,0.6509898644628954,0.004603193476454248,20000,20000,20,,
hopper-medium-replay-v2,1,ensemble,19,41,1,0.16010210001256622,0.6485903809838667,0.004586226566060585,20000,20000,20,,
hopper-medium-replay-v2,1,ensemble,19,42,1,0.16788075104788794,0.6849129374931605,0.0048430658262381176,20000,20000,20,,
hopper-medium-replay-v2,1,ensemble,19,43,1,0.17260862005869562,0.6747588686727225,0.004771265717042452,20000,20000,20,,
hopper-medium-replay-v2,1,ensemble,19,44,1,0.17876961676833816,0.6968073055146063,0.004927171709097045,20000,20000,20,,
hopper-medium-replay-v2,1,ensemble,19,45,1,0.1850884639273437,0.7096010853197731,0.005017637393669454,20000,20000,20,,
hopper-medium-replay-v2,1,ensemble,19,46,1,0.18490891191969827,0.7032976972941146,0.004973065709495522,20000,20000,20,,
hopper-medium-replay-v2,1,ensemble,19,47,1,0.19122564251367102,0.7432606215868086,0.005255646257129608,20000,20000,20,,
hopper-medium-replay-v2,1,ensemble,19,48,1,0.19871067821793031,0.7716895038068994,0.005456668811123406,20000,20000,20,,
hopper-medium-replay-v2,1,ensemble,19,49,1,0.206022625843961,0.8004514633584334,0.005660046577514435,20000,20000,20,,
hopper-medium-replay-v2,1,ensemble,19,50,1,0.2100547274530805,0.8027987949524464,0.005676644718392636,20000,20000,20,,
hopper-medium-replay-v2,1,ensemble,19,51,1,0.2107671898514986,0.8063510329828393,0.005701762834389431,20000,20000,20,,
hopper-medium-replay-v2,1,ensemble,19,52,1,0.21454559952394803,0.8038873581283048,0.005684342022426629,20000,20000,20,,
hopper-medium-replay-v2,1,ensemble,19,53,1,0.22058424991810216,0.8113757182320676,0.0057372927245200045,20000,20000,20,,
hopper-medium-replay-v2,1,ensemble,19,54,1,0.23367962830261768,0.8880305791517358,0.006279324444192095,20000,20000,20,,
hopper-medium-replay-v2,1,ensemble,19,55,1,0.23980539733825035,0.8986152335919764,0.006354169253504199,20000,20000,20,,
hopper-medium-replay-v2,1,ensemble,19,56,1,0.251258145666521,0.9508079045148878,0.006723227168882485,20000,20000,20,,
hopper-medium-replay-v2,1,ensemble,19,57,1,0.25719537291094874,0.9672358861589025,0.006839390541099394,20000,20000,20,,
hopper-medium-replay-v2,1,ensemble,19,58,1,0.26464423871087944,0.975389157742345,0.006897042877354472,20000,20000,20,,
hopper-medium-replay-v2,1,ensemble,19,59,1,0.2752575007865796,1.0113493842357064,0.007151320077419072,20000,20000,20,,
hopper-medium-replay-v2,1,ensemble,19,60,1,0.2885057657161408,1.0765569965857857,0.00761240752619632,20000,20000,20,,
hopper-medium-replay-v2,1,ensemble,19,61,1,0.3045643152797084,1.1286270453065725,0.007980598371668143,20000,20000,20,,
hopper-medium-replay-v2,1,ensemble,19,62,1,0.3133709387967617,1.1614885097679786,0.008212964015271952,20000,20000,20,,
hopper-medium-replay-v2,1,ensemble,19,63,1,0.32262580153854714,1.1709863178538982,0.008280123660311573,20000,20000,20,,
hopper-medium-replay-v2,1,ensemble,19,64,1,0.32969657771585387,1.1981634651706068,0.008472295111921078,20000,20000,20,,
hopper-medium-replay-v2,1,ensemble,19,65,1,0.33364253572389063,1.1990358200721534,0.008478463592585927,20000,20000,20,,
hopper-medium-replay-v2,1,ensemble,19,66,1,0.3397875027760778,1.2050480095462348,0.008520976192054941,20000,20000,20,,
hopper-medium-replay-v2,1,ensemble,19,67,1,0.3491739570886523,1.2467966926269591,0.008816183961174824,20000,20000,20,,
hopper-medium-replay-v2,1,ensemble,19,68,1,0.35638803428834875,1.2505276680766577,0.008842565941584047,20000,20000,20,,
hopper-medium-replay-v2,1,ensemble,19,69,1,0.3595688779698412,1.248053503882108,0.008825070958786695,20000,20000,20,,
hopper-medium-replay-v2,1,ensemble,19,70,1,0.36891734823744077,1.2661885427287671,0.008953305048242238,20000,20000,20,,
hopper-medium-replay-v2,1,ensemble,19,71,1,0.37578356333667606,1.2605986455448253,0.008913778506193229,20000,20000,20,,
hopper-medium-replay-v2,1,ensemble,19,72,1,0.3761163246461707,1.2573630586899314,0.008890899452131094,20000,20000,20,,
hopper-medium-replay-v2,1,ensemble,19,73,1,0.3955323692179164,1.3259132635968232,0.009375622599544999,20000,20000,20,,
hopper-medium-replay-v2,1,ensemble,19,74,1,0.40997038204272146,1.3646639120058266,0.00964963106219882,20000,20000,20,,
hopper-medium-replay-v2,1,ensemble,19,75,1,0.41612808768877424,1.3782751574315817,0.009745877101608277,20000,20000,20,,
hopper-medium-replay-v2,1,ensemble,19,76,1,0.42087621630859057,1.4092820425036086,0.0099651288885873,20000,20000,20,,
hopper-medium-replay-v2,1,ensemble,19,77,1,0.4320534426205012,1.432878861718503,0.010131983597400147,20000,20000,20,,
hopper-medium-replay-v2,1,ensemble,19,78,1,0.4428655176623355,1.4560991506761347,0.010296175835230672,20000,20000,20,,
hopper-medium-replay-v2,1,ensemble,19,79,1,0.45294491229982276,1.4873832610841073,0.010517387901359334,20000,20000,20,,
hopper-medium-replay-v2,1,ensemble,19,80,1,0.45447484841527347,1.4651492487837126,0.01036016969265339,20000,20000,20,,
hopper-medium-replay-v2,1,ensemble,19,81,1,0.4623500194689358,1.4509780582508494,0.01025996424342065,20000,20000,20,,
hopper-medium-replay-v2,1,ensemble,19,82,1,0.4764690591876558,1.477393245718224,0.010446747825265593,20000,20000,20,,
hopper-medium-replay-v2,1,ensemble,19,83,1,0.49438554520677624,1.521058929230788,0.010755510834434389,20000,20000,20,,
hopper-medium-replay-v2,1,ensemble,19,84,1,0.5096649142455922,1.5603945661432064,0.01103365579046502,20000,20000,20,,
hopper-medium-replay-v2,1,ensemble,19,85,1,0.5235482592990391,1.5994422304609193,0.011309764472750528,20000,20000,20,,
hopper-medium-replay-v2,1,ensemble,19,86,1,0.5320973492758824,1.6011998098490317,0.011322192435788607,20000,20000,20,,
hopper-medium-replay-v2,1,ensemble,19,87,1,0.5478852062972882,1.6431771458380995,0.011619017025128766,20000,20000,20,,
hopper-medium-replay-v2,1,ensemble,19,88,1,0.5609227069490537,1.666346807387025,0.011782851273119191,20000,20000,20,,
hopper-medium-replay-v2,1,ensemble,19,89,1,0.5694247296175523,1.6662103500509027,0.011781886374042044,20000,20000,20,,
hopper-medium-replay-v2,1,ensemble,19,90,1,0.5808497259741205,1.6863683818761313,0.011924425184031978,20000,20000,20,,
hopper-medium-replay-v2,1,ensemble,19,91,1,0.5843991780420037,1.6755689147981463,0.011848061419991536,20000,20000,20,,
hopper-medium-replay-v2,1,ensemble,19,92,1,0.5920346617616724,1.7114588901833536,0.01210184186970652,20000,20000,20,,
hopper-medium-replay-v2,1,ensemble,19,93,1,0.6043058935145942,1.7229268964138598,0.012182932919429325,20000,20000,20,,
hopper-medium-replay-v2,1,ensemble,19,94,1,0.6228611295240606,1.7557622636244588,0.012415114027602975,20000,20000,20,,
hopper-medium-replay-v2,1,ensemble,19,95,1,0.6355820908863589,1.7657310404047253,0.01248560392421759,20000,20000,20,,
hopper-medium-replay-v2,1,ensemble,19,96,1,0.6459060412393234,1.774530766507472,0.012547827384215955,20000,20000,20,,
hopper-medium-replay-v2,1,ensemble,19,97,1,0.6502871104664215,1.7958280900718768,0.0126984222033511,20000,20000,20,,
hopper-medium-replay-v2,1,ensemble,19,98,1,0.6627552094969931,1.8526924533753053,0.013100513972348198,20000,20000,20,,
hopper-medium-replay-v2,1,ensemble,19,99,1,0.6815457160555733,1.8943143288234856,0.0133948250760993,20000,20000,20,,
hopper-medium-replay-v2,1,ensemble,19,100,1,0.6965348810123756,1.926757619026622,0.013624233781165708,20000,20000,20,,
hopper-medium-replay-v2,1,rnn,0,1,1,0.0019786214966050473,0.012808792418642946,9.057183978033266e-05,20000,20000,20,,
hopper-medium-replay-v2,1,rnn,0,2,1,0.002633812530027989,0.012609673685831112,8.916385771800746e-05,20000,20000,20,,
hopper-medium-replay-v2,1,rnn,0,3,1,0.00391556512451739,0.021613248833399087,0.0001528287481356873,20000,20000,20,,
hopper-medium-replay-v2,1,rnn,0,4,4,0.005199947263628752,0.034688462292040645,0.0002452844691563579,20000,20000,20,,
hopper-medium-replay-v2,1,rnn,0,5,3,0.008430299102645838,0.07795417623750701,0.0005512192663935244,20000,20000,20,,
hopper-medium-replay-v2,1,rnn,0,6,1,0.011105059416697262,0.09758174396733726,0.0006900071287931365,20000,20000,20,,
hopper-medium-replay-v2,1,rnn,0,7,5,0.01348954981581171,0.13244993486505693,0.0009365624711079829,20000,20000,20,,
hopper-medium-replay-v2,1,rnn,0,8,1,0.014436785972310745,0.12612807599706755,0.0008918601783553867,20000,20000,20,,
hopper-medium-replay-v2,1,rnn,0,9,4,0.014703283209784859,0.12065138271904645,0.0008531341088017117,20000,20000,20,,
hopper-medium-replay-v2,1,rnn,0,10,3,0.01573849423065835,0.14166330238300395,0.0010017108176030248,20000,20000,20,,
hopper-medium-replay-v2,1,rnn,0,11,3,0.015173026229287293,0.12696912194698975,0.0008978072713001815,20000,20000,20,,
hopper-medium-replay-v2,1,rnn,0,12,1,0.014764308812110716,0.11468538519546836,0.0008109481357470696,20000,20000,20,,
hopper-medium-replay-v2,1,rnn,0,13,5,0.015068814121311691,0.11938523653531866,0.0008441811032768379,20000,20000,20,,
hopper-medium-replay-v2,1,rnn,0,14,3,0.01506476486709375,0.11390356450971247,0.0008054198286613705,20000,20000,20,,
hopper-medium-replay-v2,1,rnn,0,15,4,0.01483478644505889,0.11062219339785852,0.0007822170310135548,20000,20000,20,,
hopper-medium-replay-v2,1,rnn,0,16,1,0.016090888413146175,0.11805325462538938,0.0008347625688675498,20000,20000,20,,
hopper-medium-replay-v2,1,rnn,0,17,4,0.016821988426326134,0.12174859617090716,0.0008608925795239099,20000,20000,20,,
hopper-medium-replay-v2,1,rnn,0,18,3,0.01715484424147855,0.1110150201567482,0.0007849947356639791,20000,20000,20,,
hopper-medium-replay-v2,1,rnn,0,19,2,0.018517549765556664,0.12460844430715944,0.0008811147596269868,20000,20000,20,,
hopper-medium-replay-v2,1,rnn,0,20,5,0.01848011231753044,0.11609560948164378,0.0008209199273045555,20000,20000,20,,
hopper-medium-replay-v2,1,rnn,0,21,3,0.01946799444667659,0.12098768953516363,0.0008555121571040689,20000,20000,20,,
hopper-medium-replay-v2,1,rnn,0,22,1,0.020777999364366577,0.12347082739808721,0.0008730705933190123,20000,20000,20,,
hopper-medium-replay-v2,1,rnn,0,23,2,0.02199687794302349,0.13706829402219572,0.0009692192018876611,20000,20000,20,,
hopper-medium-replay-v2,1,rnn,0,24,4,0.021085052999987232,0.1184963920162421,0.0008378960234082426,20000,20000,20,,
hopper-medium-replay-v2,1,rnn,0,25,1,0.022476748765862187,0.12547966024544308,0.0008872751866053684,20000,20000,20,,
hopper-medium-replay-v2,1,rnn,0,26,5,0.024975738877699872,0.1372683774014184,0.0009706340050301718,20000,20000,20,,
hopper-medium-replay-v2,1,rnn,0,27,3,0.028319818053230222,0.1655312255379022,0.0011704825207597045,20000,20000,20,,
hopper-medium-replay-v2,1,rnn,0,28,1,0.030722066069698788,0.17644251176532358,0.001247636965588475,20000,20000,20,,
hopper-medium-replay-v2,1,rnn,0,29,3,0.03239473563371729,0.19772588295329896,0.0013981331265237526,20000,20000,20,,
hopper-medium-replay-v2,1,rnn,0,30,2,0.03461819720930106,0.20173012703541038,0.0014264474079636236,20000,20000,20,,
hopper-medium-replay-v2,1,rnn,0,31,4,0.03411254004350266,0.19213936859780786,0.0013586305046841152,20000,20000,20,,
hopper-medium-replay-v2,1,rnn,0,32,2,0.035055472762568395,0.2005347485133474,0.0014179948053732688,20000,20000,20,,
hopper-medium-replay-v2,1,rnn,0,33,1,0.03805615603259857,0.22393028703953827,0.0015834262447870756,20000,20000,20,,
hopper-medium-replay-v2,1,rnn,0,34,1,0.04098698845157262,0.24229711798171974,0.0017132993518683098,20000,20000,20,,
hopper-medium-replay-v2,1,rnn,0,35,4,0.042545400378262516,0.2536555694516319,0.001793615732449842,20000,20000,20,,
hopper-medium-replay-v2,1,rnn,0,36,2,0.04479518168580739,0.2710987788781391,0.0019169578491612454,20000,20000,20,,
hopper-medium-replay-v2,1,rnn,0,37,2,0.046120099359482664,0.2773718809458067,0.0019613153792724766,20000,20000,20,,
hopper-medium-replay-v2,1,rnn,0,38,3,0.0483176566939184,0.2789859530540324,0.001972728592602981,20000,20000,20,,
hopper-medium-replay-v2,1,rnn,0,39,1,0.05104802749566633,0.2715938368632975,0.001920458437745106,20000,20000,20,,
hopper-medium-replay-v2,1,rnn,0,40,5,0.05348219285676041,0.3066049960485898,0.0021680247185163247,20000,20000,20,,
hopper-medium-replay-v2,1,rnn,0,41,2,0.0586872374396478,0.3475276830100043,0.0024573918130642294,20000,20000,20,,
hopper-medium-replay-v2,1,rnn,0,42,3,0.0565887361291391,0.2847194719817393,0.002013270693741411,20000,20000,20,,
hopper-medium-replay-v2,1,rnn,0,43,4,0.05754700657715398,0.2961362005135044,0.0020939991553791813,20000,20000,20,,
hopper-medium-replay-v2,1,rnn,0,44,1,0.05916086055819554,0.29674370645464065,0.0020982948710850666,20000,20000,20,,
hopper-medium-replay-v2,1,rnn,0,45,5,0.059263378803254385,0.31198350699933997,0.00220605653417594,20000,20000,20,,
hopper-medium-replay-v2,1,rnn,0,46,1,0.059914756602440083,0.29079746633409925,0.0020562486039670835,20000,20000,20,,
hopper-medium-replay-v2,1,rnn,0,47,1,0.0616388101941541,0.2849740317619188,0.0020150707032092338,20000,20000,20,,
hopper-medium-replay-v2,1,rnn,0,48,5,0.06347853899225422,0.2964248079791726,0.0020960399183399315,20000,20000,20,,
hopper-medium-replay-v2,1,rnn,0,49,1,0.0701789531062954,0.33980434116260955,0.0024027795391270827,20000,20000,20,,
hopper-medium-replay-v2,1,rnn,0,50,5,0.07657419111162515,0.388770540636232,0.0027490228560943988,20000,20000,20,,
hopper-medium-replay-v2,1,rnn,0,51,1,0.07876071844853884,0.393488813454601,0.0027823860831479677,20000,20000,20,,
hopper-medium-replay-v2,1,rnn,0,52,5,0.08150070466644597,0.40057982045088697,0.0028325270744731183,20000,20000,20,,
hopper-medium-replay-v2,1,rnn,0,53,3,0.0876043913084409,0.43698267633293403,0.003089934136960639,20000,20000,20,,
hopper-medium-replay-v2,1,rnn,0,54,5,0.08953092140579492,0.4530476740430094,0.0032035308251660453,20000,20000,20,,
hopper-medium-replay-v2,1,rnn,0,55,4,0.0917816899190931,0.4672896131390436,0.0033042365422865615,20000,20000,20,,
hopper-medium-replay-v2,1,rnn,0,56,2,0.09418627321911992,0.44660800661037403,0.003157995500064019,20000,20000,20,,
hopper-medium-replay-v2,1,rnn,0,57,3,0.09401086354284213,0.4507206101002339,0.003187075998224133,20000,20000,20,,
hopper-medium-replay-v2,1,rnn,0,58,5,0.09361329926067627,0.45018240901323425,0.0031832703418415388,20000,20000,20,,
hopper-medium-replay-v2,1,rnn,0,59,1,0.09362603200184419,0.42453103008430926,0.003001887701967253,20000,20000,20,,
hopper-medium-replay-v2,1,rnn,0,60,2,0.09903828439101073,0.4662851779488836,0.003297134112944316,20000,20000,20,,
hopper-medium-replay-v2,1,rnn,0,61,3,0.10632305894322486,0.5350739348208782,0.0037835440774801167,20000,20000,20,,
hopper-medium-replay-v2,1,rnn,0,62,1,0.110240077266597,0.553726896984959,0.0039154404378344936,20000,20000,20,,
hopper-medium-replay-v2,1,rnn,0,63,3,0.11753761276819623,0.5821371934774965,0.004116331570888429,20000,20000,20,,
hopper-medium-replay-v2,1,rnn,0,64,2,0.12712272524430565,0.623594647670892,0.004409480040797237,20000,20000,20,,
hopper-medium-replay-v2,1,rnn,0,65,4,0.13497836865695026,0.6836202667212655,0.004833925263551631,20000,20000,20,,
hopper-medium-replay-v2,1,rnn,0,66,1,0.14119309857284426,0.706761286854504,0.004997556986149505,20000,20000,20,,
hopper-medium-replay-v2,1,rnn,0,67,2,0.14390948249843302,0.7196882074360219,0.0050889641181800175,20000,20000,20,,
hopper-medium-replay-v2,1,rnn,0,68,5,0.14075367894128954,0.6774905276091825,0.004790581462621049,20000,20000,20,,
hopper-medium-replay-v2,1,rnn,0,69,3,0.14472385830848922,0.669380722238545,0.004733236478904239,20000,20000,20,,
hopper-medium-replay-v2,1,rnn,0,70,2,0.15027990816921133,0.6953800682072607,0.00491707961731318,20000,20000,20,,
hopper-medium-replay-v2,1,rnn,0,71,3,0.15172110685025578,0.6841406776443764,0.004837605124478984,20000,20000,20,,
hopper-medium-replay-v2,1,rnn,0,72,3,0.15914100248525498,0.7267807249346195,0.005139115790369444,20000,20000,20,,
hopper-medium-replay-v2,1,rnn,0,73,2,0.16016883085995487,0.7306351624900468,0.005166370779700471,20000,20000,20,,
hopper-medium-replay-v2,1,rnn,0,74,1,0.1584598468271272,0.6731824780885328,0.00476011895232366,20000,20000,20,,
hopper-medium-replay-v2,1,rnn,0,75,3,0.1646557944724642,0.7125045555218963,0.005038168028358398,20000,20000,20,,
hopper-medium-replay-v2,1,rnn,0,76,3,0.1650454961621339,0.7089792956009204,0.005013240676402726,20000,20000,20,,
hopper-medium-replay-v2,1,rnn,0,77,2,0.16865361262832038,0.7316301261542175,0.005173406235240164,20000,20000,20,,
hopper-medium-replay-v2,1,rnn,0,78,1,0.17369409522896417,0.7091398239373243,0.005014375783155164,20000,20000,20,,
hopper-medium-replay-v2,1,rnn,0,79,5,0.18194911523174234,0.7340471290419938,0.0051904970265611045,20000,20000,20,,
hopper-medium-replay-v2,1,rnn,0,80,3,0.18956721782340463,0.7780362915584277,0.00550154737770198,20000,20000,20,,
hopper-medium-replay-v2,1,rnn,0,81,3,0.20034602813002617,0.8377043050180075,0.005923463947073971,20000,20000,20,,
hopper-medium-replay-v2,1,rnn,0,82,3,0.20210163696465666,0.8160423267486342,0.005770290629792076,20000,20000,20,,
hopper-medium-replay-v2,1,rnn,0,83,3,0.20495502986781367,0.8153832517219912,0.005765630265585576,20000,20000,20,,
hopper-medium-replay-v2,1,rnn,0,84,4,0.21148500917276916,0.8163653013757278,0.005772574405281766,20000,20000,20,,
hopper-medium-replay-v2,1,rnn,0,85,2,0.22020619461168006,0.8775201479787059,0.0062050044726356555,20000,20000,20,,
hopper-medium-replay-v2,1,rnn,0,86,1,0.21996862049579458,0.8517060715416374,0.006022471387648465,20000,20000,20,,
hopper-medium-replay-v2,1,rnn,0,87,4,0.22617229413346948,0.8699570462744125,0.006151525267616561,20000,20000,20,,
hopper-medium-replay-v2,1,rnn,0,88,2,0.23690203857381875,0.8976586054923558,0.006347404871341045,20000,20000,20,,
hopper-medium-replay-v2,1,rnn,0,89,1,0.24304362602578272,0.891545943810048,0.006304181826074456,20000,20000,20,,
hopper-medium-replay-v2,1,rnn,0,90,3,0.2517796651755307,0.941129687331142,0.006654791838878257,20000,20000,20,,
hopper-medium-replay-v2,1,rnn,0,91,2,0.2594997112864465,0.9541598009749337,0.006746928656049821,20000,20000,20,,
hopper-medium-replay-v2,1,rnn,0,92,1,0.2665799815622308,0.9675521143970347,0.006841626612415254,20000,20000,20,,
hopper-medium-replay-v2,1,rnn,0,93,5,0.2754636594357292,0.9962529250913326,0.007044571991090148,20000,20000,20,,
hopper-medium-replay-v2,1,rnn,0,94,5,0.28652119675395504,1.0436197268647145,0.007379505858460921,20000,20000,20,,
hopper-medium-replay-v2,1,rnn,0,95,3,0.29350361343855075,1.0576608898481432,0.007478791874074201,20000,20000,20,,
hopper-medium-replay-v2,1,rnn,0,96,1,0.3004252836579997,1.079144566410508,0.0076307044078948675,20000,20000,20,,
hopper-medium-replay-v2,1,rnn,0,97,5,0.3054051375024956,1.1001303170237953,0.00777909607356432,20000,20000,20,,
hopper-medium-replay-v2,1,rnn,0,98,1,0.3051494362728974,1.067497048143269,0.007548344016387279,20000,20000,20,,
hopper-medium-replay-v2,1,rnn,0,99,5,0.31662831208429115,1.0963638913441842,0.007752463422175438,20000,20000,20,,
hopper-medium-replay-v2,1,rnn,0,100,2,0.321865122358011,1.0811543596532527,0.0076449157922021446,20000,20000,20,,
hopper-medium-replay-v2,1,rnn,1,1,1,0.0019170401323319395,0.011563105670537348,8.176350431213579e-05,20000,20000,20,,
hopper-medium-replay-v2,1,rnn,1,2,3,0.0016307615147668297,0.007804735984745351,5.518781740184104e-05,20000,20000,20,,
hopper-medium-replay-v2,1,rnn,1,3,4,0.0022206047951496615,0.014113865419223444,9.980009946687212e-05,20000,20000,20,,
hopper-medium-replay-v2,1,rnn,1,4,2,0.0033523043908976645,0.02399842289973613,0.00016969447570185946,20000,20000,20,,
hopper-medium-replay-v2,1,rnn,1,5,3,0.0048357400162306425,0.047062244198221914,0.0003327803201041997,20000,20000,20,,
hopper-medium-replay-v2,1,rnn,1,6,5,0.005585149924861437,0.05207128253879551,0.0003681995698826297,20000,20000,20,,
hopper-medium-replay-v2,1,rnn,1,7,3,0.005909843185607461,0.05259965902232065,0.000371935755827831,20000,20000,20,,
hopper-medium-replay-v2,1,rnn,1,8,3,0.006799298657428881,0.07358739964739582,0.0005203414930055814,20000,20000,20,,
hopper-medium-replay-v2,1,rnn,1,9,5,0.0063945303872524955,0.06352031554313127,0.00044915645863657374,20000,20000,20,,
hopper-medium-replay-v2,1,rnn,1,10,1,0.008441622755728405,0.0869499029732161,0.0006148286601587345,20000,20000,20,,
hopper-medium-replay-v2,1,rnn,1,11,2,0.008172891744225225,0.06939437466802076,0.0004906923290395745,20000,20000,20,,
hopper-medium-replay-v2,1,rnn,1,12,1,0.009200999260373897,0.07001807606788445,0.0004951025639323661,20000,20000,20,,
hopper-medium-replay-v2,1,rnn,1,13,2,0.010737071841786154,0.07861488049992951,0.0005558911510367023,20000,20000,20,,
hopper-medium-replay-v2,1,rnn,1,14,2,0.012918608207216806,0.0898796405492724,0.000635545033229999,20000,20000,20,,
hopper-medium-replay-v2,1,rnn,1,15,3,0.015716589920341754,0.11993321437761009,0.0008480558917590803,20000,20000,20,,
hopper-medium-replay-v2,1,rnn,1,16,2,0.01788948194900502,0.13563438363956506,0.0009590799243359417,20000,20000,20,,
hopper-medium-replay-v2,1,rnn,1,17,1,0.02001779016277212,0.15220725329260107,0.0010762678094897668,20000,20000,20,,
hopper-medium-replay-v2,1,rnn,1,18,2,0.020226416454970378,0.1525057270809871,0.0010783783378875088,20000,20000,20,,
hopper-medium-replay-v2,1,rnn,1,19,5,0.019915640034248373,0.1614080947454949,0.0011413275833294018,20000,20000,20,,
hopper-medium-replay-v2,1,rnn,1,20,1,0.021379725998627794,0.146470346229301,0.0010357017506148019,20000,20000,20,,
hopper-medium-replay-v2,1,rnn,1,21,1,0.022610718918284152,0.15362150554722787,0.0010862680830853164,20000,20000,20,,
hopper-medium-replay-v2,1,rnn,1,22,1,0.022843580968557452,0.14603256791441344,0.0010326061904636678,20000,20000,20,,
hopper-medium-replay-v2,1,rnn,1,23,2,0.024730244597394365,0.16128483691754214,0.0011404560188696046,20000,20000,20,,
hopper-medium-replay-v2,1,rnn,1,24,4,0.027665518504250745,0.16850849563272838,0.0011915349994944596,20000,20000,20,,
hopper-medium-replay-v2,1,rnn,1,25,5,0.02962929603935168,0.18972038906647487,0.001341525736382545,20000,20000,20,,
hopper-medium-replay-v2,1,rnn,1,26,3,0.03217687914543101,0.19537739013693975,0.0013815267745635978,20000,20000,20,,
hopper-medium-replay-v2,1,rnn,1,27,2,0.035392117024302554,0.2220730574249981,0.0015702936482404574,20000,20000,20,,
hopper-medium-replay-v2,1,rnn,1,28,4,0.03600036893852506,0.23792845500846763,0.0016824082397372583,20000,20000,20,,
hopper-medium-replay-v2,1,rnn,1,29,2,0.034224897337113334,0.21876552804691074,0.0015469058837182643,20000,20000,20,,
hopper-medium-replay-v2,1,rnn,1,30,5,0.03170193222716743,0.19096760228536303,0.0013503448656291583,20000,20000,20,,
hopper-medium-replay-v2,1,rnn,1,31,1,0.0326594861100768,0.18385023637417974,0.0013000174886293216,20000,20000,20,,
hopper-medium-replay-v2,1,rnn,1,32,5,0.030185910117207868,0.16114278133438684,0.0011394515342080594,20000,20000,20,,
hopper-medium-replay-v2,1,rnn,1,33,2,0.031143085860179734,0.1731946143894919,0.0012246708629979892,20000,20000,20,,
hopper-medium-replay-v2,1,rnn,1,34,4,0.03424467476500094,0.20690424759711354,0.001463033965322194,20000,20000,20,,
hopper-medium-replay-v2,1,rnn,1,35,2,0.0351370875392896,0.21240155885414924,0.001501905826003625,20000,20000,20,,
hopper-medium-replay-v2,1,rnn,1,36,4,0.03812744300093511,0.20498884244701893,0.0014494900056186788,20000,20000,20,,
hopper-medium-replay-v2,1,rnn,1,37,5,0.039949258649464366,0.2222041479335928,0.0015712205981162225,20000,20000,20,,
hopper-medium-replay-v2,1,rnn,1,38,5,0.04471407916513833,0.27463394104113625,0.0019419552205417392,20000,20000,20,,
hopper-medium-replay-v2,1,rnn,1,39,3,0.04557892160821126,0.2827652874270036,0.0019994525222379743,20000,20000,20,,
hopper-medium-replay-v2,1,rnn,1,40,5,0.04774266962624025,0.2883959853045477,0.002039267568758216,20000,20000,20,,
hopper-medium-replay-v2,1,rnn,1,41,3,0.04617309229866395,0.2554227055383711,0.0018061112715519693,20000,20000,20,,
hopper-medium-replay-v2,1,rnn,1,42,3,0.04641548037290595,0.25488425556384525,0.0018023038552687997,20000,20000,20,,
hopper-medium-replay-v2,1,rnn,1,43,2,0.046369628678904914,0.26628860841824653,0.0018829448076527128,20000,20000,20,,
hopper-medium-replay-v2,1,rnn,1,44,2,0.050410238978405304,0.28769851771806887,0.0020343357281576457,20000,20000,20,,
hopper-medium-replay-v2,1,rnn,1,45,3,0.055237357369885456,0.3188808703643863,0.002254828258253259,20000,20000,20,,
hopper-medium-replay-v2,1,rnn,1,46,4,0.054731290138709685,0.2796817696728093,0.0019776487590989753,20000,20000,20,,
hopper-medium-replay-v2,1,rnn,1,47,5,0.0568250000449786,0.30020843081282317,0.002122794171971197,20000,20000,20,,
hopper-medium-replay-v2,1,rnn,1,48,5,0.05844299408509185,0.3050690167589243,0.0021571637048014786,20000,20000,20,,
hopper-medium-replay-v2,1,rnn,1,49,1,0.06354828192106865,0.32921272715886446,0.0023278855182694972,20000,20000,20,,
hopper-medium-replay-v2,1,rnn,1,50,5,0.06779247745132432,0.35572623300821926,0.002515364316060577,20000,20000,20,,
hopper-medium-replay-v2,1,rnn,1,51,5,0.0686384085472895,0.3767194732813252,0.0026638089416224945,20000,20000,20,,
hopper-medium-replay-v2,1,rnn,1,52,2,0.06939308091313555,0.36491850494908284,0.002580363494299532,20000,20000,20,,
hopper-medium-replay-v2,1,rnn,1,53,5,0.07148365868210263,0.3627360429560496,0.0025649311575499747,20000,20000,20,,
hopper-medium-replay-v2,1,rnn,1,54,3,0.07600629662859186,0.37527005057962254,0.0026535599754106977,20000,20000,20,,
hopper-medium-replay-v2,1,rnn,1,55,5,0.07725506767083103,0.3878090989078467,0.002742224436435829,20000,20000,20,,
hopper-medium-replay-v2,1,rnn,1,56,3,0.07741445808444114,0.3911629632781003,0.0027659398388296917,20000,20000,20,,
hopper-medium-replay-v2,1,rnn,1,57,4,0.08026727793400774,0.40446233518097807,0.002859980599410159,20000,20000,20,,
hopper-medium-replay-v2,1,rnn,1,58,4,0.08752918990316834,0.45201521062499994,0.0031962302063240303,20000,20000,20,,
hopper-medium-replay-v2,1,rnn,1,59,4,0.09192868745905915,0.46714469885792514,0.003303211843577865,20000,20000,20,,
hopper-medium-replay-v2,1,rnn,1,60,5,0.09215299784876128,0.46281614070229965,0.0032726043153318337,20000,20000,20,,
hopper-medium-replay-v2,1,rnn,1,61,1,0.09456510367637616,0.45554344864759533,0.0032211786166382044,20000,20000,20,,
hopper-medium-replay-v2,1,rnn,1,62,2,0.09383726847424519,0.4457341663663933,0.0031518165164420944,20000,20000,20,,
hopper-medium-replay-v2,1,rnn,1,63,4,0.09647061007099363,0.45689646330113465,0.0032307458750038287,20000,20000,20,,
hopper-medium-replay-v2,1,rnn,1,64,1,0.1009726911643012,0.47204063013982966,0.0033378313056744453,20000,20000,20,,
hopper-medium-replay-v2,1,rnn,1,65,5,0.11221042877582804,0.537718853798856,0.003802246478930288,20000,20000,20,,
hopper-medium-replay-v2,1,rnn,1,66,4,0.11877248990218914,0.5492615181461203,0.003883865441259396,20000,20000,20,,
hopper-medium-replay-v2,1,rnn,1,67,5,0.12776268030914434,0.6087145677069931,0.004304261986326526,20000,20000,20,,
hopper-medium-replay-v2,1,rnn,1,68,3,0.1365701514898298,0.6921010056506316,0.004893893143615906,20000,20000,20,,
hopper-medium-replay-v2,1,rnn,1,69,5,0.13811590356578282,0.6904287385112998,0.004882068429274137,20000,20000,20,,
hopper-medium-replay-v2,1,rnn,1,70,5,0.13950746414937518,0.7036502878395924,0.004975558901152418,20000,20000,20,,
hopper-medium-replay-v2,1,rnn,1,71,4,0.13688708688926862,0.6680041307616613,0.004723502507221959,20000,20000,20,,
hopper-medium-replay-v2,1,rnn,1,72,2,0.14127206749455323,0.7032818935765199,0.004972953960336731,20000,20000,20,,
hopper-medium-replay-v2,1,rnn,1,73,2,0.1427670106345659,0.6861959318403315,0.004852137966269203,20000,20000,20,,
hopper-medium-replay-v2,1,rnn,1,74,4,0.1416635989350585,0.6478491589845007,0.004580985335039422,20000,20000,20,,
hopper-medium-replay-v2,1,rnn,1,75,2,0.14418855556075524,0.6676172053803656,0.004720766531612686,20000,20000,20,,
hopper-medium-replay-v2,1,rnn,1,76,3,0.15089760162635782,0.6894757615423431,0.004875329864503499,20000,20000,20,,
hopper-medium-replay-v2,1,rnn,1,77,3,0.15560188089201546,0.6983308834396131,0.004937945031921429,20000,20000,20,,
hopper-medium-replay-v2,1,rnn,1,78,4,0.1651004395057177,0.7392444387302456,0.005227247555805999,20000,20000,20,,
hopper-medium-replay-v2,1,rnn,1,79,1,0.1700416082184998,0.74728034773121,0.0052840700132817985,20000,20000,20,,
hopper-medium-replay-v2,1,rnn,1,80,2,0.17284670292402432,0.7477915811697343,0.005287684979593297,20000,20000,20,,
hopper-medium-replay-v2,1,rnn,1,81,1,0.18040465208938375,0.7879328419501355,0.0055715265566252895,20000,20000,20,,
hopper-medium-replay-v2,1,rnn,1,82,1,0.1829726908364912,0.7742864038275643,0.005475031667270163,20000,20000,20,,
hopper-medium-replay-v2,1,rnn,1,83,3,0.1859387398366135,0.7784789448076422,0.005504677408844319,20000,20000,20,,
hopper-medium-replay-v2,1,rnn,1,84,3,0.19440275324938489,0.7924574985371692,0.005603520710177608,20000,20000,20,,
hopper-medium-replay-v2,1,rnn,1,85,5,0.19820966186882724,0.8043842608367886,0.005687855655174218,20000,20000,20,,
hopper-medium-replay-v2,1,rnn,1,86,1,0.20744598417699767,0.8163466040029956,0.005772442194891274,20000,20000,20,,
hopper-medium-replay-v2,1,rnn,1,87,5,0.2220070826211529,0.8668081481863824,0.006129259195703447,20000,20000,20,,
hopper-medium-replay-v2,1,rnn,1,88,2,0.2328326419671609,0.9005573088449828,0.006367901799313953,20000,20000,20,,
hopper-medium-replay-v2,1,rnn,1,89,2,0.23686547517258105,0.9211264993414255,0.006513347940149479,20000,20000,20,,
hopper-medium-replay-v2,1,rnn,1,90,5,0.23383683191508275,0.9005067523772764,0.006367544311102473,20000,20000,20,,
hopper-medium-replay-v2,1,rnn,1,91,1,0.23493644221410917,0.8840140654159879,0.006250923403199333,20000,20000,20,,
hopper-medium-replay-v2,1,rnn,1,92,1,0.23865170968298963,0.8875783727269927,0.006276126861897775,20000,20000,20,,
hopper-medium-replay-v2,1,rnn,1,93,3,0.24879210881677705,0.9305227665924282,0.006579789583059729,20000,20000,20,,
hopper-medium-replay-v2,1,rnn,1,94,1,0.2586908579796515,0.9540504775433806,0.006746155622651883,20000,20000,20,,
hopper-medium-replay-v2,1,rnn,1,95,3,0.26475705179533277,0.9648232225271446,0.0068223304329520125,20000,20000,20,,
hopper-medium-replay-v2,1,rnn,1,96,3,0.2720622747020902,0.9961676575387814,0.0070439690584439075,20000,20000,20,,
hopper-medium-replay-v2,1,rnn,1,97,4,0.2789195753836932,1.0190704102970276,0.007205915976275855,20000,20000,20,,
hopper-medium-replay-v2,1,rnn,1,98,4,0.2913820488197858,1.039696607533577,0.007351765215636408,20000,20000,20,,
hopper-medium-replay-v2,1,rnn,1,99,5,0.29161843685856725,1.0042184455391956,0.007100896726333788,20000,20000,20,,
hopper-medium-replay-v2,1,rnn,1,100,3,0.2904847157332933,0.991410971115131,0.007010334206182495,20000,20000,20,,
hopper-medium-replay-v2,1,rnn,2,1,5,0.0006079322783178941,0.0037081464171014335,2.6220554771650236e-05,20000,20000,20,,
hopper-medium-replay-v2,1,rnn,2,2,2,0.0009954951848124948,0.0049892870125885684,3.527958679887348e-05,20000,20000,20,,
hopper-medium-replay-v2,1,rnn,2,3,1,0.002571451567545647,0.014440070201272949,0.00010210671560129896,20000,20000,20,,
hopper-medium-replay-v2,1,rnn,2,4,2,0.002318187160625142,0.010886158700743536,7.69767663836869e-05,20000,20000,20,,
hopper-medium-replay-v2,1,rnn,2,5,4,0.0029809871791586376,0.01783712888371437,0.00012612754790572862,20000,20000,20,,
hopper-medium-replay-v2,1,rnn,2,6,2,0.004968212547461506,0.038764647929867634,0.00027410745421518467,20000,20000,20,,
hopper-medium-replay-v2,1,rnn,2,7,1,0.007776461344037344,0.07318404287211908,0.0005174893298952242,20000,20000,20,,
hopper-medium-replay-v2,1,rnn,2,8,2,0.009029456252883676,0.07779134936978141,0.0005500679065702429,20000,20000,20,,
hopper-medium-replay-v2,1,rnn,2,9,1,0.011207432912523149,0.08818868289535804,0.0006235881569921776,20000,20000,20,,
hopper-medium-replay-v2,1,rnn,2,10,2,0.013373786224060574,0.12223408117648474,0.0008643254769199927,20000,20000,20,,
hopper-medium-replay-v2,1,rnn,2,11,1,0.016105913524863274,0.1276398862997154,0.0009025502915240866,20000,20000,20,,
hopper-medium-replay-v2,1,rnn,2,12,3,0.01709750052580826,0.14666367171459616,0.0010370687682310859,20000,20000,20,,
hopper-medium-replay-v2,1,rnn,2,13,4,0.017878397489884144,0.14660460689867072,0.0010366511169123817,20000,20000,20,,
hopper-medium-replay-v2,1,rnn,2,14,2,0.019723163909409914,0.17488922457726347,0.0012366535665504,20000,20000,20,,
hopper-medium-replay-v2,1,rnn,2,15,1,0.01938649057922312,0.14704027756501126,0.0010397317737377162,20000,20000,20,,
hopper-medium-replay-v2,1,rnn,2,16,1,0.022092095761289697,0.17661288986204138,0.0012488417206640231,20000,20000,20,,
hopper-medium-replay-v2,1,rnn,2,17,2,0.021745149828352333,0.1544586322757754,0.0010921874629500011,20000,20000,20,,
hopper-medium-replay-v2,1,rnn,2,18,4,0.021203088409117204,0.159062691357839,0.001124743076929108,20000,20000,20,,
hopper-medium-replay-v2,1,rnn,2,19,1,0.022236608414307635,0.14893719446695572,0.0010531450017848393,20000,20000,20,,
hopper-medium-replay-v2,1,rnn,2,20,2,0.023253977769838355,0.1489401783675421,0.0010531661011482295,20000,20000,20,,
hopper-medium-replay-v2,1,rnn,2,21,2,0.025222637315655966,0.15680732065307912,0.0011087951977348561,20000,20000,20,,
hopper-medium-replay-v2,1,rnn,2,22,3,0.026643531245119048,0.17184736449967875,0.0012151443676675922,20000,20000,20,,
hopper-medium-replay-v2,1,rnn,2,23,3,0.02871500954402491,0.19207988712800056,0.0013582099071775583,20000,20000,20,,
hopper-medium-replay-v2,1,rnn,2,24,2,0.030953990234586018,0.20530654669779042,0.0014517365139200017,20000,20000,20,,
hopper-medium-replay-v2,1,rnn,2,25,5,0.02982403466065688,0.18293064230819925,0.0012935149766293843,20000,20000,20,,
hopper-medium-replay-v2,1,rnn,2,26,1,0.03304722872768589,0.2005063552494231,0.0014177940346786597,20000,20000,20,,
hopper-medium-replay-v2,1,rnn,2,27,3,0.031327545427437466,0.1854725250582105,0.001311488801924525,20000,20000,20,,
hopper-medium-replay-v2,1,rnn,2,28,1,0.03258208826513424,0.19286358987256197,0.0013637515224286972,20000,20000,20,,
hopper-medium-replay-v2,1,rnn,2,29,1,0.03236714001054521,0.18693404200641778,0.0013218232873734893,20000,20000,20,,
hopper-medium-replay-v2,1,rnn,2,30,3,0.033254325418993105,0.19004140256349275,0.0013437956445884825,20000,20000,20,,
hopper-medium-replay-v2,1,rnn,2,31,2,0.03584781132421309,0.18536298865860243,0.0013107142626150288,20000,20000,20,,
hopper-medium-replay-v2,1,rnn,2,32,3,0.03855337656823275,0.20908518345608923,0.0014784555106743403,20000,20000,20,,
hopper-medium-replay-v2,1,rnn,2,33,2,0.04011447295194859,0.2192164159348635,0.001550094142549527,20000,20000,20,,
hopper-medium-replay-v2,1,rnn,2,34,1,0.044551602063685414,0.2552861356937707,0.0018051455769197437,20000,20000,20,,
hopper-medium-replay-v2,1,rnn,2,35,2,0.04612219224764223,0.26270540378404833,0.0018576077247005067,20000,20000,20,,
hopper-medium-replay-v2,1,rnn,2,36,1,0.04911409980829518,0.2733121481812494,0.0019326087335962395,20000,20000,20,,
hopper-medium-replay-v2,1,rnn,2,37,1,0.049557415265207704,0.28779804607335824,0.0020350394999071003,20000,20000,20,,
hopper-medium-replay-v2,1,rnn,2,38,2,0.05047348942876414,0.28080410544692147,0.001985584871465405,20000,20000,20,,
hopper-medium-replay-v2,1,rnn,2,39,1,0.05258110506551061,0.2892566806281517,0.0020453536037567752,20000,20000,20,,
hopper-medium-replay-v2,1,rnn,2,40,4,0.057902718232288646,0.3202092297851704,0.002264221177796154,20000,20000,20,,
hopper-medium-replay-v2,1,rnn,2,41,1,0.062400185042461906,0.3372521183106228,0.0023847325982696917,20000,20000,20,,
hopper-medium-replay-v2,1,rnn,2,42,5,0.06723231214293764,0.35373347841219954,0.002501273413179715,20000,20000,20,,
hopper-medium-replay-v2,1,rnn,2,43,5,0.07175618595849562,0.3766552704764344,0.0026633549592353996,20000,20000,20,,
hopper-medium-replay-v2,1,rnn,2,44,1,0.07454139320504978,0.38324662584786157,0.002709962880038865,20000,20000,20,,
hopper-medium-replay-v2,1,rnn,2,45,4,0.07404967917645028,0.391217925511787,0.0027663284805111822,20000,20000,20,,
hopper-medium-replay-v2,1,rnn,2,46,3,0.07495044792864039,0.3978967225306952,0.0028135547071335668,20000,20000,20,,
hopper-medium-replay-v2,1,rnn,2,47,4,0.07482898283860014,0.4004050436105511,0.00283129121558316,20000,20000,20,,
hopper-medium-replay-v2,1,rnn,2,48,3,0.07631266374475122,0.41932009524888764,0.0029650408283827747,20000,20000,20,,
hopper-medium-replay-v2,1,rnn,2,49,3,0.07592449098360914,0.3901751134434425,0.0027589546856608867,20000,20000,20,,
hopper-medium-replay-v2,1,rnn,2,50,4,0.07808971995403079,0.3914582913400004,0.002768028123582134,20000,20000,20,,
hopper-medium-replay-v2,1,rnn,2,51,3,0.08007510316102691,0.40349373980948083,0.002853131595856043,20000,20000,20,,
hopper-medium-replay-v2,1,rnn,2,52,1,0.08015350606738321,0.37852758420596394,0.0026765942165819898,20000,20000,20,,
hopper-medium-replay-v2,1,rnn,2,53,5,0.08070721409033393,0.3867858086400868,0.002734988681561277,20000,20000,20,,
hopper-medium-replay-v2,1,rnn,2,54,5,0.08193955022642326,0.3982864149584264,0.002816310248715825,20000,20000,20,,
hopper-medium-replay-v2,1,rnn,2,55,5,0.08987298515561148,0.45375869441624145,0.003208558498440787,20000,20000,20,,
hopper-medium-replay-v2,1,rnn,2,56,5,0.09258920757563312,0.44868003055657474,0.003172646921895413,20000,20000,20,,
hopper-medium-replay-v2,1,rnn,2,57,4,0.09412717327513966,0.44740960489512677,0.0031636636558933806,20000,20000,20,,
hopper-medium-replay-v2,1,rnn,2,58,1,0.09691990107460997,0.46636734959133,0.0032977151542002672,20000,20000,20,,
hopper-medium-replay-v2,1,rnn,2,59,3,0.10539651557510812,0.5136059061440293,0.003631742190919046,20000,20000,20,,
hopper-medium-replay-v2,1,rnn,2,60,3,0.10611047383378991,0.4906348357014691,0.003469312194108564,20000,20000,20,,
hopper-medium-replay-v2,1,rnn,2,61,4,0.11127361809230078,0.525416534078525,0.0037152559419445772,20000,20000,20,,
hopper-medium-replay-v2,1,rnn,2,62,2,0.11872598174083883,0.5737742518323647,0.004057196643409029,20000,20000,20,,
hopper-medium-replay-v2,1,rnn,2,63,1,0.12416675816402072,0.6023824022102813,0.004259486814703322,20000,20000,20,,
hopper-medium-replay-v2,1,rnn,2,64,5,0.13041636473894946,0.6340483923495558,0.004483399178307996,20000,20000,20,,
hopper-medium-replay-v2,1,rnn,2,65,5,0.13727784656400455,0.6497704333884307,0.004594570796634812,20000,20000,20,,
hopper-medium-replay-v2,1,rnn,2,66,3,0.13804212443351938,0.6594474159158165,0.004662997396300194,20000,20000,20,,
hopper-medium-replay-v2,1,rnn,2,67,3,0.1374870092086559,0.6341933049591557,0.004484423865197271,20000,20000,20,,
hopper-medium-replay-v2,1,rnn,2,68,5,0.13926500173481127,0.6240992455941338,0.004413048086930205,20000,20000,20,,
hopper-medium-replay-v2,1,rnn,2,69,2,0.14578498749457577,0.6789291698453316,0.004800754199429872,20000,20000,20,,
hopper-medium-replay-v2,1,rnn,2,70,4,0.14722821483168713,0.6908015586290357,0.004884704665608275,20000,20000,20,,
hopper-medium-replay-v2,1,rnn,2,71,1,0.1509575137042925,0.6903455490230939,0.004881480190761798,20000,20000,20,,
hopper-medium-replay-v2,1,rnn,2,72,3,0.15516845032122306,0.726885290602981,0.005139855181301221,20000,20000,20,,
hopper-medium-replay-v2,1,rnn,2,73,2,0.16328185744841978,0.7535741624871657,0.0053285740042164804,20000,20000,20,,
hopper-medium-replay-v2,1,rnn,2,74,1,0.16821378667884976,0.7651245623788223,0.005410247665104548,20000,20000,20,,
hopper-medium-replay-v2,1,rnn,2,75,1,0.1748345153051277,0.7937051155194282,0.0056123426944623975,20000,20000,20,,
hopper-medium-replay-v2,1,rnn,2,76,4,0.18576347007117122,0.8611135562012897,0.006088992349615951,20000,20000,20,,
hopper-medium-replay-v2,1,rnn,2,77,4,0.1880630203267295,0.8507804556847386,0.006015926295156596,20000,20000,20,,
hopper-medium-replay-v2,1,rnn,2,78,1,0.18876159911129267,0.8155567097610482,0.005766856799142262,20000,20000,20,,
hopper-medium-replay-v2,1,rnn,2,79,4,0.19749651935706464,0.8299550406666418,0.005868668373353392,20000,20000,20,,
hopper-medium-replay-v2,1,rnn,2,80,4,0.20296607966177377,0.8176882818477216,0.005781929289913008,20000,20000,20,,
hopper-medium-replay-v2,1,rnn,2,81,5,0.20565620888206348,0.8073521946525949,0.005708842116446913,20000,20000,20,,
hopper-medium-replay-v2,1,rnn,2,82,3,0.21315029420070614,0.857862357093215,0.006066002900252878,20000,20000,20,,
hopper-medium-replay-v2,1,rnn,2,83,3,0.21937508390418797,0.8779314426018149,0.006207912764806315,20000,20000,20,,
hopper-medium-replay-v2,1,rnn,2,84,2,0.22724057695713745,0.9076777338193319,0.006418250807156876,20000,20000,20,,
hopper-medium-replay-v2,1,rnn,2,85,2,0.228962743758551,0.9023619539967301,0.006380662567558313,20000,20000,20,,
hopper-medium-replay-v2,1,rnn,2,86,3,0.22804891101834787,0.8867010805270915,0.006269923469261454,20000,20000,20,,
hopper-medium-replay-v2,1,rnn,2,87,2,0.2280975152430266,0.8772910694983621,0.006203384643166905,20000,20000,20,,
hopper-medium-replay-v2,1,rnn,2,88,2,0.23415743971846545,0.9060320283522859,0.006406613912201036,20000,20000,20,,
hopper-medium-replay-v2,1,rnn,2,89,2,0.23972899934811986,0.9155993255744934,0.006474264919635537,20000,20000,20,,
hopper-medium-replay-v2,1,rnn,2,90,1,0.24678876540732403,0.9339842716059494,0.00660426611974145,20000,20000,20,,
hopper-medium-replay-v2,1,rnn,2,91,2,0.2569759824417153,0.981724398504847,0.006941839794390618,20000,20000,20,,
hopper-medium-replay-v2,1,rnn,2,92,2,0.26587880929962765,0.9889827143117331,0.006993163837661045,20000,20000,20,,
hopper-medium-replay-v2,1,rnn,2,93,2,0.28193866028203807,1.0405490704153624,0.007357793038480611,20000,20000,20,,
hopper-medium-replay-v2,1,rnn,2,94,3,0.2994733338989823,1.1015431515219192,0.007789086322107497,20000,20000,20,,
hopper-medium-replay-v2,1,rnn,2,95,4,0.30482947671961563,1.0837776552635585,0.007663465293353186,20000,20000,20,,
hopper-medium-replay-v2,1,rnn,2,96,4,0.31494537276376666,1.1136024807852674,0.007874358657094245,20000,20000,20,,
hopper-medium-replay-v2,1,rnn,2,97,5,0.32040084743227665,1.1306234854653872,0.007994715335413452,20000,20000,20,,
hopper-medium-replay-v2,1,rnn,2,98,3,0.32162130046772475,1.1201194669962706,0.00792044070852124,20000,20000,20,,
hopper-medium-replay-v2,1,rnn,2,99,3,0.31531801810392585,1.0692018090416553,0.007560398496302785,20000,20000,20,,
hopper-medium-replay-v2,1,rnn,2,100,1,0.3209725639368167,1.0713645725815173,0.007575691543954179,20000,20000,20,,
hopper-medium-replay-v2,1,rnn,3,1,4,0.0005992985111008194,0.0037609429486933042,2.659388262676765e-05,20000,20000,20,,
hopper-medium-replay-v2,1,rnn,3,2,1,0.0021599584560638707,0.0127910519765716,9.04463959114337e-05,20000,20000,20,,
hopper-medium-replay-v2,1,rnn,3,3,2,0.0018893144217394973,0.00833163387007936,5.891354807896634e-05,20000,20000,20,,
hopper-medium-replay-v2,1,rnn,3,4,4,0.0024570593724235414,0.013613732209890485,9.626362362871285e-05,20000,20000,20,,
hopper-medium-replay-v2,1,rnn,3,5,1,0.004558655401687619,0.02795757725217823,0.0001976899246056199,20000,20000,20,,
hopper-medium-replay-v2,1,rnn,3,6,2,0.006942572506776781,0.06527711810940041,0.0004615789287147222,20000,20000,20,,
hopper-medium-replay-v2,1,rnn,3,7,3,0.009095016748504763,0.09122647941672131,0.0006450686221933864,20000,20000,20,,
hopper-medium-replay-v2,1,rnn,3,8,3,0.010116467949632005,0.08494395538419737,0.000600644468729735,20000,20000,20,,
hopper-medium-replay-v2,1,rnn,3,9,1,0.012933569432953672,0.12051959139979923,0.0008522022034462994,20000,20000,20,,
hopper-medium-replay-v2,1,rnn,3,10,1,0.01520390221510755,0.13972736228916655,0.0009880216539197913,20000,20000,20,,
hopper-medium-replay-v2,1,rnn,3,11,4,0.015009092788107296,0.13347178362298792,0.0009437880329687834,20000,20000,20,,
hopper-medium-replay-v2,1,rnn,3,12,1,0.015471020997821707,0.12273758650328571,0.0008678857972294379,20000,20000,20,,
hopper-medium-replay-v2,1,rnn,3,13,3,0.015866862413359134,0.12684425134320745,0.0008969243027931283,20000,20000,20,,
hopper-medium-replay-v2,1,rnn,3,14,3,0.017334381090715147,0.14139039342452317,0.0009997810598511418,20000,20000,20,,
hopper-medium-replay-v2,1,rnn,3,15,3,0.016726671249225604,0.12750955129423822,0.0009016286838620976,20000,20000,20,,
hopper-medium-replay-v2,1,rnn,3,16,4,0.017209171256833935,0.1267054622646682,0.0008959429158072309,20000,20000,20,,
hopper-medium-replay-v2,1,rnn,3,17,1,0.01908754455729788,0.1406420921706835,0.0009944897709415373,20000,20000,20,,
hopper-medium-replay-v2,1,rnn,3,18,4,0.018846143467868177,0.1491596281301392,0.0010547178453008514,20000,20000,20,,
hopper-medium-replay-v2,1,rnn,3,19,1,0.020210238857407303,0.14254116774375533,0.0010079182630985857,20000,20000,20,,
hopper-medium-replay-v2,1,rnn,3,20,2,0.018673626797875056,0.1158100964570415,0.0008189010453464221,20000,20000,20,,
hopper-medium-replay-v2,1,rnn,3,21,4,0.01888299950221875,0.11123366060066221,0.0007865407570693115,20000,20000,20,,
hopper-medium-replay-v2,1,rnn,3,22,1,0.020584697021276733,0.11755248289334808,0.0008312215779920205,20000,20000,20,,
hopper-medium-replay-v2,1,rnn,3,23,4,0.023067396879164186,0.13855403758894877,0.0009797249953992148,20000,20000,20,,
hopper-medium-replay-v2,1,rnn,3,24,5,0.025672811914044302,0.15285730263664377,0.0010808643524825514,20000,20000,20,,
hopper-medium-replay-v2,1,rnn,3,25,4,0.026557182687818776,0.15798796488415598,0.0011171436131544882,20000,20000,20,,
hopper-medium-replay-v2,1,rnn,3,26,3,0.028490765776582886,0.1912721579187176,0.0013524983991650941,20000,20000,20,,
hopper-medium-replay-v2,1,rnn,3,27,2,0.02790060285394443,0.1705046889339239,0.0012056502176928047,20000,20000,20,,
hopper-medium-replay-v2,1,rnn,3,28,4,0.026888599909068712,0.15312679773957685,0.0010827699706303568,20000,20000,20,,
hopper-medium-replay-v2,1,rnn,3,29,1,0.0275028322596193,0.15999244113829217,0.0011313174006747594,20000,20000,20,,
hopper-medium-replay-v2,1,rnn,3,30,4,0.026394724520005276,0.13511316125261713,0.0009553943254927705,20000,20000,20,,
hopper-medium-replay-v2,1,rnn,3,31,1,0.028444438863349655,0.15539684243927346,0.0010988216106378773,20000,20000,20,,
hopper-medium-replay-v2,1,rnn,3,32,4,0.029609307141571457,0.16310696224476143,0.0011533403906200898,20000,20000,20,,
hopper-medium-replay-v2,1,rnn,3,33,1,0.03227127507170735,0.16640572131843173,0.0011766661397250191,20000,20000,20,,
hopper-medium-replay-v2,1,rnn,3,34,2,0.03743241146167306,0.20120075972916726,0.001422704215843794,20000,20000,20,,
hopper-medium-replay-v2,1,rnn,3,35,4,0.0409990764321566,0.22810109039003368,0.0016129182781083843,20000,20000,20,,
hopper-medium-replay-v2,1,rnn,3,36,3,0.044609103393349975,0.2482305714062642,0.001755255203391809,20000,20000,20,,
hopper-medium-replay-v2,1,rnn,3,37,3,0.04722499906211696,0.24917503062739277,0.0017619335385899509,20000,20000,20,,
hopper-medium-replay-v2,1,rnn,3,38,2,0.05127822156893497,0.2888490480322656,0.0020424712060289375,20000,20000,20,,
hopper-medium-replay-v2,1,rnn,3,39,1,0.05327746153438277,0.2968168775117963,0.0020988122685920802,20000,20000,20,,
hopper-medium-replay-v2,1,rnn,3,40,3,0.05593368843224667,0.32189789800671315,0.002276161865302425,20000,20000,20,,
hopper-medium-replay-v2,1,rnn,3,41,1,0.05594567697993247,0.3130214400850634,0.002213395829409269,20000,20000,20,,
hopper-medium-replay-v2,1,rnn,3,42,5,0.055973430878438174,0.3249178867942724,0.00229751641081033,20000,20000,20,,
hopper-medium-replay-v2,1,rnn,3,43,1,0.056510992789539125,0.3239901308070754,0.0022909561853119956,20000,20000,20,,
hopper-medium-replay-v2,1,rnn,3,44,3,0.060856658928594494,0.33654204051705305,0.0023797115900396604,20000,20000,20,,
hopper-medium-replay-v2,1,rnn,3,45,2,0.0643272938909327,0.3421353530151581,0.0024192622820067154,20000,20000,20,,
hopper-medium-replay-v2,1,rnn,3,46,1,0.0678829006361521,0.35394381470779784,0.0025027607153891873,20000,20000,20,,
hopper-medium-replay-v2,1,rnn,3,47,2,0.06848483131704076,0.35034840494350955,0.0024773373291344615,20000,20000,20,,
hopper-medium-replay-v2,1,rnn,3,48,5,0.07090270492985994,0.3632683028156504,0.002568694803110746,20000,20000,20,,
hopper-medium-replay-v2,1,rnn,3,49,3,0.07262787452508761,0.3719217164961885,0.002629883678049955,20000,20000,20,,
hopper-medium-replay-v2,1,rnn,3,50,2,0.07610752289929794,0.38003743238361704,0.0026872704554317963,20000,20000,20,,
hopper-medium-replay-v2,1,rnn,3,51,5,0.07700063699873348,0.3586250329783902,0.0025358619272226896,20000,20000,20,,
hopper-medium-replay-v2,1,rnn,3,52,2,0.08021245053679335,0.3990018553464969,0.0028213691762152184,20000,20000,20,,
hopper-medium-replay-v2,1,rnn,3,53,5,0.08371774940138335,0.4124502590947784,0.0029164637510806627,20000,20000,20,,
hopper-medium-replay-v2,1,rnn,3,54,3,0.08454385801620172,0.421460817851883,0.0029801780230749478,20000,20000,20,,
hopper-medium-replay-v2,1,rnn,3,55,1,0.08330605460543261,0.3882841392907236,0.002745583479196526,20000,20000,20,,
hopper-medium-replay-v2,1,rnn,3,56,2,0.08477817241077533,0.4015657200581612,0.0028394984374518458,20000,20000,20,,
hopper-medium-replay-v2,1,rnn,3,57,4,0.08745120418738316,0.42203959577437444,0.0029842706010128955,20000,20000,20,,
hopper-medium-replay-v2,1,rnn,3,58,4,0.09270378785334069,0.4620934274256159,0.0032674939607438675,20000,20000,20,,
hopper-medium-replay-v2,1,rnn,3,59,4,0.10186165350515117,0.5018414150406406,0.0035485546765548965,20000,20000,20,,
hopper-medium-replay-v2,1,rnn,3,60,3,0.10631855314246788,0.5109393861335655,0.00361288704710336,20000,20000,20,,
hopper-medium-replay-v2,1,rnn,3,61,5,0.11269306529861099,0.5581472035679486,0.003946696725432048,20000,20000,20,,
hopper-medium-replay-v2,1,rnn,3,62,4,0.11798883787142772,0.6069858292013387,0.004292037959124061,20000,20000,20,,
hopper-medium-replay-v2,1,rnn,3,63,4,0.11879828479015546,0.579367445162047,0.004096746492728086,20000,20000,20,,
hopper-medium-replay-v2,1,rnn,3,64,5,0.12068464262400162,0.5780372484138006,0.004087340581318113,20000,20000,20,,
hopper-medium-replay-v2,1,rnn,3,65,2,0.12380501038816287,0.6056415055419245,0.004282532155367248,20000,20000,20,,
hopper-medium-replay-v2,1,rnn,3,66,1,0.1281663846475364,0.6255441320291969,0.004423264976892981,20000,20000,20,,
hopper-medium-replay-v2,1,rnn,3,67,2,0.1289415770158,0.5974561931880923,0.004224653256652,20000,20000,20,,
hopper-medium-replay-v2,1,rnn,3,68,1,0.1342511497038459,0.6519705043615115,0.004610127647676383,20000,20000,20,,
hopper-medium-replay-v2,1,rnn,3,69,1,0.1374651160919707,0.6710902249961325,0.004745324488827711,20000,20000,20,,
hopper-medium-replay-v2,1,rnn,3,70,1,0.14636514598374076,0.6946871619234691,0.004912180029993222,20000,20000,20,,
hopper-medium-replay-v2,1,rnn,3,71,2,0.15010951992804186,0.7003373378150308,0.004952132806871422,20000,20000,20,,
hopper-medium-replay-v2,1,rnn,3,72,2,0.15905736725329356,0.7469596523476566,0.00528180235447774,20000,20000,20,,
hopper-medium-replay-v2,1,rnn,3,73,4,0.16949665552780038,0.7814556389999409,0.005525725815333248,20000,20000,20,,
hopper-medium-replay-v2,1,rnn,3,74,4,0.18299752091749483,0.8173348548140027,0.005779430183391035,20000,20000,20,,
hopper-medium-replay-v2,1,rnn,3,75,3,0.187367597646904,0.8298688602074095,0.005868058985482103,20000,20000,20,,
hopper-medium-replay-v2,1,rnn,3,76,2,0.18494115361768712,0.8195067421067409,0.005794787745717717,20000,20000,20,,
hopper-medium-replay-v2,1,rnn,3,77,4,0.18337678052201564,0.7891043379351554,0.005579810284176694,20000,20000,20,,
hopper-medium-replay-v2,1,rnn,3,78,5,0.1790767469902441,0.7524738972914743,0.0053207939544067115,20000,20000,20,,
hopper-medium-replay-v2,1,rnn,3,79,3,0.1811665067593393,0.7444263297309494,0.005263889058465671,20000,20000,20,,
hopper-medium-replay-v2,1,rnn,3,80,2,0.17986564348886708,0.7360667889192039,0.005204778178509761,20000,20000,20,,
hopper-medium-replay-v2,1,rnn,3,81,4,0.18214449586668174,0.7574907384236879,0.005356268378253949,20000,20000,20,,
hopper-medium-replay-v2,1,rnn,3,82,5,0.1818816718435484,0.7249832166991059,0.00512640548774374,20000,20000,20,,
hopper-medium-replay-v2,1,rnn,3,83,5,0.1881170888888504,0.7326555327479163,0.005180656954798943,20000,20000,20,,
hopper-medium-replay-v2,1,rnn,3,84,3,0.19683062679386581,0.7744087764492575,0.005475896972376471,20000,20000,20,,
hopper-medium-replay-v2,1,rnn,3,85,3,0.20383892252065824,0.809351710880897,0.005722980831288162,20000,20000,20,,
hopper-medium-replay-v2,1,rnn,3,86,2,0.2069066480677825,0.8213418794938593,0.00580776412662612,20000,20000,20,,
hopper-medium-replay-v2,1,rnn,3,87,3,0.21215604508901575,0.8371619224868183,0.0059196287234159605,20000,20000,20,,
hopper-medium-replay-v2,1,rnn,3,88,4,0.22009280612334398,0.8573367817298039,0.0060622865212179525,20000,20000,20,,
hopper-medium-replay-v2,1,rnn,3,89,3,0.22477173780718226,0.8691579500587531,0.0061458748040874285,20000,20000,20,,
hopper-medium-replay-v2,1,rnn,3,90,4,0.23496636689667125,0.9023653625983934,0.006380686670011818,20000,20000,20,,
hopper-medium-replay-v2,1,rnn,3,91,4,0.24016938480112562,0.9049499025131631,0.006398962127011627,20000,20000,20,,
hopper-medium-replay-v2,1,rnn,3,92,2,0.2414592931997423,0.8798756113202482,0.006221660113652065,20000,20000,20,,
hopper-medium-replay-v2,1,rnn,3,93,3,0.24883390229404376,0.9010485009104653,0.0063713750517176305,20000,20000,20,,
hopper-medium-replay-v2,1,rnn,3,94,3,0.2603556454101274,0.9520830362029433,0.0067322437115177845,20000,20000,20,,
hopper-medium-replay-v2,1,rnn,3,95,5,0.2739970258043191,0.995482002803147,0.007039120747312709,20000,20000,20,,
hopper-medium-replay-v2,1,rnn,3,96,4,0.28177068155765783,1.0289915172991368,0.007276068796656543,20000,20000,20,,
hopper-medium-replay-v2,1,rnn,3,97,5,0.2880175794712288,1.0520021664873582,0.007438778657461503,20000,20000,20,,
hopper-medium-replay-v2,1,rnn,3,98,3,0.29308254835090186,1.0377468154437204,0.007337978103549993,20000,20000,20,,
hopper-medium-replay-v2,1,rnn,3,99,1,0.2944207791463094,1.0239168677887558,0.007240185605847188,20000,20000,20,,
hopper-medium-replay-v2,1,rnn,3,100,2,0.3006012850579038,1.0377265692490314,0.007337834941334415,20000,20000,20,,
hopper-medium-replay-v2,1,rnn,4,1,2,0.0007572628401031929,0.004637852808602205,3.279457171107694e-05,20000,20000,20,,
hopper-medium-replay-v2,1,rnn,4,2,3,0.0010303389531761099,0.005578123498854787,3.944328952336251e-05,20000,20000,20,,
hopper-medium-replay-v2,1,rnn,4,3,3,0.0012677806578388223,0.006042365951149704,4.2725979384686586e-05,20000,20000,20,,
hopper-medium-replay-v2,1,rnn,4,4,3,0.0016099885427371151,0.008267889079257122,5.8462804340409114e-05,20000,20000,20,,
hopper-medium-replay-v2,1,rnn,4,5,2,0.002204320332811352,0.013429501081100168,9.496091282397999e-05,20000,20000,20,,
hopper-medium-replay-v2,1,rnn,4,6,3,0.0027849390959679473,0.0205410047693092,0.0001452468376476375,20000,20000,20,,
hopper-medium-replay-v2,1,rnn,4,7,4,0.00349927902029374,0.02489054231121565,0.00017600271255671266,20000,20000,20,,
hopper-medium-replay-v2,1,rnn,4,8,1,0.005993457186161403,0.051570026749454045,0.000364655156205106,20000,20000,20,,
hopper-medium-replay-v2,1,rnn,4,9,5,0.005673576943808591,0.044964101352219475,0.000317944209761136,20000,20000,20,,
hopper-medium-replay-v2,1,rnn,4,10,4,0.0059245904030646645,0.045462141492099886,0.0003214658853632614,20000,20000,20,,
hopper-medium-replay-v2,1,rnn,4,11,2,0.007216570148362947,0.0652779045677309,0.0004615844898149082,20000,20000,20,,
hopper-medium-replay-v2,1,rnn,4,12,1,0.009062863552272706,0.06878671630891728,0.0004863955355759069,20000,20000,20,,
hopper-medium-replay-v2,1,rnn,4,13,4,0.010135778746640747,0.07678689448123113,0.0005429653379393441,20000,20000,20,,
hopper-medium-replay-v2,1,rnn,4,14,4,0.011302854249206698,0.08559558198930647,0.0006052521646424772,20000,20000,20,,
hopper-medium-replay-v2,1,rnn,4,15,1,0.012901016945660038,0.10889059543762823,0.0007699727844138785,20000,20000,20,,
hopper-medium-replay-v2,1,rnn,4,16,1,0.014370188694482791,0.13719693991071788,0.0009701288656891189,20000,20000,20,,
hopper-medium-replay-v2,1,rnn,4,17,3,0.01481437562364166,0.10124427445842868,0.0007159051302586688,20000,20000,20,,
hopper-medium-replay-v2,1,rnn,4,18,3,0.015162475618919766,0.09551456908823151,0.000675389995043995,20000,20000,20,,
hopper-medium-replay-v2,1,rnn,4,19,5,0.016784767314700036,0.10230030444247451,0.0007233723898872202,20000,20000,20,,
hopper-medium-replay-v2,1,rnn,4,20,4,0.0189625720921876,0.13002349397336224,0.0009194049430213264,20000,20000,20,,
hopper-medium-replay-v2,1,rnn,4,21,2,0.020368448171186413,0.14805899235161912,0.0010469351750747706,20000,20000,20,,
hopper-medium-replay-v2,1,rnn,4,22,1,0.021129658086209296,0.1491601668863796,0.0010547216548827613,20000,20000,20,,
hopper-medium-replay-v2,1,rnn,4,23,4,0.022974513897742365,0.1807745276406869,0.0012782689436052468,20000,20000,20,,
hopper-medium-replay-v2,1,rnn,4,24,4,0.02081946701109525,0.13527375509571452,0.0009565298954474802,20000,20000,20,,
hopper-medium-replay-v2,1,rnn,4,25,4,0.020400439501530157,0.12264013921936734,0.000867196740876769,20000,20000,20,,
hopper-medium-replay-v2,1,rnn,4,26,2,0.020880578285257103,0.11935127113781709,0.0008439409316478472,20000,20000,20,,
hopper-medium-replay-v2,1,rnn,4,27,5,0.022439449056948564,0.12780575529188398,0.0009037231624155964,20000,20000,20,,
hopper-medium-replay-v2,1,rnn,4,28,4,0.023133145461324757,0.1300864266321549,0.0009198499441192301,20000,20000,20,,
hopper-medium-replay-v2,1,rnn,4,29,4,0.024951262947052265,0.16094193862497547,0.0011380313617902929,20000,20000,20,,
hopper-medium-replay-v2,1,rnn,4,30,3,0.02495068252857306,0.16039000066775164,0.0011341285710668207,20000,20000,20,,
hopper-medium-replay-v2,1,rnn,4,31,3,0.025030179474075386,0.15828937568930637,0.0011192749093969358,20000,20000,20,,
hopper-medium-replay-v2,1,rnn,4,32,5,0.026965612735875142,0.16797061089486331,0.0011877315800380482,20000,20000,20,,
hopper-medium-replay-v2,1,rnn,4,33,5,0.026708069564154384,0.17543759962438812,0.0012405311636949534,20000,20000,20,,
hopper-medium-replay-v2,1,rnn,4,34,3,0.026952645899611848,0.16225427491880157,0.0011473109807159094,20000,20000,20,,
hopper-medium-replay-v2,1,rnn,4,35,1,0.028665306415386487,0.1504837120347673,0.0010640805323790762,20000,20000,20,,
hopper-medium-replay-v2,1,rnn,4,36,4,0.030037964117088263,0.1634626401033686,0.0011558554128774804,20000,20000,20,,
hopper-medium-replay-v2,1,rnn,4,37,5,0.03145753021707441,0.1784345174613458,0.0012617225729466704,20000,20000,20,,
hopper-medium-replay-v2,1,rnn,4,38,2,0.03343780897902144,0.18525840633845972,0.0013099747539373774,20000,20000,20,,
hopper-medium-replay-v2,1,rnn,4,39,4,0.035800785452502384,0.1963196485204005,0.0013881895474893477,20000,20000,20,,
hopper-medium-replay-v2,1,rnn,4,40,5,0.03827879797638314,0.1974241154386817,0.001395999307964476,20000,20000,20,,
hopper-medium-replay-v2,1,rnn,4,41,2,0.039650704347247566,0.20545972561384862,0.0014528196524227974,20000,20000,20,,
hopper-medium-replay-v2,1,rnn,4,42,2,0.04273046420515579,0.22754255292129485,0.0016089688217914644,20000,20000,20,,
hopper-medium-replay-v2,1,rnn,4,43,1,0.04414380795340922,0.2455871053168223,0.0017365630754149985,20000,20000,20,,
hopper-medium-replay-v2,1,rnn,4,44,5,0.044826551767370444,0.2542338026737755,0.0017977044587746925,20000,20000,20,,
hopper-medium-replay-v2,1,rnn,4,45,1,0.046990030797266234,0.25541091424721146,0.0018060278945325901,20000,20000,20,,
hopper-medium-replay-v2,1,rnn,4,46,3,0.04800692896648253,0.24850408472215865,0.001757189234595947,20000,20000,20,,
hopper-medium-replay-v2,1,rnn,4,47,1,0.052160809170394166,0.26345354572095797,0.001862897887069295,20000,20000,20,,
hopper-medium-replay-v2,1,rnn,4,48,5,0.05635816840794971,0.27092267093646105,0.0019157125779634319,20000,20000,20,,
hopper-medium-replay-v2,1,rnn,4,49,3,0.06288039424900457,0.33758368740104555,0.0023870771457923895,20000,20000,20,,
hopper-medium-replay-v2,1,rnn,4,50,3,0.0682942743247316,0.3783049383586158,0.002675019872697361,20000,20000,20,,
hopper-medium-replay-v2,1,rnn,4,51,1,0.06828489306243157,0.338984808199693,0.002396984565972241,20000,20000,20,,
hopper-medium-replay-v2,1,rnn,4,52,2,0.06791733587494289,0.34574999127731104,0.0024448216342737627,20000,20000,20,,
hopper-medium-replay-v2,1,rnn,4,53,3,0.0708166177629462,0.3645953216714173,0.0025780782434274975,20000,20000,20,,
hopper-medium-replay-v2,1,rnn,4,54,5,0.07269695291226119,0.36869546032253353,0.0026070706018675913,20000,20000,20,,
hopper-medium-replay-v2,1,rnn,4,55,5,0.0758429689279078,0.3560946329204122,0.0025179692968215787,20000,20000,20,,
hopper-medium-replay-v2,1,rnn,4,56,3,0.07736546055370082,0.3829165614687931,0.0027076289724321904,20000,20000,20,,
hopper-medium-replay-v2,1,rnn,4,57,5,0.08191210922125637,0.3928680451125062,0.002777996588105556,20000,20000,20,,
hopper-medium-replay-v2,1,rnn,4,58,5,0.0856317721811419,0.42538980088028433,0.003007960128500442,20000,20000,20,,
hopper-medium-replay-v2,1,rnn,4,59,4,0.08648811524435948,0.44144804053998704,0.0031215090300733875,20000,20000,20,,
hopper-medium-replay-v2,1,rnn,4,60,2,0.08841467981915799,0.4587540383904136,0.0032438809144257523,20000,20000,20,,
hopper-medium-replay-v2,1,rnn,4,61,3,0.08932161341881811,0.45108912661382855,0.0031896818034815528,20000,20000,20,,
hopper-medium-replay-v2,1,rnn,4,62,2,0.09215134179113565,0.4681705240277268,0.003310465522916651,20000,20000,20,,
hopper-medium-replay-v2,1,rnn,4,63,4,0.09481037577181892,0.4684302625297817,0.0033123021514780337,20000,20000,20,,
hopper-medium-replay-v2,1,rnn,4,64,3,0.09930527856225971,0.4982388597840415,0.0035230807640394914,20000,20000,20,,
hopper-medium-replay-v2,1,rnn,4,65,3,0.10241942220565993,0.5155349463526466,0.003645382565045994,20000,20000,20,,
hopper-medium-replay-v2,1,rnn,4,66,3,0.10215452441112734,0.5118074394938305,0.003619025111278111,20000,20000,20,,
hopper-medium-replay-v2,1,rnn,4,67,3,0.1098779194678269,0.5514248390791257,0.0038991624302755047,20000,20000,20,,
hopper-medium-replay-v2,1,rnn,4,68,2,0.11728844214914627,0.5699244515360888,0.004029974444451923,20000,20000,20,,
hopper-medium-replay-v2,1,rnn,4,69,1,0.11960956397179891,0.5811715460104385,0.004109503412166507,20000,20000,20,,
hopper-medium-replay-v2,1,rnn,4,70,5,0.1221542931506925,0.5903730848668292,0.00417456811739356,20000,20000,20,,
hopper-medium-replay-v2,1,rnn,4,71,3,0.12939430182692974,0.6161575105437243,0.004356891539844891,20000,20000,20,,
hopper-medium-replay-v2,1,rnn,4,72,1,0.13237760608112614,0.6171090645231191,0.004363620042559842,20000,20000,20,,
hopper-medium-replay-v2,1,rnn,4,73,4,0.13781566250259641,0.6413181759030762,0.004534804310792523,20000,20000,20,,
hopper-medium-replay-v2,1,rnn,4,74,1,0.13916798265842717,0.6198628115781221,0.004383091974722492,20000,20000,20,,
hopper-medium-replay-v2,1,rnn,4,75,4,0.14438678363232096,0.6472738597446145,0.004576917355102072,20000,20000,20,,
hopper-medium-replay-v2,1,rnn,4,76,4,0.15427628984263086,0.6962610797933265,0.0049233093099812905,20000,20000,20,,
hopper-medium-replay-v2,1,rnn,4,77,5,0.15764998721194023,0.6927593550488492,0.004898548376854604,20000,20000,20,,
hopper-medium-replay-v2,1,rnn,4,78,5,0.16335194958318247,0.7131096681695129,0.005042446820923513,20000,20000,20,,
hopper-medium-replay-v2,1,rnn,4,79,4,0.16367392083894136,0.694983139000829,0.004914272903977991,20000,20000,20,,
hopper-medium-replay-v2,1,rnn,4,80,3,0.16422976253321522,0.6868851836156261,0.00485701171231176,20000,20000,20,,
hopper-medium-replay-v2,1,rnn,4,81,5,0.16370617962545214,0.6635765875272698,0.004692195048771611,20000,20000,20,,
hopper-medium-replay-v2,1,rnn,4,82,3,0.16501696467610208,0.6616820565929936,0.004678798692063666,20000,20000,20,,
hopper-medium-replay-v2,1,rnn,4,83,1,0.16524522431943897,0.6428580847676795,0.004545693110798226,20000,20000,20,,
hopper-medium-replay-v2,1,rnn,4,84,3,0.16842292135906034,0.673622757624329,0.004763232198777451,20000,20000,20,,
hopper-medium-replay-v2,1,rnn,4,85,3,0.1775387448749865,0.7322340057640937,0.0051776763089118015,20000,20000,20,,
hopper-medium-replay-v2,1,rnn,4,86,4,0.18469644650599612,0.7723839785578401,0.0054615794891809365,20000,20000,20,,
hopper-medium-replay-v2,1,rnn,4,87,1,0.18722182937092838,0.7340166282360303,0.005190281353293821,20000,20000,20,,
hopper-medium-replay-v2,1,rnn,4,88,4,0.19435821275392742,0.7338643855070671,0.005189204834633459,20000,20000,20,,
hopper-medium-replay-v2,1,rnn,4,89,2,0.2063959772043925,0.7494541671925562,0.0052994412381037305,20000,20000,20,,
hopper-medium-replay-v2,1,rnn,4,90,4,0.21514442905112569,0.7929852790424418,0.0056072526819201714,20000,20000,20,,
hopper-medium-replay-v2,1,rnn,4,91,1,0.2183794018809427,0.8187255450151825,0.005789263848108875,20000,20000,20,,
hopper-medium-replay-v2,1,rnn,4,92,3,0.22866158091242927,0.8694821221829787,0.006148167047160545,20000,20000,20,,
hopper-medium-replay-v2,1,rnn,4,93,4,0.2355233960818272,0.8811755403455342,0.006230851999940474,20000,20000,20,,
hopper-medium-replay-v2,1,rnn,4,94,4,0.23763377710722874,0.8999849851634296,0.006363854859751354,20000,20000,20,,
hopper-medium-replay-v2,1,rnn,4,95,1,0.2409041257195241,0.8850077533448873,0.006257949837928413,20000,20000,20,,
hopper-medium-replay-v2,1,rnn,4,96,2,0.25513990610247783,0.911804433476699,0.006447430980273321,20000,20000,20,,
hopper-medium-replay-v2,1,rnn,4,97,2,0.25924951290530596,0.9289680279536766,0.00656879592071539,20000,20000,20,,
hopper-medium-replay-v2,1,rnn,4,98,2,0.26989919281954416,0.9645965334316928,0.0068207274989858626,20000,20000,20,,
hopper-medium-replay-v2,1,rnn,4,99,1,0.2814665376090081,0.973850872743566,0.0068861655598141305,20000,20000,20,,
hopper-medium-replay-v2,1,rnn,4,100,3,0.29128930404032416,0.996688875823836,0.007047654628282312,20000,20000,20,,
hopper-medium-replay-v2,1,rnn,5,1,1,0.0019072249077495944,0.012045512414226007,8.51746351096595e-05,20000,20000,20,,
hopper-medium-replay-v2,1,rnn,5,2,3,0.0016421507013691468,0.00778035262499226,5.501540101154582e-05,20000,20000,20,,
hopper-medium-replay-v2,1,rnn,5,3,4,0.002189486756459861,0.01410108619373576,9.970973669686558e-05,20000,20000,20,,
hopper-medium-replay-v2,1,rnn,5,4,2,0.003233286834690374,0.02161678366067135,0.00015285374313903273,20000,20000,20,,
hopper-medium-replay-v2,1,rnn,5,5,4,0.004721826316048766,0.04448063293986108,0.00031452557183245483,20000,20000,20,,
hopper-medium-replay-v2,1,rnn,5,6,3,0.00583758284827252,0.056820713279465876,0.0004017831167176683,20000,20000,20,,
hopper-medium-replay-v2,1,rnn,5,7,3,0.005854914402388246,0.05042376926132511,0.0003565498917766877,20000,20000,20,,
hopper-medium-replay-v2,1,rnn,5,8,2,0.006886010490672121,0.07210676818608151,0.0005098718475382465,20000,20000,20,,
hopper-medium-replay-v2,1,rnn,5,9,2,0.006846242106421792,0.058978641944318254,0.0004170419766400078,20000,20000,20,,
hopper-medium-replay-v2,1,rnn,5,10,1,0.008821445868090536,0.07411719370141202,0.0005240877026878531,20000,20000,20,,
hopper-medium-replay-v2,1,rnn,5,11,2,0.00826585813435177,0.06263908393914357,0.0004429252102068177,20000,20000,20,,
hopper-medium-replay-v2,1,rnn,5,12,3,0.008837134486828817,0.07295140499499847,0.0005158443316904959,20000,20000,20,,
hopper-medium-replay-v2,1,rnn,5,13,2,0.011108345232349322,0.09287357660704346,0.0006567153581188873,20000,20000,20,,
hopper-medium-replay-v2,1,rnn,5,14,3,0.013081898456767516,0.10535087887075159,0.0007449432085347102,20000,20000,20,,
hopper-medium-replay-v2,1,rnn,5,15,4,0.015129572653489316,0.13895436753663978,0.0009825557556064585,20000,20000,20,,
hopper-medium-replay-v2,1,rnn,5,16,1,0.01689253575851553,0.12256212399155408,0.0008666450899105434,20000,20000,20,,
hopper-medium-replay-v2,1,rnn,5,17,1,0.01935822962062802,0.1449317970466139,0.0010248225650121314,20000,20000,20,,
hopper-medium-replay-v2,1,rnn,5,18,4,0.019663427130237214,0.15297950769503982,0.001081728472737423,20000,20000,20,,
hopper-medium-replay-v2,1,rnn,5,19,2,0.019815050674162164,0.1496642778679248,0.0010582862578179734,20000,20000,20,,
hopper-medium-replay-v2,1,rnn,5,20,4,0.018434272972948685,0.12942912365662193,0.0009152021102062956,20000,20000,20,,
hopper-medium-replay-v2,1,rnn,5,21,3,0.018369708066579803,0.1266383120791435,0.0008954680922918064,20000,20000,20,,
hopper-medium-replay-v2,1,rnn,5,22,5,0.02033032792510991,0.14225583867479924,0.0010059006819033006,20000,20000,20,,
hopper-medium-replay-v2,1,rnn,5,23,1,0.021670572074327155,0.14354663217310007,0.0010150279702609009,20000,20000,20,,
hopper-medium-replay-v2,1,rnn,5,24,5,0.021572866344641953,0.13325830196987964,0.0009422784897230655,20000,20000,20,,
hopper-medium-replay-v2,1,rnn,5,25,3,0.022381128905857917,0.13911025732327312,0.00098365806285892,20000,20000,20,,
hopper-medium-replay-v2,1,rnn,5,26,5,0.021669224919671187,0.12958542597617645,0.0009163073345070175,20000,20000,20,,
hopper-medium-replay-v2,1,rnn,5,27,2,0.023216022136351936,0.14288776417974167,0.0010103690700007959,20000,20000,20,,
hopper-medium-replay-v2,1,rnn,5,28,5,0.02374388095146233,0.13843363646572374,0.0009788736308922658,20000,20000,20,,
hopper-medium-replay-v2,1,rnn,5,29,4,0.02329792617529966,0.12993488090198677,0.0009187783539846126,20000,20000,20,,
hopper-medium-replay-v2,1,rnn,5,30,2,0.02436308591351048,0.1438271455622319,0.0010170114994575883,20000,20000,20,,
hopper-medium-replay-v2,1,rnn,5,31,1,0.027621897540449362,0.1754488781637845,0.001240610915011844,20000,20000,20,,
hopper-medium-replay-v2,1,rnn,5,32,4,0.02817480758235592,0.16918151701052767,0.0011962939792957135,20000,20000,20,,
hopper-medium-replay-v2,1,rnn,5,33,2,0.02988174725525051,0.17712783540367327,0.00125248293550832,20000,20000,20,,
hopper-medium-replay-v2,1,rnn,5,34,3,0.0316242253292418,0.1784227666597838,0.0012616394822319815,20000,20000,20,,
hopper-medium-replay-v2,1,rnn,5,35,2,0.0329326842433478,0.1816112753781502,0.0012841856435982747,20000,20000,20,,
hopper-medium-replay-v2,1,rnn,5,36,1,0.037052172070892474,0.2035832839752486,0.0014395512063512489,20000,20000,20,,
hopper-medium-replay-v2,1,rnn,5,37,5,0.03826543542500223,0.20779049300181449,0.0014693006666767886,20000,20000,20,,
hopper-medium-replay-v2,1,rnn,5,38,2,0.04126319363374209,0.2254023817587259,0.0015938355263719404,20000,20000,20,,
hopper-medium-replay-v2,1,rnn,5,39,5,0.04195889311260246,0.2275221566117196,0.001608824598103346,20000,20000,20,,
hopper-medium-replay-v2,1,rnn,5,40,3,0.044396339759271826,0.2411261591432746,0.001705019422516761,20000,20000,20,,
hopper-medium-replay-v2,1,rnn,5,41,1,0.04664612379983964,0.24611462285849756,0.0017402931877241329,20000,20000,20,,
hopper-medium-replay-v2,1,rnn,5,42,5,0.04824543653696694,0.2753373716307267,0.0019469292259416736,20000,20000,20,,
hopper-medium-replay-v2,1,rnn,5,43,3,0.049439986519413504,0.28140148704724455,0.00198980899727085,20000,20000,20,,
hopper-medium-replay-v2,1,rnn,5,44,2,0.05331203100643654,0.299322316061194,0.0021165283944733332,20000,20000,20,,
hopper-medium-replay-v2,1,rnn,5,45,5,0.05378796525400949,0.28572788391849696,0.0020204012429285187,20000,20000,20,,
hopper-medium-replay-v2,1,rnn,5,46,1,0.05652660437578921,0.30563614164244435,0.0021611738833106453,20000,20000,20,,
hopper-medium-replay-v2,1,rnn,5,47,5,0.056892447473862934,0.3000974630018231,0.0021220095110546814,20000,20000,20,,
hopper-medium-replay-v2,1,rnn,5,48,3,0.0599185104973878,0.3191558993240812,0.002256773006677489,20000,20000,20,,
hopper-medium-replay-v2,1,rnn,5,49,1,0.06398358812179804,0.3337020489912278,0.0023596298173754267,20000,20000,20,,
hopper-medium-replay-v2,1,rnn,5,50,4,0.06479605818530455,0.3459664730041554,0.002446352391244309,20000,20000,20,,
hopper-medium-replay-v2,1,rnn,5,51,5,0.06671783380494939,0.34623444186787383,0.0024482472172511305,20000,20000,20,,
hopper-medium-replay-v2,1,rnn,5,52,4,0.06872619803387921,0.3586339540480653,0.0025359250087113165,20000,20000,20,,
hopper-medium-replay-v2,1,rnn,5,53,5,0.07334354225445798,0.37119572818268626,0.002624750165454559,20000,20000,20,,
hopper-medium-replay-v2,1,rnn,5,54,2,0.07535783254081774,0.37918509401705097,0.002681243513043153,20000,20000,20,,
hopper-medium-replay-v2,1,rnn,5,55,1,0.0731249675584908,0.3522566127800954,0.0024908303961460932,20000,20000,20,,
hopper-medium-replay-v2,1,rnn,5,56,3,0.07679900266510083,0.36354175950700235,0.002570628433918904,20000,20000,20,,
hopper-medium-replay-v2,1,rnn,5,57,1,0.0789491560576223,0.36060519635172084,0.0025498637967140826,20000,20000,20,,
hopper-medium-replay-v2,1,rnn,5,58,5,0.08394028580458325,0.42224191938477923,0.002985701244982009,20000,20000,20,,
hopper-medium-replay-v2,1,rnn,5,59,3,0.0897930598922202,0.4292220223591875,0.003035058026447854,20000,20000,20,,
hopper-medium-replay-v2,1,rnn,5,60,4,0.0943351623944042,0.45975529018672184,0.0032509608337741996,20000,20000,20,,
hopper-medium-replay-v2,1,rnn,5,61,3,0.10287987413131705,0.5031045479644357,0.003557486375114451,20000,20000,20,,
hopper-medium-replay-v2,1,rnn,5,62,4,0.10915903830397415,0.5599971691080665,0.003959777957215836,20000,20000,20,,
hopper-medium-replay-v2,1,rnn,5,63,1,0.11489812394952205,0.58265557972923,0.004119997115227176,20000,20000,20,,
hopper-medium-replay-v2,1,rnn,5,64,1,0.1161122946251763,0.581192573593227,0.004109652099630323,20000,20000,20,,
hopper-medium-replay-v2,1,rnn,5,65,2,0.11643089015690349,0.569412981167583,0.004026357802792458,20000,20000,20,,
hopper-medium-replay-v2,1,rnn,5,66,2,0.116955396682374,0.5664951863493795,0.004005725877771831,20000,20000,20,,
hopper-medium-replay-v2,1,rnn,5,67,1,0.12512951992564583,0.6213305186204979,0.004393470230747085,20000,20000,20,,
hopper-medium-replay-v2,1,rnn,5,68,2,0.13682486453601653,0.6675364255918484,0.004720195332250252,20000,20000,20,,
hopper-medium-replay-v2,1,rnn,5,69,4,0.14352183498836188,0.701864491153852,0.004962931411689343,20000,20000,20,,
hopper-medium-replay-v2,1,rnn,5,70,3,0.14796355171930503,0.7058975516637593,0.004991449456044255,20000,20000,20,,
hopper-medium-replay-v2,1,rnn,5,71,3,0.15072385821734352,0.6991791858360059,0.0049439434356912905,20000,20000,20,,
hopper-medium-replay-v2,1,rnn,5,72,3,0.15250866863105694,0.7056313054065906,0.004989566810705159,20000,20000,20,,
hopper-medium-replay-v2,1,rnn,5,73,3,0.1520329321073071,0.6962912970312622,0.004923522978119821,20000,20000,20,,
hopper-medium-replay-v2,1,rnn,5,74,1,0.15505167364010755,0.6976084497462236,0.004932836654285896,20000,20000,20,,
hopper-medium-replay-v2,1,rnn,5,75,1,0.15495592929481444,0.6968463935707498,0.0049274481033926695,20000,20000,20,,
hopper-medium-replay-v2,1,rnn,5,76,1,0.1605461136778422,0.7217714850627446,0.005103695115549515,20000,20000,20,,
hopper-medium-replay-v2,1,rnn,5,77,5,0.16352516611526613,0.7341771922341449,0.005191416712212633,20000,20000,20,,
hopper-medium-replay-v2,1,rnn,5,78,2,0.17124441659737052,0.7429183243716156,0.005253225850309165,20000,20000,20,,
hopper-medium-replay-v2,1,rnn,5,79,1,0.1778535638148735,0.7649892432396496,0.005409290814295214,20000,20000,20,,
hopper-medium-replay-v2,1,rnn,5,80,2,0.18821951701134204,0.78458374142467,0.005547844839700969,20000,20000,20,,
hopper-medium-replay-v2,1,rnn,5,81,1,0.19519130865554704,0.7858247463227925,0.005556620069490451,20000,20000,20,,
hopper-medium-replay-v2,1,rnn,5,82,4,0.2003869714557493,0.7961708513495614,0.005629778079723416,20000,20000,20,,
hopper-medium-replay-v2,1,rnn,5,83,2,0.20119916308370267,0.7919603790391102,0.005600005544496234,20000,20000,20,,
hopper-medium-replay-v2,1,rnn,5,84,3,0.20847542594444526,0.8290019549542327,0.005861929039650427,20000,20000,20,,
hopper-medium-replay-v2,1,rnn,5,85,2,0.2124632382406895,0.8214015104082738,0.005808185780865629,20000,20000,20,,
hopper-medium-replay-v2,1,rnn,5,86,3,0.21741847609938536,0.8442780671682912,0.005969947465017702,20000,20000,20,,
hopper-medium-replay-v2,1,rnn,5,87,5,0.21827594826091476,0.8299752172696789,0.005868811043481681,20000,20000,20,,
hopper-medium-replay-v2,1,rnn,5,88,5,0.22692064342932755,0.8739041166480742,0.006179435269886929,20000,20000,20,,
hopper-medium-replay-v2,1,rnn,5,89,1,0.2303192348211943,0.8799051679130163,0.006221869110323816,20000,20000,20,,
hopper-medium-replay-v2,1,rnn,5,90,5,0.23025375854997315,0.8696327468711134,0.006149232124544486,20000,20000,20,,
hopper-medium-replay-v2,1,rnn,5,91,5,0.233420813045265,0.8725610963622406,0.006169938682373088,20000,20000,20,,
hopper-medium-replay-v2,1,rnn,5,92,2,0.24694522326778928,0.9357257560398223,0.006616580274266674,20000,20000,20,,
hopper-medium-replay-v2,1,rnn,5,93,3,0.2562808415631093,0.9361621972134773,0.006619666379401478,20000,20000,20,,
hopper-medium-replay-v2,1,rnn,5,94,5,0.26674357515319663,0.9862905505283649,0.0069741273649881995,20000,20000,20,,
hopper-medium-replay-v2,1,rnn,5,95,3,0.2667286012156182,0.9765296449562904,0.006905107339782845,20000,20000,20,,
hopper-medium-replay-v2,1,rnn,5,96,5,0.26988130327980336,0.9802127793461463,0.00693115103281373,20000,20000,20,,
hopper-medium-replay-v2,1,rnn,5,97,2,0.27247396690428616,0.9703994917154029,0.006861760610519403,20000,20000,20,,
hopper-medium-replay-v2,1,rnn,5,98,1,0.2769568984015444,0.9574819096033923,0.006770419511440036,20000,20000,20,,
hopper-medium-replay-v2,1,rnn,5,99,4,0.2831919138181736,0.9684608749965479,0.006848052520239163,20000,20000,20,,
hopper-medium-replay-v2,1,rnn,5,100,1,0.29346124936021906,1.0040124990474883,0.007099440464725311,20000,20000,20,,
hopper-medium-replay-v2,1,rnn,6,1,4,0.0005917289067382419,0.003507226940443107,2.4799839527474687e-05,20000,20000,20,,
hopper-medium-replay-v2,1,rnn,6,2,4,0.0008821446191402446,0.0042910243413626864,3.0342124100140942e-05,20000,20000,20,,
hopper-medium-replay-v2,1,rnn,6,3,5,0.0011263988836217973,0.004889625073061128,3.4574870466212915e-05,20000,20000,20,,
hopper-medium-replay-v2,1,rnn,6,4,2,0.0014917422650531432,0.006546412124856812,4.629012405928087e-05,20000,20000,20,,
hopper-medium-replay-v2,1,rnn,6,5,2,0.0019063227226645673,0.008868893985802819,6.27125507898576e-05,20000,20000,20,,
hopper-medium-replay-v2,1,rnn,6,6,4,0.002244630570750098,0.011267497029846694,7.96732355680388e-05,20000,20000,20,,
hopper-medium-replay-v2,1,rnn,6,7,2,0.002821018394749682,0.015067900815360614,0.00010654614844787799,20000,20000,20,,
hopper-medium-replay-v2,1,rnn,6,8,5,0.0035271784265002255,0.023615304954958737,0.000166985422734396,20000,20000,20,,
hopper-medium-replay-v2,1,rnn,6,9,1,0.00525052910487599,0.03390826306450835,0.00023976762751171197,20000,20000,20,,
hopper-medium-replay-v2,1,rnn,6,10,3,0.00564818820747176,0.04439794735055633,0.0003139408964234169,20000,20000,20,,
hopper-medium-replay-v2,1,rnn,6,11,5,0.006725042830407178,0.05008484447647837,0.0003541533316399145,20000,20000,20,,
hopper-medium-replay-v2,1,rnn,6,12,3,0.008097474655821557,0.06843214537023617,0.000483888340424376,20000,20000,20,,
hopper-medium-replay-v2,1,rnn,6,13,1,0.010044100212211304,0.08023800725043401,0.0005673683903567725,20000,20000,20,,
hopper-medium-replay-v2,1,rnn,6,14,1,0.011829669931435428,0.09762435711501494,0.0006903084492500424,20000,20000,20,,
hopper-medium-replay-v2,1,rnn,6,15,3,0.012346402116553648,0.09232325457680957,0.00065282399372474,20000,20000,20,,
hopper-medium-replay-v2,1,rnn,6,16,2,0.014630757108908628,0.11315750659689243,0.0008001444025682412,20000,20000,20,,
hopper-medium-replay-v2,1,rnn,6,17,4,0.01579611333059435,0.12240386230773899,0.0008655260108122668,20000,20000,20,,
hopper-medium-replay-v2,1,rnn,6,18,3,0.017423553575366908,0.13779706950740242,0.0009743724227631828,20000,20000,20,,
hopper-medium-replay-v2,1,rnn,6,19,1,0.019604037708006627,0.14107673076219668,0.000997563129895781,20000,20000,20,,
hopper-medium-replay-v2,1,rnn,6,20,2,0.019923046714416803,0.14235581111148454,0.0010066075937824198,20000,20000,20,,
hopper-medium-replay-v2,1,rnn,6,21,1,0.02095372939539397,0.15115749063624886,0.0010688448665603363,20000,20000,20,,
hopper-medium-replay-v2,1,rnn,6,22,1,0.02130485303075061,0.13194350873767152,0.0009329814976195401,20000,20000,20,,
hopper-medium-replay-v2,1,rnn,6,23,3,0.021696963808506494,0.1327551377162258,0.0009387205811649726,20000,20000,20,,
hopper-medium-replay-v2,1,rnn,6,24,2,0.02407236556681749,0.1468626674590271,0.0010384758806342297,20000,20000,20,,
hopper-medium-replay-v2,1,rnn,6,25,1,0.026688732799170292,0.1612010226149756,0.0011398633622525525,20000,20000,20,,
hopper-medium-replay-v2,1,rnn,6,26,5,0.03010602318162127,0.1900785223694317,0.0013440581212534402,20000,20000,20,,
hopper-medium-replay-v2,1,rnn,6,27,1,0.031686165498986785,0.19219884684283167,0.0013590510793880094,20000,20000,20,,
hopper-medium-replay-v2,1,rnn,6,28,3,0.031710437786013464,0.18439524504422594,0.001303871281893273,20000,20000,20,,
hopper-medium-replay-v2,1,rnn,6,29,3,0.032629760728355064,0.1963580754727912,0.0013884612670755053,20000,20000,20,,
hopper-medium-replay-v2,1,rnn,6,30,2,0.03289805918495509,0.19567696501935014,0.0013836450888718532,20000,20000,20,,
hopper-medium-replay-v2,1,rnn,6,31,5,0.03218605527318809,0.19390551250036137,0.0013711190279845837,20000,20000,20,,
hopper-medium-replay-v2,1,rnn,6,32,3,0.032365021697778634,0.18546378073811856,0.0013114269702441863,20000,20000,20,,
hopper-medium-replay-v2,1,rnn,6,33,4,0.033381741986625066,0.2091650315680309,0.0014790201220885293,20000,20000,20,,
hopper-medium-replay-v2,1,rnn,6,34,4,0.034500288670732675,0.2109992950451894,0.0014919903235203452,20000,20000,20,,
hopper-medium-replay-v2,1,rnn,6,35,4,0.0340185197934603,0.18341758207687536,0.0012969581607539871,20000,20000,20,,
hopper-medium-replay-v2,1,rnn,6,36,3,0.034653822886646715,0.1927645560133777,0.0013630512472947343,20000,20000,20,,
hopper-medium-replay-v2,1,rnn,6,37,1,0.03504077469231387,0.18924149560330936,0.0013381394482298427,20000,20000,20,,
hopper-medium-replay-v2,1,rnn,6,38,5,0.03710867454197341,0.20864312808779842,0.0014753297071885567,20000,20000,20,,
hopper-medium-replay-v2,1,rnn,6,39,2,0.03825998216252452,0.20372664175200364,0.0014405648989120419,20000,20000,20,,
hopper-medium-replay-v2,1,rnn,6,40,4,0.039801450300813744,0.2176034190947195,0.0015386885325125441,20000,20000,20,,
hopper-medium-replay-v2,1,rnn,6,41,4,0.042207081648234744,0.23732264922561397,0.0016781245459658797,20000,20000,20,,
hopper-medium-replay-v2,1,rnn,6,42,2,0.04550709964945423,0.2588027380381631,0.0018300117105643078,20000,20000,20,,
hopper-medium-replay-v2,1,rnn,6,43,3,0.046565681529005594,0.24249992922608607,0.001714733443930233,20000,20000,20,,
hopper-medium-replay-v2,1,rnn,6,44,1,0.05051285436641824,0.26229237297131297,0.001854687155815265,20000,20000,20,,
hopper-medium-replay-v2,1,rnn,6,45,2,0.05279748198963202,0.2945770354530813,0.002082974193507038,20000,20000,20,,
hopper-medium-replay-v2,1,rnn,6,46,5,0.05578376358441882,0.3225435324427082,0.0022807271901810217,20000,20000,20,,
hopper-medium-replay-v2,1,rnn,6,47,4,0.05684431952118468,0.3284037590416255,0.0023221652498548635,20000,20000,20,,
hopper-medium-replay-v2,1,rnn,6,48,5,0.05858076921038926,0.33165519854157416,0.0023451563990451786,20000,20000,20,,
hopper-medium-replay-v2,1,rnn,6,49,2,0.06462642977885623,0.3456901058077406,0.002444398180057485,20000,20000,20,,
hopper-medium-replay-v2,1,rnn,6,50,1,0.07026054297522331,0.3841485926869771,0.002716340748722305,20000,20000,20,,
hopper-medium-replay-v2,1,rnn,6,51,3,0.07035359975002399,0.39808366563308617,0.002814876594487534,20000,20000,20,,
hopper-medium-replay-v2,1,rnn,6,52,5,0.06924866820189667,0.3603755544164842,0.0025482399830175765,20000,20000,20,,
hopper-medium-replay-v2,1,rnn,6,53,3,0.0697901000604846,0.3389198416064896,0.0023965251827861938,20000,20000,20,,
hopper-medium-replay-v2,1,rnn,6,54,2,0.07165211691911662,0.34828524913655495,0.0024627486145170413,20000,20000,20,,
hopper-medium-replay-v2,1,rnn,6,55,4,0.07624337115353302,0.3881277468170947,0.002744477617410231,20000,20000,20,,
hopper-medium-replay-v2,1,rnn,6,56,5,0.08045793769687626,0.3788770146162886,0.002679065062708923,20000,20000,20,,
hopper-medium-replay-v2,1,rnn,6,57,1,0.08207707518266029,0.39601664016340277,0.0028002605172225497,20000,20000,20,,
hopper-medium-replay-v2,1,rnn,6,58,3,0.08131805814859469,0.3941521367634186,0.002787076487245808,20000,20000,20,,
hopper-medium-replay-v2,1,rnn,6,59,4,0.08508814410693613,0.42398827244622045,0.002998049825902919,20000,20000,20,,
hopper-medium-replay-v2,1,rnn,6,60,1,0.08837398937494165,0.41822726101793994,0.0029573133234286155,20000,20000,20,,
hopper-medium-replay-v2,1,rnn,6,61,3,0.09393530812006641,0.4598777667285531,0.003251826873706851,20000,20000,20,,
hopper-medium-replay-v2,1,rnn,6,62,5,0.10048986582046343,0.48734350369016727,0.003446038962265285,20000,20000,20,,
hopper-medium-replay-v2,1,rnn,6,63,3,0.11307044835210826,0.5605908249615417,0.00396397573801267,20000,20000,20,,
hopper-medium-replay-v2,1,rnn,6,64,1,0.11847230966698241,0.5985113576187229,0.004232114395893658,20000,20000,20,,
hopper-medium-replay-v2,1,rnn,6,65,4,0.1169772354231428,0.5724581050859483,0.004047890080514752,20000,20000,20,,
hopper-medium-replay-v2,1,rnn,6,66,3,0.11665234694944288,0.5480941697382444,0.0038756110415072323,20000,20000,20,,
hopper-medium-replay-v2,1,rnn,6,67,2,0.1179089996446979,0.5493104144303934,0.003884211190201239,20000,20000,20,,
hopper-medium-replay-v2,1,rnn,6,68,4,0.1250859392630086,0.5821942882488034,0.004116735291888044,20000,20000,20,,
hopper-medium-replay-v2,1,rnn,6,69,5,0.12954303099045839,0.6195831122929117,0.00438111420210984,20000,20000,20,,
hopper-medium-replay-v2,1,rnn,6,70,4,0.13274120088005448,0.6104906964239459,0.004316821112926701,20000,20000,20,,
hopper-medium-replay-v2,1,rnn,6,71,2,0.13174046703713366,0.5839963520247092,0.0041294778070487806,20000,20000,20,,
hopper-medium-replay-v2,1,rnn,6,72,4,0.13885091301073127,0.632045706140355,0.004469238048316849,20000,20000,20,,
hopper-medium-replay-v2,1,rnn,6,73,2,0.13825235011503173,0.6171314440084299,0.004363778289418069,20000,20000,20,,
hopper-medium-replay-v2,1,rnn,6,74,1,0.13374364174338102,0.5568266606575667,0.003937359076964259,20000,20000,20,,
hopper-medium-replay-v2,1,rnn,6,75,3,0.13844384253479985,0.6096303124964841,0.00431073727983138,20000,20000,20,,
hopper-medium-replay-v2,1,rnn,6,76,4,0.14863294439730138,0.6536362853376064,0.0046219064979180656,20000,20000,20,,
hopper-medium-replay-v2,1,rnn,6,77,1,0.1567822969607927,0.6874244549986138,0.004860824936829865,20000,20000,20,,
hopper-medium-replay-v2,1,rnn,6,78,1,0.16189817527073913,0.6909173354383656,0.004885523331278088,20000,20000,20,,
hopper-medium-replay-v2,1,rnn,6,79,5,0.1736822357894886,0.7297223255742403,0.0051599160479676295,20000,20000,20,,
hopper-medium-replay-v2,1,rnn,6,80,3,0.17731184946870782,0.7490620239447386,0.0052966683666064475,20000,20000,20,,
hopper-medium-replay-v2,1,rnn,6,81,5,0.18163334176213602,0.7581569638914207,0.00536097930371428,20000,20000,20,,
hopper-medium-replay-v2,1,rnn,6,82,5,0.1914461317926946,0.8107066438440947,0.005732561654151466,20000,20000,20,,
hopper-medium-replay-v2,1,rnn,6,83,1,0.19979671364466947,0.8583182412237741,0.006069226487854415,20000,20000,20,,
hopper-medium-replay-v2,1,rnn,6,84,5,0.20743179166994904,0.8817207403798953,0.006234707146354473,20000,20000,20,,
hopper-medium-replay-v2,1,rnn,6,85,4,0.209929350344926,0.8977443118283247,0.0063480109066545885,20000,20000,20,,
hopper-medium-replay-v2,1,rnn,6,86,5,0.2028586344015346,0.8240884129239497,0.005827185050757845,20000,20000,20,,
hopper-medium-replay-v2,1,rnn,6,87,4,0.200116748752535,0.7901341728386467,0.005587092316614307,20000,20000,20,,
hopper-medium-replay-v2,1,rnn,6,88,5,0.20601497947902409,0.811723675328176,0.005739753152742207,20000,20000,20,,
hopper-medium-replay-v2,1,rnn,6,89,4,0.2169631190059581,0.8525653073071368,0.006028547102012692,20000,20000,20,,
hopper-medium-replay-v2,1,rnn,6,90,2,0.21963520056324518,0.8600876980254591,0.006081738436889297,20000,20000,20,,
hopper-medium-replay-v2,1,rnn,6,91,5,0.22602802138127595,0.8791613600824945,0.006216609594715199,20000,20000,20,,
hopper-medium-replay-v2,1,rnn,6,92,2,0.23160933827239377,0.8865076034318536,0.006268555379600984,20000,20000,20,,
hopper-medium-replay-v2,1,rnn,6,93,1,0.23473653048996307,0.8878704448357442,0.006278192123584711,20000,20000,20,,
hopper-medium-replay-v2,1,rnn,6,94,1,0.24324417127328848,0.9160076720408531,0.0064771523651899025,20000,20000,20,,
hopper-medium-replay-v2,1,rnn,6,95,3,0.24716694855865703,0.9224384691657275,0.006522624967744239,20000,20000,20,,
hopper-medium-replay-v2,1,rnn,6,96,4,0.26177332038144424,0.9734539355917315,0.00688335879029646,20000,20000,20,,
hopper-medium-replay-v2,1,rnn,6,97,4,0.2746987757423257,1.012268606875914,0.007157819963042181,20000,20000,20,,
hopper-medium-replay-v2,1,rnn,6,98,3,0.29370401210628133,1.082468122932751,0.0076542055014402165,20000,20000,20,,
hopper-medium-replay-v2,1,rnn,6,99,4,0.3021902940972355,1.0627439347399212,0.00751473442919472,20000,20000,20,,
hopper-medium-replay-v2,1,rnn,6,100,4,0.3041921526774509,1.057614368978522,0.007478462921850443,20000,20000,20,,
hopper-medium-replay-v2,1,rnn,7,1,4,0.0005773320000080547,0.0035524252522741444,2.511943985541379e-05,20000,20000,20,,
hopper-medium-replay-v2,1,rnn,7,2,1,0.002093325193401963,0.01234917251124876,8.732183624746505e-05,20000,20000,20,,
hopper-medium-replay-v2,1,rnn,7,3,2,0.0018418261839103262,0.008185709676670082,5.7881708211977564e-05,20000,20000,20,,
hopper-medium-replay-v2,1,rnn,7,4,5,0.002513473497785193,0.014333653262664099,0.00010135423421206465,20000,20000,20,,
hopper-medium-replay-v2,1,rnn,7,5,1,0.004679894168239869,0.029394977578286473,0.00020785387978432883,20000,20000,20,,
hopper-medium-replay-v2,1,rnn,7,6,2,0.006692720431078783,0.06072845041069547,0.0004294149909635374,20000,20000,20,,
hopper-medium-replay-v2,1,rnn,7,7,3,0.009089671387190483,0.08738561889466137,0.0006179096369859835,20000,20000,20,,
hopper-medium-replay-v2,1,rnn,7,8,4,0.010276520361180727,0.08956504858975896,0.0006333205321512118,20000,20000,20,,
hopper-medium-replay-v2,1,rnn,7,9,1,0.013061002447259296,0.11499623290665856,0.0008131461609920586,20000,20000,20,,
hopper-medium-replay-v2,1,rnn,7,10,1,0.015175094179106629,0.13929437045610904,0.0009849599393062579,20000,20000,20,,
hopper-medium-replay-v2,1,rnn,7,11,4,0.01415679357940467,0.12250909622110237,0.0008662701269497673,20000,20000,20,,
hopper-medium-replay-v2,1,rnn,7,12,4,0.014822421116839707,0.13460251325203404,0.000951783498852654,20000,20000,20,,
hopper-medium-replay-v2,1,rnn,7,13,2,0.01520595267905336,0.12632799462416494,0.0008932738165244474,20000,20000,20,,
hopper-medium-replay-v2,1,rnn,7,14,1,0.016097079461726223,0.13072172852919622,0.0009243422069142162,20000,20000,20,,
hopper-medium-replay-v2,1,rnn,7,15,5,0.015114587672390689,0.1118677219015202,0.0007910242475245579,20000,20000,20,,
hopper-medium-replay-v2,1,rnn,7,16,5,0.016607778363496795,0.1231026355576235,0.0008704670838473179,20000,20000,20,,
hopper-medium-replay-v2,1,rnn,7,17,1,0.01760703888290716,0.1241363962772763,0.0008777768759972256,20000,20000,20,,
hopper-medium-replay-v2,1,rnn,7,18,2,0.01865229918030366,0.14200602212265007,0.0010041342121225275,20000,20000,20,,
hopper-medium-replay-v2,1,rnn,7,19,3,0.01844159137179099,0.12306230317303009,0.0008701818908208436,20000,20000,20,,
hopper-medium-replay-v2,1,rnn,7,20,3,0.018271402932484256,0.11722104402199282,0.0008288779512571793,20000,20000,20,,
hopper-medium-replay-v2,1,rnn,7,21,3,0.02042501342539243,0.12324742084869508,0.0008714908704586456,20000,20000,20,,
hopper-medium-replay-v2,1,rnn,7,22,2,0.02268633494626618,0.15366444916757072,0.0010865717403368478,20000,20000,20,,
hopper-medium-replay-v2,1,rnn,7,23,1,0.024565910929387442,0.16250323011504117,0.0011490713597906359,20000,20000,20,,
hopper-medium-replay-v2,1,rnn,7,24,4,0.02541788107402967,0.17085543420054194,0.0012081303612577518,20000,20000,20,,
hopper-medium-replay-v2,1,rnn,7,25,2,0.024491094280593,0.14342544122479378,0.001014171020847243,20000,20000,20,,
hopper-medium-replay-v2,1,rnn,7,26,1,0.02700050913623492,0.15504865681707092,0.0010963595664921666,20000,20000,20,,
hopper-medium-replay-v2,1,rnn,7,27,4,0.026505093793468517,0.1620480095520676,0.0011458524643204943,20000,20000,20,,
hopper-medium-replay-v2,1,rnn,7,28,2,0.02905379867154852,0.17957160310707446,0.0012697629826555164,20000,20000,20,,
hopper-medium-replay-v2,1,rnn,7,29,3,0.028652376037979422,0.16069231252638094,0.0011362662387195196,20000,20000,20,,
hopper-medium-replay-v2,1,rnn,7,30,3,0.03240925987298936,0.20655999403859296,0.001460599725065419,20000,20000,20,,
hopper-medium-replay-v2,1,rnn,7,31,4,0.03331851260062885,0.20073456710738258,0.001419407736201763,20000,20000,20,,
hopper-medium-replay-v2,1,rnn,7,32,4,0.03221421187177385,0.180383553299376,0.0012755043375251378,20000,20000,20,,
hopper-medium-replay-v2,1,rnn,7,33,3,0.033427776017267846,0.20645113636685444,0.0014598299850867142,20000,20000,20,,
hopper-medium-replay-v2,1,rnn,7,34,1,0.0388775419881903,0.22351552174301312,0.0015804934112493378,20000,20000,20,,
hopper-medium-replay-v2,1,rnn,7,35,3,0.03933226025419727,0.23062575440246463,0.00163077034854246,20000,20000,20,,
hopper-medium-replay-v2,1,rnn,7,36,4,0.03838494111275729,0.2364494477510963,0.0016719500791261444,20000,20000,20,,
hopper-medium-replay-v2,1,rnn,7,37,2,0.03965766541368548,0.268013423800494,0.001895141094183533,20000,20000,20,,
hopper-medium-replay-v2,1,rnn,7,38,5,0.04431438462930804,0.2901924862537631,0.0020519707487941987,20000,20000,20,,
hopper-medium-replay-v2,1,rnn,7,39,1,0.04604546164657919,0.27565250711509065,0.0019491575703215363,20000,20000,20,,
hopper-medium-replay-v2,1,rnn,7,40,2,0.049621246539827725,0.292496192472053,0.0020682604116823424,20000,20000,20,,
hopper-medium-replay-v2,1,rnn,7,41,2,0.05141456599687025,0.28265463042658134,0.001998670059084131,20000,20000,20,,
hopper-medium-replay-v2,1,rnn,7,42,3,0.05315185364342306,0.28974021265421546,0.0020487726915022807,20000,20000,20,,
hopper-medium-replay-v2,1,rnn,7,43,5,0.056694735857915256,0.303649243884675,0.0021471243945302147,20000,20000,20,,
hopper-medium-replay-v2,1,rnn,7,44,4,0.061664134590353116,0.34409727431213927,0.002433135160539213,20000,20000,20,,
hopper-medium-replay-v2,1,rnn,7,45,4,0.06292255753611224,0.35234602283166133,0.002491462620683778,20000,20000,20,,
hopper-medium-replay-v2,1,rnn,7,46,5,0.0639757679092526,0.34183566782943975,0.0024171431877362897,20000,20000,20,,
hopper-medium-replay-v2,1,rnn,7,47,2,0.06397595824748005,0.33145070650187974,0.0023437104219655126,20000,20000,20,,
hopper-medium-replay-v2,1,rnn,7,48,2,0.06241608684065598,0.32193731039796514,0.0022764405529935956,20000,20000,20,,
hopper-medium-replay-v2,1,rnn,7,49,2,0.06420932270030144,0.32910338729378724,0.002327112368668996,20000,20000,20,,
hopper-medium-replay-v2,1,rnn,7,50,1,0.06616880292778954,0.32218742801980815,0.00227820915165859,20000,20000,20,,
hopper-medium-replay-v2,1,rnn,7,51,4,0.06641136276756905,0.32003696992497144,0.0022630031166434245,20000,20000,20,,
hopper-medium-replay-v2,1,rnn,7,52,4,0.06828731731966353,0.3521341146689271,0.0024899642036951965,20000,20000,20,,
hopper-medium-replay-v2,1,rnn,7,53,1,0.07058071748583528,0.3528430286910792,0.0024949769828186163,20000,20000,20,,
hopper-medium-replay-v2,1,rnn,7,54,5,0.07688237121013242,0.36734564451078916,0.0025975259627292187,20000,20000,20,,
hopper-medium-replay-v2,1,rnn,7,55,4,0.08253180502480792,0.3970831446149083,0.0028078018425208013,20000,20000,20,,
hopper-medium-replay-v2,1,rnn,7,56,2,0.08671329290539644,0.4202024062123369,0.0029712797090364765,20000,20000,20,,
hopper-medium-replay-v2,1,rnn,7,57,4,0.08982382672275889,0.44123481882485066,0.003120001324866696,20000,20000,20,,
hopper-medium-replay-v2,1,rnn,7,58,3,0.08836400401555453,0.43071693960162366,0.003045628687642247,20000,20000,20,,
hopper-medium-replay-v2,1,rnn,7,59,4,0.09478154901398818,0.4767480894927657,0.0033711180699806565,20000,20000,20,,
hopper-medium-replay-v2,1,rnn,7,60,5,0.09540203812694718,0.4910187370450193,0.0034720267865418738,20000,20000,20,,
hopper-medium-replay-v2,1,rnn,7,61,1,0.10019706776803355,0.519993909736553,0.0036769121975042214,20000,20000,20,,
hopper-medium-replay-v2,1,rnn,7,62,1,0.10238516401236179,0.5046977579819396,0.003568752071186765,20000,20000,20,,
hopper-medium-replay-v2,1,rnn,7,63,3,0.10788391724794105,0.5306110286840614,0.003751986565548695,20000,20000,20,,
hopper-medium-replay-v2,1,rnn,7,64,4,0.11590178085407192,0.5812266508266754,0.004109893062058878,20000,20000,20,,
hopper-medium-replay-v2,1,rnn,7,65,2,0.12082828055657663,0.5912723075367209,0.004180926581870331,20000,20000,20,,
hopper-medium-replay-v2,1,rnn,7,66,4,0.13261138060584776,0.6605195072279401,0.004670578226668732,20000,20000,20,,
hopper-medium-replay-v2,1,rnn,7,67,2,0.13913395643264106,0.6781609001349138,0.004795321712209706,20000,20000,20,,
hopper-medium-replay-v2,1,rnn,7,68,3,0.13933816171829577,0.66735733450171,0.004718928967007382,20000,20000,20,,
hopper-medium-replay-v2,1,rnn,7,69,2,0.14173136964431576,0.6759479815931577,0.004779674015138814,20000,20000,20,,
hopper-medium-replay-v2,1,rnn,7,70,3,0.13999904953560732,0.6427009814577811,0.004544582222640465,20000,20000,20,,
hopper-medium-replay-v2,1,rnn,7,71,4,0.13754204653041374,0.6290311290907964,0.004447921769575327,20000,20000,20,,
hopper-medium-replay-v2,1,rnn,7,72,3,0.13796598308437993,0.6339429875864842,0.004482653854080623,20000,20000,20,,
hopper-medium-replay-v2,1,rnn,7,73,2,0.13971636038435278,0.6316021007858031,0.004466101284773106,20000,20000,20,,
hopper-medium-replay-v2,1,rnn,7,74,2,0.14503846981320925,0.6510820486956423,0.004603845317415187,20000,20000,20,,
hopper-medium-replay-v2,1,rnn,7,75,4,0.1485673306596069,0.6628323671794621,0.004686932616225293,20000,20000,20,,
hopper-medium-replay-v2,1,rnn,7,76,3,0.1529100026272653,0.6555179065097712,0.0046352115688226845,20000,20000,20,,
hopper-medium-replay-v2,1,rnn,7,77,3,0.1602531560598691,0.7091395505830635,0.005014373850248649,20000,20000,20,,
hopper-medium-replay-v2,1,rnn,7,78,5,0.16470896359426557,0.7200828374326173,0.0050917545736465395,20000,20000,20,,
hopper-medium-replay-v2,1,rnn,7,79,4,0.16978053224955386,0.7249686963286165,0.0051263028132193566,20000,20000,20,,
hopper-medium-replay-v2,1,rnn,7,80,4,0.17078697241267052,0.7219761572891413,0.005105142366741573,20000,20000,20,,
hopper-medium-replay-v2,1,rnn,7,81,4,0.1784282094664339,0.7502663512689557,0.005305184246783668,20000,20000,20,,
hopper-medium-replay-v2,1,rnn,7,82,1,0.1798226806391495,0.7393417563516432,0.005227935695306191,20000,20000,20,,
hopper-medium-replay-v2,1,rnn,7,83,5,0.1806884721951466,0.7387968991610282,0.005224082973163569,20000,20000,20,,
hopper-medium-replay-v2,1,rnn,7,84,1,0.1890804145890426,0.7700573345565369,0.005445127631673652,20000,20000,20,,
hopper-medium-replay-v2,1,rnn,7,85,3,0.19567242739042565,0.7884730193784701,0.005575346187851483,20000,20000,20,,
hopper-medium-replay-v2,1,rnn,7,86,1,0.20540011595517585,0.7993144162904371,0.00565200644059135,20000,20000,20,,
hopper-medium-replay-v2,1,rnn,7,87,1,0.21889471440309075,0.8450958769653711,0.005975730253550061,20000,20000,20,,
hopper-medium-replay-v2,1,rnn,7,88,4,0.23022311861396189,0.8638375855368979,0.006108254145769548,20000,20000,20,,
hopper-medium-replay-v2,1,rnn,7,89,3,0.2458509373983653,0.9036071827185953,0.006389467664291904,20000,20000,20,,
hopper-medium-replay-v2,1,rnn,7,90,5,0.25403276441139744,0.9366755116188321,0.00662329606037055,20000,20000,20,,
hopper-medium-replay-v2,1,rnn,7,91,1,0.25761333045563467,0.9414730271431834,0.006657219617971714,20000,20000,20,,
hopper-medium-replay-v2,1,rnn,7,92,1,0.2669045188154339,0.9740101092357006,0.006887291531848138,20000,20000,20,,
hopper-medium-replay-v2,1,rnn,7,93,1,0.2747935317813566,1.0094684138855454,0.007138019608520976,20000,20000,20,,
hopper-medium-replay-v2,1,rnn,7,94,1,0.2796519352132114,1.0309003886107164,0.007289566555144847,20000,20000,20,,
hopper-medium-replay-v2,1,rnn,7,95,5,0.2814334921377243,1.0315742190175827,0.007294331255645495,20000,20000,20,,
hopper-medium-replay-v2,1,rnn,7,96,4,0.2823181099816996,0.9920465233686696,0.007014828239265251,20000,20000,20,,
hopper-medium-replay-v2,1,rnn,7,97,5,0.2882813521447051,0.9968405160834847,0.0070487268868412965,20000,20000,20,,
hopper-medium-replay-v2,1,rnn,7,98,1,0.2984746372024852,1.0420715655130373,0.007368558704559503,20000,20000,20,,
hopper-medium-replay-v2,1,rnn,7,99,3,0.3062553399786169,1.0477860584653422,0.007408966271735678,20000,20000,20,,
hopper-medium-replay-v2,1,rnn,7,100,1,0.310444959402039,1.0505032952873596,0.007428180037565061,20000,20000,20,,
hopper-medium-replay-v2,1,rnn,8,1,4,0.0005885983890253918,0.003694573578483117,2.6124580309380613e-05,20000,20000,20,,
hopper-medium-replay-v2,1,rnn,8,2,5,0.0009056840749210739,0.004667667264161639,3.300539174811155e-05,20000,20000,20,,
hopper-medium-replay-v2,1,rnn,8,3,2,0.001224223543762854,0.0057956747266099335,4.098160900737374e-05,20000,20000,20,,
hopper-medium-replay-v2,1,rnn,8,4,4,0.001504071221085794,0.006995654190804782,4.9466745171541514e-05,20000,20000,20,,
hopper-medium-replay-v2,1,rnn,8,5,3,0.001772169689306852,0.008853731572943422,6.260533634033731e-05,20000,20000,20,,
hopper-medium-replay-v2,1,rnn,8,6,5,0.0021328169275829077,0.011140492913674615,7.877518085019999e-05,20000,20000,20,,
hopper-medium-replay-v2,1,rnn,8,7,1,0.003852671697890433,0.026127648759831614,0.00018475037614537222,20000,20000,20,,
hopper-medium-replay-v2,1,rnn,8,8,5,0.0036665874916902495,0.018835598075200535,0.00013318779126678581,20000,20000,20,,
hopper-medium-replay-v2,1,rnn,8,9,4,0.004282832965947905,0.023551394824319585,0.00016653350986678135,20000,20000,20,,
hopper-medium-replay-v2,1,rnn,8,10,2,0.005294566234727196,0.034077767047760145,0.0002409662016716667,20000,20000,20,,
hopper-medium-replay-v2,1,rnn,8,11,5,0.00681496548768896,0.050727349127068694,0.00035869652559367767,20000,20000,20,,
hopper-medium-replay-v2,1,rnn,8,12,5,0.007717897141380449,0.05904085416396245,0.0004174818834638386,20000,20000,20,,
hopper-medium-replay-v2,1,rnn,8,13,3,0.008136276638570732,0.06069303076338627,0.00042916453623554176,20000,20000,20,,
hopper-medium-replay-v2,1,rnn,8,14,4,0.00897131372216984,0.08493251567909851,0.0006005635777992333,20000,20000,20,,
hopper-medium-replay-v2,1,rnn,8,15,5,0.009178989957960574,0.09326300364690751,0.0006594690231255401,20000,20000,20,,
hopper-medium-replay-v2,1,rnn,8,16,2,0.0090852505473416,0.06735569362281746,0.00047627667712217715,20000,20000,20,,
hopper-medium-replay-v2,1,rnn,8,17,2,0.009420009579812405,0.06394655650999234,0.00045217043741744347,20000,20000,20,,
hopper-medium-replay-v2,1,rnn,8,18,1,0.011114419564290321,0.0827247788053294,0.000584952520654056,20000,20000,20,,
hopper-medium-replay-v2,1,rnn,8,19,2,0.010761229020857417,0.06061308084889252,0.00042859920496860355,20000,20000,20,,
hopper-medium-replay-v2,1,rnn,8,20,5,0.012047104543407634,0.0771854926911563,0.0005457838529114131,20000,20000,20,,
hopper-medium-replay-v2,1,rnn,8,21,3,0.013487778512668578,0.07939498380431294,0.0005614073144022579,20000,20000,20,,
hopper-medium-replay-v2,1,rnn,8,22,2,0.016625496516853928,0.1014001684051391,0.0007170074669273176,20000,20000,20,,
hopper-medium-replay-v2,1,rnn,8,23,2,0.019430578482181507,0.130939842550835,0.0009258845059519425,20000,20000,20,,
hopper-medium-replay-v2,1,rnn,8,24,5,0.020717153305672417,0.12934275638044823,0.0009145914013397453,20000,20000,20,,
hopper-medium-replay-v2,1,rnn,8,25,5,0.02179669518324271,0.16171509507375656,0.001143498403468805,20000,20000,20,,
hopper-medium-replay-v2,1,rnn,8,26,1,0.023911396199559242,0.15560729077283103,0.001100309705075357,20000,20000,20,,
hopper-medium-replay-v2,1,rnn,8,27,3,0.022747159488098252,0.14331731513371607,0.0010134064539250004,20000,20000,20,,
hopper-medium-replay-v2,1,rnn,8,28,1,0.022759539838511967,0.13636499185639972,0.0009642461045810856,20000,20000,20,,
hopper-medium-replay-v2,1,rnn,8,29,4,0.022446035678094788,0.13660175147116338,0.0009659202478721906,20000,20000,20,,
hopper-medium-replay-v2,1,rnn,8,30,5,0.022877562914371704,0.1224821015562777,0.0008660792458442335,20000,20000,20,,
hopper-medium-replay-v2,1,rnn,8,31,2,0.027527156894436165,0.1586470037716895,0.0011218037218188941,20000,20000,20,,
hopper-medium-replay-v2,1,rnn,8,32,4,0.028780529741757915,0.1634465705295745,0.0011557417838314744,20000,20000,20,,
hopper-medium-replay-v2,1,rnn,8,33,5,0.029147288639575948,0.1734595528978993,0.0012265442611569125,20000,20000,20,,
hopper-medium-replay-v2,1,rnn,8,34,4,0.02853949044513638,0.15266904327348635,0.0010795331577594467,20000,20000,20,,
hopper-medium-replay-v2,1,rnn,8,35,3,0.030730881050614813,0.18185977769448056,0.0012859428203284523,20000,20000,20,,
hopper-medium-replay-v2,1,rnn,8,36,4,0.030386309421995418,0.17057071536977986,0.001206117095098118,20000,20000,20,,
hopper-medium-replay-v2,1,rnn,8,37,5,0.03074496302059629,0.16757764415141085,0.001184952885547288,20000,20000,20,,
hopper-medium-replay-v2,1,rnn,8,38,2,0.03160511719487265,0.15907714480334575,0.0011248452782224015,20000,20000,20,,
hopper-medium-replay-v2,1,rnn,8,39,3,0.03247641445633976,0.17370856059184261,0.001228305011446462,20000,20000,20,,
hopper-medium-replay-v2,1,rnn,8,40,4,0.032803652806678275,0.16681850985884214,0.0011795849954862221,20000,20000,20,,
hopper-medium-replay-v2,1,rnn,8,41,5,0.034432925009226324,0.16723142516216236,0.0011825047475965563,20000,20000,20,,
hopper-medium-replay-v2,1,rnn,8,42,2,0.03627134699807146,0.18993815292179717,0.0013430655593705022,20000,20000,20,,
hopper-medium-replay-v2,1,rnn,8,43,4,0.03775666893320713,0.20579321248653343,0.0014551777607139187,20000,20000,20,,
hopper-medium-replay-v2,1,rnn,8,44,2,0.0411205748544057,0.2303530676156018,0.001628842161781153,20000,20000,20,,
hopper-medium-replay-v2,1,rnn,8,45,2,0.04446421562890442,0.25332349737688803,0.0017912676282909011,20000,20000,20,,
hopper-medium-replay-v2,1,rnn,8,46,5,0.04464492704450326,0.2568348861947852,0.0018160968967360779,20000,20000,20,,
hopper-medium-replay-v2,1,rnn,8,47,1,0.04508995852560191,0.2215236501200484,0.0015664087519308236,20000,20000,20,,
hopper-medium-replay-v2,1,rnn,8,48,3,0.04701856165434495,0.24608194923530158,0.001740062150318855,20000,20000,20,,
hopper-medium-replay-v2,1,rnn,8,49,5,0.04942806501806981,0.2503856449205869,0.0017704938743511403,20000,20000,20,,
hopper-medium-replay-v2,1,rnn,8,50,2,0.05524796654225111,0.27808263006250933,0.001966341134473904,20000,20000,20,,
hopper-medium-replay-v2,1,rnn,8,51,3,0.060330884892506376,0.30970820489578443,0.0021899677187092186,20000,20000,20,,
hopper-medium-replay-v2,1,rnn,8,52,2,0.06061290289136789,0.31644338190944116,0.002237592612097703,20000,20000,20,,
hopper-medium-replay-v2,1,rnn,8,53,2,0.06208899734950474,0.3454694314746705,0.0024428377768840083,20000,20000,20,,
hopper-medium-replay-v2,1,rnn,8,54,4,0.06838002512949758,0.3839391159453407,0.0027148595244771852,20000,20000,20,,
hopper-medium-replay-v2,1,rnn,8,55,2,0.06943351290660388,0.3685936097039106,0.002606350409236628,20000,20000,20,,
hopper-medium-replay-v2,1,rnn,8,56,5,0.06922016910272996,0.3506778587660294,0.002479666919454378,20000,20000,20,,
hopper-medium-replay-v2,1,rnn,8,57,4,0.071728750694224,0.3638610062642639,0.002572885849388218,20000,20000,20,,
hopper-medium-replay-v2,1,rnn,8,58,3,0.07188521099779524,0.34346527950573846,0.002428666282406406,20000,20000,20,,
hopper-medium-replay-v2,1,rnn,8,59,1,0.07777623441783099,0.40056813119187074,0.002832444418929944,20000,20000,20,,
hopper-medium-replay-v2,1,rnn,8,60,2,0.08106051240782614,0.41903436666474125,0.002963020422188487,20000,20000,20,,
hopper-medium-replay-v2,1,rnn,8,61,4,0.08573486634789257,0.45852256720973655,0.003242244166010692,20000,20000,20,,
hopper-medium-replay-v2,1,rnn,8,62,2,0.09158999845044997,0.4876416000299755,0.003448146821698538,20000,20000,20,,
hopper-medium-replay-v2,1,rnn,8,63,4,0.09589123154843929,0.4807572179823469,0.003399466889396967,20000,20000,20,,
hopper-medium-replay-v2,1,rnn,8,64,1,0.10211111117505778,0.503500873555844,0.0035602888202468774,20000,20000,20,,
hopper-medium-replay-v2,1,rnn,8,65,1,0.10451649416864212,0.4930478996422287,0.0034863751328680424,20000,20000,20,,
hopper-medium-replay-v2,1,rnn,8,66,2,0.11038175034457386,0.5357747954452996,0.003788499910482067,20000,20000,20,,
hopper-medium-replay-v2,1,rnn,8,67,4,0.11726752538426553,0.5642480957753877,0.003989836547943731,20000,20000,20,,
hopper-medium-replay-v2,1,rnn,8,68,5,0.1179393464203348,0.5679002253231457,0.004015661003633646,20000,20000,20,,
hopper-medium-replay-v2,1,rnn,8,69,3,0.11963439456708481,0.5583630064327865,0.003948222682123311,20000,20000,20,,
hopper-medium-replay-v2,1,rnn,8,70,2,0.12702517378190878,0.6120742816961209,0.004328018751772121,20000,20000,20,,
hopper-medium-replay-v2,1,rnn,8,71,1,0.13164042769105722,0.6319567029320117,0.00446860870059518,20000,20000,20,,
hopper-medium-replay-v2,1,rnn,8,72,1,0.1360903176437078,0.6388805975808205,0.00451756802917912,20000,20000,20,,
hopper-medium-replay-v2,1,rnn,8,73,5,0.13235952433573697,0.6151838899892805,0.0043500070028813925,20000,20000,20,,
hopper-medium-replay-v2,1,rnn,8,74,4,0.1336573809842358,0.6006371764893421,0.004247146205283549,20000,20000,20,,
hopper-medium-replay-v2,1,rnn,8,75,4,0.13919489260650103,0.6171461445396941,0.004363882237871508,20000,20000,20,,
hopper-medium-replay-v2,1,rnn,8,76,3,0.14799349140233375,0.6689354558984956,0.004730087970419409,20000,20000,20,,
hopper-medium-replay-v2,1,rnn,8,77,3,0.15491854305880953,0.7105230871593663,0.005024156931199882,20000,20000,20,,
hopper-medium-replay-v2,1,rnn,8,78,4,0.15683768005787757,0.6948779530412224,0.004913529126924756,20000,20000,20,,
hopper-medium-replay-v2,1,rnn,8,79,2,0.15529380646746097,0.6631517324483552,0.00468919086969839,20000,20000,20,,
hopper-medium-replay-v2,1,rnn,8,80,3,0.15636943813783463,0.6622492323175144,0.0046828092300729976,20000,20000,20,,
hopper-medium-replay-v2,1,rnn,8,81,2,0.15961377330570567,0.6678106019493404,0.004722134051866488,20000,20000,20,,
hopper-medium-replay-v2,1,rnn,8,82,5,0.1635708815305288,0.6808932105994479,0.004814642064787496,20000,20000,20,,
hopper-medium-replay-v2,1,rnn,8,83,4,0.16655922725422145,0.6854716808095593,0.0048470167381178,20000,20000,20,,
hopper-medium-replay-v2,1,rnn,8,84,3,0.17237396085112722,0.6934329185231232,0.0049033111898567905,20000,20000,20,,
hopper-medium-replay-v2,1,rnn,8,85,2,0.17782321678504565,0.7013591211332354,0.004959357906003479,20000,20000,20,,
hopper-medium-replay-v2,1,rnn,8,86,4,0.1810801579689172,0.7086814984997445,0.005011134932906134,20000,20000,20,,
hopper-medium-replay-v2,1,rnn,8,87,2,0.18355337231240046,0.7001341557750047,0.004950696092888244,20000,20000,20,,
hopper-medium-replay-v2,1,rnn,8,88,4,0.18591296537101648,0.7145929053270756,0.005052934891445717,20000,20000,20,,
hopper-medium-replay-v2,1,rnn,8,89,2,0.19172536841871685,0.7417361551692775,0.0052448666517143335,20000,20000,20,,
hopper-medium-replay-v2,1,rnn,8,90,3,0.198713526625211,0.7752102946496553,0.005481564561923928,20000,20000,20,,
hopper-medium-replay-v2,1,rnn,8,91,3,0.20241509018598938,0.7677111269357991,0.005428537438486699,20000,20000,20,,
hopper-medium-replay-v2,1,rnn,8,92,5,0.21056008868219242,0.7744731153017487,0.005476351916765374,20000,20000,20,,
hopper-medium-replay-v2,1,rnn,8,93,2,0.21771628484408,0.8032225769432966,0.005679641309587384,20000,20000,20,,
hopper-medium-replay-v2,1,rnn,8,94,1,0.22564819013108123,0.832515618895371,0.005886774395646322,20000,20000,20,,
hopper-medium-replay-v2,1,rnn,8,95,3,0.2348171771103798,0.8485916285231448,0.006000448949868514,20000,20000,20,,
hopper-medium-replay-v2,1,rnn,8,96,5,0.23650213591290004,0.852957919499123,0.006031323289445992,20000,20000,20,,
hopper-medium-replay-v2,1,rnn,8,97,5,0.24285876200849402,0.8939968590765435,0.006321512414124981,20000,20000,20,,
hopper-medium-replay-v2,1,rnn,8,98,5,0.25309513420349383,0.9092187426865017,0.00642914738535532,20000,20000,20,,
hopper-medium-replay-v2,1,rnn,8,99,2,0.2626214152010713,0.9221155596885681,0.006520341652934151,20000,20000,20,,
hopper-medium-replay-v2,1,rnn,8,100,5,0.26575214849388673,0.9283046938248665,0.006564105440108648,20000,20000,20,,
hopper-medium-replay-v2,1,rnn,9,1,5,0.0006001821832185602,0.0036951820457262327,2.612888282251798e-05,20000,20000,20,,
hopper-medium-replay-v2,1,rnn,9,2,5,0.0009459640883553689,0.004935324200883672,3.489801209798923e-05,20000,20000,20,,
hopper-medium-replay-v2,1,rnn,9,3,2,0.0012529644803827684,0.005436985615128092,3.844529397670786e-05,20000,20000,20,,
hopper-medium-replay-v2,1,rnn,9,4,3,0.0015421668459104118,0.008029379223156368,5.6776284974122404e-05,20000,20000,20,,
hopper-medium-replay-v2,1,rnn,9,5,1,0.002903771677804204,0.01367265571929248,9.668027575940744e-05,20000,20000,20,,
hopper-medium-replay-v2,1,rnn,9,6,5,0.002748797838481104,0.01347182713780054,9.526020324111719e-05,20000,20000,20,,
hopper-medium-replay-v2,1,rnn,9,7,1,0.004374443983078064,0.02364540512628285,0.00016719826308697754,20000,20000,20,,
hopper-medium-replay-v2,1,rnn,9,8,4,0.005329128738849696,0.031269834247948644,0.0002211111184330383,20000,20000,20,,
hopper-medium-replay-v2,1,rnn,9,9,4,0.007250901284885771,0.05539312385529829,0.00039168853509187734,20000,20000,20,,
hopper-medium-replay-v2,1,rnn,9,10,4,0.009069040041912049,0.07565562013580318,0.0005349660203289993,20000,20000,20,,
hopper-medium-replay-v2,1,rnn,9,11,1,0.011378370790459297,0.09845497650354865,0.0006961818152722145,20000,20000,20,,
hopper-medium-replay-v2,1,rnn,9,12,3,0.012394088316284753,0.10612537563961844,0.0007504197277074384,20000,20000,20,,
hopper-medium-replay-v2,1,rnn,9,13,1,0.0134857077925006,0.11437830583466048,0.0008087767567631727,20000,20000,20,,
hopper-medium-replay-v2,1,rnn,9,14,2,0.013849499098757077,0.12079457185746656,0.0008541466089094029,20000,20000,20,,
hopper-medium-replay-v2,1,rnn,9,15,1,0.014823303172846466,0.1195742673766505,0.0008455177531744293,20000,20000,20,,
hopper-medium-replay-v2,1,rnn,9,16,5,0.015567910823119513,0.11780644053653329,0.0008330173297083247,20000,20000,20,,
hopper-medium-replay-v2,1,rnn,9,17,2,0.01739270566424943,0.12991960419602666,0.0009186703313608268,20000,20000,20,,
hopper-medium-replay-v2,1,rnn,9,18,4,0.019098998906528577,0.14440318538649266,0.0010210847161172712,20000,20000,20,,
hopper-medium-replay-v2,1,rnn,9,19,3,0.020141546417761048,0.13835117335068753,0.000978290528613867,20000,20000,20,,
hopper-medium-replay-v2,1,rnn,9,20,4,0.021001031164309198,0.1617100167143816,0.0011434624940452917,20000,20000,20,,
hopper-medium-replay-v2,1,rnn,9,21,3,0.019850885140865308,0.14352105321440112,0.0010148470997093837,20000,20000,20,,
hopper-medium-replay-v2,1,rnn,9,22,4,0.020505858779726722,0.15421109848412637,0.0010904371347235228,20000,20000,20,,
hopper-medium-replay-v2,1,rnn,9,23,5,0.019926919261396395,0.15201137631063472,0.001074882750067499,20000,20000,20,,
hopper-medium-replay-v2,1,rnn,9,24,3,0.019145245107165663,0.1321636213583285,0.0009345379288864529,20000,20000,20,,
hopper-medium-replay-v2,1,rnn,9,25,1,0.019969723191971822,0.11880260827249668,0.0008400612993213143,20000,20000,20,,
hopper-medium-replay-v2,1,rnn,9,26,2,0.020426847515650787,0.11207868270080991,0.0007925159656419808,20000,20000,20,,
hopper-medium-replay-v2,1,rnn,9,27,5,0.021131112688924723,0.12496397900346316,0.0008836287695740214,20000,20000,20,,
hopper-medium-replay-v2,1,rnn,9,28,4,0.023102476195514934,0.12970967024861133,0.0009171858741826404,20000,20000,20,,
hopper-medium-replay-v2,1,rnn,9,29,5,0.0248674558783391,0.1364990471982966,0.0009651940189941814,20000,20000,20,,
hopper-medium-replay-v2,1,rnn,9,30,4,0.028530730602996032,0.16926217572316513,0.0011968643225223907,20000,20000,20,,
hopper-medium-replay-v2,1,rnn,9,31,5,0.03225561778212482,0.20717925845726792,0.0014649785857633452,20000,20000,20,,
hopper-medium-replay-v2,1,rnn,9,32,3,0.031686747637511795,0.18988377578375465,0.0013426810549399884,20000,20000,20,,
hopper-medium-replay-v2,1,rnn,9,33,4,0.029537329776569834,0.16002630790818484,0.0011315568749012393,20000,20000,20,,
hopper-medium-replay-v2,1,rnn,9,34,3,0.030330161230817543,0.1776727578892979,0.001256336119356382,20000,20000,20,,
hopper-medium-replay-v2,1,rnn,9,35,3,0.02921261748665728,0.15689893018833415,0.001109442974970858,20000,20000,20,,
hopper-medium-replay-v2,1,rnn,9,36,4,0.029514866690170408,0.15501345515104126,0.0010961106531245802,20000,20000,20,,
hopper-medium-replay-v2,1,rnn,9,37,4,0.031056764977589073,0.16715389178770176,0.0011819565038480627,20000,20000,20,,
hopper-medium-replay-v2,1,rnn,9,38,1,0.03562682059696652,0.19205157220290378,0.001358009690422111,20000,20000,20,,
hopper-medium-replay-v2,1,rnn,9,39,1,0.037185499562067154,0.19928302376640225,0.0014091437748058294,20000,20000,20,,
hopper-medium-replay-v2,1,rnn,9,40,3,0.03971722288204734,0.22015345091465588,0.001556719980433729,20000,20000,20,,
hopper-medium-replay-v2,1,rnn,9,41,2,0.04393092001620598,0.2668112865128816,0.001886640699903654,20000,20000,20,,
hopper-medium-replay-v2,1,rnn,9,42,5,0.047168293130210204,0.2762205416511367,0.0019531741810453994,20000,20000,20,,
hopper-medium-replay-v2,1,rnn,9,43,4,0.04973552506326207,0.28493343208018884,0.0020147836201065807,20000,20000,20,,
hopper-medium-replay-v2,1,rnn,9,44,3,0.052669196757490974,0.27452455266615283,0.0019411817279244017,20000,20000,20,,
hopper-medium-replay-v2,1,rnn,9,45,5,0.056401502664818214,0.29971134871675825,0.002119279270761858,20000,20000,20,,
hopper-medium-replay-v2,1,rnn,9,46,4,0.0603134542323891,0.32616358040482807,0.0023063247948033765,20000,20000,20,,
hopper-medium-replay-v2,1,rnn,9,47,3,0.05837542620217535,0.32828106159185627,0.0023212976478672025,20000,20000,20,,
hopper-medium-replay-v2,1,rnn,9,48,4,0.061667221825046144,0.3670676173043779,0.0025955600134991413,20000,20000,20,,
hopper-medium-replay-v2,1,rnn,9,49,5,0.05726754035996079,0.3252772814750117,0.0023000577149690613,20000,20000,20,,
hopper-medium-replay-v2,1,rnn,9,50,2,0.06164999977187097,0.360425677347703,0.0025485944056631536,20000,20000,20,,
hopper-medium-replay-v2,1,rnn,9,51,1,0.0641052341616937,0.355610868665732,0.0025145485669717783,20000,20000,20,,
hopper-medium-replay-v2,1,rnn,9,52,4,0.0663781607394243,0.36217194675212094,0.0025609423950395793,20000,20000,20,,
hopper-medium-replay-v2,1,rnn,9,53,4,0.06695471160105931,0.3635288078064284,0.0025705368515658664,20000,20000,20,,
hopper-medium-replay-v2,1,rnn,9,54,4,0.06810916585765756,0.3553748842548335,0.002512879905199772,20000,20000,20,,
hopper-medium-replay-v2,1,rnn,9,55,5,0.07243662406786686,0.3759558611371885,0.0026584093883693398,20000,20000,20,,
hopper-medium-replay-v2,1,rnn,9,56,3,0.07753303369066408,0.3945224668726903,0.0027896951165612438,20000,20000,20,,
hopper-medium-replay-v2,1,rnn,9,57,4,0.07772153355132704,0.38975675595325754,0.0027559964514781866,20000,20000,20,,
hopper-medium-replay-v2,1,rnn,9,58,1,0.07759778527549456,0.36703432445128226,0.0025953245974772512,20000,20000,20,,
hopper-medium-replay-v2,1,rnn,9,59,1,0.08224608030518295,0.40072252546272963,0.0028335361512889508,20000,20000,20,,
hopper-medium-replay-v2,1,rnn,9,60,4,0.08502363753071034,0.40233046661825156,0.0028449060122371357,20000,20000,20,,
hopper-medium-replay-v2,1,rnn,9,61,3,0.08976479918747099,0.44465744513712696,0.003144202947615477,20000,20000,20,,
hopper-medium-replay-v2,1,rnn,9,62,2,0.09750628911830109,0.4888432026798049,0.003456643435518399,20000,20000,20,,
hopper-medium-replay-v2,1,rnn,9,63,2,0.10321479902028559,0.5091476458480539,0.0036002175300432564,20000,20000,20,,
hopper-medium-replay-v2,1,rnn,9,64,3,0.11001677715823358,0.5541390833340252,0.003918355035459865,20000,20000,20,,
hopper-medium-replay-v2,1,rnn,9,65,3,0.11530792974200754,0.5890752640925249,0.004165391138690806,20000,20000,20,,
hopper-medium-replay-v2,1,rnn,9,66,3,0.11774712896736537,0.5782305459814409,0.004088707401526766,20000,20000,20,,
hopper-medium-replay-v2,1,rnn,9,67,2,0.11700510487984923,0.5407017285720037,0.0038233385887255183,20000,20000,20,,
hopper-medium-replay-v2,1,rnn,9,68,4,0.12083521339697989,0.5684555216850836,0.004019587541864591,20000,20000,20,,
hopper-medium-replay-v2,1,rnn,9,69,5,0.11857991941025126,0.5582346279834378,0.003947314909402385,20000,20000,20,,
hopper-medium-replay-v2,1,rnn,9,70,1,0.12548605582870706,0.5869836347112863,0.0041506010854987785,20000,20000,20,,
hopper-medium-replay-v2,1,rnn,9,71,4,0.1261358257333858,0.6038733218314906,0.004270029208446934,20000,20000,20,,
hopper-medium-replay-v2,1,rnn,9,72,1,0.12702853162341093,0.5999145888534769,0.004242036739110331,20000,20000,20,,
hopper-medium-replay-v2,1,rnn,9,73,4,0.13594683934638757,0.6564939018962033,0.004642112898384214,20000,20000,20,,
hopper-medium-replay-v2,1,rnn,9,74,3,0.1434724505904915,0.6838994255370205,0.004835899214468115,20000,20000,20,,
hopper-medium-replay-v2,1,rnn,9,75,4,0.15070142409111395,0.7132081562433401,0.005043143236772205,20000,20000,20,,
hopper-medium-replay-v2,1,rnn,9,76,4,0.15273104552048003,0.722589822678952,0.005109481636326719,20000,20000,20,,
hopper-medium-replay-v2,1,rnn,9,77,5,0.15696288302385022,0.7178850853107154,0.0050762141193589,20000,20000,20,,
hopper-medium-replay-v2,1,rnn,9,78,1,0.1577696256339705,0.7012199688005505,0.004958373950422885,20000,20000,20,,
hopper-medium-replay-v2,1,rnn,9,79,2,0.16762087999077313,0.7305040263526357,0.0051654435071802505,20000,20000,20,,
hopper-medium-replay-v2,1,rnn,9,80,4,0.16543220173335668,0.6994475474222018,0.004945841038665382,20000,20000,20,,
hopper-medium-replay-v2,1,rnn,9,81,4,0.16913842080401617,0.702676784733799,0.004968675194676291,20000,20000,20,,
hopper-medium-replay-v2,1,rnn,9,82,2,0.17416336354740766,0.7223619570767318,0.005107870383201428,20000,20000,20,,
hopper-medium-replay-v2,1,rnn,9,83,3,0.18099840192138644,0.753292612605586,0.005326583145911408,20000,20000,20,,
hopper-medium-replay-v2,1,rnn,9,84,3,0.18741474484203677,0.7618260988348257,0.0053869240057099815,20000,20000,20,,
hopper-medium-replay-v2,1,rnn,9,85,3,0.18879472482187484,0.7431577718124299,0.0052549189994005405,20000,20000,20,,
hopper-medium-replay-v2,1,rnn,9,86,3,0.19228029988148154,0.7522270288548515,0.005319048330950742,20000,20000,20,,
hopper-medium-replay-v2,1,rnn,9,87,2,0.19660969456652605,0.7572541847442888,0.005354595691145773,20000,20000,20,,
hopper-medium-replay-v2,1,rnn,9,88,3,0.1963141228937214,0.7405776081793847,0.005236674487385569,20000,20000,20,,
hopper-medium-replay-v2,1,rnn,9,89,2,0.20292298524218166,0.7718872908072334,0.005458067376415073,20000,20000,20,,
hopper-medium-replay-v2,1,rnn,9,90,5,0.21162081981037117,0.8052356612314373,0.005693875965099828,20000,20000,20,,
hopper-medium-replay-v2,1,rnn,9,91,4,0.2216605618806183,0.8553110958295308,0.006047962758851582,20000,20000,20,,
hopper-medium-replay-v2,1,rnn,9,92,2,0.2285919737143962,0.8591625888439506,0.00607519692713347,20000,20000,20,,
hopper-medium-replay-v2,1,rnn,9,93,4,0.23301077098763937,0.8663391224444457,0.006125942682876702,20000,20000,20,,
hopper-medium-replay-v2,1,rnn,9,94,3,0.24031612699668353,0.8875491744235497,0.006275920398714139,20000,20000,20,,
hopper-medium-replay-v2,1,rnn,9,95,1,0.24490550729054475,0.8790333847188038,0.006215704672240294,20000,20000,20,,
hopper-medium-replay-v2,1,rnn,9,96,2,0.25382881690530396,0.9247302572327141,0.006538830356576326,20000,20000,20,,
hopper-medium-replay-v2,1,rnn,9,97,5,0.2554398622699894,0.9177958051014697,0.006489796375318162,20000,20000,20,,
hopper-medium-replay-v2,1,rnn,9,98,1,0.2657813897594227,0.9462602930281078,0.006691070699677445,20000,20000,20,,
hopper-medium-replay-v2,1,rnn,9,99,1,0.27919587729560785,0.9866165985816069,0.006976432872882601,20000,20000,20,,
hopper-medium-replay-v2,1,rnn,9,100,1,0.2867595134963117,1.0174179870544,0.007194231579473333,20000,20000,20,,
hopper-medium-replay-v2,1,rnn,10,1,1,0.0019481408678177577,0.012648747032929692,8.944014800497808e-05,20000,20000,20,,
hopper-medium-replay-v2,1,rnn,10,2,1,0.002523694888797716,0.011621501242812428,8.217642336360557e-05,20000,20000,20,,
hopper-medium-replay-v2,1,rnn,10,3,5,0.00277228154581633,0.016496545564611297,0.00011664819234889511,20000,20000,20,,
hopper-medium-replay-v2,1,rnn,10,4,5,0.004190584804889294,0.03168911780209703,0.00022407590087682153,20000,20000,20,,
hopper-medium-replay-v2,1,rnn,10,5,2,0.006291728139130477,0.05662653886012916,0.0004004100962312088,20000,20000,20,,
hopper-medium-replay-v2,1,rnn,10,6,2,0.008564782713969541,0.08673349468841637,0.0006132984225018661,20000,20000,20,,
hopper-medium-replay-v2,1,rnn,10,7,2,0.008991094507040673,0.08319820308823814,0.0005883001358622875,20000,20000,20,,
hopper-medium-replay-v2,1,rnn,10,8,3,0.00962820779299296,0.08996412692664643,0.0006361424421335896,20000,20000,20,,
hopper-medium-replay-v2,1,rnn,10,9,4,0.009357762537575783,0.0813666363456151,0.0005753490032232424,20000,20000,20,,
hopper-medium-replay-v2,1,rnn,10,10,3,0.009688763693498347,0.09023263728838624,0.0006380410971096403,20000,20000,20,,
hopper-medium-replay-v2,1,rnn,10,11,1,0.011487804613376316,0.09773613717929079,0.0006910988536645516,20000,20000,20,,
hopper-medium-replay-v2,1,rnn,10,12,1,0.01167084841312344,0.09475653221068502,0.0006700298648789689,20000,20000,20,,
hopper-medium-replay-v2,1,rnn,10,13,2,0.011311941955238188,0.07641391701530663,0.0005403279889854943,20000,20000,20,,
hopper-medium-replay-v2,1,rnn,10,14,4,0.012032292757069228,0.08367260256405497,0.0005916546467257017,20000,20000,20,,
hopper-medium-replay-v2,1,rnn,10,15,3,0.0136924846768213,0.0964292460583166,0.0006818577379254183,20000,20000,20,,
hopper-medium-replay-v2,1,rnn,10,16,3,0.016637278298941533,0.1249521845216298,0.000883545369993172,20000,20000,20,,
hopper-medium-replay-v2,1,rnn,10,17,2,0.01795857186500277,0.13920425782885532,0.0009843227468082413,20000,20000,20,,
hopper-medium-replay-v2,1,rnn,10,18,3,0.02075969934501509,0.1610741271202864,0.001138966075604585,20000,20000,20,,
hopper-medium-replay-v2,1,rnn,10,19,4,0.020907071096428784,0.17353528780452512,0.0012270797878173889,20000,20000,20,,
hopper-medium-replay-v2,1,rnn,10,20,1,0.02304717361593046,0.17861825891643876,0.0012630218212354835,20000,20000,20,,
hopper-medium-replay-v2,1,rnn,10,21,3,0.02110724375303349,0.1481374866348954,0.0010474902134746608,20000,20000,20,,
hopper-medium-replay-v2,1,rnn,10,22,5,0.01858371004841316,0.1162591677070931,0.0008220764586078962,20000,20000,20,,
hopper-medium-replay-v2,1,rnn,10,23,5,0.017584790411162912,0.09790697004352872,0.0006923068244320732,20000,20000,20,,
hopper-medium-replay-v2,1,rnn,10,24,5,0.01962279355796023,0.11745707777890392,0.0008305469619581871,20000,20000,20,,
hopper-medium-replay-v2,1,rnn,10,25,2,0.02043562263951161,0.11302108537800143,0.0007991797588784856,20000,20000,20,,
hopper-medium-replay-v2,1,rnn,10,26,3,0.022321048675160268,0.1354776645298538,0.0009579717528837581,20000,20000,20,,
hopper-medium-replay-v2,1,rnn,10,27,4,0.02386034153676238,0.1482989761536845,0.0010486321168129242,20000,20000,20,,
hopper-medium-replay-v2,1,rnn,10,28,3,0.024608833322474696,0.15232008318252313,0.001077065637292611,20000,20000,20,,
hopper-medium-replay-v2,1,rnn,10,29,2,0.023736505974772254,0.128724506332607,0.000910219713326771,20000,20000,20,,
hopper-medium-replay-v2,1,rnn,10,30,3,0.02295197020213078,0.11912851102328921,0.0008423657797722418,20000,20000,20,,
hopper-medium-replay-v2,1,rnn,10,31,5,0.025418833894602443,0.15070318639271327,0.0010656324504470778,20000,20000,20,,
hopper-medium-replay-v2,1,rnn,10,32,4,0.02612077576143073,0.14780875164846155,0.0010451657060934543,20000,20000,20,,
hopper-medium-replay-v2,1,rnn,10,33,3,0.029138130804254644,0.18957090852238292,0.0013404687493187163,20000,20000,20,,
hopper-medium-replay-v2,1,rnn,10,34,3,0.03154329405199424,0.1978916848494796,0.0013993055229749819,20000,20000,20,,
hopper-medium-replay-v2,1,rnn,10,35,2,0.03263860242156512,0.2000154572455282,0.0014143228616044095,20000,20000,20,,
hopper-medium-replay-v2,1,rnn,10,36,3,0.03568210290580504,0.23129580741074296,0.0016355083388015406,20000,20000,20,,
hopper-medium-replay-v2,1,rnn,10,37,5,0.03591452077672354,0.2253406586810784,0.0015933990783043377,20000,20000,20,,
hopper-medium-replay-v2,1,rnn,10,38,4,0.03773891710153017,0.22149472620072713,0.001566204228935918,20000,20000,20,,
hopper-medium-replay-v2,1,rnn,10,39,2,0.0410721058287484,0.2588320538718455,0.0018302190048122373,20000,20000,20,,
hopper-medium-replay-v2,1,rnn,10,40,3,0.0436853963696553,0.26794228850282364,0.001894638091669889,20000,20000,20,,
hopper-medium-replay-v2,1,rnn,10,41,1,0.04633534437164831,0.2719118667174212,0.001922707248409812,20000,20000,20,,
hopper-medium-replay-v2,1,rnn,10,42,1,0.046555836882474555,0.2583855163237895,0.001827061507529389,20000,20000,20,,
hopper-medium-replay-v2,1,rnn,10,43,2,0.04753559523901082,0.26151884616989934,0.001849217495348174,20000,20000,20,,
hopper-medium-replay-v2,1,rnn,10,44,1,0.05164629238176393,0.27256020092089916,0.0019272916635273566,20000,20000,20,,
hopper-medium-replay-v2,1,rnn,10,45,5,0.057060928741161594,0.312213812023627,0.002207685036620087,20000,20000,20,,
hopper-medium-replay-v2,1,rnn,10,46,5,0.059958417241185884,0.31055736663696415,0.002195972198964342,20000,20000,20,,
hopper-medium-replay-v2,1,rnn,10,47,5,0.06290074903093405,0.3347687855215088,0.0023671727837184377,20000,20000,20,,
hopper-medium-replay-v2,1,rnn,10,48,4,0.06675964268534218,0.3660166302999386,0.002588128413121361,20000,20000,20,,
hopper-medium-replay-v2,1,rnn,10,49,2,0.0687383227561798,0.3649195645746346,0.0025803709869836634,20000,20000,20,,
hopper-medium-replay-v2,1,rnn,10,50,4,0.06936002364232588,0.3424194199462102,0.0024212709385392937,20000,20000,20,,
hopper-medium-replay-v2,1,rnn,10,51,2,0.06837014863991141,0.3367386509014452,0.0023811018354002143,20000,20000,20,,
hopper-medium-replay-v2,1,rnn,10,52,4,0.06649882537256269,0.3272328975510684,0.002313886008856832,20000,20000,20,,
hopper-medium-replay-v2,1,rnn,10,53,4,0.06390965748969249,0.3082188426095691,0.002179436336986955,20000,20000,20,,
hopper-medium-replay-v2,1,rnn,10,54,4,0.06585504363290658,0.33343056143144456,0.0023577101104301215,20000,20000,20,,
hopper-medium-replay-v2,1,rnn,10,55,5,0.07155482607242333,0.3582200292247894,0.0025329981182169183,20000,20000,20,,
hopper-medium-replay-v2,1,rnn,10,56,5,0.0724169449996217,0.3510761022492962,0.0024824829261301906,20000,20000,20,,
hopper-medium-replay-v2,1,rnn,10,57,2,0.07455658715002526,0.3671928703746808,0.0025964456864528973,20000,20000,20,,
hopper-medium-replay-v2,1,rnn,10,58,1,0.0817727429583033,0.4187336457745654,0.002960894004381609,20000,20000,20,,
hopper-medium-replay-v2,1,rnn,10,59,5,0.08363071046703739,0.43287866396204344,0.003060914387185337,20000,20000,20,,
hopper-medium-replay-v2,1,rnn,10,60,2,0.08602705694560753,0.437442886965383,0.003093188317550427,20000,20000,20,,
hopper-medium-replay-v2,1,rnn,10,61,2,0.08845931156209501,0.45042995182775203,0.003185020733869334,20000,20000,20,,
hopper-medium-replay-v2,1,rnn,10,62,2,0.09767651491679857,0.5015187474539091,0.003546273072168427,20000,20000,20,,
hopper-medium-replay-v2,1,rnn,10,63,1,0.10181140798635764,0.5030694656084437,0.0035572383053962316,20000,20000,20,,
hopper-medium-replay-v2,1,rnn,10,64,4,0.10580603949470065,0.5402873035761724,0.003820408161477063,20000,20000,20,,
hopper-medium-replay-v2,1,rnn,10,65,5,0.11124955647914228,0.5707680253002732,0.00403593941174278,20000,20000,20,,
hopper-medium-replay-v2,1,rnn,10,66,4,0.11567996666910221,0.5732183152010054,0.004053265577789587,20000,20000,20,,
hopper-medium-replay-v2,1,rnn,10,67,1,0.12158991188870004,0.5900023441395361,0.004171946584570251,20000,20000,20,,
hopper-medium-replay-v2,1,rnn,10,68,1,0.1259451002189468,0.5999761378335436,0.004242471956122134,20000,20000,20,,
hopper-medium-replay-v2,1,rnn,10,69,2,0.12851033509245932,0.6121675429595786,0.004328678208490252,20000,20000,20,,
hopper-medium-replay-v2,1,rnn,10,70,1,0.13780381022532648,0.665270061659401,0.00470416971919755,20000,20000,20,,
hopper-medium-replay-v2,1,rnn,10,71,3,0.14437618965836857,0.7004843816810687,0.004953172564019495,20000,20000,20,,
hopper-medium-replay-v2,1,rnn,10,72,3,0.14694602121211195,0.6907363328612732,0.004884243449781346,20000,20000,20,,
hopper-medium-replay-v2,1,rnn,10,73,4,0.14813201374968038,0.6788636287144483,0.00480029075364893,20000,20000,20,,
hopper-medium-replay-v2,1,rnn,10,74,1,0.15827221927070415,0.7307534987707047,0.0051672075435656075,20000,20000,20,,
hopper-medium-replay-v2,1,rnn,10,75,4,0.16873524494427497,0.7578952685707548,0.0053591288383558035,20000,20000,20,,
hopper-medium-replay-v2,1,rnn,10,76,4,0.17140272446913882,0.7571852039611117,0.005354107923350211,20000,20000,20,,
hopper-medium-replay-v2,1,rnn,10,77,3,0.16563532129141084,0.7079703212153807,0.00500610615010214,20000,20000,20,,
hopper-medium-replay-v2,1,rnn,10,78,3,0.1678606898828169,0.7162349405700356,0.00506454583399816,20000,20000,20,,
hopper-medium-replay-v2,1,rnn,10,79,2,0.17094334925248794,0.720920890368422,0.005097680502785548,20000,20000,20,,
hopper-medium-replay-v2,1,rnn,10,80,2,0.17035259820169113,0.7089156138039105,0.005012790378097688,20000,20000,20,,
hopper-medium-replay-v2,1,rnn,10,81,5,0.1698342799176479,0.6964810007040484,0.004924864385654252,20000,20000,20,,
hopper-medium-replay-v2,1,rnn,10,82,4,0.16888292381005143,0.6651577045918644,0.004703375234753857,20000,20000,20,,
hopper-medium-replay-v2,1,rnn,10,83,1,0.17093762771917242,0.6655190239606429,0.00470593014851223,20000,20000,20,,
hopper-medium-replay-v2,1,rnn,10,84,3,0.18032508816158388,0.6911022908782269,0.004886831163735521,20000,20000,20,,
hopper-medium-replay-v2,1,rnn,10,85,2,0.18194759746747383,0.6888319071943402,0.004870777126747805,20000,20000,20,,
hopper-medium-replay-v2,1,rnn,10,86,3,0.18628644605881686,0.7075323628766458,0.005003009316990173,20000,20000,20,,
hopper-medium-replay-v2,1,rnn,10,87,5,0.19735309356560302,0.7695442937205285,0.00544149988513198,20000,20000,20,,
hopper-medium-replay-v2,1,rnn,10,88,4,0.2090491007359666,0.8170115410646429,0.005777144009944804,20000,20000,20,,
hopper-medium-replay-v2,1,rnn,10,89,4,0.22163430555526703,0.8597051192594823,0.006079033196491695,20000,20000,20,,
hopper-medium-replay-v2,1,rnn,10,90,4,0.2256197892867292,0.8558816625847853,0.006051997275069183,20000,20000,20,,
hopper-medium-replay-v2,1,rnn,10,91,4,0.2301993122604798,0.8698698948913162,0.006150909014276789,20000,20000,20,,
hopper-medium-replay-v2,1,rnn,10,92,1,0.2338153592836039,0.8898347522683419,0.006292081874643961,20000,20000,20,,
hopper-medium-replay-v2,1,rnn,10,93,2,0.23754706103841863,0.8819354550392073,0.00623622540827067,20000,20000,20,,
hopper-medium-replay-v2,1,rnn,10,94,5,0.24853452756157948,0.9298702816323681,0.0065751758176609216,20000,20000,20,,
hopper-medium-replay-v2,1,rnn,10,95,3,0.26144160430745605,0.9731050896029512,0.006880892076653897,20000,20000,20,,
hopper-medium-replay-v2,1,rnn,10,96,4,0.26413350371699473,0.9586454942453009,0.006778647297347816,20000,20000,20,,
hopper-medium-replay-v2,1,rnn,10,97,4,0.2695030493688657,0.959580497730379,0.006785258770395135,20000,20000,20,,
hopper-medium-replay-v2,1,rnn,10,98,2,0.28189272695178613,0.9800739778499852,0.006930169558021987,20000,20000,20,,
hopper-medium-replay-v2,1,rnn,10,99,3,0.2882323098749847,0.9979842954141604,0.0070568146280503155,20000,20000,20,,
hopper-medium-replay-v2,1,rnn,10,100,2,0.29474573327209147,1.0209413315058877,0.007219145387014362,20000,20000,20,,
hopper-medium-replay-v2,1,rnn,11,1,4,0.0005941647491903898,0.0036263568132202046,2.564221493630045e-05,20000,20000,20,,
hopper-medium-replay-v2,1,rnn,11,2,2,0.0010105380838115038,0.005094940211668333,3.602666773410702e-05,20000,20000,20,,
hopper-medium-replay-v2,1,rnn,11,3,4,0.0012110117663139271,0.005763966458097936,4.075739769052856e-05,20000,20000,20,,
hopper-medium-replay-v2,1,rnn,11,4,3,0.0014867018566405582,0.006772581154149711,4.788938060235475e-05,20000,20000,20,,
hopper-medium-replay-v2,1,rnn,11,5,1,0.0030873341528904396,0.016517971737923062,0.00011679969827333139,20000,20000,20,,
hopper-medium-replay-v2,1,rnn,11,6,1,0.0038498261021383227,0.01911101737942065,0.00013513529984362303,20000,20000,20,,
hopper-medium-replay-v2,1,rnn,11,7,2,0.004530075248671882,0.029553921196717858,0.00020897778088852043,20000,20000,20,,
hopper-medium-replay-v2,1,rnn,11,8,2,0.006519191079398741,0.04604774936607586,0.00032560675835130784,20000,20000,20,,
hopper-medium-replay-v2,1,rnn,11,9,5,0.008871066736394848,0.07326637164723426,0.0005180714822469315,20000,20000,20,,
hopper-medium-replay-v2,1,rnn,11,10,1,0.012459416961286671,0.11210145658830918,0.000792677001344828,20000,20000,20,,
hopper-medium-replay-v2,1,rnn,11,11,1,0.014426802304110848,0.11918937086245639,0.000842796123822012,20000,20000,20,,
hopper-medium-replay-v2,1,rnn,11,12,4,0.015403991776909508,0.1252956712705054,0.0008859741880869485,20000,20000,20,,
hopper-medium-replay-v2,1,rnn,11,13,5,0.01656223951600663,0.14927010460608067,0.0010554990319538494,20000,20000,20,,
hopper-medium-replay-v2,1,rnn,11,14,4,0.01624804940519644,0.13551148565128102,0.0009582109043268434,20000,20000,20,,
hopper-medium-replay-v2,1,rnn,11,15,1,0.016977607806887583,0.14848310331199202,0.0010499340924353226,20000,20000,20,,
hopper-medium-replay-v2,1,rnn,11,16,3,0.016381361488710926,0.13164128158487962,0.0009308444289275616,20000,20000,20,,
hopper-medium-replay-v2,1,rnn,11,17,1,0.01713664467586575,0.12726432881551195,0.0008998946990860303,20000,20000,20,,
hopper-medium-replay-v2,1,rnn,11,18,5,0.01767277134264219,0.13054685819253392,0.0009231056869053933,20000,20000,20,,
hopper-medium-replay-v2,1,rnn,11,19,4,0.019541325926909266,0.13759742334988562,0.0009729607112450031,20000,20000,20,,
hopper-medium-replay-v2,1,rnn,11,20,5,0.018456866868782073,0.11973174806240847,0.000846631309782483,20000,20000,20,,
hopper-medium-replay-v2,1,rnn,11,21,3,0.018516409158401727,0.11489664483918163,0.0008124419670136767,20000,20000,20,,
hopper-medium-replay-v2,1,rnn,11,22,5,0.020668228436619432,0.13188335506456675,0.0009325561469178835,20000,20000,20,,
hopper-medium-replay-v2,1,rnn,11,23,1,0.02118231277727688,0.133943744653708,0.000947125301421563,20000,20000,20,,
hopper-medium-replay-v2,1,rnn,11,24,5,0.020946135633557017,0.13593855565792254,0.0009612307453042194,20000,20000,20,,
hopper-medium-replay-v2,1,rnn,11,25,5,0.019337827188331824,0.10563991110420848,0.0007469869750572987,20000,20000,20,,
hopper-medium-replay-v2,1,rnn,11,26,2,0.020546775147210997,0.11832967812211749,0.0008367171781577073,20000,20000,20,,
hopper-medium-replay-v2,1,rnn,11,27,5,0.021361902791733275,0.11751859694080832,0.0008309819681237423,20000,20000,20,,
hopper-medium-replay-v2,1,rnn,11,28,4,0.02258606988510474,0.12343578594294978,0.0008728228128135091,20000,20000,20,,
hopper-medium-replay-v2,1,rnn,11,29,1,0.02359986980478913,0.12181391665709639,0.0008613544651112578,20000,20000,20,,
hopper-medium-replay-v2,1,rnn,11,30,2,0.026270947832896796,0.1494239595978762,0.0010565869510340295,20000,20000,20,,
hopper-medium-replay-v2,1,rnn,11,31,5,0.027587234046287778,0.16197194366024023,0.0011453145972412128,20000,20000,20,,
hopper-medium-replay-v2,1,rnn,11,32,2,0.02921303580209074,0.16570214003703748,0.0011716910687731212,20000,20000,20,,
hopper-medium-replay-v2,1,rnn,11,33,5,0.028731761658411837,0.14505659673171337,0.001025705032048369,20000,20000,20,,
hopper-medium-replay-v2,1,rnn,11,34,4,0.03279868688947438,0.17871450203799674,0.0012637023628744456,20000,20000,20,,
hopper-medium-replay-v2,1,rnn,11,35,4,0.034070864060452684,0.17112005498819968,0.0012100015127917089,20000,20000,20,,
hopper-medium-replay-v2,1,rnn,11,36,1,0.03892644311753987,0.21892188059223422,0.0015480114631688045,20000,20000,20,,
hopper-medium-replay-v2,1,rnn,11,37,3,0.03922349233282049,0.20924708753807947,0.0014796003454171111,20000,20000,20,,
hopper-medium-replay-v2,1,rnn,11,38,1,0.041328932994207236,0.23297237416649513,0.0016473634560225834,20000,20000,20,,
hopper-medium-replay-v2,1,rnn,11,39,3,0.04310029833694332,0.2703496758404587,0.001911660890783733,20000,20000,20,,
hopper-medium-replay-v2,1,rnn,11,40,1,0.04261149211143962,0.2330470608576638,0.001647891570680481,20000,20000,20,,
hopper-medium-replay-v2,1,rnn,11,41,5,0.04626874446899757,0.25261988592289225,0.0017862923439864917,20000,20000,20,,
hopper-medium-replay-v2,1,rnn,11,42,4,0.05044568337008594,0.27943160462378397,0.0019758798250731585,20000,20000,20,,
hopper-medium-replay-v2,1,rnn,11,43,2,0.05556881566465153,0.3179567332093875,0.002248293621762798,20000,20000,20,,
hopper-medium-replay-v2,1,rnn,11,44,5,0.06024314960461994,0.33057879270911317,0.002337545060410759,20000,20000,20,,
hopper-medium-replay-v2,1,rnn,11,45,2,0.061994098115947666,0.3400248964612401,0.002404339100599966,20000,20000,20,,
hopper-medium-replay-v2,1,rnn,11,46,3,0.05960463441769414,0.3195691804331503,0.002259695345425079,20000,20000,20,,
hopper-medium-replay-v2,1,rnn,11,47,5,0.05916829769700837,0.34122642430801703,0.0024128351854823702,20000,20000,20,,
hopper-medium-replay-v2,1,rnn,11,48,3,0.05907287115780905,0.3404176107739975,0.0024071160101361636,20000,20000,20,,
hopper-medium-replay-v2,1,rnn,11,49,1,0.06156460306010067,0.3311919093406771,0.0023418804496891303,20000,20000,20,,
hopper-medium-replay-v2,1,rnn,11,50,1,0.06181085538145612,0.30048756152190564,0.0021247679241434936,20000,20000,20,,
hopper-medium-replay-v2,1,rnn,11,51,5,0.061948789114721105,0.2998400071774435,0.002120189023461934,20000,20000,20,,
hopper-medium-replay-v2,1,rnn,11,52,5,0.06576879245612761,0.3207741745855588,0.002268215940789661,20000,20000,20,,
hopper-medium-replay-v2,1,rnn,11,53,4,0.06953456609725242,0.348322396506379,0.0024630112860880996,20000,20000,20,,
hopper-medium-replay-v2,1,rnn,11,54,2,0.07395762321427515,0.37921127504745367,0.002681428640884515,20000,20000,20,,
hopper-medium-replay-v2,1,rnn,11,55,3,0.07825080825390412,0.38395224711691345,0.0027149523758818253,20000,20000,20,,
hopper-medium-replay-v2,1,rnn,11,56,2,0.0857248113043126,0.437749445394937,0.0030953560129941024,20000,20000,20,,
hopper-medium-replay-v2,1,rnn,11,57,4,0.08739547926335794,0.44642524302814457,0.003156703166380535,20000,20000,20,,
hopper-medium-replay-v2,1,rnn,11,58,3,0.08267336828614545,0.4115792475989465,0.002910304769728721,20000,20000,20,,
hopper-medium-replay-v2,1,rnn,11,59,2,0.08564201584242041,0.4179159546100058,0.0029551120547078448,20000,20000,20,,
hopper-medium-replay-v2,1,rnn,11,60,5,0.08739446181126999,0.4176239570656651,0.0029530473202709134,20000,20000,20,,
hopper-medium-replay-v2,1,rnn,11,61,2,0.0899826782510209,0.4445568981939472,0.003143491973361977,20000,20000,20,,
hopper-medium-replay-v2,1,rnn,11,62,3,0.0974529677131722,0.491588347962891,0.0034760545439685236,20000,20000,20,,
hopper-medium-replay-v2,1,rnn,11,63,4,0.10698852607943764,0.5331568426398543,0.0037699881886665,20000,20000,20,,
hopper-medium-replay-v2,1,rnn,11,64,1,0.11277921336248432,0.5629107400726071,0.003980380015080785,20000,20000,20,,
hopper-medium-replay-v2,1,rnn,11,65,4,0.1139040409334775,0.5630240985839425,0.00398118158080149,20000,20000,20,,
hopper-medium-replay-v2,1,rnn,11,66,1,0.11828742676254553,0.5669682070099173,0.004009070638938908,20000,20000,20,,
hopper-medium-replay-v2,1,rnn,11,67,3,0.12387307225110276,0.5839874314485894,0.004129414729050117,20000,20000,20,,
hopper-medium-replay-v2,1,rnn,11,68,3,0.12723078287351666,0.5891074531492825,0.00416561874969394,20000,20000,20,,
hopper-medium-replay-v2,1,rnn,11,69,2,0.1289140352318549,0.5919967543049859,0.00418604919409482,20000,20000,20,,
hopper-medium-replay-v2,1,rnn,11,70,5,0.1339149771728948,0.6193276929324361,0.004379308114491454,20000,20000,20,,
hopper-medium-replay-v2,1,rnn,11,71,2,0.1370788261132852,0.610178433483137,0.004314613080497109,20000,20000,20,,
hopper-medium-replay-v2,1,rnn,11,72,1,0.13996085833664634,0.6256338808798997,0.004423899597102337,20000,20000,20,,
hopper-medium-replay-v2,1,rnn,11,73,3,0.14321142469926548,0.6529186899454392,0.0046168323322385695,20000,20000,20,,
hopper-medium-replay-v2,1,rnn,11,74,2,0.15062494741798368,0.6789112650989388,0.004800627593753975,20000,20000,20,,
hopper-medium-replay-v2,1,rnn,11,75,1,0.15345926103526072,0.6737525231528285,0.0047641497796291135,20000,20000,20,,
hopper-medium-replay-v2,1,rnn,11,76,1,0.1518472951079268,0.6454697288697203,0.004564160223344215,20000,20000,20,,
hopper-medium-replay-v2,1,rnn,11,77,2,0.15958568558506855,0.6925951765327479,0.004897387459434,20000,20000,20,,
hopper-medium-replay-v2,1,rnn,11,78,4,0.16868205386865082,0.7251529958070909,0.00512760600732934,20000,20000,20,,
hopper-medium-replay-v2,1,rnn,11,79,1,0.17773369231364222,0.7564336404298314,0.005348793566655604,20000,20000,20,,
hopper-medium-replay-v2,1,rnn,11,80,1,0.18170434918885645,0.767780306033416,0.0054290266085771114,20000,20000,20,,
hopper-medium-replay-v2,1,rnn,11,81,2,0.19559129313470558,0.8278781450934514,0.005853982503917199,20000,20000,20,,
hopper-medium-replay-v2,1,rnn,11,82,5,0.2014124811224307,0.8293545240465687,0.005864422079610703,20000,20000,20,,
hopper-medium-replay-v2,1,rnn,11,83,1,0.19965333067661545,0.8157526699091119,0.0057682424466376425,20000,20000,20,,
hopper-medium-replay-v2,1,rnn,11,84,3,0.2045322358910279,0.8176455926432238,0.00578162743165317,20000,20000,20,,
hopper-medium-replay-v2,1,rnn,11,85,5,0.2087793689758825,0.8175706977063724,0.005781097844475928,20000,20000,20,,
hopper-medium-replay-v2,1,rnn,11,86,5,0.21285771118795796,0.8116097457956275,0.0057389475492917825,20000,20000,20,,
hopper-medium-replay-v2,1,rnn,11,87,4,0.22301575039839855,0.8619586104021313,0.006094967785174804,20000,20000,20,,
hopper-medium-replay-v2,1,rnn,11,88,4,0.22278578212247288,0.8491546240450526,0.0060044299293817004,20000,20000,20,,
hopper-medium-replay-v2,1,rnn,11,89,1,0.22181202067072767,0.8186477818278244,0.005788713979337799,20000,20000,20,,
hopper-medium-replay-v2,1,rnn,11,90,4,0.22696659464810154,0.8367524910151563,0.005916733605715527,20000,20000,20,,
hopper-medium-replay-v2,1,rnn,11,91,2,0.23711241569552727,0.8844570736950094,0.006254055944781511,20000,20000,20,,
hopper-medium-replay-v2,1,rnn,11,92,2,0.24698263642309953,0.9224855092953858,0.006522957591690932,20000,20000,20,,
hopper-medium-replay-v2,1,rnn,11,93,2,0.2500441320901468,0.9049799688797867,0.006399174728328879,20000,20000,20,,
hopper-medium-replay-v2,1,rnn,11,94,1,0.2618369587059385,0.9553601242191185,0.006755416223105611,20000,20000,20,,
hopper-medium-replay-v2,1,rnn,11,95,1,0.2706133515113632,0.9804402237028207,0.006932759307283201,20000,20000,20,,
hopper-medium-replay-v2,1,rnn,11,96,2,0.2783978958030876,1.0102599720458891,0.007143616769949801,20000,20000,20,,
hopper-medium-replay-v2,1,rnn,11,97,2,0.2849910113645454,1.016818680683259,0.0071899938434829115,20000,20000,20,,
hopper-medium-replay-v2,1,rnn,11,98,1,0.2934157046458558,1.025270956935358,0.007249760462026123,20000,20000,20,,
hopper-medium-replay-v2,1,rnn,11,99,4,0.29976050018403555,1.0318124756744997,0.007296015984623184,20000,20000,20,,
hopper-medium-replay-v2,1,rnn,11,100,2,0.30925664541477793,1.0560264256033924,0.007467234466563499,20000,20000,20,,
hopper-medium-replay-v2,1,rnn,12,1,2,0.0007450445533095003,0.004649792348651395,3.287899700840725e-05,20000,20000,20,,
hopper-medium-replay-v2,1,rnn,12,2,3,0.0010454036160622354,0.005609629333511236,3.966606941668768e-05,20000,20000,20,,
hopper-medium-replay-v2,1,rnn,12,3,3,0.0012884597077473504,0.006148828057502094,4.347878015809837e-05,20000,20000,20,,
hopper-medium-replay-v2,1,rnn,12,4,2,0.001716324178434146,0.007516016547284836,5.3146262680954085e-05,20000,20000,20,,
hopper-medium-replay-v2,1,rnn,12,5,3,0.002149277138380047,0.011447997144491412,8.094956411874109e-05,20000,20000,20,,
hopper-medium-replay-v2,1,rnn,12,6,5,0.0026033435529085316,0.01533838806173139,0.00010845878210921051,20000,20000,20,,
hopper-medium-replay-v2,1,rnn,12,7,1,0.004734864700168656,0.0324276137907538,0.00022929785609140414,20000,20000,20,,
hopper-medium-replay-v2,1,rnn,12,8,3,0.004830347431571505,0.034370871426450046,0.0002430387626093377,20000,20000,20,,
hopper-medium-replay-v2,1,rnn,12,9,2,0.005526908234258397,0.04427607737138334,0.00031307914553645405,20000,20000,20,,
hopper-medium-replay-v2,1,rnn,12,10,3,0.00633622225358589,0.042302899498859875,0.0002991266709949682,20000,20000,20,,
hopper-medium-replay-v2,1,rnn,12,11,2,0.008047593554993857,0.06922824127773629,0.0004895175885710579,20000,20000,20,,
hopper-medium-replay-v2,1,rnn,12,12,4,0.009431944138644033,0.0816216629497009,0.0005771523136345628,20000,20000,20,,
hopper-medium-replay-v2,1,rnn,12,13,5,0.010227553908847298,0.08784072843294388,0.000621127747393006,20000,20000,20,,
hopper-medium-replay-v2,1,rnn,12,14,5,0.011407816584468143,0.10297270349455767,0.0007281269691811343,20000,20000,20,,
hopper-medium-replay-v2,1,rnn,12,15,1,0.014330996135820397,0.14289260323791952,0.0010104032873093172,20000,20000,20,,
hopper-medium-replay-v2,1,rnn,12,16,5,0.01306478224005163,0.1109662836315848,0.000784650116389634,20000,20000,20,,
hopper-medium-replay-v2,1,rnn,12,17,4,0.011709193279185147,0.08243359777395214,0.0005828935598356584,20000,20000,20,,
hopper-medium-replay-v2,1,rnn,12,18,5,0.011087299123751884,0.07487071080134015,0.0005294158731988451,20000,20000,20,,
hopper-medium-replay-v2,1,rnn,12,19,5,0.012365211928399955,0.07638540743535147,0.0005401263958123434,20000,20000,20,,
hopper-medium-replay-v2,1,rnn,12,20,5,0.01397083742249869,0.10627079558448804,0.000751448001998809,20000,20000,20,,
hopper-medium-replay-v2,1,rnn,12,21,5,0.013588309460165595,0.07918955400473243,0.0005599547063588462,20000,20000,20,,
hopper-medium-replay-v2,1,rnn,12,22,4,0.014446036122930871,0.09952387266558543,0.0007037400525178193,20000,20000,20,,
hopper-medium-replay-v2,1,rnn,12,23,2,0.014593653659451127,0.09644409475875905,0.0006819627340931649,20000,20000,20,,
hopper-medium-replay-v2,1,rnn,12,24,3,0.014707115900527657,0.09425482142053523,0.0006664822338598752,20000,20000,20,,
hopper-medium-replay-v2,1,rnn,12,25,4,0.01465212913080328,0.0834042318828247,0.000589756979440006,20000,20000,20,,
hopper-medium-replay-v2,1,rnn,12,26,1,0.016139272632825063,0.07903464550411361,0.0005588593378463362,20000,20000,20,,
hopper-medium-replay-v2,1,rnn,12,27,1,0.017675151458982446,0.09107482111513565,0.0006439962360586418,20000,20000,20,,
hopper-medium-replay-v2,1,rnn,12,28,4,0.01925454923311206,0.11076884577751779,0.000783254019934897,20000,20000,20,,
hopper-medium-replay-v2,1,rnn,12,29,2,0.020458240932398696,0.10593633628319538,0.0007490830175990595,20000,20000,20,,
hopper-medium-replay-v2,1,rnn,12,30,5,0.02445496593982865,0.14591068383338757,0.001031744339861547,20000,20000,20,,
hopper-medium-replay-v2,1,rnn,12,31,1,0.0270634254249136,0.14254347466211847,0.001007934575474768,20000,20000,20,,
hopper-medium-replay-v2,1,rnn,12,32,2,0.02847199046932699,0.15851325445773576,0.0011208579713501369,20000,20000,20,,
hopper-medium-replay-v2,1,rnn,12,33,4,0.030877230644443546,0.1783862434633174,0.0012613812242330618,20000,20000,20,,
hopper-medium-replay-v2,1,rnn,12,34,3,0.03289146461621855,0.2067631493163293,0.001462036249810631,20000,20000,20,,
hopper-medium-replay-v2,1,rnn,12,35,4,0.03460058800982631,0.20972812885374226,0.0014830018211804716,20000,20000,20,,
hopper-medium-replay-v2,1,rnn,12,36,3,0.03611583411367781,0.21006868658034195,0.0014854099279591128,20000,20000,20,,
hopper-medium-replay-v2,1,rnn,12,37,4,0.03718762115961912,0.20332661162643165,0.0014377362587673333,20000,20000,20,,
hopper-medium-replay-v2,1,rnn,12,38,2,0.03943344356497197,0.21620559430478145,0.0015288044186337856,20000,20000,20,,
hopper-medium-replay-v2,1,rnn,12,39,1,0.04138355711322871,0.2189483463546604,0.0015481986043696127,20000,20000,20,,
hopper-medium-replay-v2,1,rnn,12,40,1,0.04272288952122338,0.22794096401135294,0.0016117860136262644,20000,20000,20,,
hopper-medium-replay-v2,1,rnn,12,41,3,0.041527148101842326,0.23641946506718542,0.0016717380695350289,20000,20000,20,,
hopper-medium-replay-v2,1,rnn,12,42,1,0.04219461492125942,0.23225709179748988,0.0016423056458867156,20000,20000,20,,
hopper-medium-replay-v2,1,rnn,12,43,3,0.04489262593913868,0.24819874709978318,0.0017550301715626162,20000,20000,20,,
hopper-medium-replay-v2,1,rnn,12,44,5,0.04985248142171914,0.2606856950055544,0.001843326226967556,20000,20000,20,,
hopper-medium-replay-v2,1,rnn,12,45,3,0.05224188743104778,0.2529630925744437,0.0017887191814930953,20000,20000,20,,
hopper-medium-replay-v2,1,rnn,12,46,2,0.054788631004399166,0.2697056845098058,0.0019071071844144326,20000,20000,20,,
hopper-medium-replay-v2,1,rnn,12,47,3,0.05567387561218396,0.2758676421133191,0.0019506788044827152,20000,20000,20,,
hopper-medium-replay-v2,1,rnn,12,48,5,0.058540981870249746,0.29149083718071406,0.002061151476242267,20000,20000,20,,
hopper-medium-replay-v2,1,rnn,12,49,2,0.06080904119865142,0.33166146812614034,0.002345200731702798,20000,20000,20,,
hopper-medium-replay-v2,1,rnn,12,50,2,0.060783685323704935,0.3364700399007553,0.0023792024687993227,20000,20000,20,,
hopper-medium-replay-v2,1,rnn,12,51,5,0.05996100310171155,0.30271982699840416,0.002140552424701901,20000,20000,20,,
hopper-medium-replay-v2,1,rnn,12,52,1,0.062265457315418896,0.3080507384489059,0.002178247661067449,20000,20000,20,,
hopper-medium-replay-v2,1,rnn,12,53,1,0.06300384525041068,0.3090417895422597,0.0021852554505535767,20000,20000,20,,
hopper-medium-replay-v2,1,rnn,12,54,1,0.06669093862482113,0.32753486151246897,0.002316021216504635,20000,20000,20,,
hopper-medium-replay-v2,1,rnn,12,55,2,0.07380576551364514,0.36177838648852967,0.0025581595037276698,20000,20000,20,,
hopper-medium-replay-v2,1,rnn,12,56,4,0.07930721288869735,0.38054329956497923,0.0026908474765750057,20000,20000,20,,
hopper-medium-replay-v2,1,rnn,12,57,3,0.08427517842883535,0.4102155488383172,0.0029006619633173544,20000,20000,20,,
hopper-medium-replay-v2,1,rnn,12,58,2,0.0920098785834488,0.4716242065211768,0.0033348867460284886,20000,20000,20,,
hopper-medium-replay-v2,1,rnn,12,59,3,0.09741342467858016,0.49028203215340777,0.0034668174962959554,20000,20000,20,,
hopper-medium-replay-v2,1,rnn,12,60,3,0.10183393529839392,0.5230780520290914,0.0036987203767962023,20000,20000,20,,
hopper-medium-replay-v2,1,rnn,12,61,3,0.10305834691709924,0.5294856910116913,0.0037440292265561188,20000,20000,20,,
hopper-medium-replay-v2,1,rnn,12,62,3,0.1038217363714432,0.5166676645571875,0.003653392092282037,20000,20000,20,,
hopper-medium-replay-v2,1,rnn,12,63,1,0.10702415046471497,0.5432146599043816,0.0038411076965833234,20000,20000,20,,
hopper-medium-replay-v2,1,rnn,12,64,1,0.1078296755957917,0.5221016199155988,0.003691815959108013,20000,20000,20,,
hopper-medium-replay-v2,1,rnn,12,65,2,0.10921849902062533,0.5356051732868307,0.0037873005006971382,20000,20000,20,,
hopper-medium-replay-v2,1,rnn,12,66,4,0.11265358581450031,0.5354906514946288,0.0037864907093385428,20000,20000,20,,
hopper-medium-replay-v2,1,rnn,12,67,1,0.11515120107460589,0.5249478898433053,0.003711942126777699,20000,20000,20,,
hopper-medium-replay-v2,1,rnn,12,68,3,0.12647752031675302,0.5989929643560774,0.004235519869792143,20000,20000,20,,
hopper-medium-replay-v2,1,rnn,12,69,4,0.13471642569669534,0.6294991556271252,0.00445123121695146,20000,20000,20,,
hopper-medium-replay-v2,1,rnn,12,70,3,0.14062233103786398,0.6394674398205685,0.004521717630451245,20000,20000,20,,
hopper-medium-replay-v2,1,rnn,12,71,4,0.14163980111512436,0.635709852805097,0.0044951474778558605,20000,20000,20,,
hopper-medium-replay-v2,1,rnn,12,72,3,0.14257214636347917,0.6602443264886814,0.0046686324050009146,20000,20000,20,,
hopper-medium-replay-v2,1,rnn,12,73,4,0.14158992770717632,0.6477109587106161,0.004580008111531165,20000,20000,20,,
hopper-medium-replay-v2,1,rnn,12,74,2,0.14028699040831313,0.6046989792431203,0.004275867487993937,20000,20000,20,,
hopper-medium-replay-v2,1,rnn,12,75,2,0.13941459701656642,0.6096072826233392,0.004310574434036673,20000,20000,20,,
hopper-medium-replay-v2,1,rnn,12,76,4,0.14258372535757075,0.6287887559940667,0.004446207932972579,20000,20000,20,,
hopper-medium-replay-v2,1,rnn,12,77,5,0.14394570298238113,0.633992260528158,0.004483002266392489,20000,20000,20,,
hopper-medium-replay-v2,1,rnn,12,78,4,0.15052352903663518,0.6497212325116394,0.004594222893898618,20000,20000,20,,
hopper-medium-replay-v2,1,rnn,12,79,5,0.15731671847838666,0.6592568904365363,0.004661650177716316,20000,20000,20,,
hopper-medium-replay-v2,1,rnn,12,80,2,0.16023159976554813,0.6466592425220467,0.004572571355042954,20000,20000,20,,
hopper-medium-replay-v2,1,rnn,12,81,1,0.17025087293834673,0.6965275358797983,0.004925193439037617,20000,20000,20,,
hopper-medium-replay-v2,1,rnn,12,82,3,0.17749759765454892,0.7249411878891747,0.005126108299178665,20000,20000,20,,
hopper-medium-replay-v2,1,rnn,12,83,5,0.182844945770399,0.7528178216201724,0.005323225866657086,20000,20000,20,,
hopper-medium-replay-v2,1,rnn,12,84,5,0.18905844177982806,0.7558839530123366,0.005344906689651169,20000,20000,20,,
hopper-medium-replay-v2,1,rnn,12,85,2,0.19543814214089306,0.7725478278863275,0.005462738078893599,20000,20000,20,,
hopper-medium-replay-v2,1,rnn,12,86,4,0.1982018540793832,0.7664810624482831,0.005419839569082505,20000,20000,20,,
hopper-medium-replay-v2,1,rnn,12,87,2,0.20512409406540597,0.7872948275917644,0.005567015113832304,20000,20000,20,,
hopper-medium-replay-v2,1,rnn,12,88,5,0.20990393556810572,0.8001142570209785,0.005657662168635701,20000,20000,20,,
hopper-medium-replay-v2,1,rnn,12,89,4,0.21217284838478173,0.8082406529353945,0.005715124465212603,20000,20000,20,,
hopper-medium-replay-v2,1,rnn,12,90,5,0.21255778514563917,0.791451776999334,0.005596409184983723,20000,20000,20,,
hopper-medium-replay-v2,1,rnn,12,91,4,0.21828731971142887,0.8027216989716791,0.0056760995674846075,20000,20000,20,,
hopper-medium-replay-v2,1,rnn,12,92,1,0.22822259207381398,0.8375914088876601,0.005922665650880587,20000,20000,20,,
hopper-medium-replay-v2,1,rnn,12,93,4,0.23936431865684718,0.8800824670403229,0.006223122804475985,20000,20000,20,,
hopper-medium-replay-v2,1,rnn,12,94,1,0.25199399810263023,0.9445612423275771,0.006679056596958196,20000,20000,20,,
hopper-medium-replay-v2,1,rnn,12,95,1,0.2618171194395734,0.9737189240353247,0.0068852325415504675,20000,20000,20,,
hopper-medium-replay-v2,1,rnn,12,96,1,0.2664722620253296,0.9703799386644238,0.006861622349570001,20000,20000,20,,
hopper-medium-replay-v2,1,rnn,12,97,4,0.26966597395398223,0.9811711392424338,0.006937927660628552,20000,20000,20,,
hopper-medium-replay-v2,1,rnn,12,98,1,0.2789327984879326,1.0251736364395714,0.007249072302200932,20000,20000,20,,
hopper-medium-replay-v2,1,rnn,12,99,3,0.29323460760961184,1.0501564860123753,0.007425727725663863,20000,20000,20,,
hopper-medium-replay-v2,1,rnn,12,100,5,0.3027359824202717,1.0638562055107197,0.007522599371240192,20000,20000,20,,
hopper-medium-replay-v2,1,rnn,13,1,3,0.0005844590970787271,0.003549241875835736,2.509692998474711e-05,20000,20000,20,,
hopper-medium-replay-v2,1,rnn,13,2,3,0.0008854556284040973,0.004418962144761526,3.124678098367525e-05,20000,20000,20,,
hopper-medium-replay-v2,1,rnn,13,3,3,0.0011277751014906992,0.004875595210595056,3.447566435732417e-05,20000,20000,20,,
hopper-medium-replay-v2,1,rnn,13,4,3,0.0014450714064973564,0.007157797010130648,5.061326804220176e-05,20000,20000,20,,
hopper-medium-replay-v2,1,rnn,13,5,4,0.001863236312548867,0.010464751941385353,7.399697061188671e-05,20000,20000,20,,
hopper-medium-replay-v2,1,rnn,13,6,3,0.002221317941008467,0.012982581612299832,9.180071495364992e-05,20000,20000,20,,
hopper-medium-replay-v2,1,rnn,13,7,2,0.0028914089312814285,0.01845439189610691,0.00013049225652411264,20000,20000,20,,
hopper-medium-replay-v2,1,rnn,13,8,2,0.003689723680204242,0.02395823316629197,0.000169410291371335,20000,20000,20,,
hopper-medium-replay-v2,1,rnn,13,9,4,0.004323677515532308,0.035690544404263,0.00025237025972493955,20000,20000,20,,
hopper-medium-replay-v2,1,rnn,13,10,2,0.004664064561494392,0.03308853205388777,0.00023397125394812484,20000,20000,20,,
hopper-medium-replay-v2,1,rnn,13,11,2,0.005656941316598998,0.038737394647696335,0.0002739147444088555,20000,20000,20,,
hopper-medium-replay-v2,1,rnn,13,12,1,0.007789182893042677,0.05456364606718705,0.0003858232414037065,20000,20000,20,,
hopper-medium-replay-v2,1,rnn,13,13,3,0.008682789146591933,0.06386763665952049,0.0004516123898030547,20000,20000,20,,
hopper-medium-replay-v2,1,rnn,13,14,3,0.00900068923021146,0.061204774952199184,0.00043278311409696593,20000,20000,20,,
hopper-medium-replay-v2,1,rnn,13,15,4,0.010004918733766443,0.07205240456988188,0.0005094874387216006,20000,20000,20,,
hopper-medium-replay-v2,1,rnn,13,16,5,0.012188829571982276,0.09171878837803332,0.0006485497722432126,20000,20000,20,,
hopper-medium-replay-v2,1,rnn,13,17,2,0.015078267758176668,0.1278541578896465,0.0009040654204666456,20000,20000,20,,
hopper-medium-replay-v2,1,rnn,13,18,1,0.016092805800374067,0.12292866683794076,0.0008692369392332978,20000,20000,20,,
hopper-medium-replay-v2,1,rnn,13,19,5,0.01645942568582741,0.1385346591225453,0.000979587968949186,20000,20000,20,,
hopper-medium-replay-v2,1,rnn,13,20,3,0.0162404694903044,0.11813068752795602,0.0008353101021724682,20000,20000,20,,
hopper-medium-replay-v2,1,rnn,13,21,4,0.016438386655606776,0.11809842928865114,0.0008350820019748519,20000,20000,20,,
hopper-medium-replay-v2,1,rnn,13,22,2,0.016641523428231803,0.10692684459052235,0.0007560869690083846,20000,20000,20,,
hopper-medium-replay-v2,1,rnn,13,23,3,0.018543954337125152,0.12922707687588936,0.0009137734237185665,20000,20000,20,,
hopper-medium-replay-v2,1,rnn,13,24,1,0.01964887831443846,0.12237220901053007,0.0008653021882012334,20000,20000,20,,
hopper-medium-replay-v2,1,rnn,13,25,3,0.021257899549194853,0.15166601581449557,0.0010724406825797597,20000,20000,20,,
hopper-medium-replay-v2,1,rnn,13,26,2,0.02195422195384631,0.14050803379264803,0.0009935418350597,20000,20000,20,,
hopper-medium-replay-v2,1,rnn,13,27,4,0.022234678803221997,0.13611357404136995,0.0009624683121618992,20000,20000,20,,
hopper-medium-replay-v2,1,rnn,13,28,1,0.02481029568757955,0.14805694475996695,0.001046920696415347,20000,20000,20,,
hopper-medium-replay-v2,1,rnn,13,29,3,0.02447755883698523,0.14699521019185877,0.0010394130992860524,20000,20000,20,,
hopper-medium-replay-v2,1,rnn,13,30,2,0.02634264182860749,0.1578109180537703,0.0011158917030109552,20000,20000,20,,
hopper-medium-replay-v2,1,rnn,13,31,2,0.027495086391601878,0.16091404944775656,0.0011378341555269608,20000,20000,20,,
hopper-medium-replay-v2,1,rnn,13,32,4,0.02942241258036382,0.17256567824094685,0.0012202236128422937,20000,20000,20,,
hopper-medium-replay-v2,1,rnn,13,33,2,0.02983714819204198,0.17002857719795306,0.00120228359932173,20000,20000,20,,
hopper-medium-replay-v2,1,rnn,13,34,1,0.03373533031536118,0.20202837544459895,0.001428556342689777,20000,20000,20,,
hopper-medium-replay-v2,1,rnn,13,35,3,0.03419757431420337,0.19491177876208576,0.0013782344049580292,20000,20000,20,,
hopper-medium-replay-v2,1,rnn,13,36,2,0.03431120423963672,0.1852423506364904,0.0013098612229799852,20000,20000,20,,
hopper-medium-replay-v2,1,rnn,13,37,2,0.03594639593060185,0.20611138133813764,0.0014574275542392353,20000,20000,20,,
hopper-medium-replay-v2,1,rnn,13,38,5,0.03768629571533841,0.19848765046251332,0.0014035196362382834,20000,20000,20,,
hopper-medium-replay-v2,1,rnn,13,39,4,0.04175976939637379,0.2383012097309568,0.0016850440136571723,20000,20000,20,,
hopper-medium-replay-v2,1,rnn,13,40,5,0.04315360073210003,0.24048312287493362,0.001700472469457833,20000,20000,20,,
hopper-medium-replay-v2,1,rnn,13,41,5,0.04538143274623607,0.2508902947932006,0.0017740622878216407,20000,20000,20,,
hopper-medium-replay-v2,1,rnn,13,42,3,0.04795447562849359,0.2533139246063394,0.0017911999385812041,20000,20000,20,,
hopper-medium-replay-v2,1,rnn,13,43,1,0.05030759442032003,0.26137129673705456,0.001848174163302926,20000,20000,20,,
hopper-medium-replay-v2,1,rnn,13,44,2,0.050044308771458296,0.2643389987507043,0.0018691589854868533,20000,20000,20,,
hopper-medium-replay-v2,1,rnn,13,45,5,0.05237019219280865,0.3040737728496886,0.0021501262676299274,20000,20000,20,,
hopper-medium-replay-v2,1,rnn,13,46,3,0.04911592697883911,0.2612213398722435,0.0018471138081429925,20000,20000,20,,
hopper-medium-replay-v2,1,rnn,13,47,2,0.051360540746543504,0.257682733724535,0.0018220920841130613,20000,20000,20,,
hopper-medium-replay-v2,1,rnn,13,48,3,0.055875692528784056,0.2934208226035537,0.002074798534043078,20000,20000,20,,
hopper-medium-replay-v2,1,rnn,13,49,5,0.06115427984254033,0.3267598039122057,0.0023105407316550723,20000,20000,20,,
hopper-medium-replay-v2,1,rnn,13,50,1,0.06601501270501985,0.35749481667908295,0.0025278700911282124,20000,20000,20,,
hopper-medium-replay-v2,1,rnn,13,51,1,0.06489239481994961,0.33798485266693595,0.0023899138125912656,20000,20000,20,,
hopper-medium-replay-v2,1,rnn,13,52,5,0.06358350776967407,0.3273313627951293,0.002314582263274699,20000,20000,20,,
hopper-medium-replay-v2,1,rnn,13,53,5,0.06430183566939525,0.3288660351790331,0.00232543403577028,20000,20000,20,,
hopper-medium-replay-v2,1,rnn,13,54,5,0.06612911852004581,0.32368885194403796,0.002288825822041176,20000,20000,20,,
hopper-medium-replay-v2,1,rnn,13,55,3,0.0732096368638954,0.3629435662744043,0.0025663985690066037,20000,20000,20,,
hopper-medium-replay-v2,1,rnn,13,56,2,0.07847121681695893,0.39583402521888217,0.0027989692345663842,20000,20000,20,,
hopper-medium-replay-v2,1,rnn,13,57,5,0.07968370917214855,0.38993557309859295,0.0027572608796387777,20000,20000,20,,
hopper-medium-replay-v2,1,rnn,13,58,3,0.08021463569837987,0.3828408133343756,0.0027070933522371017,20000,20000,20,,
hopper-medium-replay-v2,1,rnn,13,59,3,0.08459758750662065,0.41509397224665484,0.0029351576260527017,20000,20000,20,,
hopper-medium-replay-v2,1,rnn,13,60,1,0.08857697403139969,0.4286374466998852,0.0030309244523197615,20000,20000,20,,
hopper-medium-replay-v2,1,rnn,13,61,4,0.09248600605510797,0.46140022449600504,0.003262592275821205,20000,20000,20,,
hopper-medium-replay-v2,1,rnn,13,62,1,0.09613875640044373,0.48753798571175766,0.0034474141578281397,20000,20000,20,,
hopper-medium-replay-v2,1,rnn,13,63,5,0.10195182341526848,0.510722289167222,0.0036113519397325943,20000,20000,20,,
hopper-medium-replay-v2,1,rnn,13,64,3,0.10687203757677471,0.5328911229887199,0.003768109266994383,20000,20000,20,,
hopper-medium-replay-v2,1,rnn,13,65,4,0.11037225145992335,0.5604589925704269,0.003963043542235297,20000,20000,20,,
hopper-medium-replay-v2,1,rnn,13,66,4,0.11543468687568473,0.5780092870539895,0.004087142864646776,20000,20000,20,,
hopper-medium-replay-v2,1,rnn,13,67,4,0.12302766258064808,0.6060344666839343,0.004285310810249828,20000,20000,20,,
hopper-medium-replay-v2,1,rnn,13,68,3,0.12382297511360939,0.5945229576157828,0.004203912149012024,20000,20000,20,,
hopper-medium-replay-v2,1,rnn,13,69,3,0.12176530475554666,0.5602476047221101,0.003961548804425245,20000,20000,20,,
hopper-medium-replay-v2,1,rnn,13,70,5,0.12576937040373953,0.5798964270302099,0.004100486959389114,20000,20000,20,,
hopper-medium-replay-v2,1,rnn,13,71,2,0.12775369666570094,0.607569948768174,0.004296168308191391,20000,20000,20,,
hopper-medium-replay-v2,1,rnn,13,72,1,0.12629365068143064,0.5838039613044564,0.004128117399219499,20000,20000,20,,
hopper-medium-replay-v2,1,rnn,13,73,3,0.12921986172717728,0.5909869048366276,0.004178908480024282,20000,20000,20,,
hopper-medium-replay-v2,1,rnn,13,74,1,0.13536735461311736,0.5785271842360548,0.004090804950740734,20000,20000,20,,
hopper-medium-replay-v2,1,rnn,13,75,5,0.14493317603743822,0.6407069395510018,0.004530482217097927,20000,20000,20,,
hopper-medium-replay-v2,1,rnn,13,76,4,0.15552293767415246,0.7074057127159218,0.0050021137651153095,20000,20000,20,,
hopper-medium-replay-v2,1,rnn,13,77,5,0.16050006633404493,0.7140777211725304,0.005049291989353329,20000,20000,20,,
hopper-medium-replay-v2,1,rnn,13,78,4,0.16011967117437498,0.6999863340416682,0.0049496508353877545,20000,20000,20,,
hopper-medium-replay-v2,1,rnn,13,79,4,0.1653584313929864,0.7133738757503216,0.00504431505064382,20000,20000,20,,
hopper-medium-replay-v2,1,rnn,13,80,3,0.17061812503598103,0.7324484895367502,0.005179192938212801,20000,20000,20,,
hopper-medium-replay-v2,1,rnn,13,81,3,0.17105498389670565,0.7177080965275838,0.005074962619671437,20000,20000,20,,
hopper-medium-replay-v2,1,rnn,13,82,1,0.16964181649900525,0.6902633589022947,0.0048808990188441625,20000,20000,20,,
hopper-medium-replay-v2,1,rnn,13,83,1,0.1718212644388763,0.7058273270394652,0.004990952892963808,20000,20000,20,,
hopper-medium-replay-v2,1,rnn,13,84,3,0.18201929913408052,0.745722834685638,0.0052730567329186935,20000,20000,20,,
hopper-medium-replay-v2,1,rnn,13,85,4,0.19008104783115046,0.7818916238832774,0.005528808694008269,20000,20000,20,,
hopper-medium-replay-v2,1,rnn,13,86,1,0.19656178551462605,0.7676533124063682,0.005428128628028582,20000,20000,20,,
hopper-medium-replay-v2,1,rnn,13,87,4,0.20828239745310329,0.8171047810523957,0.0057778033162209814,20000,20000,20,,
hopper-medium-replay-v2,1,rnn,13,88,3,0.2197647634438238,0.8650127133832465,0.00611656355445869,20000,20000,20,,
hopper-medium-replay-v2,1,rnn,13,89,4,0.22976632940113564,0.8891710816505792,0.006287389014701019,20000,20000,20,,
hopper-medium-replay-v2,1,rnn,13,90,4,0.23767440151470437,0.9180729626469313,0.006491756175116691,20000,20000,20,,
hopper-medium-replay-v2,1,rnn,13,91,4,0.24324882800607064,0.9562143918690602,0.006761456807587832,20000,20000,20,,
hopper-medium-replay-v2,1,rnn,13,92,4,0.24266348828595455,0.9339023659066268,0.006603686958987362,20000,20000,20,,
hopper-medium-replay-v2,1,rnn,13,93,2,0.24430312360740136,0.914247633053047,0.006464707010155599,20000,20000,20,,
hopper-medium-replay-v2,1,rnn,13,94,3,0.24345391864570373,0.9210437172724633,0.00651276258252624,20000,20000,20,,
hopper-medium-replay-v2,1,rnn,13,95,5,0.2475482493994088,0.9425716043423893,0.006664987731843869,20000,20000,20,,
hopper-medium-replay-v2,1,rnn,13,96,1,0.2490738491214945,0.9299158256884661,0.006575497862770018,20000,20000,20,,
hopper-medium-replay-v2,1,rnn,13,97,1,0.2515241057197063,0.9264719529608973,0.006551146005177946,20000,20000,20,,
hopper-medium-replay-v2,1,rnn,13,98,4,0.2636269220100877,0.9565893610442426,0.006764108240052906,20000,20000,20,,
hopper-medium-replay-v2,1,rnn,13,99,4,0.26959011197467264,0.9428616037343438,0.006667038337209779,20000,20000,20,,
hopper-medium-replay-v2,1,rnn,13,100,4,0.278275628203983,0.9686552951161074,0.006849427278088559,20000,20000,20,,
hopper-medium-replay-v2,1,rnn,14,1,4,0.0005727697587959145,0.003459064804116636,2.44592817955459e-05,20000,20000,20,,
hopper-medium-replay-v2,1,rnn,14,2,5,0.0009293995948639948,0.005312004673749548,3.756154526502939e-05,20000,20000,20,,
hopper-medium-replay-v2,1,rnn,14,3,3,0.0011238236420583324,0.00515819457517068,3.64739436278285e-05,20000,20000,20,,
hopper-medium-replay-v2,1,rnn,14,4,2,0.0014887770323103026,0.006203013635516064,4.386193005466028e-05,20000,20000,20,,
hopper-medium-replay-v2,1,rnn,14,5,5,0.0017666294647432814,0.008308348183236187,5.8748893408252395e-05,20000,20000,20,,
hopper-medium-replay-v2,1,rnn,14,6,3,0.0021673838175725753,0.011151056463208384,7.884987642528727e-05,20000,20000,20,,
hopper-medium-replay-v2,1,rnn,14,7,4,0.0026527339614795375,0.014658685933307988,0.00010365256226725933,20000,20000,20,,
hopper-medium-replay-v2,1,rnn,14,8,2,0.00333020499181564,0.019616121496893825,0.00013870692531032833,20000,20000,20,,
hopper-medium-replay-v2,1,rnn,14,9,3,0.003800914707074083,0.028461888518144067,0.00020125594376555205,20000,20000,20,,
hopper-medium-replay-v2,1,rnn,14,10,1,0.005424400576984538,0.03448561294347347,0.00024385010765704665,20000,20000,20,,
hopper-medium-replay-v2,1,rnn,14,11,3,0.00569401099132975,0.039940926777634105,0.00028242500171340437,20000,20000,20,,
hopper-medium-replay-v2,1,rnn,14,12,4,0.006367219263738251,0.04544786414511797,0.0003213649292745787,20000,20000,20,,
hopper-medium-replay-v2,1,rnn,14,13,4,0.007711957638272601,0.05300366471684208,0.0003747925074901718,20000,20000,20,,
hopper-medium-replay-v2,1,rnn,14,14,3,0.009002168099949394,0.06492950865533273,0.000459120958692964,20000,20000,20,,
hopper-medium-replay-v2,1,rnn,14,15,4,0.009953080611898956,0.07500960580490933,0.000530398009187812,20000,20000,20,,
hopper-medium-replay-v2,1,rnn,14,16,2,0.010778350674678222,0.0774551615477781,0.0005476906996833341,20000,20000,20,,
hopper-medium-replay-v2,1,rnn,14,17,4,0.011578783680581324,0.08655826753536774,0.0006120593794201792,20000,20000,20,,
hopper-medium-replay-v2,1,rnn,14,18,3,0.011708844619894548,0.10748260266497264,0.0007600167720398144,20000,20000,20,,
hopper-medium-replay-v2,1,rnn,14,19,2,0.012970852902678376,0.11173131940177829,0.0007900597361991748,20000,20000,20,,
hopper-medium-replay-v2,1,rnn,14,20,2,0.012674351583497263,0.09752211398845659,0.0006895854811688511,20000,20000,20,,
hopper-medium-replay-v2,1,rnn,14,21,3,0.013443798155018684,0.10006869333375018,0.0007075925164077182,20000,20000,20,,
hopper-medium-replay-v2,1,rnn,14,22,3,0.013527846753598754,0.08548767792293889,0.000604489167672016,20000,20000,20,,
hopper-medium-replay-v2,1,rnn,14,23,4,0.014683833963830838,0.0982557252493008,0.0006947728961418288,20000,20000,20,,
hopper-medium-replay-v2,1,rnn,14,24,2,0.015667558631367335,0.0940522269336174,0.0006650496745045691,20000,20000,20,,
hopper-medium-replay-v2,1,rnn,14,25,4,0.017049958037060803,0.09850076369334529,0.0006965055795961813,20000,20000,20,,
hopper-medium-replay-v2,1,rnn,14,26,2,0.019020490975243352,0.11521413815192863,0.0008146869837579245,20000,20000,20,,
hopper-medium-replay-v2,1,rnn,14,27,5,0.020173588810345058,0.12757480957171854,0.0009020901295674465,20000,20000,20,,
hopper-medium-replay-v2,1,rnn,14,28,3,0.02062592151609161,0.12230044974460004,0.0008647947735657125,20000,20000,20,,
hopper-medium-replay-v2,1,rnn,14,29,3,0.020197745469529883,0.12214695964073898,0.0008637094346328607,20000,20000,20,,
hopper-medium-replay-v2,1,rnn,14,30,5,0.020758393994225934,0.12896164826602555,0.0009118965600190103,20000,20000,20,,
hopper-medium-replay-v2,1,rnn,14,31,3,0.02200705161518556,0.14261926505718817,0.0010084704944977937,20000,20000,20,,
hopper-medium-replay-v2,1,rnn,14,32,3,0.022840253308852226,0.14004861569311128,0.0009902932585238772,20000,20000,20,,
hopper-medium-replay-v2,1,rnn,14,33,1,0.024523695844329823,0.13440267748840912,0.0009503704466168262,20000,20000,20,,
hopper-medium-replay-v2,1,rnn,14,34,5,0.02508711203575737,0.13189909564516633,0.0009326674496307012,20000,20000,20,,
hopper-medium-replay-v2,1,rnn,14,35,1,0.02524059867981356,0.11650436937717439,0.0008238102962446236,20000,20000,20,,
hopper-medium-replay-v2,1,rnn,14,36,5,0.028548354816275896,0.1540144722512581,0.0010890467772973196,20000,20000,20,,
hopper-medium-replay-v2,1,rnn,14,37,1,0.031227415737264966,0.16425252237265556,0.0011614407239669985,20000,20000,20,,
hopper-medium-replay-v2,1,rnn,14,38,3,0.03404341914377761,0.1818156871451603,0.0012856310530643465,20000,20000,20,,
hopper-medium-replay-v2,1,rnn,14,39,3,0.03781948852149514,0.20883829661136552,0.0014767097570534415,20000,20000,20,,
hopper-medium-replay-v2,1,rnn,14,40,2,0.03991692247315431,0.20717433465696933,0.0014649437692375417,20000,20000,20,,
hopper-medium-replay-v2,1,rnn,14,41,5,0.03965234619627227,0.20507193332798415,0.0014500775468725316,20000,20000,20,,
hopper-medium-replay-v2,1,rnn,14,42,2,0.044573299094670595,0.23691484575686167,0.0016752409399844184,20000,20000,20,,
hopper-medium-replay-v2,1,rnn,14,43,1,0.04687842605278298,0.24388105996040096,0.0017244995130096252,20000,20000,20,,
hopper-medium-replay-v2,1,rnn,14,44,2,0.04895775505170406,0.2565095408209343,0.0018137963575353016,20000,20000,20,,
hopper-medium-replay-v2,1,rnn,14,45,1,0.04912097979261246,0.2599830401347934,0.0018383577067280674,20000,20000,20,,
hopper-medium-replay-v2,1,rnn,14,46,1,0.049433818723853884,0.24900754801705363,0.0017607492576949347,20000,20000,20,,
hopper-medium-replay-v2,1,rnn,14,47,3,0.05130091146872528,0.25968288616286367,0.0018362352976385517,20000,20000,20,,
hopper-medium-replay-v2,1,rnn,14,48,4,0.05425713281627461,0.25984284399830904,0.0018373663703400251,20000,20000,20,,
hopper-medium-replay-v2,1,rnn,14,49,5,0.05846566259217216,0.2809506569145475,0.0019866211468309173,20000,20000,20,,
hopper-medium-replay-v2,1,rnn,14,50,4,0.06549200564211638,0.32462293576461126,0.0022954307920784165,20000,20000,20,,
hopper-medium-replay-v2,1,rnn,14,51,1,0.06883844553783075,0.3346249764097101,0.002366155899736945,20000,20000,20,,
hopper-medium-replay-v2,1,rnn,14,52,1,0.06845465939689313,0.32445168575169653,0.0022942198716243136,20000,20000,20,,
hopper-medium-replay-v2,1,rnn,14,53,2,0.07072935132409845,0.36937778297377505,0.0026118953516040917,20000,20000,20,,
hopper-medium-replay-v2,1,rnn,14,54,3,0.06933018831689045,0.3597336295837806,0.002543700888995409,20000,20000,20,,
hopper-medium-replay-v2,1,rnn,14,55,4,0.07174752646159181,0.3524859504014108,0.002492452058018226,20000,20000,20,,
hopper-medium-replay-v2,1,rnn,14,56,3,0.07371320710886632,0.36920000373820916,0.002610638262573864,20000,20000,20,,
hopper-medium-replay-v2,1,rnn,14,57,4,0.07957164793941608,0.40982941635974424,0.0028979315943770015,20000,20000,20,,
hopper-medium-replay-v2,1,rnn,14,58,3,0.08377399698081822,0.4177750827595176,0.0029541159403002597,20000,20000,20,,
hopper-medium-replay-v2,1,rnn,14,59,2,0.08831943291254847,0.4454521247828668,0.003149822181279212,20000,20000,20,,
hopper-medium-replay-v2,1,rnn,14,60,1,0.09077657904381682,0.4435886038143952,0.0031366450981423163,20000,20000,20,,
hopper-medium-replay-v2,1,rnn,14,61,3,0.09069562496606547,0.4476457063913439,0.003165333145583615,20000,20000,20,,
hopper-medium-replay-v2,1,rnn,14,62,3,0.0908016630032201,0.4609050508092785,0.0032590908691037105,20000,20000,20,,
hopper-medium-replay-v2,1,rnn,14,63,5,0.09811130618366928,0.48845248157488785,0.0034538806200900035,20000,20000,20,,
hopper-medium-replay-v2,1,rnn,14,64,3,0.10164031873139948,0.5010146090944408,0.003542708275642064,20000,20000,20,,
hopper-medium-replay-v2,1,rnn,14,65,2,0.10480822859775446,0.4969201183831236,0.0035137558541672867,20000,20000,20,,
hopper-medium-replay-v2,1,rnn,14,66,1,0.11156305864345752,0.5386199596717324,0.003808618259663067,20000,20000,20,,
hopper-medium-replay-v2,1,rnn,14,67,5,0.11425925765501078,0.5681830104646483,0.004017660596545398,20000,20000,20,,
hopper-medium-replay-v2,1,rnn,14,68,1,0.11674970107109836,0.5606346831552104,0.0039642858622742074,20000,20000,20,,
hopper-medium-replay-v2,1,rnn,14,69,2,0.11674543431028658,0.5691021652888423,0.004024160002636877,20000,20000,20,,
hopper-medium-replay-v2,1,rnn,14,70,1,0.121525936892763,0.5645240048840454,0.0039917875199609616,20000,20000,20,,
hopper-medium-replay-v2,1,rnn,14,71,2,0.12266990426782265,0.5411603671987275,0.003826581653556223,20000,20000,20,,
hopper-medium-replay-v2,1,rnn,14,72,5,0.13398523506781973,0.5978311309972029,0.004227304467325454,20000,20000,20,,
hopper-medium-replay-v2,1,rnn,14,73,1,0.14335463817116226,0.6449617023317146,0.0045605679332437485,20000,20000,20,,
hopper-medium-replay-v2,1,rnn,14,74,5,0.1529318683408579,0.6854154496446945,0.0048466191237379,20000,20000,20,,
hopper-medium-replay-v2,1,rnn,14,75,2,0.16147807021482272,0.7260887990896646,0.005134223135798985,20000,20000,20,,
hopper-medium-replay-v2,1,rnn,14,76,2,0.1623901702374002,0.7188440036326926,0.0050829946958396415,20000,20000,20,,
hopper-medium-replay-v2,1,rnn,14,77,2,0.15957761526549644,0.7136591986133705,0.005046332587956714,20000,20000,20,,
hopper-medium-replay-v2,1,rnn,14,78,1,0.16048123749125554,0.7239712354738829,0.005119249699875854,20000,20000,20,,
hopper-medium-replay-v2,1,rnn,14,79,4,0.15989718200711248,0.6874524693837246,0.004861023028446691,20000,20000,20,,
hopper-medium-replay-v2,1,rnn,14,80,2,0.1657461175134478,0.7107871755545762,0.005026024318150738,20000,20000,20,,
hopper-medium-replay-v2,1,rnn,14,81,5,0.17265272896052922,0.7190288740155909,0.00508430192685352,20000,20000,20,,
hopper-medium-replay-v2,1,rnn,14,82,1,0.17415488767262213,0.6991177666612217,0.004943509136541443,20000,20000,20,,
hopper-medium-replay-v2,1,rnn,14,83,2,0.1781972863516073,0.7112226753393749,0.005029103766661103,20000,20000,20,,
hopper-medium-replay-v2,1,rnn,14,84,1,0.18416355712669297,0.725369630552223,0.0051291378463025755,20000,20000,20,,
hopper-medium-replay-v2,1,rnn,14,85,4,0.19471835099705684,0.773933505914987,0.005472536302199663,20000,20000,20,,
hopper-medium-replay-v2,1,rnn,14,86,2,0.1981831290847173,0.7755467678833539,0.005483943786976289,20000,20000,20,,
hopper-medium-replay-v2,1,rnn,14,87,1,0.20486631770902305,0.7652818454731948,0.005411359824530516,20000,20000,20,,
hopper-medium-replay-v2,1,rnn,14,88,3,0.21876177165288946,0.8353177016626029,0.005906588112907879,20000,20000,20,,
hopper-medium-replay-v2,1,rnn,14,89,1,0.22309655885301807,0.858484441609912,0.006070401702055155,20000,20000,20,,
hopper-medium-replay-v2,1,rnn,14,90,5,0.23219863633486815,0.8891111675582941,0.006286965358091584,20000,20000,20,,
hopper-medium-replay-v2,1,rnn,14,91,5,0.24505857899018052,0.9321755952822062,0.0065914768468065465,20000,20000,20,,
hopper-medium-replay-v2,1,rnn,14,92,2,0.24441766336673645,0.9087989151924798,0.006426178756675806,20000,20000,20,,
hopper-medium-replay-v2,1,rnn,14,93,5,0.24792219152344128,0.9012803427975405,0.006373014421422771,20000,20000,20,,
hopper-medium-replay-v2,1,rnn,14,94,3,0.25228195452680013,0.9346973937965826,0.006609308655109563,20000,20000,20,,
hopper-medium-replay-v2,1,rnn,14,95,3,0.2583626470901004,0.9324377145242237,0.006593330309741647,20000,20000,20,,
hopper-medium-replay-v2,1,rnn,14,96,3,0.2647441334050871,0.9653691589888467,0.006826190786693678,20000,20000,20,,
hopper-medium-replay-v2,1,rnn,14,97,2,0.26244617650240526,0.9417067762192717,0.006658872473539696,20000,20000,20,,
hopper-medium-replay-v2,1,rnn,14,98,5,0.26358454088658545,0.9369271534072904,0.0066250754365210366,20000,20000,20,,
hopper-medium-replay-v2,1,rnn,14,99,3,0.2638462364705783,0.9192798827311371,0.006500290388875612,20000,20000,20,,
hopper-medium-replay-v2,1,rnn,14,100,1,0.26678359799763496,0.9119705047519965,0.006448605281522552,20000,20000,20,,
hopper-medium-replay-v2,1,rnn,15,1,3,0.0006279536910323756,0.003947527626692645,2.791323553755607e-05,20000,20000,20,,
hopper-medium-replay-v2,1,rnn,15,2,1,0.0021570988153010793,0.012686904369246715,8.97099611175959e-05,20000,20000,20,,
hopper-medium-replay-v2,1,rnn,15,3,4,0.0018152906991468654,0.008743417517448173,6.182529817332851e-05,20000,20000,20,,
hopper-medium-replay-v2,1,rnn,15,4,1,0.003097804056047751,0.016275080951167052,0.00011508220104930228,20000,20000,20,,
hopper-medium-replay-v2,1,rnn,15,5,5,0.004069782096268621,0.0269286693296965,0.00019041444691358597,20000,20000,20,,
hopper-medium-replay-v2,1,rnn,15,6,4,0.005944810757105837,0.05180545795942901,0.0003663199062558685,20000,20000,20,,
hopper-medium-replay-v2,1,rnn,15,7,3,0.007631773263700049,0.06890282364544209,0.0004872165384259289,20000,20000,20,,
hopper-medium-replay-v2,1,rnn,15,8,4,0.009017489451206055,0.08436296504988222,0.0005965362466777542,20000,20000,20,,
hopper-medium-replay-v2,1,rnn,15,9,1,0.009387967674141242,0.07732271914336339,0.0005467541904605512,20000,20000,20,,
hopper-medium-replay-v2,1,rnn,15,10,5,0.009236463724602743,0.07817039134028274,0.000552748138047201,20000,20000,20,,
hopper-medium-replay-v2,1,rnn,15,11,4,0.009538538442790968,0.09007030536304621,0.0006368932370575303,20000,20000,20,,
hopper-medium-replay-v2,1,rnn,15,12,4,0.009491681763210335,0.10227449916770875,0.0007231899190394477,20000,20000,20,,
hopper-medium-replay-v2,1,rnn,15,13,2,0.009479658458569289,0.07455472707750448,0.0005271815308601572,20000,20000,20,,
hopper-medium-replay-v2,1,rnn,15,14,2,0.009995254916323153,0.07346421704443915,0.0005194704604668326,20000,20000,20,,
hopper-medium-replay-v2,1,rnn,15,15,4,0.010750137412097857,0.08746323347071239,0.0006184584549164294,20000,20000,20,,
hopper-medium-replay-v2,1,rnn,15,16,5,0.011004949662720196,0.08804115581682236,0.0006225449830157654,20000,20000,20,,
hopper-medium-replay-v2,1,rnn,15,17,2,0.011961652099874789,0.09687992382300213,0.0006850445109608096,20000,20000,20,,
hopper-medium-replay-v2,1,rnn,15,18,4,0.013388116830511151,0.10861802450084276,0.0007680454168363248,20000,20000,20,,
hopper-medium-replay-v2,1,rnn,15,19,3,0.013803469083915701,0.09188670410749303,0.000649737115752901,20000,20000,20,,
hopper-medium-replay-v2,1,rnn,15,20,3,0.013518726358735338,0.08468528046145236,0.000598815360809776,20000,20000,20,,
hopper-medium-replay-v2,1,rnn,15,21,4,0.013540814662435658,0.08254567102742628,0.0005836860374108706,20000,20000,20,,
hopper-medium-replay-v2,1,rnn,15,22,3,0.014647208389937647,0.11154773220823054,0.0007887615787042087,20000,20000,20,,
hopper-medium-replay-v2,1,rnn,15,23,5,0.015262380909389242,0.11089759723331967,0.0007841644302097484,20000,20000,20,,
hopper-medium-replay-v2,1,rnn,15,24,2,0.015382280720197792,0.09697145009581636,0.0006856916994424462,20000,20000,20,,
hopper-medium-replay-v2,1,rnn,15,25,3,0.016432987021425937,0.10496952247721066,0.0007422466116154937,20000,20000,20,,
hopper-medium-replay-v2,1,rnn,15,26,5,0.017925370736683273,0.11100928338279875,0.0007849541705463612,20000,20000,20,,
hopper-medium-replay-v2,1,rnn,15,27,5,0.018939623719293575,0.11700478391156437,0.0008273487613513382,20000,20000,20,,
hopper-medium-replay-v2,1,rnn,15,28,4,0.019101003990303376,0.12619654694714777,0.0008923443410865469,20000,20000,20,,
hopper-medium-replay-v2,1,rnn,15,29,2,0.02106968795519068,0.12983795101382867,0.0009180929561724502,20000,20000,20,,
hopper-medium-replay-v2,1,rnn,15,30,2,0.021559061789777255,0.13049969756277077,0.0009227722108942878,20000,20000,20,,
hopper-medium-replay-v2,1,rnn,15,31,1,0.02349418733179479,0.13244815635193818,0.0009365498951211159,20000,20000,20,,
hopper-medium-replay-v2,1,rnn,15,32,4,0.02432600251632917,0.14147583369150057,0.0010003852137728027,20000,20000,20,,
hopper-medium-replay-v2,1,rnn,15,33,4,0.024665944816328535,0.12562993098028175,0.0008883377611615515,20000,20000,20,,
hopper-medium-replay-v2,1,rnn,15,34,1,0.027352678916778405,0.1439893042173991,0.0010181581343045565,20000,20000,20,,
hopper-medium-replay-v2,1,rnn,15,35,4,0.02921213851701804,0.15805901402469558,0.0011176460064452186,20000,20000,20,,
hopper-medium-replay-v2,1,rnn,15,36,2,0.03430164787581421,0.2027248280199809,0.0014334810060780512,20000,20000,20,,
hopper-medium-replay-v2,1,rnn,15,37,5,0.03620981078292563,0.20994272567756347,0.0014845192498739225,20000,20000,20,,
hopper-medium-replay-v2,1,rnn,15,38,1,0.03972553349035042,0.22366595316639445,0.0015815571220451027,20000,20000,20,,
hopper-medium-replay-v2,1,rnn,15,39,1,0.04153067184013294,0.24243723994303487,0.0017142901637587007,20000,20000,20,,
hopper-medium-replay-v2,1,rnn,15,40,1,0.04307584868893906,0.2383341316679686,0.0016852768069062808,20000,20000,20,,
hopper-medium-replay-v2,1,rnn,15,41,2,0.045540378846402975,0.25918465519554,0.0018327122726826347,20000,20000,20,,
hopper-medium-replay-v2,1,rnn,15,42,1,0.04807811844597689,0.26456280160315,0.0018707415106329855,20000,20000,20,,
hopper-medium-replay-v2,1,rnn,15,43,2,0.051874792036194876,0.2854115135332723,0.002018164166480929,20000,20000,20,,
hopper-medium-replay-v2,1,rnn,15,44,1,0.055135226838752556,0.28707707336321164,0.002029941452983149,20000,20000,20,,
hopper-medium-replay-v2,1,rnn,15,45,3,0.060601285105612954,0.3234755143118473,0.0022873172971771332,20000,20000,20,,
hopper-medium-replay-v2,1,rnn,15,46,4,0.06342549169004852,0.3406444740955145,0.0024087201760666353,20000,20000,20,,
hopper-medium-replay-v2,1,rnn,15,47,5,0.06502144642121681,0.3564419085987995,0.002520424906692867,20000,20000,20,,
hopper-medium-replay-v2,1,rnn,15,48,1,0.06721407809135545,0.34913267127003905,0.002468740793888183,20000,20000,20,,
hopper-medium-replay-v2,1,rnn,15,49,1,0.0687455318679626,0.3403807316771371,0.0024068552355414235,20000,20000,20,,
hopper-medium-replay-v2,1,rnn,15,50,4,0.06784736137906493,0.33119114602080063,0.0023418750522025216,20000,20000,20,,
hopper-medium-replay-v2,1,rnn,15,51,1,0.06906846219357575,0.32937191928027726,0.002329011176555122,20000,20000,20,,
hopper-medium-replay-v2,1,rnn,15,52,3,0.06636297573126602,0.3146922332728723,0.0022252101213398687,20000,20000,20,,
hopper-medium-replay-v2,1,rnn,15,53,5,0.06861249505925597,0.3345669490930856,0.0023657455846461525,20000,20000,20,,
hopper-medium-replay-v2,1,rnn,15,54,1,0.07191806859209204,0.3398280413513195,0.002402947124768605,20000,20000,20,,
hopper-medium-replay-v2,1,rnn,15,55,5,0.07945072139272112,0.3962125319573463,0.0028016456813813122,20000,20000,20,,
hopper-medium-replay-v2,1,rnn,15,56,5,0.08613291827564092,0.4300723145752703,0.003041070500367677,20000,20000,20,,
hopper-medium-replay-v2,1,rnn,15,57,1,0.08554231803098329,0.4084625978063492,0.002888266727699429,20000,20000,20,,
hopper-medium-replay-v2,1,rnn,15,58,2,0.08726951120429434,0.4301558863249157,0.0030416614418765755,20000,20000,20,,
hopper-medium-replay-v2,1,rnn,15,59,3,0.09078859764566118,0.4439055719755944,0.0031388864015043584,20000,20000,20,,
hopper-medium-replay-v2,1,rnn,15,60,1,0.09266352899445007,0.46271252032750726,0.0032718716086349857,20000,20000,20,,
hopper-medium-replay-v2,1,rnn,15,61,5,0.0974445072887469,0.4743306744354369,0.00335402436418086,20000,20000,20,,
hopper-medium-replay-v2,1,rnn,15,62,4,0.10413773334479984,0.5199348563469488,0.0036764946269818096,20000,20000,20,,
hopper-medium-replay-v2,1,rnn,15,63,3,0.1094035727106248,0.5294975754322693,0.0037441132620999306,20000,20000,20,,
hopper-medium-replay-v2,1,rnn,15,64,4,0.11361156072624005,0.5605272149623981,0.003963525947395213,20000,20000,20,,
hopper-medium-replay-v2,1,rnn,15,65,4,0.11580646159054399,0.5593457831376376,0.0039551719628472355,20000,20000,20,,
hopper-medium-replay-v2,1,rnn,15,66,5,0.11585426236532244,0.561127629283567,0.003967771517775413,20000,20000,20,,
hopper-medium-replay-v2,1,rnn,15,67,4,0.11708458081041331,0.5394336921570603,0.0038143722172475384,20000,20000,20,,
hopper-medium-replay-v2,1,rnn,15,68,1,0.12303381545747213,0.5714657905977062,0.004040873357477696,20000,20000,20,,
hopper-medium-replay-v2,1,rnn,15,69,4,0.12233479472777631,0.5710603285811312,0.004038006308063359,20000,20000,20,,
hopper-medium-replay-v2,1,rnn,15,70,3,0.1257763012557172,0.5827140280668701,0.00412041040738612,20000,20000,20,,
hopper-medium-replay-v2,1,rnn,15,71,2,0.130326657532907,0.6161291060713991,0.00435669068989492,20000,20000,20,,
hopper-medium-replay-v2,1,rnn,15,72,4,0.13628429644017892,0.6567838259614414,0.004644162971109804,20000,20000,20,,
hopper-medium-replay-v2,1,rnn,15,73,1,0.13879614882959912,0.6247000435476844,0.004417296370000992,20000,20000,20,,
hopper-medium-replay-v2,1,rnn,15,74,4,0.14475722036788566,0.6567941539752097,0.0046442360011955215,20000,20000,20,,
hopper-medium-replay-v2,1,rnn,15,75,3,0.14949274888417463,0.6631451463654074,0.0046891442990592514,20000,20000,20,,
hopper-medium-replay-v2,1,rnn,15,76,3,0.15444655195860219,0.6696758101486122,0.004735323065526787,20000,20000,20,,
hopper-medium-replay-v2,1,rnn,15,77,5,0.15786185995429136,0.6735382616935265,0.00476263472232092,20000,20000,20,,
hopper-medium-replay-v2,1,rnn,15,78,2,0.1648198961458285,0.6926480566813128,0.004897761378550404,20000,20000,20,,
hopper-medium-replay-v2,1,rnn,15,79,3,0.16507526557203117,0.6800825035315772,0.004808909500135024,20000,20000,20,,
hopper-medium-replay-v2,1,rnn,15,80,2,0.16326501976766708,0.6590456490403025,0.004660156475478874,20000,20000,20,,
hopper-medium-replay-v2,1,rnn,15,81,2,0.1700425374968785,0.6922218993657379,0.004894747991273451,20000,20000,20,,
hopper-medium-replay-v2,1,rnn,15,82,2,0.17704972983143183,0.7246238480501734,0.00512386436765768,20000,20000,20,,
hopper-medium-replay-v2,1,rnn,15,83,4,0.1834494946655809,0.7492359783341722,0.005297898409890304,20000,20000,20,,
hopper-medium-replay-v2,1,rnn,15,84,1,0.18778785789386018,0.7451063112390445,0.005268697253820225,20000,20000,20,,
hopper-medium-replay-v2,1,rnn,15,85,1,0.19442059459874417,0.7677408760961063,0.005428747796816577,20000,20000,20,,
hopper-medium-replay-v2,1,rnn,15,86,4,0.20122041231648732,0.7898443807496188,0.0055850431771014486,20000,20000,20,,
hopper-medium-replay-v2,1,rnn,15,87,5,0.21168003597951104,0.8292165737218271,0.005863446623509786,20000,20000,20,,
hopper-medium-replay-v2,1,rnn,15,88,2,0.21770105357213887,0.8439870293818269,0.005967889517093797,20000,20000,20,,
hopper-medium-replay-v2,1,rnn,15,89,1,0.22110304164954972,0.8500473398873237,0.006010742383639126,20000,20000,20,,
hopper-medium-replay-v2,1,rnn,15,90,5,0.2311082824354584,0.8928516312779158,0.0063134144307008516,20000,20000,20,,
hopper-medium-replay-v2,1,rnn,15,91,2,0.23518727107593523,0.882972975593618,0.006243561786467112,20000,20000,20,,
hopper-medium-replay-v2,1,rnn,15,92,4,0.24365404795523046,0.910551483452267,0.006438571285685684,20000,20000,20,,
hopper-medium-replay-v2,1,rnn,15,93,1,0.2495214449949983,0.8918917758598747,0.006306627227950297,20000,20000,20,,
hopper-medium-replay-v2,1,rnn,15,94,3,0.26129470363577334,0.9307524690467102,0.006581413824690509,20000,20000,20,,
hopper-medium-replay-v2,1,rnn,15,95,5,0.27045666254105044,0.9768968977927971,0.006907704209493885,20000,20000,20,,
hopper-medium-replay-v2,1,rnn,15,96,4,0.2783836133416366,1.002483548553918,0.00708862915210429,20000,20000,20,,
hopper-medium-replay-v2,1,rnn,15,97,5,0.2826775238479703,1.0152125113759323,0.007178636511393467,20000,20000,20,,
hopper-medium-replay-v2,1,rnn,15,98,5,0.2843593925128509,1.0190207741201855,0.007205564995503483,20000,20000,20,,
hopper-medium-replay-v2,1,rnn,15,99,1,0.2849389833006734,0.9893933397440333,0.006996067397938116,20000,20000,20,,
hopper-medium-replay-v2,1,rnn,15,100,5,0.2861392153431991,0.981982060583046,0.00694366174041811,20000,20000,20,,
hopper-medium-replay-v2,1,rnn,16,1,3,0.0006143308467092448,0.003812313506503254,2.6957127324575162e-05,20000,20000,20,,
hopper-medium-replay-v2,1,rnn,16,2,3,0.000949707923272409,0.005156959142814042,3.646520780185774e-05,20000,20000,20,,
hopper-medium-replay-v2,1,rnn,16,3,1,0.0024630741611661056,0.013006753977053255,9.197163938399452e-05,20000,20000,20,,
hopper-medium-replay-v2,1,rnn,16,4,2,0.0022808090215239735,0.011288721938085411,7.98233183334954e-05,20000,20000,20,,
hopper-medium-replay-v2,1,rnn,16,5,4,0.0028415969089304145,0.017061637065122662,0.00012064399266891978,20000,20000,20,,
hopper-medium-replay-v2,1,rnn,16,6,5,0.004397538457460116,0.03376392545664711,0.00023874700649872269,20000,20000,20,,
hopper-medium-replay-v2,1,rnn,16,7,5,0.00641637744008076,0.06496925406625666,0.0004594020011888176,20000,20000,20,,
hopper-medium-replay-v2,1,rnn,16,8,3,0.008572437935352529,0.08777198220242426,0.0006206416381351915,20000,20000,20,,
hopper-medium-replay-v2,1,rnn,16,9,3,0.008675862363726755,0.08863232415838898,0.0006267251744472111,20000,20000,20,,
hopper-medium-replay-v2,1,rnn,16,10,5,0.0093651936724099,0.11212064664792988,0.0007928126955577197,20000,20000,20,,
hopper-medium-replay-v2,1,rnn,16,11,1,0.010788508868731539,0.1362753740125107,0.0009636124107297931,20000,20000,20,,
hopper-medium-replay-v2,1,rnn,16,12,2,0.00931137355587485,0.08601850399917572,0.000608242674853393,20000,20000,20,,
hopper-medium-replay-v2,1,rnn,16,13,5,0.008610962052738178,0.06596653516240268,0.00046645384344715763,20000,20000,20,,
hopper-medium-replay-v2,1,rnn,16,14,2,0.00944523555805823,0.06456027832895575,0.0004565101060169552,20000,20000,20,,
hopper-medium-replay-v2,1,rnn,16,15,5,0.010695375596034448,0.07759566319510389,0.0005486841963592536,20000,20000,20,,
hopper-medium-replay-v2,1,rnn,16,16,5,0.013138675764760703,0.10710459836906691,0.0007573438780302885,20000,20000,20,,
hopper-medium-replay-v2,1,rnn,16,17,1,0.014619487382470507,0.10130977556885085,0.0007163682930522165,20000,20000,20,,
hopper-medium-replay-v2,1,rnn,16,18,4,0.01538455106551618,0.12381057893034027,0.0008754729994427589,20000,20000,20,,
hopper-medium-replay-v2,1,rnn,16,19,5,0.0157803304574194,0.11737799761189456,0.0008299877807346902,20000,20000,20,,
hopper-medium-replay-v2,1,rnn,16,20,3,0.014761893180463647,0.09762164628202695,0.0006902892807661577,20000,20000,20,,
hopper-medium-replay-v2,1,rnn,16,21,5,0.015162515904749804,0.09301978999372662,0.0006577492428911265,20000,20000,20,,
hopper-medium-replay-v2,1,rnn,16,22,1,0.015704318542322942,0.09263039394054265,0.0006549957969933898,20000,20000,20,,
hopper-medium-replay-v2,1,rnn,16,23,5,0.015509945205948103,0.0855830408290924,0.0006051634852481641,20000,20000,20,,
hopper-medium-replay-v2,1,rnn,16,24,5,0.01702252173214943,0.10252639968719511,0.0007249711246945799,20000,20000,20,,
hopper-medium-replay-v2,1,rnn,16,25,3,0.0175512368404817,0.11604113478540092,0.0008205347330333915,20000,20000,20,,
hopper-medium-replay-v2,1,rnn,16,26,4,0.01864948001462785,0.10550823775600902,0.0007460559038831651,20000,20000,20,,
hopper-medium-replay-v2,1,rnn,16,27,4,0.02035072250069815,0.12556394829603773,0.0008878711931268532,20000,20000,20,,
hopper-medium-replay-v2,1,rnn,16,28,4,0.021364604728906302,0.12055298891991288,0.0008524383595757712,20000,20000,20,,
hopper-medium-replay-v2,1,rnn,16,29,4,0.020676194754368608,0.12643478036314096,0.0008940289057260871,20000,20000,20,,
hopper-medium-replay-v2,1,rnn,16,30,4,0.020321142876069547,0.10963353348838045,0.0007752261497507626,20000,20000,20,,
hopper-medium-replay-v2,1,rnn,16,31,5,0.021234281453886842,0.12743297525347658,0.0009010872094851078,20000,20000,20,,
hopper-medium-replay-v2,1,rnn,16,32,3,0.02204662585250277,0.1264231991240695,0.0008939470139992673,20000,20000,20,,
hopper-medium-replay-v2,1,rnn,16,33,1,0.023724915635995804,0.12476525900858626,0.0008822236070146732,20000,20000,20,,
hopper-medium-replay-v2,1,rnn,16,34,5,0.024998970788416376,0.1359107217389968,0.0009610339297760255,20000,20000,20,,
hopper-medium-replay-v2,1,rnn,16,35,1,0.027111835936239812,0.1406701281438446,0.0009946880152089312,20000,20000,20,,
hopper-medium-replay-v2,1,rnn,16,36,4,0.029138308130753295,0.17310374287515665,0.0012240283043579577,20000,20000,20,,
hopper-medium-replay-v2,1,rnn,16,37,4,0.03234328630226814,0.19407435829674202,0.00137231294806054,20000,20000,20,,
hopper-medium-replay-v2,1,rnn,16,38,3,0.03686326080749912,0.20667029264856665,0.0014613796540160976,20000,20000,20,,
hopper-medium-replay-v2,1,rnn,16,39,5,0.04072703060585636,0.23346538724367105,0.001650849584923431,20000,20000,20,,
hopper-medium-replay-v2,1,rnn,16,40,5,0.04260969064529833,0.25367364787789026,0.0017937435662278465,20000,20000,20,,
hopper-medium-replay-v2,1,rnn,16,41,5,0.0426009323707118,0.2587198467591069,0.001829425580709089,20000,20000,20,,
hopper-medium-replay-v2,1,rnn,16,42,2,0.04232323856049267,0.2325262189979407,0.0016442086625711209,20000,20000,20,,
hopper-medium-replay-v2,1,rnn,16,43,4,0.04280415177528139,0.22666837555474245,0.0016027874543529743,20000,20000,20,,
hopper-medium-replay-v2,1,rnn,16,44,3,0.04365450011005848,0.22643893350859776,0.0016011650540857921,20000,20000,20,,
hopper-medium-replay-v2,1,rnn,16,45,5,0.04566154809891732,0.2432725227127383,0.0017201965048653566,20000,20000,20,,
hopper-medium-replay-v2,1,rnn,16,46,2,0.045795050169570674,0.23744464716294644,0.0016789872016536654,20000,20000,20,,
hopper-medium-replay-v2,1,rnn,16,47,2,0.04633094900759173,0.24975396677526743,0.0017660272353503127,20000,20000,20,,
hopper-medium-replay-v2,1,rnn,16,48,3,0.047407081799288764,0.2399983686196651,0.001697044739246739,20000,20000,20,,
hopper-medium-replay-v2,1,rnn,16,49,5,0.0499248755739047,0.2457782598733886,0.0017379147422470261,20000,20000,20,,
hopper-medium-replay-v2,1,rnn,16,50,1,0.05416316054915768,0.2688732241782698,0.0019012208009594536,20000,20000,20,,
hopper-medium-replay-v2,1,rnn,16,51,4,0.05600567349012447,0.2956315085620727,0.002090430444366505,20000,20000,20,,
hopper-medium-replay-v2,1,rnn,16,52,2,0.05961886001819196,0.3259363399444389,0.002304717962098365,20000,20000,20,,
hopper-medium-replay-v2,1,rnn,16,53,1,0.06274148292602397,0.32077195082898496,0.0022682002164561305,20000,20000,20,,
hopper-medium-replay-v2,1,rnn,16,54,2,0.0647767565632286,0.30743492321252447,0.0021738931897714157,20000,20000,20,,
hopper-medium-replay-v2,1,rnn,16,55,3,0.06933775157262807,0.3409659447346366,0.002410993316755391,20000,20000,20,,
hopper-medium-replay-v2,1,rnn,16,56,2,0.07374325591635049,0.36561178416962387,0.0025852657186805346,20000,20000,20,,
hopper-medium-replay-v2,1,rnn,16,57,3,0.07976457119726522,0.3920076513544876,0.0027719126854977008,20000,20000,20,,
hopper-medium-replay-v2,1,rnn,16,58,1,0.08385101462888513,0.40998755480805865,0.0028990498020686956,20000,20000,20,,
hopper-medium-replay-v2,1,rnn,16,59,4,0.09205169145589552,0.4653704214375458,0.003290665807621301,20000,20000,20,,
hopper-medium-replay-v2,1,rnn,16,60,2,0.0945912956831486,0.4837279389154441,0.0034204730585650255,20000,20000,20,,
hopper-medium-replay-v2,1,rnn,16,61,3,0.09694385271605492,0.5189969327115564,0.0036698625053535987,20000,20000,20,,
hopper-medium-replay-v2,1,rnn,16,62,3,0.09689456842488348,0.526469020023861,0.0037226981414350837,20000,20000,20,,
hopper-medium-replay-v2,1,rnn,16,63,5,0.09644009688229184,0.4978882081563045,0.0035206012826014222,20000,20000,20,,
hopper-medium-replay-v2,1,rnn,16,64,1,0.09873301180707544,0.5110973778735959,0.0036140042174108294,20000,20000,20,,
hopper-medium-replay-v2,1,rnn,16,65,5,0.10456668008285194,0.5276578108525233,0.0037311041619986786,20000,20000,20,,
hopper-medium-replay-v2,1,rnn,16,66,2,0.10701590958596094,0.5298616346721261,0.0037466875496724944,20000,20000,20,,
hopper-medium-replay-v2,1,rnn,16,67,5,0.11162644000694413,0.548498476007573,0.003878469918554417,20000,20000,20,,
hopper-medium-replay-v2,1,rnn,16,68,2,0.11178766683634281,0.5437818226557397,0.003845118142858541,20000,20000,20,,
hopper-medium-replay-v2,1,rnn,16,69,5,0.11484067490703223,0.5696156235133357,0.004027790700560831,20000,20000,20,,
hopper-medium-replay-v2,1,rnn,16,70,5,0.11866614999279093,0.5862039892352385,0.0041450881594684305,20000,20000,20,,
hopper-medium-replay-v2,1,rnn,16,71,1,0.11918862489659891,0.5576947046052684,0.003943497074582137,20000,20000,20,,
hopper-medium-replay-v2,1,rnn,16,72,4,0.12304796118602683,0.5801474731434753,0.004102262123479918,20000,20000,20,,
hopper-medium-replay-v2,1,rnn,16,73,1,0.126247371536016,0.5779774800170782,0.0040869179549318825,20000,20000,20,,
hopper-medium-replay-v2,1,rnn,16,74,4,0.1287503048524598,0.5834240904816133,0.0041254313068714256,20000,20000,20,,
hopper-medium-replay-v2,1,rnn,16,75,2,0.13444097701935492,0.5880491873281763,0.004158135680309919,20000,20000,20,,
hopper-medium-replay-v2,1,rnn,16,76,4,0.14388058072329585,0.6217859596244774,0.004396690684970527,20000,20000,20,,
hopper-medium-replay-v2,1,rnn,16,77,5,0.15161773004702478,0.669904336450278,0.00473693899050266,20000,20000,20,,
hopper-medium-replay-v2,1,rnn,16,78,3,0.14961969959293014,0.6298970926395084,0.004454045056550874,20000,20000,20,,
hopper-medium-replay-v2,1,rnn,16,79,3,0.15414468767457787,0.646752706792978,0.004573232247240697,20000,20000,20,,
hopper-medium-replay-v2,1,rnn,16,80,1,0.15275416069723619,0.6161885286195543,0.004357110870762479,20000,20000,20,,
hopper-medium-replay-v2,1,rnn,16,81,1,0.1584245850222329,0.6433508625847231,0.004549177576158724,20000,20000,20,,
hopper-medium-replay-v2,1,rnn,16,82,3,0.16475988385814058,0.6682448586612831,0.004725204710524393,20000,20000,20,,
hopper-medium-replay-v2,1,rnn,16,83,1,0.16536254117618,0.6524096357024906,0.004613232775166762,20000,20000,20,,
hopper-medium-replay-v2,1,rnn,16,84,5,0.1741316973776049,0.6892145129952147,0.004873482558311002,20000,20000,20,,
hopper-medium-replay-v2,1,rnn,16,85,1,0.1838204263836019,0.7268215169982664,0.005139404233817676,20000,20000,20,,
hopper-medium-replay-v2,1,rnn,16,86,5,0.1960671318274549,0.7799723776930328,0.005515237574049385,20000,20000,20,,
hopper-medium-replay-v2,1,rnn,16,87,2,0.20965341158171244,0.8159564833388857,0.005769683625220542,20000,20000,20,,
hopper-medium-replay-v2,1,rnn,16,88,4,0.21820217604862438,0.8583021675795285,0.0060691128300259705,20000,20000,20,,
hopper-medium-replay-v2,1,rnn,16,89,3,0.22307556074862558,0.867298258422234,0.006132724798416443,20000,20000,20,,
hopper-medium-replay-v2,1,rnn,16,90,2,0.22609722716750444,0.8601738209992682,0.00608234741827726,20000,20000,20,,
hopper-medium-replay-v2,1,rnn,16,91,2,0.23051100140152153,0.8698997852382993,0.006151120370947227,20000,20000,20,,
hopper-medium-replay-v2,1,rnn,16,92,4,0.2308606474043725,0.8687796862472611,0.006143200075025595,20000,20000,20,,
hopper-medium-replay-v2,1,rnn,16,93,2,0.23006174192415402,0.8581481237636094,0.006068023575757608,20000,20000,20,,
hopper-medium-replay-v2,1,rnn,16,94,5,0.24057162079979738,0.8998723753186187,0.006363058587902413,20000,20000,20,,
hopper-medium-replay-v2,1,rnn,16,95,4,0.2479618792317273,0.905025282093764,0.006399495141137686,20000,20000,20,,
hopper-medium-replay-v2,1,rnn,16,96,4,0.2506467847283705,0.9040501133457045,0.0063925996567921455,20000,20000,20,,
hopper-medium-replay-v2,1,rnn,16,97,1,0.24904203012643894,0.86756109588333,0.006134583339927352,20000,20000,20,,
hopper-medium-replay-v2,1,rnn,16,98,3,0.2568628116327262,0.8834389002490568,0.00624685637130094,20000,20000,20,,
hopper-medium-replay-v2,1,rnn,16,99,3,0.26824528959197974,0.924345888201252,0.006536112457090076,20000,20000,20,,
hopper-medium-replay-v2,1,rnn,16,100,1,0.2738447559167469,0.9268319697305226,0.006553691708169375,20000,20000,20,,
hopper-medium-replay-v2,1,rnn,17,1,1,0.001966555549687104,0.01274861203041497,9.014630017422825e-05,20000,20000,20,,
hopper-medium-replay-v2,1,rnn,17,2,3,0.0016013046435712397,0.00733331228399253,5.1854348445697265e-05,20000,20000,20,,
hopper-medium-replay-v2,1,rnn,17,3,5,0.0021701084492925914,0.014019160738265079,9.913043624571442e-05,20000,20000,20,,
hopper-medium-replay-v2,1,rnn,17,4,1,0.003787374532074184,0.022701640512639773,0.00016052483950546834,20000,20000,20,,
hopper-medium-replay-v2,1,rnn,17,5,2,0.005364583824671234,0.04788666733365955,0.00033860987200054997,20000,20000,20,,
hopper-medium-replay-v2,1,rnn,17,6,1,0.007512088853909583,0.05873735559487298,0.0004153358245010028,20000,20000,20,,
hopper-medium-replay-v2,1,rnn,17,7,1,0.009047303867936328,0.061926591426512155,0.0004378871273345546,20000,20000,20,,
hopper-medium-replay-v2,1,rnn,17,8,5,0.012050201516480522,0.10590249630485755,0.0007488437328174806,20000,20000,20,,
hopper-medium-replay-v2,1,rnn,17,9,3,0.013901357944824696,0.11738714409159734,0.0008300524561129085,20000,20000,20,,
hopper-medium-replay-v2,1,rnn,17,10,5,0.014207906267048622,0.11864233212143953,0.0008389279757885644,20000,20000,20,,
hopper-medium-replay-v2,1,rnn,17,11,5,0.01566915171841223,0.14243620710469337,0.0010071760793022018,20000,20000,20,,
hopper-medium-replay-v2,1,rnn,17,12,4,0.01517693393461733,0.13174192627737355,0.0009315560943730906,20000,20000,20,,
hopper-medium-replay-v2,1,rnn,17,13,2,0.014623176276319401,0.128887522809778,0.0009113724138912984,20000,20000,20,,
hopper-medium-replay-v2,1,rnn,17,14,4,0.013563466414091917,0.12756980474256108,0.0009020547400810872,20000,20000,20,,
hopper-medium-replay-v2,1,rnn,17,15,4,0.013497726384678072,0.1399098435398042,0.0009893119912174444,20000,20000,20,,
hopper-medium-replay-v2,1,rnn,17,16,2,0.01245109540268039,0.10172870885935315,0.0007193305987580062,20000,20000,20,,
hopper-medium-replay-v2,1,rnn,17,17,3,0.012528897384369206,0.09444905159666746,0.0006678556486064167,20000,20000,20,,
hopper-medium-replay-v2,1,rnn,17,18,4,0.012519912231964503,0.07854924321847799,0.0005554270253685722,20000,20000,20,,
hopper-medium-replay-v2,1,rnn,17,19,1,0.01470925068098552,0.09860491499810078,0.0006972420405348017,20000,20000,20,,
hopper-medium-replay-v2,1,rnn,17,20,1,0.0157921534829582,0.10609306416938742,0.0007501912511103338,20000,20000,20,,
hopper-medium-replay-v2,1,rnn,17,21,2,0.01742403649967765,0.10049821915856277,0.0007106297226419154,20000,20000,20,,
hopper-medium-replay-v2,1,rnn,17,22,4,0.019748228782237528,0.12148625240891252,0.0008590375289928258,20000,20000,20,,
hopper-medium-replay-v2,1,rnn,17,23,3,0.02210294585973611,0.130993287508707,0.0009262624188732579,20000,20000,20,,
hopper-medium-replay-v2,1,rnn,17,24,3,0.026472530237487114,0.1699684261878323,0.001201858267450214,20000,20000,20,,
hopper-medium-replay-v2,1,rnn,17,25,3,0.026390165812036497,0.16052061051298064,0.0011350521221393322,20000,20000,20,,
hopper-medium-replay-v2,1,rnn,17,26,5,0.027673053952339502,0.17221837053860078,0.0012177677765274214,20000,20000,20,,
hopper-medium-replay-v2,1,rnn,17,27,4,0.02828493742092365,0.17693784047212624,0.0012511394684634402,20000,20000,20,,
hopper-medium-replay-v2,1,rnn,17,28,4,0.02865263152503599,0.16570537569854704,0.0011717139483550716,20000,20000,20,,
hopper-medium-replay-v2,1,rnn,17,29,1,0.030622438970643776,0.17549593930348012,0.0012409436875219354,20000,20000,20,,
hopper-medium-replay-v2,1,rnn,17,30,3,0.027948115799624394,0.16468260594985065,0.0011644818741061147,20000,20000,20,,
hopper-medium-replay-v2,1,rnn,17,31,1,0.030157184930891843,0.1814089598817,0.0012827550570034842,20000,20000,20,,
hopper-medium-replay-v2,1,rnn,17,32,4,0.03155501239746026,0.1927576650493707,0.0013630025208209518,20000,20000,20,,
hopper-medium-replay-v2,1,rnn,17,33,5,0.032893653442492995,0.18694231280953905,0.0013218817707832185,20000,20000,20,,
hopper-medium-replay-v2,1,rnn,17,34,5,0.03601069830062189,0.20677358049260045,0.0014621100093654019,20000,20000,20,,
hopper-medium-replay-v2,1,rnn,17,35,3,0.037330544821695955,0.20367343921881337,0.0014401887001920905,20000,20000,20,,
hopper-medium-replay-v2,1,rnn,17,36,5,0.04317675948769427,0.26032182494691775,0.0018407532771082288,20000,20000,20,,
hopper-medium-replay-v2,1,rnn,17,37,2,0.04385126833175557,0.2562999481411918,0.0018123143134839716,20000,20000,20,,
hopper-medium-replay-v2,1,rnn,17,38,2,0.04382321357404098,0.2590025583698307,0.0018314246536797188,20000,20000,20,,
hopper-medium-replay-v2,1,rnn,17,39,2,0.04304255913448839,0.26582197578763145,0.0018796452166784043,20000,20000,20,,
hopper-medium-replay-v2,1,rnn,17,40,3,0.041608471929945046,0.23692911323510882,0.0016753418262906083,20000,20000,20,,
hopper-medium-replay-v2,1,rnn,17,41,2,0.04425102553879625,0.25053391805288727,0.001771542323724314,20000,20000,20,,
hopper-medium-replay-v2,1,rnn,17,42,1,0.049231921616726695,0.2787511506716158,0.0019710682890345258,20000,20000,20,,
hopper-medium-replay-v2,1,rnn,17,43,3,0.051256933850407554,0.2801125617843206,0.0019806949193322885,20000,20000,20,,
hopper-medium-replay-v2,1,rnn,17,44,3,0.05652513253388328,0.3198599937220999,0.0022617517059118335,20000,20000,20,,
hopper-medium-replay-v2,1,rnn,17,45,5,0.05981492051936273,0.3447235315924191,0.0024375634682357455,20000,20000,20,,
hopper-medium-replay-v2,1,rnn,17,46,2,0.05803520163870967,0.27526042768402037,0.0019463851500768007,20000,20000,20,,
hopper-medium-replay-v2,1,rnn,17,47,3,0.06168915562089769,0.3110197250772662,0.0021992415668491065,20000,20000,20,,
hopper-medium-replay-v2,1,rnn,17,48,2,0.06538958834535037,0.3546926957603466,0.002508056104094781,20000,20000,20,,
hopper-medium-replay-v2,1,rnn,17,49,5,0.06624594738994287,0.35908614962837193,0.0025391225143238903,20000,20000,20,,
hopper-medium-replay-v2,1,rnn,17,50,3,0.06808532820133718,0.348754617631551,0.002466067550973912,20000,20000,20,,
hopper-medium-replay-v2,1,rnn,17,51,5,0.06933176444953992,0.35277859935026146,0.0024945213985806203,20000,20000,20,,
hopper-medium-replay-v2,1,rnn,17,52,1,0.07132578567234034,0.3563229719414637,0.0025195838975235287,20000,20000,20,,
hopper-medium-replay-v2,1,rnn,17,53,3,0.07077271516286891,0.36508777331389314,0.0025815604023855087,20000,20000,20,,
hopper-medium-replay-v2,1,rnn,17,54,3,0.06996552574943936,0.3509807258774261,0.0024818085133370476,20000,20000,20,,
hopper-medium-replay-v2,1,rnn,17,55,1,0.0749618645076827,0.38137929212570504,0.002696758836662113,20000,20000,20,,
hopper-medium-replay-v2,1,rnn,17,56,4,0.08358835231199994,0.4407293797948859,0.003116427331211052,20000,20000,20,,
hopper-medium-replay-v2,1,rnn,17,57,1,0.08899001345565855,0.4621661633282285,0.0032680082812435985,20000,20000,20,,
hopper-medium-replay-v2,1,rnn,17,58,3,0.09739154409639246,0.5085320569596671,0.0035958646592692423,20000,20000,20,,
hopper-medium-replay-v2,1,rnn,17,59,1,0.09986879772645017,0.499242398542944,0.0035301768546555264,20000,20000,20,,
hopper-medium-replay-v2,1,rnn,17,60,1,0.10394667829679481,0.5095123249817892,0.003602796200927471,20000,20000,20,,
hopper-medium-replay-v2,1,rnn,17,61,4,0.10893677627463669,0.5403489272512313,0.003820843906662221,20000,20000,20,,
hopper-medium-replay-v2,1,rnn,17,62,2,0.1145757045798521,0.543534050972603,0.0038433661324852215,20000,20000,20,,
hopper-medium-replay-v2,1,rnn,17,63,3,0.1214377050353336,0.5755343698296252,0.004069642557124544,20000,20000,20,,
hopper-medium-replay-v2,1,rnn,17,64,1,0.12728887786368975,0.6164396063653628,0.00435888625852914,20000,20000,20,,
hopper-medium-replay-v2,1,rnn,17,65,4,0.12509731325583104,0.5861517593404741,0.004144718838340745,20000,20000,20,,
hopper-medium-replay-v2,1,rnn,17,66,1,0.12741566847132396,0.5916777229055707,0.004183793301435441,20000,20000,20,,
hopper-medium-replay-v2,1,rnn,17,67,3,0.12713876677517588,0.5909183419226297,0.004178423667010024,20000,20000,20,,
hopper-medium-replay-v2,1,rnn,17,68,3,0.1306126233075095,0.607767673776022,0.004297566435129986,20000,20000,20,,
hopper-medium-replay-v2,1,rnn,17,69,5,0.13145009602446797,0.616118543642529,0.004356616002244121,20000,20000,20,,
hopper-medium-replay-v2,1,rnn,17,70,3,0.13603515839090413,0.6364446878661768,0.004500343546403292,20000,20000,20,,
hopper-medium-replay-v2,1,rnn,17,71,3,0.13859677416526855,0.6282654486836614,0.004442507591494258,20000,20000,20,,
hopper-medium-replay-v2,1,rnn,17,72,4,0.13723155500791362,0.6327723477609943,0.004474376180491313,20000,20000,20,,
hopper-medium-replay-v2,1,rnn,17,73,1,0.1414288644673408,0.6393352615839598,0.0045207829891769314,20000,20000,20,,
hopper-medium-replay-v2,1,rnn,17,74,2,0.14382670988749002,0.6253832870689342,0.004422127631271767,20000,20000,20,,
hopper-medium-replay-v2,1,rnn,17,75,5,0.15140678260447304,0.676622198585442,0.004784441449211169,20000,20000,20,,
hopper-medium-replay-v2,1,rnn,17,76,5,0.1583238060710757,0.710252064022005,0.005022240508217016,20000,20000,20,,
hopper-medium-replay-v2,1,rnn,17,77,1,0.16368771254232406,0.7139730531474805,0.005048551874650468,20000,20000,20,,
hopper-medium-replay-v2,1,rnn,17,78,2,0.16863066017527653,0.721676195668532,0.0051030213177812875,20000,20000,20,,
hopper-medium-replay-v2,1,rnn,17,79,1,0.1744846304244154,0.7339185334736995,0.005189587718577391,20000,20000,20,,
hopper-medium-replay-v2,1,rnn,17,80,3,0.18280994338835566,0.7659602002266007,0.005416156516992351,20000,20000,20,,
hopper-medium-replay-v2,1,rnn,17,81,5,0.18898532783672045,0.7801670906818478,0.005516614402797147,20000,20000,20,,
hopper-medium-replay-v2,1,rnn,17,82,1,0.1910087758682784,0.770853009571321,0.0054507539036593965,20000,20000,20,,
hopper-medium-replay-v2,1,rnn,17,83,5,0.19750183986940406,0.7928339932539702,0.005606182929850918,20000,20000,20,,
hopper-medium-replay-v2,1,rnn,17,84,2,0.21181564388430296,0.8558650847560164,0.006051880052117784,20000,20000,20,,
hopper-medium-replay-v2,1,rnn,17,85,3,0.2170428069653355,0.8657856917507714,0.006122029336912563,20000,20000,20,,
hopper-medium-replay-v2,1,rnn,17,86,4,0.2234524941666276,0.8906668579290609,0.006297965750197542,20000,20000,20,,
hopper-medium-replay-v2,1,rnn,17,87,4,0.22501808005990462,0.8711818177824651,0.006160185710004042,20000,20000,20,,
hopper-medium-replay-v2,1,rnn,17,88,4,0.2262210534307731,0.8809607936021852,0.0062293335111558755,20000,20000,20,,
hopper-medium-replay-v2,1,rnn,17,89,5,0.22615152271006272,0.8607482265002464,0.006086409078526186,20000,20000,20,,
hopper-medium-replay-v2,1,rnn,17,90,4,0.22831628092392758,0.8712846965140792,0.006160913172491685,20000,20000,20,,
hopper-medium-replay-v2,1,rnn,17,91,2,0.23383127664278158,0.8863592810863479,0.006267506582237898,20000,20000,20,,
hopper-medium-replay-v2,1,rnn,17,92,2,0.24105031188781073,0.9054558017627906,0.006402539374911715,20000,20000,20,,
hopper-medium-replay-v2,1,rnn,17,93,1,0.24743934166773296,0.9144399692572857,0.006466067032498447,20000,20000,20,,
hopper-medium-replay-v2,1,rnn,17,94,3,0.25551781321146894,0.9401155243446085,0.006647620623628195,20000,20000,20,,
hopper-medium-replay-v2,1,rnn,17,95,4,0.2659099340128123,0.9771178530599947,0.006909266599171627,20000,20000,20,,
hopper-medium-replay-v2,1,rnn,17,96,4,0.2732800326746844,1.0033899835190536,0.00709503861520981,20000,20000,20,,
hopper-medium-replay-v2,1,rnn,17,97,5,0.2863795484775728,1.0485735619957788,0.007414534762601478,20000,20000,20,,
hopper-medium-replay-v2,1,rnn,17,98,1,0.29500663950716743,1.0587603636698522,0.007486566328024876,20000,20000,20,,
hopper-medium-replay-v2,1,rnn,17,99,2,0.3016844997912231,1.0589155205303054,0.007487663452706616,20000,20000,20,,
hopper-medium-replay-v2,1,rnn,17,100,4,0.29795560468392607,1.01022771355911,0.007143388668002278,20000,20000,20,,
hopper-medium-replay-v2,1,rnn,18,1,4,0.0006084735630391241,0.003819338000017931,2.7006797994561454e-05,20000,20000,20,,
hopper-medium-replay-v2,1,rnn,18,2,1,0.0021650572112918475,0.01346614935108324,9.522005522621786e-05,20000,20000,20,,
hopper-medium-replay-v2,1,rnn,18,3,2,0.0019188486771672202,0.008775750028676211,6.205392355274987e-05,20000,20000,20,,
hopper-medium-replay-v2,1,rnn,18,4,4,0.0024573756858489353,0.013865022554026909,9.804051469256852e-05,20000,20000,20,,
hopper-medium-replay-v2,1,rnn,18,5,4,0.003936181692949924,0.02995038816167756,0.00021178122568291498,20000,20000,20,,
hopper-medium-replay-v2,1,rnn,18,6,3,0.006047667495770168,0.06194594194573082,0.00043802395616814456,20000,20000,20,,
hopper-medium-replay-v2,1,rnn,18,7,4,0.008329243551865232,0.09560115435045086,0.000676002245304656,20000,20000,20,,
hopper-medium-replay-v2,1,rnn,18,8,3,0.008474920607899615,0.08621573772225019,0.0006096373278840394,20000,20000,20,,
hopper-medium-replay-v2,1,rnn,18,9,3,0.008516165480681905,0.09041806759514782,0.0006393522873831266,20000,20000,20,,
hopper-medium-replay-v2,1,rnn,18,10,5,0.008662782084098274,0.09278485773498811,0.0006560880209583918,20000,20000,20,,
hopper-medium-replay-v2,1,rnn,18,11,5,0.008393143142147355,0.08394232029668398,0.0005935618391031841,20000,20000,20,,
hopper-medium-replay-v2,1,rnn,18,12,4,0.007455603616462983,0.06490929488628198,0.0004589780257612728,20000,20000,20,,
hopper-medium-replay-v2,1,rnn,18,13,2,0.007638189429342105,0.06782828486159777,0.00047961840181888623,20000,20000,20,,
hopper-medium-replay-v2,1,rnn,18,14,1,0.008242933979623928,0.049272893347061975,0.00034841197014389043,20000,20000,20,,
hopper-medium-replay-v2,1,rnn,18,15,5,0.008039604233671236,0.06199304966154413,0.0004383570580211226,20000,20000,20,,
hopper-medium-replay-v2,1,rnn,18,16,1,0.009225521977925996,0.048406974767177646,0.0003422890011459741,20000,20000,20,,
hopper-medium-replay-v2,1,rnn,18,17,5,0.011403781381411977,0.07001369117095502,0.00049507155802883,20000,20000,20,,
hopper-medium-replay-v2,1,rnn,18,18,3,0.013090563722062666,0.0820946667053713,0.0005804969552661753,20000,20000,20,,
hopper-medium-replay-v2,1,rnn,18,19,5,0.015195870643443835,0.09171430896291173,0.0006485180979951304,20000,20000,20,,
hopper-medium-replay-v2,1,rnn,18,20,5,0.01652873342097831,0.10067923998992943,0.0007119097332158694,20000,20000,20,,
hopper-medium-replay-v2,1,rnn,18,21,2,0.01738566051833848,0.11315363072713243,0.0008001169960303383,20000,20000,20,,
hopper-medium-replay-v2,1,rnn,18,22,4,0.017349966133098315,0.12263291713876508,0.0008671456730550877,20000,20000,20,,
hopper-medium-replay-v2,1,rnn,18,23,3,0.016808831971471972,0.128188030366923,0.0009064262553939833,20000,20000,20,,
hopper-medium-replay-v2,1,rnn,18,24,4,0.01689868746670594,0.1275717588778729,0.0009020685579043907,20000,20000,20,,
hopper-medium-replay-v2,1,rnn,18,25,2,0.017146395911734016,0.10809277271646435,0.0007643313258506817,20000,20000,20,,
hopper-medium-replay-v2,1,rnn,18,26,3,0.01773360508560145,0.10732049965164994,0.0007588705306401019,20000,20000,20,,
hopper-medium-replay-v2,1,rnn,18,27,3,0.01880115993649495,0.11461492260527356,0.0008104498899936024,20000,20000,20,,
hopper-medium-replay-v2,1,rnn,18,28,2,0.020111688620884104,0.12334335853436607,0.0008721692523397386,20000,20000,20,,
hopper-medium-replay-v2,1,rnn,18,29,4,0.02158929726547007,0.12680786973240754,0.0008966670459560572,20000,20000,20,,
hopper-medium-replay-v2,1,rnn,18,30,1,0.02327592097875915,0.13358811712279653,0.0009446106350347217,20000,20000,20,,
hopper-medium-replay-v2,1,rnn,18,31,5,0.02308742646293826,0.12304900509473751,0.0008700878592074692,20000,20000,20,,
hopper-medium-replay-v2,1,rnn,18,32,2,0.023843522470618092,0.1301353384040783,0.0009201958025752989,20000,20000,20,,
hopper-medium-replay-v2,1,rnn,18,33,2,0.026838668982122452,0.14701931616497194,0.0010395835542566065,20000,20000,20,,
hopper-medium-replay-v2,1,rnn,18,34,1,0.0304017628674496,0.16344167730180814,0.0011557071834861195,20000,20000,20,,
hopper-medium-replay-v2,1,rnn,18,35,2,0.03235266408874837,0.1889905851426472,0.001336365243347794,20000,20000,20,,
hopper-medium-replay-v2,1,rnn,18,36,1,0.03391798591379769,0.18545055582243167,0.001311333455968558,20000,20000,20,,
hopper-medium-replay-v2,1,rnn,18,37,2,0.03658871614761349,0.19751431623999766,0.0013966371239472657,20000,20000,20,,
hopper-medium-replay-v2,1,rnn,18,38,5,0.039732314276817116,0.22012790595406923,0.0015565393502851694,20000,20000,20,,
hopper-medium-replay-v2,1,rnn,18,39,5,0.0433406544516118,0.25630015258809885,0.0018123157591419155,20000,20000,20,,
hopper-medium-replay-v2,1,rnn,18,40,4,0.04866936327993819,0.29710253642802337,0.002100832182159786,20000,20000,20,,
hopper-medium-replay-v2,1,rnn,18,41,5,0.05066289790100991,0.29577999839989344,0.0020914804260791084,20000,20000,20,,
hopper-medium-replay-v2,1,rnn,18,42,3,0.05104626818029361,0.2763966114913143,0.0019544191828249195,20000,20000,20,,
hopper-medium-replay-v2,1,rnn,18,43,4,0.049757637794702346,0.25727639217996245,0.0018192188154966108,20000,20000,20,,
hopper-medium-replay-v2,1,rnn,18,44,5,0.04905277070464853,0.26397239968150693,0.0018665667386087918,20000,20000,20,,
hopper-medium-replay-v2,1,rnn,18,45,5,0.04910086894657772,0.265181306902242,0.0018751150035448633,20000,20000,20,,
hopper-medium-replay-v2,1,rnn,18,46,4,0.046681268305983216,0.23644910183594528,0.0016719476331366544,20000,20000,20,,
hopper-medium-replay-v2,1,rnn,18,47,2,0.045673766496549376,0.22720795969976545,0.0016066028904326395,20000,20000,20,,
hopper-medium-replay-v2,1,rnn,18,48,2,0.049689989617676025,0.2597666585909323,0.0018368276581581895,20000,20000,20,,
hopper-medium-replay-v2,1,rnn,18,49,4,0.05145812157841268,0.26739299924498755,0.0018907540300794007,20000,20000,20,,
hopper-medium-replay-v2,1,rnn,18,50,4,0.05401902749239198,0.2805907025725885,0.0019840758852697495,20000,20000,20,,
hopper-medium-replay-v2,1,rnn,18,51,1,0.059892785792266895,0.30828153252812474,0.002179879621652182,20000,20000,20,,
hopper-medium-replay-v2,1,rnn,18,52,5,0.06082922527966719,0.3156730032492928,0.0022321452123509797,20000,20000,20,,
hopper-medium-replay-v2,1,rnn,18,53,4,0.06110243452497131,0.29721633506022155,0.0021016368600049566,20000,20000,20,,
hopper-medium-replay-v2,1,rnn,18,54,5,0.0649831533469482,0.33190257190972505,0.002346905592906223,20000,20000,20,,
hopper-medium-replay-v2,1,rnn,18,55,4,0.07026978651134595,0.3473062251250661,0.002455825869342359,20000,20000,20,,
hopper-medium-replay-v2,1,rnn,18,56,5,0.07294049516355151,0.3490700713630979,0.002468298145701186,20000,20000,20,,
hopper-medium-replay-v2,1,rnn,18,57,2,0.0752291218146014,0.3638218923996485,0.002572609272599139,20000,20000,20,,
hopper-medium-replay-v2,1,rnn,18,58,1,0.07868094818283207,0.39586161502767775,0.0027991643239752943,20000,20000,20,,
hopper-medium-replay-v2,1,rnn,18,59,4,0.08224520837185784,0.41424430366379533,0.0029291495618856906,20000,20000,20,,
hopper-medium-replay-v2,1,rnn,18,60,2,0.08523720261992312,0.4397716230356798,0.003109654968219433,20000,20000,20,,
hopper-medium-replay-v2,1,rnn,18,61,3,0.08867868171097952,0.45555495580717476,0.0032212599845439123,20000,20000,20,,
hopper-medium-replay-v2,1,rnn,18,62,5,0.09073189987378241,0.463510317071748,0.0032775128835135976,20000,20000,20,,
hopper-medium-replay-v2,1,rnn,18,63,1,0.09473947415810303,0.49476103349213624,0.0034984888184915407,20000,20000,20,,
hopper-medium-replay-v2,1,rnn,18,64,3,0.1008176731769847,0.5330826287962004,0.0037694634175454438,20000,20000,20,,
hopper-medium-replay-v2,1,rnn,18,65,4,0.10581124527271686,0.5434616868327645,0.0038428544407452764,20000,20000,20,,
hopper-medium-replay-v2,1,rnn,18,66,5,0.10999918163752355,0.5561771090942016,0.0039327660538124014,20000,20000,20,,
hopper-medium-replay-v2,1,rnn,18,67,3,0.11371963535695659,0.5900085587724526,0.0041719905286610294,20000,20000,20,,
hopper-medium-replay-v2,1,rnn,18,68,5,0.11404500387503645,0.55904478169145,0.003953043561209774,20000,20000,20,,
hopper-medium-replay-v2,1,rnn,18,69,4,0.1162995383433328,0.5720764591939368,0.004045191436532219,20000,20000,20,,
hopper-medium-replay-v2,1,rnn,18,70,3,0.12030059241138934,0.5924212617381404,0.004189050914941296,20000,20000,20,,
hopper-medium-replay-v2,1,rnn,18,71,3,0.12417210756043835,0.604335052842301,0.004273294139735216,20000,20000,20,,
hopper-medium-replay-v2,1,rnn,18,72,3,0.12726161610913703,0.6190146792605584,0.004377094773591566,20000,20000,20,,
hopper-medium-replay-v2,1,rnn,18,73,4,0.1297690522747191,0.6141399894186209,0.004342625511157413,20000,20000,20,,
hopper-medium-replay-v2,1,rnn,18,74,4,0.13117388818849773,0.6107006695202515,0.004318305846929345,20000,20000,20,,
hopper-medium-replay-v2,1,rnn,18,75,2,0.1354094025761516,0.6260592614189581,0.0044269074917398675,20000,20000,20,,
hopper-medium-replay-v2,1,rnn,18,76,1,0.13586022113357604,0.608969235274226,0.004306062757963912,20000,20000,20,,
hopper-medium-replay-v2,1,rnn,18,77,1,0.14355598153882324,0.6460367223446766,0.004568169472654516,20000,20000,20,,
hopper-medium-replay-v2,1,rnn,18,78,1,0.15057741672243993,0.644934234597649,0.004560373707033533,20000,20000,20,,
hopper-medium-replay-v2,1,rnn,18,79,4,0.15317789678689434,0.6327022647362761,0.0044738806186710705,20000,20000,20,,
hopper-medium-replay-v2,1,rnn,18,80,4,0.15823167508995534,0.6596644177128856,0.004664531830722567,20000,20000,20,,
hopper-medium-replay-v2,1,rnn,18,81,5,0.1635353712038926,0.6871396955829442,0.004858811383691598,20000,20000,20,,
hopper-medium-replay-v2,1,rnn,18,82,5,0.1687330995584219,0.6562147504799778,0.0046401389997903055,20000,20000,20,,
hopper-medium-replay-v2,1,rnn,18,83,4,0.17640946669395777,0.6852970190431319,0.004845781692923251,20000,20000,20,,
hopper-medium-replay-v2,1,rnn,18,84,2,0.18646818961277942,0.7441807966433296,0.005262152877353055,20000,20000,20,,
hopper-medium-replay-v2,1,rnn,18,85,4,0.18751794664240962,0.7540200102178005,0.0053317266237535655,20000,20000,20,,
hopper-medium-replay-v2,1,rnn,18,86,4,0.18120253761555058,0.7226996831525768,0.005110258467185563,20000,20000,20,,
hopper-medium-replay-v2,1,rnn,18,87,1,0.18057013635140087,0.6992956108962678,0.004944766685187403,20000,20000,20,,
hopper-medium-replay-v2,1,rnn,18,88,5,0.18901692616564417,0.7568556231548443,0.0053517774351196055,20000,20000,20,,
hopper-medium-replay-v2,1,rnn,18,89,2,0.19921559637370193,0.7832875926309524,0.005538679683686324,20000,20000,20,,
hopper-medium-replay-v2,1,rnn,18,90,4,0.21089044906540524,0.8177632575979765,0.005782459448527307,20000,20000,20,,
hopper-medium-replay-v2,1,rnn,18,91,5,0.21949619989304547,0.8585016012926776,0.00607052303933562,20000,20000,20,,
hopper-medium-replay-v2,1,rnn,18,92,5,0.23147886185610372,0.8999284786708589,0.006363455298510576,20000,20000,20,,
hopper-medium-replay-v2,1,rnn,18,93,1,0.23726194831045272,0.9019106656914798,0.006377471477349186,20000,20000,20,,
hopper-medium-replay-v2,1,rnn,18,94,4,0.24766650529468012,0.942640924815233,0.006665477901608098,20000,20000,20,,
hopper-medium-replay-v2,1,rnn,18,95,3,0.2551241348616576,0.9613867824258159,0.006798031131964103,20000,20000,20,,
hopper-medium-replay-v2,1,rnn,18,96,2,0.25537122147355756,0.9638026059418938,0.006815113583867789,20000,20000,20,,
hopper-medium-replay-v2,1,rnn,18,97,5,0.25036347334888787,0.9310669236863675,0.006583637354771282,20000,20000,20,,
hopper-medium-replay-v2,1,rnn,18,98,1,0.2505784838471574,0.9033421213097566,0.006387593397095697,20000,20000,20,,
hopper-medium-replay-v2,1,rnn,18,99,3,0.2604630394181521,0.9188889322210426,0.00649752595130765,20000,20000,20,,
hopper-medium-replay-v2,1,rnn,18,100,4,0.2669662147345939,0.9411772139483524,0.0066551279028114205,20000,20000,20,,
hopper-medium-replay-v2,1,rnn,19,1,5,0.0006033642752318509,0.0036681679109800127,2.5937864043848588e-05,20000,20000,20,,
hopper-medium-replay-v2,1,rnn,19,2,5,0.0009469233306407178,0.004731634417769661,3.3457707829005886e-05,20000,20000,20,,
hopper-medium-replay-v2,1,rnn,19,3,3,0.0011772179078457384,0.005488773881497555,3.881149232006529e-05,20000,20000,20,,
hopper-medium-replay-v2,1,rnn,19,4,4,0.001413682277425314,0.00629867961601586,4.4538390690062936e-05,20000,20000,20,,
hopper-medium-replay-v2,1,rnn,19,5,4,0.0016622090827491903,0.007911512382329296,5.594284054986382e-05,20000,20000,20,,
hopper-medium-replay-v2,1,rnn,19,6,3,0.0019723442867931153,0.009172550966580664,6.485972989248408e-05,20000,20000,20,,
hopper-medium-replay-v2,1,rnn,19,7,3,0.0023780803897897732,0.013373095847015308,9.456206758882181e-05,20000,20000,20,,
hopper-medium-replay-v2,1,rnn,19,8,2,0.0030978765917626817,0.017640464111780666,0.00012473691796718034,20000,20000,20,,
hopper-medium-replay-v2,1,rnn,19,9,5,0.0035155854863740126,0.021423009580661637,0.00015148355347910218,20000,20000,20,,
hopper-medium-replay-v2,1,rnn,19,10,4,0.004054258122199587,0.030499294966871943,0.0002156625829248389,20000,20000,20,,
hopper-medium-replay-v2,1,rnn,19,11,2,0.0046790299931589235,0.031303818784977566,0.00022135142539892467,20000,20000,20,,
hopper-medium-replay-v2,1,rnn,19,12,1,0.006398339448156573,0.041925511561301095,0.00029645813529711,20000,20000,20,,
hopper-medium-replay-v2,1,rnn,19,13,4,0.0068234181131377365,0.051651709753445574,0.000365232742265407,20000,20000,20,,
hopper-medium-replay-v2,1,rnn,19,14,3,0.007738250061081454,0.06626189216314643,0.0004685423328281259,20000,20000,20,,
hopper-medium-replay-v2,1,rnn,19,15,4,0.008822701705630143,0.07456265918731175,0.0005272376193464957,20000,20000,20,,
hopper-medium-replay-v2,1,rnn,19,16,4,0.010706978070077427,0.0808773170553632,0.0005718889933402174,20000,20000,20,,
hopper-medium-replay-v2,1,rnn,19,17,4,0.011675797401570525,0.09156611568176928,0.0006474702132549093,20000,20000,20,,
hopper-medium-replay-v2,1,rnn,19,18,4,0.01290237246101771,0.10530173247730111,0.0007445956910539132,20000,20000,20,,
hopper-medium-replay-v2,1,rnn,19,19,5,0.013053215048771204,0.11419297219965044,0.0008074662500621973,20000,20000,20,,
hopper-medium-replay-v2,1,rnn,19,20,1,0.014516286958907434,0.11961811189030289,0.0008458277807036436,20000,20000,20,,
hopper-medium-replay-v2,1,rnn,19,21,5,0.012753448169380396,0.083136579757622,0.0005878643931127077,20000,20000,20,,
hopper-medium-replay-v2,1,rnn,19,22,5,0.012625399793646455,0.08110672392110241,0.0005735111448443668,20000,20000,20,,
hopper-medium-replay-v2,1,rnn,19,23,3,0.013499070212235781,0.08593681072971066,0.0006076650162052326,20000,20000,20,,
hopper-medium-replay-v2,1,rnn,19,24,2,0.015958056396783934,0.10129268388594531,0.0007162474366033725,20000,20000,20,,
hopper-medium-replay-v2,1,rnn,19,25,3,0.01734491055958112,0.12086566098025897,0.0008546492849173541,20000,20000,20,,
hopper-medium-replay-v2,1,rnn,19,26,3,0.01809713455095607,0.11197491585084839,0.0007917822232092792,20000,20000,20,,
hopper-medium-replay-v2,1,rnn,19,27,1,0.020014880911971424,0.12838526534008732,0.0009078209172640997,20000,20000,20,,
hopper-medium-replay-v2,1,rnn,19,28,3,0.020132799036230692,0.11841807210052664,0.000837342217973199,20000,20000,20,,
hopper-medium-replay-v2,1,rnn,19,29,5,0.019146964583732995,0.10320367297431848,0.0007297601700349942,20000,20000,20,,
hopper-medium-replay-v2,1,rnn,19,30,4,0.02037161648952826,0.10549332098062726,0.0007459504263529062,20000,20000,20,,
hopper-medium-replay-v2,1,rnn,19,31,5,0.022735301796381186,0.1277203651002122,0.000903119362579817,20000,20000,20,,
hopper-medium-replay-v2,1,rnn,19,32,2,0.024778277179481518,0.14376324534263468,0.0010165596566716233,20000,20000,20,,
hopper-medium-replay-v2,1,rnn,19,33,4,0.026010949133946797,0.16835894284898656,0.001190477501619168,20000,20000,20,,
hopper-medium-replay-v2,1,rnn,19,34,3,0.02730754112628514,0.16697366204070155,0.0011806820870853088,20000,20000,20,,
hopper-medium-replay-v2,1,rnn,19,35,3,0.026954857703801655,0.14795470936044774,0.0010461977829725735,20000,20000,20,,
hopper-medium-replay-v2,1,rnn,19,36,1,0.030331648093697004,0.16957797650473994,0.0011990973712639463,20000,20000,20,,
hopper-medium-replay-v2,1,rnn,19,37,3,0.03146825031708115,0.1865243709507871,0.0013189264755585665,20000,20000,20,,
hopper-medium-replay-v2,1,rnn,19,38,2,0.03132107255428658,0.18161202615671218,0.0012841909524043981,20000,20000,20,,
hopper-medium-replay-v2,1,rnn,19,39,4,0.034340464412642484,0.19940148452328443,0.0014099814188507883,20000,20000,20,,
hopper-medium-replay-v2,1,rnn,19,40,5,0.03799194929873705,0.2187112768289987,0.001546522269677532,20000,20000,20,,
hopper-medium-replay-v2,1,rnn,19,41,5,0.03936943823359466,0.20755562560089738,0.0014676399033581073,20000,20000,20,,
hopper-medium-replay-v2,1,rnn,19,42,5,0.03888565544631648,0.201565839554186,0.0014252857200432454,20000,20000,20,,
hopper-medium-replay-v2,1,rnn,19,43,2,0.040547354426791075,0.23199313650469,0.0016404392001120268,20000,20000,20,,
hopper-medium-replay-v2,1,rnn,19,44,2,0.04303331886708105,0.23259697119115968,0.0016447089561272105,20000,20000,20,,
hopper-medium-replay-v2,1,rnn,19,45,2,0.04244313995758125,0.21579475123381073,0.0015258993194189165,20000,20000,20,,
hopper-medium-replay-v2,1,rnn,19,46,5,0.04196967487304109,0.19886970043686275,0.0014062211375144296,20000,20000,20,,
hopper-medium-replay-v2,1,rnn,19,47,3,0.04355103855267691,0.2222117838284017,0.0015712745920462203,20000,20000,20,,
hopper-medium-replay-v2,1,rnn,19,48,2,0.045147629196223685,0.22597657251159328,0.0015978956681224118,20000,20000,20,,
hopper-medium-replay-v2,1,rnn,19,49,2,0.050027480417472306,0.27640371841357375,0.0019544694363541498,20000,20000,20,,
hopper-medium-replay-v2,1,rnn,19,50,4,0.05485622409211727,0.31097930857945083,0.002198955779052336,20000,20000,20,,
hopper-medium-replay-v2,1,rnn,19,51,4,0.05718387002673157,0.31417761221029006,0.0022215712009089356,20000,20000,20,,
hopper-medium-replay-v2,1,rnn,19,52,3,0.05595596767355446,0.28038621792668167,0.001982629960472057,20000,20000,20,,
hopper-medium-replay-v2,1,rnn,19,53,2,0.05834625889296598,0.29577088271523344,0.002091415968454726,20000,20000,20,,
hopper-medium-replay-v2,1,rnn,19,54,3,0.059282433860906224,0.32001896936944324,0.0022628758334946337,20000,20000,20,,
hopper-medium-replay-v2,1,rnn,19,55,5,0.06150977286890809,0.31232698547849613,0.0022084852937939697,20000,20000,20,,
hopper-medium-replay-v2,1,rnn,19,56,5,0.06577889529000833,0.32238803110554254,0.0022796276296810874,20000,20000,20,,
hopper-medium-replay-v2,1,rnn,19,57,4,0.06603433096074611,0.32829289286168944,0.002321381307578493,20000,20000,20,,
hopper-medium-replay-v2,1,rnn,19,58,3,0.0663130983760474,0.3349781590831518,0.0023686532783708273,20000,20000,20,,
hopper-medium-replay-v2,1,rnn,19,59,2,0.07024886995534858,0.3655560118076398,0.0025848713485269173,20000,20000,20,,
hopper-medium-replay-v2,1,rnn,19,60,3,0.07388630853788641,0.3870162269037297,0.0027366179847285884,20000,20000,20,,
hopper-medium-replay-v2,1,rnn,19,61,2,0.07743491702961991,0.3757745753872669,0.002657127504538319,20000,20000,20,,
hopper-medium-replay-v2,1,rnn,19,62,5,0.0845293716016914,0.4223163366202722,0.0029862274543005513,20000,20000,20,,
hopper-medium-replay-v2,1,rnn,19,63,2,0.08957842062615548,0.46883766778747754,0.0033151829416821115,20000,20000,20,,
hopper-medium-replay-v2,1,rnn,19,64,5,0.09360369290794612,0.4843278462177105,0.003424715043780185,20000,20000,20,,
hopper-medium-replay-v2,1,rnn,19,65,5,0.09789064638392328,0.5114442723355932,0.003616457131675173,20000,20000,20,,
hopper-medium-replay-v2,1,rnn,19,66,3,0.09734829491076925,0.47086165499828986,0.003329494692500114,20000,20000,20,,
hopper-medium-replay-v2,1,rnn,19,67,2,0.09685730774180062,0.46613905153494317,0.0032961008431622385,20000,20000,20,,
hopper-medium-replay-v2,1,rnn,19,68,4,0.10016931192932668,0.47321184801728533,0.0033461130667084035,20000,20000,20,,
hopper-medium-replay-v2,1,rnn,19,69,4,0.10487282797274179,0.5196161479195867,0.0036742410180797187,20000,20000,20,,
hopper-medium-replay-v2,1,rnn,19,70,1,0.10778153990681903,0.49126926963066625,0.003473798319444065,20000,20000,20,,
hopper-medium-replay-v2,1,rnn,19,71,1,0.11188687907864878,0.5058857480658844,0.003577152429630162,20000,20000,20,,
hopper-medium-replay-v2,1,rnn,19,72,3,0.11662530083697281,0.5246538649295811,0.0037098630566743773,20000,20000,20,,
hopper-medium-replay-v2,1,rnn,19,73,4,0.1239532909016657,0.5558289860547914,0.0039303044521938595,20000,20000,20,,
hopper-medium-replay-v2,1,rnn,19,74,3,0.13036319476390035,0.5750574098840585,0.004066269941005897,20000,20000,20,,
hopper-medium-replay-v2,1,rnn,19,75,1,0.14122980164479204,0.6234234451205849,0.004408269455954451,20000,20000,20,,
hopper-medium-replay-v2,1,rnn,19,76,5,0.15190426167458765,0.6814876712311985,0.004818845536226089,20000,20000,20,,
hopper-medium-replay-v2,1,rnn,19,77,2,0.15334285401079006,0.689650267243098,0.004876563806147093,20000,20000,20,,
hopper-medium-replay-v2,1,rnn,19,78,3,0.1507996380246228,0.6619380606045511,0.004680608913789499,20000,20000,20,,
hopper-medium-replay-v2,1,rnn,19,79,1,0.15007770861928207,0.655250423445234,0.004633320177934817,20000,20000,20,,
hopper-medium-replay-v2,1,rnn,19,80,1,0.152203907385158,0.6451107944307491,0.004561622173586235,20000,20000,20,,
hopper-medium-replay-v2,1,rnn,19,81,5,0.15457947061296212,0.6640387669334431,0.00469546315069391,20000,20000,20,,
hopper-medium-replay-v2,1,rnn,19,82,2,0.15835215765465227,0.6466581471873631,0.00457256360985713,20000,20000,20,,
hopper-medium-replay-v2,1,rnn,19,83,4,0.16587975122145596,0.6647839838017346,0.004700732629704146,20000,20000,20,,
hopper-medium-replay-v2,1,rnn,19,84,1,0.17528482065410983,0.7122990537986131,0.005036714911737608,20000,20000,20,,
hopper-medium-replay-v2,1,rnn,19,85,1,0.18177759524328838,0.7202384845380033,0.005092855164883445,20000,20000,20,,
hopper-medium-replay-v2,1,rnn,19,86,3,0.1878440880038641,0.7435360917731422,0.005257594125497319,20000,20000,20,,
hopper-medium-replay-v2,1,rnn,19,87,1,0.19491300298991496,0.77739206480874,0.005496992006668721,20000,20000,20,,
hopper-medium-replay-v2,1,rnn,19,88,3,0.19882231318996468,0.7930619153721672,0.0056077945826045125,20000,20000,20,,
hopper-medium-replay-v2,1,rnn,19,89,2,0.20426503501869966,0.7929093231292788,0.005606715592507484,20000,20000,20,,
hopper-medium-replay-v2,1,rnn,19,90,2,0.21336337128510113,0.8078058087603778,0.0057120496525634645,20000,20000,20,,
hopper-medium-replay-v2,1,rnn,19,91,1,0.22396224658231131,0.8477471870236121,0.0059944778467621645,20000,20000,20,,
hopper-medium-replay-v2,1,rnn,19,92,4,0.22946811378101825,0.8708922930326133,0.0061581384608646265,20000,20000,20,,
hopper-medium-replay-v2,1,rnn,19,93,1,0.23555800152944667,0.8723148189739864,0.006168197238260214,20000,20000,20,,
hopper-medium-replay-v2,1,rnn,19,94,4,0.24058176178470436,0.8913805519168385,0.006303012328782039,20000,20000,20,,
hopper-medium-replay-v2,1,rnn,19,95,2,0.24305496866938434,0.8985213080521375,0.006353505099642732,20000,20000,20,,
hopper-medium-replay-v2,1,rnn,19,96,1,0.2431594536816633,0.8946160881329647,0.006325891024774014,20000,20000,20,,
hopper-medium-replay-v2,1,rnn,19,97,2,0.25365954741134145,0.9267927760952939,0.006553414567316879,20000,20000,20,,
hopper-medium-replay-v2,1,rnn,19,98,2,0.26363570226553523,0.9510138710915343,0.006724683572512931,20000,20000,20,,
hopper-medium-replay-v2,1,rnn,19,99,5,0.2689967078218584,0.9793642021886998,0.006925150686189826,20000,20000,20,,
hopper-medium-replay-v2,1,rnn,19,100,4,0.2746066507246448,0.967795350818999,0.006843346553649279,20000,20000,20,,
