task,seed,model,repeat,rollout_length,backtrack_k,error_mean,error_std,error_sem,n_windows,n_samples,rollout_repeats,repeat_mean_std,repeat_mean_sem
hopper-medium-replay-v2,2,adm,0,1,4,0.004074618869332793,0.02898238572961378,0.00020493641484374127,20000,20000,20,,
hopper-medium-replay-v2,2,adm,0,2,2,0.0022468255858374224,0.011205703528964453,7.923628953296791e-05,20000,20000,20,,
hopper-medium-replay-v2,2,adm,0,3,2,0.008250144686960925,0.07557526375864179,0.0005343978149369754,20000,20000,20,,
hopper-medium-replay-v2,2,adm,0,4,1,0.011393052522979124,0.08260313041231074,0.0005840923366178166,20000,20000,20,,
hopper-medium-replay-v2,2,adm,0,5,4,0.011022128193057716,0.09834520635413596,0.0006954056231019988,20000,20000,20,,
hopper-medium-replay-v2,2,adm,0,6,2,0.01739420456365083,0.1474950359641416,0.0010429474012159823,20000,20000,20,,
hopper-medium-replay-v2,2,adm,0,7,2,0.013314024960180902,0.11585611420169557,0.0008192264399394201,20000,20000,20,,
hopper-medium-replay-v2,2,adm,0,8,1,0.015866161095115176,0.11688332840005672,0.0008264899411933428,20000,20000,20,,
hopper-medium-replay-v2,2,adm,0,9,1,0.017588637533483845,0.10914887133040363,0.0007717990707658634,20000,20000,20,,
hopper-medium-replay-v2,2,adm,0,10,5,0.014629536233518755,0.11411197007794278,0.0008068934785666975,20000,20000,20,,
hopper-medium-replay-v2,2,adm,0,11,4,0.01717477600365695,0.12582415589243282,0.0008897111386861254,20000,20000,20,,
hopper-medium-replay-v2,2,adm,0,12,4,0.021233006996129705,0.14769618096643183,0.0010443697111671944,20000,20000,20,,
hopper-medium-replay-v2,2,adm,0,13,4,0.02680238699274196,0.19412776334841028,0.0013726905788023823,20000,20000,20,,
hopper-medium-replay-v2,2,adm,0,14,5,0.02907636027174467,0.21864401031456995,0.0015460466235925384,20000,20000,20,,
hopper-medium-replay-v2,2,adm,0,15,4,0.020913902635615857,0.142529102718398,0.001007832950486132,20000,20000,20,,
hopper-medium-replay-v2,2,adm,0,16,1,0.022649396326634548,0.1412397532859531,0.0009987158732161238,20000,20000,20,,
hopper-medium-replay-v2,2,adm,0,17,5,0.02415342092930099,0.1554080037153108,0.0010989005327776042,20000,20000,20,,
hopper-medium-replay-v2,2,adm,0,18,2,0.02369842161614921,0.13799581021156582,0.0009757777317593001,20000,20000,20,,
hopper-medium-replay-v2,2,adm,0,19,2,0.023299457763937555,0.13989837456840043,0.000989230893342916,20000,20000,20,,
hopper-medium-replay-v2,2,adm,0,20,4,0.026550423346730384,0.16193308193723147,0.001145039803362532,20000,20000,20,,
hopper-medium-replay-v2,2,adm,0,21,2,0.027600771199269587,0.15889935165362445,0.001123588090804237,20000,20000,20,,
hopper-medium-replay-v2,2,adm,0,22,1,0.030711231203817083,0.15591242339669556,0.0011024673185503155,20000,20000,20,,
hopper-medium-replay-v2,2,adm,0,23,5,0.03280401365867843,0.21534922730784406,0.0015227489895265978,20000,20000,20,,
hopper-medium-replay-v2,2,adm,0,24,3,0.03596812080235781,0.20356412015483508,0.0014394156976775703,20000,20000,20,,
hopper-medium-replay-v2,2,adm,0,25,2,0.035259344956364666,0.20843712052743932,0.0014738730137595006,20000,20000,20,,
hopper-medium-replay-v2,2,adm,0,26,4,0.04277341496536792,0.2341475996867537,0.0016556735553705667,20000,20000,20,,
hopper-medium-replay-v2,2,adm,0,27,5,0.04359274266381099,0.23814955434522686,0.0016839716481406412,20000,20000,20,,
hopper-medium-replay-v2,2,adm,0,28,5,0.034439028518784415,0.1781909402302788,0.001260000221828369,20000,20000,20,,
hopper-medium-replay-v2,2,adm,0,29,3,0.046748803376453006,0.26504596982284545,0.0018741580258789905,20000,20000,20,,
hopper-medium-replay-v2,2,adm,0,30,1,0.050869393485409725,0.27386483114681914,0.0019365167923242462,20000,20000,20,,
hopper-medium-replay-v2,2,adm,0,31,3,0.04035988589876834,0.2202507325456746,0.0015574078654435111,20000,20000,20,,
hopper-medium-replay-v2,2,adm,0,32,4,0.04156015093734932,0.22411624695224594,0.00158474117994012,20000,20000,20,,
hopper-medium-replay-v2,2,adm,0,33,1,0.04487538679505398,0.22051174684555327,0.00155925351525782,20000,20000,20,,
hopper-medium-replay-v2,2,adm,0,34,3,0.04967381879133713,0.2516089706767321,0.0017791440937288444,20000,20000,20,,
hopper-medium-replay-v2,2,adm,0,35,1,0.05407532773808933,0.2692329591112141,0.0019037645110645996,20000,20000,20,,
hopper-medium-replay-v2,2,adm,0,36,2,0.05813600876192413,0.3086700519299346,0.002182626868688605,20000,20000,20,,
hopper-medium-replay-v2,2,adm,0,37,2,0.059248897221092486,0.2768439169851366,0.001957582110304357,20000,20000,20,,
hopper-medium-replay-v2,2,adm,0,38,5,0.056436326480289255,0.271994666757783,0.0019232927331100356,20000,20000,20,,
hopper-medium-replay-v2,2,adm,0,39,1,0.06087309113237831,0.2917686581943339,0.0020631159674691342,20000,20000,20,,
hopper-medium-replay-v2,2,adm,0,40,5,0.06709564971579272,0.32435535938988913,0.0022935387413879032,20000,20000,20,,
hopper-medium-replay-v2,2,adm,0,41,2,0.06841441072139046,0.33043250691918474,0.0023365106636702633,20000,20000,20,,
hopper-medium-replay-v2,2,adm,0,42,4,0.06636977236051367,0.33401276990828865,0.002361826946050529,20000,20000,20,,
hopper-medium-replay-v2,2,adm,0,43,2,0.07211830700525552,0.3323444137512855,0.0023500298865300165,20000,20000,20,,
hopper-medium-replay-v2,2,adm,0,44,5,0.07280186156580869,0.35723692168158727,0.0025260464981125795,20000,20000,20,,
hopper-medium-replay-v2,2,adm,0,45,5,0.07568954632576014,0.35366884747061345,0.002500816403409015,20000,20000,20,,
hopper-medium-replay-v2,2,adm,0,46,1,0.07753173974979029,0.3456535279283217,0.0024441395353917,20000,20000,20,,
hopper-medium-replay-v2,2,adm,0,47,1,0.07853055216643559,0.331287220351542,0.0023425544003101736,20000,20000,20,,
hopper-medium-replay-v2,2,adm,0,48,5,0.08701289028866807,0.39707721373193416,0.002807759904845107,20000,20000,20,,
hopper-medium-replay-v2,2,adm,0,49,3,0.0898688442757918,0.4267703681502623,0.0030177222132852987,20000,20000,20,,
hopper-medium-replay-v2,2,adm,0,50,3,0.09426833706545223,0.43581494617090205,0.0030816770377989503,20000,20000,20,,
hopper-medium-replay-v2,2,adm,0,51,4,0.09605994994998032,0.44010750443505364,0.0031120300083711497,20000,20000,20,,
hopper-medium-replay-v2,2,adm,0,52,3,0.0980854354524149,0.446524483101711,0.003157404899670378,20000,20000,20,,
hopper-medium-replay-v2,2,adm,0,53,1,0.10617466469372602,0.4717771391942197,0.0033359681433302248,20000,20000,20,,
hopper-medium-replay-v2,2,adm,0,54,1,0.11598899722118401,0.5298147447365309,0.0037463559877582066,20000,20000,20,,
hopper-medium-replay-v2,2,adm,0,55,5,0.12141669251561066,0.5663501961410861,0.004004700642176932,20000,20000,20,,
hopper-medium-replay-v2,2,adm,0,56,2,0.12438533667109938,0.5671204634166036,0.004010147254315377,20000,20000,20,,
hopper-medium-replay-v2,2,adm,0,57,1,0.12980719122158182,0.5879656587328006,0.004157545043947787,20000,20000,20,,
hopper-medium-replay-v2,2,adm,0,58,5,0.12977022963521925,0.6179233611104433,0.004369377988947782,20000,20000,20,,
hopper-medium-replay-v2,2,adm,0,59,3,0.1461147807276372,0.695508648110433,0.004917988814527754,20000,20000,20,,
hopper-medium-replay-v2,2,adm,0,60,3,0.15166357753780052,0.6949553084364994,0.004914076112170374,20000,20000,20,,
hopper-medium-replay-v2,2,adm,0,61,1,0.15112088999067694,0.6676980363630235,0.004721338092972359,20000,20000,20,,
hopper-medium-replay-v2,2,adm,0,62,3,0.1586438848652951,0.7160114487340851,0.005062965508070756,20000,20000,20,,
hopper-medium-replay-v2,2,adm,0,63,3,0.170147289868445,0.7478507272467938,0.00528810320551499,20000,20000,20,,
hopper-medium-replay-v2,2,adm,0,64,5,0.16211735782473047,0.7182667806189573,0.005078913112766949,20000,20000,20,,
hopper-medium-replay-v2,2,adm,0,65,2,0.17033954042829286,0.7443173520841373,0.005263118470135085,20000,20000,20,,
hopper-medium-replay-v2,2,adm,0,66,5,0.1768653348066617,0.7844213708052274,0.005546696706040236,20000,20000,20,,
hopper-medium-replay-v2,2,adm,0,67,2,0.1785346792345923,0.77300689655616,0.0054659841845882875,20000,20000,20,,
hopper-medium-replay-v2,2,adm,0,68,2,0.17918905528563453,0.7935359819957598,0.005611146739847278,20000,20000,20,,
hopper-medium-replay-v2,2,adm,0,69,4,0.18183372490775254,0.8066723756293754,0.005704035070033932,20000,20000,20,,
hopper-medium-replay-v2,2,adm,0,70,2,0.18287612056148658,0.8067957808329778,0.005704907676596941,20000,20000,20,,
hopper-medium-replay-v2,2,adm,0,71,4,0.19355491781849077,0.8463496735216961,0.005984595934022119,20000,20000,20,,
hopper-medium-replay-v2,2,adm,0,72,3,0.19750880532825235,0.8579860802461073,0.006066877755056878,20000,20000,20,,
hopper-medium-replay-v2,2,adm,0,73,2,0.2094886207183379,0.8832810105407152,0.00624573992246646,20000,20000,20,,
hopper-medium-replay-v2,2,adm,0,74,4,0.21247343115601489,0.8847964212019714,0.006256455494015027,20000,20000,20,,
hopper-medium-replay-v2,2,adm,0,75,1,0.21240900191443826,0.8643438998680606,0.006111834328739319,20000,20000,20,,
hopper-medium-replay-v2,2,adm,0,76,4,0.2094081068320475,0.8742409993224135,0.006181817390121825,20000,20000,20,,
hopper-medium-replay-v2,2,adm,0,77,4,0.213948732162965,0.8719207095923353,0.006165410464097266,20000,20000,20,,
hopper-medium-replay-v2,2,adm,0,78,2,0.21807785716288342,0.8912664530091554,0.006302205527668552,20000,20000,20,,
hopper-medium-replay-v2,2,adm,0,79,4,0.22831126035517033,0.8914740381747416,0.006303673376451149,20000,20000,20,,
hopper-medium-replay-v2,2,adm,0,80,2,0.22935739095798421,0.8695890532467635,0.006148923163963762,20000,20000,20,,
hopper-medium-replay-v2,2,adm,0,81,4,0.24030805097391203,0.9301048809183465,0.00657683468512069,20000,20000,20,,
hopper-medium-replay-v2,2,adm,0,82,1,0.23800894757207133,0.8899183817337665,0.006292673224265049,20000,20000,20,,
hopper-medium-replay-v2,2,adm,0,83,3,0.24816062548833911,0.9405207234114704,0.00665048581370728,20000,20000,20,,
hopper-medium-replay-v2,2,adm,0,84,1,0.2597200856036193,0.9691021005903219,0.006852586669895443,20000,20000,20,,
hopper-medium-replay-v2,2,adm,0,85,1,0.2676740993246803,0.9725528592170375,0.0068769872181473285,20000,20000,20,,
hopper-medium-replay-v2,2,adm,0,86,3,0.27541558285019724,1.028757348586327,0.007274412973808847,20000,20000,20,,
hopper-medium-replay-v2,2,adm,0,87,2,0.2854503149261562,1.0342431483150467,0.007313203435692937,20000,20000,20,,
hopper-medium-replay-v2,2,adm,0,88,1,0.3060530180400388,1.1158367219072607,0.007890157127575919,20000,20000,20,,
hopper-medium-replay-v2,2,adm,0,89,1,0.3209012706222255,1.1672940564109302,0.00825401542926921,20000,20000,20,,
hopper-medium-replay-v2,2,adm,0,90,5,0.3244033007929819,1.1830761686035212,0.00836561181479749,20000,20000,20,,
hopper-medium-replay-v2,2,adm,0,91,1,0.31883204814203425,1.1344343765998492,0.00802166240504887,20000,20000,20,,
hopper-medium-replay-v2,2,adm,0,92,2,0.314983687320198,1.1257933432948073,0.00796056107258433,20000,20000,20,,
hopper-medium-replay-v2,2,adm,0,93,4,0.3339379979406164,1.1843322470880469,0.008374493630938597,20000,20000,20,,
hopper-medium-replay-v2,2,adm,0,94,2,0.322104346657753,1.138546949093686,0.008050742684034003,20000,20000,20,,
hopper-medium-replay-v2,2,adm,0,95,1,0.33542314687293767,1.170805351502811,0.00827884403497137,20000,20000,20,,
hopper-medium-replay-v2,2,adm,0,96,2,0.3421100032069784,1.1970479675726324,0.008464407352761829,20000,20000,20,,
hopper-medium-replay-v2,2,adm,0,97,5,0.3462931056948614,1.2497958113872294,0.008837390933304531,20000,20000,20,,
hopper-medium-replay-v2,2,adm,0,98,5,0.3623227031795293,1.278962725842354,0.009043632163279598,20000,20000,20,,
hopper-medium-replay-v2,2,adm,0,99,4,0.38057307143252245,1.3095760613058776,0.009260101134289558,20000,20000,20,,
hopper-medium-replay-v2,2,adm,0,100,1,0.3836189513911461,1.2924832223676803,0.00913923651106027,20000,20000,20,,
hopper-medium-replay-v2,2,adm,1,1,4,0.004059359640528909,0.026671383301875996,0.00018859515996382168,20000,20000,20,,
hopper-medium-replay-v2,2,adm,1,2,5,0.005948001655969909,0.04341486678998637,0.0003069894671151,20000,20000,20,,
hopper-medium-replay-v2,2,adm,1,3,3,0.0027374436370098325,0.014387267954139481,0.00010173334733119933,20000,20000,20,,
hopper-medium-replay-v2,2,adm,1,4,1,0.005709987600085714,0.03189665865452209,0.0002255434363180515,20000,20000,20,,
hopper-medium-replay-v2,2,adm,1,5,4,0.01106082685415654,0.09741698657004674,0.0006888421180643888,20000,20000,20,,
hopper-medium-replay-v2,2,adm,1,6,1,0.012959423727473399,0.09448173661376058,0.0006680867665787142,20000,20000,20,,
hopper-medium-replay-v2,2,adm,1,7,1,0.015156083624141357,0.1096197127720114,0.0007751284225281085,20000,20000,20,,
hopper-medium-replay-v2,2,adm,1,8,3,0.013526088902913035,0.10174340587863225,0.000719434522377961,20000,20000,20,,
hopper-medium-replay-v2,2,adm,1,9,5,0.016401038965154855,0.14279697229944482,0.0010097270744584502,20000,20000,20,,
hopper-medium-replay-v2,2,adm,1,10,5,0.0147776251615931,0.10111793568504729,0.0007150117802248212,20000,20000,20,,
hopper-medium-replay-v2,2,adm,1,11,3,0.017670140366802697,0.13086163859503225,0.0009253315204773053,20000,20000,20,,
hopper-medium-replay-v2,2,adm,1,12,5,0.022991145227313766,0.1785605907705413,0.001262614045865258,20000,20000,20,,
hopper-medium-replay-v2,2,adm,1,13,1,0.022748126890840843,0.1539626395734152,0.0010886802649174216,20000,20000,20,,
hopper-medium-replay-v2,2,adm,1,14,1,0.025329984439683772,0.17154504678917532,0.0012130066586358945,20000,20000,20,,
hopper-medium-replay-v2,2,adm,1,15,2,0.027226048675481864,0.19301726759375507,0.0013648381880164264,20000,20000,20,,
hopper-medium-replay-v2,2,adm,1,16,5,0.021605823113637103,0.13469290167674047,0.0009524226415331609,20000,20000,20,,
hopper-medium-replay-v2,2,adm,1,17,1,0.022706021593975636,0.14164983133420267,0.001001615562903454,20000,20000,20,,
hopper-medium-replay-v2,2,adm,1,18,4,0.029846369965010347,0.19094432793997484,0.0013501802911546415,20000,20000,20,,
hopper-medium-replay-v2,2,adm,1,19,1,0.031282068803244155,0.1864319126198313,0.001318272696430606,20000,20000,20,,
hopper-medium-replay-v2,2,adm,1,20,4,0.023984305588172394,0.1458354641348554,0.001031212456272438,20000,20000,20,,
hopper-medium-replay-v2,2,adm,1,21,1,0.02550272448179115,0.14226837608919077,0.0010059893348106487,20000,20000,20,,
hopper-medium-replay-v2,2,adm,1,22,3,0.037367598452147356,0.22440136758455914,0.0015867572872657687,20000,20000,20,,
hopper-medium-replay-v2,2,adm,1,23,5,0.0347449405217086,0.20598039529356882,0.0014565013430356813,20000,20000,20,,
hopper-medium-replay-v2,2,adm,1,24,5,0.03804985443711378,0.22530977113628745,0.001593180670380579,20000,20000,20,,
hopper-medium-replay-v2,2,adm,1,25,5,0.0311820394092494,0.1740994340898705,0.001231068904456878,20000,20000,20,,
hopper-medium-replay-v2,2,adm,1,26,4,0.039542281575896475,0.19876669827318721,0.001405492802230311,20000,20000,20,,
hopper-medium-replay-v2,2,adm,1,27,1,0.04350348534808775,0.215506195146313,0.0015238589197566934,20000,20000,20,,
hopper-medium-replay-v2,2,adm,1,28,4,0.04172069966583314,0.20833371885520688,0.0014731418535232847,20000,20000,20,,
hopper-medium-replay-v2,2,adm,1,29,5,0.042018588107797905,0.20751842779405386,0.001467376875143464,20000,20000,20,,
hopper-medium-replay-v2,2,adm,1,30,5,0.03522632371632043,0.18441431255438917,0.0013040061095506404,20000,20000,20,,
hopper-medium-replay-v2,2,adm,1,31,2,0.04694085153228961,0.2468094259065308,0.0017452061871926668,20000,20000,20,,
hopper-medium-replay-v2,2,adm,1,32,3,0.04723785025003896,0.23894697316036106,0.0016896102506569128,20000,20000,20,,
hopper-medium-replay-v2,2,adm,1,33,1,0.051780273448155674,0.2472033219475098,0.0017479914528092547,20000,20000,20,,
hopper-medium-replay-v2,2,adm,1,34,5,0.05191714554707551,0.25075505499885764,0.001773105998064979,20000,20000,20,,
hopper-medium-replay-v2,2,adm,1,35,2,0.057435592572335124,0.27246429915721215,0.0019266135356530484,20000,20000,20,,
hopper-medium-replay-v2,2,adm,1,36,4,0.056749650828804496,0.2756411017936126,0.001949076922519949,20000,20000,20,,
hopper-medium-replay-v2,2,adm,1,37,1,0.0593828643580571,0.27480025592645757,0.0019431312443739688,20000,20000,20,,
hopper-medium-replay-v2,2,adm,1,38,3,0.06825667497152606,0.33211614557041924,0.00234841578674382,20000,20000,20,,
hopper-medium-replay-v2,2,adm,1,39,2,0.06835664534469474,0.3310161025473327,0.0023406373079316056,20000,20000,20,,
hopper-medium-replay-v2,2,adm,1,40,5,0.07631397218779316,0.38289375102068485,0.002707467678206798,20000,20000,20,,
hopper-medium-replay-v2,2,adm,1,41,3,0.08066367912917678,0.41001595444535,0.0028992506178298154,20000,20000,20,,
hopper-medium-replay-v2,2,adm,1,42,1,0.0816381618379721,0.3881495575105847,0.0027446318423029227,20000,20000,20,,
hopper-medium-replay-v2,2,adm,1,43,2,0.08108684148621367,0.3860380181035196,0.002729701003968139,20000,20000,20,,
hopper-medium-replay-v2,2,adm,1,44,4,0.0784736857074733,0.3849705306142007,0.002722152727542847,20000,20000,20,,
hopper-medium-replay-v2,2,adm,1,45,1,0.08127653451743252,0.3912242786134377,0.00276637340372377,20000,20000,20,,
hopper-medium-replay-v2,2,adm,1,46,5,0.08690240396495776,0.40125002899127515,0.0028372661645102945,20000,20000,20,,
hopper-medium-replay-v2,2,adm,1,47,2,0.08719544649875993,0.3826062560241682,0.0027054347815908568,20000,20000,20,,
hopper-medium-replay-v2,2,adm,1,48,2,0.09138826035254374,0.41359200553087644,0.002924537117554268,20000,20000,20,,
hopper-medium-replay-v2,2,adm,1,49,5,0.09523164910833709,0.45069521119440165,0.003186896400838646,20000,20000,20,,
hopper-medium-replay-v2,2,adm,1,50,5,0.10762883523888622,0.5205802911350206,0.003681058540136402,20000,20000,20,,
hopper-medium-replay-v2,2,adm,1,51,2,0.10252099839730731,0.48349337562359496,0.003418814445622186,20000,20000,20,,
hopper-medium-replay-v2,2,adm,1,52,2,0.10871179151609567,0.5135593386093102,0.003631412908723216,20000,20000,20,,
hopper-medium-replay-v2,2,adm,1,53,2,0.10895928200281417,0.5051746619647164,0.0035721242915887283,20000,20000,20,,
hopper-medium-replay-v2,2,adm,1,54,5,0.11147100539277296,0.5077953939064337,0.003590655664865333,20000,20000,20,,
hopper-medium-replay-v2,2,adm,1,55,4,0.11874566310794443,0.5375701268553646,0.0038011948206274093,20000,20000,20,,
hopper-medium-replay-v2,2,adm,1,56,3,0.13248370409659202,0.6322008335095416,0.004470334964463844,20000,20000,20,,
hopper-medium-replay-v2,2,adm,1,57,3,0.13020708289655944,0.618397435086006,0.0043727301981768265,20000,20000,20,,
hopper-medium-replay-v2,2,adm,1,58,2,0.14863310369360552,0.6965906268582794,0.0049256395596247735,20000,20000,20,,
hopper-medium-replay-v2,2,adm,1,59,2,0.1437185473309805,0.6836965034068693,0.004834464338325287,20000,20000,20,,
hopper-medium-replay-v2,2,adm,1,60,1,0.1479389234576696,0.6905985741096582,0.004883269348306998,20000,20000,20,,
hopper-medium-replay-v2,2,adm,1,61,2,0.15341553817373021,0.7273822376315285,0.005143369127438986,20000,20000,20,,
hopper-medium-replay-v2,2,adm,1,62,2,0.15998598162049082,0.739417501963207,0.00522847129766201,20000,20000,20,,
hopper-medium-replay-v2,2,adm,1,63,4,0.15985066716760882,0.7230855139064456,0.0051129867026100725,20000,20000,20,,
hopper-medium-replay-v2,2,adm,1,64,3,0.1732162911802756,0.7623596802198025,0.005390696995866302,20000,20000,20,,
hopper-medium-replay-v2,2,adm,1,65,2,0.17503757206812684,0.7677819856907503,0.005429038485548023,20000,20000,20,,
hopper-medium-replay-v2,2,adm,1,66,2,0.17864393270028905,0.769845918406231,0.0054436326937383145,20000,20000,20,,
hopper-medium-replay-v2,2,adm,1,67,5,0.1789359702393917,0.7851851969920853,0.005552097772803986,20000,20000,20,,
hopper-medium-replay-v2,2,adm,1,68,2,0.1871045896366401,0.8077326315374097,0.005711532211457574,20000,20000,20,,
hopper-medium-replay-v2,2,adm,1,69,5,0.1835464411428799,0.8190185839115572,0.005791335946016655,20000,20000,20,,
hopper-medium-replay-v2,2,adm,1,70,3,0.18451817934976536,0.822712676892655,0.005817457127989333,20000,20000,20,,
hopper-medium-replay-v2,2,adm,1,71,4,0.19060853424526678,0.8293083683671332,0.005864095709671511,20000,20000,20,,
hopper-medium-replay-v2,2,adm,1,72,1,0.19224059253209844,0.8407723365541023,0.005945158206114639,20000,20000,20,,
hopper-medium-replay-v2,2,adm,1,73,3,0.19274345484047326,0.8306300698409211,0.005873441550419709,20000,20000,20,,
hopper-medium-replay-v2,2,adm,1,74,1,0.19277609037157023,0.7858837295247146,0.005557037143711003,20000,20000,20,,
hopper-medium-replay-v2,2,adm,1,75,3,0.1957892133112463,0.7979712481824136,0.005642508807816781,20000,20000,20,,
hopper-medium-replay-v2,2,adm,1,76,3,0.20765318101762836,0.8467223608772223,0.005987231231585669,20000,20000,20,,
hopper-medium-replay-v2,2,adm,1,77,5,0.21022612577063565,0.8693446944303753,0.006147195286202654,20000,20000,20,,
hopper-medium-replay-v2,2,adm,1,78,2,0.22088002830374243,0.8863927879424859,0.0062677435114898115,20000,20000,20,,
hopper-medium-replay-v2,2,adm,1,79,2,0.22857326664928296,0.9222475149193454,0.006521274717319107,20000,20000,20,,
hopper-medium-replay-v2,2,adm,1,80,5,0.2349021966788603,0.9614647864743741,0.0067985827038810585,20000,20000,20,,
hopper-medium-replay-v2,2,adm,1,81,1,0.23479739881865452,0.9413900295764029,0.006656632736548791,20000,20000,20,,
hopper-medium-replay-v2,2,adm,1,82,3,0.23494094440399108,0.9144265152891184,0.006465971898577198,20000,20000,20,,
hopper-medium-replay-v2,2,adm,1,83,3,0.2444651358253102,0.9678104846421753,0.0068434535659392115,20000,20000,20,,
hopper-medium-replay-v2,2,adm,1,84,5,0.2499907367373813,0.9640051786762082,0.006816545989408961,20000,20000,20,,
hopper-medium-replay-v2,2,adm,1,85,2,0.25442677639738553,0.9622292160462472,0.006803988037221168,20000,20000,20,,
hopper-medium-replay-v2,2,adm,1,86,5,0.2647419551304345,1.0309598491907763,0.007289987004938583,20000,20000,20,,
hopper-medium-replay-v2,2,adm,1,87,3,0.279039941734512,1.0600537203630458,0.007495711740907378,20000,20000,20,,
hopper-medium-replay-v2,2,adm,1,88,4,0.2804651825278304,1.0599210506065058,0.0074947736240623,20000,20000,20,,
hopper-medium-replay-v2,2,adm,1,89,4,0.289878675388789,1.0858188169124308,0.007677898485787341,20000,20000,20,,
hopper-medium-replay-v2,2,adm,1,90,5,0.2916304722433819,1.0636174976887345,0.007520911452043711,20000,20000,20,,
hopper-medium-replay-v2,2,adm,1,91,4,0.2852185292584212,1.033976078060147,0.007311314963810009,20000,20000,20,,
hopper-medium-replay-v2,2,adm,1,92,3,0.29801481606206937,1.0830718083559687,0.007658474202004823,20000,20000,20,,
hopper-medium-replay-v2,2,adm,1,93,3,0.3079655184518944,1.1180272320568374,0.007905646373386154,20000,20000,20,,
hopper-medium-replay-v2,2,adm,1,94,2,0.3286515158765256,1.1892803818410598,0.008409482227319399,20000,20000,20,,
hopper-medium-replay-v2,2,adm,1,95,1,0.335574991183828,1.186746340415198,0.008391563848559056,20000,20000,20,,
hopper-medium-replay-v2,2,adm,1,96,1,0.33238477856737847,1.157980736087564,0.008188160309709064,20000,20000,20,,
hopper-medium-replay-v2,2,adm,1,97,1,0.33739950984747585,1.1554249614714365,0.00817008825408658,20000,20000,20,,
hopper-medium-replay-v2,2,adm,1,98,4,0.34649435001556256,1.2238257019804102,0.008653754528607348,20000,20000,20,,
hopper-medium-replay-v2,2,adm,1,99,4,0.35575091587008145,1.239043740650151,0.008761362312004677,20000,20000,20,,
hopper-medium-replay-v2,2,adm,1,100,4,0.3657003481259641,1.2597786341060107,0.008907980149702866,20000,20000,20,,
hopper-medium-replay-v2,2,adm,2,1,1,0.002993076294577439,0.016295861880428805,0.00011522914440930571,20000,20000,20,,
hopper-medium-replay-v2,2,adm,2,2,3,0.0027975122903154863,0.01648467487165803,0.00011656425387404874,20000,20000,20,,
hopper-medium-replay-v2,2,adm,2,3,5,0.005694789157796998,0.039085643361461385,0.0002763772346792831,20000,20000,20,,
hopper-medium-replay-v2,2,adm,2,4,1,0.008494546413294472,0.06069810655936275,0.0004292004275330906,20000,20000,20,,
hopper-medium-replay-v2,2,adm,2,5,5,0.005752869631878364,0.03873925987358193,0.00027392793354757695,20000,20000,20,,
hopper-medium-replay-v2,2,adm,2,6,5,0.009319220114330895,0.06963993187036582,0.0004924286806690484,20000,20000,20,,
hopper-medium-replay-v2,2,adm,2,7,3,0.013273606524024083,0.10477872552953263,0.0007408974734601655,20000,20000,20,,
hopper-medium-replay-v2,2,adm,2,8,2,0.013496487537773143,0.1163472244396016,0.000822699113734755,20000,20000,20,,
hopper-medium-replay-v2,2,adm,2,9,3,0.014321948226942067,0.11868880401395843,0.0008392565816919112,20000,20000,20,,
hopper-medium-replay-v2,2,adm,2,10,1,0.017159908432488498,0.1393325254408923,0.000985229735791021,20000,20000,20,,
hopper-medium-replay-v2,2,adm,2,11,1,0.019518565025319526,0.14383294967803079,0.00101705254075399,20000,20000,20,,
hopper-medium-replay-v2,2,adm,2,12,1,0.020925048849607657,0.13166757219037756,0.0009310303315818525,20000,20000,20,,
hopper-medium-replay-v2,2,adm,2,13,3,0.019003603480691703,0.12877542902439132,0.0009105797911335405,20000,20000,20,,
hopper-medium-replay-v2,2,adm,2,14,4,0.02019263410663752,0.13913493200988972,0.0009838325392412224,20000,20000,20,,
hopper-medium-replay-v2,2,adm,2,15,3,0.02935009848431364,0.20378096917486124,0.001440949051803112,20000,20000,20,,
hopper-medium-replay-v2,2,adm,2,16,4,0.031294151259695965,0.22024895470662795,0.0015573952942230537,20000,20000,20,,
hopper-medium-replay-v2,2,adm,2,17,2,0.034695222324097996,0.2293159308526822,0.00162150849740037,20000,20000,20,,
hopper-medium-replay-v2,2,adm,2,18,2,0.03277163604233002,0.21965931649852896,0.001553225922469119,20000,20000,20,,
hopper-medium-replay-v2,2,adm,2,19,4,0.032809810796066374,0.2166251617040477,0.0015317712081656452,20000,20000,20,,
hopper-medium-replay-v2,2,adm,2,20,2,0.03367996994833983,0.21381759779393597,0.001511918733371099,20000,20000,20,,
hopper-medium-replay-v2,2,adm,2,21,5,0.029186631937787023,0.18235981191403605,0.0012894785962031825,20000,20000,20,,
hopper-medium-replay-v2,2,adm,2,22,1,0.030679315448182972,0.17165344044757577,0.0012137731175448203,20000,20000,20,,
hopper-medium-replay-v2,2,adm,2,23,5,0.031626145707598384,0.16577118360900375,0.0011721792805524682,20000,20000,20,,
hopper-medium-replay-v2,2,adm,2,24,1,0.03420150007420161,0.18417266403912266,0.0013022973965125543,20000,20000,20,,
hopper-medium-replay-v2,2,adm,2,25,3,0.034423130913995396,0.1772018107513294,0.0012530060202080029,20000,20000,20,,
hopper-medium-replay-v2,2,adm,2,26,5,0.03291829823283996,0.1776891423967508,0.0012564519753196454,20000,20000,20,,
hopper-medium-replay-v2,2,adm,2,27,2,0.0413279136689206,0.22558545301236638,0.0015951300356208354,20000,20000,20,,
hopper-medium-replay-v2,2,adm,2,28,3,0.04312337262127152,0.2301122573960599,0.0016271393763889822,20000,20000,20,,
hopper-medium-replay-v2,2,adm,2,29,3,0.03875967532126722,0.20370606327868407,0.0014404193871317345,20000,20000,20,,
hopper-medium-replay-v2,2,adm,2,30,4,0.04041647610828569,0.22713513172912383,0.001606087918913632,20000,20000,20,,
hopper-medium-replay-v2,2,adm,2,31,2,0.04325914682259927,0.22545339519741153,0.001594196245856203,20000,20000,20,,
hopper-medium-replay-v2,2,adm,2,32,2,0.043212292037782415,0.2187765662431774,0.0015469839355525866,20000,20000,20,,
hopper-medium-replay-v2,2,adm,2,33,4,0.0447859920461251,0.2368592472284117,0.0016748477990195087,20000,20000,20,,
hopper-medium-replay-v2,2,adm,2,34,5,0.04845074241761053,0.2583035985425591,0.0018264822613433113,20000,20000,20,,
hopper-medium-replay-v2,2,adm,2,35,2,0.051728536106746936,0.26239078890842077,0.0018553830615803226,20000,20000,20,,
hopper-medium-replay-v2,2,adm,2,36,2,0.05454383925199409,0.2787600258175993,0.001971131045793615,20000,20000,20,,
hopper-medium-replay-v2,2,adm,2,37,4,0.05865082990815862,0.3230062062769833,0.0022839987882379564,20000,20000,20,,
hopper-medium-replay-v2,2,adm,2,38,1,0.06321329943055391,0.33990322607578627,0.002403478761053726,20000,20000,20,,
hopper-medium-replay-v2,2,adm,2,39,4,0.06758866893544481,0.3887687095990399,0.0027490099087062476,20000,20000,20,,
hopper-medium-replay-v2,2,adm,2,40,3,0.06431444440751934,0.3505565245729272,0.0024788089571470538,20000,20000,20,,
hopper-medium-replay-v2,2,adm,2,41,3,0.06745268007743736,0.3339114407334176,0.0023611104405836954,20000,20000,20,,
hopper-medium-replay-v2,2,adm,2,42,5,0.06761907642549451,0.34219953635933154,0.0024197161267857587,20000,20000,20,,
hopper-medium-replay-v2,2,adm,2,43,5,0.0726141384979663,0.3577197952043502,0.0025294609295365904,20000,20000,20,,
hopper-medium-replay-v2,2,adm,2,44,5,0.0753556565777398,0.3603374638911889,0.002547970642330224,20000,20000,20,,
hopper-medium-replay-v2,2,adm,2,45,4,0.0832892596154457,0.39669658366338645,0.0028050684438191715,20000,20000,20,,
hopper-medium-replay-v2,2,adm,2,46,3,0.0835714408058415,0.4097760002495835,0.0028975538854398085,20000,20000,20,,
hopper-medium-replay-v2,2,adm,2,47,3,0.07985304739982944,0.38171252072401907,0.0026991151186776443,20000,20000,20,,
hopper-medium-replay-v2,2,adm,2,48,5,0.08065416877948625,0.3933006325920055,0.002781055443507659,20000,20000,20,,
hopper-medium-replay-v2,2,adm,2,49,3,0.08375622202403542,0.3933360831507901,0.002781306116812794,20000,20000,20,,
hopper-medium-replay-v2,2,adm,2,50,3,0.09281733103747793,0.4477835004528928,0.0031663074967368996,20000,20000,20,,
hopper-medium-replay-v2,2,adm,2,51,2,0.10091870355684708,0.4882012965881816,0.003452104474015681,20000,20000,20,,
hopper-medium-replay-v2,2,adm,2,52,3,0.10397674829975301,0.47529277447525675,0.0033608274388042246,20000,20000,20,,
hopper-medium-replay-v2,2,adm,2,53,3,0.10801051502129988,0.4916946050076794,0.003476805894737711,20000,20000,20,,
hopper-medium-replay-v2,2,adm,2,54,2,0.10854894616039114,0.47647884558262904,0.003369214228034148,20000,20000,20,,
hopper-medium-replay-v2,2,adm,2,55,4,0.11376670181465567,0.5091722054048501,0.0036003911923347914,20000,20000,20,,
hopper-medium-replay-v2,2,adm,2,56,3,0.11543313897789949,0.5112738212346998,0.0036152518603821487,20000,20000,20,,
hopper-medium-replay-v2,2,adm,2,57,2,0.12006177365605468,0.5278770187886866,0.0037326541961801886,20000,20000,20,,
hopper-medium-replay-v2,2,adm,2,58,4,0.1282881345174977,0.5707309835070217,0.004035677486710826,20000,20000,20,,
hopper-medium-replay-v2,2,adm,2,59,1,0.13600868017946421,0.6317538846401121,0.004467174558699671,20000,20000,20,,
hopper-medium-replay-v2,2,adm,2,60,5,0.1361225930196127,0.6561193818942506,0.004639464642053506,20000,20000,20,,
hopper-medium-replay-v2,2,adm,2,61,1,0.13791200631131992,0.6568442846754182,0.004644590478776153,20000,20000,20,,
hopper-medium-replay-v2,2,adm,2,62,5,0.14502784107702174,0.7037940960496124,0.004976575778757372,20000,20000,20,,
hopper-medium-replay-v2,2,adm,2,63,5,0.14720820067956683,0.7069877268958991,0.004999158159037531,20000,20000,20,,
hopper-medium-replay-v2,2,adm,2,64,4,0.15066734857999112,0.6982843002452515,0.004937615638995204,20000,20000,20,,
hopper-medium-replay-v2,2,adm,2,65,5,0.15409339765603003,0.7194375907931477,0.005087191990903472,20000,20000,20,,
hopper-medium-replay-v2,2,adm,2,66,5,0.16214007120171423,0.7520166744549946,0.0053175609007248305,20000,20000,20,,
hopper-medium-replay-v2,2,adm,2,67,2,0.16176768781037018,0.7479174240192404,0.0052885748229157935,20000,20000,20,,
hopper-medium-replay-v2,2,adm,2,68,2,0.1741975095414282,0.7948305457217651,0.005620300687740643,20000,20000,20,,
hopper-medium-replay-v2,2,adm,2,69,3,0.17993237364645986,0.8237655478184094,0.005824902049702484,20000,20000,20,,
hopper-medium-replay-v2,2,adm,2,70,5,0.17213714758240317,0.7920622159639068,0.0056007256402972215,20000,20000,20,,
hopper-medium-replay-v2,2,adm,2,71,5,0.17751878520563752,0.7879769323123881,0.005571838322566628,20000,20000,20,,
hopper-medium-replay-v2,2,adm,2,72,2,0.18268449440639037,0.7964273963473593,0.005631592126799639,20000,20000,20,,
hopper-medium-replay-v2,2,adm,2,73,5,0.19600414136965724,0.8485411022711243,0.006000091675314198,20000,20000,20,,
hopper-medium-replay-v2,2,adm,2,74,2,0.19947432736986428,0.8545546645375919,0.006042613981891265,20000,20000,20,,
hopper-medium-replay-v2,2,adm,2,75,1,0.19875738584204164,0.8208749721213667,0.005804462592933365,20000,20000,20,,
hopper-medium-replay-v2,2,adm,2,76,2,0.20797292062552553,0.8597723244999507,0.0060795084093043595,20000,20000,20,,
hopper-medium-replay-v2,2,adm,2,77,1,0.21604849015479002,0.8895714687605052,0.006290220179106302,20000,20000,20,,
hopper-medium-replay-v2,2,adm,2,78,1,0.2170912939498595,0.8565678016593505,0.006056849010993804,20000,20000,20,,
hopper-medium-replay-v2,2,adm,2,79,1,0.2261057490184656,0.891500561260514,0.0063038609229892255,20000,20000,20,,
hopper-medium-replay-v2,2,adm,2,80,1,0.2379769602939909,0.9327489393893782,0.006595531001867893,20000,20000,20,,
hopper-medium-replay-v2,2,adm,2,81,4,0.23829594190828074,0.9482101938673502,0.006704858580738142,20000,20000,20,,
hopper-medium-replay-v2,2,adm,2,82,4,0.24576222273957518,0.9513831464902693,0.00672729474389864,20000,20000,20,,
hopper-medium-replay-v2,2,adm,2,83,1,0.25232224248892926,0.9549666616383816,0.006752634022515788,20000,20000,20,,
hopper-medium-replay-v2,2,adm,2,84,5,0.26686195742554175,1.0141862540291435,0.007171379776101898,20000,20000,20,,
hopper-medium-replay-v2,2,adm,2,85,2,0.2613210198117186,0.975323629584798,0.006896579523308871,20000,20000,20,,
hopper-medium-replay-v2,2,adm,2,86,3,0.264672467792898,0.9827608339073561,0.0069491684994043785,20000,20000,20,,
hopper-medium-replay-v2,2,adm,2,87,5,0.26629142539505785,0.9749811033002881,0.006894157496723755,20000,20000,20,,
hopper-medium-replay-v2,2,adm,2,88,1,0.26621888221945567,0.9843215167251819,0.006960204193442037,20000,20000,20,,
hopper-medium-replay-v2,2,adm,2,89,3,0.27588135120417845,1.0121560099728117,0.00715702378270494,20000,20000,20,,
hopper-medium-replay-v2,2,adm,2,90,1,0.28257150547096344,1.0193117603009263,0.007207622578519817,20000,20000,20,,
hopper-medium-replay-v2,2,adm,2,91,4,0.2776209113693474,1.0335362549182296,0.007308204944548284,20000,20000,20,,
hopper-medium-replay-v2,2,adm,2,92,5,0.28485049002139545,1.051291119521224,0.007433750796146547,20000,20000,20,,
hopper-medium-replay-v2,2,adm,2,93,4,0.3046334074848606,1.1156167175036127,0.007888601461518815,20000,20000,20,,
hopper-medium-replay-v2,2,adm,2,94,5,0.3150142704531795,1.1718588286582046,0.008286293243375408,20000,20000,20,,
hopper-medium-replay-v2,2,adm,2,95,1,0.313160672401986,1.1350921557237312,0.008026313605839068,20000,20000,20,,
hopper-medium-replay-v2,2,adm,2,96,3,0.32248511592089624,1.1764840625946458,0.008318998586185726,20000,20000,20,,
hopper-medium-replay-v2,2,adm,2,97,1,0.3298958473127254,1.1726790307857584,0.008292092948238778,20000,20000,20,,
hopper-medium-replay-v2,2,adm,2,98,3,0.3344654936403268,1.1877979565308752,0.008398999897425059,20000,20000,20,,
hopper-medium-replay-v2,2,adm,2,99,3,0.3442591400710361,1.199715709930493,0.008483271139878845,20000,20000,20,,
hopper-medium-replay-v2,2,adm,2,100,1,0.3516676478374519,1.2137674641732725,0.008582632047005209,20000,20000,20,,
hopper-medium-replay-v2,2,adm,3,1,2,0.002151754989503982,0.010890360182781954,7.700647534809089e-05,20000,20000,20,,
hopper-medium-replay-v2,2,adm,3,2,1,0.004928747159770533,0.025514318776425248,0.0001804134782416555,20000,20000,20,,
hopper-medium-replay-v2,2,adm,3,3,3,0.0027388788206100852,0.014967509336897606,0.00010583627349593261,20000,20000,20,,
hopper-medium-replay-v2,2,adm,3,4,5,0.005777049273161022,0.03953805716855498,0.0002795762833882661,20000,20000,20,,
hopper-medium-replay-v2,2,adm,3,5,5,0.005822947774785673,0.041457764428384454,0.0002931506636014508,20000,20000,20,,
hopper-medium-replay-v2,2,adm,3,6,3,0.009057024426236623,0.07981823708122696,0.0005644001670249112,20000,20000,20,,
hopper-medium-replay-v2,2,adm,3,7,2,0.008667469693123698,0.06448971516064492,0.0004560111490688092,20000,20000,20,,
hopper-medium-replay-v2,2,adm,3,8,3,0.01041643707950794,0.0872186606063435,0.0006167290636075349,20000,20000,20,,
hopper-medium-replay-v2,2,adm,3,9,1,0.012584929985647851,0.08060024162060223,0.0005699297741520203,20000,20000,20,,
hopper-medium-replay-v2,2,adm,3,10,4,0.01483061950549402,0.1280531951672953,0.0009054728265539894,20000,20000,20,,
hopper-medium-replay-v2,2,adm,3,11,1,0.017956031021722912,0.14087848359864677,0.0009961613107588095,20000,20000,20,,
hopper-medium-replay-v2,2,adm,3,12,3,0.01745796811373321,0.12486902464436471,0.000882957340861804,20000,20000,20,,
hopper-medium-replay-v2,2,adm,3,13,2,0.018424208612204267,0.1301616158069686,0.0009203816118730562,20000,20000,20,,
hopper-medium-replay-v2,2,adm,3,14,2,0.023434021350192426,0.17561549651605662,0.0012417890846794614,20000,20000,20,,
hopper-medium-replay-v2,2,adm,3,15,4,0.02004249256767569,0.15052110761416684,0.0010643449590568743,20000,20000,20,,
hopper-medium-replay-v2,2,adm,3,16,2,0.025950256875026587,0.18359133366299035,0.0012981867700018255,20000,20000,20,,
hopper-medium-replay-v2,2,adm,3,17,4,0.024244355975161953,0.16569252150140498,0.001171623055455413,20000,20000,20,,
hopper-medium-replay-v2,2,adm,3,18,2,0.030181140352922176,0.21656496456666396,0.0015313455501251246,20000,20000,20,,
hopper-medium-replay-v2,2,adm,3,19,5,0.026091610239246717,0.1651817132956409,0.0011680110959935979,20000,20000,20,,
hopper-medium-replay-v2,2,adm,3,20,4,0.029814559920054745,0.19124155903376805,0.0013522820323746483,20000,20000,20,,
hopper-medium-replay-v2,2,adm,3,21,4,0.026434916404640366,0.16424257399216094,0.0011613703782939028,20000,20000,20,,
hopper-medium-replay-v2,2,adm,3,22,1,0.027842057605208352,0.15535689601455183,0.001098539146759829,20000,20000,20,,
hopper-medium-replay-v2,2,adm,3,23,2,0.027536921449780233,0.15624683236812337,0.0011048319470641779,20000,20000,20,,
hopper-medium-replay-v2,2,adm,3,24,5,0.026905111601709268,0.1426297654893194,0.0010085447437654476,20000,20000,20,,
hopper-medium-replay-v2,2,adm,3,25,2,0.03191938040399867,0.17915917577858093,0.0012668466810482723,20000,20000,20,,
hopper-medium-replay-v2,2,adm,3,26,2,0.03141628729170652,0.17489293321023758,0.0012366797905456492,20000,20000,20,,
hopper-medium-replay-v2,2,adm,3,27,3,0.030885625332416834,0.15398845915547127,0.0010888628369330143,20000,20000,20,,
hopper-medium-replay-v2,2,adm,3,28,3,0.03995363793181671,0.21328806628151936,0.0015081743801382815,20000,20000,20,,
hopper-medium-replay-v2,2,adm,3,29,2,0.03370947660264806,0.17779643920890512,0.0012572106783543856,20000,20000,20,,
hopper-medium-replay-v2,2,adm,3,30,4,0.0387397964719504,0.21135581175382775,0.00149451127734319,20000,20000,20,,
hopper-medium-replay-v2,2,adm,3,31,5,0.04030055257421881,0.2149516859694791,0.0015199379477649994,20000,20000,20,,
hopper-medium-replay-v2,2,adm,3,32,1,0.04137156422124359,0.22186025622611485,0.0015687889165327076,20000,20000,20,,
hopper-medium-replay-v2,2,adm,3,33,2,0.04276507980205131,0.22297620902397705,0.0015766798944412321,20000,20000,20,,
hopper-medium-replay-v2,2,adm,3,34,5,0.04752617007161438,0.266139181939613,0.0018818882028894068,20000,20000,20,,
hopper-medium-replay-v2,2,adm,3,35,5,0.04715599791918365,0.2523307869564148,0.0017842481055901894,20000,20000,20,,
hopper-medium-replay-v2,2,adm,3,36,5,0.04773832641173119,0.24426570316990745,0.001727219351227419,20000,20000,20,,
hopper-medium-replay-v2,2,adm,3,37,3,0.050766440297540495,0.25544510105616725,0.0018062696317769876,20000,20000,20,,
hopper-medium-replay-v2,2,adm,3,38,3,0.05235630235037082,0.2820524658216609,0.0019944121123288334,20000,20000,20,,
hopper-medium-replay-v2,2,adm,3,39,1,0.05656517435945871,0.2831366148563721,0.0020020782036714447,20000,20000,20,,
hopper-medium-replay-v2,2,adm,3,40,4,0.05674779190666158,0.2883165578803917,0.002038705932055887,20000,20000,20,,
hopper-medium-replay-v2,2,adm,3,41,1,0.05836451160574143,0.28758125869316764,0.002033506581641016,20000,20000,20,,
hopper-medium-replay-v2,2,adm,3,42,4,0.06207139469472146,0.3148804890926868,0.0022265412910077555,20000,20000,20,,
hopper-medium-replay-v2,2,adm,3,43,5,0.06674023210731872,0.3408707892849634,0.0024103204661180835,20000,20000,20,,
hopper-medium-replay-v2,2,adm,3,44,4,0.06859247205060667,0.36311163833744425,0.0025675870179616396,20000,20000,20,,
hopper-medium-replay-v2,2,adm,3,45,3,0.07237715640686412,0.3821550535931272,0.002702244298604087,20000,20000,20,,
hopper-medium-replay-v2,2,adm,3,46,2,0.07226185017601487,0.37115346843379443,0.0026244513439044326,20000,20000,20,,
hopper-medium-replay-v2,2,adm,3,47,3,0.07065752769927336,0.3379977759280426,0.0023900051938469014,20000,20000,20,,
hopper-medium-replay-v2,2,adm,3,48,3,0.07619090143385039,0.3726949601202875,0.002635351336151052,20000,20000,20,,
hopper-medium-replay-v2,2,adm,3,49,2,0.08209874754866521,0.39201785895203867,0.0027719848641121806,20000,20000,20,,
hopper-medium-replay-v2,2,adm,3,50,4,0.08289651749983513,0.39664309132932807,0.0028046901958976296,20000,20000,20,,
hopper-medium-replay-v2,2,adm,3,51,4,0.08421406103008981,0.40528969907373463,0.0028658309456009294,20000,20000,20,,
hopper-medium-replay-v2,2,adm,3,52,2,0.08919632019448642,0.4231234075522851,0.0029919343075898003,20000,20000,20,,
hopper-medium-replay-v2,2,adm,3,53,4,0.08903464580554696,0.394429745487432,0.002789039477358472,20000,20000,20,,
hopper-medium-replay-v2,2,adm,3,54,3,0.09752307908892575,0.4611674007333224,0.0032609459632070626,20000,20000,20,,
hopper-medium-replay-v2,2,adm,3,55,5,0.0977980630159075,0.4471222511017215,0.003161631757734215,20000,20000,20,,
hopper-medium-replay-v2,2,adm,3,56,2,0.10295319600495845,0.4664310579886829,0.0032981656405981345,20000,20000,20,,
hopper-medium-replay-v2,2,adm,3,57,3,0.10589180268010423,0.4917304901688478,0.003477059641145772,20000,20000,20,,
hopper-medium-replay-v2,2,adm,3,58,3,0.10422187334323062,0.48200841554169144,0.003408314192185133,20000,20000,20,,
hopper-medium-replay-v2,2,adm,3,59,3,0.11531948313662631,0.5315012659571905,0.0037582814936756408,20000,20000,20,,
hopper-medium-replay-v2,2,adm,3,60,1,0.125044225528076,0.5734549398064432,0.004054938766420595,20000,20000,20,,
hopper-medium-replay-v2,2,adm,3,61,4,0.1248457118090455,0.5977690625887042,0.004226865577399985,20000,20000,20,,
hopper-medium-replay-v2,2,adm,3,62,4,0.13026729001753656,0.640174163693159,0.004526714922878597,20000,20000,20,,
hopper-medium-replay-v2,2,adm,3,63,5,0.13444887219789625,0.6452856855178878,0.004562858840323084,20000,20000,20,,
hopper-medium-replay-v2,2,adm,3,64,5,0.14270022967226176,0.6759688513978692,0.0047798215869431495,20000,20000,20,,
hopper-medium-replay-v2,2,adm,3,65,2,0.14566334347226556,0.6838647544467696,0.00483565405283784,20000,20000,20,,
hopper-medium-replay-v2,2,adm,3,66,2,0.15419328528173243,0.7195888610359272,0.005088261633048083,20000,20000,20,,
hopper-medium-replay-v2,2,adm,3,67,1,0.15773954893157233,0.7297598717516652,0.005160181539534277,20000,20000,20,,
hopper-medium-replay-v2,2,adm,3,68,2,0.16383460167400182,0.7511153394748535,0.005311187499959046,20000,20000,20,,
hopper-medium-replay-v2,2,adm,3,69,4,0.1565839808327622,0.7197620792699024,0.005089486470926774,20000,20000,20,,
hopper-medium-replay-v2,2,adm,3,70,4,0.1605987802855956,0.7357354722516232,0.005202435415886097,20000,20000,20,,
hopper-medium-replay-v2,2,adm,3,71,4,0.17187359515639547,0.7857915448070435,0.005556385299321133,20000,20000,20,,
hopper-medium-replay-v2,2,adm,3,72,5,0.1767201485040172,0.7996063111700275,0.00565407044907887,20000,20000,20,,
hopper-medium-replay-v2,2,adm,3,73,4,0.17870668702977766,0.7788970077589072,0.005507633560322342,20000,20000,20,,
hopper-medium-replay-v2,2,adm,3,74,1,0.17949307815616963,0.7720562040001717,0.005459261773056659,20000,20000,20,,
hopper-medium-replay-v2,2,adm,3,75,4,0.1889350756677816,0.8168785545781161,0.005776203653480512,20000,20000,20,,
hopper-medium-replay-v2,2,adm,3,76,1,0.186109083257435,0.8028195534909933,0.005676791503426376,20000,20000,20,,
hopper-medium-replay-v2,2,adm,3,77,2,0.18652118221440875,0.8147667004518855,0.0057612705897451665,20000,20000,20,,
hopper-medium-replay-v2,2,adm,3,78,4,0.18965295567536647,0.797653951698819,0.005640265182864817,20000,20000,20,,
hopper-medium-replay-v2,2,adm,3,79,3,0.19944437244636096,0.840608546286108,0.005944000034022728,20000,20000,20,,
hopper-medium-replay-v2,2,adm,3,80,2,0.2010698826992234,0.8311471792451497,0.005877098066083162,20000,20000,20,,
hopper-medium-replay-v2,2,adm,3,81,4,0.20458235022674717,0.8327743438088029,0.005888603857053819,20000,20000,20,,
hopper-medium-replay-v2,2,adm,3,82,1,0.20711619767246944,0.8217643133245134,0.005810751184888702,20000,20000,20,,
hopper-medium-replay-v2,2,adm,3,83,4,0.2186971831634239,0.8878342616114123,0.006277936269551809,20000,20000,20,,
hopper-medium-replay-v2,2,adm,3,84,2,0.22244271258870105,0.8794786003877187,0.006218852822426097,20000,20000,20,,
hopper-medium-replay-v2,2,adm,3,85,5,0.22334497298101952,0.8867858655627804,0.006270522989998241,20000,20000,20,,
hopper-medium-replay-v2,2,adm,3,86,3,0.23322405693700163,0.9206958588143822,0.0065103028517802175,20000,20000,20,,
hopper-medium-replay-v2,2,adm,3,87,4,0.23929966670895536,0.9577784189727913,0.006772516149297909,20000,20000,20,,
hopper-medium-replay-v2,2,adm,3,88,1,0.24494378695902652,0.9593923127607772,0.006783928101713906,20000,20000,20,,
hopper-medium-replay-v2,2,adm,3,89,3,0.2461153717638534,0.9498735961768537,0.006716620611267055,20000,20000,20,,
hopper-medium-replay-v2,2,adm,3,90,1,0.25504626805298836,0.9543278876951583,0.0067481172086468035,20000,20000,20,,
hopper-medium-replay-v2,2,adm,3,91,3,0.26352531848574434,0.9882994396035688,0.006988332355865483,20000,20000,20,,
hopper-medium-replay-v2,2,adm,3,92,4,0.271887939786937,1.030646780483284,0.0072877732748781315,20000,20000,20,,
hopper-medium-replay-v2,2,adm,3,93,1,0.28144122594464044,1.0465997358161263,0.00740057770383632,20000,20000,20,,
hopper-medium-replay-v2,2,adm,3,94,5,0.2946943620834404,1.114603643112515,0.007881437943800898,20000,20000,20,,
hopper-medium-replay-v2,2,adm,3,95,2,0.301219261923793,1.1213589894804175,0.007929205456060975,20000,20000,20,,
hopper-medium-replay-v2,2,adm,3,96,1,0.3030589719402543,1.117360378729443,0.00790093100828758,20000,20000,20,,
hopper-medium-replay-v2,2,adm,3,97,5,0.2997243646804306,1.1251646894229645,0.007956115818426339,20000,20000,20,,
hopper-medium-replay-v2,2,adm,3,98,3,0.31342448526167327,1.1316155752604604,0.008001730469629875,20000,20000,20,,
hopper-medium-replay-v2,2,adm,3,99,1,0.3281015625627537,1.1704517238502186,0.008276343509859738,20000,20000,20,,
hopper-medium-replay-v2,2,adm,3,100,3,0.3314553653710918,1.2046355926281584,0.008518059964060461,20000,20000,20,,
hopper-medium-replay-v2,2,adm,4,1,4,0.003960165601814033,0.026570695561780596,0.0001878831901257836,20000,20000,20,,
hopper-medium-replay-v2,2,adm,4,2,5,0.005881818967420569,0.04276266734265203,0.0003023777205961377,20000,20000,20,,
hopper-medium-replay-v2,2,adm,4,3,1,0.00884842653319329,0.06586144706758056,0.00046571075840245063,20000,20000,20,,
hopper-medium-replay-v2,2,adm,4,4,1,0.011501604776297523,0.07040635070618005,0.0004978480802293818,20000,20000,20,,
hopper-medium-replay-v2,2,adm,4,5,3,0.010243609385759305,0.0816832205056578,0.0005775875912870668,20000,20000,20,,
hopper-medium-replay-v2,2,adm,4,6,2,0.01594549312253045,0.1257433586072133,0.0008891398156033235,20000,20000,20,,
hopper-medium-replay-v2,2,adm,4,7,1,0.019331146464554874,0.14072101302801776,0.0009950478256755186,20000,20000,20,,
hopper-medium-replay-v2,2,adm,4,8,5,0.015230457341336358,0.11758214178400136,0.0008314312980190545,20000,20000,20,,
hopper-medium-replay-v2,2,adm,4,9,4,0.013871428505163225,0.09697637947853088,0.0006857265554418914,20000,20000,20,,
hopper-medium-replay-v2,2,adm,4,10,4,0.024251936400706053,0.1907087065473525,0.0013485141963094829,20000,20000,20,,
hopper-medium-replay-v2,2,adm,4,11,5,0.024959805673440538,0.1987936071576441,0.0014056830767770474,20000,20000,20,,
hopper-medium-replay-v2,2,adm,4,12,5,0.028608706503871564,0.2146251399745249,0.001517628918890985,20000,20000,20,,
hopper-medium-replay-v2,2,adm,4,13,3,0.02438449308723628,0.18559269355258648,0.0013123385214971073,20000,20000,20,,
hopper-medium-replay-v2,2,adm,4,14,2,0.027860957885538114,0.21477048167262847,0.0015186566398941671,20000,20000,20,,
hopper-medium-replay-v2,2,adm,4,15,4,0.02238791453458892,0.14413590929553333,0.0010191947887536073,20000,20000,20,,
hopper-medium-replay-v2,2,adm,4,16,3,0.025498191060893422,0.1643877354766582,0.001162396824994454,20000,20000,20,,
hopper-medium-replay-v2,2,adm,4,17,4,0.024580318501032712,0.14395154718924974,0.0010178911517981378,20000,20000,20,,
hopper-medium-replay-v2,2,adm,4,18,5,0.02648964840505443,0.15941837292903802,0.0011272581254384872,20000,20000,20,,
hopper-medium-replay-v2,2,adm,4,19,4,0.026669879498315237,0.15345099473733717,0.0010850623895859233,20000,20000,20,,
hopper-medium-replay-v2,2,adm,4,20,4,0.030991958090033564,0.18463592451406494,0.001305573142745428,20000,20000,20,,
hopper-medium-replay-v2,2,adm,4,21,5,0.030925996347450326,0.1878956043911205,0.0013286225602010613,20000,20000,20,,
hopper-medium-replay-v2,2,adm,4,22,1,0.033414459483023976,0.18713903501622356,0.0013232728068467844,20000,20000,20,,
hopper-medium-replay-v2,2,adm,4,23,4,0.030556454393866197,0.17543764079277527,0.0012405314547994106,20000,20000,20,,
hopper-medium-replay-v2,2,adm,4,24,3,0.03172822763407405,0.16719387621610335,0.001182239236452709,20000,20000,20,,
hopper-medium-replay-v2,2,adm,4,25,5,0.0335494570044887,0.17784476573669675,0.0012575523985095122,20000,20000,20,,
hopper-medium-replay-v2,2,adm,4,26,5,0.03338620227778263,0.16804060843411225,0.0011882265373847412,20000,20000,20,,
hopper-medium-replay-v2,2,adm,4,27,4,0.03659798949352991,0.19695576291100947,0.001392687555481447,20000,20000,20,,
hopper-medium-replay-v2,2,adm,4,28,3,0.03879677601996032,0.2034237601652355,0.001438423202673039,20000,20000,20,,
hopper-medium-replay-v2,2,adm,4,29,2,0.03960183328600799,0.21273200014637011,0.0015042423987887592,20000,20000,20,,
hopper-medium-replay-v2,2,adm,4,30,4,0.041427730038247144,0.22331126328957998,0.0015790490858739654,20000,20000,20,,
hopper-medium-replay-v2,2,adm,4,31,3,0.04607133045397142,0.24673031354874542,0.00174464677834601,20000,20000,20,,
hopper-medium-replay-v2,2,adm,4,32,5,0.04691750487653004,0.27203919218740896,0.0019236075754422734,20000,20000,20,,
hopper-medium-replay-v2,2,adm,4,33,4,0.04949573825463475,0.2513839129080601,0.0017775526949849777,20000,20000,20,,
hopper-medium-replay-v2,2,adm,4,34,2,0.0494694064167094,0.24392469719410123,0.001724808074848242,20000,20000,20,,
hopper-medium-replay-v2,2,adm,4,35,5,0.052420023394634016,0.27943877556954433,0.0019759305313169053,20000,20000,20,,
hopper-medium-replay-v2,2,adm,4,36,5,0.05967242983734236,0.3373587258009205,0.00238548642706284,20000,20000,20,,
hopper-medium-replay-v2,2,adm,4,37,4,0.058805452369409976,0.30728733413856674,0.00217284957742117,20000,20000,20,,
hopper-medium-replay-v2,2,adm,4,38,5,0.059310565843127744,0.30232857129447716,0.0021377858290876537,20000,20000,20,,
hopper-medium-replay-v2,2,adm,4,39,1,0.06036759431417763,0.2894832082755233,0.0020469553961126024,20000,20000,20,,
hopper-medium-replay-v2,2,adm,4,40,3,0.0662525716531325,0.35104536379208157,0.002482265572414794,20000,20000,20,,
hopper-medium-replay-v2,2,adm,4,41,2,0.07178991008977527,0.37140650399455016,0.00262624057551335,20000,20000,20,,
hopper-medium-replay-v2,2,adm,4,42,5,0.07379894215852816,0.3852077735450663,0.0027238302883948835,20000,20000,20,,
hopper-medium-replay-v2,2,adm,4,43,4,0.07379996630988489,0.3746803117701963,0.002649389892297956,20000,20000,20,,
hopper-medium-replay-v2,2,adm,4,44,1,0.07783721384422555,0.3625117253869342,0.0025633449928073667,20000,20000,20,,
hopper-medium-replay-v2,2,adm,4,45,2,0.08384598645931919,0.4011887314301501,0.002836832725298877,20000,20000,20,,
hopper-medium-replay-v2,2,adm,4,46,4,0.08419150675481245,0.40847107184817516,0.002888326648223821,20000,20000,20,,
hopper-medium-replay-v2,2,adm,4,47,2,0.09239522619463598,0.4504737013256849,0.0031853300895359525,20000,20000,20,,
hopper-medium-replay-v2,2,adm,4,48,4,0.09246521969195151,0.4300629349822523,0.0030410041766293985,20000,20000,20,,
hopper-medium-replay-v2,2,adm,4,49,2,0.10016405708441066,0.4795922388169805,0.0033912292427192505,20000,20000,20,,
hopper-medium-replay-v2,2,adm,4,50,1,0.10460059195978237,0.49464257016128915,0.0034976511562459017,20000,20000,20,,
hopper-medium-replay-v2,2,adm,4,51,4,0.10901847846584924,0.5194939366898487,0.00367337685418687,20000,20000,20,,
hopper-medium-replay-v2,2,adm,4,52,1,0.10933308228786406,0.49968324577302503,0.0035332941153141026,20000,20000,20,,
hopper-medium-replay-v2,2,adm,4,53,5,0.10540531867976602,0.49461915616058694,0.003497485594259189,20000,20000,20,,
hopper-medium-replay-v2,2,adm,4,54,5,0.12267861280595407,0.5941254817353859,0.0042011015701081565,20000,20000,20,,
hopper-medium-replay-v2,2,adm,4,55,4,0.11983189061876758,0.5641666335629958,0.003989260523115804,20000,20000,20,,
hopper-medium-replay-v2,2,adm,4,56,4,0.12601340379800935,0.5889883481680305,0.004164776550294776,20000,20000,20,,
hopper-medium-replay-v2,2,adm,4,57,2,0.1272727194199369,0.6171518985457699,0.004363922924838661,20000,20000,20,,
hopper-medium-replay-v2,2,adm,4,58,4,0.1308771683796762,0.6398216334314837,0.004524222157492555,20000,20000,20,,
hopper-medium-replay-v2,2,adm,4,59,4,0.1346223117398732,0.6599922859709957,0.0046668502094090215,20000,20000,20,,
hopper-medium-replay-v2,2,adm,4,60,2,0.13816736220005285,0.6502647683459408,0.004598066272641142,20000,20000,20,,
hopper-medium-replay-v2,2,adm,4,61,4,0.14331388947317805,0.6591701697545778,0.004661036969893496,20000,20000,20,,
hopper-medium-replay-v2,2,adm,4,62,5,0.14834613618141493,0.6672088901456606,0.004717879306899469,20000,20000,20,,
hopper-medium-replay-v2,2,adm,4,63,5,0.1523377529329653,0.709807662199306,0.005019098112792995,20000,20000,20,,
hopper-medium-replay-v2,2,adm,4,64,2,0.15732819046914545,0.7167034759948638,0.005067858879759381,20000,20000,20,,
hopper-medium-replay-v2,2,adm,4,65,4,0.16047217634710237,0.7419739240130541,0.0052465479313322265,20000,20000,20,,
hopper-medium-replay-v2,2,adm,4,66,3,0.16124280724435835,0.7468007378973895,0.005280678659623617,20000,20000,20,,
hopper-medium-replay-v2,2,adm,4,67,2,0.1683703500370871,0.7730880982379034,0.005466558367186332,20000,20000,20,,
hopper-medium-replay-v2,2,adm,4,68,2,0.17098496727058363,0.7811518185291259,0.005523577480181482,20000,20000,20,,
hopper-medium-replay-v2,2,adm,4,69,1,0.17903218693035616,0.8031023980104592,0.005678791516203734,20000,20000,20,,
hopper-medium-replay-v2,2,adm,4,70,3,0.17399437248462793,0.7486465105044784,0.005293730242893625,20000,20000,20,,
hopper-medium-replay-v2,2,adm,4,71,2,0.18458345444501187,0.7863544224784565,0.005560365445505479,20000,20000,20,,
hopper-medium-replay-v2,2,adm,4,72,1,0.1934266231427343,0.8168004617701455,0.005775651453939733,20000,20000,20,,
hopper-medium-replay-v2,2,adm,4,73,4,0.19124880040850398,0.8138584533599431,0.005754848312968112,20000,20000,20,,
hopper-medium-replay-v2,2,adm,4,74,3,0.20677404001841887,0.8539709408855816,0.0060384864323645105,20000,20000,20,,
hopper-medium-replay-v2,2,adm,4,75,5,0.20473931382709454,0.8609871452882699,0.006088098489477828,20000,20000,20,,
hopper-medium-replay-v2,2,adm,4,76,3,0.22095145789395101,0.9204998434689962,0.006508916813980827,20000,20000,20,,
hopper-medium-replay-v2,2,adm,4,77,5,0.23028062681502134,0.9456649121504832,0.006686860721117874,20000,20000,20,,
hopper-medium-replay-v2,2,adm,4,78,4,0.2328508711005848,0.9576434805241358,0.006771561990377039,20000,20000,20,,
hopper-medium-replay-v2,2,adm,4,79,5,0.23099617580342746,0.9240308976730058,0.006533885137704752,20000,20000,20,,
hopper-medium-replay-v2,2,adm,4,80,5,0.22102477410094226,0.8726455669406666,0.006170535979561247,20000,20000,20,,
hopper-medium-replay-v2,2,adm,4,81,1,0.22257832724182045,0.8697730534129029,0.006150224241615928,20000,20000,20,,
hopper-medium-replay-v2,2,adm,4,82,2,0.22670016177020708,0.8937119079667141,0.0063194975055043115,20000,20000,20,,
hopper-medium-replay-v2,2,adm,4,83,1,0.229360712169001,0.8744954720013751,0.006183616783691029,20000,20000,20,,
hopper-medium-replay-v2,2,adm,4,84,1,0.2365307711194746,0.8866263910595078,0.006269395334971337,20000,20000,20,,
hopper-medium-replay-v2,2,adm,4,85,3,0.2463599605887428,0.9277667415503889,0.0065603015430962695,20000,20000,20,,
hopper-medium-replay-v2,2,adm,4,86,5,0.2524327449014013,0.9586263766778447,0.006778512115731936,20000,20000,20,,
hopper-medium-replay-v2,2,adm,4,87,4,0.2747204871136177,1.0458336399993886,0.007395160588365782,20000,20000,20,,
hopper-medium-replay-v2,2,adm,4,88,4,0.289413744270407,1.0929211072838034,0.007728119262622876,20000,20000,20,,
hopper-medium-replay-v2,2,adm,4,89,4,0.28477821340060544,1.0731567340787393,0.007588364039430851,20000,20000,20,,
hopper-medium-replay-v2,2,adm,4,90,5,0.28881443173892696,1.0768167188613107,0.007614244040018809,20000,20000,20,,
hopper-medium-replay-v2,2,adm,4,91,1,0.29124873206585705,1.0621234459953588,0.0075103469112054195,20000,20000,20,,
hopper-medium-replay-v2,2,adm,4,92,1,0.29606568374194714,1.0566804955816802,0.007471859439733677,20000,20000,20,,
hopper-medium-replay-v2,2,adm,4,93,3,0.29500099883210357,1.090246462390886,0.007709206667212398,20000,20000,20,,
hopper-medium-replay-v2,2,adm,4,94,2,0.30202724033704464,1.085653197681545,0.007676727380974797,20000,20000,20,,
hopper-medium-replay-v2,2,adm,4,95,3,0.31521647013355036,1.1278642018620644,0.007975204253942188,20000,20000,20,,
hopper-medium-replay-v2,2,adm,4,96,1,0.32932242952585183,1.1790405717903032,0.008337075836069878,20000,20000,20,,
hopper-medium-replay-v2,2,adm,4,97,1,0.34175956457548773,1.2227339324727453,0.008646034552383722,20000,20000,20,,
hopper-medium-replay-v2,2,adm,4,98,2,0.35246809256081435,1.241126815442018,0.008776091875115155,20000,20000,20,,
hopper-medium-replay-v2,2,adm,4,99,4,0.35646202240197955,1.2613758939255595,0.008919274482200064,20000,20000,20,,
hopper-medium-replay-v2,2,adm,4,100,2,0.36645044504884067,1.26196462580544,0.008923437445245706,20000,20000,20,,
hopper-medium-replay-v2,2,adm,5,1,4,0.003933308016924351,0.025703034834970103,0.00018174790228881412,20000,20000,20,,
hopper-medium-replay-v2,2,adm,5,2,3,0.0028054576361679928,0.015950712194788805,0.00011278856757690123,20000,20000,20,,
hopper-medium-replay-v2,2,adm,5,3,4,0.003969428236766608,0.02753953614186577,0.00019473392756645295,20000,20000,20,,
hopper-medium-replay-v2,2,adm,5,4,4,0.003941299938406413,0.02547693176729157,0.0001801491121647884,20000,20000,20,,
hopper-medium-replay-v2,2,adm,5,5,5,0.0056046025764903435,0.03800441230718421,0.00026873177657419435,20000,20000,20,,
hopper-medium-replay-v2,2,adm,5,6,1,0.008358089199541754,0.05585927456312293,0.00039498471835745444,20000,20000,20,,
hopper-medium-replay-v2,2,adm,5,7,2,0.008873557259161363,0.0696491323729726,0.0004924937380468842,20000,20000,20,,
hopper-medium-replay-v2,2,adm,5,8,3,0.010736406996062538,0.09219599222340363,0.0006519241129939091,20000,20000,20,,
hopper-medium-replay-v2,2,adm,5,9,1,0.013032438785850971,0.08506649302096475,0.0006015109406688229,20000,20000,20,,
hopper-medium-replay-v2,2,adm,5,10,5,0.011722862305350443,0.08599269932541531,0.0006080602082553702,20000,20000,20,,
hopper-medium-replay-v2,2,adm,5,11,2,0.01669173222695054,0.11702199586531915,0.0008274704682435129,20000,20000,20,,
hopper-medium-replay-v2,2,adm,5,12,5,0.015881044596593216,0.1287919484323063,0.0009106966009871191,20000,20000,20,,
hopper-medium-replay-v2,2,adm,5,13,4,0.018760559576572588,0.14241566445737547,0.0010070308208499816,20000,20000,20,,
hopper-medium-replay-v2,2,adm,5,14,3,0.02450845665864187,0.1887756769124799,0.001334845612678953,20000,20000,20,,
hopper-medium-replay-v2,2,adm,5,15,5,0.015024474786160053,0.0987185571020027,0.0006980456115577751,20000,20000,20,,
hopper-medium-replay-v2,2,adm,5,16,4,0.018402677151036936,0.12423386882353206,0.0008784661109815953,20000,20000,20,,
hopper-medium-replay-v2,2,adm,5,17,4,0.02332960307357788,0.1733745927749001,0.0012259435023658806,20000,20000,20,,
hopper-medium-replay-v2,2,adm,5,18,4,0.02616579084697662,0.1799628652820306,0.0012725296240268494,20000,20000,20,,
hopper-medium-replay-v2,2,adm,5,19,4,0.019673054746259112,0.12015030229433335,0.0008495909351393671,20000,20000,20,,
hopper-medium-replay-v2,2,adm,5,20,2,0.02564510802269403,0.1716515216516969,0.0012137595496090436,20000,20000,20,,
hopper-medium-replay-v2,2,adm,5,21,3,0.025161722688982674,0.15217252294357983,0.0010760222288367079,20000,20000,20,,
hopper-medium-replay-v2,2,adm,5,22,2,0.028995232004339448,0.17025893615955123,0.0012039124831602615,20000,20000,20,,
hopper-medium-replay-v2,2,adm,5,23,2,0.028767895203220598,0.16557483078024238,0.0011707908563852447,20000,20000,20,,
hopper-medium-replay-v2,2,adm,5,24,4,0.029925295755878677,0.16839142544810184,0.0011907071882802179,20000,20000,20,,
hopper-medium-replay-v2,2,adm,5,25,3,0.03548059593964754,0.19876155460598674,0.0014054564310107347,20000,20000,20,,
hopper-medium-replay-v2,2,adm,5,26,5,0.03204181404694685,0.17516444303537565,0.0012385996549307884,20000,20000,20,,
hopper-medium-replay-v2,2,adm,5,27,3,0.03607631434621049,0.19625823930376765,0.001387755318754263,20000,20000,20,,
hopper-medium-replay-v2,2,adm,5,28,4,0.03841101523250682,0.2142533999871381,0.001515000320231791,20000,20000,20,,
hopper-medium-replay-v2,2,adm,5,29,2,0.04107808218630955,0.2324435689974231,0.0016436242388128102,20000,20000,20,,
hopper-medium-replay-v2,2,adm,5,30,1,0.042721240160963216,0.22026628982123206,0.0015575178719939458,20000,20000,20,,
hopper-medium-replay-v2,2,adm,5,31,4,0.039907985868208914,0.20377443642609575,0.001440902858293593,20000,20000,20,,
hopper-medium-replay-v2,2,adm,5,32,2,0.045632018532322925,0.22229603642143306,0.0015718703478448705,20000,20000,20,,
hopper-medium-replay-v2,2,adm,5,33,1,0.04963621302260808,0.2534160744417018,0.0017919222469940225,20000,20000,20,,
hopper-medium-replay-v2,2,adm,5,34,4,0.05135442848185163,0.2725807926412472,0.0019274372689783005,20000,20000,20,,
hopper-medium-replay-v2,2,adm,5,35,4,0.04858268229882183,0.2706512627941394,0.001913793432584383,20000,20000,20,,
hopper-medium-replay-v2,2,adm,5,36,1,0.053638901192627916,0.28001438713551996,0.001980000719733213,20000,20000,20,,
hopper-medium-replay-v2,2,adm,5,37,1,0.054070788720747706,0.26366275811276196,0.0018643772420788237,20000,20000,20,,
hopper-medium-replay-v2,2,adm,5,38,2,0.055901939166200634,0.27030978159477154,0.0019113787958671756,20000,20000,20,,
hopper-medium-replay-v2,2,adm,5,39,1,0.062164332254131364,0.31988080540123887,0.002261898866706304,20000,20000,20,,
hopper-medium-replay-v2,2,adm,5,40,3,0.06426543939213528,0.3293580537460822,0.002328913132422581,20000,20000,20,,
hopper-medium-replay-v2,2,adm,5,41,1,0.06812674892675716,0.33766161254708876,0.002387628159784311,20000,20000,20,,
hopper-medium-replay-v2,2,adm,5,42,5,0.06936461304653746,0.341556000765735,0.002415165642964088,20000,20000,20,,
hopper-medium-replay-v2,2,adm,5,43,5,0.07007179292062458,0.34401544934103623,0.0024325565706198394,20000,20000,20,,
hopper-medium-replay-v2,2,adm,5,44,3,0.08348462461109848,0.41874807804952874,0.002960996055976554,20000,20000,20,,
hopper-medium-replay-v2,2,adm,5,45,1,0.0845425360502748,0.39824731136654784,0.002816033744565964,20000,20000,20,,
hopper-medium-replay-v2,2,adm,5,46,3,0.07634993678435363,0.3621630869438439,0.0025608797467344523,20000,20000,20,,
hopper-medium-replay-v2,2,adm,5,47,4,0.07428638568388858,0.36424129718908443,0.0025755749123058612,20000,20000,20,,
hopper-medium-replay-v2,2,adm,5,48,4,0.08260700103819843,0.3885546416465378,0.0027474962196977577,20000,20000,20,,
hopper-medium-replay-v2,2,adm,5,49,4,0.0914487674510833,0.4300197344214527,0.0030406987025344743,20000,20000,20,,
hopper-medium-replay-v2,2,adm,5,50,1,0.09503612358032355,0.4410344069426807,0.0031185841988575686,20000,20000,20,,
hopper-medium-replay-v2,2,adm,5,51,3,0.09183225325057154,0.4346550986595831,0.0030734756773949904,20000,20000,20,,
hopper-medium-replay-v2,2,adm,5,52,2,0.10332201620589444,0.468598566174166,0.003313492237960459,20000,20000,20,,
hopper-medium-replay-v2,2,adm,5,53,2,0.10048047666518266,0.4425234724743832,0.0031291134822085485,20000,20000,20,,
hopper-medium-replay-v2,2,adm,5,54,5,0.10798768254640063,0.4867980712082532,0.0034421821721988765,20000,20000,20,,
hopper-medium-replay-v2,2,adm,5,55,1,0.10912308038244437,0.4802633887471378,0.0033959749893873216,20000,20000,20,,
hopper-medium-replay-v2,2,adm,5,56,2,0.11024662926933099,0.4765782816007366,0.003369917346861129,20000,20000,20,,
hopper-medium-replay-v2,2,adm,5,57,4,0.11594615763624828,0.515626843353809,0.0036460323749729203,20000,20000,20,,
hopper-medium-replay-v2,2,adm,5,58,2,0.11940921022243359,0.5173360695622568,0.003658118429398672,20000,20000,20,,
hopper-medium-replay-v2,2,adm,5,59,4,0.12660184821226933,0.5471251661400619,0.003868759151354542,20000,20000,20,,
hopper-medium-replay-v2,2,adm,5,60,3,0.13664913122973477,0.625264041542935,0.004421284438071165,20000,20000,20,,
hopper-medium-replay-v2,2,adm,5,61,5,0.13445209485739876,0.6063672111040228,0.0042876636686082934,20000,20000,20,,
hopper-medium-replay-v2,2,adm,5,62,4,0.1435950771691872,0.6609260818181641,0.004673453143166788,20000,20000,20,,
hopper-medium-replay-v2,2,adm,5,63,4,0.1482380400405827,0.6922556845339967,0.0048949868884892445,20000,20000,20,,
hopper-medium-replay-v2,2,adm,5,64,3,0.15594887147484005,0.7252027355376787,0.0051279577203372706,20000,20000,20,,
hopper-medium-replay-v2,2,adm,5,65,5,0.15590998752768215,0.7177046089221852,0.005074937958577163,20000,20000,20,,
hopper-medium-replay-v2,2,adm,5,66,3,0.16372360877810319,0.7581956386336592,0.005361252775439255,20000,20000,20,,
hopper-medium-replay-v2,2,adm,5,67,5,0.16751503364944043,0.7576326081305351,0.005357271548571516,20000,20000,20,,
hopper-medium-replay-v2,2,adm,5,68,2,0.16842676339313672,0.728499039775538,0.005151266111131713,20000,20000,20,,
hopper-medium-replay-v2,2,adm,5,69,4,0.17018152752146587,0.7882244151796894,0.0055735882907035905,20000,20000,20,,
hopper-medium-replay-v2,2,adm,5,70,2,0.18077778507800077,0.7991754401223196,0.005651023730682358,20000,20000,20,,
hopper-medium-replay-v2,2,adm,5,71,1,0.18565375568198147,0.8075328999781175,0.005710119896057649,20000,20000,20,,
hopper-medium-replay-v2,2,adm,5,72,5,0.18239998233858895,0.8195161973583049,0.005794854604442704,20000,20000,20,,
hopper-medium-replay-v2,2,adm,5,73,4,0.18991437734601468,0.8546441302790168,0.006043246600215719,20000,20000,20,,
hopper-medium-replay-v2,2,adm,5,74,5,0.19729536104454998,0.8629176407852042,0.006101749154047152,20000,20000,20,,
hopper-medium-replay-v2,2,adm,5,75,3,0.19997232538956677,0.8630476352406,0.006102668353656422,20000,20000,20,,
hopper-medium-replay-v2,2,adm,5,76,5,0.21867234350415343,0.9107666895743697,0.0064400930227686,20000,20000,20,,
hopper-medium-replay-v2,2,adm,5,77,2,0.20191209089448156,0.8420156845067042,0.0059539500038012306,20000,20000,20,,
hopper-medium-replay-v2,2,adm,5,78,3,0.2117120357593581,0.8669297806101064,0.0061301192668197215,20000,20000,20,,
hopper-medium-replay-v2,2,adm,5,79,2,0.2188794776184248,0.8815865263273072,0.006233758109687317,20000,20000,20,,
hopper-medium-replay-v2,2,adm,5,80,2,0.22599376466134016,0.9157863970149985,0.006475587714477013,20000,20000,20,,
hopper-medium-replay-v2,2,adm,5,81,5,0.23077392278591538,0.9260873035258036,0.006548426122938602,20000,20000,20,,
hopper-medium-replay-v2,2,adm,5,82,1,0.22687280773785096,0.885238536452487,0.0062595817209320824,20000,20000,20,,
hopper-medium-replay-v2,2,adm,5,83,1,0.234897568331805,0.9143670909449066,0.006465551705009601,20000,20000,20,,
hopper-medium-replay-v2,2,adm,5,84,4,0.24503264125799093,0.9653484220950149,0.006826044154711186,20000,20000,20,,
hopper-medium-replay-v2,2,adm,5,85,5,0.24977506648730927,0.9655101176357423,0.006827187514844546,20000,20000,20,,
hopper-medium-replay-v2,2,adm,5,86,4,0.25071379267848426,0.9685410834782906,0.006848619679852653,20000,20000,20,,
hopper-medium-replay-v2,2,adm,5,87,1,0.25356617984714847,0.9223146338423123,0.006521749319774866,20000,20000,20,,
hopper-medium-replay-v2,2,adm,5,88,2,0.2627958879912663,0.96506386980407,0.006824032066165893,20000,20000,20,,
hopper-medium-replay-v2,2,adm,5,89,1,0.27481833646647713,1.01420104210519,0.00717148434359043,20000,20000,20,,
hopper-medium-replay-v2,2,adm,5,90,3,0.2874764656867291,1.0971568007103396,0.007758070138072186,20000,20000,20,,
hopper-medium-replay-v2,2,adm,5,91,5,0.28759529375851955,1.0880569282688977,0.007693724322959424,20000,20000,20,,
hopper-medium-replay-v2,2,adm,5,92,1,0.2963307984154893,1.0754929777429396,0.007604883776805452,20000,20000,20,,
hopper-medium-replay-v2,2,adm,5,93,5,0.3110373672438211,1.1124786952189203,0.00786641229314861,20000,20000,20,,
hopper-medium-replay-v2,2,adm,5,94,3,0.32053725376506537,1.1613041215882434,0.008211660193949338,20000,20000,20,,
hopper-medium-replay-v2,2,adm,5,95,1,0.3268466553806069,1.1747189985932176,0.008306517698939345,20000,20000,20,,
hopper-medium-replay-v2,2,adm,5,96,1,0.32794368944389835,1.170351980129922,0.008275638215249714,20000,20000,20,,
hopper-medium-replay-v2,2,adm,5,97,5,0.3270672891373203,1.2066292179109415,0.00853215702362647,20000,20000,20,,
hopper-medium-replay-v2,2,adm,5,98,1,0.3282046583350328,1.1753291871717435,0.008310832383756128,20000,20000,20,,
hopper-medium-replay-v2,2,adm,5,99,4,0.34076386855467916,1.1758853389463781,0.008314764970668258,20000,20000,20,,
hopper-medium-replay-v2,2,adm,5,100,1,0.3489092118013541,1.1922519939253946,0.00843049469787829,20000,20000,20,,
hopper-medium-replay-v2,2,adm,6,1,2,0.0022246936568533515,0.011303013442530558,7.992437453056061e-05,20000,20000,20,,
hopper-medium-replay-v2,2,adm,6,2,5,0.005905882491254669,0.041132729283284,0.0002908523180492059,20000,20000,20,,
hopper-medium-replay-v2,2,adm,6,3,3,0.0027521520757456783,0.015442909731317558,0.0001091978619226637,20000,20000,20,,
hopper-medium-replay-v2,2,adm,6,4,4,0.003932975163262373,0.02538766499874602,0.00017951790079105673,20000,20000,20,,
hopper-medium-replay-v2,2,adm,6,5,3,0.010645471417309864,0.09194657344116437,0.0006501604558711424,20000,20000,20,,
hopper-medium-replay-v2,2,adm,6,6,3,0.008833404177718888,0.0776555337601625,0.0005491075451847178,20000,20000,20,,
hopper-medium-replay-v2,2,adm,6,7,4,0.0100116460867486,0.08239441288687731,0.000582616480841952,20000,20000,20,,
hopper-medium-replay-v2,2,adm,6,8,4,0.011334250749819056,0.10268202261716163,0.0007260715449854542,20000,20000,20,,
hopper-medium-replay-v2,2,adm,6,9,5,0.011512011892781027,0.0898243993490329,0.0006351544189570966,20000,20000,20,,
hopper-medium-replay-v2,2,adm,6,10,3,0.01423288931084665,0.11727757084106583,0.0008292776562280335,20000,20000,20,,
hopper-medium-replay-v2,2,adm,6,11,4,0.014229765974018233,0.1133120552677389,0.0008012372267000303,20000,20000,20,,
hopper-medium-replay-v2,2,adm,6,12,1,0.016496605903860585,0.12217320600311035,0.0008638950244410034,20000,20000,20,,
hopper-medium-replay-v2,2,adm,6,13,4,0.014741405659085076,0.11526997797624523,0.0008150818309422699,20000,20000,20,,
hopper-medium-replay-v2,2,adm,6,14,5,0.014242509685015744,0.09035979094465278,0.0006389402092356277,20000,20000,20,,
hopper-medium-replay-v2,2,adm,6,15,5,0.018502071551664553,0.13786860686120225,0.0009748782682429828,20000,20000,20,,
hopper-medium-replay-v2,2,adm,6,16,3,0.01729742763233743,0.11734927083692594,0.0008297846517608708,20000,20000,20,,
hopper-medium-replay-v2,2,adm,6,17,4,0.01870382521158765,0.12554341260485571,0.0008877259838619416,20000,20000,20,,
hopper-medium-replay-v2,2,adm,6,18,2,0.02197605051701145,0.14523352551474944,0.001026956107471088,20000,20000,20,,
hopper-medium-replay-v2,2,adm,6,19,1,0.023994489516167575,0.14171576839865815,0.001002081808357534,20000,20000,20,,
hopper-medium-replay-v2,2,adm,6,20,5,0.020768931212319163,0.12398103741453669,0.0008766783229436195,20000,20000,20,,
hopper-medium-replay-v2,2,adm,6,21,2,0.03154734996635963,0.20538352469098725,0.001452280830529918,20000,20000,20,,
hopper-medium-replay-v2,2,adm,6,22,4,0.02889394409259673,0.17935066084016518,0.0012682006849036938,20000,20000,20,,
hopper-medium-replay-v2,2,adm,6,23,1,0.030037259171910132,0.18477972265473727,0.0013065899491493424,20000,20000,20,,
hopper-medium-replay-v2,2,adm,6,24,3,0.03959591957321464,0.2568448037314781,0.0018161670243105603,20000,20000,20,,
hopper-medium-replay-v2,2,adm,6,25,3,0.030350738438381222,0.19477197528253276,0.0013772458450737753,20000,20000,20,,
hopper-medium-replay-v2,2,adm,6,26,1,0.03246304860412427,0.18558928124551535,0.0013123143928424124,20000,20000,20,,
hopper-medium-replay-v2,2,adm,6,27,2,0.03443670457605453,0.19789473972366264,0.0013993271241974868,20000,20000,20,,
hopper-medium-replay-v2,2,adm,6,28,3,0.035842493350992,0.19992061930064267,0.001413652256064986,20000,20000,20,,
hopper-medium-replay-v2,2,adm,6,29,3,0.03679713122594076,0.19326503620348554,0.0013665901766574823,20000,20000,20,,
hopper-medium-replay-v2,2,adm,6,30,4,0.040244273087357875,0.2171132953440626,0.0015352228342354432,20000,20000,20,,
hopper-medium-replay-v2,2,adm,6,31,1,0.04377499330993397,0.23796864047286265,0.0016826923938810469,20000,20000,20,,
hopper-medium-replay-v2,2,adm,6,32,2,0.0408764574642581,0.19822693111388304,0.001401676072044253,20000,20000,20,,
hopper-medium-replay-v2,2,adm,6,33,3,0.04359436890557282,0.2364051244773856,0.0016716366662520921,20000,20000,20,,
hopper-medium-replay-v2,2,adm,6,34,2,0.051544214735470426,0.28630091505372324,0.002024453184944014,20000,20000,20,,
hopper-medium-replay-v2,2,adm,6,35,1,0.051900838455090297,0.2638785075284882,0.0018659028208277942,20000,20000,20,,
hopper-medium-replay-v2,2,adm,6,36,5,0.04770524249195923,0.23838669830521106,0.0016856485091628639,20000,20000,20,,
hopper-medium-replay-v2,2,adm,6,37,2,0.05453718467156687,0.26486781453263925,0.0018728982777409,20000,20000,20,,
hopper-medium-replay-v2,2,adm,6,38,5,0.05138554493230657,0.25501702694517053,0.0018032426907096258,20000,20000,20,,
hopper-medium-replay-v2,2,adm,6,39,3,0.058410869318880586,0.3160960698776671,0.0022351367451691516,20000,20000,20,,
hopper-medium-replay-v2,2,adm,6,40,3,0.0709760452777588,0.36921493719071935,0.002610743858029229,20000,20000,20,,
hopper-medium-replay-v2,2,adm,6,41,4,0.07043811559974003,0.33869261063863004,0.002394918417203503,20000,20000,20,,
hopper-medium-replay-v2,2,adm,6,42,5,0.07258972239973678,0.3524780230098824,0.0024923960028951577,20000,20000,20,,
hopper-medium-replay-v2,2,adm,6,43,5,0.06278069304850034,0.30999129197328634,0.0021919694466308974,20000,20000,20,,
hopper-medium-replay-v2,2,adm,6,44,5,0.06850010747628582,0.3395000046256735,0.0024006275548367796,20000,20000,20,,
hopper-medium-replay-v2,2,adm,6,45,2,0.06469083977498788,0.2937619349091673,0.0020772105622875337,20000,20000,20,,
hopper-medium-replay-v2,2,adm,6,46,1,0.07045669275614229,0.32315991320725507,0.0022850856603650617,20000,20000,20,,
hopper-medium-replay-v2,2,adm,6,47,4,0.06800700542589672,0.3203756817248429,0.0022653981707489944,20000,20000,20,,
hopper-medium-replay-v2,2,adm,6,48,3,0.07238511011767619,0.3450089240865242,0.002439581497914561,20000,20000,20,,
hopper-medium-replay-v2,2,adm,6,49,4,0.07848529303666346,0.38891347699191536,0.0027500335687582166,20000,20000,20,,
hopper-medium-replay-v2,2,adm,6,50,1,0.08461631228812301,0.4200852650596528,0.002970451396002287,20000,20000,20,,
hopper-medium-replay-v2,2,adm,6,51,2,0.08711966075385875,0.4320613045254034,0.0030551347831821872,20000,20000,20,,
hopper-medium-replay-v2,2,adm,6,52,2,0.08886624111350595,0.4137970293663974,0.0029259868549982855,20000,20000,20,,
hopper-medium-replay-v2,2,adm,6,53,3,0.09355516152717952,0.4497699040432844,0.0031803534912262913,20000,20000,20,,
hopper-medium-replay-v2,2,adm,6,54,1,0.09964646289597248,0.46120281363450427,0.0032611963702327347,20000,20000,20,,
hopper-medium-replay-v2,2,adm,6,55,2,0.10484786647581774,0.49917357823202424,0.003529690221570179,20000,20000,20,,
hopper-medium-replay-v2,2,adm,6,56,2,0.10804740479420884,0.4957780565348039,0.0035056802573924734,20000,20000,20,,
hopper-medium-replay-v2,2,adm,6,57,5,0.10578299158506088,0.4730654001072332,0.003345077523605519,20000,20000,20,,
hopper-medium-replay-v2,2,adm,6,58,3,0.1130765963138426,0.5190088098756049,0.003669946489585998,20000,20000,20,,
hopper-medium-replay-v2,2,adm,6,59,3,0.12764328280932624,0.5876396021750818,0.004155239475917654,20000,20000,20,,
hopper-medium-replay-v2,2,adm,6,60,1,0.13197030202091634,0.6060200830279086,0.004285209102442687,20000,20000,20,,
hopper-medium-replay-v2,2,adm,6,61,3,0.12800923293884317,0.5900751302760928,0.0041724612602776065,20000,20000,20,,
hopper-medium-replay-v2,2,adm,6,62,2,0.14192687875296706,0.645667440760741,0.004565558257532834,20000,20000,20,,
hopper-medium-replay-v2,2,adm,6,63,2,0.13989383144157394,0.6503160774535076,0.004598429082820113,20000,20000,20,,
hopper-medium-replay-v2,2,adm,6,64,5,0.14507984070907046,0.6619258030867686,0.004680522240050054,20000,20000,20,,
hopper-medium-replay-v2,2,adm,6,65,5,0.15035649795085404,0.6771516238826708,0.00478818505138919,20000,20000,20,,
hopper-medium-replay-v2,2,adm,6,66,2,0.1432376609404767,0.6569902054402186,0.004645622294399215,20000,20000,20,,
hopper-medium-replay-v2,2,adm,6,67,5,0.16101060563390124,0.7438545825697416,0.005259846195517529,20000,20000,20,,
hopper-medium-replay-v2,2,adm,6,68,5,0.15867125350525235,0.7186537615315512,0.005081649481041799,20000,20000,20,,
hopper-medium-replay-v2,2,adm,6,69,4,0.15865398071884096,0.7199138249361663,0.005090559474823082,20000,20000,20,,
hopper-medium-replay-v2,2,adm,6,70,1,0.158896451826676,0.7141643010146501,0.005049904201288098,20000,20000,20,,
hopper-medium-replay-v2,2,adm,6,71,2,0.16533189654926916,0.7483727574145934,0.005291794516231341,20000,20000,20,,
hopper-medium-replay-v2,2,adm,6,72,4,0.17133462641403555,0.7779958672546374,0.005501261534708632,20000,20000,20,,
hopper-medium-replay-v2,2,adm,6,73,2,0.17937867956832285,0.7885143320195239,0.005575638312337861,20000,20000,20,,
hopper-medium-replay-v2,2,adm,6,74,4,0.18418357112775477,0.8084799960208005,0.005716816876399809,20000,20000,20,,
hopper-medium-replay-v2,2,adm,6,75,4,0.1912806119824082,0.8420810470383387,0.005954412186694774,20000,20000,20,,
hopper-medium-replay-v2,2,adm,6,76,3,0.19709902455494335,0.8344428410348953,0.0059004019140834274,20000,20000,20,,
hopper-medium-replay-v2,2,adm,6,77,3,0.19563474633845218,0.8078162918337135,0.005712123779085899,20000,20000,20,,
hopper-medium-replay-v2,2,adm,6,78,3,0.20167299332424063,0.8384320524539769,0.005928609898543622,20000,20000,20,,
hopper-medium-replay-v2,2,adm,6,79,5,0.20362715816760488,0.8598435234371871,0.006080011861817691,20000,20000,20,,
hopper-medium-replay-v2,2,adm,6,80,4,0.22228632767101636,0.9278488785058424,0.006560882339078142,20000,20000,20,,
hopper-medium-replay-v2,2,adm,6,81,4,0.2158600400814025,0.8920608976715737,0.006307823099749286,20000,20000,20,,
hopper-medium-replay-v2,2,adm,6,82,1,0.2181568060931545,0.8832040784477605,0.006245195930420269,20000,20000,20,,
hopper-medium-replay-v2,2,adm,6,83,5,0.21921947517030585,0.8785032291729964,0.006211955906425054,20000,20000,20,,
hopper-medium-replay-v2,2,adm,6,84,2,0.23436950869069423,0.9156803142468156,0.006474837596029521,20000,20000,20,,
hopper-medium-replay-v2,2,adm,6,85,5,0.2381242445471677,0.9293657775962296,0.006571608435410027,20000,20000,20,,
hopper-medium-replay-v2,2,adm,6,86,1,0.24171817138197094,0.9135906685846289,0.0064600615698494285,20000,20000,20,,
hopper-medium-replay-v2,2,adm,6,87,1,0.2443849066568578,0.9029118711750729,0.006384551069217284,20000,20000,20,,
hopper-medium-replay-v2,2,adm,6,88,3,0.24088414911728728,0.9092127645359269,0.006429105113447216,20000,20000,20,,
hopper-medium-replay-v2,2,adm,6,89,5,0.25329164983480434,0.9410460876967436,0.006654200700194379,20000,20000,20,,
hopper-medium-replay-v2,2,adm,6,90,1,0.2646788026657024,0.9713601035443874,0.006868553161903033,20000,20000,20,,
hopper-medium-replay-v2,2,adm,6,91,1,0.2756826504051114,0.9997811985517977,0.007069520651987902,20000,20000,20,,
hopper-medium-replay-v2,2,adm,6,92,5,0.2831128482076837,1.082415980044849,0.007653836795543953,20000,20000,20,,
hopper-medium-replay-v2,2,adm,6,93,3,0.2845247416914169,1.0418895574351754,0.007367271713098634,20000,20000,20,,
hopper-medium-replay-v2,2,adm,6,94,5,0.2861916029237949,1.0464179760151167,0.00739929246795791,20000,20000,20,,
hopper-medium-replay-v2,2,adm,6,95,1,0.28908860349914955,1.0413309318549935,0.007363321633739725,20000,20000,20,,
hopper-medium-replay-v2,2,adm,6,96,3,0.3014551080283891,1.0905325758754945,0.007711229795063953,20000,20000,20,,
hopper-medium-replay-v2,2,adm,6,97,1,0.31031274139694,1.12273272920803,0.007938919262830777,20000,20000,20,,
hopper-medium-replay-v2,2,adm,6,98,5,0.3226186203700273,1.1707338178167392,0.008278338215426324,20000,20000,20,,
hopper-medium-replay-v2,2,adm,6,99,3,0.3353317298650084,1.210080312123718,0.00855655994483015,20000,20000,20,,
hopper-medium-replay-v2,2,adm,6,100,2,0.3303420013574985,1.1935843656497422,0.008439915988691763,20000,20000,20,,
hopper-medium-replay-v2,2,adm,7,1,3,0.0027346930690878,0.01524751673406324,0.00010781622478911477,20000,20000,20,,
hopper-medium-replay-v2,2,adm,7,2,4,0.0040647509373549565,0.02927532970872004,0.00020700784158507934,20000,20000,20,,
hopper-medium-replay-v2,2,adm,7,3,5,0.00595485555729002,0.043878857179814316,0.0003102703746256273,20000,20000,20,,
hopper-medium-replay-v2,2,adm,7,4,1,0.008372382354981675,0.059221037261680196,0.00041875597036635274,20000,20000,20,,
hopper-medium-replay-v2,2,adm,7,5,2,0.009313205270971195,0.07107718610136801,0.0005025916027993555,20000,20000,20,,
hopper-medium-replay-v2,2,adm,7,6,5,0.012025469568278619,0.09913025831756876,0.0007009567787712702,20000,20000,20,,
hopper-medium-replay-v2,2,adm,7,7,3,0.01322670363860473,0.10281436954959486,0.000727007379119382,20000,20000,20,,
hopper-medium-replay-v2,2,adm,7,8,4,0.014842316869880415,0.12636643855130142,0.0008935456561401839,20000,20000,20,,
hopper-medium-replay-v2,2,adm,7,9,4,0.015013622971969372,0.12040682956907157,0.0008514048568946341,20000,20000,20,,
hopper-medium-replay-v2,2,adm,7,10,2,0.017429848593576627,0.13680429874470537,0.0009673524733785145,20000,20000,20,,
hopper-medium-replay-v2,2,adm,7,11,1,0.01985771163280167,0.13978664194744686,0.0009884408244033556,20000,20000,20,,
hopper-medium-replay-v2,2,adm,7,12,4,0.01841290885268783,0.14410876902787195,0.0010190028780805416,20000,20000,20,,
hopper-medium-replay-v2,2,adm,7,13,3,0.021781968561476298,0.16268113436696072,0.0011503293328199782,20000,20000,20,,
hopper-medium-replay-v2,2,adm,7,14,2,0.020719638909578952,0.14924660410831678,0.0010553328583405483,20000,20000,20,,
hopper-medium-replay-v2,2,adm,7,15,4,0.024903671968038225,0.17711874993239632,0.0012524186915248178,20000,20000,20,,
hopper-medium-replay-v2,2,adm,7,16,3,0.026340189055590258,0.18245471026439822,0.0012901496288738276,20000,20000,20,,
hopper-medium-replay-v2,2,adm,7,17,2,0.027446921573546865,0.19389047500908504,0.0013710126968640485,20000,20000,20,,
hopper-medium-replay-v2,2,adm,7,18,3,0.02803820413473602,0.18920170942258738,0.0013378581174479823,20000,20000,20,,
hopper-medium-replay-v2,2,adm,7,19,1,0.03090869549259016,0.1926279852696469,0.001362085546304697,20000,20000,20,,
hopper-medium-replay-v2,2,adm,7,20,3,0.03187733214657699,0.2131666959415531,0.001507316162234031,20000,20000,20,,
hopper-medium-replay-v2,2,adm,7,21,1,0.032070125707761084,0.17993508646050474,0.0012723331980961062,20000,20000,20,,
hopper-medium-replay-v2,2,adm,7,22,2,0.03269254159939726,0.1922534998749573,0.0013594375346842936,20000,20000,20,,
hopper-medium-replay-v2,2,adm,7,23,1,0.03524009022216027,0.19607216758698062,0.0013864395930269918,20000,20000,20,,
hopper-medium-replay-v2,2,adm,7,24,2,0.036183937061594125,0.20166647562850512,0.0014259973245490758,20000,20000,20,,
hopper-medium-replay-v2,2,adm,7,25,4,0.03972486190864338,0.24357510391363005,0.0017223360770554578,20000,20000,20,,
hopper-medium-replay-v2,2,adm,7,26,4,0.04264235586524,0.24761755512459838,0.0017509205236943724,20000,20000,20,,
hopper-medium-replay-v2,2,adm,7,27,4,0.04656566904562428,0.2631862991130509,0.0018610081681822933,20000,20000,20,,
hopper-medium-replay-v2,2,adm,7,28,4,0.046436708486023597,0.2469249467550779,0.0017460230429464276,20000,20000,20,,
hopper-medium-replay-v2,2,adm,7,29,2,0.04768607319849581,0.2577588147687001,0.0018226300583355506,20000,20000,20,,
hopper-medium-replay-v2,2,adm,7,30,1,0.04957193306412745,0.24455007001520598,0.0017292301284739713,20000,20000,20,,
hopper-medium-replay-v2,2,adm,7,31,1,0.051968187556284906,0.2700312929320664,0.0019094095836483518,20000,20000,20,,
hopper-medium-replay-v2,2,adm,7,32,3,0.05126212058458117,0.263728732742486,0.001864843753159465,20000,20000,20,,
hopper-medium-replay-v2,2,adm,7,33,3,0.055551002206141266,0.28153891618462584,0.0019907807680205995,20000,20000,20,,
hopper-medium-replay-v2,2,adm,7,34,3,0.060939583374025434,0.30519185989901065,0.002158032336975252,20000,20000,20,,
hopper-medium-replay-v2,2,adm,7,35,4,0.06226628475520522,0.30947752471332146,0.0021883365634961694,20000,20000,20,,
hopper-medium-replay-v2,2,adm,7,36,1,0.06705717418529228,0.3159862108706101,0.0022343599246805075,20000,20000,20,,
hopper-medium-replay-v2,2,adm,7,37,1,0.07134624691269907,0.3410107736767957,0.0024113103052453328,20000,20000,20,,
hopper-medium-replay-v2,2,adm,7,38,1,0.07507493632099595,0.3488815119643977,0.0024669648294064123,20000,20000,20,,
hopper-medium-replay-v2,2,adm,7,39,3,0.07548014227784929,0.36448302898244034,0.002577284214208965,20000,20000,20,,
hopper-medium-replay-v2,2,adm,7,40,2,0.08092628043885386,0.3754796385537841,0.0026550419861885452,20000,20000,20,,
hopper-medium-replay-v2,2,adm,7,41,5,0.07523469015641034,0.3588904832136195,0.0025377389438366715,20000,20000,20,,
hopper-medium-replay-v2,2,adm,7,42,3,0.08008346526037127,0.38244335798654416,0.0027042829185203975,20000,20000,20,,
hopper-medium-replay-v2,2,adm,7,43,3,0.09350922948451464,0.44852393160549736,0.0031715431356269842,20000,20000,20,,
hopper-medium-replay-v2,2,adm,7,44,4,0.09916897148402326,0.4849931706069366,0.00342941959765329,20000,20000,20,,
hopper-medium-replay-v2,2,adm,7,45,3,0.0916368354473643,0.4410229788346555,0.003118503389930761,20000,20000,20,,
hopper-medium-replay-v2,2,adm,7,46,2,0.10204240152008572,0.4512248309492071,0.003190641378039379,20000,20000,20,,
hopper-medium-replay-v2,2,adm,7,47,3,0.10146043632681362,0.4534062974741463,0.0032060666757665383,20000,20000,20,,
hopper-medium-replay-v2,2,adm,7,48,3,0.09780246413711625,0.44885025023934416,0.00317385055681519,20000,20000,20,,
hopper-medium-replay-v2,2,adm,7,49,5,0.10090289090787034,0.46236892197952467,0.003269442001416356,20000,20000,20,,
hopper-medium-replay-v2,2,adm,7,50,2,0.10855536437096029,0.49572666827405826,0.0035053168875160074,20000,20000,20,,
hopper-medium-replay-v2,2,adm,7,51,2,0.11315001990791225,0.5087114041419655,0.003597132835357141,20000,20000,20,,
hopper-medium-replay-v2,2,adm,7,52,3,0.11462331230163846,0.506708287865384,0.003582968664330382,20000,20000,20,,
hopper-medium-replay-v2,2,adm,7,53,4,0.11662687548489264,0.5117975343631703,0.003618955071427528,20000,20000,20,,
hopper-medium-replay-v2,2,adm,7,54,1,0.1187506876390971,0.4985181856818191,0.003525055896404287,20000,20000,20,,
hopper-medium-replay-v2,2,adm,7,55,4,0.11826827330114538,0.4762314949554047,0.0033674651949757374,20000,20000,20,,
hopper-medium-replay-v2,2,adm,7,56,4,0.12748216178265126,0.554866626888918,0.003923499545272598,20000,20000,20,,
hopper-medium-replay-v2,2,adm,7,57,1,0.13493995849477608,0.5845405016864639,0.004133325526206851,20000,20000,20,,
hopper-medium-replay-v2,2,adm,7,58,1,0.14224414459990206,0.6261931102893572,0.004427853946179001,20000,20000,20,,
hopper-medium-replay-v2,2,adm,7,59,1,0.15325125449603325,0.6728356244166878,0.004757666326489249,20000,20000,20,,
hopper-medium-replay-v2,2,adm,7,60,4,0.15013411689767403,0.6859359227406199,0.00485029942429344,20000,20000,20,,
hopper-medium-replay-v2,2,adm,7,61,4,0.15903351427092016,0.7264269515904587,0.005136614235062852,20000,20000,20,,
hopper-medium-replay-v2,2,adm,7,62,5,0.17145929696856513,0.76527973251506,0.0054113448836602615,20000,20000,20,,
hopper-medium-replay-v2,2,adm,7,63,3,0.16739884875277472,0.7360103599985578,0.005204379165785322,20000,20000,20,,
hopper-medium-replay-v2,2,adm,7,64,2,0.17410877240779898,0.7410514895718684,0.005240025334846602,20000,20000,20,,
hopper-medium-replay-v2,2,adm,7,65,2,0.17740237273993012,0.7791383089992925,0.005509339817756194,20000,20000,20,,
hopper-medium-replay-v2,2,adm,7,66,3,0.18629292906341866,0.8099875378643688,0.005727476807004906,20000,20000,20,,
hopper-medium-replay-v2,2,adm,7,67,1,0.19354062491390822,0.835879914423077,0.005910563557461887,20000,20000,20,,
hopper-medium-replay-v2,2,adm,7,68,5,0.2030337882188459,0.8740296752890949,0.006180323103551952,20000,20000,20,,
hopper-medium-replay-v2,2,adm,7,69,2,0.2107102561807989,0.8761188514413487,0.0061950958097954706,20000,20000,20,,
hopper-medium-replay-v2,2,adm,7,70,1,0.2153008419730626,0.881281930380732,0.006231604291093864,20000,20000,20,,
hopper-medium-replay-v2,2,adm,7,71,2,0.2184065903081393,0.893703082423598,0.006319435099490461,20000,20000,20,,
hopper-medium-replay-v2,2,adm,7,72,2,0.21767368041965815,0.8782644748508958,0.006210267658423104,20000,20000,20,,
hopper-medium-replay-v2,2,adm,7,73,3,0.22376041175979794,0.8965979796478083,0.006339905114071233,20000,20000,20,,
hopper-medium-replay-v2,2,adm,7,74,2,0.23732558187507571,0.9334849862919206,0.006600735639428484,20000,20000,20,,
hopper-medium-replay-v2,2,adm,7,75,5,0.24512692547853449,0.9895774454524402,0.0069973692218868126,20000,20000,20,,
hopper-medium-replay-v2,2,adm,7,76,1,0.24866321286637544,0.9681320686767186,0.0068457275084546805,20000,20000,20,,
hopper-medium-replay-v2,2,adm,7,77,4,0.24942290936536674,0.9676699461348959,0.0068424598086240605,20000,20000,20,,
hopper-medium-replay-v2,2,adm,7,78,5,0.247076347635852,0.9512546355396752,0.00672638603425242,20000,20000,20,,
hopper-medium-replay-v2,2,adm,7,79,1,0.2493944694175013,0.9381436845400396,0.006633677610655952,20000,20000,20,,
hopper-medium-replay-v2,2,adm,7,80,2,0.25894692143997816,0.9807455374384123,0.006934918201411463,20000,20000,20,,
hopper-medium-replay-v2,2,adm,7,81,1,0.2640802828060509,0.9889658895819469,0.00699304486885581,20000,20000,20,,
hopper-medium-replay-v2,2,adm,7,82,1,0.26800751251975435,0.9815988987583547,0.006940952377172799,20000,20000,20,,
hopper-medium-replay-v2,2,adm,7,83,5,0.26851849346106516,1.0319297874628908,0.0072968455042340275,20000,20000,20,,
hopper-medium-replay-v2,2,adm,7,84,4,0.27915342015607647,1.068096400975419,0.0075525820809066455,20000,20000,20,,
hopper-medium-replay-v2,2,adm,7,85,1,0.28671064996903467,1.0521191232468683,0.007439605666639055,20000,20000,20,,
hopper-medium-replay-v2,2,adm,7,86,4,0.30535371858719235,1.123330616656272,0.00794314696552116,20000,20000,20,,
hopper-medium-replay-v2,2,adm,7,87,2,0.3118969829058568,1.1503800105313453,0.008134415063881661,20000,20000,20,,
hopper-medium-replay-v2,2,adm,7,88,1,0.3190787668033918,1.1428162574841259,0.00808093125317257,20000,20000,20,,
hopper-medium-replay-v2,2,adm,7,89,2,0.3281968456852521,1.1564772506833436,0.00817752906246167,20000,20000,20,,
hopper-medium-replay-v2,2,adm,7,90,1,0.3342158601777355,1.157592626285251,0.008185415958978457,20000,20000,20,,
hopper-medium-replay-v2,2,adm,7,91,3,0.34104328895591385,1.2014806978034491,0.008495751488815638,20000,20000,20,,
hopper-medium-replay-v2,2,adm,7,92,2,0.3457474260869221,1.2028000427006453,0.008505080666050952,20000,20000,20,,
hopper-medium-replay-v2,2,adm,7,93,2,0.3595080609499887,1.2448098720954899,0.008802135018466797,20000,20000,20,,
hopper-medium-replay-v2,2,adm,7,94,2,0.38628534386250074,1.3279045459184757,0.009389703091873973,20000,20000,20,,
hopper-medium-replay-v2,2,adm,7,95,5,0.3957849232093312,1.373215381263828,0.00971009908121323,20000,20000,20,,
hopper-medium-replay-v2,2,adm,7,96,4,0.4067248113212336,1.3917791046005037,0.009841364427767573,20000,20000,20,,
hopper-medium-replay-v2,2,adm,7,97,4,0.4045597972363857,1.3856362420154429,0.009797927829869638,20000,20000,20,,
hopper-medium-replay-v2,2,adm,7,98,1,0.3976377003991768,1.3484321705218012,0.009534855317460606,20000,20000,20,,
hopper-medium-replay-v2,2,adm,7,99,1,0.39869301390832546,1.320117483885352,0.009334640248182553,20000,20000,20,,
hopper-medium-replay-v2,2,adm,7,100,2,0.4083518373160463,1.3539819696246644,0.009574098323259181,20000,20000,20,,
hopper-medium-replay-v2,2,adm,8,1,3,0.002838627394322824,0.016467581911086108,0.00011644338839073912,20000,20000,20,,
hopper-medium-replay-v2,2,adm,8,2,4,0.004132575237023152,0.02777776150534978,0.0001964184352661547,20000,20000,20,,
hopper-medium-replay-v2,2,adm,8,3,4,0.0038617789304674155,0.024981701801041565,0.00017664730749096676,20000,20000,20,,
hopper-medium-replay-v2,2,adm,8,4,3,0.008768864278959712,0.07546066886626503,0.0005335875066820858,20000,20000,20,,
hopper-medium-replay-v2,2,adm,8,5,4,0.010108395170700555,0.08169288840995145,0.0005776559536939259,20000,20000,20,,
hopper-medium-replay-v2,2,adm,8,6,1,0.013442809573393083,0.10430958244375765,0.0007375801308871828,20000,20000,20,,
hopper-medium-replay-v2,2,adm,8,7,1,0.01566933212006889,0.11073053721029415,0.0007829831374582832,20000,20000,20,,
hopper-medium-replay-v2,2,adm,8,8,2,0.016102190369761276,0.1224490083040298,0.0008658452412134734,20000,20000,20,,
hopper-medium-replay-v2,2,adm,8,9,3,0.0163954642278292,0.11782214572400156,0.0008331283821539108,20000,20000,20,,
hopper-medium-replay-v2,2,adm,8,10,4,0.01694730259072756,0.12156414697833307,0.0008595883267753746,20000,20000,20,,
hopper-medium-replay-v2,2,adm,8,11,5,0.0171787465076549,0.12511699396816298,0.000884710748765644,20000,20000,20,,
hopper-medium-replay-v2,2,adm,8,12,2,0.018688208888232964,0.1380010260064317,0.0009758146129984894,20000,20000,20,,
hopper-medium-replay-v2,2,adm,8,13,4,0.022252961424370773,0.1730732901515236,0.0012238129710840924,20000,20000,20,,
hopper-medium-replay-v2,2,adm,8,14,3,0.019531301553419266,0.14613494770349425,0.0010333301248948226,20000,20000,20,,
hopper-medium-replay-v2,2,adm,8,15,1,0.022688447415971178,0.14892791956761298,0.0010530794183426385,20000,20000,20,,
hopper-medium-replay-v2,2,adm,8,16,5,0.020212667599209127,0.12222660696841851,0.0008642726262879165,20000,20000,20,,
hopper-medium-replay-v2,2,adm,8,17,2,0.02485675893919582,0.16128056647751876,0.001140425822298613,20000,20000,20,,
hopper-medium-replay-v2,2,adm,8,18,5,0.022797147099295267,0.14248872109094904,0.0010075474092600869,20000,20000,20,,
hopper-medium-replay-v2,2,adm,8,19,4,0.026985411281189385,0.16541755301527183,0.0011696787346438394,20000,20000,20,,
hopper-medium-replay-v2,2,adm,8,20,3,0.03207052767269389,0.20393541394507747,0.001442041141246499,20000,20000,20,,
hopper-medium-replay-v2,2,adm,8,21,4,0.03191387811480727,0.18424943248807163,0.0013028402314208842,20000,20000,20,,
hopper-medium-replay-v2,2,adm,8,22,5,0.03329693053076152,0.19343573840918052,0.0013677972235295866,20000,20000,20,,
hopper-medium-replay-v2,2,adm,8,23,5,0.02683125905500949,0.1509020124519858,0.00106703836299496,20000,20000,20,,
hopper-medium-replay-v2,2,adm,8,24,4,0.036897859114225856,0.21848826480593367,0.001544945336539578,20000,20000,20,,
hopper-medium-replay-v2,2,adm,8,25,1,0.03740398000551345,0.1986227414533328,0.00140447487379514,20000,20000,20,,
hopper-medium-replay-v2,2,adm,8,26,5,0.034217761954168126,0.18462216578896165,0.001305475853867218,20000,20000,20,,
hopper-medium-replay-v2,2,adm,8,27,5,0.033335517942083566,0.16895692804686158,0.001194705895503834,20000,20000,20,,
hopper-medium-replay-v2,2,adm,8,28,3,0.04172211699754123,0.2201092701283354,0.0015564075750976753,20000,20000,20,,
hopper-medium-replay-v2,2,adm,8,29,5,0.040481678190870195,0.21328592302035065,0.001508159224993219,20000,20000,20,,
hopper-medium-replay-v2,2,adm,8,30,4,0.03824540251654451,0.18301979606022056,0.0012941453888556092,20000,20000,20,,
hopper-medium-replay-v2,2,adm,8,31,3,0.04813743006085032,0.24783071026817857,0.001752427758169076,20000,20000,20,,
hopper-medium-replay-v2,2,adm,8,32,1,0.05204325882283647,0.27052438754118757,0.001912896289067113,20000,20000,20,,
hopper-medium-replay-v2,2,adm,8,33,5,0.05118080882263115,0.26739624625741415,0.0018907769899244552,20000,20000,20,,
hopper-medium-replay-v2,2,adm,8,34,5,0.04739010459910957,0.24876320976262176,0.001759021525328814,20000,20000,20,,
hopper-medium-replay-v2,2,adm,8,35,4,0.05623735173782064,0.29808615113649206,0.002107787388464116,20000,20000,20,,
hopper-medium-replay-v2,2,adm,8,36,4,0.06004352790503711,0.31726944717640465,0.0022434337756174283,20000,20000,20,,
hopper-medium-replay-v2,2,adm,8,37,5,0.05981422242149713,0.2955562639893975,0.0020898983848906434,20000,20000,20,,
hopper-medium-replay-v2,2,adm,8,38,4,0.05327661281027658,0.2727781891919672,0.0019288330733742702,20000,20000,20,,
hopper-medium-replay-v2,2,adm,8,39,1,0.05867923626210162,0.29214182146073614,0.0020657546302307616,20000,20000,20,,
hopper-medium-replay-v2,2,adm,8,40,5,0.0635166727617859,0.311355883456157,0.00220161856554177,20000,20000,20,,
hopper-medium-replay-v2,2,adm,8,41,1,0.06835555526753978,0.32677294453014444,0.0023106336498556067,20000,20000,20,,
hopper-medium-replay-v2,2,adm,8,42,1,0.07194918048095202,0.3244873782741233,0.0022944722558707695,20000,20000,20,,
hopper-medium-replay-v2,2,adm,8,43,1,0.07553495166862806,0.3340420780581239,0.0023620341859654547,20000,20000,20,,
hopper-medium-replay-v2,2,adm,8,44,5,0.07714107267418595,0.38120879362422844,0.0026955532301963505,20000,20000,20,,
hopper-medium-replay-v2,2,adm,8,45,3,0.08538383600697844,0.41352552824492794,0.002924067052157377,20000,20000,20,,
hopper-medium-replay-v2,2,adm,8,46,2,0.0813073437816979,0.37823943569464846,0.00267455669891859,20000,20000,20,,
hopper-medium-replay-v2,2,adm,8,47,3,0.08458338221406317,0.40155774949911344,0.0028394420770883207,20000,20000,20,,
hopper-medium-replay-v2,2,adm,8,48,4,0.08404329367964938,0.4096339981779606,0.0028965497791619377,20000,20000,20,,
hopper-medium-replay-v2,2,adm,8,49,3,0.08757811678559127,0.41167995818110187,0.002911016901084514,20000,20000,20,,
hopper-medium-replay-v2,2,adm,8,50,2,0.09288662142375664,0.4507305916037999,0.0031871465781127123,20000,20000,20,,
hopper-medium-replay-v2,2,adm,8,51,5,0.0966936324699147,0.4665782208915151,0.003299206239463452,20000,20000,20,,
hopper-medium-replay-v2,2,adm,8,52,4,0.0947100917973061,0.4386192489161987,0.003101506452675943,20000,20000,20,,
hopper-medium-replay-v2,2,adm,8,53,2,0.10187639625995648,0.4904998140050401,0.0034683574465370413,20000,20000,20,,
hopper-medium-replay-v2,2,adm,8,54,4,0.1076414726678724,0.5227176257774584,0.003696171778329729,20000,20000,20,,
hopper-medium-replay-v2,2,adm,8,55,1,0.11357120375160834,0.531771746645027,0.003760194080961133,20000,20000,20,,
hopper-medium-replay-v2,2,adm,8,56,3,0.11557616360279735,0.5266656097633792,0.0037240882408143337,20000,20000,20,,
hopper-medium-replay-v2,2,adm,8,57,5,0.11281667494893018,0.5034191682483096,0.003559711076476712,20000,20000,20,,
hopper-medium-replay-v2,2,adm,8,58,3,0.12207585028297363,0.5483289323420157,0.0038772710637981892,20000,20000,20,,
hopper-medium-replay-v2,2,adm,8,59,1,0.13040627038557348,0.5955673793519493,0.004211297325932643,20000,20000,20,,
hopper-medium-replay-v2,2,adm,8,60,1,0.1351912893734236,0.6090246131654332,0.004306454338787917,20000,20000,20,,
hopper-medium-replay-v2,2,adm,8,61,4,0.12994232655634563,0.6094633189127695,0.004309556456876787,20000,20000,20,,
hopper-medium-replay-v2,2,adm,8,62,2,0.1521740076805763,0.7075017915323003,0.005002793144941206,20000,20000,20,,
hopper-medium-replay-v2,2,adm,8,63,1,0.15945319137419953,0.706720265722106,0.004997266922940599,20000,20000,20,,
hopper-medium-replay-v2,2,adm,8,64,2,0.16719650651723514,0.7333861891718721,0.005185823475919909,20000,20000,20,,
hopper-medium-replay-v2,2,adm,8,65,1,0.16970265123874287,0.7428941942110581,0.005253055224307551,20000,20000,20,,
hopper-medium-replay-v2,2,adm,8,66,2,0.17504017224308455,0.7635910567137786,0.005399404142557144,20000,20000,20,,
hopper-medium-replay-v2,2,adm,8,67,1,0.17656575712560474,0.7476997442246137,0.005287035594326714,20000,20000,20,,
hopper-medium-replay-v2,2,adm,8,68,2,0.18520057386338268,0.8019448662276256,0.005670606530472928,20000,20000,20,,
hopper-medium-replay-v2,2,adm,8,69,3,0.19094496696005178,0.8406773466815469,0.0059444865262843595,20000,20000,20,,
hopper-medium-replay-v2,2,adm,8,70,4,0.1907543543559074,0.8208376399347527,0.005804198614510253,20000,20000,20,,
hopper-medium-replay-v2,2,adm,8,71,3,0.19372000575770165,0.8238338598534201,0.005825385088734411,20000,20000,20,,
hopper-medium-replay-v2,2,adm,8,72,5,0.20334930123449577,0.8901884026279071,0.006294582560318137,20000,20000,20,,
hopper-medium-replay-v2,2,adm,8,73,2,0.21084926260159773,0.9011483973495441,0.00637208142621252,20000,20000,20,,
hopper-medium-replay-v2,2,adm,8,74,3,0.2110616701159298,0.8790869206934929,0.006216083228747695,20000,20000,20,,
hopper-medium-replay-v2,2,adm,8,75,1,0.21574529719789834,0.8691087107625648,0.006145526629685073,20000,20000,20,,
hopper-medium-replay-v2,2,adm,8,76,4,0.21023523257015608,0.8449359003761173,0.005974599048239137,20000,20000,20,,
hopper-medium-replay-v2,2,adm,8,77,1,0.2088024351010651,0.8270186816258724,0.0058479051794561275,20000,20000,20,,
hopper-medium-replay-v2,2,adm,8,78,2,0.21613605351656429,0.8436888668534759,0.0059657811896368694,20000,20000,20,,
hopper-medium-replay-v2,2,adm,8,79,4,0.2263114803156938,0.8626680091083411,0.006099983991532063,20000,20000,20,,
hopper-medium-replay-v2,2,adm,8,80,2,0.2276546552644532,0.892371128977839,0.006310016766353252,20000,20000,20,,
hopper-medium-replay-v2,2,adm,8,81,3,0.2352773588672524,0.9160429984225373,0.00647740216043034,20000,20000,20,,
hopper-medium-replay-v2,2,adm,8,82,1,0.23245180935874796,0.878413112274848,0.006211318683727251,20000,20000,20,,
hopper-medium-replay-v2,2,adm,8,83,2,0.2282138215448308,0.8529135584717138,0.006031009609612977,20000,20000,20,,
hopper-medium-replay-v2,2,adm,8,84,3,0.23734964389071703,0.8839272440417505,0.006250309483374581,20000,20000,20,,
hopper-medium-replay-v2,2,adm,8,85,2,0.2505110670610654,0.929326722483622,0.006571332274060379,20000,20000,20,,
hopper-medium-replay-v2,2,adm,8,86,2,0.26306526851475986,0.9914698988963565,0.007010750888519543,20000,20000,20,,
hopper-medium-replay-v2,2,adm,8,87,4,0.2692561784045294,1.010933365213354,0.007148378378700993,20000,20000,20,,
hopper-medium-replay-v2,2,adm,8,88,1,0.2738194559906501,1.0159916402930271,0.00718414578480043,20000,20000,20,,
hopper-medium-replay-v2,2,adm,8,89,2,0.28900633089191663,1.0844294238917407,0.0076680739935207085,20000,20000,20,,
hopper-medium-replay-v2,2,adm,8,90,3,0.29784641710229837,1.0981356685856674,0.007764991779197485,20000,20000,20,,
hopper-medium-replay-v2,2,adm,8,91,5,0.30002938418895386,1.093143430760419,0.007729691327002195,20000,20000,20,,
hopper-medium-replay-v2,2,adm,8,92,2,0.2955729038374357,1.0701717068502705,0.007567256709478083,20000,20000,20,,
hopper-medium-replay-v2,2,adm,8,93,5,0.30756266827980777,1.1285460016752562,0.007980025306655385,20000,20000,20,,
hopper-medium-replay-v2,2,adm,8,94,5,0.3204652169181398,1.1724488023533535,0.008290464987381023,20000,20000,20,,
hopper-medium-replay-v2,2,adm,8,95,4,0.3233619077165826,1.1524292901781839,0.008148905659229932,20000,20000,20,,
hopper-medium-replay-v2,2,adm,8,96,5,0.33339179490508514,1.2012203629791,0.008493910643618877,20000,20000,20,,
hopper-medium-replay-v2,2,adm,8,97,5,0.3483100985556009,1.254624711867704,0.008871536416058718,20000,20000,20,,
hopper-medium-replay-v2,2,adm,8,98,4,0.3413240853295535,1.2162665405168112,0.008600303185297399,20000,20000,20,,
hopper-medium-replay-v2,2,adm,8,99,1,0.34553253672728096,1.2159962798637167,0.008598392153892489,20000,20000,20,,
hopper-medium-replay-v2,2,adm,8,100,4,0.35543853943440434,1.2300984099533598,0.008698109272048104,20000,20000,20,,
hopper-medium-replay-v2,2,adm,9,1,1,0.003110910376033067,0.016719670635873318,0.00011822592485831618,20000,20000,20,,
hopper-medium-replay-v2,2,adm,9,2,5,0.00572184188527757,0.04046512191807021,0.00028613162109807837,20000,20000,20,,
hopper-medium-replay-v2,2,adm,9,3,4,0.003942253121438009,0.027291524838300774,0.00019298022282083572,20000,20000,20,,
hopper-medium-replay-v2,2,adm,9,4,1,0.007169219083149365,0.05040709286868468,0.00035643197187347,20000,20000,20,,
hopper-medium-replay-v2,2,adm,9,5,3,0.01059783862923544,0.08862048396447302,0.0006266414516331256,20000,20000,20,,
hopper-medium-replay-v2,2,adm,9,6,2,0.011084402635929433,0.08321988613554375,0.0005884534581601533,20000,20000,20,,
hopper-medium-replay-v2,2,adm,9,7,5,0.01084295240954074,0.07568475248411852,0.000535172017139456,20000,20000,20,,
hopper-medium-replay-v2,2,adm,9,8,5,0.011738669603725223,0.09314330036658218,0.0006586225931130569,20000,20000,20,,
hopper-medium-replay-v2,2,adm,9,9,1,0.013204276637238343,0.0857364938200151,0.000606248561752912,20000,20000,20,,
hopper-medium-replay-v2,2,adm,9,10,4,0.019485021824110826,0.15994001845093445,0.0011309467162975728,20000,20000,20,,
hopper-medium-replay-v2,2,adm,9,11,2,0.01509786369105385,0.10878175004822231,0.0007692031312843804,20000,20000,20,,
hopper-medium-replay-v2,2,adm,9,12,1,0.01837774661280139,0.12075142832890488,0.0008538415380933002,20000,20000,20,,
hopper-medium-replay-v2,2,adm,9,13,5,0.013959617243213884,0.08676944077435413,0.0006135525997131031,20000,20000,20,,
hopper-medium-replay-v2,2,adm,9,14,4,0.019866636001876155,0.14430744607592688,0.0010204077369599994,20000,20000,20,,
hopper-medium-replay-v2,2,adm,9,15,3,0.026097327361279576,0.18220990162625528,0.0012884185703925884,20000,20000,20,,
hopper-medium-replay-v2,2,adm,9,16,2,0.020979022910714292,0.14187154720095288,0.0010031833308322114,20000,20000,20,,
hopper-medium-replay-v2,2,adm,9,17,5,0.028215667422969062,0.1993712662295179,0.0014097677432464062,20000,20000,20,,
hopper-medium-replay-v2,2,adm,9,18,4,0.02195119383839584,0.14956574364812456,0.0010575895156679767,20000,20000,20,,
hopper-medium-replay-v2,2,adm,9,19,2,0.027726454164978348,0.18123327336800393,0.0012815127657515091,20000,20000,20,,
hopper-medium-replay-v2,2,adm,9,20,3,0.026426527649072638,0.16980115218198502,0.0012006754616117052,20000,20000,20,,
hopper-medium-replay-v2,2,adm,9,21,2,0.028885122767805253,0.18372357757511265,0.0012991218756721486,20000,20000,20,,
hopper-medium-replay-v2,2,adm,9,22,5,0.025233874586171216,0.1459638511706313,0.0010321202897085736,20000,20000,20,,
hopper-medium-replay-v2,2,adm,9,23,5,0.028823383566732013,0.17818323131129843,0.0012599457115395028,20000,20000,20,,
hopper-medium-replay-v2,2,adm,9,24,2,0.028308020712194674,0.16273913890297803,0.0011507394868275525,20000,20000,20,,
hopper-medium-replay-v2,2,adm,9,25,4,0.03836089805790299,0.22233038187796444,0.0015721132068970336,20000,20000,20,,
hopper-medium-replay-v2,2,adm,9,26,5,0.039510064738800164,0.2272438015935585,0.0016068563308941559,20000,20000,20,,
hopper-medium-replay-v2,2,adm,9,27,4,0.03138034418019213,0.1575456763952745,0.0011140161612571999,20000,20000,20,,
hopper-medium-replay-v2,2,adm,9,28,3,0.043523122209899075,0.23554302490444193,0.0016655407017112272,20000,20000,20,,
hopper-medium-replay-v2,2,adm,9,29,5,0.039838504295281345,0.22711977516485574,0.001605979331606335,20000,20000,20,,
hopper-medium-replay-v2,2,adm,9,30,4,0.04169530947558993,0.22456349911259313,0.0015879037302949383,20000,20000,20,,
hopper-medium-replay-v2,2,adm,9,31,5,0.04062110093972152,0.2096588278731076,0.0014825117892469752,20000,20000,20,,
hopper-medium-replay-v2,2,adm,9,32,2,0.043554486068581866,0.21330170606903168,0.0015082708280007204,20000,20000,20,,
hopper-medium-replay-v2,2,adm,9,33,5,0.04793188163651505,0.2542183449812503,0.001797595156382632,20000,20000,20,,
hopper-medium-replay-v2,2,adm,9,34,2,0.05082984663452642,0.2545579547196253,0.0017999965598722513,20000,20000,20,,
hopper-medium-replay-v2,2,adm,9,35,2,0.05097154398185556,0.25284685208929986,0.001787897237140159,20000,20000,20,,
hopper-medium-replay-v2,2,adm,9,36,3,0.052794801340797164,0.26599985415161065,0.001880903006652365,20000,20000,20,,
hopper-medium-replay-v2,2,adm,9,37,5,0.05542572775766507,0.2775132892008282,0.001962315286632891,20000,20000,20,,
hopper-medium-replay-v2,2,adm,9,38,2,0.059701351439732875,0.31395092915713646,0.0022199683096682855,20000,20000,20,,
hopper-medium-replay-v2,2,adm,9,39,4,0.060284532040319576,0.2986615182899889,0.0021118558486232122,20000,20000,20,,
hopper-medium-replay-v2,2,adm,9,40,2,0.06499358635357418,0.30796004749632727,0.0021776063791918428,20000,20000,20,,
hopper-medium-replay-v2,2,adm,9,41,2,0.06801503237809865,0.3209116860435016,0.0022691882936336834,20000,20000,20,,
hopper-medium-replay-v2,2,adm,9,42,5,0.06650622808023444,0.32301873151144533,0.002284087355020197,20000,20000,20,,
hopper-medium-replay-v2,2,adm,9,43,3,0.07466255168799764,0.3521869450768185,0.0024903377710919256,20000,20000,20,,
hopper-medium-replay-v2,2,adm,9,44,3,0.07594499188376962,0.36042068074208816,0.0025485590743260225,20000,20000,20,,
hopper-medium-replay-v2,2,adm,9,45,4,0.07597018666517313,0.36853339001741264,0.002605924591749792,20000,20000,20,,
hopper-medium-replay-v2,2,adm,9,46,4,0.07370524456275969,0.35943410305983425,0.002541582916633132,20000,20000,20,,
hopper-medium-replay-v2,2,adm,9,47,4,0.08648864475878704,0.4187545768296661,0.0029610420092916,20000,20000,20,,
hopper-medium-replay-v2,2,adm,9,48,3,0.08664006016448941,0.42318864210445234,0.0029923955855318514,20000,20000,20,,
hopper-medium-replay-v2,2,adm,9,49,5,0.09312823471832647,0.4609730493341332,0.003259571691284065,20000,20000,20,,
hopper-medium-replay-v2,2,adm,9,50,1,0.09559105679497182,0.4685309537876784,0.0033130141461906832,20000,20000,20,,
hopper-medium-replay-v2,2,adm,9,51,2,0.09851112737300363,0.4865102094067177,0.0034401466818797734,20000,20000,20,,
hopper-medium-replay-v2,2,adm,9,52,4,0.0979552912363174,0.46171984964794943,0.0032648523669449817,20000,20000,20,,
hopper-medium-replay-v2,2,adm,9,53,2,0.09913532611883272,0.4600728326771947,0.003253206198257482,20000,20000,20,,
hopper-medium-replay-v2,2,adm,9,54,1,0.1056984084787141,0.4875925121937885,0.003447799718280122,20000,20000,20,,
hopper-medium-replay-v2,2,adm,9,55,3,0.11321770274646167,0.5162782376350411,0.003650638428107774,20000,20000,20,,
hopper-medium-replay-v2,2,adm,9,56,5,0.11483800253809417,0.5229262546628198,0.0036976470073256337,20000,20000,20,,
hopper-medium-replay-v2,2,adm,9,57,2,0.12110368532356611,0.546963075751727,0.003867612999226974,20000,20000,20,,
hopper-medium-replay-v2,2,adm,9,58,4,0.12911353289354982,0.5942070613512584,0.004201678425104057,20000,20000,20,,
hopper-medium-replay-v2,2,adm,9,59,1,0.13635418942469307,0.6157214346021943,0.004353808017291209,20000,20000,20,,
hopper-medium-replay-v2,2,adm,9,60,3,0.13382741104284698,0.6183031559630553,0.004372063544105199,20000,20000,20,,
hopper-medium-replay-v2,2,adm,9,61,1,0.1386568413826059,0.6330937028625195,0.004476648504205887,20000,20000,20,,
hopper-medium-replay-v2,2,adm,9,62,5,0.1496610348298938,0.7077207935848842,0.005004341723305964,20000,20000,20,,
hopper-medium-replay-v2,2,adm,9,63,1,0.15226659066707426,0.6835288339088057,0.004833278735934498,20000,20000,20,,
hopper-medium-replay-v2,2,adm,9,64,4,0.15825648963682587,0.7130496717185221,0.0050420225819500855,20000,20000,20,,
hopper-medium-replay-v2,2,adm,9,65,1,0.16118644588901201,0.7195561827630567,0.005088030562764641,20000,20000,20,,
hopper-medium-replay-v2,2,adm,9,66,4,0.1617560861527036,0.7386012895592564,0.005222699804404789,20000,20000,20,,
hopper-medium-replay-v2,2,adm,9,67,5,0.16030604238228408,0.7185838492547114,0.005081155126591383,20000,20000,20,,
hopper-medium-replay-v2,2,adm,9,68,3,0.17561067789945017,0.7728809938099765,0.005465093917732325,20000,20000,20,,
hopper-medium-replay-v2,2,adm,9,69,1,0.1763560881004495,0.7463557695320318,0.005277532258138037,20000,20000,20,,
hopper-medium-replay-v2,2,adm,9,70,3,0.17050881770618814,0.7204468827893038,0.005094328763050265,20000,20000,20,,
hopper-medium-replay-v2,2,adm,9,71,1,0.17670479442757323,0.7388842291345137,0.005224700489328094,20000,20000,20,,
hopper-medium-replay-v2,2,adm,9,72,5,0.18026185430207248,0.7890019032812683,0.005579085961792773,20000,20000,20,,
hopper-medium-replay-v2,2,adm,9,73,4,0.20513027707160408,0.8902533747365565,0.006295041982504277,20000,20000,20,,
hopper-medium-replay-v2,2,adm,9,74,1,0.21262744792198446,0.8858773178762639,0.006264098587696569,20000,20000,20,,
hopper-medium-replay-v2,2,adm,9,75,2,0.21831068302525142,0.9152600287529502,0.006471865728802055,20000,20000,20,,
hopper-medium-replay-v2,2,adm,9,76,5,0.2206516989536869,0.9381251065113198,0.006633546244155063,20000,20000,20,,
hopper-medium-replay-v2,2,adm,9,77,4,0.22284846682734938,0.9383637705343455,0.006635233853646131,20000,20000,20,,
hopper-medium-replay-v2,2,adm,9,78,3,0.2294773188504933,0.9491423752553445,0.006711450098545608,20000,20000,20,,
hopper-medium-replay-v2,2,adm,9,79,5,0.22772775110827642,0.8951129587797323,0.006329404430811033,20000,20000,20,,
hopper-medium-replay-v2,2,adm,9,80,5,0.23177949597801042,0.9128919494987258,0.006455120879811562,20000,20000,20,,
hopper-medium-replay-v2,2,adm,9,81,1,0.2381518060930703,0.9321617353754538,0.006591378842466034,20000,20000,20,,
hopper-medium-replay-v2,2,adm,9,82,3,0.238379782464447,0.9486869202229409,0.006708229545126227,20000,20000,20,,
hopper-medium-replay-v2,2,adm,9,83,1,0.23308831623251308,0.9059390441630158,0.006405956414693276,20000,20000,20,,
hopper-medium-replay-v2,2,adm,9,84,5,0.23365900790643512,0.9046077206753922,0.0063965425360327606,20000,20000,20,,
hopper-medium-replay-v2,2,adm,9,85,3,0.24841949425803164,0.9545958706187013,0.006750012134071598,20000,20000,20,,
hopper-medium-replay-v2,2,adm,9,86,5,0.2537694186998765,0.9657295084923857,0.006828738842469174,20000,20000,20,,
hopper-medium-replay-v2,2,adm,9,87,5,0.2603137448820792,0.980479444571853,0.006933036640707769,20000,20000,20,,
hopper-medium-replay-v2,2,adm,9,88,4,0.26700481250557845,1.02342084347935,0.007236678184319046,20000,20000,20,,
hopper-medium-replay-v2,2,adm,9,89,4,0.2848081881390432,1.0671559147627696,0.007545931839120877,20000,20000,20,,
hopper-medium-replay-v2,2,adm,9,90,3,0.29080587675041664,1.0904009460384174,0.0077102990315599165,20000,20000,20,,
hopper-medium-replay-v2,2,adm,9,91,4,0.29163978964149484,1.1073411690290984,0.007830084497075144,20000,20000,20,,
hopper-medium-replay-v2,2,adm,9,92,1,0.2941177949886337,1.0867841115413306,0.0076847241495667205,20000,20000,20,,
hopper-medium-replay-v2,2,adm,9,93,2,0.31019796408910333,1.1590721331706948,0.008195877652493553,20000,20000,20,,
hopper-medium-replay-v2,2,adm,9,94,5,0.3224356750363318,1.216642493754347,0.008602961576134105,20000,20000,20,,
hopper-medium-replay-v2,2,adm,9,95,1,0.33051951974179655,1.2049831425249482,0.00852051751294867,20000,20000,20,,
hopper-medium-replay-v2,2,adm,9,96,1,0.33517427525369486,1.1938030616616602,0.00844146240302222,20000,20000,20,,
hopper-medium-replay-v2,2,adm,9,97,1,0.33628841574569757,1.1761983237010445,0.008316978107092584,20000,20000,20,,
hopper-medium-replay-v2,2,adm,9,98,4,0.3378666623822747,1.219865188351512,0.00862574946816759,20000,20000,20,,
hopper-medium-replay-v2,2,adm,9,99,5,0.34555706549222615,1.232973794595152,0.008718441311835414,20000,20000,20,,
hopper-medium-replay-v2,2,adm,9,100,5,0.35671784938427553,1.2731184821232993,0.009002307119633093,20000,20000,20,,
hopper-medium-replay-v2,2,adm,10,1,3,0.0027769441473874485,0.016628990458628163,0.0001175847191758237,20000,20000,20,,
hopper-medium-replay-v2,2,adm,10,2,4,0.004306403997689874,0.030556989859975594,0.00021607054742637312,20000,20000,20,,
hopper-medium-replay-v2,2,adm,10,3,1,0.007146470761233553,0.04673285063103278,0.00033045115585381303,20000,20000,20,,
hopper-medium-replay-v2,2,adm,10,4,3,0.008250837525200503,0.06888667350580971,0.0004871023396934173,20000,20000,20,,
hopper-medium-replay-v2,2,adm,10,5,2,0.01172510267818252,0.09137951888526565,0.0006461507746533552,20000,20000,20,,
hopper-medium-replay-v2,2,adm,10,6,3,0.013747403935745597,0.11247977427412917,0.000795352111355689,20000,20000,20,,
hopper-medium-replay-v2,2,adm,10,7,3,0.015304350542466193,0.13031952983120018,0.0009214982326468422,20000,20000,20,,
hopper-medium-replay-v2,2,adm,10,8,5,0.014657727125363985,0.1141821640309906,0.0008073898247686815,20000,20000,20,,
hopper-medium-replay-v2,2,adm,10,9,5,0.015231916150321797,0.11774302349862255,0.0008325689035328302,20000,20000,20,,
hopper-medium-replay-v2,2,adm,10,10,4,0.017817833378134643,0.15672518237171146,0.0011082143923773552,20000,20000,20,,
hopper-medium-replay-v2,2,adm,10,11,1,0.0208685314822563,0.16326063287816744,0.001154427006089596,20000,20000,20,,
hopper-medium-replay-v2,2,adm,10,12,4,0.016601609329738667,0.1147202353735512,0.0008111945637195489,20000,20000,20,,
hopper-medium-replay-v2,2,adm,10,13,4,0.01732018370807728,0.127571338718595,0.0009020655869296448,20000,20000,20,,
hopper-medium-replay-v2,2,adm,10,14,1,0.018911562776504777,0.12133007083731684,0.000857933158509109,20000,20000,20,,
hopper-medium-replay-v2,2,adm,10,15,3,0.019469839240451443,0.12882861704402462,0.0009109558872271464,20000,20000,20,,
hopper-medium-replay-v2,2,adm,10,16,3,0.018943208677414117,0.11898785693730571,0.0008413712051922364,20000,20000,20,,
hopper-medium-replay-v2,2,adm,10,17,4,0.020607973263576843,0.14155508989728538,0.0010009456397784184,20000,20000,20,,
hopper-medium-replay-v2,2,adm,10,18,1,0.022880417251748882,0.13968529250352227,0.00098772417561267,20000,20000,20,,
hopper-medium-replay-v2,2,adm,10,19,2,0.023898475854098676,0.14566285233175214,0.0010299919065075663,20000,20000,20,,
hopper-medium-replay-v2,2,adm,10,20,5,0.02642834796671698,0.17176122305965597,0.0012145352557037792,20000,20000,20,,
hopper-medium-replay-v2,2,adm,10,21,5,0.0247373610146717,0.15858388343969293,0.001121357393671039,20000,20000,20,,
hopper-medium-replay-v2,2,adm,10,22,3,0.027454366227061537,0.16445607686021244,0.0011628800715519226,20000,20000,20,,
hopper-medium-replay-v2,2,adm,10,23,2,0.02609133188377621,0.13989344937629963,0.0009891960669755847,20000,20000,20,,
hopper-medium-replay-v2,2,adm,10,24,4,0.027056434851173507,0.1427426273969488,0.0010093427979676714,20000,20000,20,,
hopper-medium-replay-v2,2,adm,10,25,5,0.02920333457076303,0.16043579548271852,0.0011344523893088833,20000,20000,20,,
hopper-medium-replay-v2,2,adm,10,26,1,0.033539340773454315,0.18062984646747265,0.0012772458932183487,20000,20000,20,,
hopper-medium-replay-v2,2,adm,10,27,3,0.03495806377402338,0.1908363643197313,0.001349416873074685,20000,20000,20,,
hopper-medium-replay-v2,2,adm,10,28,3,0.03651779696013112,0.2039154213642977,0.0014418997723520707,20000,20000,20,,
hopper-medium-replay-v2,2,adm,10,29,2,0.041053008644495785,0.23188757380101988,0.0016396927590759715,20000,20000,20,,
hopper-medium-replay-v2,2,adm,10,30,3,0.04068054788162427,0.21873934354283556,0.0015467207313143287,20000,20000,20,,
hopper-medium-replay-v2,2,adm,10,31,3,0.0408670782513178,0.21965180461105632,0.0015531728054034048,20000,20000,20,,
hopper-medium-replay-v2,2,adm,10,32,1,0.0457192313155421,0.2494842081395369,0.0017641197537442259,20000,20000,20,,
hopper-medium-replay-v2,2,adm,10,33,5,0.04295737740715219,0.23118798805500831,0.0016347459408257092,20000,20000,20,,
hopper-medium-replay-v2,2,adm,10,34,4,0.04743463783074754,0.24377108771925457,0.0017237218918350562,20000,20000,20,,
hopper-medium-replay-v2,2,adm,10,35,2,0.04816861757536494,0.2574582138751793,0.0018205044890331576,20000,20000,20,,
hopper-medium-replay-v2,2,adm,10,36,1,0.05227298758093725,0.2561283393198133,0.0018111008558708904,20000,20000,20,,
hopper-medium-replay-v2,2,adm,10,37,5,0.05568592114902302,0.27845839038722414,0.0019689981612109712,20000,20000,20,,
hopper-medium-replay-v2,2,adm,10,38,1,0.05870998665527934,0.28372494751119387,0.0020062383437696243,20000,20000,20,,
hopper-medium-replay-v2,2,adm,10,39,3,0.06171723847915261,0.3128421917824265,0.0022121283525061617,20000,20000,20,,
hopper-medium-replay-v2,2,adm,10,40,1,0.0660882658492625,0.32735284890618904,0.0023147341930230157,20000,20000,20,,
hopper-medium-replay-v2,2,adm,10,41,2,0.07227749085294322,0.3660068198288595,0.002588059042615095,20000,20000,20,,
hopper-medium-replay-v2,2,adm,10,42,4,0.06606767470201287,0.3279080560182233,0.00231866010016184,20000,20000,20,,
hopper-medium-replay-v2,2,adm,10,43,1,0.06764936452354063,0.318883257693299,0.0022548451392178904,20000,20000,20,,
hopper-medium-replay-v2,2,adm,10,44,1,0.07490957905493155,0.35422889126578555,0.0025047765110622917,20000,20000,20,,
hopper-medium-replay-v2,2,adm,10,45,3,0.07729141931356018,0.3706342831519195,0.002620780149569372,20000,20000,20,,
hopper-medium-replay-v2,2,adm,10,46,5,0.08250070027130763,0.39693447096498335,0.0028067505610603447,20000,20000,20,,
hopper-medium-replay-v2,2,adm,10,47,4,0.07971916783582934,0.35534538058019854,0.002512671282715729,20000,20000,20,,
hopper-medium-replay-v2,2,adm,10,48,5,0.08148579884047051,0.38608125810672217,0.0027300067569629694,20000,20000,20,,
hopper-medium-replay-v2,2,adm,10,49,1,0.08580481410055465,0.4003731234534164,0.0028310655059874948,20000,20000,20,,
hopper-medium-replay-v2,2,adm,10,50,5,0.08818787702025431,0.40019396661190965,0.002829798675812241,20000,20000,20,,
hopper-medium-replay-v2,2,adm,10,51,4,0.09342553218013824,0.42139928128390575,0.0029797428938298713,20000,20000,20,,
hopper-medium-replay-v2,2,adm,10,52,4,0.0923945661598649,0.4099279388782178,0.002898628253786124,20000,20000,20,,
hopper-medium-replay-v2,2,adm,10,53,4,0.09671975647772837,0.4275565563502497,0.003023281403360298,20000,20000,20,,
hopper-medium-replay-v2,2,adm,10,54,1,0.1029781578394178,0.4504322584710039,0.0031850370443001854,20000,20000,20,,
hopper-medium-replay-v2,2,adm,10,55,2,0.1133404459870788,0.5113404849945102,0.0036157232443483622,20000,20000,20,,
hopper-medium-replay-v2,2,adm,10,56,5,0.11356999362368762,0.5266353903122432,0.0037238745570261135,20000,20000,20,,
hopper-medium-replay-v2,2,adm,10,57,1,0.11448643242315143,0.5315885192851257,0.003758898467874282,20000,20000,20,,
hopper-medium-replay-v2,2,adm,10,58,3,0.12751734589355676,0.6078199865527227,0.004297936342321463,20000,20000,20,,
hopper-medium-replay-v2,2,adm,10,59,4,0.13301102587739957,0.6311957901197163,0.004463228234500522,20000,20000,20,,
hopper-medium-replay-v2,2,adm,10,60,4,0.1325564275759361,0.625038770615296,0.004419691532065788,20000,20000,20,,
hopper-medium-replay-v2,2,adm,10,61,3,0.1441801822632478,0.681808806624099,0.004821116306366079,20000,20000,20,,
hopper-medium-replay-v2,2,adm,10,62,2,0.13542203116006618,0.6242632455934962,0.004414207742046843,20000,20000,20,,
hopper-medium-replay-v2,2,adm,10,63,2,0.15304331773167296,0.6961199707288135,0.00492231151821725,20000,20000,20,,
hopper-medium-replay-v2,2,adm,10,64,2,0.15355423203676308,0.6999055996237756,0.004949079956844084,20000,20000,20,,
hopper-medium-replay-v2,2,adm,10,65,4,0.16260283507440598,0.7308774207790588,0.005168083804490062,20000,20000,20,,
hopper-medium-replay-v2,2,adm,10,66,2,0.16261423849317574,0.7240374455561877,0.00511971787585766,20000,20000,20,,
hopper-medium-replay-v2,2,adm,10,67,4,0.17215434938004642,0.761810125847587,0.005386811059634059,20000,20000,20,,
hopper-medium-replay-v2,2,adm,10,68,2,0.1798160107779412,0.8170328923111321,0.005777294986056597,20000,20000,20,,
hopper-medium-replay-v2,2,adm,10,69,2,0.18483182484248858,0.8388812370512874,0.005931786113291249,20000,20000,20,,
hopper-medium-replay-v2,2,adm,10,70,5,0.17878575944064107,0.8109672315029876,0.005734404287158433,20000,20000,20,,
hopper-medium-replay-v2,2,adm,10,71,1,0.17401615211483087,0.7532560527195333,0.005326324628477936,20000,20000,20,,
hopper-medium-replay-v2,2,adm,10,72,3,0.18583703367791846,0.7901992668941251,0.005587552601094743,20000,20000,20,,
hopper-medium-replay-v2,2,adm,10,73,3,0.18082026505514764,0.769755355989228,0.0054429923207464795,20000,20000,20,,
hopper-medium-replay-v2,2,adm,10,74,3,0.18977580265388425,0.7897487043747402,0.005584366642966688,20000,20000,20,,
hopper-medium-replay-v2,2,adm,10,75,3,0.20140553675845532,0.840289845475853,0.0059417464789817175,20000,20000,20,,
hopper-medium-replay-v2,2,adm,10,76,1,0.20862710344004298,0.8337000226233662,0.0058951493947236025,20000,20000,20,,
hopper-medium-replay-v2,2,adm,10,77,1,0.21399983802362157,0.8383909549910288,0.00592831929559622,20000,20000,20,,
hopper-medium-replay-v2,2,adm,10,78,3,0.21699352037845443,0.8667332330900971,0.006128729465977482,20000,20000,20,,
hopper-medium-replay-v2,2,adm,10,79,2,0.23146128108729466,0.9121710254524631,0.006450023176993234,20000,20000,20,,
hopper-medium-replay-v2,2,adm,10,80,3,0.24307859191866277,0.9653519850850474,0.0068260693488553185,20000,20000,20,,
hopper-medium-replay-v2,2,adm,10,81,1,0.24835519242167867,0.9679260220143638,0.006844270538532761,20000,20000,20,,
hopper-medium-replay-v2,2,adm,10,82,3,0.254814377914479,0.9854834691610184,0.006968420437909999,20000,20000,20,,
hopper-medium-replay-v2,2,adm,10,83,5,0.2409510686004391,0.9435407102075757,0.006671840345133478,20000,20000,20,,
hopper-medium-replay-v2,2,adm,10,84,4,0.2518908198621583,0.9751118762781493,0.006895082201318171,20000,20000,20,,
hopper-medium-replay-v2,2,adm,10,85,1,0.2625644327940547,0.9943736247868689,0.007031283331198426,20000,20000,20,,
hopper-medium-replay-v2,2,adm,10,86,2,0.26721463624656827,1.0108754864600542,0.007147969114111543,20000,20000,20,,
hopper-medium-replay-v2,2,adm,10,87,3,0.267522792649907,0.9967308552019039,0.00704795146731133,20000,20000,20,,
hopper-medium-replay-v2,2,adm,10,88,5,0.2648057775150669,0.9939985486095311,0.007028631142113855,20000,20000,20,,
hopper-medium-replay-v2,2,adm,10,89,1,0.26726528973397945,0.994241527014115,0.007030349258889486,20000,20000,20,,
hopper-medium-replay-v2,2,adm,10,90,5,0.28609878695533947,1.0432338457793118,0.007376777267138723,20000,20000,20,,
hopper-medium-replay-v2,2,adm,10,91,4,0.28936013727098714,1.0662373201919162,0.0075394363946187605,20000,20000,20,,
hopper-medium-replay-v2,2,adm,10,92,5,0.30086125380039125,1.1005594450395952,0.007782130466864012,20000,20000,20,,
hopper-medium-replay-v2,2,adm,10,93,4,0.3048300387758862,1.119133175919232,0.007913466577433264,20000,20000,20,,
hopper-medium-replay-v2,2,adm,10,94,2,0.3183059267386086,1.1726302901021233,0.008291748299559597,20000,20000,20,,
hopper-medium-replay-v2,2,adm,10,95,2,0.3193616516237526,1.183242169969206,0.00836678562171111,20000,20000,20,,
hopper-medium-replay-v2,2,adm,10,96,2,0.3312861714716836,1.2171827155013455,0.008606781520740577,20000,20000,20,,
hopper-medium-replay-v2,2,adm,10,97,4,0.3306956112287766,1.2158228445444161,0.008597165780988743,20000,20000,20,,
hopper-medium-replay-v2,2,adm,10,98,2,0.3343336937721395,1.1797641843845146,0.008342192549793067,20000,20000,20,,
hopper-medium-replay-v2,2,adm,10,99,3,0.3447714097058719,1.2068729281111459,0.00853388031497856,20000,20000,20,,
hopper-medium-replay-v2,2,adm,10,100,4,0.3637782659858561,1.2910119026559506,0.009128832709605695,20000,20000,20,,
hopper-medium-replay-v2,2,adm,11,1,4,0.003951678027864168,0.026901486877562993,0.00019022223795125715,20000,20000,20,,
hopper-medium-replay-v2,2,adm,11,2,4,0.004119899431747584,0.028445123001935576,0.0002011373936635409,20000,20000,20,,
hopper-medium-replay-v2,2,adm,11,3,1,0.0072335548846319785,0.04693817293194603,0.0003319030037668589,20000,20000,20,,
hopper-medium-replay-v2,2,adm,11,4,5,0.005585618429188109,0.03820275705002225,0.00027013428570092917,20000,20000,20,,
hopper-medium-replay-v2,2,adm,11,5,3,0.009304184207294898,0.07505410422552354,0.000530712660537496,20000,20000,20,,
hopper-medium-replay-v2,2,adm,11,6,5,0.01194787916876665,0.09686857843008796,0.0006849642869181613,20000,20000,20,,
hopper-medium-replay-v2,2,adm,11,7,5,0.011519467004956228,0.09399510292795697,0.0006646457467868588,20000,20000,20,,
hopper-medium-replay-v2,2,adm,11,8,4,0.010866392397454178,0.08495415207285635,0.0006007165702066992,20000,20000,20,,
hopper-medium-replay-v2,2,adm,11,9,5,0.011113504377312003,0.07591665155363572,0.0005368117911855206,20000,20000,20,,
hopper-medium-replay-v2,2,adm,11,10,3,0.013189483050735936,0.10360423203478733,0.0007325925503142266,20000,20000,20,,
hopper-medium-replay-v2,2,adm,11,11,2,0.013628489137791109,0.0973390240362145,0.0006882908397008761,20000,20000,20,,
hopper-medium-replay-v2,2,adm,11,12,1,0.01677419967625292,0.10543157081140299,0.0007455137867189273,20000,20000,20,,
hopper-medium-replay-v2,2,adm,11,13,2,0.017620843206872697,0.11826415124524178,0.0008362538331678194,20000,20000,20,,
hopper-medium-replay-v2,2,adm,11,14,2,0.0208518175809661,0.13858706528860193,0.0009799585365031322,20000,20000,20,,
hopper-medium-replay-v2,2,adm,11,15,2,0.02170258187186284,0.14252188137682464,0.0010077818878901743,20000,20000,20,,
hopper-medium-replay-v2,2,adm,11,16,3,0.02402865543772525,0.16171860203216584,0.0011435232014095306,20000,20000,20,,
hopper-medium-replay-v2,2,adm,11,17,1,0.026671847841660105,0.1785154300986955,0.0012622947116922069,20000,20000,20,,
hopper-medium-replay-v2,2,adm,11,18,1,0.029744043349585827,0.2003521345719213,0.0014167035298100527,20000,20000,20,,
hopper-medium-replay-v2,2,adm,11,19,5,0.029820753060260313,0.21117331191268698,0.001493220808590829,20000,20000,20,,
hopper-medium-replay-v2,2,adm,11,20,4,0.02846798058002102,0.1838608365157454,0.0013000924429491475,20000,20000,20,,
hopper-medium-replay-v2,2,adm,11,21,1,0.03030331501181721,0.18311264120250254,0.0012948019031526873,20000,20000,20,,
hopper-medium-replay-v2,2,adm,11,22,2,0.029605005360351624,0.18089826524216154,0.0012791439005761516,20000,20000,20,,
hopper-medium-replay-v2,2,adm,11,23,5,0.03517425642583351,0.22477034200934745,0.001589366330444291,20000,20000,20,,
hopper-medium-replay-v2,2,adm,11,24,5,0.028232199769455797,0.16035583213043625,0.0011338869630224313,20000,20000,20,,
hopper-medium-replay-v2,2,adm,11,25,4,0.032825250251525516,0.1884209027996327,0.0013323369808691161,20000,20000,20,,
hopper-medium-replay-v2,2,adm,11,26,2,0.031517395070056534,0.16862375063202764,0.0011923499754101612,20000,20000,20,,
hopper-medium-replay-v2,2,adm,11,27,4,0.035993880850108524,0.19199239172926166,0.0013575912212798495,20000,20000,20,,
hopper-medium-replay-v2,2,adm,11,28,4,0.036316645414502316,0.20853736987936505,0.0014745818837250632,20000,20000,20,,
hopper-medium-replay-v2,2,adm,11,29,3,0.04069429832626825,0.23206742328839275,0.0016409644869971143,20000,20000,20,,
hopper-medium-replay-v2,2,adm,11,30,5,0.041096449223482,0.22307172857758853,0.001577355319682178,20000,20000,20,,
hopper-medium-replay-v2,2,adm,11,31,1,0.04084112924831622,0.21688118869969789,0.001533581592413556,20000,20000,20,,
hopper-medium-replay-v2,2,adm,11,32,5,0.04191504241955598,0.20763760862097627,0.0014682196108525066,20000,20000,20,,
hopper-medium-replay-v2,2,adm,11,33,5,0.04264072402157732,0.2273676042177996,0.0016077317476454517,20000,20000,20,,
hopper-medium-replay-v2,2,adm,11,34,5,0.05069384844041517,0.2802592440616155,0.00198173211966184,20000,20000,20,,
hopper-medium-replay-v2,2,adm,11,35,2,0.04840226885999143,0.24974600047221376,0.0017659709050812105,20000,20000,20,,
hopper-medium-replay-v2,2,adm,11,36,5,0.04990437503597614,0.2398608834349705,0.0016960725721826366,20000,20000,20,,
hopper-medium-replay-v2,2,adm,11,37,2,0.05443592917355055,0.2753856548282657,0.0019472706397056457,20000,20000,20,,
hopper-medium-replay-v2,2,adm,11,38,4,0.055082506897075334,0.282898604557993,0.0020003952167116836,20000,20000,20,,
hopper-medium-replay-v2,2,adm,11,39,4,0.0582200812788921,0.30475281612733374,0.002154927828693347,20000,20000,20,,
hopper-medium-replay-v2,2,adm,11,40,4,0.061189343635758245,0.3129283771443644,0.002212737775044815,20000,20000,20,,
hopper-medium-replay-v2,2,adm,11,41,4,0.067884273542245,0.34495795964491766,0.0024392211248919667,20000,20000,20,,
hopper-medium-replay-v2,2,adm,11,42,2,0.06367076239267093,0.31938555338805485,0.002258396906137117,20000,20000,20,,
hopper-medium-replay-v2,2,adm,11,43,4,0.06492819458460165,0.30720233849251927,0.002172248567444255,20000,20000,20,,
hopper-medium-replay-v2,2,adm,11,44,4,0.06806308274082107,0.3413251957790288,0.002413533605251772,20000,20000,20,,
hopper-medium-replay-v2,2,adm,11,45,1,0.07177595639627733,0.3586630033421344,0.002536130418239566,20000,20000,20,,
hopper-medium-replay-v2,2,adm,11,46,2,0.07273700718310941,0.354625504476337,0.0025075809899691827,20000,20000,20,,
hopper-medium-replay-v2,2,adm,11,47,4,0.07135280334921491,0.319978538175361,0.002262589941779563,20000,20000,20,,
hopper-medium-replay-v2,2,adm,11,48,4,0.07491082512513635,0.3577021805133769,0.002529336374862233,20000,20000,20,,
hopper-medium-replay-v2,2,adm,11,49,3,0.08335289194010788,0.40105253611893477,0.0028358696790176155,20000,20000,20,,
hopper-medium-replay-v2,2,adm,11,50,2,0.08881035496172629,0.43215420637117746,0.003055791698433503,20000,20000,20,,
hopper-medium-replay-v2,2,adm,11,51,1,0.09120897444017699,0.4396777917140754,0.003108991480581491,20000,20000,20,,
hopper-medium-replay-v2,2,adm,11,52,3,0.09522568801586115,0.45037905123980837,0.0031846608123603203,20000,20000,20,,
hopper-medium-replay-v2,2,adm,11,53,4,0.09944311831724288,0.4655901872881805,0.0032922197868538714,20000,20000,20,,
hopper-medium-replay-v2,2,adm,11,54,1,0.10316111436728503,0.46815065874872736,0.0033103250541817444,20000,20000,20,,
hopper-medium-replay-v2,2,adm,11,55,4,0.10893650370494339,0.5047039344113576,0.0035687957451380147,20000,20000,20,,
hopper-medium-replay-v2,2,adm,11,56,2,0.11450831902554337,0.5292236542602802,0.00374217634691769,20000,20000,20,,
hopper-medium-replay-v2,2,adm,11,57,2,0.12013728396955561,0.5556047462129007,0.003928718837065728,20000,20000,20,,
hopper-medium-replay-v2,2,adm,11,58,3,0.12176875540944834,0.5650550462710828,0.003995542549619611,20000,20000,20,,
hopper-medium-replay-v2,2,adm,11,59,5,0.1233896740549143,0.5902138022012524,0.004173441818864012,20000,20000,20,,
hopper-medium-replay-v2,2,adm,11,60,5,0.1274798451216078,0.6082894471659804,0.004301255930152808,20000,20000,20,,
hopper-medium-replay-v2,2,adm,11,61,4,0.12989943974352727,0.6065699360034619,0.00428909715011938,20000,20000,20,,
hopper-medium-replay-v2,2,adm,11,62,5,0.13391327600733122,0.618266473137396,0.004371804157357432,20000,20000,20,,
hopper-medium-replay-v2,2,adm,11,63,4,0.1369155160734832,0.6138936519316591,0.004340883642082502,20000,20000,20,,
hopper-medium-replay-v2,2,adm,11,64,4,0.13985338271166955,0.6283433495590867,0.004443058433866994,20000,20000,20,,
hopper-medium-replay-v2,2,adm,11,65,5,0.14378469912386946,0.6556557654532604,0.004636186378760569,20000,20000,20,,
hopper-medium-replay-v2,2,adm,11,66,3,0.15232838015667927,0.6954195262827657,0.004917358628040801,20000,20000,20,,
hopper-medium-replay-v2,2,adm,11,67,4,0.15163203347465112,0.6836063911655351,0.004833827148556134,20000,20000,20,,
hopper-medium-replay-v2,2,adm,11,68,3,0.15172797376446423,0.6899664027586184,0.004878799221815077,20000,20000,20,,
hopper-medium-replay-v2,2,adm,11,69,4,0.16205491848906803,0.7355108386112146,0.005200847016181942,20000,20000,20,,
hopper-medium-replay-v2,2,adm,11,70,2,0.16955310756628977,0.7686032011554095,0.005434845355786781,20000,20000,20,,
hopper-medium-replay-v2,2,adm,11,71,5,0.18244185873762198,0.8324449732588397,0.005886274855559798,20000,20000,20,,
hopper-medium-replay-v2,2,adm,11,72,3,0.17702186885913335,0.7944705175815563,0.005617754904347047,20000,20000,20,,
hopper-medium-replay-v2,2,adm,11,73,2,0.18562013734282068,0.8319988437308661,0.00588312024341462,20000,20000,20,,
hopper-medium-replay-v2,2,adm,11,74,3,0.1917600420458409,0.8441407776039476,0.005968976681198366,20000,20000,20,,
hopper-medium-replay-v2,2,adm,11,75,3,0.1946817409864752,0.8234654663892551,0.005822780153567853,20000,20000,20,,
hopper-medium-replay-v2,2,adm,11,76,2,0.19987132823375778,0.8520324400238902,0.006024779161318131,20000,20000,20,,
hopper-medium-replay-v2,2,adm,11,77,3,0.1990502038074718,0.8377435678621633,0.005923741577307483,20000,20000,20,,
hopper-medium-replay-v2,2,adm,11,78,5,0.20062430624642985,0.8166014791722883,0.005774244434496903,20000,20000,20,,
hopper-medium-replay-v2,2,adm,11,79,3,0.21124631533083907,0.8738809115032553,0.00617927118473433,20000,20000,20,,
hopper-medium-replay-v2,2,adm,11,80,2,0.2141141813616482,0.8700093889215051,0.006151895386023606,20000,20000,20,,
hopper-medium-replay-v2,2,adm,11,81,2,0.21775933569407788,0.8646174529568298,0.006113768641180151,20000,20000,20,,
hopper-medium-replay-v2,2,adm,11,82,1,0.21889666280725495,0.867208229124287,0.006132088195145605,20000,20000,20,,
hopper-medium-replay-v2,2,adm,11,83,5,0.21527477163614162,0.8829374822126017,0.006243310810363074,20000,20000,20,,
hopper-medium-replay-v2,2,adm,11,84,3,0.23740503866468288,0.9440362050669217,0.006675344022884344,20000,20000,20,,
hopper-medium-replay-v2,2,adm,11,85,3,0.24706422355479535,0.9704271018600299,0.006861955843724356,20000,20000,20,,
hopper-medium-replay-v2,2,adm,11,86,2,0.25432484186056076,0.9840255329349331,0.006958111271989975,20000,20000,20,,
hopper-medium-replay-v2,2,adm,11,87,1,0.2679667971059075,1.0236854721499682,0.007238549391593951,20000,20000,20,,
hopper-medium-replay-v2,2,adm,11,88,4,0.2737754779106987,1.0470631340353869,0.00740385442406861,20000,20000,20,,
hopper-medium-replay-v2,2,adm,11,89,5,0.2703741259417001,1.0159861040051665,0.007184106637333542,20000,20000,20,,
hopper-medium-replay-v2,2,adm,11,90,2,0.27177365153314537,1.0183407839276526,0.007200756738740679,20000,20000,20,,
hopper-medium-replay-v2,2,adm,11,91,3,0.2806959933830895,1.0450126749444473,0.00738935548879112,20000,20000,20,,
hopper-medium-replay-v2,2,adm,11,92,1,0.2854170497067016,1.0490662514842748,0.007418018603384827,20000,20000,20,,
hopper-medium-replay-v2,2,adm,11,93,2,0.2924960145557335,1.0711444569280764,0.007574135091242246,20000,20000,20,,
hopper-medium-replay-v2,2,adm,11,94,4,0.30103876026895043,1.116883475112255,0.00789755879047072,20000,20000,20,,
hopper-medium-replay-v2,2,adm,11,95,1,0.3050731293666325,1.1186538340710717,0.007910077118719857,20000,20000,20,,
hopper-medium-replay-v2,2,adm,11,96,1,0.3102752941049542,1.1060072274054773,0.007820652105397449,20000,20000,20,,
hopper-medium-replay-v2,2,adm,11,97,1,0.3171215723730098,1.114324913931285,0.007879467030859275,20000,20000,20,,
hopper-medium-replay-v2,2,adm,11,98,1,0.3247932269042275,1.1186830272639863,0.007910283545766601,20000,20000,20,,
hopper-medium-replay-v2,2,adm,11,99,2,0.334913415891336,1.1451185074491057,0.008097210618794806,20000,20000,20,,
hopper-medium-replay-v2,2,adm,11,100,3,0.3469842719341239,1.2184316251184748,0.008615612645334189,20000,20000,20,,
hopper-medium-replay-v2,2,adm,12,1,2,0.0021574093758150834,0.01043544230663969,7.378972019705913e-05,20000,20000,20,,
hopper-medium-replay-v2,2,adm,12,2,5,0.005917132212571538,0.04266826769637322,0.0003017102142958841,20000,20000,20,,
hopper-medium-replay-v2,2,adm,12,3,2,0.0057867998749101465,0.04332052262589024,0.0003063223531331225,20000,20000,20,,
hopper-medium-replay-v2,2,adm,12,4,1,0.010045262110313159,0.07783038010445348,0.0005503438955418561,20000,20000,20,,
hopper-medium-replay-v2,2,adm,12,5,5,0.005700917287712243,0.040820124933865685,0.00028864187149618497,20000,20000,20,,
hopper-medium-replay-v2,2,adm,12,6,1,0.008673200189968061,0.06689833346885155,0.00047304265245903896,20000,20000,20,,
hopper-medium-replay-v2,2,adm,12,7,3,0.019532106058905988,0.16480803574521236,0.0011653687966947457,20000,20000,20,,
hopper-medium-replay-v2,2,adm,12,8,4,0.02049842159729682,0.17521127553042026,0.0012389308106790476,20000,20000,20,,
hopper-medium-replay-v2,2,adm,12,9,1,0.023552488000173444,0.193160477641044,0.001365850835972147,20000,20000,20,,
hopper-medium-replay-v2,2,adm,12,10,2,0.023497566821527455,0.20388500612074312,0.001441684704102382,20000,20000,20,,
hopper-medium-replay-v2,2,adm,12,11,2,0.026283320072488788,0.21432040910651992,0.0015154741462589532,20000,20000,20,,
hopper-medium-replay-v2,2,adm,12,12,1,0.027100994298441226,0.19542622590795752,0.0013818720956121093,20000,20000,20,,
hopper-medium-replay-v2,2,adm,12,13,2,0.025641599968482216,0.18932292061011358,0.0013387152099745368,20000,20000,20,,
hopper-medium-replay-v2,2,adm,12,14,1,0.027317689468862556,0.18494956336050322,0.0013077909042970286,20000,20000,20,,
hopper-medium-replay-v2,2,adm,12,15,1,0.03020912271046788,0.17530158518439118,0.0012395693963663421,20000,20000,20,,
hopper-medium-replay-v2,2,adm,12,16,1,0.035456406802662134,0.20630104237590882,0.0014587686602985843,20000,20000,20,,
hopper-medium-replay-v2,2,adm,12,17,2,0.03879419909276915,0.2520026981855652,0.0017819281676432002,20000,20000,20,,
hopper-medium-replay-v2,2,adm,12,18,4,0.03439409343621553,0.226986205612884,0.0016050348522467423,20000,20000,20,,
hopper-medium-replay-v2,2,adm,12,19,1,0.03592174684570689,0.21407825332951874,0.001513761846338743,20000,20000,20,,
hopper-medium-replay-v2,2,adm,12,20,4,0.043775439293541454,0.2703462551055647,0.0019116367025353309,20000,20000,20,,
hopper-medium-replay-v2,2,adm,12,21,5,0.04134590061489157,0.258663688999194,0.0018290284853805824,20000,20000,20,,
hopper-medium-replay-v2,2,adm,12,22,2,0.04108344161214074,0.23910018052935933,0.0016906935903523768,20000,20000,20,,
hopper-medium-replay-v2,2,adm,12,23,3,0.04102257808170009,0.24409123139845212,0.001725985649500202,20000,20000,20,,
hopper-medium-replay-v2,2,adm,12,24,3,0.040405958953714426,0.23407303950844177,0.0016551463352936582,20000,20000,20,,
hopper-medium-replay-v2,2,adm,12,25,1,0.04274624653853484,0.23644148851137547,0.0016718937988023477,20000,20000,20,,
hopper-medium-replay-v2,2,adm,12,26,2,0.042166953111073484,0.21094102838197457,0.001491578315993582,20000,20000,20,,
hopper-medium-replay-v2,2,adm,12,27,3,0.0429763300074941,0.22328015912262641,0.001578829146200205,20000,20000,20,,
hopper-medium-replay-v2,2,adm,12,28,5,0.04620565818051101,0.23491592801404537,0.0016611064570746232,20000,20000,20,,
hopper-medium-replay-v2,2,adm,12,29,1,0.046758098186347796,0.2326415881502771,0.0016450244456706889,20000,20000,20,,
hopper-medium-replay-v2,2,adm,12,30,1,0.050831011889031,0.25345133966662203,0.0017921716097908343,20000,20000,20,,
hopper-medium-replay-v2,2,adm,12,31,2,0.04880162871411477,0.2249071099260112,0.001590333425657508,20000,20000,20,,
hopper-medium-replay-v2,2,adm,12,32,5,0.05169310554575632,0.24613365131168433,0.0017404277392069716,20000,20000,20,,
hopper-medium-replay-v2,2,adm,12,33,1,0.05531920316993184,0.2705057178969512,0.0019127642747466943,20000,20000,20,,
hopper-medium-replay-v2,2,adm,12,34,5,0.05654963576333919,0.27357702616610036,0.0019344817037889911,20000,20000,20,,
hopper-medium-replay-v2,2,adm,12,35,5,0.06282514875543857,0.30639187874363005,0.002166517751601072,20000,20000,20,,
hopper-medium-replay-v2,2,adm,12,36,2,0.06451274537025932,0.32592580518956743,0.0023046434701322876,20000,20000,20,,
hopper-medium-replay-v2,2,adm,12,37,5,0.061706310152200364,0.3025651785746673,0.0021394588952106594,20000,20000,20,,
hopper-medium-replay-v2,2,adm,12,38,4,0.06823673331005475,0.3449487819045578,0.0024391562284675223,20000,20000,20,,
hopper-medium-replay-v2,2,adm,12,39,4,0.07250406112605763,0.36385252864108747,0.0025728259035398544,20000,20000,20,,
hopper-medium-replay-v2,2,adm,12,40,1,0.07894812831542368,0.3978634943936882,0.0028133197487235284,20000,20000,20,,
hopper-medium-replay-v2,2,adm,12,41,4,0.07848821857480114,0.3957014438605272,0.0027980317427908673,20000,20000,20,,
hopper-medium-replay-v2,2,adm,12,42,2,0.08459305775045299,0.42138159408422976,0.00297961782644156,20000,20000,20,,
hopper-medium-replay-v2,2,adm,12,43,5,0.08211526659674684,0.41198599053636475,0.002913180876621203,20000,20000,20,,
hopper-medium-replay-v2,2,adm,12,44,4,0.09113600979400832,0.4285000662748126,0.00302995302601805,20000,20000,20,,
hopper-medium-replay-v2,2,adm,12,45,5,0.09565112118386417,0.4532855094767828,0.0032052125756463217,20000,20000,20,,
hopper-medium-replay-v2,2,adm,12,46,5,0.08923867173966181,0.4218063519033837,0.002982621317784418,20000,20000,20,,
hopper-medium-replay-v2,2,adm,12,47,2,0.1020974620622176,0.48475339236025744,0.0034277241094112115,20000,20000,20,,
hopper-medium-replay-v2,2,adm,12,48,2,0.0970082768879303,0.48031191934138023,0.00339631815251016,20000,20000,20,,
hopper-medium-replay-v2,2,adm,12,49,5,0.10218992747096808,0.49182487150822296,0.0034777270179966687,20000,20000,20,,
hopper-medium-replay-v2,2,adm,12,50,4,0.10240439889253616,0.49634478830379614,0.0035096876561621563,20000,20000,20,,
hopper-medium-replay-v2,2,adm,12,51,3,0.11045221663610018,0.532763569380727,0.0037672073267826173,20000,20000,20,,
hopper-medium-replay-v2,2,adm,12,52,5,0.11800033687521955,0.5378591285692877,0.0038032383713443047,20000,20000,20,,
hopper-medium-replay-v2,2,adm,12,53,4,0.12043227075919731,0.5361692628125732,0.0037912892159856263,20000,20000,20,,
hopper-medium-replay-v2,2,adm,12,54,2,0.13231428333240774,0.585847976155739,0.0041425707668413785,20000,20000,20,,
hopper-medium-replay-v2,2,adm,12,55,1,0.13219671624941406,0.5708277656421418,0.004036361839751238,20000,20000,20,,
hopper-medium-replay-v2,2,adm,12,56,2,0.13375859373587073,0.5803020869627822,0.004103355408280889,20000,20000,20,,
hopper-medium-replay-v2,2,adm,12,57,4,0.13520827743033562,0.5964544780694605,0.004217570061119984,20000,20000,20,,
hopper-medium-replay-v2,2,adm,12,58,3,0.14159000590705495,0.6107453200745298,0.004318621574026484,20000,20000,20,,
hopper-medium-replay-v2,2,adm,12,59,2,0.15118129040889303,0.6839529911630202,0.004836277980641944,20000,20000,20,,
hopper-medium-replay-v2,2,adm,12,60,5,0.16585743654008583,0.7552477789951993,0.005340408260035844,20000,20000,20,,
hopper-medium-replay-v2,2,adm,12,61,5,0.17224442219256578,0.7880610332931394,0.005572433006304564,20000,20000,20,,
hopper-medium-replay-v2,2,adm,12,62,2,0.1715546845412981,0.7781099462584564,0.005502068195080546,20000,20000,20,,
hopper-medium-replay-v2,2,adm,12,63,1,0.17224018816839412,0.762719375515886,0.005393240425696518,20000,20000,20,,
hopper-medium-replay-v2,2,adm,12,64,1,0.17599315766527954,0.7577991751888132,0.005358449355535823,20000,20000,20,,
hopper-medium-replay-v2,2,adm,12,65,1,0.18125715109140916,0.7656617519480226,0.00541404616897619,20000,20000,20,,
hopper-medium-replay-v2,2,adm,12,66,2,0.1909872435571466,0.8195658871419839,0.005795205964272654,20000,20000,20,,
hopper-medium-replay-v2,2,adm,12,67,5,0.1911503570163616,0.8459766729394702,0.005981958421611334,20000,20000,20,,
hopper-medium-replay-v2,2,adm,12,68,3,0.20902141327624532,0.8900971209927805,0.006293937101686179,20000,20000,20,,
hopper-medium-replay-v2,2,adm,12,69,1,0.21545021591624186,0.8809373382303048,0.0062291676566307574,20000,20000,20,,
hopper-medium-replay-v2,2,adm,12,70,2,0.22791658577175752,0.9376128502991491,0.006629924045741756,20000,20000,20,,
hopper-medium-replay-v2,2,adm,12,71,1,0.22726667974821252,0.8999036951032382,0.00636328005222331,20000,20000,20,,
hopper-medium-replay-v2,2,adm,12,72,1,0.22573191421534106,0.8897768440234551,0.0062916724015175006,20000,20000,20,,
hopper-medium-replay-v2,2,adm,12,73,5,0.22877039591815418,0.9663278612099133,0.006832969835110226,20000,20000,20,,
hopper-medium-replay-v2,2,adm,12,74,3,0.24663859421387946,0.9938784273590308,0.0070277817566059214,20000,20000,20,,
hopper-medium-replay-v2,2,adm,12,75,4,0.24790708508775547,0.9894389319525058,0.006996389783535917,20000,20000,20,,
hopper-medium-replay-v2,2,adm,12,76,1,0.24702753519192325,0.9632397688111455,0.006811133724349232,20000,20000,20,,
hopper-medium-replay-v2,2,adm,12,77,3,0.2505348662315499,0.9694445348383388,0.006855008045684276,20000,20000,20,,
hopper-medium-replay-v2,2,adm,12,78,5,0.2276678382164234,0.8648818607426176,0.006115638286563442,20000,20000,20,,
hopper-medium-replay-v2,2,adm,12,79,3,0.2515512061550507,0.9354070257183853,0.006614326510550095,20000,20000,20,,
hopper-medium-replay-v2,2,adm,12,80,3,0.26334322124884996,0.9925393467831976,0.007018313027048652,20000,20000,20,,
hopper-medium-replay-v2,2,adm,12,81,2,0.26642316881167605,1.0109025348660774,0.007148160375224736,20000,20000,20,,
hopper-medium-replay-v2,2,adm,12,82,5,0.26783241062922425,1.0228889128982943,0.007232916867109197,20000,20000,20,,
hopper-medium-replay-v2,2,adm,12,83,3,0.2723887064035434,1.0397418559627793,0.007352085170347678,20000,20000,20,,
hopper-medium-replay-v2,2,adm,12,84,1,0.27942415847712787,1.0377513119397612,0.0073380098985784134,20000,20000,20,,
hopper-medium-replay-v2,2,adm,12,85,5,0.29085617386030693,1.1019457940998387,0.00779193343507991,20000,20000,20,,
hopper-medium-replay-v2,2,adm,12,86,1,0.30249477522904417,1.1001921905999832,0.007779533585817307,20000,20000,20,,
hopper-medium-replay-v2,2,adm,12,87,2,0.31277044020030864,1.107311350520967,0.007829873648382099,20000,20000,20,,
hopper-medium-replay-v2,2,adm,12,88,2,0.315338843156616,1.110451278723431,0.00785207629362611,20000,20000,20,,
hopper-medium-replay-v2,2,adm,12,89,3,0.3214430446221125,1.1503815500119539,0.00813442594965344,20000,20000,20,,
hopper-medium-replay-v2,2,adm,12,90,3,0.3303620421074951,1.1667862199961778,0.008250424483543161,20000,20000,20,,
hopper-medium-replay-v2,2,adm,12,91,4,0.3390887039822134,1.1999216859752984,0.008484727610459285,20000,20000,20,,
hopper-medium-replay-v2,2,adm,12,92,5,0.34627989391972896,1.2179485377346069,0.008612196701683802,20000,20000,20,,
hopper-medium-replay-v2,2,adm,12,93,4,0.3543924730927223,1.2603309473697375,0.00891188559424407,20000,20000,20,,
hopper-medium-replay-v2,2,adm,12,94,2,0.3593816081871839,1.263796962199736,0.008936394020143922,20000,20000,20,,
hopper-medium-replay-v2,2,adm,12,95,5,0.3816310780786912,1.3287468199771435,0.009395658868858988,20000,20000,20,,
hopper-medium-replay-v2,2,adm,12,96,3,0.37975617980009113,1.3038948582043142,0.009219928961905424,20000,20000,20,,
hopper-medium-replay-v2,2,adm,12,97,4,0.3807840767560424,1.2978992473760793,0.00917753359116542,20000,20000,20,,
hopper-medium-replay-v2,2,adm,12,98,5,0.38822905971509564,1.321815432634951,0.009346646558932038,20000,20000,20,,
hopper-medium-replay-v2,2,adm,12,99,4,0.3859221526224939,1.3037761643290655,0.009219089669464687,20000,20000,20,,
hopper-medium-replay-v2,2,adm,12,100,5,0.39040383645276006,1.3248123468711859,0.009367837942722801,20000,20000,20,,
hopper-medium-replay-v2,2,adm,13,1,1,0.0030469751505886014,0.016130487471297254,0.00011405977074798933,20000,20000,20,,
hopper-medium-replay-v2,2,adm,13,2,5,0.005949409239677549,0.04278527428805145,0.0003025375758400761,20000,20000,20,,
hopper-medium-replay-v2,2,adm,13,3,1,0.008817280375010925,0.07024715463369968,0.0004967223940054905,20000,20000,20,,
hopper-medium-replay-v2,2,adm,13,4,3,0.005681018657559987,0.040930724786535304,0.00028942393055439414,20000,20000,20,,
hopper-medium-replay-v2,2,adm,13,5,1,0.009782707884881453,0.07197693151010287,0.0005089537635979343,20000,20000,20,,
hopper-medium-replay-v2,2,adm,13,6,3,0.013604485441040303,0.11812610245817129,0.0008352776808330982,20000,20000,20,,
hopper-medium-replay-v2,2,adm,13,7,5,0.010668071961600425,0.07209650286630778,0.0005097992607660159,20000,20000,20,,
hopper-medium-replay-v2,2,adm,13,8,5,0.015227904684679217,0.12016263103683031,0.0008496781125135981,20000,20000,20,,
hopper-medium-replay-v2,2,adm,13,9,3,0.01850253631261272,0.14379084532648495,0.0010167548180290348,20000,20000,20,,
hopper-medium-replay-v2,2,adm,13,10,3,0.01402662154420288,0.10367874457040355,0.0007331194335064029,20000,20000,20,,
hopper-medium-replay-v2,2,adm,13,11,2,0.022847706329139583,0.18267340609088434,0.001291696041893083,20000,20000,20,,
hopper-medium-replay-v2,2,adm,13,12,1,0.02530395258049538,0.18355471327014553,0.0012979278247207226,20000,20000,20,,
hopper-medium-replay-v2,2,adm,13,13,5,0.018011097461128275,0.11803062735434709,0.0008346025698996124,20000,20000,20,,
hopper-medium-replay-v2,2,adm,13,14,5,0.02117318731633059,0.14644031694255413,0.0010354894114918728,20000,20000,20,,
hopper-medium-replay-v2,2,adm,13,15,2,0.019593692999465562,0.12084184678492788,0.000854480893127283,20000,20000,20,,
hopper-medium-replay-v2,2,adm,13,16,2,0.02137718275331441,0.12250643399942704,0.0008662513021997708,20000,20000,20,,
hopper-medium-replay-v2,2,adm,13,17,3,0.023227420968976786,0.15067699911423219,0.00106544727842513,20000,20000,20,,
hopper-medium-replay-v2,2,adm,13,18,2,0.0268798178092093,0.17206316689198048,0.0012166703210175205,20000,20000,20,,
hopper-medium-replay-v2,2,adm,13,19,1,0.029716755411189063,0.16595817325374862,0.0011735014970105757,20000,20000,20,,
hopper-medium-replay-v2,2,adm,13,20,2,0.03018858243538706,0.16785569660068558,0.001186919013271365,20000,20000,20,,
hopper-medium-replay-v2,2,adm,13,21,5,0.029290186179428326,0.17935972197538855,0.0012682647568053105,20000,20000,20,,
hopper-medium-replay-v2,2,adm,13,22,1,0.03120444712261816,0.17536824701001708,0.0012400407666558057,20000,20000,20,,
hopper-medium-replay-v2,2,adm,13,23,3,0.03984685360032728,0.2434137904781293,0.001721195418814067,20000,20000,20,,
hopper-medium-replay-v2,2,adm,13,24,3,0.03397481187534339,0.19773615540110712,0.001398205763698798,20000,20000,20,,
hopper-medium-replay-v2,2,adm,13,25,1,0.03400113095260908,0.17057794922189856,0.0012061682461569903,20000,20000,20,,
hopper-medium-replay-v2,2,adm,13,26,3,0.045111883263888514,0.2552786009776585,0.0018050922984311712,20000,20000,20,,
hopper-medium-replay-v2,2,adm,13,27,5,0.03845489186994865,0.206558302384138,0.0014605877632620538,20000,20000,20,,
hopper-medium-replay-v2,2,adm,13,28,2,0.04652173570207707,0.25863019575222085,0.0018287916523599956,20000,20000,20,,
hopper-medium-replay-v2,2,adm,13,29,2,0.04038616886498803,0.2157943599675209,0.0015258965527484485,20000,20000,20,,
hopper-medium-replay-v2,2,adm,13,30,4,0.04574751678665241,0.23587585621075824,0.0016678941744481016,20000,20000,20,,
hopper-medium-replay-v2,2,adm,13,31,3,0.051594363432820534,0.28815943127190247,0.0020375948791522113,20000,20000,20,,
hopper-medium-replay-v2,2,adm,13,32,2,0.051413842979132186,0.28086868095035067,0.001986041489229138,20000,20000,20,,
hopper-medium-replay-v2,2,adm,13,33,2,0.05551151026418225,0.27442171484974487,0.0019404545547509569,20000,20000,20,,
hopper-medium-replay-v2,2,adm,13,34,2,0.05484272629892221,0.2643151330184461,0.0018689902292756758,20000,20000,20,,
hopper-medium-replay-v2,2,adm,13,35,5,0.05514584521618822,0.27130161604077346,0.0019183921244929993,20000,20000,20,,
hopper-medium-replay-v2,2,adm,13,36,5,0.06133947439499824,0.32171828952546677,0.0022748918415519456,20000,20000,20,,
hopper-medium-replay-v2,2,adm,13,37,2,0.05594212866082983,0.2748732169036111,0.0019436471563910416,20000,20000,20,,
hopper-medium-replay-v2,2,adm,13,38,5,0.06483404845397422,0.313450246826982,0.0022164279509595606,20000,20000,20,,
hopper-medium-replay-v2,2,adm,13,39,3,0.06691935378145951,0.34042202673799726,0.0024071472357170606,20000,20000,20,,
hopper-medium-replay-v2,2,adm,13,40,2,0.0696265177852,0.35180846426524026,0.0024876615076077657,20000,20000,20,,
hopper-medium-replay-v2,2,adm,13,41,2,0.06993440023133503,0.3352196700337078,0.002370361018679517,20000,20000,20,,
hopper-medium-replay-v2,2,adm,13,42,4,0.07237214577244752,0.3439977832312147,0.0024324316523593194,20000,20000,20,,
hopper-medium-replay-v2,2,adm,13,43,1,0.07312749546818384,0.3250834972309934,0.0022986874534387364,20000,20000,20,,
hopper-medium-replay-v2,2,adm,13,44,3,0.08225642310456936,0.40695027647411935,0.002877573001005901,20000,20000,20,,
hopper-medium-replay-v2,2,adm,13,45,4,0.08735482751243807,0.4304600235404537,0.003043812016751757,20000,20000,20,,
hopper-medium-replay-v2,2,adm,13,46,4,0.0821245453567163,0.371624344010231,0.0026277809370363666,20000,20000,20,,
hopper-medium-replay-v2,2,adm,13,47,2,0.0890244742668422,0.3940357917437826,0.002786253803722389,20000,20000,20,,
hopper-medium-replay-v2,2,adm,13,48,5,0.09080542756806172,0.4243236685688356,0.003000421434629767,20000,20000,20,,
hopper-medium-replay-v2,2,adm,13,49,5,0.09745173903455945,0.47352787391453827,0.0033483477072581845,20000,20000,20,,
hopper-medium-replay-v2,2,adm,13,50,2,0.10306847273980074,0.48955239056830047,0.0034616581511693048,20000,20000,20,,
hopper-medium-replay-v2,2,adm,13,51,2,0.10028833502343354,0.46325216407805114,0.0032756874661893313,20000,20000,20,,
hopper-medium-replay-v2,2,adm,13,52,3,0.10681466414375275,0.5022006962363174,0.0035510951782530545,20000,20000,20,,
hopper-medium-replay-v2,2,adm,13,53,1,0.10963893117658131,0.5059641373702769,0.0035777067257172467,20000,20000,20,,
hopper-medium-replay-v2,2,adm,13,54,1,0.11399843621795284,0.5110943222213166,0.003613982610686353,20000,20000,20,,
hopper-medium-replay-v2,2,adm,13,55,2,0.11964779783337362,0.5205235297090972,0.0036806571762445996,20000,20000,20,,
hopper-medium-replay-v2,2,adm,13,56,5,0.12044255380701598,0.5281318222462063,0.003734455928707008,20000,20000,20,,
hopper-medium-replay-v2,2,adm,13,57,3,0.1387520106689093,0.6416139356991863,0.004536895648366841,20000,20000,20,,
hopper-medium-replay-v2,2,adm,13,58,4,0.14352726671966365,0.668683715203996,0.004728307894897597,20000,20000,20,,
hopper-medium-replay-v2,2,adm,13,59,3,0.1424385741795944,0.6602764132616097,0.004668859292748155,20000,20000,20,,
hopper-medium-replay-v2,2,adm,13,60,1,0.14933432559245166,0.6957120393773932,0.004919427007968771,20000,20000,20,,
hopper-medium-replay-v2,2,adm,13,61,4,0.16446562405378135,0.7642934356658929,0.005404370711757172,20000,20000,20,,
hopper-medium-replay-v2,2,adm,13,62,2,0.15563720961554578,0.7183842631166737,0.00507974383947501,20000,20000,20,,
hopper-medium-replay-v2,2,adm,13,63,1,0.16292258709837965,0.7257630521710845,0.0051319197572481995,20000,20000,20,,
hopper-medium-replay-v2,2,adm,13,64,2,0.1676054098844553,0.7410221760470985,0.00523981805692515,20000,20000,20,,
hopper-medium-replay-v2,2,adm,13,65,1,0.1708769334927096,0.7460418647259451,0.005275312615967727,20000,20000,20,,
hopper-medium-replay-v2,2,adm,13,66,5,0.16620941191154068,0.7211856241421953,0.00509955245325199,20000,20000,20,,
hopper-medium-replay-v2,2,adm,13,67,3,0.18098618023967034,0.7807436965184552,0.0055206916217685155,20000,20000,20,,
hopper-medium-replay-v2,2,adm,13,68,2,0.1761345393107455,0.7466617446126659,0.005279695828681942,20000,20000,20,,
hopper-medium-replay-v2,2,adm,13,69,1,0.1804253083803902,0.7798699705234632,0.005514513446008938,20000,20000,20,,
hopper-medium-replay-v2,2,adm,13,70,1,0.18632311643933822,0.8024167947461357,0.005673943569029666,20000,20000,20,,
hopper-medium-replay-v2,2,adm,13,71,3,0.18718157812837538,0.8059242231933647,0.0056987448334252875,20000,20000,20,,
hopper-medium-replay-v2,2,adm,13,72,2,0.19467079294312706,0.81915150151002,0.0057922758153687755,20000,20000,20,,
hopper-medium-replay-v2,2,adm,13,73,4,0.20489749582034714,0.8687065952396995,0.006142683243554689,20000,20000,20,,
hopper-medium-replay-v2,2,adm,13,74,1,0.21296277749977421,0.8698843571637097,0.006151011277985598,20000,20000,20,,
hopper-medium-replay-v2,2,adm,13,75,4,0.22034748509247315,0.9306014374598383,0.0065803458700980045,20000,20000,20,,
hopper-medium-replay-v2,2,adm,13,76,2,0.2265894348840974,0.9262287983153701,0.006549426642190652,20000,20000,20,,
hopper-medium-replay-v2,2,adm,13,77,4,0.22135150885761531,0.9099994447246922,0.0064346677824082266,20000,20000,20,,
hopper-medium-replay-v2,2,adm,13,78,2,0.23427718585617358,0.949327878805336,0.00671276180672694,20000,20000,20,,
hopper-medium-replay-v2,2,adm,13,79,2,0.23254595787154034,0.9287194394456577,0.0065670381345179375,20000,20000,20,,
hopper-medium-replay-v2,2,adm,13,80,4,0.2369091771728795,0.919439395078987,0.006501418311504088,20000,20000,20,,
hopper-medium-replay-v2,2,adm,13,81,3,0.2548269304253352,0.9832608049290689,0.006952703828402877,20000,20000,20,,
hopper-medium-replay-v2,2,adm,13,82,5,0.24752433249039837,0.9841011271574146,0.006958645803863327,20000,20000,20,,
hopper-medium-replay-v2,2,adm,13,83,2,0.2676746522909649,1.0279337155947916,0.0072685890090736106,20000,20000,20,,
hopper-medium-replay-v2,2,adm,13,84,1,0.2747406006312299,1.0149718697296721,0.007176934917994403,20000,20000,20,,
hopper-medium-replay-v2,2,adm,13,85,3,0.26356560620887504,1.004445443237065,0.007102501842448561,20000,20000,20,,
hopper-medium-replay-v2,2,adm,13,86,2,0.2845492681048393,1.033700570799452,0.007309366833286974,20000,20000,20,,
hopper-medium-replay-v2,2,adm,13,87,2,0.276139059434963,1.0463521125665944,0.007398826743047086,20000,20000,20,,
hopper-medium-replay-v2,2,adm,13,88,5,0.2985069120282028,1.108458547587819,0.007837985556635382,20000,20000,20,,
hopper-medium-replay-v2,2,adm,13,89,4,0.29199335566342455,1.0826885835976703,0.007655764393751709,20000,20000,20,,
hopper-medium-replay-v2,2,adm,13,90,1,0.290133083109934,1.0555034335828388,0.0074635363545211,20000,20000,20,,
hopper-medium-replay-v2,2,adm,13,91,5,0.31779743028680646,1.1537596968135324,0.008158313054765838,20000,20000,20,,
hopper-medium-replay-v2,2,adm,13,92,3,0.3039587541303958,1.1048333923909166,0.007812351838409549,20000,20000,20,,
hopper-medium-replay-v2,2,adm,13,93,5,0.31224493025217603,1.1362637248606644,0.008034597850652612,20000,20000,20,,
hopper-medium-replay-v2,2,adm,13,94,1,0.3130758630219768,1.1229315580364116,0.007940325194959219,20000,20000,20,,
hopper-medium-replay-v2,2,adm,13,95,3,0.3260179929452276,1.1841391898121871,0.008373128509849418,20000,20000,20,,
hopper-medium-replay-v2,2,adm,13,96,2,0.33899220248886486,1.2166213226533726,0.008602811873843463,20000,20000,20,,
hopper-medium-replay-v2,2,adm,13,97,5,0.3445961485893886,1.251163674253165,0.008847063184386897,20000,20000,20,,
hopper-medium-replay-v2,2,adm,13,98,3,0.3555372944140829,1.2662416083985653,0.008953680279191863,20000,20000,20,,
hopper-medium-replay-v2,2,adm,13,99,2,0.3540457291805813,1.221003799386995,0.008633800664010831,20000,20000,20,,
hopper-medium-replay-v2,2,adm,13,100,1,0.3552459791253889,1.2035820669498916,0.008510610412547895,20000,20000,20,,
hopper-medium-replay-v2,2,adm,14,1,1,0.0030541629136169902,0.016848955072709584,0.00011914010387820426,20000,20000,20,,
hopper-medium-replay-v2,2,adm,14,2,2,0.0022537672340936453,0.010997296070421683,7.776262626111343e-05,20000,20000,20,,
hopper-medium-replay-v2,2,adm,14,3,3,0.002686732164316511,0.014911027949632066,0.00010543688977646975,20000,20000,20,,
hopper-medium-replay-v2,2,adm,14,4,1,0.0057086476215761515,0.02946685694843309,0.00020836214368490972,20000,20000,20,,
hopper-medium-replay-v2,2,adm,14,5,4,0.007830643758395952,0.05976157898581848,0.0004225781775528772,20000,20000,20,,
hopper-medium-replay-v2,2,adm,14,6,5,0.010191950625118585,0.08146437361724597,0.000576040110098691,20000,20000,20,,
hopper-medium-replay-v2,2,adm,14,7,1,0.012567210375783547,0.09052190230678522,0.0006400865096703401,20000,20000,20,,
hopper-medium-replay-v2,2,adm,14,8,5,0.012190865044571729,0.11451742303287069,0.0008097604639055139,20000,20000,20,,
hopper-medium-replay-v2,2,adm,14,9,1,0.013702748435151627,0.10975322445612828,0.0007760724927001754,20000,20000,20,,
hopper-medium-replay-v2,2,adm,14,10,5,0.014731609917858733,0.11911544598548775,0.000842273396003983,20000,20000,20,,
hopper-medium-replay-v2,2,adm,14,11,5,0.013992414141144275,0.10090873678562765,0.0007135325206208572,20000,20000,20,,
hopper-medium-replay-v2,2,adm,14,12,5,0.017364380259859803,0.1201713615832632,0.0008497398467994597,20000,20000,20,,
hopper-medium-replay-v2,2,adm,14,13,2,0.01514978398378824,0.10090132639441154,0.0007134801212420557,20000,20000,20,,
hopper-medium-replay-v2,2,adm,14,14,1,0.017232009143760045,0.09765465758758321,0.0006905227059463042,20000,20000,20,,
hopper-medium-replay-v2,2,adm,14,15,3,0.019919905198881028,0.1335867548208036,0.0009446010021049493,20000,20000,20,,
hopper-medium-replay-v2,2,adm,14,16,5,0.017476384043999274,0.10118787966570397,0.0007155063588550764,20000,20000,20,,
hopper-medium-replay-v2,2,adm,14,17,3,0.02497174237150493,0.1566811126601009,0.0011079027724581077,20000,20000,20,,
hopper-medium-replay-v2,2,adm,14,18,3,0.022843242683845657,0.14163399063964094,0.001001503552278021,20000,20000,20,,
hopper-medium-replay-v2,2,adm,14,19,1,0.02549221017739747,0.15649176116773714,0.0011065638552153255,20000,20000,20,,
hopper-medium-replay-v2,2,adm,14,20,2,0.026589472704086303,0.16068078280612685,0.0011361847112857512,20000,20000,20,,
hopper-medium-replay-v2,2,adm,14,21,2,0.030112579425002353,0.17988099851612896,0.0012719507385736207,20000,20000,20,,
hopper-medium-replay-v2,2,adm,14,22,4,0.02838941999856936,0.16689615048031237,0.0011801339975855934,20000,20000,20,,
hopper-medium-replay-v2,2,adm,14,23,2,0.03526545286537262,0.21133253296187235,0.001494346671426695,20000,20000,20,,
hopper-medium-replay-v2,2,adm,14,24,1,0.04083456540413434,0.2518287202384634,0.0017806979577814745,20000,20000,20,,
hopper-medium-replay-v2,2,adm,14,25,4,0.03736190005129752,0.23128879091384077,0.0016354587246761435,20000,20000,20,,
hopper-medium-replay-v2,2,adm,14,26,4,0.030029836492891378,0.15609306718410215,0.0011037446630208598,20000,20000,20,,
hopper-medium-replay-v2,2,adm,14,27,5,0.03454456320656741,0.2073119932627778,0.0014659171625741004,20000,20000,20,,
hopper-medium-replay-v2,2,adm,14,28,2,0.03662825808996341,0.2008117017168667,0.001419953160256067,20000,20000,20,,
hopper-medium-replay-v2,2,adm,14,29,1,0.03858665629324343,0.204405436836369,0.0014453647049839503,20000,20000,20,,
hopper-medium-replay-v2,2,adm,14,30,4,0.03840278788381262,0.210843809881302,0.0014908908773827584,20000,20000,20,,
hopper-medium-replay-v2,2,adm,14,31,4,0.03607262563198731,0.1838686723958301,0.0013001478509885923,20000,20000,20,,
hopper-medium-replay-v2,2,adm,14,32,1,0.03972909734540249,0.19674024163983325,0.0013911635899580604,20000,20000,20,,
hopper-medium-replay-v2,2,adm,14,33,1,0.04421846205172553,0.22302826005729126,0.0015770479508274747,20000,20000,20,,
hopper-medium-replay-v2,2,adm,14,34,5,0.04944737518410252,0.276338714939149,0.001954009792378486,20000,20000,20,,
hopper-medium-replay-v2,2,adm,14,35,4,0.04727523780343386,0.2588903774183524,0.0018306314145646162,20000,20000,20,,
hopper-medium-replay-v2,2,adm,14,36,1,0.05384649237706231,0.2975342810133682,0.002103885077400165,20000,20000,20,,
hopper-medium-replay-v2,2,adm,14,37,1,0.05604478148020895,0.29846959012051055,0.002110498711521824,20000,20000,20,,
hopper-medium-replay-v2,2,adm,14,38,3,0.05392136666867834,0.2840708999583511,0.002008684596983154,20000,20000,20,,
hopper-medium-replay-v2,2,adm,14,39,2,0.06361399542273061,0.3347626985646656,0.002367129742433832,20000,20000,20,,
hopper-medium-replay-v2,2,adm,14,40,4,0.06323412683993665,0.33872634806068785,0.002395156976802671,20000,20000,20,,
hopper-medium-replay-v2,2,adm,14,41,5,0.06515704682595931,0.35373628341245933,0.002501293247526764,20000,20000,20,,
hopper-medium-replay-v2,2,adm,14,42,4,0.06412000521617589,0.32285787769226904,0.002282949946757004,20000,20000,20,,
hopper-medium-replay-v2,2,adm,14,43,5,0.06541270551749305,0.3150597993481238,0.002227809205983313,20000,20000,20,,
hopper-medium-replay-v2,2,adm,14,44,4,0.0722637704458008,0.3664176916093115,0.0025909643448366526,20000,20000,20,,
hopper-medium-replay-v2,2,adm,14,45,4,0.07266670975472599,0.34436361593051795,0.00243501848018389,20000,20000,20,,
hopper-medium-replay-v2,2,adm,14,46,4,0.07241668665741613,0.3431188418408529,0.002426216598185416,20000,20000,20,,
hopper-medium-replay-v2,2,adm,14,47,3,0.07259131518189656,0.33154989861241685,0.0023444118161055224,20000,20000,20,,
hopper-medium-replay-v2,2,adm,14,48,2,0.07727630172809752,0.3624482525275661,0.002562896171914562,20000,20000,20,,
hopper-medium-replay-v2,2,adm,14,49,2,0.08425863396636248,0.39526179231933894,0.002794922936929534,20000,20000,20,,
hopper-medium-replay-v2,2,adm,14,50,2,0.08512409491002493,0.39871673359246534,0.0028193530609578236,20000,20000,20,,
hopper-medium-replay-v2,2,adm,14,51,4,0.08884060877079174,0.42457850341800474,0.003002223389129069,20000,20000,20,,
hopper-medium-replay-v2,2,adm,14,52,3,0.09878040423371065,0.4897051274824611,0.0034627381642467095,20000,20000,20,,
hopper-medium-replay-v2,2,adm,14,53,1,0.10196673575739869,0.4829203686303115,0.0034147626743160054,20000,20000,20,,
hopper-medium-replay-v2,2,adm,14,54,4,0.10027244532664545,0.4621384979945986,0.0032678126577934635,20000,20000,20,,
hopper-medium-replay-v2,2,adm,14,55,1,0.10197583283385633,0.45990036915061366,0.003251986696965954,20000,20000,20,,
hopper-medium-replay-v2,2,adm,14,56,4,0.1055990466436841,0.4713967726012607,0.0033332785453580437,20000,20000,20,,
hopper-medium-replay-v2,2,adm,14,57,3,0.1094952847958818,0.4929444907607518,0.00348564392165477,20000,20000,20,,
hopper-medium-replay-v2,2,adm,14,58,2,0.11539101469299592,0.5116923250282494,0.0036182111290858606,20000,20000,20,,
hopper-medium-replay-v2,2,adm,14,59,2,0.12277467388289094,0.5841500669685387,0.004130564735840296,20000,20000,20,,
hopper-medium-replay-v2,2,adm,14,60,5,0.12582832899517835,0.607409875849983,0.004295036421732019,20000,20000,20,,
hopper-medium-replay-v2,2,adm,14,61,3,0.13142327438796564,0.6198289540933579,0.0043828525661517865,20000,20000,20,,
hopper-medium-replay-v2,2,adm,14,62,3,0.13592390365911325,0.6539941013626178,0.004624436639295093,20000,20000,20,,
hopper-medium-replay-v2,2,adm,14,63,2,0.14526768488276062,0.6860957739594105,0.004851429743101318,20000,20000,20,,
hopper-medium-replay-v2,2,adm,14,64,1,0.15508054259008486,0.7171389976602077,0.005070938482988565,20000,20000,20,,
hopper-medium-replay-v2,2,adm,14,65,2,0.15833898814943406,0.7220559738773472,0.005105706755249288,20000,20000,20,,
hopper-medium-replay-v2,2,adm,14,66,4,0.15408711693237961,0.7013641850037285,0.004959393712975127,20000,20000,20,,
hopper-medium-replay-v2,2,adm,14,67,2,0.15945258963691786,0.6955639041344048,0.004918379533620273,20000,20000,20,,
hopper-medium-replay-v2,2,adm,14,68,4,0.16233531479261493,0.7278653663683421,0.005146785363498855,20000,20000,20,,
hopper-medium-replay-v2,2,adm,14,69,1,0.16974443410879556,0.7558888050152119,0.005344940998492523,20000,20000,20,,
hopper-medium-replay-v2,2,adm,14,70,2,0.1777475632011125,0.7999496426926709,0.005656498169557433,20000,20000,20,,
hopper-medium-replay-v2,2,adm,14,71,4,0.1839690190387167,0.8176912977979983,0.005781950615901933,20000,20000,20,,
hopper-medium-replay-v2,2,adm,14,72,5,0.18137365343345996,0.8038735127682424,0.005684244120946749,20000,20000,20,,
hopper-medium-replay-v2,2,adm,14,73,5,0.1793877249237236,0.7900694963643112,0.005586634984878448,20000,20000,20,,
hopper-medium-replay-v2,2,adm,14,74,4,0.18585202983371263,0.8113163818595098,0.005736873153005939,20000,20000,20,,
hopper-medium-replay-v2,2,adm,14,75,4,0.19609257175620928,0.839706858032269,0.005937624135234669,20000,20000,20,,
hopper-medium-replay-v2,2,adm,14,76,3,0.1938394810882128,0.8365203656572175,0.005915092231568688,20000,20000,20,,
hopper-medium-replay-v2,2,adm,14,77,1,0.19550981097391354,0.8185315115090273,0.0057878918240290775,20000,20000,20,,
hopper-medium-replay-v2,2,adm,14,78,3,0.20344704956662482,0.8444619069476955,0.005971247408564388,20000,20000,20,,
hopper-medium-replay-v2,2,adm,14,79,4,0.2122860501291615,0.8784293044805412,0.006211433179911732,20000,20000,20,,
hopper-medium-replay-v2,2,adm,14,80,1,0.2171704665091189,0.8869828091716495,0.006271915591611668,20000,20000,20,,
hopper-medium-replay-v2,2,adm,14,81,1,0.21565358138857177,0.8504658098199365,0.006013701412909857,20000,20000,20,,
hopper-medium-replay-v2,2,adm,14,82,5,0.22667906051692763,0.9057909718464888,0.006404909385302054,20000,20000,20,,
hopper-medium-replay-v2,2,adm,14,83,2,0.228413776989698,0.8900045119219604,0.006293282256666416,20000,20000,20,,
hopper-medium-replay-v2,2,adm,14,84,3,0.2378587086921503,0.9270827685258158,0.0065554651234580276,20000,20000,20,,
hopper-medium-replay-v2,2,adm,14,85,1,0.2435312845360626,0.9359515545904284,0.00661817691112983,20000,20000,20,,
hopper-medium-replay-v2,2,adm,14,86,4,0.23492628753197195,0.913345800522733,0.006458330091178802,20000,20000,20,,
hopper-medium-replay-v2,2,adm,14,87,3,0.25451884325034907,0.9843383878214302,0.00696032349010767,20000,20000,20,,
hopper-medium-replay-v2,2,adm,14,88,5,0.26711116117393724,1.0181219192487432,0.007199209131754488,20000,20000,20,,
hopper-medium-replay-v2,2,adm,14,89,4,0.2780092576337208,1.0556147560432088,0.007464323523187359,20000,20000,20,,
hopper-medium-replay-v2,2,adm,14,90,3,0.29127863760615014,1.0959854384846421,0.007749787356342022,20000,20000,20,,
hopper-medium-replay-v2,2,adm,14,91,4,0.2944796860543471,1.104938884459542,0.007813097779980413,20000,20000,20,,
hopper-medium-replay-v2,2,adm,14,92,5,0.2995422440132397,1.123553938846173,0.007944726091869844,20000,20000,20,,
hopper-medium-replay-v2,2,adm,14,93,5,0.2976525148583974,1.1139214627836933,0.007876614200435878,20000,20000,20,,
hopper-medium-replay-v2,2,adm,14,94,3,0.30700823167980557,1.1398720463149448,0.008060112536342838,20000,20000,20,,
hopper-medium-replay-v2,2,adm,14,95,1,0.31773485688887065,1.1459809385001594,0.008103308927239865,20000,20000,20,,
hopper-medium-replay-v2,2,adm,14,96,3,0.3145931527327682,1.1211318672460844,0.007927599459340424,20000,20000,20,,
hopper-medium-replay-v2,2,adm,14,97,2,0.3221890925278597,1.1422873395945017,0.008077191238908129,20000,20000,20,,
hopper-medium-replay-v2,2,adm,14,98,2,0.31073571399840294,1.0915280425891738,0.0077182688077008345,20000,20000,20,,
hopper-medium-replay-v2,2,adm,14,99,5,0.31752943017857516,1.1265072563606062,0.007965609200284371,20000,20000,20,,
hopper-medium-replay-v2,2,adm,14,100,3,0.3368773611148194,1.1523230101060695,0.008148154145632963,20000,20000,20,,
hopper-medium-replay-v2,2,adm,15,1,2,0.002158051477312176,0.01052703116140089,7.443735119988666e-05,20000,20000,20,,
hopper-medium-replay-v2,2,adm,15,2,2,0.0022491863572802018,0.010585065571928983,7.484771645215244e-05,20000,20000,20,,
hopper-medium-replay-v2,2,adm,15,3,1,0.004816261276536371,0.02457560358540957,0.00017377575946995536,20000,20000,20,,
hopper-medium-replay-v2,2,adm,15,4,2,0.005691299618710289,0.03910952388262749,0.0002765460954638313,20000,20000,20,,
hopper-medium-replay-v2,2,adm,15,5,3,0.007775341204722147,0.06474236225488046,0.0004577976338046195,20000,20000,20,,
hopper-medium-replay-v2,2,adm,15,6,3,0.012495302247847824,0.10019421331255603,0.0007084800766895982,20000,20000,20,,
hopper-medium-replay-v2,2,adm,15,7,2,0.013275571365619649,0.10919694775394392,0.0007721390224168688,20000,20000,20,,
hopper-medium-replay-v2,2,adm,15,8,1,0.01709046744465573,0.1444920416608862,0.0010217130248590177,20000,20000,20,,
hopper-medium-replay-v2,2,adm,15,9,1,0.019803028356303196,0.14269200907611868,0.001008984872388559,20000,20000,20,,
hopper-medium-replay-v2,2,adm,15,10,2,0.02324770627504292,0.19683833751003318,0.0013918572325083082,20000,20000,20,,
hopper-medium-replay-v2,2,adm,15,11,2,0.027150697894937924,0.21225824439734614,0.0015008924397611496,20000,20000,20,,
hopper-medium-replay-v2,2,adm,15,12,1,0.028632555028482422,0.2013688680152562,0.0014238929209344651,20000,20000,20,,
hopper-medium-replay-v2,2,adm,15,13,4,0.027882426562324092,0.21079982695886282,0.001490579871155627,20000,20000,20,,
hopper-medium-replay-v2,2,adm,15,14,5,0.028082296798573724,0.2141102130424773,0.0015139878356363206,20000,20000,20,,
hopper-medium-replay-v2,2,adm,15,15,2,0.028382131771702974,0.21328402333208166,0.0015081457921686475,20000,20000,20,,
hopper-medium-replay-v2,2,adm,15,16,5,0.029884785922520526,0.21703549736790415,0.001534672719470401,20000,20000,20,,
hopper-medium-replay-v2,2,adm,15,17,5,0.03367224435831889,0.2251585972839545,0.0015921117098193517,20000,20000,20,,
hopper-medium-replay-v2,2,adm,15,18,3,0.028779283178746694,0.18023445438970007,0.0012744500490241442,20000,20000,20,,
hopper-medium-replay-v2,2,adm,15,19,2,0.031948017699766906,0.2048699541883744,0.0014486493386797687,20000,20000,20,,
hopper-medium-replay-v2,2,adm,15,20,2,0.030288741794943962,0.17934781997543672,0.0012681805969565545,20000,20000,20,,
hopper-medium-replay-v2,2,adm,15,21,3,0.03131463775344112,0.191304904318887,0.0013527299511812863,20000,20000,20,,
hopper-medium-replay-v2,2,adm,15,22,1,0.03336973959523267,0.18665576300640113,0.0013198555576937536,20000,20000,20,,
hopper-medium-replay-v2,2,adm,15,23,1,0.03856734188911101,0.2153802555980326,0.001522968392670607,20000,20000,20,,
hopper-medium-replay-v2,2,adm,15,24,4,0.0366007606328217,0.20417612326141898,0.0014437432131452974,20000,20000,20,,
hopper-medium-replay-v2,2,adm,15,25,5,0.03710649665703869,0.20724850776656636,0.0014654682523253194,20000,20000,20,,
hopper-medium-replay-v2,2,adm,15,26,2,0.03902258016293251,0.20773805721956823,0.0014689298897047572,20000,20000,20,,
hopper-medium-replay-v2,2,adm,15,27,3,0.03898839663277419,0.19692601450764374,0.0013924772025039533,20000,20000,20,,
hopper-medium-replay-v2,2,adm,15,28,3,0.03958197044957517,0.20372265219708705,0.0014405366884986874,20000,20000,20,,
hopper-medium-replay-v2,2,adm,15,29,4,0.03869606117443336,0.20633363074335978,0.001458999094854708,20000,20000,20,,
hopper-medium-replay-v2,2,adm,15,30,4,0.04387389164926329,0.22065968443030226,0.0015602995919515037,20000,20000,20,,
hopper-medium-replay-v2,2,adm,15,31,2,0.04575402874887878,0.23586237166361312,0.0016677988243008262,20000,20000,20,,
hopper-medium-replay-v2,2,adm,15,32,2,0.048456428835118234,0.24650676819381928,0.0017430660739822996,20000,20000,20,,
hopper-medium-replay-v2,2,adm,15,33,3,0.04883160541618555,0.23027551244862685,0.0016282937639363127,20000,20000,20,,
hopper-medium-replay-v2,2,adm,15,34,4,0.051197911141681755,0.2559963922614523,0.0018101678492736435,20000,20000,20,,
hopper-medium-replay-v2,2,adm,15,35,4,0.054959338304144435,0.30391619860483277,0.0021490120494591478,20000,20000,20,,
hopper-medium-replay-v2,2,adm,15,36,1,0.05979331010608946,0.31971451382797206,0.0022607230077151927,20000,20000,20,,
hopper-medium-replay-v2,2,adm,15,37,2,0.06032480746933977,0.31836341540512103,0.0022511692991467086,20000,20000,20,,
hopper-medium-replay-v2,2,adm,15,38,5,0.06189252634492782,0.3307099890286866,0.0023384727584831303,20000,20000,20,,
hopper-medium-replay-v2,2,adm,15,39,4,0.06838246244705588,0.38452615289892256,0.0027190105025840334,20000,20000,20,,
hopper-medium-replay-v2,2,adm,15,40,1,0.06922501645592889,0.36491403130208633,0.002580331860838253,20000,20000,20,,
hopper-medium-replay-v2,2,adm,15,41,5,0.07334014624500959,0.38130914025728474,0.002696262788043384,20000,20000,20,,
hopper-medium-replay-v2,2,adm,15,42,1,0.07641106302374782,0.38153892126297373,0.0026978875851164895,20000,20000,20,,
hopper-medium-replay-v2,2,adm,15,43,1,0.07866958598767584,0.37039216038318235,0.0026190680830528354,20000,20000,20,,
hopper-medium-replay-v2,2,adm,15,44,4,0.07700516923874735,0.36323014959694255,0.0025684250191140216,20000,20000,20,,
hopper-medium-replay-v2,2,adm,15,45,4,0.08072603296303621,0.39809426283441024,0.0028149515280167124,20000,20000,20,,
hopper-medium-replay-v2,2,adm,15,46,4,0.08531077816087754,0.4248174100000273,0.0030039127137712514,20000,20000,20,,
hopper-medium-replay-v2,2,adm,15,47,5,0.0865851129588456,0.4218252169081989,0.0029827547135127374,20000,20000,20,,
hopper-medium-replay-v2,2,adm,15,48,5,0.09384491275120778,0.4414101867889747,0.003121241363633046,20000,20000,20,,
hopper-medium-replay-v2,2,adm,15,49,4,0.09208789333232348,0.4413176387472721,0.0031205869501543114,20000,20000,20,,
hopper-medium-replay-v2,2,adm,15,50,2,0.10293605263482687,0.48204569342464365,0.0034085777866233705,20000,20000,20,,
hopper-medium-replay-v2,2,adm,15,51,3,0.10544278884568394,0.4876348366295123,0.003448098997235224,20000,20000,20,,
hopper-medium-replay-v2,2,adm,15,52,5,0.1002822553348371,0.44690269747897765,0.0031600792791794527,20000,20000,20,,
hopper-medium-replay-v2,2,adm,15,53,3,0.10862361377611378,0.48292659012157696,0.0034148066669026345,20000,20000,20,,
hopper-medium-replay-v2,2,adm,15,54,1,0.1133002839201524,0.49115084154592453,0.0034729609064260273,20000,20000,20,,
hopper-medium-replay-v2,2,adm,15,55,5,0.11620136487943068,0.5170159888990346,0.003655855117323761,20000,20000,20,,
hopper-medium-replay-v2,2,adm,15,56,5,0.1207678208578429,0.5342763924046425,0.0037779046009720754,20000,20000,20,,
hopper-medium-replay-v2,2,adm,15,57,1,0.12596013837350425,0.5443982179746422,0.0038494767159574167,20000,20000,20,,
hopper-medium-replay-v2,2,adm,15,58,2,0.12637367286263398,0.5478762520272522,0.0038740701305954,20000,20000,20,,
hopper-medium-replay-v2,2,adm,15,59,2,0.13885975192376923,0.6222346528761866,0.00439986342538009,20000,20000,20,,
hopper-medium-replay-v2,2,adm,15,60,2,0.13879870349738807,0.6265359007502672,0.004430277840773356,20000,20000,20,,
hopper-medium-replay-v2,2,adm,15,61,1,0.1431994939390689,0.6333349631205833,0.004478354471850965,20000,20000,20,,
hopper-medium-replay-v2,2,adm,15,62,3,0.1568777963369984,0.7251217331308571,0.005127384946825711,20000,20000,20,,
hopper-medium-replay-v2,2,adm,15,63,1,0.16335477364254636,0.7507272828733605,0.005308443525415047,20000,20000,20,,
hopper-medium-replay-v2,2,adm,15,64,3,0.17434348684155432,0.7891597175626796,0.005580201877278312,20000,20000,20,,
hopper-medium-replay-v2,2,adm,15,65,4,0.179457513811664,0.8081216401673929,0.005714282917859585,20000,20000,20,,
hopper-medium-replay-v2,2,adm,15,66,4,0.17816434838468354,0.7768355195552055,0.005493056637440606,20000,20000,20,,
hopper-medium-replay-v2,2,adm,15,67,4,0.18259269376823817,0.8036337364348132,0.0056825486462333905,20000,20000,20,,
hopper-medium-replay-v2,2,adm,15,68,4,0.18630874671574937,0.8059494890160324,0.0056989234897706935,20000,20000,20,,
hopper-medium-replay-v2,2,adm,15,69,4,0.18786689461679976,0.8367113817023205,0.005916442918976765,20000,20000,20,,
hopper-medium-replay-v2,2,adm,15,70,1,0.18561916567918746,0.7992574759909876,0.005651603811872716,20000,20000,20,,
hopper-medium-replay-v2,2,adm,15,71,5,0.1904652375814094,0.8315644046601445,0.005880048295285424,20000,20000,20,,
hopper-medium-replay-v2,2,adm,15,72,2,0.19611387131177108,0.8451819382605783,0.005976338798804448,20000,20000,20,,
hopper-medium-replay-v2,2,adm,15,73,1,0.20457855864566277,0.8658642937072951,0.006122585136677288,20000,20000,20,,
hopper-medium-replay-v2,2,adm,15,74,5,0.2055857821140396,0.865884012610166,0.006122724570376664,20000,20000,20,,
hopper-medium-replay-v2,2,adm,15,75,4,0.20716524568340733,0.8664137035556979,0.006126470050971851,20000,20000,20,,
hopper-medium-replay-v2,2,adm,15,76,1,0.20727996763578085,0.8367591259685074,0.005916780521920601,20000,20000,20,,
hopper-medium-replay-v2,2,adm,15,77,4,0.2305241018116621,0.9321671185557544,0.0065914169072989835,20000,20000,20,,
hopper-medium-replay-v2,2,adm,15,78,3,0.21833268760208321,0.8911963195418799,0.006301709609165566,20000,20000,20,,
hopper-medium-replay-v2,2,adm,15,79,3,0.22667044907538367,0.9109050917149184,0.006441071673689728,20000,20000,20,,
hopper-medium-replay-v2,2,adm,15,80,4,0.23406490238160055,0.9397197071757758,0.006644821773586278,20000,20000,20,,
hopper-medium-replay-v2,2,adm,15,81,1,0.23698857178849422,0.9330277513765279,0.00659750250033579,20000,20000,20,,
hopper-medium-replay-v2,2,adm,15,82,4,0.24329912580095833,0.9817152300913391,0.006941774963916976,20000,20000,20,,
hopper-medium-replay-v2,2,adm,15,83,2,0.2524799965432506,0.9991434692488539,0.007065011224841173,20000,20000,20,,
hopper-medium-replay-v2,2,adm,15,84,3,0.2583882641838927,1.0022785967577343,0.007087179924055311,20000,20000,20,,
hopper-medium-replay-v2,2,adm,15,85,3,0.2598219452260101,1.0185416881112586,0.0072021773458466444,20000,20000,20,,
hopper-medium-replay-v2,2,adm,15,86,1,0.2689420900481575,1.0195720563665032,0.007209463149650672,20000,20000,20,,
hopper-medium-replay-v2,2,adm,15,87,3,0.2810784271844137,1.054514831148848,0.007456545879671375,20000,20000,20,,
hopper-medium-replay-v2,2,adm,15,88,3,0.27852592397012454,1.0506921631035662,0.0074295155347009366,20000,20000,20,,
hopper-medium-replay-v2,2,adm,15,89,2,0.28885944898451593,1.0587661975149507,0.007486607579539172,20000,20000,20,,
hopper-medium-replay-v2,2,adm,15,90,1,0.29781669289710017,1.0759210181555217,0.0076079104795890385,20000,20000,20,,
hopper-medium-replay-v2,2,adm,15,91,5,0.30126278315805316,1.109295582751913,0.007843904289041607,20000,20000,20,,
hopper-medium-replay-v2,2,adm,15,92,4,0.30749221204646776,1.137641613318072,0.008044340993372128,20000,20000,20,,
hopper-medium-replay-v2,2,adm,15,93,5,0.3134804538401075,1.126851963278042,0.00796804664627278,20000,20000,20,,
hopper-medium-replay-v2,2,adm,15,94,2,0.32111515124194445,1.1425932479180847,0.008079354337408397,20000,20000,20,,
hopper-medium-replay-v2,2,adm,15,95,1,0.32852909306711486,1.149991303602245,0.008131666490827052,20000,20000,20,,
hopper-medium-replay-v2,2,adm,15,96,3,0.3242049903710347,1.1505051129324368,0.008135299671443207,20000,20000,20,,
hopper-medium-replay-v2,2,adm,15,97,3,0.33853524308527577,1.1925926571434868,0.008432903550594428,20000,20000,20,,
hopper-medium-replay-v2,2,adm,15,98,4,0.3501083803269393,1.221126140890506,0.008634665749078363,20000,20000,20,,
hopper-medium-replay-v2,2,adm,15,99,1,0.3611216661651276,1.2537040666672834,0.008865026471415875,20000,20000,20,,
hopper-medium-replay-v2,2,adm,15,100,1,0.37072492817206415,1.2814677676495598,0.009061345483769908,20000,20000,20,,
hopper-medium-replay-v2,2,adm,16,1,2,0.00220908467135513,0.011026502012540693,7.796914345834637e-05,20000,20000,20,,
hopper-medium-replay-v2,2,adm,16,2,2,0.0021203451382354006,0.010036172443956036,7.096645592278879e-05,20000,20000,20,,
hopper-medium-replay-v2,2,adm,16,3,1,0.005153430013892371,0.028911992805378338,0.00020443866170299696,20000,20000,20,,
hopper-medium-replay-v2,2,adm,16,4,5,0.005538771138223125,0.03887512294787345,0.00027488863055902084,20000,20000,20,,
hopper-medium-replay-v2,2,adm,16,5,2,0.010669043179460025,0.0821709220150573,0.0005810361617319797,20000,20000,20,,
hopper-medium-replay-v2,2,adm,16,6,2,0.008785478558928918,0.06622078986248817,0.0004682516956729476,20000,20000,20,,
hopper-medium-replay-v2,2,adm,16,7,1,0.012470152663844528,0.09680083145641034,0.0006844852434732382,20000,20000,20,,
hopper-medium-replay-v2,2,adm,16,8,5,0.016431140427108862,0.1467215456429524,0.0010374779987030317,20000,20000,20,,
hopper-medium-replay-v2,2,adm,16,9,2,0.016542466505627216,0.12277550455680314,0.0008681539183571536,20000,20000,20,,
hopper-medium-replay-v2,2,adm,16,10,2,0.018140045664174865,0.15598984157168602,0.001103014747715544,20000,20000,20,,
hopper-medium-replay-v2,2,adm,16,11,4,0.019013008398470546,0.1456993686757708,0.0010302501160523638,20000,20000,20,,
hopper-medium-replay-v2,2,adm,16,12,2,0.018389471309330895,0.13759871893532877,0.0009729698724175277,20000,20000,20,,
hopper-medium-replay-v2,2,adm,16,13,5,0.01645918912235868,0.11011273617739765,0.0007786146244604316,20000,20000,20,,
hopper-medium-replay-v2,2,adm,16,14,1,0.018670773165378837,0.1278128028239821,0.0009037729959929686,20000,20000,20,,
hopper-medium-replay-v2,2,adm,16,15,5,0.02057243995858344,0.14674232095464027,0.0010376249023407893,20000,20000,20,,
hopper-medium-replay-v2,2,adm,16,16,3,0.019662979115694316,0.12667790293034595,0.0008957480418853884,20000,20000,20,,
hopper-medium-replay-v2,2,adm,16,17,2,0.023478369088009796,0.14937264728090222,0.0010562241181611225,20000,20000,20,,
hopper-medium-replay-v2,2,adm,16,18,3,0.024329908265665293,0.15698160175486103,0.0011100275512238827,20000,20000,20,,
hopper-medium-replay-v2,2,adm,16,19,5,0.025715999660648303,0.1612400220011941,0.0011401391295571247,20000,20000,20,,
hopper-medium-replay-v2,2,adm,16,20,1,0.02605855926630809,0.159130813009285,0.0011252247697459388,20000,20000,20,,
hopper-medium-replay-v2,2,adm,16,21,1,0.02811153826691687,0.15849531056125182,0.0011207310888412898,20000,20000,20,,
hopper-medium-replay-v2,2,adm,16,22,5,0.027787399557565203,0.16149077529989367,0.0011419122231362783,20000,20000,20,,
hopper-medium-replay-v2,2,adm,16,23,4,0.028185605540102125,0.16243107555462716,0.0011485611500010131,20000,20000,20,,
hopper-medium-replay-v2,2,adm,16,24,4,0.031271909415795614,0.179942177084288,0.0012723833363777063,20000,20000,20,,
hopper-medium-replay-v2,2,adm,16,25,5,0.03221631314438071,0.18617372450226688,0.00131644703074309,20000,20000,20,,
hopper-medium-replay-v2,2,adm,16,26,3,0.031500498527850467,0.16547935472200132,0.0011701157387030126,20000,20000,20,,
hopper-medium-replay-v2,2,adm,16,27,4,0.03357275172943769,0.1936725527566815,0.0013694717538395886,20000,20000,20,,
hopper-medium-replay-v2,2,adm,16,28,4,0.03863022872749414,0.21255484240058878,0.0015029897043549421,20000,20000,20,,
hopper-medium-replay-v2,2,adm,16,29,2,0.03708888381774887,0.2077048199778447,0.0014686948669146507,20000,20000,20,,
hopper-medium-replay-v2,2,adm,16,30,2,0.04078592028255221,0.22622638605816167,0.0015996621166505195,20000,20000,20,,
hopper-medium-replay-v2,2,adm,16,31,4,0.0409883509487863,0.24181771415319023,0.0017099094548875097,20000,20000,20,,
hopper-medium-replay-v2,2,adm,16,32,5,0.04165264902050875,0.23459082344797214,0.0016588076206419723,20000,20000,20,,
hopper-medium-replay-v2,2,adm,16,33,3,0.04697410860597135,0.24559739481160778,0.0017366358331303766,20000,20000,20,,
hopper-medium-replay-v2,2,adm,16,34,3,0.045596417415049606,0.25092333517815196,0.0017742959186241622,20000,20000,20,,
hopper-medium-replay-v2,2,adm,16,35,3,0.04574582377648506,0.24690120038434188,0.0017458551307486675,20000,20000,20,,
hopper-medium-replay-v2,2,adm,16,36,1,0.05042166353661064,0.2527385128174013,0.001787131162801876,20000,20000,20,,
hopper-medium-replay-v2,2,adm,16,37,5,0.05124586980367627,0.27824481592617545,0.001967487961714013,20000,20000,20,,
hopper-medium-replay-v2,2,adm,16,38,5,0.0614327387562744,0.3154782451766894,0.0022307680648126927,20000,20000,20,,
hopper-medium-replay-v2,2,adm,16,39,3,0.060234118228166926,0.31319226413202594,0.0022146037378292386,20000,20000,20,,
hopper-medium-replay-v2,2,adm,16,40,2,0.06491785168146043,0.34382366412299425,0.002431200444337751,20000,20000,20,,
hopper-medium-replay-v2,2,adm,16,41,5,0.06684167458141303,0.3661141666707661,0.0025888180994136055,20000,20000,20,,
hopper-medium-replay-v2,2,adm,16,42,4,0.06647396748140856,0.34146420704906033,0.0024145165633687785,20000,20000,20,,
hopper-medium-replay-v2,2,adm,16,43,4,0.07192936677447352,0.36999504106312947,0.0026162600254113393,20000,20000,20,,
hopper-medium-replay-v2,2,adm,16,44,3,0.0737083299073282,0.37693779462257987,0.0026653527066312836,20000,20000,20,,
hopper-medium-replay-v2,2,adm,16,45,1,0.07651883412660478,0.3704537874893708,0.0026195038524997427,20000,20000,20,,
hopper-medium-replay-v2,2,adm,16,46,1,0.07554419125835425,0.33155013771591546,0.0023444135068225753,20000,20000,20,,
hopper-medium-replay-v2,2,adm,16,47,1,0.07886492083790417,0.34635679056877244,0.0024491123532118784,20000,20000,20,,
hopper-medium-replay-v2,2,adm,16,48,5,0.07789515317329909,0.35324798134575514,0.0024978404305004247,20000,20000,20,,
hopper-medium-replay-v2,2,adm,16,49,2,0.09257237372581723,0.43560790316199616,0.003080213022643004,20000,20000,20,,
hopper-medium-replay-v2,2,adm,16,50,4,0.09597550614415107,0.4615334671309524,0.0032635344435283497,20000,20000,20,,
hopper-medium-replay-v2,2,adm,16,51,4,0.10230190818657685,0.48805461425718233,0.0034510672733063827,20000,20000,20,,
hopper-medium-replay-v2,2,adm,16,52,1,0.1068081725152201,0.5022447051107514,0.0035514063679885012,20000,20000,20,,
hopper-medium-replay-v2,2,adm,16,53,3,0.1071068254867138,0.5226571595231426,0.0036957442173451327,20000,20000,20,,
hopper-medium-replay-v2,2,adm,16,54,3,0.11551989686972652,0.543992493930643,0.0038466078137293943,20000,20000,20,,
hopper-medium-replay-v2,2,adm,16,55,3,0.11236614874337433,0.4951400641193084,0.003501168969759049,20000,20000,20,,
hopper-medium-replay-v2,2,adm,16,56,4,0.11325651554436265,0.5192814506177973,0.0036718743507623175,20000,20000,20,,
hopper-medium-replay-v2,2,adm,16,57,5,0.1136801307263534,0.5234985608683057,0.0037016938233137755,20000,20000,20,,
hopper-medium-replay-v2,2,adm,16,58,4,0.11954071051693511,0.5453918130111844,0.0038565024938383404,20000,20000,20,,
hopper-medium-replay-v2,2,adm,16,59,2,0.13133375016121074,0.6156308935485655,0.004353167795361242,20000,20000,20,,
hopper-medium-replay-v2,2,adm,16,60,4,0.1399339047798127,0.6611820473183483,0.004675263092576088,20000,20000,20,,
hopper-medium-replay-v2,2,adm,16,61,2,0.1417130327209129,0.6629965683962445,0.004688093694163952,20000,20000,20,,
hopper-medium-replay-v2,2,adm,16,62,4,0.14368218556629658,0.6798993104245609,0.004807614129252645,20000,20000,20,,
hopper-medium-replay-v2,2,adm,16,63,3,0.1526337142555084,0.7154281504767602,0.005058840966538669,20000,20000,20,,
hopper-medium-replay-v2,2,adm,16,64,4,0.1545916544494327,0.7388880828930929,0.005224727739516338,20000,20000,20,,
hopper-medium-replay-v2,2,adm,16,65,1,0.15385849925594908,0.7158443060353821,0.005061783630713968,20000,20000,20,,
hopper-medium-replay-v2,2,adm,16,66,2,0.1560154327497117,0.734815123175743,0.005195927565159961,20000,20000,20,,
hopper-medium-replay-v2,2,adm,16,67,1,0.15815089981714606,0.7022863112966775,0.0049659141305236736,20000,20000,20,,
hopper-medium-replay-v2,2,adm,16,68,4,0.1606406180833485,0.7255960654893651,0.005130738983098082,20000,20000,20,,
hopper-medium-replay-v2,2,adm,16,69,3,0.16624746274488195,0.7555376287191179,0.005342457807088923,20000,20000,20,,
hopper-medium-replay-v2,2,adm,16,70,1,0.17150774989097609,0.7649062069256384,0.005408703658887994,20000,20000,20,,
hopper-medium-replay-v2,2,adm,16,71,3,0.17664045475978624,0.7878618872161217,0.005571024830889506,20000,20000,20,,
hopper-medium-replay-v2,2,adm,16,72,5,0.18906694280868752,0.8370794365304801,0.0059190454596251664,20000,20000,20,,
hopper-medium-replay-v2,2,adm,16,73,1,0.19225645041968922,0.8311224796258851,0.0058769234134004155,20000,20000,20,,
hopper-medium-replay-v2,2,adm,16,74,3,0.1935487012727365,0.8314824755458979,0.005879468968962821,20000,20000,20,,
hopper-medium-replay-v2,2,adm,16,75,4,0.19883418665920158,0.8561981878494894,0.006054235446680074,20000,20000,20,,
hopper-medium-replay-v2,2,adm,16,76,1,0.20548214687684307,0.8690022624759622,0.00614477392663205,20000,20000,20,,
hopper-medium-replay-v2,2,adm,16,77,4,0.2044984156045672,0.8652225258057279,0.006118047152325828,20000,20000,20,,
hopper-medium-replay-v2,2,adm,16,78,2,0.20572546102442293,0.8179986907766051,0.0057841242124985525,20000,20000,20,,
hopper-medium-replay-v2,2,adm,16,79,3,0.2107279645668859,0.8360208002061608,0.005911559770387801,20000,20000,20,,
hopper-medium-replay-v2,2,adm,16,80,1,0.21908935605683433,0.8564061424027261,0.006055705907427797,20000,20000,20,,
hopper-medium-replay-v2,2,adm,16,81,2,0.22807389406897524,0.9005241275967005,0.006367667172457267,20000,20000,20,,
hopper-medium-replay-v2,2,adm,16,82,3,0.23385097794205587,0.9176882997337914,0.006489036197573169,20000,20000,20,,
hopper-medium-replay-v2,2,adm,16,83,5,0.2443765827763651,0.9601539106670811,0.006789313412154756,20000,20000,20,,
hopper-medium-replay-v2,2,adm,16,84,4,0.24884613639663586,0.9596272435779175,0.006785589313453002,20000,20000,20,,
hopper-medium-replay-v2,2,adm,16,85,5,0.2487842224327881,0.9476853673097648,0.006701147496559988,20000,20000,20,,
hopper-medium-replay-v2,2,adm,16,86,3,0.24775026752864115,0.9313477129500934,0.0065856228346959315,20000,20000,20,,
hopper-medium-replay-v2,2,adm,16,87,2,0.256280396895934,0.9694102074136552,0.0068547653141365315,20000,20000,20,,
hopper-medium-replay-v2,2,adm,16,88,4,0.26958985117186723,1.027011069772749,0.0072620649178996135,20000,20000,20,,
hopper-medium-replay-v2,2,adm,16,89,3,0.26990351562382514,1.010918858306986,0.007148275799382323,20000,20000,20,,
hopper-medium-replay-v2,2,adm,16,90,1,0.2793709196729499,1.0218430374583263,0.007225521410950418,20000,20000,20,,
hopper-medium-replay-v2,2,adm,16,91,5,0.2847886061209278,1.065788171736301,0.007536260435431511,20000,20000,20,,
hopper-medium-replay-v2,2,adm,16,92,5,0.2900781682008472,1.0659471940768612,0.0075373848931852136,20000,20000,20,,
hopper-medium-replay-v2,2,adm,16,93,1,0.3009336881624529,1.0971210718481637,0.007757817496864899,20000,20000,20,,
hopper-medium-replay-v2,2,adm,16,94,3,0.3059889466262404,1.123176290344592,0.007942055713706117,20000,20000,20,,
hopper-medium-replay-v2,2,adm,16,95,2,0.31510687057758396,1.1372041719526842,0.008041247815813756,20000,20000,20,,
hopper-medium-replay-v2,2,adm,16,96,4,0.3146669963203282,1.1468794922752867,0.008109662661916399,20000,20000,20,,
hopper-medium-replay-v2,2,adm,16,97,4,0.3228237821512178,1.1537312157362976,0.008158111663137357,20000,20000,20,,
hopper-medium-replay-v2,2,adm,16,98,1,0.327661844092395,1.1578227563584835,0.008187043224331836,20000,20000,20,,
hopper-medium-replay-v2,2,adm,16,99,1,0.33462013872265206,1.1795339479465876,0.008340564532327722,20000,20000,20,,
hopper-medium-replay-v2,2,adm,16,100,2,0.3527599781025795,1.2436965122765984,0.00879426237568841,20000,20000,20,,
hopper-medium-replay-v2,2,adm,17,1,5,0.005660273148272104,0.03999412395279891,0.00028280116254639437,20000,20000,20,,
hopper-medium-replay-v2,2,adm,17,2,4,0.004155096374511687,0.028178906666861625,0.0001992549599056067,20000,20000,20,,
hopper-medium-replay-v2,2,adm,17,3,3,0.002785988557962934,0.0149009666428644,0.00010536574559403961,20000,20000,20,,
hopper-medium-replay-v2,2,adm,17,4,3,0.010377685011159403,0.08562356637562724,0.0006054500441358248,20000,20000,20,,
hopper-medium-replay-v2,2,adm,17,5,4,0.01067128033437486,0.08246498891843697,0.0005831155287470027,20000,20000,20,,
hopper-medium-replay-v2,2,adm,17,6,4,0.01095023516434798,0.0966716662110516,0.0006835719072643702,20000,20000,20,,
hopper-medium-replay-v2,2,adm,17,7,5,0.01162238957206774,0.09445126975400417,0.000667871333347362,20000,20000,20,,
hopper-medium-replay-v2,2,adm,17,8,3,0.013580933811470814,0.101974967110673,0.0007210719075523203,20000,20000,20,,
hopper-medium-replay-v2,2,adm,17,9,4,0.014607350468436666,0.10372025908659942,0.0007334129854656007,20000,20000,20,,
hopper-medium-replay-v2,2,adm,17,10,4,0.013717460526100572,0.11103145297247945,0.0007851109332183546,20000,20000,20,,
hopper-medium-replay-v2,2,adm,17,11,4,0.014105981680384079,0.10173783398846276,0.0007193951231647323,20000,20000,20,,
hopper-medium-replay-v2,2,adm,17,12,1,0.016669872119386735,0.11555186147787164,0.0008170750482973162,20000,20000,20,,
hopper-medium-replay-v2,2,adm,17,13,1,0.01887107231446407,0.11251131554237205,0.0007955751418023067,20000,20000,20,,
hopper-medium-replay-v2,2,adm,17,14,1,0.020812292127275974,0.11153319799161866,0.0007886588062729538,20000,20000,20,,
hopper-medium-replay-v2,2,adm,17,15,2,0.02366050414969495,0.15855688846511115,0.0011211665103751916,20000,20000,20,,
hopper-medium-replay-v2,2,adm,17,16,5,0.019370873748172944,0.13412192530642175,0.0009483852288996644,20000,20000,20,,
hopper-medium-replay-v2,2,adm,17,17,3,0.031195393367620245,0.21849270950949876,0.0015449767653398902,20000,20000,20,,
hopper-medium-replay-v2,2,adm,17,18,3,0.031154344844983087,0.2078522385968531,0.0014697372739663906,20000,20000,20,,
hopper-medium-replay-v2,2,adm,17,19,4,0.031698003563772364,0.20543351850007774,0.0014526343401441702,20000,20000,20,,
hopper-medium-replay-v2,2,adm,17,20,4,0.02114166229417242,0.13420864523989104,0.0009489984314298662,20000,20000,20,,
hopper-medium-replay-v2,2,adm,17,21,2,0.03223056901357776,0.20843990925955136,0.001473892733073374,20000,20000,20,,
hopper-medium-replay-v2,2,adm,17,22,4,0.03152425265196095,0.1890255104684817,0.0013366122026951214,20000,20000,20,,
hopper-medium-replay-v2,2,adm,17,23,1,0.03358980516030216,0.20975477726427771,0.0014831902538984462,20000,20000,20,,
hopper-medium-replay-v2,2,adm,17,24,3,0.035877351578114086,0.21799697395377057,0.0015414713856085835,20000,20000,20,,
hopper-medium-replay-v2,2,adm,17,25,3,0.033883645478971186,0.20016493324280613,0.001415379816517408,20000,20000,20,,
hopper-medium-replay-v2,2,adm,17,26,4,0.03423122621142612,0.18263542217623446,0.0012914274550568335,20000,20000,20,,
hopper-medium-replay-v2,2,adm,17,27,1,0.03849736325196859,0.2073901796497466,0.0014664700238183213,20000,20000,20,,
hopper-medium-replay-v2,2,adm,17,28,1,0.04242070933183833,0.22150579635171871,0.0015662825067242672,20000,20000,20,,
hopper-medium-replay-v2,2,adm,17,29,1,0.04286232598005462,0.20557787513121142,0.001453655095672009,20000,20000,20,,
hopper-medium-replay-v2,2,adm,17,30,2,0.04404920230129413,0.21418489912155578,0.0015145159459660868,20000,20000,20,,
hopper-medium-replay-v2,2,adm,17,31,2,0.04878752598305078,0.24664372906432255,0.0017440345335852003,20000,20000,20,,
hopper-medium-replay-v2,2,adm,17,32,1,0.05530075530825625,0.29003733663907105,0.0020508736753477265,20000,20000,20,,
hopper-medium-replay-v2,2,adm,17,33,5,0.05171828206974917,0.2701625817354334,0.0019103379356798986,20000,20000,20,,
hopper-medium-replay-v2,2,adm,17,34,4,0.05663198177559034,0.2753535883009624,0.0019470438951165931,20000,20000,20,,
hopper-medium-replay-v2,2,adm,17,35,3,0.06527205879847205,0.3311800339626113,0.0023417964780855357,20000,20000,20,,
hopper-medium-replay-v2,2,adm,17,36,5,0.06570145829983377,0.33597821354472157,0.0023757247312841457,20000,20000,20,,
hopper-medium-replay-v2,2,adm,17,37,1,0.06737158187073307,0.33554282934481405,0.0023726461000823846,20000,20000,20,,
hopper-medium-replay-v2,2,adm,17,38,1,0.06641581344689605,0.3171459703101807,0.0022425606623231622,20000,20000,20,,
hopper-medium-replay-v2,2,adm,17,39,4,0.07201986850765514,0.35616505515842,0.002518467257241995,20000,20000,20,,
hopper-medium-replay-v2,2,adm,17,40,5,0.07342652517728152,0.35929668138540627,0.0025406111986544314,20000,20000,20,,
hopper-medium-replay-v2,2,adm,17,41,1,0.07478565049018016,0.3526284185118025,0.002493459459687834,20000,20000,20,,
hopper-medium-replay-v2,2,adm,17,42,5,0.07103915892044177,0.32964772126845404,0.002330961391116167,20000,20000,20,,
hopper-medium-replay-v2,2,adm,17,43,3,0.0742931839988012,0.34719506556426155,0.002455039852549973,20000,20000,20,,
hopper-medium-replay-v2,2,adm,17,44,3,0.07876750720264739,0.34660498016235336,0.0024508673186582884,20000,20000,20,,
hopper-medium-replay-v2,2,adm,17,45,3,0.08107784144284738,0.36464150788372063,0.0025784048292666678,20000,20000,20,,
hopper-medium-replay-v2,2,adm,17,46,1,0.08197119125724923,0.3539588670101752,0.0025028671512400224,20000,20000,20,,
hopper-medium-replay-v2,2,adm,17,47,5,0.08098070203162375,0.3594573622986829,0.002541747384288283,20000,20000,20,,
hopper-medium-replay-v2,2,adm,17,48,5,0.08752059727748378,0.3927018653218934,0.002776821519537171,20000,20000,20,,
hopper-medium-replay-v2,2,adm,17,49,2,0.08923603712736242,0.4179158441281043,0.0029551112734828274,20000,20000,20,,
hopper-medium-replay-v2,2,adm,17,50,5,0.09878540898204788,0.4893566545537011,0.003460274088536848,20000,20000,20,,
hopper-medium-replay-v2,2,adm,17,51,5,0.10771091318879168,0.5344815866601418,0.003779355543467316,20000,20000,20,,
hopper-medium-replay-v2,2,adm,17,52,3,0.09905902803858671,0.4585471748014388,0.0032424181679603053,20000,20000,20,,
hopper-medium-replay-v2,2,adm,17,53,5,0.10156861169802643,0.4551048292802193,0.0032180771093478907,20000,20000,20,,
hopper-medium-replay-v2,2,adm,17,54,5,0.11066617207765848,0.4967563881574823,0.0035125981066389247,20000,20000,20,,
hopper-medium-replay-v2,2,adm,17,55,3,0.12120146223769404,0.5514417416369085,0.0038992819494077812,20000,20000,20,,
hopper-medium-replay-v2,2,adm,17,56,2,0.12284542505761879,0.567954233487361,0.004016042899025207,20000,20000,20,,
hopper-medium-replay-v2,2,adm,17,57,3,0.127030656392229,0.5913765156980734,0.004181663444845805,20000,20000,20,,
hopper-medium-replay-v2,2,adm,17,58,4,0.12622094893043764,0.5827487547164383,0.0041206559618800955,20000,20000,20,,
hopper-medium-replay-v2,2,adm,17,59,5,0.13137372590037022,0.5939828496626884,0.004200093009049966,20000,20000,20,,
hopper-medium-replay-v2,2,adm,17,60,2,0.1345409674257977,0.6147340789695465,0.004346826358658329,20000,20000,20,,
hopper-medium-replay-v2,2,adm,17,61,4,0.14337972008531571,0.6790848476314065,0.004801855007612009,20000,20000,20,,
hopper-medium-replay-v2,2,adm,17,62,4,0.1487954373920043,0.6804489360785985,0.0048115005695234855,20000,20000,20,,
hopper-medium-replay-v2,2,adm,17,63,2,0.1513736067464901,0.6647877614303073,0.00470075934157195,20000,20000,20,,
hopper-medium-replay-v2,2,adm,17,64,1,0.15429729792549846,0.6727083555198295,0.004756766399489223,20000,20000,20,,
hopper-medium-replay-v2,2,adm,17,65,5,0.15749194690548557,0.70929082167502,0.005015443498397849,20000,20000,20,,
hopper-medium-replay-v2,2,adm,17,66,3,0.1675989444167548,0.7433164776693038,0.005256041219276636,20000,20000,20,,
hopper-medium-replay-v2,2,adm,17,67,2,0.17269821197713645,0.7583995429049539,0.005362694596368709,20000,20000,20,,
hopper-medium-replay-v2,2,adm,17,68,5,0.1798186093000129,0.801030961621034,0.005664144249026143,20000,20000,20,,
hopper-medium-replay-v2,2,adm,17,69,4,0.18240706323694877,0.8089387871495778,0.005720061019582876,20000,20000,20,,
hopper-medium-replay-v2,2,adm,17,70,5,0.1851843556844819,0.8007938353441082,0.005662467513042025,20000,20000,20,,
hopper-medium-replay-v2,2,adm,17,71,2,0.1908404639661676,0.8137441848566812,0.005754040312632787,20000,20000,20,,
hopper-medium-replay-v2,2,adm,17,72,1,0.19417616489615994,0.802903704843828,0.00567738654334873,20000,20000,20,,
hopper-medium-replay-v2,2,adm,17,73,1,0.20117578258249832,0.8149004381492436,0.005762216258072189,20000,20000,20,,
hopper-medium-replay-v2,2,adm,17,74,5,0.19777073292560057,0.8063227328212571,0.005701562722027796,20000,20000,20,,
hopper-medium-replay-v2,2,adm,17,75,2,0.21347607672249605,0.8654158392807708,0.006119414085016804,20000,20000,20,,
hopper-medium-replay-v2,2,adm,17,76,3,0.2247983856001331,0.9310653095749789,0.006583625941280197,20000,20000,20,,
hopper-medium-replay-v2,2,adm,17,77,1,0.22272221011319002,0.9072096513145123,0.006414940964023749,20000,20000,20,,
hopper-medium-replay-v2,2,adm,17,78,2,0.23359929956566566,0.9329009016719714,0.006596605537472955,20000,20000,20,,
hopper-medium-replay-v2,2,adm,17,79,3,0.240987008270049,0.9674629208776103,0.0068409959189910255,20000,20000,20,,
hopper-medium-replay-v2,2,adm,17,80,1,0.23989762087392164,0.9452044860053842,0.006683605016623523,20000,20000,20,,
hopper-medium-replay-v2,2,adm,17,81,5,0.2391893004290178,0.9513331584976252,0.006726941275412874,20000,20000,20,,
hopper-medium-replay-v2,2,adm,17,82,1,0.23785407200094527,0.9085794586044649,0.006424626964260191,20000,20000,20,,
hopper-medium-replay-v2,2,adm,17,83,1,0.2433511690151575,0.9041951689622981,0.006393625354893571,20000,20000,20,,
hopper-medium-replay-v2,2,adm,17,84,2,0.2505852405852337,0.9268719256501196,0.00655397423918633,20000,20000,20,,
hopper-medium-replay-v2,2,adm,17,85,2,0.2590114430826412,0.9653480117001867,0.006826041252781526,20000,20000,20,,
hopper-medium-replay-v2,2,adm,17,86,4,0.2608169642193308,0.9808169604365231,0.006935423238274432,20000,20000,20,,
hopper-medium-replay-v2,2,adm,17,87,5,0.2642738507780907,1.0077051955749257,0.00712555177227946,20000,20000,20,,
hopper-medium-replay-v2,2,adm,17,88,3,0.28738366955487493,1.0752422950349623,0.007603111182378082,20000,20000,20,,
hopper-medium-replay-v2,2,adm,17,89,2,0.28687226714263314,1.085729904243702,0.0076772697782774265,20000,20000,20,,
hopper-medium-replay-v2,2,adm,17,90,1,0.29156408135043166,1.0867467205593278,0.007684459755397426,20000,20000,20,,
hopper-medium-replay-v2,2,adm,17,91,3,0.29876480914324266,1.0795203964257665,0.007633361927418494,20000,20000,20,,
hopper-medium-replay-v2,2,adm,17,92,2,0.2920641349875609,1.0541817028250737,0.007454190306703914,20000,20000,20,,
hopper-medium-replay-v2,2,adm,17,93,5,0.31643954089920184,1.132401822648809,0.00800729007822979,20000,20000,20,,
hopper-medium-replay-v2,2,adm,17,94,2,0.3243850809260721,1.1467528254513086,0.008108766992214536,20000,20000,20,,
hopper-medium-replay-v2,2,adm,17,95,1,0.3376600137313361,1.1852068426504667,0.008380677955468424,20000,20000,20,,
hopper-medium-replay-v2,2,adm,17,96,2,0.3475021996983483,1.2296371634855106,0.008694847766995958,20000,20000,20,,
hopper-medium-replay-v2,2,adm,17,97,5,0.35183356057996196,1.2615482024618672,0.008920492887544857,20000,20000,20,,
hopper-medium-replay-v2,2,adm,17,98,2,0.3643123171505834,1.2571161513494769,0.008889153553583492,20000,20000,20,,
hopper-medium-replay-v2,2,adm,17,99,5,0.3642470120082265,1.236715797861521,0.00874490127068413,20000,20000,20,,
hopper-medium-replay-v2,2,adm,17,100,3,0.3577774103258223,1.2235782649354043,0.008652004884482945,20000,20000,20,,
hopper-medium-replay-v2,2,adm,18,1,2,0.0021392524143988537,0.01067859738087063,7.550908621574528e-05,20000,20000,20,,
hopper-medium-replay-v2,2,adm,18,2,3,0.0027779750264560264,0.015387868275857473,0.00010880866005864166,20000,20000,20,,
hopper-medium-replay-v2,2,adm,18,3,5,0.005642859039776883,0.040128165293541726,0.00028374897795638016,20000,20000,20,,
hopper-medium-replay-v2,2,adm,18,4,2,0.0067884134590840035,0.05198976847368949,0.00036762317840064417,20000,20000,20,,
hopper-medium-replay-v2,2,adm,18,5,5,0.005734684845831979,0.04038717508119414,0.00028558045372880725,20000,20000,20,,
hopper-medium-replay-v2,2,adm,18,6,3,0.01057609148536929,0.09312065709127867,0.0006584624809779031,20000,20000,20,,
hopper-medium-replay-v2,2,adm,18,7,3,0.014989457621265887,0.12989159285030102,0.0009184722612356992,20000,20000,20,,
hopper-medium-replay-v2,2,adm,18,8,2,0.013188086868656492,0.10527803915887386,0.000744428153992626,20000,20000,20,,
hopper-medium-replay-v2,2,adm,18,9,2,0.019657549055314735,0.16725130266881927,0.0011826453027940582,20000,20000,20,,
hopper-medium-replay-v2,2,adm,18,10,4,0.014359138918338728,0.10854313300732531,0.0007675158540071309,20000,20000,20,,
hopper-medium-replay-v2,2,adm,18,11,2,0.02202770120072402,0.1706586818407277,0.0012067391119793605,20000,20000,20,,
hopper-medium-replay-v2,2,adm,18,12,2,0.0182667856044347,0.14316955053761438,0.0010123616004457723,20000,20000,20,,
hopper-medium-replay-v2,2,adm,18,13,5,0.020154991445957483,0.14540750795146304,0.0010281863490791633,20000,20000,20,,
hopper-medium-replay-v2,2,adm,18,14,5,0.02223786291041594,0.152466662675688,0.0010781021108286087,20000,20000,20,,
hopper-medium-replay-v2,2,adm,18,15,1,0.02331246755607101,0.15083660200036808,0.0010665758412559663,20000,20000,20,,
hopper-medium-replay-v2,2,adm,18,16,3,0.021231986106011586,0.14283662486112728,0.001010007460411021,20000,20000,20,,
hopper-medium-replay-v2,2,adm,18,17,5,0.02236558199204999,0.15392217270623335,0.0010883941209554452,20000,20000,20,,
hopper-medium-replay-v2,2,adm,18,18,1,0.024939590627887517,0.16883514294733903,0.0011938447448066353,20000,20000,20,,
hopper-medium-replay-v2,2,adm,18,19,5,0.022962793121829573,0.1332355529286342,0.0009421176297097642,20000,20000,20,,
hopper-medium-replay-v2,2,adm,18,20,1,0.02460407219562684,0.1406744385060358,0.0009947184940722789,20000,20000,20,,
hopper-medium-replay-v2,2,adm,18,21,5,0.025373822299244404,0.15689624987846404,0.0011094240223180096,20000,20000,20,,
hopper-medium-replay-v2,2,adm,18,22,4,0.027862824574008203,0.15803845364107239,0.001117500622578381,20000,20000,20,,
hopper-medium-replay-v2,2,adm,18,23,4,0.025964220405395547,0.1416922695981943,0.0010019156467459568,20000,20000,20,,
hopper-medium-replay-v2,2,adm,18,24,3,0.030830728454597958,0.17755756209641163,0.0012555215620932416,20000,20000,20,,
hopper-medium-replay-v2,2,adm,18,25,3,0.03330677626119344,0.19188441135163292,0.0013568276847072858,20000,20000,20,,
hopper-medium-replay-v2,2,adm,18,26,4,0.03331512735378809,0.18417905106087734,0.0013023425595764975,20000,20000,20,,
hopper-medium-replay-v2,2,adm,18,27,4,0.03242336598531123,0.1761750722519277,0.0012457458826536803,20000,20000,20,,
hopper-medium-replay-v2,2,adm,18,28,4,0.03535580880475779,0.19789425011926287,0.0013993236621715752,20000,20000,20,,
hopper-medium-replay-v2,2,adm,18,29,2,0.036754629368736906,0.20097302161859026,0.0014210938642205578,20000,20000,20,,
hopper-medium-replay-v2,2,adm,18,30,5,0.040168411888640586,0.21607532922657746,0.0015278833054322872,20000,20000,20,,
hopper-medium-replay-v2,2,adm,18,31,4,0.038649882447636244,0.19965883707205923,0.0014118011761747311,20000,20000,20,,
hopper-medium-replay-v2,2,adm,18,32,1,0.04221994443145685,0.22583414914479827,0.00159688858283781,20000,20000,20,,
hopper-medium-replay-v2,2,adm,18,33,1,0.04587125022359113,0.23809468747327878,0.0016835836807684715,20000,20000,20,,
hopper-medium-replay-v2,2,adm,18,34,2,0.048157278070440825,0.25965640953289953,0.0018360480795926455,20000,20000,20,,
hopper-medium-replay-v2,2,adm,18,35,4,0.046425776928184975,0.2531557576599151,0.0017900815293774423,20000,20000,20,,
hopper-medium-replay-v2,2,adm,18,36,2,0.055392209269007876,0.2947173916844219,0.0020839666619366652,20000,20000,20,,
hopper-medium-replay-v2,2,adm,18,37,5,0.0559029576912814,0.3272384300089639,0.002313925129241778,20000,20000,20,,
hopper-medium-replay-v2,2,adm,18,38,4,0.06014796633084252,0.3209192703492591,0.0022692419227740004,20000,20000,20,,
hopper-medium-replay-v2,2,adm,18,39,4,0.055422624407852596,0.2977684425313085,0.0021055408493724503,20000,20000,20,,
hopper-medium-replay-v2,2,adm,18,40,5,0.0582581125708652,0.3080689202588183,0.002178376225878282,20000,20000,20,,
hopper-medium-replay-v2,2,adm,18,41,4,0.06191621762327371,0.329401066967626,0.002329217281828924,20000,20000,20,,
hopper-medium-replay-v2,2,adm,18,42,1,0.06293499240915292,0.3133288902776513,0.002215569830569829,20000,20000,20,,
hopper-medium-replay-v2,2,adm,18,43,4,0.06409943555083505,0.33810819871228714,0.0023907860008422696,20000,20000,20,,
hopper-medium-replay-v2,2,adm,18,44,2,0.0708320373462434,0.35876225638427517,0.0025368322432310774,20000,20000,20,,
hopper-medium-replay-v2,2,adm,18,45,3,0.0743790872141102,0.366842263229357,0.002593966519552988,20000,20000,20,,
hopper-medium-replay-v2,2,adm,18,46,2,0.0764999655718631,0.3629713372339082,0.0025665949393444566,20000,20000,20,,
hopper-medium-replay-v2,2,adm,18,47,1,0.08108536107801914,0.3711477009179201,0.002624410561408579,20000,20000,20,,
hopper-medium-replay-v2,2,adm,18,48,4,0.08183659795934514,0.4022068132734321,0.002844031651050753,20000,20000,20,,
hopper-medium-replay-v2,2,adm,18,49,1,0.08984399483667885,0.44335899453510047,0.00313502151535819,20000,20000,20,,
hopper-medium-replay-v2,2,adm,18,50,5,0.08802333276352269,0.424668415361884,0.0030028591625813356,20000,20000,20,,
hopper-medium-replay-v2,2,adm,18,51,5,0.0975311367668135,0.4662102197017284,0.0032966040780956227,20000,20000,20,,
hopper-medium-replay-v2,2,adm,18,52,1,0.09793845341141916,0.4439642599253411,0.0031393013879767568,20000,20000,20,,
hopper-medium-replay-v2,2,adm,18,53,3,0.0948791599577699,0.4408663690171156,0.003117395991290933,20000,20000,20,,
hopper-medium-replay-v2,2,adm,18,54,3,0.10267382926413968,0.4729076148126907,0.0033439618130880937,20000,20000,20,,
hopper-medium-replay-v2,2,adm,18,55,5,0.1007764890822979,0.46861424652956896,0.0033136031148168275,20000,20000,20,,
hopper-medium-replay-v2,2,adm,18,56,2,0.10792292421442773,0.5080468254759806,0.0035924335545436427,20000,20000,20,,
hopper-medium-replay-v2,2,adm,18,57,1,0.11339008314806688,0.507993570774428,0.0035920569869376637,20000,20000,20,,
hopper-medium-replay-v2,2,adm,18,58,4,0.1170273629435733,0.5394223306282532,0.003814291879106897,20000,20000,20,,
hopper-medium-replay-v2,2,adm,18,59,5,0.12525854586045265,0.5879551182198632,0.004157470511266035,20000,20000,20,,
hopper-medium-replay-v2,2,adm,18,60,5,0.12214442835205927,0.5967776264685382,0.004219855065363158,20000,20000,20,,
hopper-medium-replay-v2,2,adm,18,61,4,0.13928862151785418,0.6482969753844491,0.004584151875170722,20000,20000,20,,
hopper-medium-replay-v2,2,adm,18,62,2,0.13274493436408188,0.6390239304070335,0.004518581545312938,20000,20000,20,,
hopper-medium-replay-v2,2,adm,18,63,4,0.14038483535688273,0.6647509976370091,0.004700499382296517,20000,20000,20,,
hopper-medium-replay-v2,2,adm,18,64,3,0.1602198877384579,0.7325561163201444,0.005179953974496554,20000,20000,20,,
hopper-medium-replay-v2,2,adm,18,65,5,0.14031323736648654,0.6658117066390348,0.0047079997275784975,20000,20000,20,,
hopper-medium-replay-v2,2,adm,18,66,1,0.14173657426154646,0.6730393042269005,0.004759106560239171,20000,20000,20,,
hopper-medium-replay-v2,2,adm,18,67,5,0.14764521445845602,0.6947618562946618,0.0049127081989570895,20000,20000,20,,
hopper-medium-replay-v2,2,adm,18,68,2,0.14621822853245858,0.6461849293384974,0.004569217454358015,20000,20000,20,,
hopper-medium-replay-v2,2,adm,18,69,1,0.14492042218895024,0.6085631716313893,0.004303191454409481,20000,20000,20,,
hopper-medium-replay-v2,2,adm,18,70,5,0.14690988479451672,0.6525348585946337,0.004614118234728704,20000,20000,20,,
hopper-medium-replay-v2,2,adm,18,71,4,0.157081473667451,0.7045350704338216,0.004981815258874971,20000,20000,20,,
hopper-medium-replay-v2,2,adm,18,72,5,0.16327289976016948,0.725327638045454,0.005128840914439621,20000,20000,20,,
hopper-medium-replay-v2,2,adm,18,73,5,0.1778539323554003,0.7774275119120612,0.005497242655540039,20000,20000,20,,
hopper-medium-replay-v2,2,adm,18,74,2,0.17497270449673533,0.7722038609788814,0.00546030586556601,20000,20000,20,,
hopper-medium-replay-v2,2,adm,18,75,4,0.17701581764518431,0.7620112277979446,0.005388233065162136,20000,20000,20,,
hopper-medium-replay-v2,2,adm,18,76,5,0.18365956360187569,0.8050604406339523,0.0056926369683729765,20000,20000,20,,
hopper-medium-replay-v2,2,adm,18,77,5,0.18573647654204511,0.7892047800549026,0.005580520517216594,20000,20000,20,,
hopper-medium-replay-v2,2,adm,18,78,3,0.1941796482032185,0.8070659463756293,0.0057068180354694605,20000,20000,20,,
hopper-medium-replay-v2,2,adm,18,79,2,0.19500300189145128,0.8085088949356044,0.005717021222586077,20000,20000,20,,
hopper-medium-replay-v2,2,adm,18,80,1,0.20511680305889277,0.8483808648550824,0.005998958625679366,20000,20000,20,,
hopper-medium-replay-v2,2,adm,18,81,5,0.20350803676089171,0.8496986906428438,0.006008277061188852,20000,20000,20,,
hopper-medium-replay-v2,2,adm,18,82,1,0.20429600733308764,0.825102489518615,0.005834355655125149,20000,20000,20,,
hopper-medium-replay-v2,2,adm,18,83,2,0.212952039789528,0.8625872282213461,0.006099412784402219,20000,20000,20,,
hopper-medium-replay-v2,2,adm,18,84,5,0.23056941962555594,0.9419901568267488,0.006660876277031734,20000,20000,20,,
hopper-medium-replay-v2,2,adm,18,85,5,0.23904054137530084,0.9683608957318857,0.006847345560078956,20000,20000,20,,
hopper-medium-replay-v2,2,adm,18,86,4,0.22392242018052497,0.8813973595721513,0.006232420498733859,20000,20000,20,,
hopper-medium-replay-v2,2,adm,18,87,1,0.22996862130028495,0.8933240058791975,0.006316754623539118,20000,20000,20,,
hopper-medium-replay-v2,2,adm,18,88,1,0.24656268671088974,0.9495238109453912,0.006714147256175794,20000,20000,20,,
hopper-medium-replay-v2,2,adm,18,89,4,0.25132719470755954,0.958354459307357,0.006776589369565993,20000,20000,20,,
hopper-medium-replay-v2,2,adm,18,90,2,0.26483137470182644,0.9877078198640191,0.006984148972568289,20000,20000,20,,
hopper-medium-replay-v2,2,adm,18,91,1,0.269908360243819,1.016575207145205,0.007188272225584937,20000,20000,20,,
hopper-medium-replay-v2,2,adm,18,92,3,0.2622785722921831,1.0188811732084273,0.007204577867989842,20000,20000,20,,
hopper-medium-replay-v2,2,adm,18,93,3,0.2742266884474701,1.0022202159696543,0.007086767109543887,20000,20000,20,,
hopper-medium-replay-v2,2,adm,18,94,3,0.29272945366061853,1.065839425526436,0.0075366228544571714,20000,20000,20,,
hopper-medium-replay-v2,2,adm,18,95,2,0.298324822107344,1.0761342390367021,0.007609418178898771,20000,20000,20,,
hopper-medium-replay-v2,2,adm,18,96,4,0.2913068410882651,1.0774320483856221,0.007618595076811858,20000,20000,20,,
hopper-medium-replay-v2,2,adm,18,97,5,0.2990755334264526,1.107951473512312,0.007834400001461832,20000,20000,20,,
hopper-medium-replay-v2,2,adm,18,98,1,0.30487317651371476,1.1124155421948798,0.007865965733833094,20000,20000,20,,
hopper-medium-replay-v2,2,adm,18,99,2,0.314225235535625,1.1587260231577463,0.00819343028512163,20000,20000,20,,
hopper-medium-replay-v2,2,adm,18,100,5,0.33596501331116435,1.2171441840016548,0.00860650906189337,20000,20000,20,,
hopper-medium-replay-v2,2,adm,19,1,1,0.0031201261006309367,0.016894870786643562,0.00011946477700506163,20000,20000,20,,
hopper-medium-replay-v2,2,adm,19,2,1,0.004755509255571559,0.022512817353335712,0.00015918965814157865,20000,20000,20,,
hopper-medium-replay-v2,2,adm,19,3,5,0.00572716318032654,0.04024163450762835,0.00028455132646374576,20000,20000,20,,
hopper-medium-replay-v2,2,adm,19,4,2,0.00820053503600546,0.055759032897199814,0.0003942759027401377,20000,20000,20,,
hopper-medium-replay-v2,2,adm,19,5,3,0.011241761479668596,0.09159905351599523,0.0006477031189142969,20000,20000,20,,
hopper-medium-replay-v2,2,adm,19,6,5,0.010539025089326939,0.08723014203629956,0.0006168102495773313,20000,20000,20,,
hopper-medium-replay-v2,2,adm,19,7,2,0.017944651588296962,0.15292227866016445,0.0010813238023510115,20000,20000,20,,
hopper-medium-replay-v2,2,adm,19,8,3,0.019701205041012238,0.16951427153316292,0.0011986469090899724,20000,20000,20,,
hopper-medium-replay-v2,2,adm,19,9,3,0.014497276474879087,0.11883665013535782,0.0008403020116420477,20000,20000,20,,
hopper-medium-replay-v2,2,adm,19,10,5,0.02012982431503019,0.16509174555806852,0.0011673749280203434,20000,20000,20,,
hopper-medium-replay-v2,2,adm,19,11,2,0.015507411031595364,0.11850315204475613,0.0008379438240282754,20000,20000,20,,
hopper-medium-replay-v2,2,adm,19,12,1,0.018042290161900558,0.1146858232412655,0.0008109512331986059,20000,20000,20,,
hopper-medium-replay-v2,2,adm,19,13,3,0.0189237685774015,0.14497532621968148,0.0010251303627466866,20000,20000,20,,
hopper-medium-replay-v2,2,adm,19,14,2,0.024204036863260312,0.1780606435145874,0.0012590788849160517,20000,20000,20,,
hopper-medium-replay-v2,2,adm,19,15,5,0.0180517538334107,0.11332233712479932,0.0008013099304085364,20000,20000,20,,
hopper-medium-replay-v2,2,adm,19,16,5,0.02390697071117849,0.16693180451033932,0.0011803861096496802,20000,20000,20,,
hopper-medium-replay-v2,2,adm,19,17,2,0.021364611653995575,0.12573853191580728,0.0008891056857410845,20000,20000,20,,
hopper-medium-replay-v2,2,adm,19,18,5,0.024782998167711342,0.16283779226662015,0.0011514370714517344,20000,20000,20,,
hopper-medium-replay-v2,2,adm,19,19,3,0.024375819840032873,0.1494624754256787,0.0010568592990642513,20000,20000,20,,
hopper-medium-replay-v2,2,adm,19,20,4,0.023524067843911662,0.1452761240279288,0.0010272573244464638,20000,20000,20,,
hopper-medium-replay-v2,2,adm,19,21,2,0.026195616948293015,0.16088419171151389,0.00113762302944928,20000,20000,20,,
hopper-medium-replay-v2,2,adm,19,22,2,0.025484007254029547,0.14580931334674252,0.001031027542276358,20000,20000,20,,
hopper-medium-replay-v2,2,adm,19,23,2,0.03035928103158089,0.1746233534877133,0.0012347735740469762,20000,20000,20,,
hopper-medium-replay-v2,2,adm,19,24,5,0.029819723506930244,0.17825115718655013,0.0012604260200095878,20000,20000,20,,
hopper-medium-replay-v2,2,adm,19,25,4,0.033223885265040234,0.19604693804682677,0.0013862611932377016,20000,20000,20,,
hopper-medium-replay-v2,2,adm,19,26,5,0.03317245622071843,0.18069855884328975,0.0012777317630872657,20000,20000,20,,
hopper-medium-replay-v2,2,adm,19,27,5,0.0340363027826945,0.1933109021272344,0.0013669144977145643,20000,20000,20,,
hopper-medium-replay-v2,2,adm,19,28,1,0.0363414393463119,0.2063380859419757,0.0014590305978662364,20000,20000,20,,
hopper-medium-replay-v2,2,adm,19,29,2,0.036303470196505906,0.19338502037579744,0.0013674385928762504,20000,20000,20,,
hopper-medium-replay-v2,2,adm,19,30,5,0.03866344509268214,0.21720554223015984,0.0015358751182224704,20000,20000,20,,
hopper-medium-replay-v2,2,adm,19,31,4,0.03863593595796749,0.208902608261518,0.0014771645090927625,20000,20000,20,,
hopper-medium-replay-v2,2,adm,19,32,5,0.03834869858106301,0.20981867831144657,0.0014836421025362265,20000,20000,20,,
hopper-medium-replay-v2,2,adm,19,33,2,0.040742551679269316,0.20477590688726563,0.0014479843238361055,20000,20000,20,,
hopper-medium-replay-v2,2,adm,19,34,2,0.044763128701909016,0.2371037234386751,0.001676576506880669,20000,20000,20,,
hopper-medium-replay-v2,2,adm,19,35,3,0.04607701591434218,0.24023401531488162,0.001698711013008257,20000,20000,20,,
hopper-medium-replay-v2,2,adm,19,36,1,0.05128617116272967,0.26406415486876583,0.00186721554575999,20000,20000,20,,
hopper-medium-replay-v2,2,adm,19,37,4,0.05561930861999501,0.3042350881162977,0.002151266938819209,20000,20000,20,,
hopper-medium-replay-v2,2,adm,19,38,4,0.0566134585194663,0.30693699647576556,0.0021703723160504526,20000,20000,20,,
hopper-medium-replay-v2,2,adm,19,39,1,0.059259761410342185,0.3080718449041393,0.002178396906243672,20000,20000,20,,
hopper-medium-replay-v2,2,adm,19,40,2,0.06459310405179301,0.3528568732634806,0.002495074878728893,20000,20000,20,,
hopper-medium-replay-v2,2,adm,19,41,3,0.06686403731311763,0.35403508678540985,0.0025034061064393115,20000,20000,20,,
hopper-medium-replay-v2,2,adm,19,42,5,0.06687125544201963,0.3452607592166313,0.0024413622411969577,20000,20000,20,,
hopper-medium-replay-v2,2,adm,19,43,2,0.0684878458950723,0.3435726443894424,0.0024294254667796894,20000,20000,20,,
hopper-medium-replay-v2,2,adm,19,44,5,0.07135676129806132,0.3536477855902589,0.0025006674734247827,20000,20000,20,,
hopper-medium-replay-v2,2,adm,19,45,4,0.07114524472920492,0.34127104015610565,0.0024131506671696886,20000,20000,20,,
hopper-medium-replay-v2,2,adm,19,46,2,0.0773218366854568,0.3888735129968831,0.0027497509806393107,20000,20000,20,,
hopper-medium-replay-v2,2,adm,19,47,1,0.07912356251326141,0.3648001189548026,0.0025795263789060007,20000,20000,20,,
hopper-medium-replay-v2,2,adm,19,48,1,0.08426725542959893,0.374695676485121,0.0026494985372390984,20000,20000,20,,
hopper-medium-replay-v2,2,adm,19,49,5,0.08289009612593304,0.38631021735310084,0.002731625743320267,20000,20000,20,,
hopper-medium-replay-v2,2,adm,19,50,3,0.0913203840506265,0.4112391728401725,0.002907900078048326,20000,20000,20,,
hopper-medium-replay-v2,2,adm,19,51,5,0.09006052898220056,0.41303565732429176,0.0029206031416584978,20000,20000,20,,
hopper-medium-replay-v2,2,adm,19,52,5,0.09922129854284575,0.46648436102276963,0.00329854254996674,20000,20000,20,,
hopper-medium-replay-v2,2,adm,19,53,1,0.10068381012455921,0.4540536627425401,0.0032106442394783975,20000,20000,20,,
hopper-medium-replay-v2,2,adm,19,54,4,0.10657517230631022,0.4993661722828659,0.0035310520671638424,20000,20000,20,,
hopper-medium-replay-v2,2,adm,19,55,3,0.10717715219071451,0.48706450343929947,0.0034440661325718714,20000,20000,20,,
hopper-medium-replay-v2,2,adm,19,56,3,0.11044475346632117,0.4734193411055785,0.0033475802644062176,20000,20000,20,,
hopper-medium-replay-v2,2,adm,19,57,4,0.10885952456350292,0.46967803656744705,0.0033211252463122504,20000,20000,20,,
hopper-medium-replay-v2,2,adm,19,58,1,0.1160797912064069,0.5189102775575656,0.0036692497608834815,20000,20000,20,,
hopper-medium-replay-v2,2,adm,19,59,4,0.12538363821853699,0.589621105633074,0.004169250821238563,20000,20000,20,,
hopper-medium-replay-v2,2,adm,19,60,5,0.12845918593946484,0.6099255496482244,0.004312824921751918,20000,20000,20,,
hopper-medium-replay-v2,2,adm,19,61,1,0.1307648646082168,0.6185855669800108,0.004374060491556909,20000,20000,20,,
hopper-medium-replay-v2,2,adm,19,62,1,0.1369044785236307,0.6332111550677706,0.00447747901671387,20000,20000,20,,
hopper-medium-replay-v2,2,adm,19,63,5,0.14394481814656268,0.666395377506015,0.0047121269038587245,20000,20000,20,,
hopper-medium-replay-v2,2,adm,19,64,2,0.14517032708412034,0.6454236666406836,0.0045638345141991304,20000,20000,20,,
hopper-medium-replay-v2,2,adm,19,65,4,0.1446776769057897,0.6638009692120918,0.004693781666880727,20000,20000,20,,
hopper-medium-replay-v2,2,adm,19,66,2,0.15799836099414172,0.6862227077389952,0.004852327300464378,20000,20000,20,,
hopper-medium-replay-v2,2,adm,19,67,3,0.16701146224290273,0.7432300569146815,0.0052554301322603495,20000,20000,20,,
hopper-medium-replay-v2,2,adm,19,68,5,0.1602872075357636,0.7319082701515585,0.005175373010306825,20000,20000,20,,
hopper-medium-replay-v2,2,adm,19,69,2,0.18040396357079994,0.7897147844943229,0.005584126793192087,20000,20000,20,,
hopper-medium-replay-v2,2,adm,19,70,4,0.18767198111334724,0.8191406538550849,0.00579219911086513,20000,20000,20,,
hopper-medium-replay-v2,2,adm,19,71,4,0.18268013803676567,0.7926765306373669,0.005605069501011082,20000,20000,20,,
hopper-medium-replay-v2,2,adm,19,72,2,0.1830627263904596,0.7788162140279625,0.005507062262372058,20000,20000,20,,
hopper-medium-replay-v2,2,adm,19,73,1,0.18780715436859854,0.8010381043166446,0.005664194755511164,20000,20000,20,,
hopper-medium-replay-v2,2,adm,19,74,1,0.19712954834570892,0.8149011652289111,0.005762221399301822,20000,20000,20,,
hopper-medium-replay-v2,2,adm,19,75,3,0.2046278865059586,0.8714693006942336,0.00616221852116791,20000,20000,20,,
hopper-medium-replay-v2,2,adm,19,76,2,0.21078070084234993,0.8724927636170021,0.006169455496897736,20000,20000,20,,
hopper-medium-replay-v2,2,adm,19,77,1,0.2141042554736307,0.8687392519634732,0.006142914161463006,20000,20000,20,,
hopper-medium-replay-v2,2,adm,19,78,4,0.217520519917097,0.8872824081591514,0.00627403407636866,20000,20000,20,,
hopper-medium-replay-v2,2,adm,19,79,4,0.21959984516710787,0.8888584015355167,0.00628517803240399,20000,20000,20,,
hopper-medium-replay-v2,2,adm,19,80,2,0.23398301730861326,0.9188201130097847,0.006497039325998087,20000,20000,20,,
hopper-medium-replay-v2,2,adm,19,81,3,0.2376832498800165,0.9467149398076763,0.00669428553788622,20000,20000,20,,
hopper-medium-replay-v2,2,adm,19,82,3,0.22907398686895358,0.9029675426411,0.006384944725928748,20000,20000,20,,
hopper-medium-replay-v2,2,adm,19,83,1,0.23176582851865843,0.8878440825051234,0.006278005713757213,20000,20000,20,,
hopper-medium-replay-v2,2,adm,19,84,3,0.2436392094430771,0.932267777866951,0.00659212867611435,20000,20000,20,,
hopper-medium-replay-v2,2,adm,19,85,3,0.24933180102716251,0.9663323800624783,0.006833001788223146,20000,20000,20,,
hopper-medium-replay-v2,2,adm,19,86,4,0.2518067070700012,0.9662029184308123,0.0068320863562466,20000,20000,20,,
hopper-medium-replay-v2,2,adm,19,87,3,0.2664061829531935,1.0063996698732611,0.007116320311512857,20000,20000,20,,
hopper-medium-replay-v2,2,adm,19,88,1,0.2724338706858243,1.0150436455295526,0.007177442449542608,20000,20000,20,,
hopper-medium-replay-v2,2,adm,19,89,3,0.2719378289517548,1.01235640245439,0.007158440771531168,20000,20000,20,,
hopper-medium-replay-v2,2,adm,19,90,1,0.2740470896875596,1.0169421136466004,0.007190866646336918,20000,20000,20,,
hopper-medium-replay-v2,2,adm,19,91,3,0.2872963282888986,1.0645691473100714,0.007527640631049321,20000,20000,20,,
hopper-medium-replay-v2,2,adm,19,92,5,0.28822894661550796,1.0776684513688428,0.007620266698337139,20000,20000,20,,
hopper-medium-replay-v2,2,adm,19,93,3,0.29474348873962236,1.07604026939812,0.0076087537132121,20000,20000,20,,
hopper-medium-replay-v2,2,adm,19,94,4,0.3106237337235051,1.1222206902011906,0.007935298600291097,20000,20000,20,,
hopper-medium-replay-v2,2,adm,19,95,4,0.32582158362773955,1.1567334676885983,0.00817934079028038,20000,20000,20,,
hopper-medium-replay-v2,2,adm,19,96,2,0.32001565690781697,1.1849216839655479,0.00837866157907022,20000,20000,20,,
hopper-medium-replay-v2,2,adm,19,97,1,0.3275046215914938,1.1830702082308984,0.00836556966859849,20000,20000,20,,
hopper-medium-replay-v2,2,adm,19,98,1,0.33778150288564385,1.2011494580440192,0.008493409270014724,20000,20000,20,,
hopper-medium-replay-v2,2,adm,19,99,2,0.34872600813574767,1.2335587559837358,0.008722577613481412,20000,20000,20,,
hopper-medium-replay-v2,2,adm,19,100,3,0.3579273337062835,1.2760518992774954,0.009023049511250903,20000,20000,20,,
hopper-medium-replay-v2,2,ensemble,0,1,1,0.004741856271118135,0.030952648941794194,0.00021886827962429287,20000,20000,20,,
hopper-medium-replay-v2,2,ensemble,0,2,1,0.007397677176904301,0.046298518530887206,0.00032737996412081377,20000,20000,20,,
hopper-medium-replay-v2,2,ensemble,0,3,1,0.010490535211193521,0.06123198453288518,0.000432975514887129,20000,20000,20,,
hopper-medium-replay-v2,2,ensemble,0,4,1,0.014157389265931943,0.08491764765900785,0.000600458445020944,20000,20000,20,,
hopper-medium-replay-v2,2,ensemble,0,5,1,0.019346598397420298,0.1299632783363028,0.0009189791541683443,20000,20000,20,,
hopper-medium-replay-v2,2,ensemble,0,6,1,0.02604050153092315,0.18484974931879417,0.0013070851124395275,20000,20000,20,,
hopper-medium-replay-v2,2,ensemble,0,7,1,0.03008766134667778,0.21427879067532102,0.0015151798595097223,20000,20000,20,,
hopper-medium-replay-v2,2,ensemble,0,8,1,0.03424282477580792,0.22789675509261945,0.0016114734093640106,20000,20000,20,,
hopper-medium-replay-v2,2,ensemble,0,9,1,0.03887203302341302,0.26478045765155156,0.0018722805713108958,20000,20000,20,,
hopper-medium-replay-v2,2,ensemble,0,10,1,0.044622314263434035,0.318451150300462,0.0022517896785411314,20000,20000,20,,
hopper-medium-replay-v2,2,ensemble,0,11,1,0.04749163515903471,0.3257885718957848,0.002303673084205905,20000,20000,20,,
hopper-medium-replay-v2,2,ensemble,0,12,1,0.04902637667043909,0.32800494199437574,0.0023193451874692324,20000,20000,20,,
hopper-medium-replay-v2,2,ensemble,0,13,1,0.051122466767129594,0.3202413792546852,0.0022644485088752085,20000,20000,20,,
hopper-medium-replay-v2,2,ensemble,0,14,1,0.052083720612506684,0.3354226485049168,0.0023717962932137846,20000,20000,20,,
hopper-medium-replay-v2,2,ensemble,0,15,1,0.05308613007231639,0.34084366431244745,0.002410128663598028,20000,20000,20,,
hopper-medium-replay-v2,2,ensemble,0,16,1,0.05733547124587192,0.34863067912194406,0.0024651911733679795,20000,20000,20,,
hopper-medium-replay-v2,2,ensemble,0,17,1,0.06172182006387884,0.3697841085988389,0.002614768507652617,20000,20000,20,,
hopper-medium-replay-v2,2,ensemble,0,18,1,0.06534084935643773,0.3620241964495789,0.0025598976426310805,20000,20000,20,,
hopper-medium-replay-v2,2,ensemble,0,19,1,0.06997613937616347,0.38436114569243607,0.002717843725437521,20000,20000,20,,
hopper-medium-replay-v2,2,ensemble,0,20,1,0.07466785372723052,0.3952281567505599,0.0027946850975418065,20000,20000,20,,
hopper-medium-replay-v2,2,ensemble,0,21,1,0.07819138294158186,0.41970739006633384,0.0029677794163001205,20000,20000,20,,
hopper-medium-replay-v2,2,ensemble,0,22,1,0.08076920558923162,0.42510476748442033,0.0030059446380296417,20000,20000,20,,
hopper-medium-replay-v2,2,ensemble,0,23,1,0.08654754881354916,0.4627941268191461,0.003272448653671253,20000,20000,20,,
hopper-medium-replay-v2,2,ensemble,0,24,1,0.09005533289517846,0.486103591092491,0.00343727145620633,20000,20000,20,,
hopper-medium-replay-v2,2,ensemble,0,25,1,0.09006430438841888,0.4697144240436786,0.0033213825446241864,20000,20000,20,,
hopper-medium-replay-v2,2,ensemble,0,26,1,0.0956925713325391,0.48689267937088987,0.0034428511529324365,20000,20000,20,,
hopper-medium-replay-v2,2,ensemble,0,27,1,0.0951466186607314,0.4481133785316984,0.003168640087001782,20000,20000,20,,
hopper-medium-replay-v2,2,ensemble,0,28,1,0.10205291263124686,0.4951238416018757,0.0035010542592382034,20000,20000,20,,
hopper-medium-replay-v2,2,ensemble,0,29,1,0.10272413109525359,0.4718539719490778,0.0033365114329499987,20000,20000,20,,
hopper-medium-replay-v2,2,ensemble,0,30,1,0.10934259098412656,0.5058401391207585,0.0035768299256863493,20000,20000,20,,
hopper-medium-replay-v2,2,ensemble,0,31,1,0.11590596056764077,0.5410799530253808,0.0038260130394834535,20000,20000,20,,
hopper-medium-replay-v2,2,ensemble,0,32,1,0.11704934410094796,0.5331440878016261,0.0037698979983404593,20000,20000,20,,
hopper-medium-replay-v2,2,ensemble,0,33,1,0.12185916841373128,0.546901275281489,0.003867176003911116,20000,20000,20,,
hopper-medium-replay-v2,2,ensemble,0,34,1,0.12358203001895572,0.5159375168378385,0.0036482291682458415,20000,20000,20,,
hopper-medium-replay-v2,2,ensemble,0,35,1,0.12816358767725528,0.5411970683529157,0.0038268411699062615,20000,20000,20,,
hopper-medium-replay-v2,2,ensemble,0,36,1,0.13023035705105027,0.5563307726719443,0.0039338526193908345,20000,20000,20,,
hopper-medium-replay-v2,2,ensemble,0,37,1,0.13425528128613134,0.5567600089153205,0.003936887777975058,20000,20000,20,,
hopper-medium-replay-v2,2,ensemble,0,38,1,0.14055970563871964,0.5824856166189264,0.004118795294548704,20000,20000,20,,
hopper-medium-replay-v2,2,ensemble,0,39,1,0.14858938687281856,0.6264669485987638,0.004429790275434302,20000,20000,20,,
hopper-medium-replay-v2,2,ensemble,0,40,1,0.15805008700022816,0.6721473741870997,0.004752799662444299,20000,20000,20,,
hopper-medium-replay-v2,2,ensemble,0,41,1,0.16154523074281738,0.7051800575502082,0.00498637600651272,20000,20000,20,,
hopper-medium-replay-v2,2,ensemble,0,42,1,0.16242083917741293,0.6789190186564827,0.004800682419685151,20000,20000,20,,
hopper-medium-replay-v2,2,ensemble,0,43,1,0.16643005149035206,0.6507910359112986,0.004601787546282972,20000,20000,20,,
hopper-medium-replay-v2,2,ensemble,0,44,1,0.17074253997364866,0.6665254703682713,0.004713046799309578,20000,20000,20,,
hopper-medium-replay-v2,2,ensemble,0,45,1,0.17594623015136532,0.6891595503279881,0.004873093913563922,20000,20000,20,,
hopper-medium-replay-v2,2,ensemble,0,46,1,0.18633001258658138,0.7237991236955887,0.005118032685820315,20000,20000,20,,
hopper-medium-replay-v2,2,ensemble,0,47,1,0.18312989934800858,0.6940789378002323,0.004907879235973002,20000,20000,20,,
hopper-medium-replay-v2,2,ensemble,0,48,1,0.18807915908146883,0.7348368155341979,0.005196080953297594,20000,20000,20,,
hopper-medium-replay-v2,2,ensemble,0,49,1,0.1966692265025968,0.7755451538141914,0.005483932373783788,20000,20000,20,,
hopper-medium-replay-v2,2,ensemble,0,50,1,0.2090375235713792,0.83154024339128,0.005879877449314863,20000,20000,20,,
hopper-medium-replay-v2,2,ensemble,0,51,1,0.2157309596354865,0.8505050401475701,0.0060139788132168364,20000,20000,20,,
hopper-medium-replay-v2,2,ensemble,0,52,1,0.21559530795002801,0.8320270576480215,0.005883319745936065,20000,20000,20,,
hopper-medium-replay-v2,2,ensemble,0,53,1,0.2229375417119691,0.8539240655511805,0.006038154973696256,20000,20000,20,,
hopper-medium-replay-v2,2,ensemble,0,54,1,0.22996520378742927,0.8870111276669904,0.006272115833612553,20000,20000,20,,
hopper-medium-replay-v2,2,ensemble,0,55,1,0.23560658518635186,0.8826654485415074,0.006241387241827654,20000,20000,20,,
hopper-medium-replay-v2,2,ensemble,0,56,1,0.24431514739854507,0.9226534556094952,0.006524145151466753,20000,20000,20,,
hopper-medium-replay-v2,2,ensemble,0,57,1,0.25258749935467417,0.955752207475415,0.00675818867039878,20000,20000,20,,
hopper-medium-replay-v2,2,ensemble,0,58,1,0.26491223305058115,1.0151597964134855,0.0071782637603193065,20000,20000,20,,
hopper-medium-replay-v2,2,ensemble,0,59,1,0.278155411394404,1.0522612609300828,0.007440610731835686,20000,20000,20,,
hopper-medium-replay-v2,2,ensemble,0,60,1,0.2913365086677197,1.1014308746365828,0.007788292404637578,20000,20000,20,,
hopper-medium-replay-v2,2,ensemble,0,61,1,0.30218489805814447,1.1441548202765455,0.008090396321448208,20000,20000,20,,
hopper-medium-replay-v2,2,ensemble,0,62,1,0.3050068926708966,1.1353914179502305,0.008028429709336175,20000,20000,20,,
hopper-medium-replay-v2,2,ensemble,0,63,1,0.31737748485540923,1.1679116569994992,0.00825838252491163,20000,20000,20,,
hopper-medium-replay-v2,2,ensemble,0,64,1,0.3259142369419957,1.1744751939481375,0.008304793739761136,20000,20000,20,,
hopper-medium-replay-v2,2,ensemble,0,65,1,0.3360336729294405,1.2026814964112404,0.008504242417199725,20000,20000,20,,
hopper-medium-replay-v2,2,ensemble,0,66,1,0.34134826408647806,1.2338387979742182,0.008724557809386283,20000,20000,20,,
hopper-medium-replay-v2,2,ensemble,0,67,1,0.35055724680813327,1.2499451991522743,0.008838447264321427,20000,20000,20,,
hopper-medium-replay-v2,2,ensemble,0,68,1,0.3545960631696872,1.2561482120788345,0.008882309189363013,20000,20000,20,,
hopper-medium-replay-v2,2,ensemble,0,69,1,0.36479378396298,1.273164128607087,0.009002629889015328,20000,20000,20,,
hopper-medium-replay-v2,2,ensemble,0,70,1,0.3720495325209164,1.3072155840099373,0.009243410039261596,20000,20000,20,,
hopper-medium-replay-v2,2,ensemble,0,71,1,0.38657945028379115,1.3544291093956295,0.009577260078901058,20000,20000,20,,
hopper-medium-replay-v2,2,ensemble,0,72,1,0.39101740533940815,1.3604356229186891,0.009619732543335499,20000,20000,20,,
hopper-medium-replay-v2,2,ensemble,0,73,1,0.39148519996351183,1.3245398815084155,0.009365911321666268,20000,20000,20,,
hopper-medium-replay-v2,2,ensemble,0,74,1,0.39671719215542983,1.3262952948461324,0.009378323968415116,20000,20000,20,,
hopper-medium-replay-v2,2,ensemble,0,75,1,0.40161894489978056,1.3360570771626985,0.009447350193140224,20000,20000,20,,
hopper-medium-replay-v2,2,ensemble,0,76,1,0.4202825755807351,1.3847420304797042,0.009791604799462277,20000,20000,20,,
hopper-medium-replay-v2,2,ensemble,0,77,1,0.4265621697113843,1.3861531414723016,0.009801582860981001,20000,20000,20,,
hopper-medium-replay-v2,2,ensemble,0,78,1,0.42987884274087274,1.3838489333252693,0.009785289648920684,20000,20000,20,,
hopper-medium-replay-v2,2,ensemble,0,79,1,0.4436654240907923,1.4290365376162106,0.010104814263117674,20000,20000,20,,
hopper-medium-replay-v2,2,ensemble,0,80,1,0.4533832777379138,1.4447941549128271,0.010216237443575473,20000,20000,20,,
hopper-medium-replay-v2,2,ensemble,0,81,1,0.4588662413955128,1.458551648411395,0.010313517613025144,20000,20000,20,,
hopper-medium-replay-v2,2,ensemble,0,82,1,0.4704051862807504,1.6232684873140368,0.011478241550661846,20000,20000,20,,
hopper-medium-replay-v2,2,ensemble,0,83,1,0.4788759236050828,1.5579175004441046,0.011016140290932225,20000,20000,20,,
hopper-medium-replay-v2,2,ensemble,0,84,1,0.490123704274982,1.5259377895112891,0.010790009586322431,20000,20000,20,,
hopper-medium-replay-v2,2,ensemble,0,85,1,0.5026439283479869,1.5532625259643462,0.01098322465072335,20000,20000,20,,
hopper-medium-replay-v2,2,ensemble,0,86,1,0.5137954379433431,1.5640809954773045,0.011059722782270078,20000,20000,20,,
hopper-medium-replay-v2,2,ensemble,0,87,1,0.5314662354286782,1.6171289023807367,0.011434828129261772,20000,20000,20,,
hopper-medium-replay-v2,2,ensemble,0,88,1,0.5450425178045885,1.6485294341773198,0.01165686341892405,20000,20000,20,,
hopper-medium-replay-v2,2,ensemble,0,89,1,0.557869982901781,1.6512822913873528,0.011676329058932577,20000,20000,20,,
hopper-medium-replay-v2,2,ensemble,0,90,1,0.5714548135818818,1.69397115459095,0.01197818490545666,20000,20000,20,,
hopper-medium-replay-v2,2,ensemble,0,91,1,0.5863423796048858,1.7169264023720194,0.012140503019154777,20000,20000,20,,
hopper-medium-replay-v2,2,ensemble,0,92,1,0.6014585111937258,1.7677790773043098,0.012500085732015755,20000,20000,20,,
hopper-medium-replay-v2,2,ensemble,0,93,1,0.6168211658702577,1.8114136929040112,0.012808629057865926,20000,20000,20,,
hopper-medium-replay-v2,2,ensemble,0,94,1,0.6306691350691914,1.818503496092178,0.012858761536982233,20000,20000,20,,
hopper-medium-replay-v2,2,ensemble,0,95,1,0.6462629309574192,1.8967979696105959,0.013412387068525272,20000,20000,20,,
hopper-medium-replay-v2,2,ensemble,0,96,1,0.6562062712353771,1.9279212468990954,0.013632461872759745,20000,20000,20,,
hopper-medium-replay-v2,2,ensemble,0,97,1,0.6582793306881921,1.9165600728997465,0.013552126240987946,20000,20000,20,,
hopper-medium-replay-v2,2,ensemble,0,98,1,0.6664194515992196,2.098610972332697,0.01483942049608944,20000,20000,20,,
hopper-medium-replay-v2,2,ensemble,0,99,1,0.6729045521484899,2.0103802100771024,0.01421553479308755,20000,20000,20,,
hopper-medium-replay-v2,2,ensemble,0,100,1,0.6818118950302238,1.9662819458181078,0.013903712976126636,20000,20000,20,,
hopper-medium-replay-v2,2,ensemble,1,1,1,0.0052774173644417974,0.03508962645437732,0.0002481211281519307,20000,20000,20,,
hopper-medium-replay-v2,2,ensemble,1,2,1,0.007722679523796961,0.04630295990541968,0.00032741136938131075,20000,20000,20,,
hopper-medium-replay-v2,2,ensemble,1,3,1,0.010397729261304627,0.06459628040530074,0.00045676467914015857,20000,20000,20,,
hopper-medium-replay-v2,2,ensemble,1,4,1,0.013751202977531017,0.09047923592631851,0.0006397848128007731,20000,20000,20,,
hopper-medium-replay-v2,2,ensemble,1,5,1,0.019115992059769812,0.1290713392452783,0.0009126721923716565,20000,20000,20,,
hopper-medium-replay-v2,2,ensemble,1,6,1,0.024920465026833954,0.16919990727837084,0.0011964240181267108,20000,20000,20,,
hopper-medium-replay-v2,2,ensemble,1,7,1,0.02889895157573317,0.19146776255483242,0.0013538815328113772,20000,20000,20,,
hopper-medium-replay-v2,2,ensemble,1,8,1,0.03335102333408297,0.21185445636901176,0.0014980372272311777,20000,20000,20,,
hopper-medium-replay-v2,2,ensemble,1,9,1,0.03941722947311888,0.26425111788351796,0.001868537573915613,20000,20000,20,,
hopper-medium-replay-v2,2,ensemble,1,10,1,0.043607284717619474,0.29686761571335263,0.002099171041855937,20000,20000,20,,
hopper-medium-replay-v2,2,ensemble,1,11,1,0.04550262770714012,0.30056661844510135,0.0021253269410084078,20000,20000,20,,
hopper-medium-replay-v2,2,ensemble,1,12,1,0.047373266651193645,0.29995122921691836,0.0021209754820452342,20000,20000,20,,
hopper-medium-replay-v2,2,ensemble,1,13,1,0.04840943531317383,0.29305280954070817,0.002072196288720045,20000,20000,20,,
hopper-medium-replay-v2,2,ensemble,1,14,1,0.051299330828119195,0.30630951053947925,0.0021659353204439803,20000,20000,20,,
hopper-medium-replay-v2,2,ensemble,1,15,1,0.05324897774630172,0.33014989656660365,0.002334512306702827,20000,20000,20,,
hopper-medium-replay-v2,2,ensemble,1,16,1,0.05705845263980818,0.3514707672817891,0.00248527362933792,20000,20000,20,,
hopper-medium-replay-v2,2,ensemble,1,17,1,0.0623255937594169,0.3827222128847434,0.002706254720415235,20000,20000,20,,
hopper-medium-replay-v2,2,ensemble,1,18,1,0.06557214028397627,0.36756590395841765,0.0025990834322196037,20000,20000,20,,
hopper-medium-replay-v2,2,ensemble,1,19,1,0.069503612121661,0.3691664365813253,0.0026104009069312867,20000,20000,20,,
hopper-medium-replay-v2,2,ensemble,1,20,1,0.07405970319793727,0.3838700682245445,0.0027143712833611806,20000,20000,20,,
hopper-medium-replay-v2,2,ensemble,1,21,1,0.0763387007519143,0.4009911452706478,0.00283543558016635,20000,20000,20,,
hopper-medium-replay-v2,2,ensemble,1,22,1,0.07956481820011123,0.39503328165136586,0.0027933071225005614,20000,20000,20,,
hopper-medium-replay-v2,2,ensemble,1,23,1,0.08567766602528416,0.4254741144093787,0.0030085563151821264,20000,20000,20,,
hopper-medium-replay-v2,2,ensemble,1,24,1,0.0874199596068266,0.43348660182624527,0.0030652131570485085,20000,20000,20,,
hopper-medium-replay-v2,2,ensemble,1,25,1,0.09063539094477001,0.4424833620826801,0.003128829858908855,20000,20000,20,,
hopper-medium-replay-v2,2,ensemble,1,26,1,0.09231196256581521,0.43066194310974215,0.003045239803718738,20000,20000,20,,
hopper-medium-replay-v2,2,ensemble,1,27,1,0.09459458017914193,0.4298308625134009,0.0030393631764648837,20000,20000,20,,
hopper-medium-replay-v2,2,ensemble,1,28,1,0.10202516113995891,0.470493854207077,0.00332689394816419,20000,20000,20,,
hopper-medium-replay-v2,2,ensemble,1,29,1,0.10593612630018938,0.4982203704505671,0.0035229500247086977,20000,20000,20,,
hopper-medium-replay-v2,2,ensemble,1,30,1,0.10828484686421293,0.5001749074766634,0.0035367706885610266,20000,20000,20,,
hopper-medium-replay-v2,2,ensemble,1,31,1,0.10932536697723262,0.5050325019021354,0.0035711190681460793,20000,20000,20,,
hopper-medium-replay-v2,2,ensemble,1,32,1,0.1164724698528188,0.5412347414530324,0.0038271075589518698,20000,20000,20,,
hopper-medium-replay-v2,2,ensemble,1,33,1,0.11922979851200312,0.5201412468445237,0.003677954028185886,20000,20000,20,,
hopper-medium-replay-v2,2,ensemble,1,34,1,0.12361343442966409,0.5242375263388965,0.0037069190982669505,20000,20000,20,,
hopper-medium-replay-v2,2,ensemble,1,35,1,0.13058850421905777,0.5694178175207063,0.004026392000973355,20000,20000,20,,
hopper-medium-replay-v2,2,ensemble,1,36,1,0.13148247596522614,0.5554518181702944,0.003927637472506124,20000,20000,20,,
hopper-medium-replay-v2,2,ensemble,1,37,1,0.1331257047267984,0.5547060367965447,0.003922364001839513,20000,20000,20,,
hopper-medium-replay-v2,2,ensemble,1,38,1,0.1381648460725916,0.5996290490643994,0.004240017667898778,20000,20000,20,,
hopper-medium-replay-v2,2,ensemble,1,39,1,0.14762700244421323,0.6323964910763787,0.004471718472386854,20000,20000,20,,
hopper-medium-replay-v2,2,ensemble,1,40,1,0.15361468724973285,0.6554403782937783,0.004634663361550067,20000,20000,20,,
hopper-medium-replay-v2,2,ensemble,1,41,1,0.15970004875747193,0.691435380017286,0.004889186459625204,20000,20000,20,,
hopper-medium-replay-v2,2,ensemble,1,42,1,0.1610624032298791,0.6880100720580572,0.004864965874768974,20000,20000,20,,
hopper-medium-replay-v2,2,ensemble,1,43,1,0.16490040349160595,0.6804296028853568,0.004811363863203054,20000,20000,20,,
hopper-medium-replay-v2,2,ensemble,1,44,1,0.1729222558063274,0.6878956370667465,0.004864156697185366,20000,20000,20,,
hopper-medium-replay-v2,2,ensemble,1,45,1,0.17304629811734148,0.6824014369844548,0.004825306835831524,20000,20000,20,,
hopper-medium-replay-v2,2,ensemble,1,46,1,0.1800321858539994,0.7040112199325648,0.004978111076457304,20000,20000,20,,
hopper-medium-replay-v2,2,ensemble,1,47,1,0.18591722474353642,0.7350051090044643,0.005197270967838142,20000,20000,20,,
hopper-medium-replay-v2,2,ensemble,1,48,1,0.18901727209148478,0.747258672130041,0.00528391674363607,20000,20000,20,,
hopper-medium-replay-v2,2,ensemble,1,49,1,0.19468297894969464,0.7590757135815737,0.005367475845075482,20000,20000,20,,
hopper-medium-replay-v2,2,ensemble,1,50,1,0.20101102438884713,0.7599066351425767,0.005373351347779676,20000,20000,20,,
hopper-medium-replay-v2,2,ensemble,1,51,1,0.20398528601430124,0.775903452150577,0.005486465925617249,20000,20000,20,,
hopper-medium-replay-v2,2,ensemble,1,52,1,0.20935779000853022,0.8114196729102039,0.005737603531029755,20000,20000,20,,
hopper-medium-replay-v2,2,ensemble,1,53,1,0.22255320005662924,0.8643047905506137,0.006111557784103576,20000,20000,20,,
hopper-medium-replay-v2,2,ensemble,1,54,1,0.23127914372130162,0.8887226669786624,0.00628421824414806,20000,20000,20,,
hopper-medium-replay-v2,2,ensemble,1,55,1,0.23393135758759903,0.8812299529773308,0.006231236755349729,20000,20000,20,,
hopper-medium-replay-v2,2,ensemble,1,56,1,0.23913813702207418,0.8874551071976604,0.006275255242981001,20000,20000,20,,
hopper-medium-replay-v2,2,ensemble,1,57,1,0.24989062664633524,0.9293200542691418,0.006571285122663605,20000,20000,20,,
hopper-medium-replay-v2,2,ensemble,1,58,1,0.26163974967450526,0.9749641543620847,0.00689403764963238,20000,20000,20,,
hopper-medium-replay-v2,2,ensemble,1,59,1,0.2760781844880542,1.0272657441043007,0.007263865737367957,20000,20000,20,,
hopper-medium-replay-v2,2,ensemble,1,60,1,0.2856326002103952,1.0521963604423699,0.007440151816086045,20000,20000,20,,
hopper-medium-replay-v2,2,ensemble,1,61,1,0.29001245341208826,1.0754634008490163,0.0076046746365828555,20000,20000,20,,
hopper-medium-replay-v2,2,ensemble,1,62,1,0.29638586135788153,1.080530448162215,0.007640504071740415,20000,20000,20,,
hopper-medium-replay-v2,2,ensemble,1,63,1,0.309786203135769,1.1284374001404942,0.00797925737783861,20000,20000,20,,
hopper-medium-replay-v2,2,ensemble,1,64,1,0.31656690168633184,1.1395167759158533,0.008057600395259313,20000,20000,20,,
hopper-medium-replay-v2,2,ensemble,1,65,1,0.3244682567768988,1.1494954813201954,0.008128160497848045,20000,20000,20,,
hopper-medium-replay-v2,2,ensemble,1,66,1,0.33471754636507856,1.1922515280170112,0.008430491403408517,20000,20000,20,,
hopper-medium-replay-v2,2,ensemble,1,67,1,0.34211520244544447,1.2216423113400139,0.008638315625329313,20000,20000,20,,
hopper-medium-replay-v2,2,ensemble,1,68,1,0.34623807162094733,1.2336845198707003,0.008723466898454421,20000,20000,20,,
hopper-medium-replay-v2,2,ensemble,1,69,1,0.3550847351110915,1.2602398694507062,0.008911241576102437,20000,20000,20,,
hopper-medium-replay-v2,2,ensemble,1,70,1,0.3690039418472544,1.3065849352203625,0.009238950678905043,20000,20000,20,,
hopper-medium-replay-v2,2,ensemble,1,71,1,0.3747061610668029,1.3046523569192738,0.009225285286686305,20000,20000,20,,
hopper-medium-replay-v2,2,ensemble,1,72,1,0.37576827882128805,1.2973867503434353,0.009173909689894214,20000,20000,20,,
hopper-medium-replay-v2,2,ensemble,1,73,1,0.37770633801538833,1.2853765775770856,0.009088984943831136,20000,20000,20,,
hopper-medium-replay-v2,2,ensemble,1,74,1,0.38292113920109944,1.2934312479369436,0.009145940064147914,20000,20000,20,,
hopper-medium-replay-v2,2,ensemble,1,75,1,0.3910052774749613,1.3081628749414176,0.009250108397675658,20000,20000,20,,
hopper-medium-replay-v2,2,ensemble,1,76,1,0.4044716651904174,1.348121863445646,0.009532661115082611,20000,20000,20,,
hopper-medium-replay-v2,2,ensemble,1,77,1,0.40637782314594506,1.324080071019018,0.009362659970515129,20000,20000,20,,
hopper-medium-replay-v2,2,ensemble,1,78,1,0.41573720468880765,1.332573584272322,0.009422718178690222,20000,20000,20,,
hopper-medium-replay-v2,2,ensemble,1,79,1,0.43255120365426375,1.3919413418925566,0.009842511618661292,20000,20000,20,,
hopper-medium-replay-v2,2,ensemble,1,80,1,0.4543627095507161,1.4658718817942888,0.010365279479674269,20000,20000,20,,
hopper-medium-replay-v2,2,ensemble,1,81,1,0.47177913286616496,1.5221107892411596,0.010762948607896318,20000,20000,20,,
hopper-medium-replay-v2,2,ensemble,1,82,1,0.47801350128325076,1.503554483366736,0.010631735710720552,20000,20000,20,,
hopper-medium-replay-v2,2,ensemble,1,83,1,0.4930394411024884,1.6043851559858917,0.011344716234326608,20000,20000,20,,
hopper-medium-replay-v2,2,ensemble,1,84,1,0.5056493235672926,1.6435969160037065,0.011621985248435171,20000,20000,20,,
hopper-medium-replay-v2,2,ensemble,1,85,1,0.5213897352480169,1.676173422948033,0.011852335938112211,20000,20000,20,,
hopper-medium-replay-v2,2,ensemble,1,86,1,0.5289641839265702,1.6735781435688302,0.011833984541631131,20000,20000,20,,
hopper-medium-replay-v2,2,ensemble,1,87,1,0.5412580996803199,1.6543313384206506,0.011697889077266592,20000,20000,20,,
hopper-medium-replay-v2,2,ensemble,1,88,1,0.5563265277991484,1.774227065578185,0.01254567989435044,20000,20000,20,,
hopper-medium-replay-v2,2,ensemble,1,89,1,0.5647349334607569,1.7591255681980436,0.01243889618231475,20000,20000,20,,
hopper-medium-replay-v2,2,ensemble,1,90,1,0.5858335863889849,1.8318608849361053,0.0129532125392871,20000,20000,20,,
hopper-medium-replay-v2,2,ensemble,1,91,1,0.5988484228152005,1.8786944233458072,0.013284375665251707,20000,20000,20,,
hopper-medium-replay-v2,2,ensemble,1,92,1,0.6070881599435597,1.8728286918726758,0.013242898680239002,20000,20000,20,,
hopper-medium-replay-v2,2,ensemble,1,93,1,0.608266423021204,1.8198676820615185,0.012868407788479436,20000,20000,20,,
hopper-medium-replay-v2,2,ensemble,1,94,1,0.6189226341154496,1.8398181473584612,0.013009478881472386,20000,20000,20,,
hopper-medium-replay-v2,2,ensemble,1,95,1,0.6305042927047817,1.847178121683474,0.01306152175901814,20000,20000,20,,
hopper-medium-replay-v2,2,ensemble,1,96,1,0.6481536411637518,1.9281409982317153,0.013634015749334448,20000,20000,20,,
hopper-medium-replay-v2,2,ensemble,1,97,1,0.6537240217885668,2.0295307289350144,0.014350949410564254,20000,20000,20,,
hopper-medium-replay-v2,2,ensemble,1,98,1,0.6663261677607899,2.0728373549421413,0.014657173499763745,20000,20000,20,,
hopper-medium-replay-v2,2,ensemble,1,99,1,0.678434990919849,2.059803271105039,0.014565008609086055,20000,20000,20,,
hopper-medium-replay-v2,2,ensemble,1,100,1,0.6866321590330712,1.9964689936198539,0.014117167638172806,20000,20000,20,,
hopper-medium-replay-v2,2,ensemble,2,1,1,0.00485947968085098,0.03360899747450396,0.000237651500231033,20000,20000,20,,
hopper-medium-replay-v2,2,ensemble,2,2,1,0.0074503864821533925,0.04628796544326035,0.0003273053425225797,20000,20000,20,,
hopper-medium-replay-v2,2,ensemble,2,3,1,0.010474874755181218,0.06866257474847952,0.0004855177221837807,20000,20000,20,,
hopper-medium-replay-v2,2,ensemble,2,4,1,0.014019051648650367,0.0911758052959495,0.0006447103020491023,20000,20000,20,,
hopper-medium-replay-v2,2,ensemble,2,5,1,0.019156601523358883,0.12979531669582833,0.0009177914860187572,20000,20000,20,,
hopper-medium-replay-v2,2,ensemble,2,6,1,0.026200472404864887,0.20214317112152094,0.0014293680707058013,20000,20000,20,,
hopper-medium-replay-v2,2,ensemble,2,7,1,0.029144643254165038,0.21283325136455927,0.0015049583530186087,20000,20000,20,,
hopper-medium-replay-v2,2,ensemble,2,8,1,0.03277610209278688,0.21221234562825272,0.0015005678864524088,20000,20000,20,,
hopper-medium-replay-v2,2,ensemble,2,9,1,0.03751644469438814,0.26174683433121737,0.0018508296150971562,20000,20000,20,,
hopper-medium-replay-v2,2,ensemble,2,10,1,0.041437137246487635,0.3003251476797681,0.0021236194848521534,20000,20000,20,,
hopper-medium-replay-v2,2,ensemble,2,11,1,0.0426672965417856,0.2709589086852659,0.0019159688175425802,20000,20000,20,,
hopper-medium-replay-v2,2,ensemble,2,12,1,0.04576973830018889,0.2901030196172816,0.0020513381241407383,20000,20000,20,,
hopper-medium-replay-v2,2,ensemble,2,13,1,0.04699750302252639,0.3018703805845341,0.0021345459315068797,20000,20000,20,,
hopper-medium-replay-v2,2,ensemble,2,14,1,0.04967509473558583,0.3150078650367909,0.0022274419749461157,20000,20000,20,,
hopper-medium-replay-v2,2,ensemble,2,15,1,0.05287741950359521,0.3262623630533492,0.002307023293609705,20000,20000,20,,
hopper-medium-replay-v2,2,ensemble,2,16,1,0.05665626557847327,0.3484174695959873,0.0024636835543518035,20000,20000,20,,
hopper-medium-replay-v2,2,ensemble,2,17,1,0.059650839744407144,0.3414199293904721,0.0024142034730423507,20000,20000,20,,
hopper-medium-replay-v2,2,ensemble,2,18,1,0.06585444371749995,0.37237579996467496,0.00263309453304787,20000,20000,20,,
hopper-medium-replay-v2,2,ensemble,2,19,1,0.06958539229378227,0.3749377322031507,0.002651210129635536,20000,20000,20,,
hopper-medium-replay-v2,2,ensemble,2,20,1,0.07321127826901967,0.3777445473578758,0.0026710573099299694,20000,20000,20,,
hopper-medium-replay-v2,2,ensemble,2,21,1,0.07464158622836269,0.3876604546398202,0.0027411733627367685,20000,20000,20,,
hopper-medium-replay-v2,2,ensemble,2,22,1,0.07849607373588677,0.40822367572644974,0.0028865772934707082,20000,20000,20,,
hopper-medium-replay-v2,2,ensemble,2,23,1,0.08333980678676646,0.4206767919140407,0.0029746341225022036,20000,20000,20,,
hopper-medium-replay-v2,2,ensemble,2,24,1,0.08629500043743582,0.4176011443040925,0.0029528860096868577,20000,20000,20,,
hopper-medium-replay-v2,2,ensemble,2,25,1,0.08695459453666522,0.416951122628646,0.002948289662340593,20000,20000,20,,
hopper-medium-replay-v2,2,ensemble,2,26,1,0.09068619065442156,0.4228893909971256,0.002990279560659168,20000,20000,20,,
hopper-medium-replay-v2,2,ensemble,2,27,1,0.09513069883154936,0.44276704522508664,0.0031308358016458953,20000,20000,20,,
hopper-medium-replay-v2,2,ensemble,2,28,1,0.1012514000950387,0.47656101670453094,0.0033697952656092938,20000,20000,20,,
hopper-medium-replay-v2,2,ensemble,2,29,1,0.10472655394126432,0.49834136907423876,0.0035238056141818227,20000,20000,20,,
hopper-medium-replay-v2,2,ensemble,2,30,1,0.10970851274499037,0.5244983262345417,0.003708763232014385,20000,20000,20,,
hopper-medium-replay-v2,2,ensemble,2,31,1,0.11503138199084278,0.5330151891971594,0.00376898654756742,20000,20000,20,,
hopper-medium-replay-v2,2,ensemble,2,32,1,0.11916863471828087,0.531804529536598,0.0037604258910105,20000,20000,20,,
hopper-medium-replay-v2,2,ensemble,2,33,1,0.12079592842703,0.5295822223089823,0.0037447118059052314,20000,20000,20,,
hopper-medium-replay-v2,2,ensemble,2,34,1,0.12484973976211133,0.538397436783281,0.003807044785229135,20000,20000,20,,
hopper-medium-replay-v2,2,ensemble,2,35,1,0.12445414586802242,0.5297869801691539,0.003746159662619517,20000,20000,20,,
hopper-medium-replay-v2,2,ensemble,2,36,1,0.12955804044095293,0.5441018040598976,0.0038473807530658775,20000,20000,20,,
hopper-medium-replay-v2,2,ensemble,2,37,1,0.13316064105808564,0.5559373570629217,0.003931070750941189,20000,20000,20,,
hopper-medium-replay-v2,2,ensemble,2,38,1,0.14059310928976268,0.5871022154887932,0.004151439578217713,20000,20000,20,,
hopper-medium-replay-v2,2,ensemble,2,39,1,0.1427281721558893,0.5937281631096605,0.004198292103162735,20000,20000,20,,
hopper-medium-replay-v2,2,ensemble,2,40,1,0.14461889498870142,0.5894161095660503,0.0041678012801474726,20000,20000,20,,
hopper-medium-replay-v2,2,ensemble,2,41,1,0.14927582536400666,0.6036226297037498,0.004268256547411778,20000,20000,20,,
hopper-medium-replay-v2,2,ensemble,2,42,1,0.15682171053402555,0.6354145405709499,0.004493059305022533,20000,20000,20,,
hopper-medium-replay-v2,2,ensemble,2,43,1,0.16117751944109993,0.6392005363953477,0.004519830338232289,20000,20000,20,,
hopper-medium-replay-v2,2,ensemble,2,44,1,0.1704099046878675,0.6874907985887968,0.004861294056854932,20000,20000,20,,
hopper-medium-replay-v2,2,ensemble,2,45,1,0.180172941938431,0.7109844975134504,0.0050274195951027075,20000,20000,20,,
hopper-medium-replay-v2,2,ensemble,2,46,1,0.18862641412763595,0.7309557479787543,0.0051686376614306214,20000,20000,20,,
hopper-medium-replay-v2,2,ensemble,2,47,1,0.19126363154036863,0.7327380974778087,0.00518124077560288,20000,20000,20,,
hopper-medium-replay-v2,2,ensemble,2,48,1,0.19037999777945064,0.7254129482729909,0.00512944414884358,20000,20000,20,,
hopper-medium-replay-v2,2,ensemble,2,49,1,0.19689528546887705,0.7516337244805322,0.005314853035486854,20000,20000,20,,
hopper-medium-replay-v2,2,ensemble,2,50,1,0.20312978496864442,0.7894727061374953,0.005582415040715175,20000,20000,20,,
hopper-medium-replay-v2,2,ensemble,2,51,1,0.20438248514407256,0.8086291390161999,0.0057178714766339435,20000,20000,20,,
hopper-medium-replay-v2,2,ensemble,2,52,1,0.2040718313064169,0.7985190327359217,0.00564638222954093,20000,20000,20,,
hopper-medium-replay-v2,2,ensemble,2,53,1,0.2093841833496485,0.808817234535019,0.005719201512802622,20000,20000,20,,
hopper-medium-replay-v2,2,ensemble,2,54,1,0.22358726477308874,0.8455226012759418,0.005978747650087078,20000,20000,20,,
hopper-medium-replay-v2,2,ensemble,2,55,1,0.23399550490375173,0.8796198883646456,0.006219851879291948,20000,20000,20,,
hopper-medium-replay-v2,2,ensemble,2,56,1,0.24386689137866602,0.9203223483647407,0.006507661734062363,20000,20000,20,,
hopper-medium-replay-v2,2,ensemble,2,57,1,0.2514915323070395,0.947772631673072,0.006701764548790492,20000,20000,20,,
hopper-medium-replay-v2,2,ensemble,2,58,1,0.26334844844741695,1.0169540060488453,0.007190950738319638,20000,20000,20,,
hopper-medium-replay-v2,2,ensemble,2,59,1,0.27741083473425326,1.057091077059774,0.007474762689207573,20000,20000,20,,
hopper-medium-replay-v2,2,ensemble,2,60,1,0.2914148358163826,1.1129497657955911,0.007869743265140424,20000,20000,20,,
hopper-medium-replay-v2,2,ensemble,2,61,1,0.29766305861469045,1.1217902735548855,0.007932255094997717,20000,20000,20,,
hopper-medium-replay-v2,2,ensemble,2,62,1,0.2968806776937268,1.0810563373662225,0.00764422266996348,20000,20000,20,,
hopper-medium-replay-v2,2,ensemble,2,63,1,0.31422483025698694,1.1502973515885802,0.008133830576892112,20000,20000,20,,
hopper-medium-replay-v2,2,ensemble,2,64,1,0.3314245554670488,1.2191408290423653,0.008620627474372458,20000,20000,20,,
hopper-medium-replay-v2,2,ensemble,2,65,1,0.33426730729727916,1.1996600362031025,0.008482877467177128,20000,20000,20,,
hopper-medium-replay-v2,2,ensemble,2,66,1,0.338048482934728,1.2067688712753604,0.008533144522036431,20000,20000,20,,
hopper-medium-replay-v2,2,ensemble,2,67,1,0.3452069035079738,1.2088832332309591,0.008548095318803298,20000,20000,20,,
hopper-medium-replay-v2,2,ensemble,2,68,1,0.34850291595092375,1.2191727205678495,0.008620852981511782,20000,20000,20,,
hopper-medium-replay-v2,2,ensemble,2,69,1,0.35034259384631616,1.2431962085086268,0.008790724693818551,20000,20000,20,,
hopper-medium-replay-v2,2,ensemble,2,70,1,0.3552271165108525,1.2473998405165048,0.008820448860802384,20000,20000,20,,
hopper-medium-replay-v2,2,ensemble,2,71,1,0.37101430331770685,1.2894423974408968,0.009117734631798975,20000,20000,20,,
hopper-medium-replay-v2,2,ensemble,2,72,1,0.37743255532525566,1.296141439442272,0.009165104012065233,20000,20000,20,,
hopper-medium-replay-v2,2,ensemble,2,73,1,0.3839032295622708,1.2999281486169616,0.009191880089423277,20000,20000,20,,
hopper-medium-replay-v2,2,ensemble,2,74,1,0.3885774240102365,1.3126738351802938,0.009282005703421381,20000,20000,20,,
hopper-medium-replay-v2,2,ensemble,2,75,1,0.39582780730135675,1.3312581188271548,0.009413416433323277,20000,20000,20,,
hopper-medium-replay-v2,2,ensemble,2,76,1,0.40832469311754893,1.3653521385531588,0.009654497558784931,20000,20000,20,,
hopper-medium-replay-v2,2,ensemble,2,77,1,0.4248200676460131,1.418731160445233,0.010031944242314841,20000,20000,20,,
hopper-medium-replay-v2,2,ensemble,2,78,1,0.43742284957665245,1.4508402036689292,0.010258989464323715,20000,20000,20,,
hopper-medium-replay-v2,2,ensemble,2,79,1,0.4476106241455814,1.4618542463691426,0.010336870507139707,20000,20000,20,,
hopper-medium-replay-v2,2,ensemble,2,80,1,0.459055134367883,1.4678552361427282,0.01037930391276704,20000,20000,20,,
hopper-medium-replay-v2,2,ensemble,2,81,1,0.4598420746287964,1.476973774463059,0.010443781715575196,20000,20000,20,,
hopper-medium-replay-v2,2,ensemble,2,82,1,0.4651484745013685,1.4961757503279505,0.010579560189037647,20000,20000,20,,
hopper-medium-replay-v2,2,ensemble,2,83,1,0.47836442648540933,1.504734159256922,0.010640077278936079,20000,20000,20,,
hopper-medium-replay-v2,2,ensemble,2,84,1,0.4961035313146693,1.5405969752006612,0.010893665682398709,20000,20000,20,,
hopper-medium-replay-v2,2,ensemble,2,85,1,0.5117571764076322,1.5539414839193983,0.01098802560846493,20000,20000,20,,
hopper-medium-replay-v2,2,ensemble,2,86,1,0.5278728305334733,1.6013668544957202,0.01132337361981295,20000,20000,20,,
hopper-medium-replay-v2,2,ensemble,2,87,1,0.5459115157801271,1.6454336192546608,0.011634972701672944,20000,20000,20,,
hopper-medium-replay-v2,2,ensemble,2,88,1,0.556700745432885,1.6675643575863457,0.011791460653142937,20000,20000,20,,
hopper-medium-replay-v2,2,ensemble,2,89,1,0.5697514028180891,1.6837564512028373,0.011905956045121225,20000,20000,20,,
hopper-medium-replay-v2,2,ensemble,2,90,1,0.5675816322395696,1.6682225827829946,0.01179611500814392,20000,20000,20,,
hopper-medium-replay-v2,2,ensemble,2,91,1,0.5753267275193101,1.7699159332809111,0.012515195585530492,20000,20000,20,,
hopper-medium-replay-v2,2,ensemble,2,92,1,0.5785966972130699,1.6586415188234216,0.011728366655175959,20000,20000,20,,
hopper-medium-replay-v2,2,ensemble,2,93,1,0.590683015657666,1.6882658122036622,0.011937842042546238,20000,20000,20,,
hopper-medium-replay-v2,2,ensemble,2,94,1,0.6028762744780616,1.7221869101807439,0.012177700426595117,20000,20000,20,,
hopper-medium-replay-v2,2,ensemble,2,95,1,0.6246872729789348,1.7690562028257282,0.012509116373181967,20000,20000,20,,
hopper-medium-replay-v2,2,ensemble,2,96,1,0.6420178920925137,1.807175690498743,0.012778661855471427,20000,20000,20,,
hopper-medium-replay-v2,2,ensemble,2,97,1,0.6545416590054393,1.863849881881037,0.013179408905918268,20000,20000,20,,
hopper-medium-replay-v2,2,ensemble,2,98,1,0.6593527689759063,1.8679544376752844,0.013208432498276976,20000,20000,20,,
hopper-medium-replay-v2,2,ensemble,2,99,1,0.6664482045641728,1.8391175904929165,0.013004525196370052,20000,20000,20,,
hopper-medium-replay-v2,2,ensemble,2,100,1,0.6881527741983167,1.9343916186204921,0.013678214309969718,20000,20000,20,,
hopper-medium-replay-v2,2,ensemble,3,1,1,0.004940767411517506,0.033555411664718045,0.00023727259133628307,20000,20000,20,,
hopper-medium-replay-v2,2,ensemble,3,2,1,0.007026511866363938,0.04584125872931172,0.00032414664905623333,20000,20000,20,,
hopper-medium-replay-v2,2,ensemble,3,3,1,0.010313854735964953,0.06266139091437671,0.0004430829443413689,20000,20000,20,,
hopper-medium-replay-v2,2,ensemble,3,4,1,0.013748501128121733,0.08621376080014402,0.0006096233489337678,20000,20000,20,,
hopper-medium-replay-v2,2,ensemble,3,5,1,0.018880599410055727,0.13144251377393107,0.0009294389282575283,20000,20000,20,,
hopper-medium-replay-v2,2,ensemble,3,6,1,0.025378166875608666,0.1731476242563914,0.001224338592580347,20000,20000,20,,
hopper-medium-replay-v2,2,ensemble,3,7,1,0.02909897924242557,0.20510451430842402,0.001450307929194599,20000,20000,20,,
hopper-medium-replay-v2,2,ensemble,3,8,1,0.0330274022400516,0.22600362663732268,0.0015980869696800351,20000,20000,20,,
hopper-medium-replay-v2,2,ensemble,3,9,1,0.037018289002699316,0.26370200177315234,0.0018646547366626299,20000,20000,20,,
hopper-medium-replay-v2,2,ensemble,3,10,1,0.042053679538235085,0.3005286964007744,0.0021250587916614074,20000,20000,20,,
hopper-medium-replay-v2,2,ensemble,3,11,1,0.04470044840754326,0.30779605280560207,0.002176446761612939,20000,20000,20,,
hopper-medium-replay-v2,2,ensemble,3,12,1,0.04591379365811214,0.29884009943062495,0.00211311860797857,20000,20000,20,,
hopper-medium-replay-v2,2,ensemble,3,13,1,0.04787123475614846,0.2964525566710364,0.0020962361312217913,20000,20000,20,,
hopper-medium-replay-v2,2,ensemble,3,14,1,0.051423135715229135,0.31949841238952864,0.0022591949397897174,20000,20000,20,,
hopper-medium-replay-v2,2,ensemble,3,15,1,0.0529808568910355,0.31772363746306037,0.002246645385933862,20000,20000,20,,
hopper-medium-replay-v2,2,ensemble,3,16,1,0.056255117061717874,0.32288046882043303,0.002283109690156198,20000,20000,20,,
hopper-medium-replay-v2,2,ensemble,3,17,1,0.0608258400335895,0.34506213605684066,0.0024399577633650712,20000,20000,20,,
hopper-medium-replay-v2,2,ensemble,3,18,1,0.06842067391354432,0.40254217355525956,0.0028464030063449614,20000,20000,20,,
hopper-medium-replay-v2,2,ensemble,3,19,1,0.07193817295873729,0.40587243833383213,0.0028699515344257154,20000,20000,20,,
hopper-medium-replay-v2,2,ensemble,3,20,1,0.07698547826182892,0.4143311311643214,0.0029297635250298453,20000,20000,20,,
hopper-medium-replay-v2,2,ensemble,3,21,1,0.0791372583056933,0.4250900722184709,0.0030058407268076,20000,20000,20,,
hopper-medium-replay-v2,2,ensemble,3,22,1,0.08257062674190573,0.437279552839086,0.003092033370867389,20000,20000,20,,
hopper-medium-replay-v2,2,ensemble,3,23,1,0.08630666467994068,0.45577007236581274,0.0032227810883174966,20000,20000,20,,
hopper-medium-replay-v2,2,ensemble,3,24,1,0.08595114396855212,0.43763910493760255,0.0030945757881378983,20000,20000,20,,
hopper-medium-replay-v2,2,ensemble,3,25,1,0.08988335889876554,0.4458414646529642,0.003152575229902534,20000,20000,20,,
hopper-medium-replay-v2,2,ensemble,3,26,1,0.09462741783719543,0.4658122960114506,0.003293790332697721,20000,20000,20,,
hopper-medium-replay-v2,2,ensemble,3,27,1,0.09824598511761996,0.47578835565186556,0.003364331726910309,20000,20000,20,,
hopper-medium-replay-v2,2,ensemble,3,28,1,0.10085760491998663,0.47798401240274735,0.003379857364687375,20000,20000,20,,
hopper-medium-replay-v2,2,ensemble,3,29,1,0.10504732181702957,0.5065958262369039,0.0035821734405291667,20000,20000,20,,
hopper-medium-replay-v2,2,ensemble,3,30,1,0.11198934537946607,0.535764439650664,0.003788426683955953,20000,20000,20,,
hopper-medium-replay-v2,2,ensemble,3,31,1,0.11555907022756565,0.5578850633310235,0.003944843114040532,20000,20000,20,,
hopper-medium-replay-v2,2,ensemble,3,32,1,0.11774440339988877,0.5340975211109515,0.0037766397899247905,20000,20000,20,,
hopper-medium-replay-v2,2,ensemble,3,33,1,0.1198164402817154,0.5322601598720631,0.003763647684009717,20000,20000,20,,
hopper-medium-replay-v2,2,ensemble,3,34,1,0.1248531924670586,0.5546689808782765,0.003922101976928608,20000,20000,20,,
hopper-medium-replay-v2,2,ensemble,3,35,1,0.1283068565430418,0.5745184751478427,0.004062459096939946,20000,20000,20,,
hopper-medium-replay-v2,2,ensemble,3,36,1,0.13120377552014048,0.573046004007546,0.004052047153655892,20000,20000,20,,
hopper-medium-replay-v2,2,ensemble,3,37,1,0.13598280198258633,0.5816133445934994,0.0041126273999065165,20000,20000,20,,
hopper-medium-replay-v2,2,ensemble,3,38,1,0.14091630747108758,0.5677836147349217,0.004014836442256732,20000,20000,20,,
hopper-medium-replay-v2,2,ensemble,3,39,1,0.14714614788391372,0.5934032722015209,0.004195994777519821,20000,20000,20,,
hopper-medium-replay-v2,2,ensemble,3,40,1,0.15295852726580533,0.6231764042849797,0.004406522613453586,20000,20000,20,,
hopper-medium-replay-v2,2,ensemble,3,41,1,0.15876321328034682,0.6306388540856417,0.004459290102036709,20000,20000,20,,
hopper-medium-replay-v2,2,ensemble,3,42,1,0.16687457385651808,0.6752263256257075,0.004774571136856136,20000,20000,20,,
hopper-medium-replay-v2,2,ensemble,3,43,1,0.17181434321917471,0.6883206817156124,0.004867162216720568,20000,20000,20,,
hopper-medium-replay-v2,2,ensemble,3,44,1,0.17804588189956316,0.7243799959586201,0.005122140072982242,20000,20000,20,,
hopper-medium-replay-v2,2,ensemble,3,45,1,0.18059870479862938,0.7208548339805696,0.005097213413587636,20000,20000,20,,
hopper-medium-replay-v2,2,ensemble,3,46,1,0.18004466612284323,0.7013643982368455,0.0049593952207609565,20000,20000,20,,
hopper-medium-replay-v2,2,ensemble,3,47,1,0.18162424136858754,0.7047713996251734,0.004983486358612944,20000,20000,20,,
hopper-medium-replay-v2,2,ensemble,3,48,1,0.19023177897371588,0.7552191297635004,0.005340205679375743,20000,20000,20,,
hopper-medium-replay-v2,2,ensemble,3,49,1,0.19552495172026424,0.7619241589466949,0.005387617395410648,20000,20000,20,,
hopper-medium-replay-v2,2,ensemble,3,50,1,0.19772037277135837,0.7438059866515108,0.005259502570484339,20000,20000,20,,
hopper-medium-replay-v2,2,ensemble,3,51,1,0.20520036711802983,0.7968175901725576,0.005634351213797388,20000,20000,20,,
hopper-medium-replay-v2,2,ensemble,3,52,1,0.2084746076752815,0.8082308673427994,0.005715055270623783,20000,20000,20,,
hopper-medium-replay-v2,2,ensemble,3,53,1,0.2112157214893934,0.8229493620944774,0.005819130745101485,20000,20000,20,,
hopper-medium-replay-v2,2,ensemble,3,54,1,0.22116989396440995,0.8725046516434215,0.006169539557938697,20000,20000,20,,
hopper-medium-replay-v2,2,ensemble,3,55,1,0.23733385243214916,0.9139148338103458,0.006462353764142721,20000,20000,20,,
hopper-medium-replay-v2,2,ensemble,3,56,1,0.2542741477845079,0.9977793992988157,0.007055365793724324,20000,20000,20,,
hopper-medium-replay-v2,2,ensemble,3,57,1,0.26400976907564605,1.02003613558596,0.007212744685281529,20000,20000,20,,
hopper-medium-replay-v2,2,ensemble,3,58,1,0.26967692484598693,1.0307168251585102,0.007288268565526516,20000,20000,20,,
hopper-medium-replay-v2,2,ensemble,3,59,1,0.27884238764719416,1.0439941089335765,0.007382153139457391,20000,20000,20,,
hopper-medium-replay-v2,2,ensemble,3,60,1,0.2980223004380656,1.1182129098003954,0.007906959313302007,20000,20000,20,,
hopper-medium-replay-v2,2,ensemble,3,61,1,0.30123911908190576,1.1278650511645125,0.007975210259417392,20000,20000,20,,
hopper-medium-replay-v2,2,ensemble,3,62,1,0.3074831798272859,1.1275414590628892,0.007972922117723429,20000,20000,20,,
hopper-medium-replay-v2,2,ensemble,3,63,1,0.3221891484556344,1.1696418324597684,0.008270616712917619,20000,20000,20,,
hopper-medium-replay-v2,2,ensemble,3,64,1,0.3248329767953904,1.1685228671287835,0.008262704433183098,20000,20000,20,,
hopper-medium-replay-v2,2,ensemble,3,65,1,0.3294689931125264,1.188552876162907,0.008404337985335663,20000,20000,20,,
hopper-medium-replay-v2,2,ensemble,3,66,1,0.3328736310090592,1.1903405559844662,0.008416978790579812,20000,20000,20,,
hopper-medium-replay-v2,2,ensemble,3,67,1,0.33874471471809814,1.2122702431607493,0.008572045095696307,20000,20000,20,,
hopper-medium-replay-v2,2,ensemble,3,68,1,0.3483733621429145,1.2319694858080574,0.008711339776297814,20000,20000,20,,
hopper-medium-replay-v2,2,ensemble,3,69,1,0.35148403796783223,1.2276526469848776,0.008680815116246217,20000,20000,20,,
hopper-medium-replay-v2,2,ensemble,3,70,1,0.3557417661277795,1.2199194187051163,0.008626132934675389,20000,20000,20,,
hopper-medium-replay-v2,2,ensemble,3,71,1,0.36313637593275416,1.2585641391430875,0.008899392373462867,20000,20000,20,,
hopper-medium-replay-v2,2,ensemble,3,72,1,0.371006246551352,1.2644496702547041,0.008941009363061952,20000,20000,20,,
hopper-medium-replay-v2,2,ensemble,3,73,1,0.38674052077624593,1.3205082781049249,0.009337403580609638,20000,20000,20,,
hopper-medium-replay-v2,2,ensemble,3,74,1,0.4029378178792224,1.3493549632917812,0.009541380447713433,20000,20000,20,,
hopper-medium-replay-v2,2,ensemble,3,75,1,0.41542729327682754,1.3782516478635436,0.009745710863858453,20000,20000,20,,
hopper-medium-replay-v2,2,ensemble,3,76,1,0.42989407665440815,1.4074197431819033,0.00995196044379753,20000,20000,20,,
hopper-medium-replay-v2,2,ensemble,3,77,1,0.4391104215683519,1.4484382716181272,0.010242005239913001,20000,20000,20,,
hopper-medium-replay-v2,2,ensemble,3,78,1,0.43958800035338735,1.4397989259209145,0.010180915840637862,20000,20000,20,,
hopper-medium-replay-v2,2,ensemble,3,79,1,0.441660159229515,1.4152140522507353,0.01000707453176988,20000,20000,20,,
hopper-medium-replay-v2,2,ensemble,3,80,1,0.4502222624136339,1.4306386045399107,0.010116142586974302,20000,20000,20,,
hopper-medium-replay-v2,2,ensemble,3,81,1,0.4688537236030591,1.5007090022046456,0.010611615120466024,20000,20000,20,,
hopper-medium-replay-v2,2,ensemble,3,82,1,0.48568714491121406,1.5537740232749,0.010986841482891863,20000,20000,20,,
hopper-medium-replay-v2,2,ensemble,3,83,1,0.5002184085691596,1.5851266651086124,0.011208538139379174,20000,20000,20,,
hopper-medium-replay-v2,2,ensemble,3,84,1,0.5228074802359444,1.6194476872236887,0.011451224414127412,20000,20000,20,,
hopper-medium-replay-v2,2,ensemble,3,85,1,0.5382213740562981,1.6594240910877651,0.011733900276724819,20000,20000,20,,
hopper-medium-replay-v2,2,ensemble,3,86,1,0.5491747151142765,1.6768821728199135,0.01185734755651793,20000,20000,20,,
hopper-medium-replay-v2,2,ensemble,3,87,1,0.5526989397567876,1.6674702534636898,0.011790795236510263,20000,20000,20,,
hopper-medium-replay-v2,2,ensemble,3,88,1,0.5650702250636074,1.7115499918587573,0.012102486055831075,20000,20000,20,,
hopper-medium-replay-v2,2,ensemble,3,89,1,0.570027152422987,1.6792698842807667,0.011874231226172791,20000,20000,20,,
hopper-medium-replay-v2,2,ensemble,3,90,1,0.5715565730102283,1.6570092869972342,0.011716825033248304,20000,20000,20,,
hopper-medium-replay-v2,2,ensemble,3,91,1,0.5799289671109964,1.6769331186850525,0.01185770779818506,20000,20000,20,,
hopper-medium-replay-v2,2,ensemble,3,92,1,0.5911223137864303,1.702953289962572,0.012041698193764754,20000,20000,20,,
hopper-medium-replay-v2,2,ensemble,3,93,1,0.6028979187547373,1.7332242082526839,0.012255745909721576,20000,20000,20,,
hopper-medium-replay-v2,2,ensemble,3,94,1,0.6215563118566745,1.7862259752107086,0.01263052499803046,20000,20000,20,,
hopper-medium-replay-v2,2,ensemble,3,95,1,0.6408398322705251,1.825279935829788,0.012906678201889893,20000,20000,20,,
hopper-medium-replay-v2,2,ensemble,3,96,1,0.655070764603235,1.9065306334490129,0.01348120739451681,20000,20000,20,,
hopper-medium-replay-v2,2,ensemble,3,97,1,0.656048787490506,1.8657392658627512,0.013192768868175622,20000,20000,20,,
hopper-medium-replay-v2,2,ensemble,3,98,1,0.6654632838676608,1.898659677349225,0.013425551330190993,20000,20000,20,,
hopper-medium-replay-v2,2,ensemble,3,99,1,0.6815279467948004,1.9309982673932096,0.013654219693332127,20000,20000,20,,
hopper-medium-replay-v2,2,ensemble,3,100,1,0.680943086128112,1.9067305912644643,0.013482621309789378,20000,20000,20,,
hopper-medium-replay-v2,2,ensemble,4,1,1,0.005052103859999184,0.033159262700649055,0.00023447139514775096,20000,20000,20,,
hopper-medium-replay-v2,2,ensemble,4,2,1,0.007961068245970733,0.0521778092968731,0.0003689528278127745,20000,20000,20,,
hopper-medium-replay-v2,2,ensemble,4,3,1,0.010494859965769873,0.06480963218362382,0.00045827330403246314,20000,20000,20,,
hopper-medium-replay-v2,2,ensemble,4,4,1,0.014358903221584316,0.09846400575757122,0.0006962456617396987,20000,20000,20,,
hopper-medium-replay-v2,2,ensemble,4,5,1,0.01898802810196332,0.13325809937224037,0.0009422770571414197,20000,20000,20,,
hopper-medium-replay-v2,2,ensemble,4,6,1,0.025015910572011593,0.17672423434659723,0.0012496290450647947,20000,20000,20,,
hopper-medium-replay-v2,2,ensemble,4,7,1,0.03021644450894358,0.20348980601677263,0.0014388902173679504,20000,20000,20,,
hopper-medium-replay-v2,2,ensemble,4,8,1,0.03643953802766883,0.24536763157926356,0.0017350111617337972,20000,20000,20,,
hopper-medium-replay-v2,2,ensemble,4,9,1,0.04000774637483077,0.27159262687737973,0.0019204498818526298,20000,20000,20,,
hopper-medium-replay-v2,2,ensemble,4,10,1,0.04269335968693494,0.2836313866605296,0.0020055767686500414,20000,20000,20,,
hopper-medium-replay-v2,2,ensemble,4,11,1,0.04524645988159659,0.31912758635833216,0.0022565728037767224,20000,20000,20,,
hopper-medium-replay-v2,2,ensemble,4,12,1,0.04795595264364678,0.3184436224375095,0.002251736448511716,20000,20000,20,,
hopper-medium-replay-v2,2,ensemble,4,13,1,0.04847423205238808,0.2998466968949459,0.0021202363269080355,20000,20000,20,,
hopper-medium-replay-v2,2,ensemble,4,14,1,0.05108309124228951,0.31729559185311,0.0022436186463993314,20000,20000,20,,
hopper-medium-replay-v2,2,ensemble,4,15,1,0.054195521948290866,0.35334414087342064,0.0024985203810413046,20000,20000,20,,
hopper-medium-replay-v2,2,ensemble,4,16,1,0.05881433141954169,0.37323458234714463,0.0026391670415099482,20000,20000,20,,
hopper-medium-replay-v2,2,ensemble,4,17,1,0.061592083333824245,0.3773868058838644,0.002668527695708118,20000,20000,20,,
hopper-medium-replay-v2,2,ensemble,4,18,1,0.06644109760985425,0.3882584134907883,0.0027454015703206693,20000,20000,20,,
hopper-medium-replay-v2,2,ensemble,4,19,1,0.07122739853014547,0.41815426544976436,0.00295679716681608,20000,20000,20,,
hopper-medium-replay-v2,2,ensemble,4,20,1,0.07666703389516194,0.4235302593619607,0.0029948111843253965,20000,20000,20,,
hopper-medium-replay-v2,2,ensemble,4,21,1,0.07727243795379313,0.41112429371485226,0.002907087759963019,20000,20000,20,,
hopper-medium-replay-v2,2,ensemble,4,22,1,0.07865523100855261,0.38947918045845736,0.0027540336963315427,20000,20000,20,,
hopper-medium-replay-v2,2,ensemble,4,23,1,0.0829862498997536,0.4125985964596181,0.002917512654646478,20000,20000,20,,
hopper-medium-replay-v2,2,ensemble,4,24,1,0.08605255787356343,0.41994330641097743,0.002969447596771023,20000,20000,20,,
hopper-medium-replay-v2,2,ensemble,4,25,1,0.08942194726062908,0.43799809204101453,0.0030971142102897095,20000,20000,20,,
hopper-medium-replay-v2,2,ensemble,4,26,1,0.09495564810482753,0.4515130773825836,0.0031926795881163125,20000,20000,20,,
hopper-medium-replay-v2,2,ensemble,4,27,1,0.10094936578889292,0.48537426179850013,0.0034321143193113404,20000,20000,20,,
hopper-medium-replay-v2,2,ensemble,4,28,1,0.10072013530125294,0.47134398838584485,0.0033329053045914416,20000,20000,20,,
hopper-medium-replay-v2,2,ensemble,4,29,1,0.10128383637010553,0.4617344050041679,0.0032649552888558285,20000,20000,20,,
hopper-medium-replay-v2,2,ensemble,4,30,1,0.10490973635773544,0.4761207486377508,0.0033666821002536922,20000,20000,20,,
hopper-medium-replay-v2,2,ensemble,4,31,1,0.11064080776486082,0.5029872059979991,0.0035566566421126,20000,20000,20,,
hopper-medium-replay-v2,2,ensemble,4,32,1,0.11245520671585774,0.49112179967684005,0.0034727555494003474,20000,20000,20,,
hopper-medium-replay-v2,2,ensemble,4,33,1,0.11860943930118242,0.5174264718264981,0.0036587576699394692,20000,20000,20,,
hopper-medium-replay-v2,2,ensemble,4,34,1,0.12711109045342872,0.5698723996795768,0.004029606382244793,20000,20000,20,,
hopper-medium-replay-v2,2,ensemble,4,35,1,0.13261703478333642,0.6071332446328946,0.004293080343637109,20000,20000,20,,
hopper-medium-replay-v2,2,ensemble,4,36,1,0.1331275357989143,0.5918069598914917,0.004184707144926689,20000,20000,20,,
hopper-medium-replay-v2,2,ensemble,4,37,1,0.13502733891609073,0.5846272069033782,0.004133938624675295,20000,20000,20,,
hopper-medium-replay-v2,2,ensemble,4,38,1,0.138580496606081,0.602682103825201,0.004261606025145745,20000,20000,20,,
hopper-medium-replay-v2,2,ensemble,4,39,1,0.14665566123227822,0.620214502400857,0.004385578804378862,20000,20000,20,,
hopper-medium-replay-v2,2,ensemble,4,40,1,0.1547775051486853,0.643545067445167,0.004550550811896317,20000,20000,20,,
hopper-medium-replay-v2,2,ensemble,4,41,1,0.15589800622652042,0.6194158516188972,0.004379931490541626,20000,20000,20,,
hopper-medium-replay-v2,2,ensemble,4,42,1,0.15813092383874747,0.6377003449201757,0.0045092223825805655,20000,20000,20,,
hopper-medium-replay-v2,2,ensemble,4,43,1,0.1636179541021978,0.6553057873796791,0.00463371166006961,20000,20000,20,,
hopper-medium-replay-v2,2,ensemble,4,44,1,0.170517563326554,0.6734208132024673,0.004761804236076239,20000,20000,20,,
hopper-medium-replay-v2,2,ensemble,4,45,1,0.17797465496230566,0.6911754555620865,0.004887348516176526,20000,20000,20,,
hopper-medium-replay-v2,2,ensemble,4,46,1,0.18368784687333278,0.7317922489595037,0.005174552616590193,20000,20000,20,,
hopper-medium-replay-v2,2,ensemble,4,47,1,0.18693861316158436,0.7291347651814479,0.005155761368586628,20000,20000,20,,
hopper-medium-replay-v2,2,ensemble,4,48,1,0.19071944157336274,0.7477038641569783,0.005287064726647845,20000,20000,20,,
hopper-medium-replay-v2,2,ensemble,4,49,1,0.19842220810867542,0.7694957455959376,0.005441156598050859,20000,20000,20,,
hopper-medium-replay-v2,2,ensemble,4,50,1,0.20282479114693164,0.784046886584948,0.005544048702724166,20000,20000,20,,
hopper-medium-replay-v2,2,ensemble,4,51,1,0.20682807218854676,0.7896825436985445,0.005583898816338829,20000,20000,20,,
hopper-medium-replay-v2,2,ensemble,4,52,1,0.20979364613669862,0.8138633079281266,0.005754882639948935,20000,20000,20,,
hopper-medium-replay-v2,2,ensemble,4,53,1,0.21567265990811188,0.85325238665444,0.006033405486669605,20000,20000,20,,
hopper-medium-replay-v2,2,ensemble,4,54,1,0.22586425233126547,0.8715394165071655,0.006162714314835836,20000,20000,20,,
hopper-medium-replay-v2,2,ensemble,4,55,1,0.23363906462243167,0.8780424329218187,0.006208697584885523,20000,20000,20,,
hopper-medium-replay-v2,2,ensemble,4,56,1,0.24591578415630694,0.9273128239080085,0.006557091860665996,20000,20000,20,,
hopper-medium-replay-v2,2,ensemble,4,57,1,0.2549320081618578,0.9685466416725987,0.006848658982221517,20000,20000,20,,
hopper-medium-replay-v2,2,ensemble,4,58,1,0.2667589551568263,0.9991477215588997,0.007065041293213864,20000,20000,20,,
hopper-medium-replay-v2,2,ensemble,4,59,1,0.2785267541109263,1.0466570108874762,0.007400982699749765,20000,20000,20,,
hopper-medium-replay-v2,2,ensemble,4,60,1,0.2900909787831993,1.0974911889758776,0.007760434620173297,20000,20000,20,,
hopper-medium-replay-v2,2,ensemble,4,61,1,0.30108959676107205,1.142803531478554,0.008080841266724197,20000,20000,20,,
hopper-medium-replay-v2,2,ensemble,4,62,1,0.3115365539050885,1.1641211972591183,0.008231579927049251,20000,20000,20,,
hopper-medium-replay-v2,2,ensemble,4,63,1,0.3203758108867958,1.166965087943765,0.00825168927092992,20000,20000,20,,
hopper-medium-replay-v2,2,ensemble,4,64,1,0.3281091365300567,1.1806769468668477,0.00834864675520177,20000,20000,20,,
hopper-medium-replay-v2,2,ensemble,4,65,1,0.3309336750833744,1.1760567319061537,0.008315976901909307,20000,20000,20,,
hopper-medium-replay-v2,2,ensemble,4,66,1,0.3396242284087532,1.208891289697478,0.008548152286624377,20000,20000,20,,
hopper-medium-replay-v2,2,ensemble,4,67,1,0.3476717130063635,1.2439584773201886,0.008796114748275975,20000,20000,20,,
hopper-medium-replay-v2,2,ensemble,4,68,1,0.3490294928558997,1.230791842618331,0.00870301258144508,20000,20000,20,,
hopper-medium-replay-v2,2,ensemble,4,69,1,0.3511693719245441,1.227946150248322,0.008682890497725035,20000,20000,20,,
hopper-medium-replay-v2,2,ensemble,4,70,1,0.35827011047863705,1.2566848691002337,0.00888610392755304,20000,20000,20,,
hopper-medium-replay-v2,2,ensemble,4,71,1,0.3635149183596942,1.2550168578506975,0.008874309306896616,20000,20000,20,,
hopper-medium-replay-v2,2,ensemble,4,72,1,0.3706318454854164,1.2850888392996656,0.00908695032695943,20000,20000,20,,
hopper-medium-replay-v2,2,ensemble,4,73,1,0.38170830476710255,1.3306176869041566,0.009408887895766875,20000,20000,20,,
hopper-medium-replay-v2,2,ensemble,4,74,1,0.39243573388626435,1.3469340767861453,0.009524262195067253,20000,20000,20,,
hopper-medium-replay-v2,2,ensemble,4,75,1,0.40411009630032907,1.3828017987122199,0.00977788528906366,20000,20000,20,,
hopper-medium-replay-v2,2,ensemble,4,76,1,0.4141625160993683,1.4111086358343716,0.009978044853893826,20000,20000,20,,
hopper-medium-replay-v2,2,ensemble,4,77,1,0.4255755338611658,1.4327622554379913,0.01013115906648336,20000,20000,20,,
hopper-medium-replay-v2,2,ensemble,4,78,1,0.43596373639861213,1.4677778598997893,0.010378756780106193,20000,20000,20,,
hopper-medium-replay-v2,2,ensemble,4,79,1,0.4417940069940365,1.4778398989992234,0.010449906140903933,20000,20000,20,,
hopper-medium-replay-v2,2,ensemble,4,80,1,0.45011466864651783,1.4813272645789657,0.010474565539403057,20000,20000,20,,
hopper-medium-replay-v2,2,ensemble,4,81,1,0.45887379035049897,1.4717003536467124,0.010406492999382304,20000,20000,20,,
hopper-medium-replay-v2,2,ensemble,4,82,1,0.4644746656046342,1.4681587983939695,0.01038145042203069,20000,20000,20,,
hopper-medium-replay-v2,2,ensemble,4,83,1,0.48136097858412225,1.5035696265485334,0.010631842789185927,20000,20000,20,,
hopper-medium-replay-v2,2,ensemble,4,84,1,0.49602206480970046,1.5293460933823277,0.010814109934117988,20000,20000,20,,
hopper-medium-replay-v2,2,ensemble,4,85,1,0.5098476839662738,1.556474139537479,0.01100593418808448,20000,20000,20,,
hopper-medium-replay-v2,2,ensemble,4,86,1,0.5247608265781619,1.597347473227124,0.011294952302300966,20000,20000,20,,
hopper-medium-replay-v2,2,ensemble,4,87,1,0.5365622810320991,1.6137058911650812,0.011410623784835098,20000,20000,20,,
hopper-medium-replay-v2,2,ensemble,4,88,1,0.5423510964762767,1.631694296087977,0.011537821015872187,20000,20000,20,,
hopper-medium-replay-v2,2,ensemble,4,89,1,0.5498543143701545,1.6262619846903292,0.011499408773604251,20000,20000,20,,
hopper-medium-replay-v2,2,ensemble,4,90,1,0.5600952564154668,1.6454042934077924,0.011634765336621096,20000,20000,20,,
hopper-medium-replay-v2,2,ensemble,4,91,1,0.563103090624547,1.6389668354751064,0.011589245635043042,20000,20000,20,,
hopper-medium-replay-v2,2,ensemble,4,92,1,0.5792614812679944,1.741382043081093,0.012313430512991254,20000,20000,20,,
hopper-medium-replay-v2,2,ensemble,4,93,1,0.5911265720423031,1.776744887867151,0.012563483586493944,20000,20000,20,,
hopper-medium-replay-v2,2,ensemble,4,94,1,0.6010534773876393,1.7607734793036434,0.012450548673490373,20000,20000,20,,
hopper-medium-replay-v2,2,ensemble,4,95,1,0.6087275635333362,1.761562258109096,0.01245612618191229,20000,20000,20,,
hopper-medium-replay-v2,2,ensemble,4,96,1,0.6199507230887873,1.7746127018764506,0.012548406754766192,20000,20000,20,,
hopper-medium-replay-v2,2,ensemble,4,97,1,0.6394050946988052,1.8604940058386297,0.013155679278854191,20000,20000,20,,
hopper-medium-replay-v2,2,ensemble,4,98,1,0.6601555767834869,1.8849988257142727,0.013328954521912411,20000,20000,20,,
hopper-medium-replay-v2,2,ensemble,4,99,1,0.6770771989448394,1.901508435207629,0.013445695090187353,20000,20000,20,,
hopper-medium-replay-v2,2,ensemble,4,100,1,0.6970159256647254,2.11546039021841,0.014958563872549777,20000,20000,20,,
hopper-medium-replay-v2,2,ensemble,5,1,1,0.005134236203448034,0.03428874368148772,0.00024245803175547347,20000,20000,20,,
hopper-medium-replay-v2,2,ensemble,5,2,1,0.007924281193053015,0.04794975357230069,0.000339055959071977,20000,20000,20,,
hopper-medium-replay-v2,2,ensemble,5,3,1,0.010730818846961275,0.07913639796430479,0.0005595788363923721,20000,20000,20,,
hopper-medium-replay-v2,2,ensemble,5,4,1,0.014967205455631216,0.12875933691624894,0.0009104660027456299,20000,20000,20,,
hopper-medium-replay-v2,2,ensemble,5,5,1,0.02005709160608566,0.14138043677531142,0.0009997106557093865,20000,20000,20,,
hopper-medium-replay-v2,2,ensemble,5,6,1,0.02622383126079348,0.19018967408439888,0.0013448440825673783,20000,20000,20,,
hopper-medium-replay-v2,2,ensemble,5,7,1,0.03259490730376333,0.24774165988877558,0.001751798076897645,20000,20000,20,,
hopper-medium-replay-v2,2,ensemble,5,8,1,0.03764282228775996,0.277322832151214,0.001960968551919821,20000,20000,20,,
hopper-medium-replay-v2,2,ensemble,5,9,1,0.04096794911899662,0.28158329520374753,0.001991094575074233,20000,20000,20,,
hopper-medium-replay-v2,2,ensemble,5,10,1,0.043233567187770015,0.2972654612904195,0.0021019842349100275,20000,20000,20,,
hopper-medium-replay-v2,2,ensemble,5,11,1,0.046361887741724325,0.31178229732088286,0.002204633766895166,20000,20000,20,,
hopper-medium-replay-v2,2,ensemble,5,12,1,0.04892021202020283,0.31997563151427355,0.002262569388581908,20000,20000,20,,
hopper-medium-replay-v2,2,ensemble,5,13,1,0.0518561781714224,0.34629067552436243,0.0024486448492494705,20000,20000,20,,
hopper-medium-replay-v2,2,ensemble,5,14,1,0.05614070334647591,0.3944176561929056,0.002788953993137078,20000,20000,20,,
hopper-medium-replay-v2,2,ensemble,5,15,1,0.057503987761518785,0.3801475207843562,0.002688048897978723,20000,20000,20,,
hopper-medium-replay-v2,2,ensemble,5,16,1,0.06187766778580617,0.38660173718202745,0.0027336870997991102,20000,20000,20,,
hopper-medium-replay-v2,2,ensemble,5,17,1,0.066970125288697,0.404667634212583,0.0028614322827843477,20000,20000,20,,
hopper-medium-replay-v2,2,ensemble,5,18,1,0.06891629092425042,0.39138601165810577,0.0027675170290500373,20000,20000,20,,
hopper-medium-replay-v2,2,ensemble,5,19,1,0.0710232986408381,0.3892810641561266,0.0027526328025231257,20000,20000,20,,
hopper-medium-replay-v2,2,ensemble,5,20,1,0.07331731975441425,0.38931169297260765,0.00275284938096146,20000,20000,20,,
hopper-medium-replay-v2,2,ensemble,5,21,1,0.07646242831684333,0.3938694866290806,0.002785077848978871,20000,20000,20,,
hopper-medium-replay-v2,2,ensemble,5,22,1,0.07948482624239205,0.40167657073923546,0.002840282270134713,20000,20000,20,,
hopper-medium-replay-v2,2,ensemble,5,23,1,0.08249941798698342,0.39897584984174345,0.0028211852895276253,20000,20000,20,,
hopper-medium-replay-v2,2,ensemble,5,24,1,0.0854931975268055,0.4141449768879683,0.0029284472155182836,20000,20000,20,,
hopper-medium-replay-v2,2,ensemble,5,25,1,0.08863003899765338,0.442092675105629,0.0031260672848009144,20000,20000,20,,
hopper-medium-replay-v2,2,ensemble,5,26,1,0.09518065444905989,0.45537208757958986,0.0032199669109060237,20000,20000,20,,
hopper-medium-replay-v2,2,ensemble,5,27,1,0.10070665876604416,0.48727625845210065,0.0034455634666268912,20000,20000,20,,
hopper-medium-replay-v2,2,ensemble,5,28,1,0.103641448445325,0.5040665626323849,0.0035642888460675295,20000,20000,20,,
hopper-medium-replay-v2,2,ensemble,5,29,1,0.10596436270559961,0.5020176365051693,0.0035498007504804847,20000,20000,20,,
hopper-medium-replay-v2,2,ensemble,5,30,1,0.11403299576169766,0.5595038778836452,0.003956289861516955,20000,20000,20,,
hopper-medium-replay-v2,2,ensemble,5,31,1,0.11834515335245303,0.5829780968421997,0.004122277655603472,20000,20000,20,,
hopper-medium-replay-v2,2,ensemble,5,32,1,0.1192445376413076,0.5760550337644239,0.0040733242071146975,20000,20000,20,,
hopper-medium-replay-v2,2,ensemble,5,33,1,0.12229967637382508,0.5693603532737838,0.004025985667386608,20000,20000,20,,
hopper-medium-replay-v2,2,ensemble,5,34,1,0.12531172775253496,0.5485331773777883,0.0038787152942963738,20000,20000,20,,
hopper-medium-replay-v2,2,ensemble,5,35,1,0.12866490829766977,0.5629747553083989,0.003980832671154061,20000,20000,20,,
hopper-medium-replay-v2,2,ensemble,5,36,1,0.13272842938408116,0.5797061364452901,0.004099141401759186,20000,20000,20,,
hopper-medium-replay-v2,2,ensemble,5,37,1,0.13769085484878704,0.5884007280342685,0.004160621448481327,20000,20000,20,,
hopper-medium-replay-v2,2,ensemble,5,38,1,0.14065507901765847,0.6030941938318748,0.004264519941527527,20000,20000,20,,
hopper-medium-replay-v2,2,ensemble,5,39,1,0.14523989410168356,0.621460092619669,0.004394386457281878,20000,20000,20,,
hopper-medium-replay-v2,2,ensemble,5,40,1,0.14978948929304806,0.6451125845368698,0.004561634831548005,20000,20000,20,,
hopper-medium-replay-v2,2,ensemble,5,41,1,0.15242813018910492,0.6174058836187901,0.004365718870513189,20000,20000,20,,
hopper-medium-replay-v2,2,ensemble,5,42,1,0.157103569290237,0.6231618059228005,0.004406419387444674,20000,20000,20,,
hopper-medium-replay-v2,2,ensemble,5,43,1,0.16043710849637025,0.624983405551321,0.004419300041944013,20000,20000,20,,
hopper-medium-replay-v2,2,ensemble,5,44,1,0.17009203862687805,0.6493074398711723,0.004591296938077824,20000,20000,20,,
hopper-medium-replay-v2,2,ensemble,5,45,1,0.17868115630200915,0.6960409240868706,0.004921752574051771,20000,20000,20,,
hopper-medium-replay-v2,2,ensemble,5,46,1,0.18362815126527704,0.7182778990194392,0.0050789917317307165,20000,20000,20,,
hopper-medium-replay-v2,2,ensemble,5,47,1,0.1862252044491461,0.7215657853594784,0.005102240598998839,20000,20000,20,,
hopper-medium-replay-v2,2,ensemble,5,48,1,0.19566466613928557,0.7637307563168318,0.005400391967923624,20000,20000,20,,
hopper-medium-replay-v2,2,ensemble,5,49,1,0.2021978183235895,0.7768106836560402,0.00549288102111344,20000,20000,20,,
hopper-medium-replay-v2,2,ensemble,5,50,1,0.20459396830665197,0.7793699940402741,0.005510978078391969,20000,20000,20,,
hopper-medium-replay-v2,2,ensemble,5,51,1,0.20388809959711057,0.7830750058375057,0.005537176468053955,20000,20000,20,,
hopper-medium-replay-v2,2,ensemble,5,52,1,0.20757388391024015,0.808259034548998,0.005715254442848885,20000,20000,20,,
hopper-medium-replay-v2,2,ensemble,5,53,1,0.2152118650957366,0.8366193003045915,0.005915791805169213,20000,20000,20,,
hopper-medium-replay-v2,2,ensemble,5,54,1,0.2247299073143949,0.8677591675193356,0.006135983917897154,20000,20000,20,,
hopper-medium-replay-v2,2,ensemble,5,55,1,0.23644846045002796,0.9199032922102192,0.006504698559576761,20000,20000,20,,
hopper-medium-replay-v2,2,ensemble,5,56,1,0.2488229418988853,0.9340673280078237,0.006604853417191313,20000,20000,20,,
hopper-medium-replay-v2,2,ensemble,5,57,1,0.26293076683151445,0.996436006302812,0.0070458665707515975,20000,20000,20,,
hopper-medium-replay-v2,2,ensemble,5,58,1,0.26562813111684497,1.0285713243028327,0.007273097583485605,20000,20000,20,,
hopper-medium-replay-v2,2,ensemble,5,59,1,0.2767510492361691,1.0738955596624646,0.007593588325234514,20000,20000,20,,
hopper-medium-replay-v2,2,ensemble,5,60,1,0.2930268524411083,1.1165282220709056,0.007895046772124967,20000,20000,20,,
hopper-medium-replay-v2,2,ensemble,5,61,1,0.3062177166142208,1.1570879752604815,0.008181847537360986,20000,20000,20,,
hopper-medium-replay-v2,2,ensemble,5,62,1,0.30854319699875266,1.1523179898016502,0.008148118646719977,20000,20000,20,,
hopper-medium-replay-v2,2,ensemble,5,63,1,0.3160009515835386,1.1955284690679482,0.008453662875795178,20000,20000,20,,
hopper-medium-replay-v2,2,ensemble,5,64,1,0.3199988451996362,1.1834350356673269,0.008368149388141106,20000,20000,20,,
hopper-medium-replay-v2,2,ensemble,5,65,1,0.32585409335914983,1.1921325231319564,0.008429649911796351,20000,20000,20,,
hopper-medium-replay-v2,2,ensemble,5,66,1,0.334368781047794,1.2199609899656976,0.008626426887877984,20000,20000,20,,
hopper-medium-replay-v2,2,ensemble,5,67,1,0.3458162784759904,1.2465597029709374,0.008814508191246384,20000,20000,20,,
hopper-medium-replay-v2,2,ensemble,5,68,1,0.35286330683279055,1.274547127326217,0.00901240916674202,20000,20000,20,,
hopper-medium-replay-v2,2,ensemble,5,69,1,0.3547382647261518,1.2721113481155195,0.008995185606768446,20000,20000,20,,
hopper-medium-replay-v2,2,ensemble,5,70,1,0.36560029608630196,1.2906247781193856,0.009126095325756008,20000,20000,20,,
hopper-medium-replay-v2,2,ensemble,5,71,1,0.38563109382911626,1.365752395598034,0.009657327803491421,20000,20000,20,,
hopper-medium-replay-v2,2,ensemble,5,72,1,0.3963204696845014,1.411625902624582,0.009981702482444229,20000,20000,20,,
hopper-medium-replay-v2,2,ensemble,5,73,1,0.40247988191607115,1.43283842643769,0.010131697676787527,20000,20000,20,,
hopper-medium-replay-v2,2,ensemble,5,74,1,0.40822917363475997,1.436939390146251,0.010160695869264762,20000,20000,20,,
hopper-medium-replay-v2,2,ensemble,5,75,1,0.41492408797444996,1.4033284618856825,0.009923030716314535,20000,20000,20,,
hopper-medium-replay-v2,2,ensemble,5,76,1,0.42173736806335976,1.4048020955038598,0.009933450879558513,20000,20000,20,,
hopper-medium-replay-v2,2,ensemble,5,77,1,0.4254838680708759,1.3950789926364653,0.009864698159841421,20000,20000,20,,
hopper-medium-replay-v2,2,ensemble,5,78,1,0.42775298804477324,1.3873002230470188,0.009809693952581569,20000,20000,20,,
hopper-medium-replay-v2,2,ensemble,5,79,1,0.4386115883508394,1.4154410846185694,0.010008679893038322,20000,20000,20,,
hopper-medium-replay-v2,2,ensemble,5,80,1,0.4531655591948469,1.4493178394528397,0.010248224723717388,20000,20000,20,,
hopper-medium-replay-v2,2,ensemble,5,81,1,0.4520735644164837,1.4152225261227767,0.010007134451093712,20000,20000,20,,
hopper-medium-replay-v2,2,ensemble,5,82,1,0.46167657829057746,1.4259035099027364,0.010082660411699243,20000,20000,20,,
hopper-medium-replay-v2,2,ensemble,5,83,1,0.48532799732025594,1.523563685143152,0.010773222133342888,20000,20000,20,,
hopper-medium-replay-v2,2,ensemble,5,84,1,0.5029890434234148,1.6177156303365232,0.011438976922424257,20000,20000,20,,
hopper-medium-replay-v2,2,ensemble,5,85,1,0.5052780981591057,1.6167965858803877,0.011432478296752804,20000,20000,20,,
hopper-medium-replay-v2,2,ensemble,5,86,1,0.5142387472902568,1.6389829868976422,0.011589359842847051,20000,20000,20,,
hopper-medium-replay-v2,2,ensemble,5,87,1,0.5365752059605172,1.6985169181693072,0.012010328307975934,20000,20000,20,,
hopper-medium-replay-v2,2,ensemble,5,88,1,0.5487652876444462,1.7280053613019946,0.012218843089033505,20000,20000,20,,
hopper-medium-replay-v2,2,ensemble,5,89,1,0.5643462368705033,1.7138212680887794,0.01211854640407304,20000,20000,20,,
hopper-medium-replay-v2,2,ensemble,5,90,1,0.575092780431877,1.7004061437689364,0.012023687150302824,20000,20000,20,,
hopper-medium-replay-v2,2,ensemble,5,91,1,0.585426656044604,1.7286779591474806,0.01222359907400905,20000,20000,20,,
hopper-medium-replay-v2,2,ensemble,5,92,1,0.6033617650259563,1.772872267363759,0.012536100024304837,20000,20000,20,,
hopper-medium-replay-v2,2,ensemble,5,93,1,0.6208730278843159,1.8081625678067765,0.012785640131838522,20000,20000,20,,
hopper-medium-replay-v2,2,ensemble,5,94,1,0.6312035507570946,1.8305205452223237,0.012943734906280013,20000,20000,20,,
hopper-medium-replay-v2,2,ensemble,5,95,1,0.6438961491245595,1.8973844420429467,0.013416534054864215,20000,20000,20,,
hopper-medium-replay-v2,2,ensemble,5,96,1,0.6448006863304954,1.89782365006319,0.01341963972455887,20000,20000,20,,
hopper-medium-replay-v2,2,ensemble,5,97,1,0.6468951402591457,1.8643855719806868,0.013183196806939038,20000,20000,20,,
hopper-medium-replay-v2,2,ensemble,5,98,1,0.6521819100385475,1.8219302389827885,0.012882992268335568,20000,20000,20,,
hopper-medium-replay-v2,2,ensemble,5,99,1,0.6604565909866973,1.8129176785013368,0.012819263842012684,20000,20000,20,,
hopper-medium-replay-v2,2,ensemble,5,100,1,0.6695658446906052,1.8478358592841713,0.013066172666195084,20000,20000,20,,
hopper-medium-replay-v2,2,ensemble,6,1,1,0.004919328035440161,0.033821223384239506,0.00023915216403020786,20000,20000,20,,
hopper-medium-replay-v2,2,ensemble,6,2,1,0.00715276263428885,0.04052368878123635,0.00028654575135905443,20000,20000,20,,
hopper-medium-replay-v2,2,ensemble,6,3,1,0.010535351227767635,0.0649043047347284,0.00045894274006124595,20000,20000,20,,
hopper-medium-replay-v2,2,ensemble,6,4,1,0.013226470597911105,0.08136515738869515,0.0005753385454185707,20000,20000,20,,
hopper-medium-replay-v2,2,ensemble,6,5,1,0.017770465724203155,0.11669905522449499,0.000825186933073038,20000,20000,20,,
hopper-medium-replay-v2,2,ensemble,6,6,1,0.024267954333798775,0.1746495573276867,0.0012349588631763594,20000,20000,20,,
hopper-medium-replay-v2,2,ensemble,6,7,1,0.030747321218798005,0.21910186194280692,0.0015492841235035752,20000,20000,20,,
hopper-medium-replay-v2,2,ensemble,6,8,1,0.03527677802150966,0.2538254992511471,0.0017948173175854705,20000,20000,20,,
hopper-medium-replay-v2,2,ensemble,6,9,1,0.039914727231325185,0.26716601497323317,0.0018891490089015985,20000,20000,20,,
hopper-medium-replay-v2,2,ensemble,6,10,1,0.04327449652519625,0.2931656158048817,0.0020729939494636192,20000,20000,20,,
hopper-medium-replay-v2,2,ensemble,6,11,1,0.04469471012283127,0.30142658343690726,0.0021314078117812977,20000,20000,20,,
hopper-medium-replay-v2,2,ensemble,6,12,1,0.047518818312600734,0.303228284047693,0.002144147758976843,20000,20000,20,,
hopper-medium-replay-v2,2,ensemble,6,13,1,0.050692468144270274,0.3189978507736106,0.002255655434659544,20000,20000,20,,
hopper-medium-replay-v2,2,ensemble,6,14,1,0.05162267891639926,0.32078991428684744,0.0022683272372848117,20000,20000,20,,
hopper-medium-replay-v2,2,ensemble,6,15,1,0.055623524964284105,0.3354069217602144,0.002371685088335534,20000,20000,20,,
hopper-medium-replay-v2,2,ensemble,6,16,1,0.058594599760848985,0.36164972032360854,0.0025572496965504195,20000,20000,20,,
hopper-medium-replay-v2,2,ensemble,6,17,1,0.06203116412461963,0.3738495219442197,0.0026435153211010675,20000,20000,20,,
hopper-medium-replay-v2,2,ensemble,6,18,1,0.06632322536346782,0.3815773582125587,0.002698159375393486,20000,20000,20,,
hopper-medium-replay-v2,2,ensemble,6,19,1,0.06949590373680077,0.3804603640466114,0.0026902610339006143,20000,20000,20,,
hopper-medium-replay-v2,2,ensemble,6,20,1,0.07174859589807184,0.38432511625100146,0.002717588958813913,20000,20000,20,,
hopper-medium-replay-v2,2,ensemble,6,21,1,0.07716117865387527,0.400611608616526,0.0028327518507479665,20000,20000,20,,
hopper-medium-replay-v2,2,ensemble,6,22,1,0.07800781734620348,0.3773682222841754,0.0026683962898145282,20000,20000,20,,
hopper-medium-replay-v2,2,ensemble,6,23,1,0.08097839272825437,0.38968191586833467,0.002755467252162651,20000,20000,20,,
hopper-medium-replay-v2,2,ensemble,6,24,1,0.08592476568909407,0.41016993368753235,0.002900339415492906,20000,20000,20,,
hopper-medium-replay-v2,2,ensemble,6,25,1,0.08867808326190832,0.4086033698852454,0.0028892621366153216,20000,20000,20,,
hopper-medium-replay-v2,2,ensemble,6,26,1,0.0946792607630426,0.43795316088065006,0.0030967964990079064,20000,20000,20,,
hopper-medium-replay-v2,2,ensemble,6,27,1,0.10097233112335234,0.4902817328736068,0.003466815380068188,20000,20000,20,,
hopper-medium-replay-v2,2,ensemble,6,28,1,0.10640717655602762,0.5008485553439141,0.0035415340983116755,20000,20000,20,,
hopper-medium-replay-v2,2,ensemble,6,29,1,0.10847967776690544,0.4974707785848824,0.003517649609795219,20000,20000,20,,
hopper-medium-replay-v2,2,ensemble,6,30,1,0.1110709821993058,0.5043910462136235,0.0035665832914743047,20000,20000,20,,
hopper-medium-replay-v2,2,ensemble,6,31,1,0.11172022854178963,0.5011550719343542,0.0035437014979081386,20000,20000,20,,
hopper-medium-replay-v2,2,ensemble,6,32,1,0.11564173435077589,0.5313196199579067,0.003756997062496951,20000,20000,20,,
hopper-medium-replay-v2,2,ensemble,6,33,1,0.12091555726141155,0.5607153273815191,0.0039648561030670715,20000,20000,20,,
hopper-medium-replay-v2,2,ensemble,6,34,1,0.12425502132825095,0.5445608866863323,0.0038506269574486466,20000,20000,20,,
hopper-medium-replay-v2,2,ensemble,6,35,1,0.126439503471162,0.5437286413404328,0.0038447420941716813,20000,20000,20,,
hopper-medium-replay-v2,2,ensemble,6,36,1,0.13075986774643933,0.5539058763301068,0.003916706012920957,20000,20000,20,,
hopper-medium-replay-v2,2,ensemble,6,37,1,0.13967715382215487,0.5863054884440241,0.004145805867256604,20000,20000,20,,
hopper-medium-replay-v2,2,ensemble,6,38,1,0.13896591483658546,0.5735664688855393,0.004055727396101877,20000,20000,20,,
hopper-medium-replay-v2,2,ensemble,6,39,1,0.14867839065789698,0.6196521796008619,0.004381602581727939,20000,20000,20,,
hopper-medium-replay-v2,2,ensemble,6,40,1,0.15226682938467703,0.6458276939600173,0.004566691418771985,20000,20000,20,,
hopper-medium-replay-v2,2,ensemble,6,41,1,0.1560890988821278,0.6358840034288383,0.004496378908725814,20000,20000,20,,
hopper-medium-replay-v2,2,ensemble,6,42,1,0.160853466449509,0.6525862995403611,0.0046144819771442485,20000,20000,20,,
hopper-medium-replay-v2,2,ensemble,6,43,1,0.16379538774635963,0.6419454927072696,0.004539240110454497,20000,20000,20,,
hopper-medium-replay-v2,2,ensemble,6,44,1,0.1680101148694597,0.649520269611436,0.00459280187160361,20000,20000,20,,
hopper-medium-replay-v2,2,ensemble,6,45,1,0.17386212945067658,0.6742100371941063,0.00476738489243987,20000,20000,20,,
hopper-medium-replay-v2,2,ensemble,6,46,1,0.1796879175268769,0.704027175735102,0.0049782239010190375,20000,20000,20,,
hopper-medium-replay-v2,2,ensemble,6,47,1,0.18507324424688487,0.7246346187698898,0.0051239405281471775,20000,20000,20,,
hopper-medium-replay-v2,2,ensemble,6,48,1,0.18775829606834918,0.7311060370819739,0.005169700365870872,20000,20000,20,,
hopper-medium-replay-v2,2,ensemble,6,49,1,0.19448881683602398,0.7668759006685285,0.005422631496912577,20000,20000,20,,
hopper-medium-replay-v2,2,ensemble,6,50,1,0.20228661775767365,0.7853404041561379,0.00555319525318589,20000,20000,20,,
hopper-medium-replay-v2,2,ensemble,6,51,1,0.20213623665048963,0.7562367776855715,0.005347401536841312,20000,20000,20,,
hopper-medium-replay-v2,2,ensemble,6,52,1,0.20889753347182782,0.7969140952478715,0.005635033607729122,20000,20000,20,,
hopper-medium-replay-v2,2,ensemble,6,53,1,0.21602824663904963,0.8359926852641486,0.005911360967726306,20000,20000,20,,
hopper-medium-replay-v2,2,ensemble,6,54,1,0.22177767903384396,0.8540988021930422,0.006039390548340079,20000,20000,20,,
hopper-medium-replay-v2,2,ensemble,6,55,1,0.23001698153623648,0.8706781196843802,0.006156624026595777,20000,20000,20,,
hopper-medium-replay-v2,2,ensemble,6,56,1,0.23968196701973082,0.8956515305421895,0.006333212708264924,20000,20000,20,,
hopper-medium-replay-v2,2,ensemble,6,57,1,0.2499427570437878,0.9487455250620099,0.006708643943917388,20000,20000,20,,
hopper-medium-replay-v2,2,ensemble,6,58,1,0.25917532155444617,0.9819747865851104,0.006943610305485444,20000,20000,20,,
hopper-medium-replay-v2,2,ensemble,6,59,1,0.27726668257016496,1.0652153794369634,0.007532210182240781,20000,20000,20,,
hopper-medium-replay-v2,2,ensemble,6,60,1,0.287134207764511,1.1050635358481093,0.007813979198401816,20000,20000,20,,
hopper-medium-replay-v2,2,ensemble,6,61,1,0.29389700949679004,1.104144047030047,0.007807477430617045,20000,20000,20,,
hopper-medium-replay-v2,2,ensemble,6,62,1,0.30718590390578937,1.151438095047959,0.008141896851249322,20000,20000,20,,
hopper-medium-replay-v2,2,ensemble,6,63,1,0.3231487512766179,1.1933051809402153,0.008437941854678664,20000,20000,20,,
hopper-medium-replay-v2,2,ensemble,6,64,1,0.3230746723989504,1.1802919441807302,0.008345924375100483,20000,20000,20,,
hopper-medium-replay-v2,2,ensemble,6,65,1,0.32697424900443534,1.1818816855463594,0.008357165544100174,20000,20000,20,,
hopper-medium-replay-v2,2,ensemble,6,66,1,0.3351084310891315,1.1834671069947684,0.008368376166672261,20000,20000,20,,
hopper-medium-replay-v2,2,ensemble,6,67,1,0.33773988370384983,1.1897283266420087,0.008412649675382881,20000,20000,20,,
hopper-medium-replay-v2,2,ensemble,6,68,1,0.3395364078194513,1.2010444898371881,0.008492667032706132,20000,20000,20,,
hopper-medium-replay-v2,2,ensemble,6,69,1,0.34154216428506995,1.2034222188393449,0.00850948011571862,20000,20000,20,,
hopper-medium-replay-v2,2,ensemble,6,70,1,0.3506675113920114,1.1935236117952135,0.008439486394066558,20000,20000,20,,
hopper-medium-replay-v2,2,ensemble,6,71,1,0.36556431160566005,1.245206646293343,0.008804940635725816,20000,20000,20,,
hopper-medium-replay-v2,2,ensemble,6,72,1,0.3828422843483456,1.296499623736314,0.009167636757497549,20000,20000,20,,
hopper-medium-replay-v2,2,ensemble,6,73,1,0.393630756469703,1.3301460536084688,0.009405552944750732,20000,20000,20,,
hopper-medium-replay-v2,2,ensemble,6,74,1,0.4035464294188179,1.3731941060082624,0.009709948642438411,20000,20000,20,,
hopper-medium-replay-v2,2,ensemble,6,75,1,0.4093714325822831,1.3738198275588305,0.009714373161953824,20000,20000,20,,
hopper-medium-replay-v2,2,ensemble,6,76,1,0.4115160822083491,1.3735860201077996,0.009712719893612665,20000,20000,20,,
hopper-medium-replay-v2,2,ensemble,6,77,1,0.4340831814679923,1.4569712405650266,0.010302342441973068,20000,20000,20,,
hopper-medium-replay-v2,2,ensemble,6,78,1,0.4422262914174549,1.476385739057914,0.010439623677349637,20000,20000,20,,
hopper-medium-replay-v2,2,ensemble,6,79,1,0.44778687756235586,1.4670946821340716,0.010373925983797244,20000,20000,20,,
hopper-medium-replay-v2,2,ensemble,6,80,1,0.4522249842082131,1.4931104379073348,0.010557885157046918,20000,20000,20,,
hopper-medium-replay-v2,2,ensemble,6,81,1,0.45358719373346684,1.4681153473029862,0.010381143176419848,20000,20000,20,,
hopper-medium-replay-v2,2,ensemble,6,82,1,0.4624984275329489,1.4775310094380083,0.010447721961870203,20000,20000,20,,
hopper-medium-replay-v2,2,ensemble,6,83,1,0.4795922755864786,1.5217958381484111,0.010760721567362071,20000,20000,20,,
hopper-medium-replay-v2,2,ensemble,6,84,1,0.49913002385792227,1.559806908461025,0.011029500423144153,20000,20000,20,,
hopper-medium-replay-v2,2,ensemble,6,85,1,0.5148406221450278,1.5898904686013702,0.011242223316918865,20000,20000,20,,
hopper-medium-replay-v2,2,ensemble,6,86,1,0.5269120601203212,1.6199491899080416,0.011454770573616305,20000,20000,20,,
hopper-medium-replay-v2,2,ensemble,6,87,1,0.5351552596146596,1.6292980703543745,0.011520877141217347,20000,20000,20,,
hopper-medium-replay-v2,2,ensemble,6,88,1,0.5410469588440485,1.629440374011044,0.011521883380023534,20000,20000,20,,
hopper-medium-replay-v2,2,ensemble,6,89,1,0.5486507818433902,1.6238402369703684,0.011482284431253178,20000,20000,20,,
hopper-medium-replay-v2,2,ensemble,6,90,1,0.563491370228253,1.6569600674348293,0.011716476998384868,20000,20000,20,,
hopper-medium-replay-v2,2,ensemble,6,91,1,0.5729972956700503,1.655646787682138,0.011707190708197637,20000,20000,20,,
hopper-medium-replay-v2,2,ensemble,6,92,1,0.5888172407484064,1.6737861525571966,0.011835455387293348,20000,20000,20,,
hopper-medium-replay-v2,2,ensemble,6,93,1,0.6057079102106614,1.722273699162164,0.01217831411736806,20000,20000,20,,
hopper-medium-replay-v2,2,ensemble,6,94,1,0.6174130803799811,1.7604248934346174,0.012448083799172232,20000,20000,20,,
hopper-medium-replay-v2,2,ensemble,6,95,1,0.6181379511508777,1.7426082989188492,0.012322101451174725,20000,20000,20,,
hopper-medium-replay-v2,2,ensemble,6,96,1,0.6228240566586756,1.766607503226817,0.012491801452267179,20000,20000,20,,
hopper-medium-replay-v2,2,ensemble,6,97,1,0.6298177482581867,1.7779715913233234,0.012572157689817589,20000,20000,20,,
hopper-medium-replay-v2,2,ensemble,6,98,1,0.6480547434994579,1.8131688959286372,0.012821040217476648,20000,20000,20,,
hopper-medium-replay-v2,2,ensemble,6,99,1,0.6631721735136376,1.8225280377946271,0.012887219344271932,20000,20000,20,,
hopper-medium-replay-v2,2,ensemble,6,100,1,0.6752629450022091,1.854554757914196,0.01311368245402904,20000,20000,20,,
hopper-medium-replay-v2,2,ensemble,7,1,1,0.004942544107480404,0.032327712576937506,0.0002285914478340215,20000,20000,20,,
hopper-medium-replay-v2,2,ensemble,7,2,1,0.0074434758214497665,0.04472468327403588,0.0003162512682949133,20000,20000,20,,
hopper-medium-replay-v2,2,ensemble,7,3,1,0.010962862846458532,0.06804473501995763,0.00048114893556653785,20000,20000,20,,
hopper-medium-replay-v2,2,ensemble,7,4,1,0.014563209439113692,0.09582379070522709,0.0006775765220666653,20000,20000,20,,
hopper-medium-replay-v2,2,ensemble,7,5,1,0.020638619371460346,0.15010064596232034,0.001061371846204379,20000,20000,20,,
hopper-medium-replay-v2,2,ensemble,7,6,1,0.02721715477740559,0.21005985666426616,0.0014853474910237678,20000,20000,20,,
hopper-medium-replay-v2,2,ensemble,7,7,1,0.031598820416402246,0.22462777642935342,0.001588358239560515,20000,20000,20,,
hopper-medium-replay-v2,2,ensemble,7,8,1,0.035333348395403516,0.24704630625029306,0.0017468811841667078,20000,20000,20,,
hopper-medium-replay-v2,2,ensemble,7,9,1,0.04116253893937871,0.2824480388141819,0.001997209235783492,20000,20000,20,,
hopper-medium-replay-v2,2,ensemble,7,10,1,0.044159007135982246,0.29680514703086625,0.002098729321565958,20000,20000,20,,
hopper-medium-replay-v2,2,ensemble,7,11,1,0.04549762339898648,0.29961417792262707,0.0021185921694872236,20000,20000,20,,
hopper-medium-replay-v2,2,ensemble,7,12,1,0.04843422933363402,0.3288812279678645,0.0023255414650103583,20000,20000,20,,
hopper-medium-replay-v2,2,ensemble,7,13,1,0.050213887714220064,0.3282392000434716,0.002321001642019865,20000,20000,20,,
hopper-medium-replay-v2,2,ensemble,7,14,1,0.051766544771591,0.33314633721445913,0.0023557003417180433,20000,20000,20,,
hopper-medium-replay-v2,2,ensemble,7,15,1,0.05743485717478662,0.36430174434814877,0.00257600233826664,20000,20000,20,,
hopper-medium-replay-v2,2,ensemble,7,16,1,0.05987489593564426,0.37508279303160663,0.0026522358645903934,20000,20000,20,,
hopper-medium-replay-v2,2,ensemble,7,17,1,0.06294543112953359,0.38042839093876846,0.002690034949886901,20000,20000,20,,
hopper-medium-replay-v2,2,ensemble,7,18,1,0.06559442797639338,0.37855618315868017,0.0026767964417159945,20000,20000,20,,
hopper-medium-replay-v2,2,ensemble,7,19,1,0.07097976796419525,0.3887507059570953,0.0027488826037331965,20000,20000,20,,
hopper-medium-replay-v2,2,ensemble,7,20,1,0.074117953197534,0.39148058301608846,0.0027681857495353932,20000,20000,20,,
hopper-medium-replay-v2,2,ensemble,7,21,1,0.07806565875619502,0.4151837241563353,0.002935792267892297,20000,20000,20,,
hopper-medium-replay-v2,2,ensemble,7,22,1,0.08523946837205494,0.42791283905411015,0.00302580070251949,20000,20000,20,,
hopper-medium-replay-v2,2,ensemble,7,23,1,0.08535461266062043,0.4231896801430722,0.0029924029255733236,20000,20000,20,,
hopper-medium-replay-v2,2,ensemble,7,24,1,0.08685801551258382,0.4168437218302217,0.0029475302240118866,20000,20000,20,,
hopper-medium-replay-v2,2,ensemble,7,25,1,0.09259107630661484,0.4607898843409678,0.0032582765191966324,20000,20000,20,,
hopper-medium-replay-v2,2,ensemble,7,26,1,0.09636977678851008,0.4680250796348278,0.0033094370757516065,20000,20000,20,,
hopper-medium-replay-v2,2,ensemble,7,27,1,0.10260569418716672,0.4821912047374055,0.0034096067069833034,20000,20000,20,,
hopper-medium-replay-v2,2,ensemble,7,28,1,0.10630078874366884,0.4767799122839075,0.003371343091094783,20000,20000,20,,
hopper-medium-replay-v2,2,ensemble,7,29,1,0.10701156690681876,0.48272963410057335,0.0034134139775221627,20000,20000,20,,
hopper-medium-replay-v2,2,ensemble,7,30,1,0.10910651508694182,0.4776996986024399,0.0033778469625255513,20000,20000,20,,
hopper-medium-replay-v2,2,ensemble,7,31,1,0.11389050498528507,0.49269495194353746,0.0034838794157565547,20000,20000,20,,
hopper-medium-replay-v2,2,ensemble,7,32,1,0.11934990181062963,0.5432931472715098,0.003841662686078662,20000,20000,20,,
hopper-medium-replay-v2,2,ensemble,7,33,1,0.12117031689113587,0.5439194791113902,0.0038460915209911867,20000,20000,20,,
hopper-medium-replay-v2,2,ensemble,7,34,1,0.12514622965244013,0.5578956612075042,0.003944918052343789,20000,20000,20,,
hopper-medium-replay-v2,2,ensemble,7,35,1,0.1341124386537222,0.5954809151548139,0.004210685931731401,20000,20000,20,,
hopper-medium-replay-v2,2,ensemble,7,36,1,0.13565945246328712,0.5789350470750665,0.004093688976533326,20000,20000,20,,
hopper-medium-replay-v2,2,ensemble,7,37,1,0.13961791308323582,0.5766362410889063,0.0040774339635188655,20000,20000,20,,
hopper-medium-replay-v2,2,ensemble,7,38,1,0.14612607665103303,0.6015436313565828,0.004253555809118204,20000,20000,20,,
hopper-medium-replay-v2,2,ensemble,7,39,1,0.1493288788760041,0.6160635795259316,0.004356227347248442,20000,20000,20,,
hopper-medium-replay-v2,2,ensemble,7,40,1,0.15175326860372176,0.6198257313438996,0.004382829777871826,20000,20000,20,,
hopper-medium-replay-v2,2,ensemble,7,41,1,0.15552897834689694,0.6115896530319284,0.004324591909624043,20000,20000,20,,
hopper-medium-replay-v2,2,ensemble,7,42,1,0.15998612840203072,0.6327659122701016,0.004474330674698808,20000,20000,20,,
hopper-medium-replay-v2,2,ensemble,7,43,1,0.16457777782939773,0.6481211447144153,0.004582908564579507,20000,20000,20,,
hopper-medium-replay-v2,2,ensemble,7,44,1,0.17547230963667235,0.708801808594727,0.005011985653746207,20000,20000,20,,
hopper-medium-replay-v2,2,ensemble,7,45,1,0.18163919044099539,0.7178948829236562,0.005076283398944399,20000,20000,20,,
hopper-medium-replay-v2,2,ensemble,7,46,1,0.18472388947627233,0.7232662376761264,0.0051142646126407015,20000,20000,20,,
hopper-medium-replay-v2,2,ensemble,7,47,1,0.18472145458533337,0.7143495699788485,0.005051214250697379,20000,20000,20,,
hopper-medium-replay-v2,2,ensemble,7,48,1,0.18904748630312793,0.7229616302145875,0.00511211071262416,20000,20000,20,,
hopper-medium-replay-v2,2,ensemble,7,49,1,0.19513649526316956,0.7479073305869683,0.005288503451571743,20000,20000,20,,
hopper-medium-replay-v2,2,ensemble,7,50,1,0.20150428402161533,0.7719204185457224,0.005458301624900383,20000,20000,20,,
hopper-medium-replay-v2,2,ensemble,7,51,1,0.20573912316309462,0.7999667219972715,0.005656618938478443,20000,20000,20,,
hopper-medium-replay-v2,2,ensemble,7,52,1,0.21137617777106366,0.8205814074471394,0.005802386777214736,20000,20000,20,,
hopper-medium-replay-v2,2,ensemble,7,53,1,0.2223195830358081,0.8598392157497832,0.006079981401867945,20000,20000,20,,
hopper-medium-replay-v2,2,ensemble,7,54,1,0.23280500873881657,0.9067407906907122,0.006411625618758545,20000,20000,20,,
hopper-medium-replay-v2,2,ensemble,7,55,1,0.23982976275594148,0.9286934634484422,0.006566854456480146,20000,20000,20,,
hopper-medium-replay-v2,2,ensemble,7,56,1,0.2471398098562493,0.9278130269707348,0.0065606288304422365,20000,20000,20,,
hopper-medium-replay-v2,2,ensemble,7,57,1,0.25758818969747943,0.966611573984782,0.006834975987380415,20000,20000,20,,
hopper-medium-replay-v2,2,ensemble,7,58,1,0.2652285815500873,1.0158074346182775,0.007182843253982945,20000,20000,20,,
hopper-medium-replay-v2,2,ensemble,7,59,1,0.2815988849333175,1.055853716768262,0.0074660132306785835,20000,20000,20,,
hopper-medium-replay-v2,2,ensemble,7,60,1,0.29300662070169275,1.0852349722679688,0.007673770080714756,20000,20000,20,,
hopper-medium-replay-v2,2,ensemble,7,61,1,0.3079621622317442,1.1463373290354124,0.008105828988882147,20000,20000,20,,
hopper-medium-replay-v2,2,ensemble,7,62,1,0.3210367156603954,1.1995707821891546,0.008482246345992022,20000,20000,20,,
hopper-medium-replay-v2,2,ensemble,7,63,1,0.3290896325664711,1.216204725937832,0.008599866090217675,20000,20000,20,,
hopper-medium-replay-v2,2,ensemble,7,64,1,0.33604106872423556,1.21690160955055,0.008604793801500182,20000,20000,20,,
hopper-medium-replay-v2,2,ensemble,7,65,1,0.3370474989228308,1.2125615450654494,0.008574104911218168,20000,20000,20,,
hopper-medium-replay-v2,2,ensemble,7,66,1,0.3444404836171611,1.2366477671103921,0.008744420220629606,20000,20000,20,,
hopper-medium-replay-v2,2,ensemble,7,67,1,0.35177384802089684,1.2655474592637155,0.008948771903587793,20000,20000,20,,
hopper-medium-replay-v2,2,ensemble,7,68,1,0.35594073007481264,1.2738668998301794,0.009007599231990043,20000,20000,20,,
hopper-medium-replay-v2,2,ensemble,7,69,1,0.3636929662240048,1.2983868192827515,0.00918098124518066,20000,20000,20,,
hopper-medium-replay-v2,2,ensemble,7,70,1,0.3726442931283895,1.2959902166649775,0.009164034705552285,20000,20000,20,,
hopper-medium-replay-v2,2,ensemble,7,71,1,0.378898936056586,1.300903708683667,0.009198778340809498,20000,20000,20,,
hopper-medium-replay-v2,2,ensemble,7,72,1,0.37928867586798887,1.3028867693496646,0.00921280069725381,20000,20000,20,,
hopper-medium-replay-v2,2,ensemble,7,73,1,0.388080633174798,1.3143221094954494,0.009293660762876403,20000,20000,20,,
hopper-medium-replay-v2,2,ensemble,7,74,1,0.40075771791538234,1.3644053820650934,0.009647802979456497,20000,20000,20,,
hopper-medium-replay-v2,2,ensemble,7,75,1,0.41260905806122156,1.3979699739781033,0.009885140484950983,20000,20000,20,,
hopper-medium-replay-v2,2,ensemble,7,76,1,0.42159645945444024,1.4158127749416327,0.010011308140517717,20000,20000,20,,
hopper-medium-replay-v2,2,ensemble,7,77,1,0.43732881314912236,1.458525470701645,0.010313332508664343,20000,20000,20,,
hopper-medium-replay-v2,2,ensemble,7,78,1,0.44207538565133137,1.4728894479250332,0.010414901165659012,20000,20000,20,,
hopper-medium-replay-v2,2,ensemble,7,79,1,0.4497179774457416,1.4895399571983643,0.010532638045832831,20000,20000,20,,
hopper-medium-replay-v2,2,ensemble,7,80,1,0.454554357021743,1.4875612136586556,0.01051864621608126,20000,20000,20,,
hopper-medium-replay-v2,2,ensemble,7,81,1,0.4599094295213816,1.4661941549599613,0.010367558295082683,20000,20000,20,,
hopper-medium-replay-v2,2,ensemble,7,82,1,0.47462531007318837,1.5109511343042554,0.01068403793108045,20000,20000,20,,
hopper-medium-replay-v2,2,ensemble,7,83,1,0.48975071035387174,1.5332174168150305,0.010841484324632293,20000,20000,20,,
hopper-medium-replay-v2,2,ensemble,7,84,1,0.5021142143866043,1.551407184652886,0.01097010540649586,20000,20000,20,,
hopper-medium-replay-v2,2,ensemble,7,85,1,0.5146453748979266,1.57490449755343,0.011136256499412227,20000,20000,20,,
hopper-medium-replay-v2,2,ensemble,7,86,1,0.535871571466748,1.639836345418527,0.01159539399881606,20000,20000,20,,
hopper-medium-replay-v2,2,ensemble,7,87,1,0.5564626223899336,1.6798613072176123,0.011878413217864718,20000,20000,20,,
hopper-medium-replay-v2,2,ensemble,7,88,1,0.5661978544125131,1.6994303801867519,0.012016787459844847,20000,20000,20,,
hopper-medium-replay-v2,2,ensemble,7,89,1,0.5781652510283115,1.711196882080315,0.012099989192642676,20000,20000,20,,
hopper-medium-replay-v2,2,ensemble,7,90,1,0.5821265643899641,1.6950026370677247,0.011985478587996685,20000,20000,20,,
hopper-medium-replay-v2,2,ensemble,7,91,1,0.5850489245216471,1.6948358926190925,0.011984299526693156,20000,20000,20,,
hopper-medium-replay-v2,2,ensemble,7,92,1,0.595039999385643,1.7176607305608584,0.012145695503574222,20000,20000,20,,
hopper-medium-replay-v2,2,ensemble,7,93,1,0.6065047126019435,1.7331115145492209,0.012254949044902418,20000,20000,20,,
hopper-medium-replay-v2,2,ensemble,7,94,1,0.6232625221556546,1.774314088650751,0.01254629524039775,20000,20000,20,,
hopper-medium-replay-v2,2,ensemble,7,95,1,0.63889853692202,1.8102022250621566,0.012800062686604278,20000,20000,20,,
hopper-medium-replay-v2,2,ensemble,7,96,1,0.644689512218113,1.82918842656447,0.012934315404916878,20000,20000,20,,
hopper-medium-replay-v2,2,ensemble,7,97,1,0.6608794512833489,1.924614900123442,0.013609082470499557,20000,20000,20,,
hopper-medium-replay-v2,2,ensemble,7,98,1,0.6698053804369105,1.9268465264551613,0.013624862451621889,20000,20000,20,,
hopper-medium-replay-v2,2,ensemble,7,99,1,0.6775064357582904,2.121847884420401,0.015003730277199954,20000,20000,20,,
hopper-medium-replay-v2,2,ensemble,7,100,1,0.6908153872402175,2.153202515507407,0.015225440999832196,20000,20000,20,,
hopper-medium-replay-v2,2,ensemble,8,1,1,0.004816946562483658,0.03288623703719685,0.00023254081216710087,20000,20000,20,,
hopper-medium-replay-v2,2,ensemble,8,2,1,0.007002402188592322,0.04091958792750307,0.000289345181068966,20000,20000,20,,
hopper-medium-replay-v2,2,ensemble,8,3,1,0.010309480561885093,0.06082963742192839,0.00043013049118164535,20000,20000,20,,
hopper-medium-replay-v2,2,ensemble,8,4,1,0.013756973328398052,0.08477816248325674,0.000599472135884458,20000,20000,20,,
hopper-medium-replay-v2,2,ensemble,8,5,1,0.019658711616245474,0.13644067093560466,0.0009647812364820833,20000,20000,20,,
hopper-medium-replay-v2,2,ensemble,8,6,1,0.024449453062231227,0.1610947485131114,0.0011391118908716255,20000,20000,20,,
hopper-medium-replay-v2,2,ensemble,8,7,1,0.028204136613619597,0.18546382232960326,0.001311427264340395,20000,20000,20,,
hopper-medium-replay-v2,2,ensemble,8,8,1,0.035362342141424724,0.2563774821556288,0.001812862561757782,20000,20000,20,,
hopper-medium-replay-v2,2,ensemble,8,9,1,0.041639620834116486,0.3150719744422673,0.002227895296899618,20000,20000,20,,
hopper-medium-replay-v2,2,ensemble,8,10,1,0.042972262442160875,0.30586907035005945,0.002162820937997522,20000,20000,20,,
hopper-medium-replay-v2,2,ensemble,8,11,1,0.0435045049973006,0.2911198846182121,0.0020585284455178305,20000,20000,20,,
hopper-medium-replay-v2,2,ensemble,8,12,1,0.04482582272981003,0.30480881061941034,0.002155323769543912,20000,20000,20,,
hopper-medium-replay-v2,2,ensemble,8,13,1,0.04944244214238255,0.3271163468121022,0.0023130618706780795,20000,20000,20,,
hopper-medium-replay-v2,2,ensemble,8,14,1,0.05234838338226906,0.33745772913998306,0.002386186486386952,20000,20000,20,,
hopper-medium-replay-v2,2,ensemble,8,15,1,0.05429441130109909,0.35372434763778543,0.002501208848854658,20000,20000,20,,
hopper-medium-replay-v2,2,ensemble,8,16,1,0.05919512018911775,0.3797591157088702,0.002685302459351489,20000,20000,20,,
hopper-medium-replay-v2,2,ensemble,8,17,1,0.06059728971830293,0.3530536669479716,0.0024964664202168758,20000,20000,20,,
hopper-medium-replay-v2,2,ensemble,8,18,1,0.06594597182553973,0.3781707153453336,0.002674070772668529,20000,20000,20,,
hopper-medium-replay-v2,2,ensemble,8,19,1,0.06891121884180307,0.3769091782817792,0.002665150358544955,20000,20000,20,,
hopper-medium-replay-v2,2,ensemble,8,20,1,0.07464360926756791,0.4040686928167647,0.0028571971275591834,20000,20000,20,,
hopper-medium-replay-v2,2,ensemble,8,21,1,0.0780141693220339,0.41203830110313355,0.0029135507681861024,20000,20000,20,,
hopper-medium-replay-v2,2,ensemble,8,22,1,0.07978392319882292,0.41052158572192865,0.002902825970874303,20000,20000,20,,
hopper-medium-replay-v2,2,ensemble,8,23,1,0.08302551960810149,0.41516594780719035,0.0029356665701220455,20000,20000,20,,
hopper-medium-replay-v2,2,ensemble,8,24,1,0.08747369986914882,0.45658347901918406,0.0032285327419221076,20000,20000,20,,
hopper-medium-replay-v2,2,ensemble,8,25,1,0.09220825785163675,0.4810961818912364,0.0034018637261824993,20000,20000,20,,
hopper-medium-replay-v2,2,ensemble,8,26,1,0.09703089966289673,0.48697635571721587,0.0034434428340515567,20000,20000,20,,
hopper-medium-replay-v2,2,ensemble,8,27,1,0.09965015119202353,0.4662534319850837,0.0032969096350815336,20000,20000,20,,
hopper-medium-replay-v2,2,ensemble,8,28,1,0.10017027414497139,0.4438724539102406,0.003138652221418444,20000,20000,20,,
hopper-medium-replay-v2,2,ensemble,8,29,1,0.1027856524487194,0.47653422914021876,0.0033696058489255274,20000,20000,20,,
hopper-medium-replay-v2,2,ensemble,8,30,1,0.10688133818945046,0.5041747508679799,0.0035650538524178675,20000,20000,20,,
hopper-medium-replay-v2,2,ensemble,8,31,1,0.11130379137918492,0.5215277097384756,0.0036877578013276555,20000,20000,20,,
hopper-medium-replay-v2,2,ensemble,8,32,1,0.11524970939547757,0.5280972106737528,0.003734211187931114,20000,20000,20,,
hopper-medium-replay-v2,2,ensemble,8,33,1,0.11945948203375363,0.5368838750811059,0.0037963422877956127,20000,20000,20,,
hopper-medium-replay-v2,2,ensemble,8,34,1,0.12480978565651578,0.5574916545996941,0.003942061294223522,20000,20000,20,,
hopper-medium-replay-v2,2,ensemble,8,35,1,0.12956594670175592,0.5841806635964057,0.004130781086670758,20000,20000,20,,
hopper-medium-replay-v2,2,ensemble,8,36,1,0.13647119031638813,0.6277928010494053,0.004439165468021315,20000,20000,20,,
hopper-medium-replay-v2,2,ensemble,8,37,1,0.13836494133654406,0.5879495911617875,0.004157431429063581,20000,20000,20,,
hopper-medium-replay-v2,2,ensemble,8,38,1,0.14547190894926693,0.6026731392986105,0.004261542636370323,20000,20000,20,,
hopper-medium-replay-v2,2,ensemble,8,39,1,0.15377826677765305,0.6624012672736396,0.004683884279557533,20000,20000,20,,
hopper-medium-replay-v2,2,ensemble,8,40,1,0.15991794025309328,0.6719311098595918,0.004751270442719204,20000,20000,20,,
hopper-medium-replay-v2,2,ensemble,8,41,1,0.1612263600211254,0.6638102323814259,0.004693847167379242,20000,20000,20,,
hopper-medium-replay-v2,2,ensemble,8,42,1,0.16529736961668445,0.6616856780002266,0.004678824299279786,20000,20000,20,,
hopper-medium-replay-v2,2,ensemble,8,43,1,0.1707667589033289,0.6811033281477928,0.0048161278202203065,20000,20000,20,,
hopper-medium-replay-v2,2,ensemble,8,44,1,0.17711473394485353,0.7087980141084648,0.005011958822676536,20000,20000,20,,
hopper-medium-replay-v2,2,ensemble,8,45,1,0.1843509659834416,0.7474442803122126,0.0052852291916786415,20000,20000,20,,
hopper-medium-replay-v2,2,ensemble,8,46,1,0.18463794030232644,0.7254611906731567,0.00512978527412656,20000,20000,20,,
hopper-medium-replay-v2,2,ensemble,8,47,1,0.18899125571678435,0.7500367221351526,0.0053035605236069665,20000,20000,20,,
hopper-medium-replay-v2,2,ensemble,8,48,1,0.1928347391611296,0.7643436153248474,0.005404725535528415,20000,20000,20,,
hopper-medium-replay-v2,2,ensemble,8,49,1,0.2017147110288707,0.801997869812443,0.005670981322415444,20000,20000,20,,
hopper-medium-replay-v2,2,ensemble,8,50,1,0.21000152391376506,0.8191189756065631,0.00579204582249979,20000,20000,20,,
hopper-medium-replay-v2,2,ensemble,8,51,1,0.20685455685084217,0.8035085331339938,0.005681663325203028,20000,20000,20,,
hopper-medium-replay-v2,2,ensemble,8,52,1,0.20418557507560814,0.7832607704207826,0.005538490022019349,20000,20000,20,,
hopper-medium-replay-v2,2,ensemble,8,53,1,0.21518345630454555,0.8257762258521207,0.005839119690426686,20000,20000,20,,
hopper-medium-replay-v2,2,ensemble,8,54,1,0.2248603785790873,0.8644723516119133,0.006112742619730653,20000,20000,20,,
hopper-medium-replay-v2,2,ensemble,8,55,1,0.23750123759132985,0.9025301162645871,0.006381851654357727,20000,20000,20,,
hopper-medium-replay-v2,2,ensemble,8,56,1,0.2549374079884162,0.9780780525036682,0.0069160562345507584,20000,20000,20,,
hopper-medium-replay-v2,2,ensemble,8,57,1,0.26542656828592237,0.9965918147282027,0.007046968302693195,20000,20000,20,,
hopper-medium-replay-v2,2,ensemble,8,58,1,0.2742144096919513,1.0452954328443234,0.007391354889075484,20000,20000,20,,
hopper-medium-replay-v2,2,ensemble,8,59,1,0.2867343848434619,1.096776955371768,0.007755384225925125,20000,20000,20,,
hopper-medium-replay-v2,2,ensemble,8,60,1,0.29664848790825044,1.132850578119553,0.008010463258594365,20000,20000,20,,
hopper-medium-replay-v2,2,ensemble,8,61,1,0.29808329528013267,1.130089103739549,0.00799093668599263,20000,20000,20,,
hopper-medium-replay-v2,2,ensemble,8,62,1,0.3056575144669641,1.1302815561708826,0.007992297530185146,20000,20000,20,,
hopper-medium-replay-v2,2,ensemble,8,63,1,0.31587018866540095,1.1602267405751623,0.008204041959746625,20000,20000,20,,
hopper-medium-replay-v2,2,ensemble,8,64,1,0.3270070223269507,1.1919899642275458,0.008428641868116078,20000,20000,20,,
hopper-medium-replay-v2,2,ensemble,8,65,1,0.33968439302854886,1.225664951144378,0.008666759984168682,20000,20000,20,,
hopper-medium-replay-v2,2,ensemble,8,66,1,0.347641937584828,1.246342024660209,0.008812968973150051,20000,20000,20,,
hopper-medium-replay-v2,2,ensemble,8,67,1,0.3530283838776217,1.2695807073964205,0.008977291274636229,20000,20000,20,,
hopper-medium-replay-v2,2,ensemble,8,68,1,0.3536567187001695,1.2408026903780964,0.008773799964808641,20000,20000,20,,
hopper-medium-replay-v2,2,ensemble,8,69,1,0.35553635395832334,1.2532505353464731,0.008861819520691622,20000,20000,20,,
hopper-medium-replay-v2,2,ensemble,8,70,1,0.3672834175974604,1.271173434119059,0.008988553553297775,20000,20000,20,,
hopper-medium-replay-v2,2,ensemble,8,71,1,0.3774847451986969,1.297037714111028,0.009171441631026065,20000,20000,20,,
hopper-medium-replay-v2,2,ensemble,8,72,1,0.3855853328712245,1.3174774096889408,0.009315972104511372,20000,20000,20,,
hopper-medium-replay-v2,2,ensemble,8,73,1,0.3853110354973336,1.3098647576444844,0.009262142525676885,20000,20000,20,,
hopper-medium-replay-v2,2,ensemble,8,74,1,0.39859869323705915,1.3194681721026147,0.009330048920535773,20000,20000,20,,
hopper-medium-replay-v2,2,ensemble,8,75,1,0.4110825125606198,1.3587990252825108,0.009608160050469345,20000,20000,20,,
hopper-medium-replay-v2,2,ensemble,8,76,1,0.4187882046687126,1.3970828591684592,0.009878867635975078,20000,20000,20,,
hopper-medium-replay-v2,2,ensemble,8,77,1,0.4269389914470068,1.411941509037009,0.00998393415678836,20000,20000,20,,
hopper-medium-replay-v2,2,ensemble,8,78,1,0.43661781553432566,1.4513896241800341,0.010262874454014968,20000,20000,20,,
hopper-medium-replay-v2,2,ensemble,8,79,1,0.44271162753810206,1.4646835568293128,0.010356876753264391,20000,20000,20,,
hopper-medium-replay-v2,2,ensemble,8,80,1,0.45460889964771867,1.5172730788489612,0.010728740829658917,20000,20000,20,,
hopper-medium-replay-v2,2,ensemble,8,81,1,0.46512468162878395,1.5041575366090199,0.010635999941090905,20000,20000,20,,
hopper-medium-replay-v2,2,ensemble,8,82,1,0.4725230191728613,1.5029346759812339,0.01062735301066737,20000,20000,20,,
hopper-medium-replay-v2,2,ensemble,8,83,1,0.4825417733383896,1.5210423506543784,0.010755393606196375,20000,20000,20,,
hopper-medium-replay-v2,2,ensemble,8,84,1,0.4917284959705662,1.553668103057053,0.010986092513848819,20000,20000,20,,
hopper-medium-replay-v2,2,ensemble,8,85,1,0.4966612865885446,1.5623328238691887,0.011047361342282312,20000,20000,20,,
hopper-medium-replay-v2,2,ensemble,8,86,1,0.5126831094196288,1.6511422975352357,0.011675339152911012,20000,20000,20,,
hopper-medium-replay-v2,2,ensemble,8,87,1,0.5322741855974871,1.786367595704689,0.012631526406146945,20000,20000,20,,
hopper-medium-replay-v2,2,ensemble,8,88,1,0.541526733058192,1.8086460376956366,0.012789058780207646,20000,20000,20,,
hopper-medium-replay-v2,2,ensemble,8,89,1,0.5502418528787836,1.766681422385141,0.012492324139648283,20000,20000,20,,
hopper-medium-replay-v2,2,ensemble,8,90,1,0.5693499241235274,1.7829553124126905,0.012607397919595928,20000,20000,20,,
hopper-medium-replay-v2,2,ensemble,8,91,1,0.5886833364456907,1.8438398757535255,0.01303791679567479,20000,20000,20,,
hopper-medium-replay-v2,2,ensemble,8,92,1,0.6063461183382848,2.0338026104383053,0.014381156174358279,20000,20000,20,,
hopper-medium-replay-v2,2,ensemble,8,93,1,0.6221117623038247,2.1242913759317292,0.015021008371374272,20000,20000,20,,
hopper-medium-replay-v2,2,ensemble,8,94,1,0.6326482457245194,2.042583662378984,0.014443247588090331,20000,20000,20,,
hopper-medium-replay-v2,2,ensemble,8,95,1,0.6433928904172035,2.089782305902782,0.01477699239707517,20000,20000,20,,
hopper-medium-replay-v2,2,ensemble,8,96,1,0.6471172864732856,2.055513063095999,0.014534672257327125,20000,20000,20,,
hopper-medium-replay-v2,2,ensemble,8,97,1,0.6605523254239578,2.1515187907350244,0.015213535267790162,20000,20000,20,,
hopper-medium-replay-v2,2,ensemble,8,98,1,0.6791844474159158,2.3805446448924443,0.01683299261320769,20000,20000,20,,
hopper-medium-replay-v2,2,ensemble,8,99,1,0.6995543153431177,2.7526006466288355,0.01946382583129725,20000,20000,20,,
hopper-medium-replay-v2,2,ensemble,8,100,1,0.7141968298727978,3.2242013493315493,0.02279854638023155,20000,20000,20,,
hopper-medium-replay-v2,2,ensemble,9,1,1,0.00476664438092317,0.032951948751540394,0.000233005464155258,20000,20000,20,,
hopper-medium-replay-v2,2,ensemble,9,2,1,0.007689879822548165,0.04715909688634473,0.0003334651720296776,20000,20000,20,,
hopper-medium-replay-v2,2,ensemble,9,3,1,0.010513328984462809,0.06632153891987455,0.00046896409908970827,20000,20000,20,,
hopper-medium-replay-v2,2,ensemble,9,4,1,0.01337389646299489,0.0865739895126917,0.0006121705505879734,20000,20000,20,,
hopper-medium-replay-v2,2,ensemble,9,5,1,0.018638751967223283,0.12119178459180663,0.000856955327089658,20000,20000,20,,
hopper-medium-replay-v2,2,ensemble,9,6,1,0.023690331064013748,0.16393603358612,0.0011592028102957105,20000,20000,20,,
hopper-medium-replay-v2,2,ensemble,9,7,1,0.028906931644692442,0.19608128597760963,0.0013865040697854645,20000,20000,20,,
hopper-medium-replay-v2,2,ensemble,9,8,1,0.03168461754336735,0.2013648607051684,0.0014238645849730914,20000,20000,20,,
hopper-medium-replay-v2,2,ensemble,9,9,1,0.03691324531720366,0.25390678033592406,0.0017953920616477503,20000,20000,20,,
hopper-medium-replay-v2,2,ensemble,9,10,1,0.0404122290158513,0.27379466379959794,0.0019360206342538663,20000,20000,20,,
hopper-medium-replay-v2,2,ensemble,9,11,1,0.04232391171333106,0.2741959163077881,0.0019388579179489601,20000,20000,20,,
hopper-medium-replay-v2,2,ensemble,9,12,1,0.0458393337939336,0.28285982299240553,0.0020001209896315644,20000,20000,20,,
hopper-medium-replay-v2,2,ensemble,9,13,1,0.048217583120539746,0.29937294343531573,0.0021168863840688844,20000,20000,20,,
hopper-medium-replay-v2,2,ensemble,9,14,1,0.048266254839885114,0.28895875063643417,0.002043246920582152,20000,20000,20,,
hopper-medium-replay-v2,2,ensemble,9,15,1,0.052345764493724085,0.31222679138827,0.0022077768145876324,20000,20000,20,,
hopper-medium-replay-v2,2,ensemble,9,16,1,0.05728784965991147,0.3394911212405912,0.002400564739818464,20000,20000,20,,
hopper-medium-replay-v2,2,ensemble,9,17,1,0.06010418359033003,0.3482013400047097,0.0024621552873557288,20000,20000,20,,
hopper-medium-replay-v2,2,ensemble,9,18,1,0.06440263573695834,0.3662595866444702,0.0025898463739088672,20000,20000,20,,
hopper-medium-replay-v2,2,ensemble,9,19,1,0.06943827381576614,0.38728041681440867,0.00273848608950221,20000,20000,20,,
hopper-medium-replay-v2,2,ensemble,9,20,1,0.07328315368460149,0.38397911963537557,0.0027151423932821467,20000,20000,20,,
hopper-medium-replay-v2,2,ensemble,9,21,1,0.07661098009802005,0.38747290204108537,0.002739847165592823,20000,20000,20,,
hopper-medium-replay-v2,2,ensemble,9,22,1,0.07892629124399465,0.38972257994783743,0.0027557547906263227,20000,20000,20,,
hopper-medium-replay-v2,2,ensemble,9,23,1,0.08171244383543529,0.39395566637912377,0.0027856872318354356,20000,20000,20,,
hopper-medium-replay-v2,2,ensemble,9,24,1,0.08430501818253361,0.40585547596672866,0.002869831592377677,20000,20000,20,,
hopper-medium-replay-v2,2,ensemble,9,25,1,0.08900723187965628,0.4398342818392213,0.0031100980328682853,20000,20000,20,,
hopper-medium-replay-v2,2,ensemble,9,26,1,0.09543623677253263,0.477255507960312,0.0033747060603736695,20000,20000,20,,
hopper-medium-replay-v2,2,ensemble,9,27,1,0.1012956936924068,0.5000851733647209,0.0035361361725704437,20000,20000,20,,
hopper-medium-replay-v2,2,ensemble,9,28,1,0.10568606622326154,0.49413483375471534,0.003494060917684465,20000,20000,20,,
hopper-medium-replay-v2,2,ensemble,9,29,1,0.10993371029883792,0.519897245978577,0.0036762286815166232,20000,20000,20,,
hopper-medium-replay-v2,2,ensemble,9,30,1,0.1153680108668275,0.5334772757106155,0.003772253992639017,20000,20000,20,,
hopper-medium-replay-v2,2,ensemble,9,31,1,0.11678082064397295,0.5331382766354167,0.0037698569071901262,20000,20000,20,,
hopper-medium-replay-v2,2,ensemble,9,32,1,0.11714646350055061,0.5457142881581922,0.0038587827374704734,20000,20000,20,,
hopper-medium-replay-v2,2,ensemble,9,33,1,0.11880465714125812,0.5407761066686185,0.003823864521290399,20000,20000,20,,
hopper-medium-replay-v2,2,ensemble,9,34,1,0.12654753737287816,0.5717780856412543,0.004043081616907934,20000,20000,20,,
hopper-medium-replay-v2,2,ensemble,9,35,1,0.1318221509430892,0.598433113691849,0.004231561127780866,20000,20000,20,,
hopper-medium-replay-v2,2,ensemble,9,36,1,0.13114156548573846,0.564533959387495,0.003991857908929887,20000,20000,20,,
hopper-medium-replay-v2,2,ensemble,9,37,1,0.13413413852431744,0.5585059308963765,0.003949233310697331,20000,20000,20,,
hopper-medium-replay-v2,2,ensemble,9,38,1,0.13760815950949576,0.5641533366144528,0.003989166499490966,20000,20000,20,,
hopper-medium-replay-v2,2,ensemble,9,39,1,0.14335291485592555,0.5965173550621147,0.004218014668598848,20000,20000,20,,
hopper-medium-replay-v2,2,ensemble,9,40,1,0.14636430995013774,0.6030537190982702,0.004264233741941542,20000,20000,20,,
hopper-medium-replay-v2,2,ensemble,9,41,1,0.1521210198087989,0.613217447660685,0.004336102155827771,20000,20000,20,,
hopper-medium-replay-v2,2,ensemble,9,42,1,0.160720626152621,0.6569896510903713,0.004645618374553854,20000,20000,20,,
hopper-medium-replay-v2,2,ensemble,9,43,1,0.1597877816781276,0.6255123454491777,0.004423040211830158,20000,20000,20,,
hopper-medium-replay-v2,2,ensemble,9,44,1,0.1709325760296475,0.6613591094729121,0.004676515111077924,20000,20000,20,,
hopper-medium-replay-v2,2,ensemble,9,45,1,0.17932462637188323,0.7063922802755249,0.004994947715606519,20000,20000,20,,
hopper-medium-replay-v2,2,ensemble,9,46,1,0.17993154282381635,0.7157597081303846,0.005061185433190989,20000,20000,20,,
hopper-medium-replay-v2,2,ensemble,9,47,1,0.1801804199645376,0.7076292564197284,0.005003694457803842,20000,20000,20,,
hopper-medium-replay-v2,2,ensemble,9,48,1,0.1862980215344749,0.7301357144204162,0.005162839148531608,20000,20000,20,,
hopper-medium-replay-v2,2,ensemble,9,49,1,0.19230079597064761,0.7530115110093974,0.005324595457462735,20000,20000,20,,
hopper-medium-replay-v2,2,ensemble,9,50,1,0.1974962738312894,0.7600402253525557,0.005374295973213438,20000,20000,20,,
hopper-medium-replay-v2,2,ensemble,9,51,1,0.2067235558373751,0.8026312315688088,0.005675459866344148,20000,20000,20,,
hopper-medium-replay-v2,2,ensemble,9,52,1,0.2200052886857915,0.8399887723987259,0.0059396175708370256,20000,20000,20,,
hopper-medium-replay-v2,2,ensemble,9,53,1,0.22322499328899684,0.8655731478900037,0.00612052642486008,20000,20000,20,,
hopper-medium-replay-v2,2,ensemble,9,54,1,0.221572822116799,0.8335483130733171,0.005894076646207498,20000,20000,20,,
hopper-medium-replay-v2,2,ensemble,9,55,1,0.22914246454453563,0.8614761163623544,0.006091556037100721,20000,20000,20,,
hopper-medium-replay-v2,2,ensemble,9,56,1,0.24354777199521863,0.9381337476116116,0.006633607345961196,20000,20000,20,,
hopper-medium-replay-v2,2,ensemble,9,57,1,0.2540922365830144,0.9722623274301645,0.006874932848180847,20000,20000,20,,
hopper-medium-replay-v2,2,ensemble,9,58,1,0.270848514961607,1.045538307569153,0.007393072272724542,20000,20000,20,,
hopper-medium-replay-v2,2,ensemble,9,59,1,0.28527520904992126,1.1009853124810995,0.007785141804421755,20000,20000,20,,
hopper-medium-replay-v2,2,ensemble,9,60,1,0.2935629557743542,1.1213230441682156,0.007928951284320878,20000,20000,20,,
hopper-medium-replay-v2,2,ensemble,9,61,1,0.30053510717546544,1.1329460289883548,0.008011138198160366,20000,20000,20,,
hopper-medium-replay-v2,2,ensemble,9,62,1,0.31270194662724815,1.184073789021692,0.008372666056424878,20000,20000,20,,
hopper-medium-replay-v2,2,ensemble,9,63,1,0.3167821614913407,1.1838215286589364,0.008370882306293587,20000,20000,20,,
hopper-medium-replay-v2,2,ensemble,9,64,1,0.3216456689433389,1.1939459965866184,0.008442473105569283,20000,20000,20,,
hopper-medium-replay-v2,2,ensemble,9,65,1,0.33249796925902053,1.2395724245874666,0.00876510067197648,20000,20000,20,,
hopper-medium-replay-v2,2,ensemble,9,66,1,0.3367375925429444,1.2158808911023213,0.008597576232135935,20000,20000,20,,
hopper-medium-replay-v2,2,ensemble,9,67,1,0.34679894748499157,1.234286997685534,0.008727727059938255,20000,20000,20,,
hopper-medium-replay-v2,2,ensemble,9,68,1,0.3561036351698758,1.2604872564548837,0.00891299086638475,20000,20000,20,,
hopper-medium-replay-v2,2,ensemble,9,69,1,0.35493492752770056,1.227567682321673,0.008680214325351085,20000,20000,20,,
hopper-medium-replay-v2,2,ensemble,9,70,1,0.3595230741491795,1.235806627893402,0.008738472468187049,20000,20000,20,,
hopper-medium-replay-v2,2,ensemble,9,71,1,0.3732673863326901,1.2982204032790827,0.009179804506333739,20000,20000,20,,
hopper-medium-replay-v2,2,ensemble,9,72,1,0.3822583442063917,1.3239914793919827,0.009362033533112801,20000,20000,20,,
hopper-medium-replay-v2,2,ensemble,9,73,1,0.3957350315570431,1.3615631730489681,0.00962770552676798,20000,20000,20,,
hopper-medium-replay-v2,2,ensemble,9,74,1,0.4070335150097719,1.3872730293813968,0.009809501664327903,20000,20000,20,,
hopper-medium-replay-v2,2,ensemble,9,75,1,0.4149967413228112,1.396942207143913,0.009877873075971636,20000,20000,20,,
hopper-medium-replay-v2,2,ensemble,9,76,1,0.4258678621184762,1.417040856841697,0.010019991990911596,20000,20000,20,,
hopper-medium-replay-v2,2,ensemble,9,77,1,0.43549506463948234,1.4351796661452398,0.010148252741523443,20000,20000,20,,
hopper-medium-replay-v2,2,ensemble,9,78,1,0.4425729305950126,1.4582825628320346,0.010311614890646291,20000,20000,20,,
hopper-medium-replay-v2,2,ensemble,9,79,1,0.45043556344704994,1.4598514233106754,0.010322708409478116,20000,20000,20,,
hopper-medium-replay-v2,2,ensemble,9,80,1,0.45994489718591286,1.4783523614951986,0.01045352979796401,20000,20000,20,,
hopper-medium-replay-v2,2,ensemble,9,81,1,0.4758148029853955,1.5518356730383973,0.010973135276926407,20000,20000,20,,
hopper-medium-replay-v2,2,ensemble,9,82,1,0.47684390299223967,1.5435868866784692,0.010914807549209765,20000,20000,20,,
hopper-medium-replay-v2,2,ensemble,9,83,1,0.48499078305082666,1.5491987720190088,0.010954489571005133,20000,20000,20,,
hopper-medium-replay-v2,2,ensemble,9,84,1,0.49408491068102267,1.5293717503840634,0.010814291356517111,20000,20000,20,,
hopper-medium-replay-v2,2,ensemble,9,85,1,0.5059787891672413,1.5434600714433007,0.010913910830082309,20000,20000,20,,
hopper-medium-replay-v2,2,ensemble,9,86,1,0.5211478686388222,1.5782591913129824,0.011159977766474065,20000,20000,20,,
hopper-medium-replay-v2,2,ensemble,9,87,1,0.5320267941932415,1.6026291462215452,0.011332299370204616,20000,20000,20,,
hopper-medium-replay-v2,2,ensemble,9,88,1,0.5475385157695639,1.6404788476927914,0.011599937175966663,20000,20000,20,,
hopper-medium-replay-v2,2,ensemble,9,89,1,0.5644662176438819,1.732316906777142,0.012249330319462213,20000,20000,20,,
hopper-medium-replay-v2,2,ensemble,9,90,1,0.5865333697167207,1.7898245362282947,0.012655970667010947,20000,20000,20,,
hopper-medium-replay-v2,2,ensemble,9,91,1,0.6029302447110988,1.8486867427292157,0.013072189320734989,20000,20000,20,,
hopper-medium-replay-v2,2,ensemble,9,92,1,0.612166736859682,2.013539082644358,0.014237871395219658,20000,20000,20,,
hopper-medium-replay-v2,2,ensemble,9,93,1,0.6133271122330012,1.8999734599777436,0.0134348411762473,20000,20000,20,,
hopper-medium-replay-v2,2,ensemble,9,94,1,0.6331021860588592,1.9868624176813556,0.01404923888827185,20000,20000,20,,
hopper-medium-replay-v2,2,ensemble,9,95,1,0.635898771050309,1.9047512449663517,0.01346862521789226,20000,20000,20,,
hopper-medium-replay-v2,2,ensemble,9,96,1,0.641710905738575,1.8936168095445398,0.013389892869977792,20000,20000,20,,
hopper-medium-replay-v2,2,ensemble,9,97,1,0.657212460100087,1.9532927294947797,0.013811865346681393,20000,20000,20,,
hopper-medium-replay-v2,2,ensemble,9,98,1,0.6674895185558445,1.9282632727863376,0.013634880361001847,20000,20000,20,,
hopper-medium-replay-v2,2,ensemble,9,99,1,0.6787678101612484,1.9832167376441852,0.014023460037508654,20000,20000,20,,
hopper-medium-replay-v2,2,ensemble,9,100,1,0.6931099178781158,2.0028351091351975,0.01416218287267997,20000,20000,20,,
hopper-medium-replay-v2,2,ensemble,10,1,1,0.004982089604129426,0.03231426369615838,0.00022849634988603856,20000,20000,20,,
hopper-medium-replay-v2,2,ensemble,10,2,1,0.00764862414281103,0.046167544577996614,0.00032645383841833626,20000,20000,20,,
hopper-medium-replay-v2,2,ensemble,10,3,1,0.010374151755843055,0.06064175844084848,0.00042880198616600517,20000,20000,20,,
hopper-medium-replay-v2,2,ensemble,10,4,1,0.014037108683487056,0.08101599748371584,0.0005728696120532774,20000,20000,20,,
hopper-medium-replay-v2,2,ensemble,10,5,1,0.019618954165830083,0.13893264094427454,0.000982402125398523,20000,20000,20,,
hopper-medium-replay-v2,2,ensemble,10,6,1,0.02369076514853616,0.16373423977310475,0.001157775912559865,20000,20000,20,,
hopper-medium-replay-v2,2,ensemble,10,7,1,0.027541099665947717,0.1880965190529454,0.0013300432413992232,20000,20000,20,,
hopper-medium-replay-v2,2,ensemble,10,8,1,0.03338344892574961,0.23393036641602724,0.0016541374841822665,20000,20000,20,,
hopper-medium-replay-v2,2,ensemble,10,9,1,0.039642850090776234,0.2644137211408777,0.0018696873525748338,20000,20000,20,,
hopper-medium-replay-v2,2,ensemble,10,10,1,0.04365549755568774,0.30611019330862693,0.00216452593478855,20000,20000,20,,
hopper-medium-replay-v2,2,ensemble,10,11,1,0.045575724750378105,0.2926217667311909,0.0020691483557841316,20000,20000,20,,
hopper-medium-replay-v2,2,ensemble,10,12,1,0.04673684042854337,0.29807346600162005,0.0021076976910152337,20000,20000,20,,
hopper-medium-replay-v2,2,ensemble,10,13,1,0.049118334051968825,0.3082356588799905,0.002179555245975447,20000,20000,20,,
hopper-medium-replay-v2,2,ensemble,10,14,1,0.05150720602437773,0.3097334131463578,0.0021901459679584414,20000,20000,20,,
hopper-medium-replay-v2,2,ensemble,10,15,1,0.054787073636066976,0.33777126435523874,0.002388403515155433,20000,20000,20,,
hopper-medium-replay-v2,2,ensemble,10,16,1,0.05776794369199771,0.3457912503954564,0.0024451133802960265,20000,20000,20,,
hopper-medium-replay-v2,2,ensemble,10,17,1,0.06212924802299208,0.3671629664188347,0.0025962342335532664,20000,20000,20,,
hopper-medium-replay-v2,2,ensemble,10,18,1,0.0675978026531159,0.38846187441361696,0.0027468402563030556,20000,20000,20,,
hopper-medium-replay-v2,2,ensemble,10,19,1,0.06973985704861432,0.3830176556163651,0.0027083438160050545,20000,20000,20,,
hopper-medium-replay-v2,2,ensemble,10,20,1,0.07250900969519913,0.3825880246702526,0.0027053058664510176,20000,20000,20,,
hopper-medium-replay-v2,2,ensemble,10,21,1,0.07893378739701051,0.42468707765847213,0.0030029911249460357,20000,20000,20,,
hopper-medium-replay-v2,2,ensemble,10,22,1,0.08184810512258109,0.4203188521757355,0.0029721031063400863,20000,20000,20,,
hopper-medium-replay-v2,2,ensemble,10,23,1,0.08511183138058864,0.422728009782525,0.0029891384231471663,20000,20000,20,,
hopper-medium-replay-v2,2,ensemble,10,24,1,0.08710757693971945,0.4221733485256719,0.0029852163757873433,20000,20000,20,,
hopper-medium-replay-v2,2,ensemble,10,25,1,0.09007130726138328,0.43992874109838903,0.0031107659606953186,20000,20000,20,,
hopper-medium-replay-v2,2,ensemble,10,26,1,0.09243214636634184,0.4408070874360559,0.003116976807211265,20000,20000,20,,
hopper-medium-replay-v2,2,ensemble,10,27,1,0.09684163055488046,0.4670051582283607,0.0033022251423237042,20000,20000,20,,
hopper-medium-replay-v2,2,ensemble,10,28,1,0.10272664595316537,0.48824311281626986,0.0034524001594001294,20000,20000,20,,
hopper-medium-replay-v2,2,ensemble,10,29,1,0.10651565942742026,0.4969828022409351,0.0035141990959765813,20000,20000,20,,
hopper-medium-replay-v2,2,ensemble,10,30,1,0.11088022073879601,0.5171642599692516,0.003656903552115804,20000,20000,20,,
hopper-medium-replay-v2,2,ensemble,10,31,1,0.11486903678453161,0.5254720542609455,0.0037156485289194,20000,20000,20,,
hopper-medium-replay-v2,2,ensemble,10,32,1,0.12033088461555858,0.5511063004760042,0.0038969100222121357,20000,20000,20,,
hopper-medium-replay-v2,2,ensemble,10,33,1,0.12258817085567673,0.5650940362138915,0.003995818250149191,20000,20000,20,,
hopper-medium-replay-v2,2,ensemble,10,34,1,0.12376551388315772,0.5305481438103795,0.00375154190234255,20000,20000,20,,
hopper-medium-replay-v2,2,ensemble,10,35,1,0.12664159298857208,0.5380672854726023,0.0038047102629231496,20000,20000,20,,
hopper-medium-replay-v2,2,ensemble,10,36,1,0.13369934358815674,0.5882922220993312,0.004159854195657396,20000,20000,20,,
hopper-medium-replay-v2,2,ensemble,10,37,1,0.13708884443481262,0.5862563948267913,0.004145458722960021,20000,20000,20,,
hopper-medium-replay-v2,2,ensemble,10,38,1,0.1421524480698949,0.5990660829327195,0.004236036896205886,20000,20000,20,,
hopper-medium-replay-v2,2,ensemble,10,39,1,0.1474296301901531,0.6241258829375802,0.004413236441392043,20000,20000,20,,
hopper-medium-replay-v2,2,ensemble,10,40,1,0.1549589234611514,0.6722193073373658,0.004753308306627752,20000,20000,20,,
hopper-medium-replay-v2,2,ensemble,10,41,1,0.1586682753086026,0.6731458093336306,0.004759859665071169,20000,20000,20,,
hopper-medium-replay-v2,2,ensemble,10,42,1,0.15890473226921614,0.6488693949106457,0.004588199492457294,20000,20000,20,,
hopper-medium-replay-v2,2,ensemble,10,43,1,0.17026342311744894,0.7007715725664991,0.0049552033102453225,20000,20000,20,,
hopper-medium-replay-v2,2,ensemble,10,44,1,0.17434495773186237,0.6915767970820645,0.004890186429280008,20000,20000,20,,
hopper-medium-replay-v2,2,ensemble,10,45,1,0.17852583974594477,0.6859962484710731,0.004850725991624276,20000,20000,20,,
hopper-medium-replay-v2,2,ensemble,10,46,1,0.18390205169576707,0.7167274458933182,0.005068028372536796,20000,20000,20,,
hopper-medium-replay-v2,2,ensemble,10,47,1,0.18418290154161024,0.7051730325761197,0.004986326332444564,20000,20000,20,,
hopper-medium-replay-v2,2,ensemble,10,48,1,0.18722738919459583,0.7235635916483475,0.0051163672227424045,20000,20000,20,,
hopper-medium-replay-v2,2,ensemble,10,49,1,0.19583510930770814,0.7805195346931149,0.005519106558300703,20000,20000,20,,
hopper-medium-replay-v2,2,ensemble,10,50,1,0.20232999963751497,0.7995100174885719,0.005653389549927444,20000,20000,20,,
hopper-medium-replay-v2,2,ensemble,10,51,1,0.2102806207220593,0.8080189042827745,0.005713556465452737,20000,20000,20,,
hopper-medium-replay-v2,2,ensemble,10,52,1,0.21761916950877094,0.8459681029704628,0.005981897822779337,20000,20000,20,,
hopper-medium-replay-v2,2,ensemble,10,53,1,0.22723858112486595,0.8778791651554027,0.006207543107437703,20000,20000,20,,
hopper-medium-replay-v2,2,ensemble,10,54,1,0.2289369995573536,0.867341471251523,0.006133030359262689,20000,20000,20,,
hopper-medium-replay-v2,2,ensemble,10,55,1,0.23446933336756057,0.8708936309716366,0.006158147921522189,20000,20000,20,,
hopper-medium-replay-v2,2,ensemble,10,56,1,0.24620938332943443,0.9304185228527522,0.006579052468507518,20000,20000,20,,
hopper-medium-replay-v2,2,ensemble,10,57,1,0.26091156584803327,0.987684340131311,0.0069839829457861045,20000,20000,20,,
hopper-medium-replay-v2,2,ensemble,10,58,1,0.26935531811835056,1.0175716711363505,0.007195318290038408,20000,20000,20,,
hopper-medium-replay-v2,2,ensemble,10,59,1,0.27794761533119383,1.0578724071578456,0.00748028752731449,20000,20000,20,,
hopper-medium-replay-v2,2,ensemble,10,60,1,0.28962341241275574,1.0855364421905207,0.007675901794980358,20000,20000,20,,
hopper-medium-replay-v2,2,ensemble,10,61,1,0.2960394507781438,1.1034939780313,0.0078028807486445135,20000,20000,20,,
hopper-medium-replay-v2,2,ensemble,10,62,1,0.3030123616797016,1.1432343495131765,0.008083887610261586,20000,20000,20,,
hopper-medium-replay-v2,2,ensemble,10,63,1,0.3162676033019809,1.1699316564755244,0.008272666078186537,20000,20000,20,,
hopper-medium-replay-v2,2,ensemble,10,64,1,0.3253849578489205,1.189932167799619,0.008414091050031193,20000,20000,20,,
hopper-medium-replay-v2,2,ensemble,10,65,1,0.33324749108006346,1.2013804081377844,0.008495042333788894,20000,20000,20,,
hopper-medium-replay-v2,2,ensemble,10,66,1,0.3429237795258221,1.2188717312447777,0.008618724665597693,20000,20000,20,,
hopper-medium-replay-v2,2,ensemble,10,67,1,0.356407931400108,1.2758571391579419,0.009021672349238492,20000,20000,20,,
hopper-medium-replay-v2,2,ensemble,10,68,1,0.36196706055681577,1.2828100509575933,0.009070836860063748,20000,20000,20,,
hopper-medium-replay-v2,2,ensemble,10,69,1,0.3718035303948929,1.320320725529131,0.009336077383627909,20000,20000,20,,
hopper-medium-replay-v2,2,ensemble,10,70,1,0.3754006771797228,1.332761636003925,0.009424047905236524,20000,20000,20,,
hopper-medium-replay-v2,2,ensemble,10,71,1,0.3761271838940055,1.3662961442042503,0.009661172686758583,20000,20000,20,,
hopper-medium-replay-v2,2,ensemble,10,72,1,0.3826595186024139,1.3483782318006055,0.009534473913105345,20000,20000,20,,
hopper-medium-replay-v2,2,ensemble,10,73,1,0.3858349834982108,1.3200150665737538,0.009333916048427133,20000,20000,20,,
hopper-medium-replay-v2,2,ensemble,10,74,1,0.3915222699415024,1.3320044288855926,0.009418693642355168,20000,20000,20,,
hopper-medium-replay-v2,2,ensemble,10,75,1,0.40033898964935055,1.3591407070636323,0.009610576105513732,20000,20000,20,,
hopper-medium-replay-v2,2,ensemble,10,76,1,0.40806322182047206,1.362302444047659,0.00963293296213107,20000,20000,20,,
hopper-medium-replay-v2,2,ensemble,10,77,1,0.4181141016967097,1.3890521788009016,0.009822082150520661,20000,20000,20,,
hopper-medium-replay-v2,2,ensemble,10,78,1,0.43880363418856994,1.434565860137412,0.010143912477618764,20000,20000,20,,
hopper-medium-replay-v2,2,ensemble,10,79,1,0.4513948201273862,1.4660020642745744,0.010366200008820284,20000,20000,20,,
hopper-medium-replay-v2,2,ensemble,10,80,1,0.46058855126647313,1.5040156782544998,0.010634996851046415,20000,20000,20,,
hopper-medium-replay-v2,2,ensemble,10,81,1,0.4604192163972893,1.4894807487688306,0.010532219379012565,20000,20000,20,,
hopper-medium-replay-v2,2,ensemble,10,82,1,0.4648452225810278,1.4862151290096093,0.010509127960247342,20000,20000,20,,
hopper-medium-replay-v2,2,ensemble,10,83,1,0.481738659561682,1.5070261941775684,0.010656284413287134,20000,20000,20,,
hopper-medium-replay-v2,2,ensemble,10,84,1,0.5013837774589847,1.537364295778091,0.010870807186987694,20000,20000,20,,
hopper-medium-replay-v2,2,ensemble,10,85,1,0.5126711027154812,1.582869456607786,0.011192577265004312,20000,20000,20,,
hopper-medium-replay-v2,2,ensemble,10,86,1,0.5194341798655001,1.5924181453482098,0.011260096690602244,20000,20000,20,,
hopper-medium-replay-v2,2,ensemble,10,87,1,0.5300073426085157,1.6120215244774223,0.011398713513766614,20000,20000,20,,
hopper-medium-replay-v2,2,ensemble,10,88,1,0.5511349128705038,1.6702372234181213,0.011810360668691441,20000,20000,20,,
hopper-medium-replay-v2,2,ensemble,10,89,1,0.5663236394684441,1.6992052649441642,0.012015195654699027,20000,20000,20,,
hopper-medium-replay-v2,2,ensemble,10,90,1,0.5735521950265611,1.716155002631516,0.012135048399279622,20000,20000,20,,
hopper-medium-replay-v2,2,ensemble,10,91,1,0.5800872020383944,1.8306930076125596,0.012944954399536367,20000,20000,20,,
hopper-medium-replay-v2,2,ensemble,10,92,1,0.5838450333176458,1.9144984419287472,0.013537548308588967,20000,20000,20,,
hopper-medium-replay-v2,2,ensemble,10,93,1,0.6016872346876007,1.9649061543592015,0.013893984661425723,20000,20000,20,,
hopper-medium-replay-v2,2,ensemble,10,94,1,0.624733775895684,2.0177460525839663,0.014267619164945107,20000,20000,20,,
hopper-medium-replay-v2,2,ensemble,10,95,1,0.6327005019921956,2.050296868451516,0.014497788191276097,20000,20000,20,,
hopper-medium-replay-v2,2,ensemble,10,96,1,0.6384882839431407,1.9940469205490845,0.014100040995244104,20000,20000,20,,
hopper-medium-replay-v2,2,ensemble,10,97,1,0.652927461514499,2.065123070385067,0.014602625270540646,20000,20000,20,,
hopper-medium-replay-v2,2,ensemble,10,98,1,0.672387902033201,2.1260667070719186,0.015033561858255067,20000,20000,20,,
hopper-medium-replay-v2,2,ensemble,10,99,1,0.6867814191136391,2.1929688511315226,0.01550663145565972,20000,20000,20,,
hopper-medium-replay-v2,2,ensemble,10,100,1,0.6915540441768206,2.2991915716601823,0.01625773951567871,20000,20000,20,,
hopper-medium-replay-v2,2,ensemble,11,1,1,0.004853031216848655,0.0321375410193725,0.00022724673185459126,20000,20000,20,,
hopper-medium-replay-v2,2,ensemble,11,2,1,0.008033039707597184,0.04704237890207748,0.0003326398512480596,20000,20000,20,,
hopper-medium-replay-v2,2,ensemble,11,3,1,0.01098200670962138,0.06472284763404933,0.0004576596445973997,20000,20000,20,,
hopper-medium-replay-v2,2,ensemble,11,4,1,0.014096326748927456,0.09064374590094997,0.0006409480739871204,20000,20000,20,,
hopper-medium-replay-v2,2,ensemble,11,5,1,0.018866354176422163,0.13822742892267117,0.000977415523372023,20000,20000,20,,
hopper-medium-replay-v2,2,ensemble,11,6,1,0.02532380505350212,0.19077070968863427,0.0013489526247260348,20000,20000,20,,
hopper-medium-replay-v2,2,ensemble,11,7,1,0.029543467228913413,0.21511525246347238,0.0015210945375357748,20000,20000,20,,
hopper-medium-replay-v2,2,ensemble,11,8,1,0.03370067659762107,0.23323722550471815,0.0016492362377952218,20000,20000,20,,
hopper-medium-replay-v2,2,ensemble,11,9,1,0.03985128840885808,0.2724470897464457,0.0019264918467425166,20000,20000,20,,
hopper-medium-replay-v2,2,ensemble,11,10,1,0.045176668633724444,0.32763563249195143,0.002316733774934024,20000,20000,20,,
hopper-medium-replay-v2,2,ensemble,11,11,1,0.04627475992733815,0.3131586365299783,0.002214365954774809,20000,20000,20,,
hopper-medium-replay-v2,2,ensemble,11,12,1,0.0473338403601287,0.3119265402404178,0.0022056537183605795,20000,20000,20,,
hopper-medium-replay-v2,2,ensemble,11,13,1,0.05006916665073835,0.3265372354309804,0.002308966934831544,20000,20000,20,,
hopper-medium-replay-v2,2,ensemble,11,14,1,0.05439762157160791,0.3579068108871403,0.0025307833301114815,20000,20000,20,,
hopper-medium-replay-v2,2,ensemble,11,15,1,0.05586416903552597,0.35011997935759026,0.002475722116326461,20000,20000,20,,
hopper-medium-replay-v2,2,ensemble,11,16,1,0.05883808545768554,0.36881724883071626,0.0026079317766676572,20000,20000,20,,
hopper-medium-replay-v2,2,ensemble,11,17,1,0.06136263188443153,0.3637397291379312,0.0025720282906038917,20000,20000,20,,
hopper-medium-replay-v2,2,ensemble,11,18,1,0.06726228707168794,0.3812348971502497,0.0026957378099989756,20000,20000,20,,
hopper-medium-replay-v2,2,ensemble,11,19,1,0.07140705317135645,0.407630071126328,0.002882379875089812,20000,20000,20,,
hopper-medium-replay-v2,2,ensemble,11,20,1,0.0728057774747257,0.3835382764686778,0.002712025161356029,20000,20000,20,,
hopper-medium-replay-v2,2,ensemble,11,21,1,0.07664479917053443,0.388972386654087,0.0027504501229742065,20000,20000,20,,
hopper-medium-replay-v2,2,ensemble,11,22,1,0.08065848548785194,0.4112043891307725,0.002907654120080411,20000,20000,20,,
hopper-medium-replay-v2,2,ensemble,11,23,1,0.08510291833357794,0.43004145565584145,0.0030408522948557944,20000,20000,20,,
hopper-medium-replay-v2,2,ensemble,11,24,1,0.0906506245284626,0.44818075219480735,0.003169116490742359,20000,20000,20,,
hopper-medium-replay-v2,2,ensemble,11,25,1,0.092696729499106,0.4574639410117637,0.0032347585483774085,20000,20000,20,,
hopper-medium-replay-v2,2,ensemble,11,26,1,0.09576616766941094,0.4702059009619957,0.003324857811241573,20000,20000,20,,
hopper-medium-replay-v2,2,ensemble,11,27,1,0.09926368716713896,0.48303178817047465,0.003415550529440066,20000,20000,20,,
hopper-medium-replay-v2,2,ensemble,11,28,1,0.10830526605411449,0.5294029601729704,0.003743444231185391,20000,20000,20,,
hopper-medium-replay-v2,2,ensemble,11,29,1,0.10986568567354163,0.5213810766252011,0.003686720948640226,20000,20000,20,,
hopper-medium-replay-v2,2,ensemble,11,30,1,0.11202131229611395,0.520685122525324,0.003681799810006049,20000,20000,20,,
hopper-medium-replay-v2,2,ensemble,11,31,1,0.11323872012577817,0.5270291355625706,0.003726658756391779,20000,20000,20,,
hopper-medium-replay-v2,2,ensemble,11,32,1,0.11527013902061477,0.5317693330883553,0.003760177014538239,20000,20000,20,,
hopper-medium-replay-v2,2,ensemble,11,33,1,0.11863744722184456,0.5348130174978014,0.0037816991133953507,20000,20000,20,,
hopper-medium-replay-v2,2,ensemble,11,34,1,0.12455520632850639,0.5515606599607719,0.003900122828939892,20000,20000,20,,
hopper-medium-replay-v2,2,ensemble,11,35,1,0.12804095165977913,0.5621943937842653,0.003975314681899142,20000,20000,20,,
hopper-medium-replay-v2,2,ensemble,11,36,1,0.12837980679934952,0.5466646226304582,0.00386550261696782,20000,20000,20,,
hopper-medium-replay-v2,2,ensemble,11,37,1,0.12745687372990336,0.510355252481941,0.0036087565984415306,20000,20000,20,,
hopper-medium-replay-v2,2,ensemble,11,38,1,0.13824599766137924,0.5658936427576565,0.004001472322242965,20000,20000,20,,
hopper-medium-replay-v2,2,ensemble,11,39,1,0.14635357390519022,0.6056908002066219,0.0042828807212840865,20000,20000,20,,
hopper-medium-replay-v2,2,ensemble,11,40,1,0.15109080026942365,0.6397729103324108,0.004523877633155007,20000,20000,20,,
hopper-medium-replay-v2,2,ensemble,11,41,1,0.1544854298820634,0.6429173569508331,0.004546112228424662,20000,20000,20,,
hopper-medium-replay-v2,2,ensemble,11,42,1,0.1628909342891213,0.6646839131511304,0.004700025023347745,20000,20000,20,,
hopper-medium-replay-v2,2,ensemble,11,43,1,0.16829645637696458,0.6886061805163834,0.004869180998101026,20000,20000,20,,
hopper-medium-replay-v2,2,ensemble,11,44,1,0.17267161863235425,0.6932656344021562,0.004902128312493584,20000,20000,20,,
hopper-medium-replay-v2,2,ensemble,11,45,1,0.17742924135940202,0.6921137302482941,0.004893983120108857,20000,20000,20,,
hopper-medium-replay-v2,2,ensemble,11,46,1,0.17899836199815022,0.6974149703145638,0.004931468548104428,20000,20000,20,,
hopper-medium-replay-v2,2,ensemble,11,47,1,0.1856591891997474,0.7225674643076994,0.005109323538767428,20000,20000,20,,
hopper-medium-replay-v2,2,ensemble,11,48,1,0.18701544629855985,0.7214916161135926,0.005101716143231626,20000,20000,20,,
hopper-medium-replay-v2,2,ensemble,11,49,1,0.19342588854181486,0.7632571343009329,0.00539704295453201,20000,20000,20,,
hopper-medium-replay-v2,2,ensemble,11,50,1,0.1992632520240988,0.7711230133751226,0.00545266311886554,20000,20000,20,,
hopper-medium-replay-v2,2,ensemble,11,51,1,0.20479498351950978,0.780736629954576,0.005520641653616129,20000,20000,20,,
hopper-medium-replay-v2,2,ensemble,11,52,1,0.2108283233341149,0.797107458047997,0.0056364008892011005,20000,20000,20,,
hopper-medium-replay-v2,2,ensemble,11,53,1,0.22343554966030452,0.8432474646191894,0.0059626600045059215,20000,20000,20,,
hopper-medium-replay-v2,2,ensemble,11,54,1,0.22752443936741729,0.860450450716792,0.0060843034857686485,20000,20000,20,,
hopper-medium-replay-v2,2,ensemble,11,55,1,0.2348341015237137,0.8943033639126695,0.006323679730605894,20000,20000,20,,
hopper-medium-replay-v2,2,ensemble,11,56,1,0.24278908958645976,0.908048718043345,0.006420874061762005,20000,20000,20,,
hopper-medium-replay-v2,2,ensemble,11,57,1,0.2562401502050368,0.9669002746978258,0.006837017409699682,20000,20000,20,,
hopper-medium-replay-v2,2,ensemble,11,58,1,0.2661355107471297,0.9986247918533749,0.0070613436218052595,20000,20000,20,,
hopper-medium-replay-v2,2,ensemble,11,59,1,0.27477830457151764,1.023095361308434,0.007234376677816946,20000,20000,20,,
hopper-medium-replay-v2,2,ensemble,11,60,1,0.2854655278019627,1.0763443387845943,0.007610903808463373,20000,20000,20,,
hopper-medium-replay-v2,2,ensemble,11,61,1,0.2958955519809349,1.1278520615947591,0.007975118409288818,20000,20000,20,,
hopper-medium-replay-v2,2,ensemble,11,62,1,0.2982916640493331,1.1185103562097638,0.007909062577033048,20000,20000,20,,
hopper-medium-replay-v2,2,ensemble,11,63,1,0.31011164877693376,1.1362427459672524,0.008034449507474678,20000,20000,20,,
hopper-medium-replay-v2,2,ensemble,11,64,1,0.3191154357295181,1.1594278618801503,0.00819839303432074,20000,20000,20,,
hopper-medium-replay-v2,2,ensemble,11,65,1,0.3290730466445943,1.1959623264577615,0.008456730710819226,20000,20000,20,,
hopper-medium-replay-v2,2,ensemble,11,66,1,0.3401066222707428,1.2266480515972968,0.008673711554137147,20000,20000,20,,
hopper-medium-replay-v2,2,ensemble,11,67,1,0.35030161253072123,1.245740279913258,0.008808713995238925,20000,20000,20,,
hopper-medium-replay-v2,2,ensemble,11,68,1,0.3564979617759451,1.25562115764066,0.008878582351690137,20000,20000,20,,
hopper-medium-replay-v2,2,ensemble,11,69,1,0.3572511154173546,1.24537078017262,0.008806101237516408,20000,20000,20,,
hopper-medium-replay-v2,2,ensemble,11,70,1,0.3625147998312918,1.2512819588445276,0.00884789958275352,20000,20000,20,,
hopper-medium-replay-v2,2,ensemble,11,71,1,0.36789066695608663,1.2599875906002458,0.008909457695243332,20000,20000,20,,
hopper-medium-replay-v2,2,ensemble,11,72,1,0.37247237100173824,1.2736650296813428,0.009006171794478428,20000,20000,20,,
hopper-medium-replay-v2,2,ensemble,11,73,1,0.3833683389188181,1.3026137682124084,0.009210870287699555,20000,20000,20,,
hopper-medium-replay-v2,2,ensemble,11,74,1,0.399737547804758,1.365951531112627,0.009658735904218858,20000,20000,20,,
hopper-medium-replay-v2,2,ensemble,11,75,1,0.40663674452953413,1.3897314061026527,0.009826885012831015,20000,20000,20,,
hopper-medium-replay-v2,2,ensemble,11,76,1,0.41405174012832774,1.414805892321924,0.010004188405235167,20000,20000,20,,
hopper-medium-replay-v2,2,ensemble,11,77,1,0.4189389995088482,1.4231431532012946,0.01006314174227841,20000,20000,20,,
hopper-medium-replay-v2,2,ensemble,11,78,1,0.4268971566367442,1.4209678666588155,0.010047760143626303,20000,20000,20,,
hopper-medium-replay-v2,2,ensemble,11,79,1,0.43793880383953526,1.4357891150142785,0.010152562195804281,20000,20000,20,,
hopper-medium-replay-v2,2,ensemble,11,80,1,0.4445854269101657,1.4294140548669811,0.01010748371319802,20000,20000,20,,
hopper-medium-replay-v2,2,ensemble,11,81,1,0.4497780295043327,1.4225986738860035,0.01005929169211783,20000,20000,20,,
hopper-medium-replay-v2,2,ensemble,11,82,1,0.46025492898134207,1.4472861783348105,0.010233858710181074,20000,20000,20,,
hopper-medium-replay-v2,2,ensemble,11,83,1,0.4763286078638067,1.5177343973349382,0.010732002843956126,20000,20000,20,,
hopper-medium-replay-v2,2,ensemble,11,84,1,0.49114841304494694,1.527321054590145,0.010799790747496806,20000,20000,20,,
hopper-medium-replay-v2,2,ensemble,11,85,1,0.4959272138590399,1.5368329797478464,0.010867050215308302,20000,20000,20,,
hopper-medium-replay-v2,2,ensemble,11,86,1,0.5050240094271491,1.5466384809669864,0.01093638557935817,20000,20000,20,,
hopper-medium-replay-v2,2,ensemble,11,87,1,0.5219637632721599,1.5749203139834946,0.011136368338461756,20000,20000,20,,
hopper-medium-replay-v2,2,ensemble,11,88,1,0.5371648560101384,1.6138733508305498,0.011411807903485378,20000,20000,20,,
hopper-medium-replay-v2,2,ensemble,11,89,1,0.5458874602673816,1.6136815431731415,0.011410451618533008,20000,20000,20,,
hopper-medium-replay-v2,2,ensemble,11,90,1,0.5665510920964112,1.671692943590567,0.011820654164745906,20000,20000,20,,
hopper-medium-replay-v2,2,ensemble,11,91,1,0.5868571975966678,1.7114878607258497,0.012102046722377057,20000,20000,20,,
hopper-medium-replay-v2,2,ensemble,11,92,1,0.5956747343275786,1.7362165967105279,0.012276905291426434,20000,20000,20,,
hopper-medium-replay-v2,2,ensemble,11,93,1,0.6083990286177381,1.7739974076719511,0.012544055967721929,20000,20000,20,,
hopper-medium-replay-v2,2,ensemble,11,94,1,0.6308963820593939,1.8725609030455823,0.013241005127283363,20000,20000,20,,
hopper-medium-replay-v2,2,ensemble,11,95,1,0.6403203011666166,1.8422166888143305,0.013026439130756408,20000,20000,20,,
hopper-medium-replay-v2,2,ensemble,11,96,1,0.638795997408358,1.8060323872368347,0.012770577480576945,20000,20000,20,,
hopper-medium-replay-v2,2,ensemble,11,97,1,0.6390664641260678,1.797114291281468,0.012707517019323824,20000,20000,20,,
hopper-medium-replay-v2,2,ensemble,11,98,1,0.6532928774870095,1.8821994432974276,0.013309159899011557,20000,20000,20,,
hopper-medium-replay-v2,2,ensemble,11,99,1,0.6660799615292142,1.9061584365957782,0.013478575565328225,20000,20000,20,,
hopper-medium-replay-v2,2,ensemble,11,100,1,0.680356982903342,1.896080520723787,0.0134073139387951,20000,20000,20,,
hopper-medium-replay-v2,2,ensemble,12,1,1,0.005004955929055258,0.03536222377420356,0.00025004868228575486,20000,20000,20,,
hopper-medium-replay-v2,2,ensemble,12,2,1,0.007415764974999919,0.043461334400380296,0.0003073180427392508,20000,20000,20,,
hopper-medium-replay-v2,2,ensemble,12,3,1,0.01039474045225966,0.061627671237834365,0.00043577344241007833,20000,20000,20,,
hopper-medium-replay-v2,2,ensemble,12,4,1,0.014769323160886414,0.11222444199481033,0.0007935466394940674,20000,20000,20,,
hopper-medium-replay-v2,2,ensemble,12,5,1,0.019786478633041095,0.13266849488109672,0.0009381079238023626,20000,20000,20,,
hopper-medium-replay-v2,2,ensemble,12,6,1,0.026536674666898193,0.19403889484042217,0.0013720621835560589,20000,20000,20,,
hopper-medium-replay-v2,2,ensemble,12,7,1,0.02982205999557927,0.20528090577952152,0.001451555205248164,20000,20000,20,,
hopper-medium-replay-v2,2,ensemble,12,8,1,0.03309311893691208,0.23624042648933716,0.001670472075610124,20000,20000,20,,
hopper-medium-replay-v2,2,ensemble,12,9,1,0.03943408548219711,0.29469226749078276,0.0020837890070597243,20000,20000,20,,
hopper-medium-replay-v2,2,ensemble,12,10,1,0.04500114079145916,0.3294649892130692,0.0023296692803611396,20000,20000,20,,
hopper-medium-replay-v2,2,ensemble,12,11,1,0.045665713289006656,0.30824603143095497,0.002179628590986699,20000,20000,20,,
hopper-medium-replay-v2,2,ensemble,12,12,1,0.04523537354454885,0.26810505460933587,0.0018957890218465102,20000,20000,20,,
hopper-medium-replay-v2,2,ensemble,12,13,1,0.04878928679976443,0.2974552654676203,0.0021033263531179897,20000,20000,20,,
hopper-medium-replay-v2,2,ensemble,12,14,1,0.05412109217750776,0.34768813596543807,0.002458526386792716,20000,20000,20,,
hopper-medium-replay-v2,2,ensemble,12,15,1,0.05477654068938833,0.34893389351887644,0.002467335222930222,20000,20000,20,,
hopper-medium-replay-v2,2,ensemble,12,16,1,0.05670938219072042,0.34872681491173274,0.0024658709560567227,20000,20000,20,,
hopper-medium-replay-v2,2,ensemble,12,17,1,0.06024689013507741,0.3459278246504792,0.0024460791061146478,20000,20000,20,,
hopper-medium-replay-v2,2,ensemble,12,18,1,0.06482943123302902,0.35673094865118754,0.002522468728503648,20000,20000,20,,
hopper-medium-replay-v2,2,ensemble,12,19,1,0.07112382714158039,0.39866940736051565,0.0028190184139624272,20000,20000,20,,
hopper-medium-replay-v2,2,ensemble,12,20,1,0.07781560652310575,0.4311693869972569,0.0030488279738580715,20000,20000,20,,
hopper-medium-replay-v2,2,ensemble,12,21,1,0.07990615210247169,0.4245346446925483,0.0030019132611072245,20000,20000,20,,
hopper-medium-replay-v2,2,ensemble,12,22,1,0.08255894306239113,0.4182139883401163,0.0029572194714236793,20000,20000,20,,
hopper-medium-replay-v2,2,ensemble,12,23,1,0.08635716946426476,0.4481185856447702,0.0031686769068514165,20000,20000,20,,
hopper-medium-replay-v2,2,ensemble,12,24,1,0.08379413797589978,0.41522747152354367,0.002936101608492418,20000,20000,20,,
hopper-medium-replay-v2,2,ensemble,12,25,1,0.08545522293249748,0.4059067414513485,0.0028701940940958318,20000,20000,20,,
hopper-medium-replay-v2,2,ensemble,12,26,1,0.09149973411194812,0.43854839320346056,0.003101005427126314,20000,20000,20,,
hopper-medium-replay-v2,2,ensemble,12,27,1,0.09558517595674239,0.4640784378541764,0.003281530104091479,20000,20000,20,,
hopper-medium-replay-v2,2,ensemble,12,28,1,0.09766032183461776,0.4625198095041551,0.0032705089373349823,20000,20000,20,,
hopper-medium-replay-v2,2,ensemble,12,29,1,0.10142129901501712,0.470263428160778,0.003325264589965189,20000,20000,20,,
hopper-medium-replay-v2,2,ensemble,12,30,1,0.10610147323072917,0.4891682972201327,0.003458942201058324,20000,20000,20,,
hopper-medium-replay-v2,2,ensemble,12,31,1,0.11172096638488138,0.5145139894556868,0.0036381633095945993,20000,20000,20,,
hopper-medium-replay-v2,2,ensemble,12,32,1,0.11908163046793309,0.5741870075563668,0.004060115267123183,20000,20000,20,,
hopper-medium-replay-v2,2,ensemble,12,33,1,0.12146422259412057,0.5808319782897852,0.004107102305787046,20000,20000,20,,
hopper-medium-replay-v2,2,ensemble,12,34,1,0.12604215664121898,0.5790740039269304,0.004094671549855779,20000,20000,20,,
hopper-medium-replay-v2,2,ensemble,12,35,1,0.12532495187472745,0.5670126491939186,0.004009384892635688,20000,20000,20,,
hopper-medium-replay-v2,2,ensemble,12,36,1,0.13141192746603267,0.5939489802363448,0.004199853516039541,20000,20000,20,,
hopper-medium-replay-v2,2,ensemble,12,37,1,0.13410300782150095,0.5602048947015198,0.003961246798973405,20000,20000,20,,
hopper-medium-replay-v2,2,ensemble,12,38,1,0.14099663965095874,0.5889872883528003,0.004164769056269416,20000,20000,20,,
hopper-medium-replay-v2,2,ensemble,12,39,1,0.1460478270296088,0.6096684739129489,0.004311007121794999,20000,20000,20,,
hopper-medium-replay-v2,2,ensemble,12,40,1,0.1500001634523731,0.6316178067338044,0.004466212342596473,20000,20000,20,,
hopper-medium-replay-v2,2,ensemble,12,41,1,0.15498408569203265,0.656107290563294,0.004639379143432376,20000,20000,20,,
hopper-medium-replay-v2,2,ensemble,12,42,1,0.16373859577771263,0.6800313997036767,0.004808548141502493,20000,20000,20,,
hopper-medium-replay-v2,2,ensemble,12,43,1,0.16453925171533043,0.6720060328809037,0.00475180022848357,20000,20000,20,,
hopper-medium-replay-v2,2,ensemble,12,44,1,0.17406209763283031,0.701192784969643,0.004958181731711152,20000,20000,20,,
hopper-medium-replay-v2,2,ensemble,12,45,1,0.17429548215473548,0.6804359140980804,0.004811408490216197,20000,20000,20,,
hopper-medium-replay-v2,2,ensemble,12,46,1,0.17424983999701435,0.6780664679885993,0.004794653976099496,20000,20000,20,,
hopper-medium-replay-v2,2,ensemble,12,47,1,0.1790215214489663,0.7100051985675672,0.0050204949058482795,20000,20000,20,,
hopper-medium-replay-v2,2,ensemble,12,48,1,0.1799087736354113,0.7228192782544105,0.005111104132260597,20000,20000,20,,
hopper-medium-replay-v2,2,ensemble,12,49,1,0.18752760222661902,0.74312520862312,0.00525468874288076,20000,20000,20,,
hopper-medium-replay-v2,2,ensemble,12,50,1,0.19761082825485188,0.7587499558483692,0.005365172390053754,20000,20000,20,,
hopper-medium-replay-v2,2,ensemble,12,51,1,0.2008822509013832,0.7572551714445217,0.005354602668170029,20000,20000,20,,
hopper-medium-replay-v2,2,ensemble,12,52,1,0.20291009425976456,0.7721415315428382,0.0054598651298970735,20000,20000,20,,
hopper-medium-replay-v2,2,ensemble,12,53,1,0.2162936877038807,0.8241844220687792,0.005827863937931494,20000,20000,20,,
hopper-medium-replay-v2,2,ensemble,12,54,1,0.22264671495858937,0.844941771442677,0.005974640562948909,20000,20000,20,,
hopper-medium-replay-v2,2,ensemble,12,55,1,0.22750059217464036,0.8609168883381285,0.0060876016978191234,20000,20000,20,,
hopper-medium-replay-v2,2,ensemble,12,56,1,0.2338946515047023,0.886805926507266,0.0062706648422970685,20000,20000,20,,
hopper-medium-replay-v2,2,ensemble,12,57,1,0.24383319554511487,0.9237312362687176,0.006531766211594431,20000,20000,20,,
hopper-medium-replay-v2,2,ensemble,12,58,1,0.2573958109847019,0.9887936800357987,0.006991827163477146,20000,20000,20,,
hopper-medium-replay-v2,2,ensemble,12,59,1,0.275891220085215,1.0636181494181647,0.007520916060466708,20000,20000,20,,
hopper-medium-replay-v2,2,ensemble,12,60,1,0.28457773883904586,1.0683378362707447,0.007554289286252071,20000,20000,20,,
hopper-medium-replay-v2,2,ensemble,12,61,1,0.2865293590902234,1.0685625312069598,0.007555878119383031,20000,20000,20,,
hopper-medium-replay-v2,2,ensemble,12,62,1,0.2927845283931095,1.0893676980095703,0.007702992864681462,20000,20000,20,,
hopper-medium-replay-v2,2,ensemble,12,63,1,0.3080201621901921,1.1506225805003698,0.008136130292581756,20000,20000,20,,
hopper-medium-replay-v2,2,ensemble,12,64,1,0.3195324696179915,1.1660993365580514,0.008245567484173323,20000,20000,20,,
hopper-medium-replay-v2,2,ensemble,12,65,1,0.325139387425304,1.1742295745221982,0.008303056948144408,20000,20000,20,,
hopper-medium-replay-v2,2,ensemble,12,66,1,0.33502038983885496,1.2008154300352138,0.008491047335313398,20000,20000,20,,
hopper-medium-replay-v2,2,ensemble,12,67,1,0.35016216255510096,1.253483457336312,0.008863466527876647,20000,20000,20,,
hopper-medium-replay-v2,2,ensemble,12,68,1,0.35061397214503737,1.2282101263790464,0.008684757090846101,20000,20000,20,,
hopper-medium-replay-v2,2,ensemble,12,69,1,0.3498254559194468,1.2223864270501519,0.008643577317975574,20000,20000,20,,
hopper-medium-replay-v2,2,ensemble,12,70,1,0.35464706842780436,1.239758201211071,0.008766414311079846,20000,20000,20,,
hopper-medium-replay-v2,2,ensemble,12,71,1,0.3612851495325368,1.2530379598524566,0.00886031638495829,20000,20000,20,,
hopper-medium-replay-v2,2,ensemble,12,72,1,0.359109145946851,1.2316943217596166,0.008709394072651902,20000,20000,20,,
hopper-medium-replay-v2,2,ensemble,12,73,1,0.36750431212012974,1.2496842169240507,0.008836601841287968,20000,20000,20,,
hopper-medium-replay-v2,2,ensemble,12,74,1,0.3844653878460749,1.2867350206290322,0.009098590586770008,20000,20000,20,,
hopper-medium-replay-v2,2,ensemble,12,75,1,0.3946782835235727,1.3081819633693461,0.009250243373243964,20000,20000,20,,
hopper-medium-replay-v2,2,ensemble,12,76,1,0.40728802986528234,1.3507615540703566,0.009551326546492284,20000,20000,20,,
hopper-medium-replay-v2,2,ensemble,12,77,1,0.4197275609477302,1.3996750366925428,0.009897197099028266,20000,20000,20,,
hopper-medium-replay-v2,2,ensemble,12,78,1,0.43117350919662223,1.4244922426072564,0.010072681244952236,20000,20000,20,,
hopper-medium-replay-v2,2,ensemble,12,79,1,0.44153269633486086,1.4551258893830814,0.01028929383862883,20000,20000,20,,
hopper-medium-replay-v2,2,ensemble,12,80,1,0.4568454200348087,1.4774279618870692,0.010446993305649667,20000,20000,20,,
hopper-medium-replay-v2,2,ensemble,12,81,1,0.46339091546370165,1.4752809427247073,0.010431811587559231,20000,20000,20,,
hopper-medium-replay-v2,2,ensemble,12,82,1,0.45926031306648074,1.4473039940989005,0.010233984686657075,20000,20000,20,,
hopper-medium-replay-v2,2,ensemble,12,83,1,0.46546865623447065,1.444333544497922,0.010212980436096827,20000,20000,20,,
hopper-medium-replay-v2,2,ensemble,12,84,1,0.48392391227676035,1.4853910572865612,0.01050330089321183,20000,20000,20,,
hopper-medium-replay-v2,2,ensemble,12,85,1,0.49335130561426865,1.510600955031112,0.010681561789693742,20000,20000,20,,
hopper-medium-replay-v2,2,ensemble,12,86,1,0.5004143613234746,1.5144877186276193,0.010709045358653335,20000,20000,20,,
hopper-medium-replay-v2,2,ensemble,12,87,1,0.5121047454131841,1.5244217285682045,0.010779289416586959,20000,20000,20,,
hopper-medium-replay-v2,2,ensemble,12,88,1,0.5271096460116178,1.554335048401107,0.010990808529603432,20000,20000,20,,
hopper-medium-replay-v2,2,ensemble,12,89,1,0.5398321817924191,1.6483239812537915,0.011655410647369637,20000,20000,20,,
hopper-medium-replay-v2,2,ensemble,12,90,1,0.5475354061504256,1.6543065595498003,0.01169771386419051,20000,20000,20,,
hopper-medium-replay-v2,2,ensemble,12,91,1,0.5617748606517878,1.670074871008944,0.011809212663796729,20000,20000,20,,
hopper-medium-replay-v2,2,ensemble,12,92,1,0.5805615290138713,1.6893233308569209,0.011945319828655744,20000,20000,20,,
hopper-medium-replay-v2,2,ensemble,12,93,1,0.5913742490748422,1.6879330100165333,0.011935488775713113,20000,20000,20,,
hopper-medium-replay-v2,2,ensemble,12,94,1,0.6051541372309199,1.7148530787613787,0.012125842407307996,20000,20000,20,,
hopper-medium-replay-v2,2,ensemble,12,95,1,0.6209521094240684,1.7730862801890344,0.012537613323504969,20000,20000,20,,
hopper-medium-replay-v2,2,ensemble,12,96,1,0.6359443107085819,1.8100272983163999,0.012798825767722923,20000,20000,20,,
hopper-medium-replay-v2,2,ensemble,12,97,1,0.6480250804747222,1.8317291403026261,0.012952280964049918,20000,20000,20,,
hopper-medium-replay-v2,2,ensemble,12,98,1,0.6559100141252259,1.842213280112187,0.013026415027592402,20000,20000,20,,
hopper-medium-replay-v2,2,ensemble,12,99,1,0.6703049480273702,1.8640578425966652,0.01318087941024068,20000,20000,20,,
hopper-medium-replay-v2,2,ensemble,12,100,1,0.6819984619861579,1.8875858417467957,0.013347247487708765,20000,20000,20,,
hopper-medium-replay-v2,2,ensemble,13,1,1,0.005163267983403139,0.03652709242979306,0.00025828554754134475,20000,20000,20,,
hopper-medium-replay-v2,2,ensemble,13,2,1,0.0073679443095297685,0.047025409897366095,0.00033251986226504553,20000,20000,20,,
hopper-medium-replay-v2,2,ensemble,13,3,1,0.010281920692207114,0.06468816389648445,0.00045741439353710954,20000,20000,20,,
hopper-medium-replay-v2,2,ensemble,13,4,1,0.013953097261409055,0.08241788094223898,0.000582782425052827,20000,20000,20,,
hopper-medium-replay-v2,2,ensemble,13,5,1,0.01950178377506986,0.1314803421764351,0.0009297064154568488,20000,20000,20,,
hopper-medium-replay-v2,2,ensemble,13,6,1,0.02503743976383806,0.1680305435640382,0.00118815536800593,20000,20000,20,,
hopper-medium-replay-v2,2,ensemble,13,7,1,0.028413869052032397,0.1850464873889915,0.0013084762606750682,20000,20000,20,,
hopper-medium-replay-v2,2,ensemble,13,8,1,0.03406154592821807,0.23487243369844946,0.0016607989058196138,20000,20000,20,,
hopper-medium-replay-v2,2,ensemble,13,9,1,0.04020654039909042,0.2893712881707929,0.0020461640014625424,20000,20000,20,,
hopper-medium-replay-v2,2,ensemble,13,10,1,0.04449756192854539,0.3126325406255658,0.0022106458949591634,20000,20000,20,,
hopper-medium-replay-v2,2,ensemble,13,11,1,0.04624250594666807,0.31268489224195817,0.0022110160767887348,20000,20000,20,,
hopper-medium-replay-v2,2,ensemble,13,12,1,0.04880924833601368,0.3263214523412811,0.0023074411179716267,20000,20000,20,,
hopper-medium-replay-v2,2,ensemble,13,13,1,0.04959183341688339,0.30903879446452337,0.0021852342721558017,20000,20000,20,,
hopper-medium-replay-v2,2,ensemble,13,14,1,0.051343557629335464,0.3211104682787136,0.002270593896298661,20000,20000,20,,
hopper-medium-replay-v2,2,ensemble,13,15,1,0.053278691818207775,0.33188385808276155,0.0023467732661667444,20000,20000,20,,
hopper-medium-replay-v2,2,ensemble,13,16,1,0.05654720134622605,0.34642232745501766,0.002449575768978697,20000,20000,20,,
hopper-medium-replay-v2,2,ensemble,13,17,1,0.06040565468585312,0.3546823816358167,0.0025079831722208097,20000,20000,20,,
hopper-medium-replay-v2,2,ensemble,13,18,1,0.06542012391578848,0.3863993082453791,0.002732255711060986,20000,20000,20,,
hopper-medium-replay-v2,2,ensemble,13,19,1,0.07120211214518037,0.40386122756534026,0.002855730126697755,20000,20000,20,,
hopper-medium-replay-v2,2,ensemble,13,20,1,0.0770837511683749,0.4231885107771316,0.002992394656907461,20000,20000,20,,
hopper-medium-replay-v2,2,ensemble,13,21,1,0.0827790159023359,0.45488269214999305,0.0032165063626365276,20000,20000,20,,
hopper-medium-replay-v2,2,ensemble,13,22,1,0.08600248491015328,0.44549006086958914,0.003150090429920943,20000,20000,20,,
hopper-medium-replay-v2,2,ensemble,13,23,1,0.09236228361869461,0.5013944734577696,0.0035453943223144723,20000,20000,20,,
hopper-medium-replay-v2,2,ensemble,13,24,1,0.09326072748135739,0.5225489755184897,0.0036949792409120726,20000,20000,20,,
hopper-medium-replay-v2,2,ensemble,13,25,1,0.09270733120731002,0.4851817739774271,0.003430753224875575,20000,20000,20,,
hopper-medium-replay-v2,2,ensemble,13,26,1,0.09430368021592064,0.4613586150879029,0.0032622980528749035,20000,20000,20,,
hopper-medium-replay-v2,2,ensemble,13,27,1,0.0988774875078864,0.4701617269097622,0.0033245454535227054,20000,20000,20,,
hopper-medium-replay-v2,2,ensemble,13,28,1,0.09801200522270531,0.4235199952371414,0.00299473860600277,20000,20000,20,,
hopper-medium-replay-v2,2,ensemble,13,29,1,0.09778041844695223,0.41964128967580494,0.0029673120159563,20000,20000,20,,
hopper-medium-replay-v2,2,ensemble,13,30,1,0.10609906366227312,0.4872380993228316,0.003445293640836188,20000,20000,20,,
hopper-medium-replay-v2,2,ensemble,13,31,1,0.11185754529535738,0.5080422929047393,0.003592401504425034,20000,20000,20,,
hopper-medium-replay-v2,2,ensemble,13,32,1,0.11489279105020919,0.5166793493223659,0.0036534747160489795,20000,20000,20,,
hopper-medium-replay-v2,2,ensemble,13,33,1,0.11697256161389014,0.520035546200197,0.003677206611762094,20000,20000,20,,
hopper-medium-replay-v2,2,ensemble,13,34,1,0.12292306132270135,0.5247232008687742,0.0037103533358022116,20000,20000,20,,
hopper-medium-replay-v2,2,ensemble,13,35,1,0.12801972020505453,0.5608114068455973,0.003965535487472896,20000,20000,20,,
hopper-medium-replay-v2,2,ensemble,13,36,1,0.13165365383199315,0.5482210153875723,0.0038765079756952698,20000,20000,20,,
hopper-medium-replay-v2,2,ensemble,13,37,1,0.13528024286018456,0.5665828131922146,0.004006345493119658,20000,20000,20,,
hopper-medium-replay-v2,2,ensemble,13,38,1,0.13910783606787405,0.5717492652945118,0.004042877826281756,20000,20000,20,,
hopper-medium-replay-v2,2,ensemble,13,39,1,0.1441370912221803,0.6071042716621267,0.004292875473796097,20000,20000,20,,
hopper-medium-replay-v2,2,ensemble,13,40,1,0.14616183735495314,0.5842196697345363,0.0041310569017185585,20000,20000,20,,
hopper-medium-replay-v2,2,ensemble,13,41,1,0.1509550438576246,0.5950763222787602,0.0042078250280686265,20000,20000,20,,
hopper-medium-replay-v2,2,ensemble,13,42,1,0.159002328912767,0.6305193582727237,0.0044584451390403314,20000,20000,20,,
hopper-medium-replay-v2,2,ensemble,13,43,1,0.1634601182445486,0.6448135851375346,0.0045595205865195994,20000,20000,20,,
hopper-medium-replay-v2,2,ensemble,13,44,1,0.17093040208812035,0.6707840378296502,0.004743159418610393,20000,20000,20,,
hopper-medium-replay-v2,2,ensemble,13,45,1,0.18239227513620562,0.7233412765593956,0.005114795217672825,20000,20000,20,,
hopper-medium-replay-v2,2,ensemble,13,46,1,0.1901550382564211,0.7456854596384539,0.005272792451425583,20000,20000,20,,
hopper-medium-replay-v2,2,ensemble,13,47,1,0.18900064253851032,0.7351967911860549,0.005198626365542495,20000,20000,20,,
hopper-medium-replay-v2,2,ensemble,13,48,1,0.1902742488152484,0.7636008698593423,0.005399473531974873,20000,20000,20,,
hopper-medium-replay-v2,2,ensemble,13,49,1,0.1920131624996246,0.7484538239693569,0.0052923677433373475,20000,20000,20,,
hopper-medium-replay-v2,2,ensemble,13,50,1,0.1966768698213551,0.7505628118498289,0.005307280539654568,20000,20000,20,,
hopper-medium-replay-v2,2,ensemble,13,51,1,0.20354262951005586,0.7758243434634009,0.005485906542725719,20000,20000,20,,
hopper-medium-replay-v2,2,ensemble,13,52,1,0.20377724252219756,0.7753453437571657,0.005482519503321066,20000,20000,20,,
hopper-medium-replay-v2,2,ensemble,13,53,1,0.21211309286728527,0.8134473676163352,0.00575194149779857,20000,20000,20,,
hopper-medium-replay-v2,2,ensemble,13,54,1,0.21952945696311066,0.8381119943667787,0.005926346746105308,20000,20000,20,,
hopper-medium-replay-v2,2,ensemble,13,55,1,0.22997574147386626,0.8648680405829227,0.006115540563277067,20000,20000,20,,
hopper-medium-replay-v2,2,ensemble,13,56,1,0.2483959873618488,0.9588871923876512,0.006780356361302377,20000,20000,20,,
hopper-medium-replay-v2,2,ensemble,13,57,1,0.24988756938775591,0.9437829262503167,0.0066735530711968215,20000,20000,20,,
hopper-medium-replay-v2,2,ensemble,13,58,1,0.25886888166126076,0.9776509101101117,0.006913035881720598,20000,20000,20,,
hopper-medium-replay-v2,2,ensemble,13,59,1,0.2717780925960775,1.0328879148302204,0.00730362048782082,20000,20000,20,,
hopper-medium-replay-v2,2,ensemble,13,60,1,0.28360462938861986,1.0883456521176176,0.007695765908872626,20000,20000,20,,
hopper-medium-replay-v2,2,ensemble,13,61,1,0.29746479044453966,1.1386853518325395,0.008051721339185783,20000,20000,20,,
hopper-medium-replay-v2,2,ensemble,13,62,1,0.30612879453773784,1.1543690893107774,0.0081626221104379,20000,20000,20,,
hopper-medium-replay-v2,2,ensemble,13,63,1,0.3132061844660962,1.1653292824825419,0.008240122379586592,20000,20000,20,,
hopper-medium-replay-v2,2,ensemble,13,64,1,0.3170998411864671,1.167669995902645,0.008256673722908284,20000,20000,20,,
hopper-medium-replay-v2,2,ensemble,13,65,1,0.3212294524362598,1.1538274221239218,0.008158791945028181,20000,20000,20,,
hopper-medium-replay-v2,2,ensemble,13,66,1,0.327614732621916,1.159257837244785,0.008197190778594385,20000,20000,20,,
hopper-medium-replay-v2,2,ensemble,13,67,1,0.3342594306449139,1.1798383398594219,0.008342716908184757,20000,20000,20,,
hopper-medium-replay-v2,2,ensemble,13,68,1,0.34762902904071313,1.2360363563336156,0.008740096893566114,20000,20000,20,,
hopper-medium-replay-v2,2,ensemble,13,69,1,0.35747299035615027,1.261647514186595,0.008921195127484922,20000,20000,20,,
hopper-medium-replay-v2,2,ensemble,13,70,1,0.35891356083273246,1.2621119024579277,0.00892447884844255,20000,20000,20,,
hopper-medium-replay-v2,2,ensemble,13,71,1,0.36652325527451285,1.2779051573742963,0.00903615402492627,20000,20000,20,,
hopper-medium-replay-v2,2,ensemble,13,72,1,0.3760754227464038,1.3008034580108156,0.009198069461503582,20000,20000,20,,
hopper-medium-replay-v2,2,ensemble,13,73,1,0.3851316044653352,1.2939069825833924,0.009149304016093408,20000,20000,20,,
hopper-medium-replay-v2,2,ensemble,13,74,1,0.3953414494954256,1.3190917426879074,0.009327387162617998,20000,20000,20,,
hopper-medium-replay-v2,2,ensemble,13,75,1,0.40535137869206794,1.3456547250166315,0.00951521581194979,20000,20000,20,,
hopper-medium-replay-v2,2,ensemble,13,76,1,0.41799531834282655,1.4180969644179,0.010027459799199553,20000,20000,20,,
hopper-medium-replay-v2,2,ensemble,13,77,1,0.4352030824481101,1.4977002226603382,0.010590339836277272,20000,20000,20,,
hopper-medium-replay-v2,2,ensemble,13,78,1,0.43910103572451364,1.4774792962228123,0.010447356294218783,20000,20000,20,,
hopper-medium-replay-v2,2,ensemble,13,79,1,0.44072964940206893,1.4300435699859297,0.0101119350572927,20000,20000,20,,
hopper-medium-replay-v2,2,ensemble,13,80,1,0.44947451141496386,1.464056411788849,0.010352442168155396,20000,20000,20,,
hopper-medium-replay-v2,2,ensemble,13,81,1,0.4648653917507003,1.5325063406153059,0.010836456256604638,20000,20000,20,,
hopper-medium-replay-v2,2,ensemble,13,82,1,0.4758183504126047,1.5414113556224216,0.010899424221585631,20000,20000,20,,
hopper-medium-replay-v2,2,ensemble,13,83,1,0.48972147775275243,1.603204703508651,0.011336369174811354,20000,20000,20,,
hopper-medium-replay-v2,2,ensemble,13,84,1,0.5010957560226801,1.5754180440690524,0.011139887821648741,20000,20000,20,,
hopper-medium-replay-v2,2,ensemble,13,85,1,0.520796180188927,1.6025026227854462,0.01133140471440817,20000,20000,20,,
hopper-medium-replay-v2,2,ensemble,13,86,1,0.5316999543746167,1.657277365767809,0.01171872063641396,20000,20000,20,,
hopper-medium-replay-v2,2,ensemble,13,87,1,0.5403016846587764,1.6854696293766867,0.01191807004416232,20000,20000,20,,
hopper-medium-replay-v2,2,ensemble,13,88,1,0.545359408146511,1.6722305245362996,0.011824455436067548,20000,20000,20,,
hopper-medium-replay-v2,2,ensemble,13,89,1,0.5502234608082698,1.6319070690341055,0.011539325547802794,20000,20000,20,,
hopper-medium-replay-v2,2,ensemble,13,90,1,0.5603727774150227,1.6608498672422578,0.011743982036597777,20000,20000,20,,
hopper-medium-replay-v2,2,ensemble,13,91,1,0.5768942740954842,1.6805061631433216,0.011882973037844292,20000,20000,20,,
hopper-medium-replay-v2,2,ensemble,13,92,1,0.5799102035960648,1.7112153314360905,0.01210011964928845,20000,20000,20,,
hopper-medium-replay-v2,2,ensemble,13,93,1,0.5863380612970128,1.7485302686359874,0.012363976100624422,20000,20000,20,,
hopper-medium-replay-v2,2,ensemble,13,94,1,0.6018548913068708,1.7832832177626645,0.012609716560561467,20000,20000,20,,
hopper-medium-replay-v2,2,ensemble,13,95,1,0.616790808593778,1.810996273034436,0.01280567745366214,20000,20000,20,,
hopper-medium-replay-v2,2,ensemble,13,96,1,0.6357245819144918,1.8402287348544193,0.01301238217349901,20000,20000,20,,
hopper-medium-replay-v2,2,ensemble,13,97,1,0.6501774062299239,1.9630098178452247,0.013880575537341277,20000,20000,20,,
hopper-medium-replay-v2,2,ensemble,13,98,1,0.6540192032672735,1.928275986921512,0.013634970263513835,20000,20000,20,,
hopper-medium-replay-v2,2,ensemble,13,99,1,0.6618033014792177,1.922175014931551,0.01359182987685453,20000,20000,20,,
hopper-medium-replay-v2,2,ensemble,13,100,1,0.6767747866332544,1.935518307866373,0.01368618120603024,20000,20000,20,,
hopper-medium-replay-v2,2,ensemble,14,1,1,0.005090191247716917,0.03442213261180653,0.00024340123392711002,20000,20000,20,,
hopper-medium-replay-v2,2,ensemble,14,2,1,0.007299799743471278,0.043705795025860306,0.000309046640399351,20000,20000,20,,
hopper-medium-replay-v2,2,ensemble,14,3,1,0.009656846864263472,0.05657125828284235,0.00040001920352053473,20000,20000,20,,
hopper-medium-replay-v2,2,ensemble,14,4,1,0.01421155294736443,0.0920710912378015,0.0006510409296549475,20000,20000,20,,
hopper-medium-replay-v2,2,ensemble,14,5,1,0.018705875019623754,0.12198075276306537,0.0008625341745300321,20000,20000,20,,
hopper-medium-replay-v2,2,ensemble,14,6,1,0.024001510955357467,0.16471214921706612,0.0011646907765519793,20000,20000,20,,
hopper-medium-replay-v2,2,ensemble,14,7,1,0.03054800662400279,0.22455747251220892,0.0015878611157949466,20000,20000,20,,
hopper-medium-replay-v2,2,ensemble,14,8,1,0.03482892281897059,0.2505178778274606,0.0017714289022026043,20000,20000,20,,
hopper-medium-replay-v2,2,ensemble,14,9,1,0.04097380046665179,0.30266730713012097,0.0021401810531518003,20000,20000,20,,
hopper-medium-replay-v2,2,ensemble,14,10,1,0.045028148400463354,0.3250417641477358,0.0022983923559770237,20000,20000,20,,
hopper-medium-replay-v2,2,ensemble,14,11,1,0.044326316152968226,0.294963516957607,0.002085707030433571,20000,20000,20,,
hopper-medium-replay-v2,2,ensemble,14,12,1,0.0474614386858994,0.3183817544181674,0.002251298975551562,20000,20000,20,,
hopper-medium-replay-v2,2,ensemble,14,13,1,0.0490994343700075,0.3167723526717204,0.0022399187866659004,20000,20000,20,,
hopper-medium-replay-v2,2,ensemble,14,14,1,0.0502311679063846,0.31441106052893686,0.0022232219298006528,20000,20000,20,,
hopper-medium-replay-v2,2,ensemble,14,15,1,0.052171943265888025,0.320619765524072,0.0022671241038451214,20000,20000,20,,
hopper-medium-replay-v2,2,ensemble,14,16,1,0.05668195268293714,0.3312828808665086,0.0023425237155172336,20000,20000,20,,
hopper-medium-replay-v2,2,ensemble,14,17,1,0.0632846295060589,0.3772258447927392,0.0026673895289176996,20000,20000,20,,
hopper-medium-replay-v2,2,ensemble,14,18,1,0.06422713049049954,0.36998049111663417,0.002616157141753012,20000,20000,20,,
hopper-medium-replay-v2,2,ensemble,14,19,1,0.07052674183876152,0.41259048557177036,0.0029174553020084922,20000,20000,20,,
hopper-medium-replay-v2,2,ensemble,14,20,1,0.07410284339890152,0.4070364405152406,0.0028781822727836142,20000,20000,20,,
hopper-medium-replay-v2,2,ensemble,14,21,1,0.075343586182636,0.3872462717122988,0.002738244647169748,20000,20000,20,,
hopper-medium-replay-v2,2,ensemble,14,22,1,0.07866407032630529,0.4093995166030244,0.0028948917440449313,20000,20000,20,,
hopper-medium-replay-v2,2,ensemble,14,23,1,0.08167397816746202,0.42853808348465494,0.003030221848286863,20000,20000,20,,
hopper-medium-replay-v2,2,ensemble,14,24,1,0.08431481492313644,0.4105621131345662,0.0029031125429573026,20000,20000,20,,
hopper-medium-replay-v2,2,ensemble,14,25,1,0.08663279283336868,0.40279736168309727,0.002848207458901685,20000,20000,20,,
hopper-medium-replay-v2,2,ensemble,14,26,1,0.09037750495875506,0.4168898514616242,0.00294785640976367,20000,20000,20,,
hopper-medium-replay-v2,2,ensemble,14,27,1,0.09717300066864427,0.44944605313135344,0.0031780635194670935,20000,20000,20,,
hopper-medium-replay-v2,2,ensemble,14,28,1,0.1051296147171026,0.508417833526833,0.0035950569776299684,20000,20000,20,,
hopper-medium-replay-v2,2,ensemble,14,29,1,0.10882656816921922,0.5054163965860228,0.003573833613488461,20000,20000,20,,
hopper-medium-replay-v2,2,ensemble,14,30,1,0.1099159642767371,0.516623129064572,0.003653077178793718,20000,20000,20,,
hopper-medium-replay-v2,2,ensemble,14,31,1,0.11146600727518576,0.5143082249385759,0.003636708334740832,20000,20000,20,,
hopper-medium-replay-v2,2,ensemble,14,32,1,0.1155949994267701,0.5133159463658687,0.003629691865664959,20000,20000,20,,
hopper-medium-replay-v2,2,ensemble,14,33,1,0.11862232605207146,0.5236224409964025,0.003702569788100091,20000,20000,20,,
hopper-medium-replay-v2,2,ensemble,14,34,1,0.12371138323898122,0.5542333446202837,0.003919021563407034,20000,20000,20,,
hopper-medium-replay-v2,2,ensemble,14,35,1,0.12912125964334917,0.5582503359177847,0.003947425981271337,20000,20000,20,,
hopper-medium-replay-v2,2,ensemble,14,36,1,0.13251160052955668,0.5717015928207183,0.004042540730986803,20000,20000,20,,
hopper-medium-replay-v2,2,ensemble,14,37,1,0.13721603667698845,0.5897086749881202,0.004169870030086335,20000,20000,20,,
hopper-medium-replay-v2,2,ensemble,14,38,1,0.1379667412363631,0.572320903073047,0.004046919915777603,20000,20000,20,,
hopper-medium-replay-v2,2,ensemble,14,39,1,0.1441912113284612,0.6020965152790015,0.004257465288825717,20000,20000,20,,
hopper-medium-replay-v2,2,ensemble,14,40,1,0.1506673774861443,0.6321897653820795,0.004470256700984009,20000,20000,20,,
hopper-medium-replay-v2,2,ensemble,14,41,1,0.1569508905810487,0.6477232111434378,0.004580094749314508,20000,20000,20,,
hopper-medium-replay-v2,2,ensemble,14,42,1,0.16233893740135016,0.6688067989142898,0.00472917822815962,20000,20000,20,,
hopper-medium-replay-v2,2,ensemble,14,43,1,0.1640034511761089,0.6605351947071081,0.004670689153897727,20000,20000,20,,
hopper-medium-replay-v2,2,ensemble,14,44,1,0.17067229426242345,0.663058874221318,0.004688534262878121,20000,20000,20,,
hopper-medium-replay-v2,2,ensemble,14,45,1,0.18050744954139758,0.69516511608434,0.004915559676275703,20000,20000,20,,
hopper-medium-replay-v2,2,ensemble,14,46,1,0.18328081863919155,0.7210649682954434,0.005098699287577709,20000,20000,20,,
hopper-medium-replay-v2,2,ensemble,14,47,1,0.18963391797711374,0.7684811977600949,0.005433982661505234,20000,20000,20,,
hopper-medium-replay-v2,2,ensemble,14,48,1,0.19537783398893419,0.7831647420754146,0.005537810999077391,20000,20000,20,,
hopper-medium-replay-v2,2,ensemble,14,49,1,0.19590603363763812,0.7802532474753848,0.0055172236233267,20000,20000,20,,
hopper-medium-replay-v2,2,ensemble,14,50,1,0.19918809018981778,0.7721083290213926,0.005459630352616407,20000,20000,20,,
hopper-medium-replay-v2,2,ensemble,14,51,1,0.20383929821996516,0.7829229904108355,0.005536101556663521,20000,20000,20,,
hopper-medium-replay-v2,2,ensemble,14,52,1,0.20951243961032023,0.8101057078955634,0.005728312395308813,20000,20000,20,,
hopper-medium-replay-v2,2,ensemble,14,53,1,0.21933123706737465,0.8340631122035858,0.005897716825767117,20000,20000,20,,
hopper-medium-replay-v2,2,ensemble,14,54,1,0.22674276374500332,0.8658398589482856,0.006122412356839365,20000,20000,20,,
hopper-medium-replay-v2,2,ensemble,14,55,1,0.2300412192395994,0.8775377650093118,0.006205129043853713,20000,20000,20,,
hopper-medium-replay-v2,2,ensemble,14,56,1,0.2401751978555928,0.9028364004945721,0.006384017410917656,20000,20000,20,,
hopper-medium-replay-v2,2,ensemble,14,57,1,0.2511969686130417,0.9587157731506165,0.006779144244253047,20000,20000,20,,
hopper-medium-replay-v2,2,ensemble,14,58,1,0.26447963148879605,1.0110693676007387,0.007149340060804765,20000,20000,20,,
hopper-medium-replay-v2,2,ensemble,14,59,1,0.27651821080257805,1.0500670009435729,0.007425094970674211,20000,20000,20,,
hopper-medium-replay-v2,2,ensemble,14,60,1,0.2895815946057315,1.095256601144676,0.007744633698087301,20000,20000,20,,
hopper-medium-replay-v2,2,ensemble,14,61,1,0.2986949460581724,1.12505131262449,0.007955314123396033,20000,20000,20,,
hopper-medium-replay-v2,2,ensemble,14,62,1,0.3053658308798756,1.1519488967078848,0.008145508764425071,20000,20000,20,,
hopper-medium-replay-v2,2,ensemble,14,63,1,0.3105549039385786,1.1553207503794989,0.008169351370388742,20000,20000,20,,
hopper-medium-replay-v2,2,ensemble,14,64,1,0.31646833341486674,1.1627948780195376,0.008222201433765994,20000,20000,20,,
hopper-medium-replay-v2,2,ensemble,14,65,1,0.3231579767072973,1.1801459254764712,0.008344891866940868,20000,20000,20,,
hopper-medium-replay-v2,2,ensemble,14,66,1,0.3362140606757679,1.205047199892918,0.008520970466941433,20000,20000,20,,
hopper-medium-replay-v2,2,ensemble,14,67,1,0.3476364460878406,1.2393084496394957,0.008763234087218743,20000,20000,20,,
hopper-medium-replay-v2,2,ensemble,14,68,1,0.35336169139195645,1.2638016988248877,0.00893642751314157,20000,20000,20,,
hopper-medium-replay-v2,2,ensemble,14,69,1,0.35480473351095865,1.253439960999979,0.008863158962332867,20000,20000,20,,
hopper-medium-replay-v2,2,ensemble,14,70,1,0.36108034162678776,1.2580008902318118,0.008895409602216277,20000,20000,20,,
hopper-medium-replay-v2,2,ensemble,14,71,1,0.3706430978393982,1.290273467819001,0.009123611186798983,20000,20000,20,,
hopper-medium-replay-v2,2,ensemble,14,72,1,0.37956900624701845,1.3348678754841237,0.009438941267429038,20000,20000,20,,
hopper-medium-replay-v2,2,ensemble,14,73,1,0.39242242352052953,1.3683190365392295,0.009675476695635324,20000,20000,20,,
hopper-medium-replay-v2,2,ensemble,14,74,1,0.40002614299835537,1.3772007634186823,0.009738279988686403,20000,20000,20,,
hopper-medium-replay-v2,2,ensemble,14,75,1,0.4028066638272835,1.3680313543654452,0.00967344247547623,20000,20000,20,,
hopper-medium-replay-v2,2,ensemble,14,76,1,0.40944025651180915,1.3911035202058275,0.00983658732470018,20000,20000,20,,
hopper-medium-replay-v2,2,ensemble,14,77,1,0.42041587501759814,1.410451829556204,0.009973400532161643,20000,20000,20,,
hopper-medium-replay-v2,2,ensemble,14,78,1,0.4277531170162689,1.4066976726248333,0.009946854633923537,20000,20000,20,,
hopper-medium-replay-v2,2,ensemble,14,79,1,0.43470358144880294,1.3968272321682913,0.009877060080122348,20000,20000,20,,
hopper-medium-replay-v2,2,ensemble,14,80,1,0.4463676019715601,1.42564899872537,0.010080860745905208,20000,20000,20,,
hopper-medium-replay-v2,2,ensemble,14,81,1,0.45745611345247617,1.4564495768792216,0.010298653722675754,20000,20000,20,,
hopper-medium-replay-v2,2,ensemble,14,82,1,0.462216549804327,1.4494254335002255,0.010248985528522606,20000,20000,20,,
hopper-medium-replay-v2,2,ensemble,14,83,1,0.47035364914199657,1.4528942740594863,0.01027351393534569,20000,20000,20,,
hopper-medium-replay-v2,2,ensemble,14,84,1,0.4806030293066349,1.4764726354062458,0.010440238127321293,20000,20000,20,,
hopper-medium-replay-v2,2,ensemble,14,85,1,0.49688194507453143,1.5314625803510533,0.010829075756996777,20000,20000,20,,
hopper-medium-replay-v2,2,ensemble,14,86,1,0.5199756462414186,1.6016208000493806,0.011325169286043405,20000,20000,20,,
hopper-medium-replay-v2,2,ensemble,14,87,1,0.5386410097668024,1.6311712066252335,0.011534122214809456,20000,20000,20,,
hopper-medium-replay-v2,2,ensemble,14,88,1,0.5497850915767539,1.6703079359351878,0.011810860681694766,20000,20000,20,,
hopper-medium-replay-v2,2,ensemble,14,89,1,0.5578001760387226,1.6754279731466704,0.011847064812016434,20000,20000,20,,
hopper-medium-replay-v2,2,ensemble,14,90,1,0.5671368668570053,1.6573713173497089,0.011719384974420606,20000,20000,20,,
hopper-medium-replay-v2,2,ensemble,14,91,1,0.5797736066752708,1.665627722044044,0.011777766571896454,20000,20000,20,,
hopper-medium-replay-v2,2,ensemble,14,92,1,0.5819272394632011,1.6776548574509746,0.011862811261941348,20000,20000,20,,
hopper-medium-replay-v2,2,ensemble,14,93,1,0.5940642803284559,1.7284917156698145,0.012222282133748956,20000,20000,20,,
hopper-medium-replay-v2,2,ensemble,14,94,1,0.6086549856241672,1.7226085563848164,0.012180681915496728,20000,20000,20,,
hopper-medium-replay-v2,2,ensemble,14,95,1,0.6210625790848937,1.7439933370894634,0.01233189515000116,20000,20000,20,,
hopper-medium-replay-v2,2,ensemble,14,96,1,0.6362091507138752,1.7927506141397584,0.012676661162345709,20000,20000,20,,
hopper-medium-replay-v2,2,ensemble,14,97,1,0.6423971767637299,1.788739736511187,0.012648299974648985,20000,20000,20,,
hopper-medium-replay-v2,2,ensemble,14,98,1,0.6542461328347894,1.819211177591784,0.012863765600855151,20000,20000,20,,
hopper-medium-replay-v2,2,ensemble,14,99,1,0.6642761934347328,1.8383293814538717,0.01299895171680504,20000,20000,20,,
hopper-medium-replay-v2,2,ensemble,14,100,1,0.6764022776452228,1.8612800002018752,0.013161237098296445,20000,20000,20,,
hopper-medium-replay-v2,2,ensemble,15,1,1,0.005191269928568644,0.034684533046580764,0.0002452566851952616,20000,20000,20,,
hopper-medium-replay-v2,2,ensemble,15,2,1,0.007555443703416661,0.04560210669369043,0.0003224555887950095,20000,20000,20,,
hopper-medium-replay-v2,2,ensemble,15,3,1,0.00990069133985183,0.061592973302814394,0.0004355280909586204,20000,20000,20,,
hopper-medium-replay-v2,2,ensemble,15,4,1,0.01347365236343283,0.08136619837017363,0.0005753459062691959,20000,20000,20,,
hopper-medium-replay-v2,2,ensemble,15,5,1,0.01990317973331473,0.14130136564966383,0.0009991515384179719,20000,20000,20,,
hopper-medium-replay-v2,2,ensemble,15,6,1,0.025500816484464776,0.18244449047943467,0.0012900773640813275,20000,20000,20,,
hopper-medium-replay-v2,2,ensemble,15,7,1,0.029096300021671392,0.1993999943945105,0.0014099708820491793,20000,20000,20,,
hopper-medium-replay-v2,2,ensemble,15,8,1,0.0343765773164731,0.24280387649341612,0.001716882675668755,20000,20000,20,,
hopper-medium-replay-v2,2,ensemble,15,9,1,0.038603925400222235,0.26290778778523627,0.0018590387956969434,20000,20000,20,,
hopper-medium-replay-v2,2,ensemble,15,10,1,0.04049607044727271,0.27868880453881195,0.001970627435301662,20000,20000,20,,
hopper-medium-replay-v2,2,ensemble,15,11,1,0.04283520213805337,0.27843554952955674,0.001968836651957524,20000,20000,20,,
hopper-medium-replay-v2,2,ensemble,15,12,1,0.04676799765200761,0.30966617951948905,0.002189670554423615,20000,20000,20,,
hopper-medium-replay-v2,2,ensemble,15,13,1,0.05093295733390432,0.34136591168084296,0.002413821510154521,20000,20000,20,,
hopper-medium-replay-v2,2,ensemble,15,14,1,0.054028853548997335,0.3644006452381326,0.0025767016731663693,20000,20000,20,,
hopper-medium-replay-v2,2,ensemble,15,15,1,0.05865423260291939,0.37806385964904554,0.0026733151887939925,20000,20000,20,,
hopper-medium-replay-v2,2,ensemble,15,16,1,0.05949242679820576,0.3463916796424795,0.0024493590562179542,20000,20000,20,,
hopper-medium-replay-v2,2,ensemble,15,17,1,0.062170205982089104,0.36453949132150615,0.0025776834632373156,20000,20000,20,,
hopper-medium-replay-v2,2,ensemble,15,18,1,0.06703856804121558,0.3807605504936561,0.0026923836726238707,20000,20000,20,,
hopper-medium-replay-v2,2,ensemble,15,19,1,0.0685662456887699,0.36144935257288274,0.0025558328825977267,20000,20000,20,,
hopper-medium-replay-v2,2,ensemble,15,20,1,0.07244036122143156,0.3785967436892349,0.0026770832479780324,20000,20000,20,,
hopper-medium-replay-v2,2,ensemble,15,21,1,0.07487205610361033,0.38583450713077416,0.002728261964079397,20000,20000,20,,
hopper-medium-replay-v2,2,ensemble,15,22,1,0.08039330879392592,0.40758581954578854,0.0028820669691630354,20000,20000,20,,
hopper-medium-replay-v2,2,ensemble,15,23,1,0.0876196621823372,0.45882972772703123,0.0032444161188576104,20000,20000,20,,
hopper-medium-replay-v2,2,ensemble,15,24,1,0.08845534635714325,0.45702634604489006,0.0032316642846925143,20000,20000,20,,
hopper-medium-replay-v2,2,ensemble,15,25,1,0.08812094165324241,0.45850312552905226,0.0032421066925681966,20000,20000,20,,
hopper-medium-replay-v2,2,ensemble,15,26,1,0.0918153676191745,0.45032601127183597,0.003184285763150048,20000,20000,20,,
hopper-medium-replay-v2,2,ensemble,15,27,1,0.09756796637355335,0.46526048373754497,0.0032898884306895144,20000,20000,20,,
hopper-medium-replay-v2,2,ensemble,15,28,1,0.1019416601752223,0.4770325585884104,0.0033731295702463405,20000,20000,20,,
hopper-medium-replay-v2,2,ensemble,15,29,1,0.10368996194162505,0.46768150209715426,0.003307007615684083,20000,20000,20,,
hopper-medium-replay-v2,2,ensemble,15,30,1,0.11313160870583469,0.5334669200000851,0.003772180766707616,20000,20000,20,,
hopper-medium-replay-v2,2,ensemble,15,31,1,0.11666047454980408,0.5435784420453823,0.0038436800247710853,20000,20000,20,,
hopper-medium-replay-v2,2,ensemble,15,32,1,0.12010878513274485,0.5625294963663492,0.003977684214980988,20000,20000,20,,
hopper-medium-replay-v2,2,ensemble,15,33,1,0.1271088806496445,0.5830972910445062,0.004123120485890763,20000,20000,20,,
hopper-medium-replay-v2,2,ensemble,15,34,1,0.12872129973462282,0.5692200261831554,0.004024993405012933,20000,20000,20,,
hopper-medium-replay-v2,2,ensemble,15,35,1,0.1280285238988092,0.5612044870239044,0.003968314984069206,20000,20000,20,,
hopper-medium-replay-v2,2,ensemble,15,36,1,0.13116334124238802,0.5735149031781912,0.004055362771488452,20000,20000,20,,
hopper-medium-replay-v2,2,ensemble,15,37,1,0.1338826008090509,0.5541531820022171,0.003918454728098707,20000,20000,20,,
hopper-medium-replay-v2,2,ensemble,15,38,1,0.14028969661869017,0.5675900142132166,0.004013467479839343,20000,20000,20,,
hopper-medium-replay-v2,2,ensemble,15,39,1,0.14831031862273172,0.6314763013055783,0.004465211748117739,20000,20000,20,,
hopper-medium-replay-v2,2,ensemble,15,40,1,0.15396634536635612,0.6469130415764871,0.004574365985367489,20000,20000,20,,
hopper-medium-replay-v2,2,ensemble,15,41,1,0.15799129963974246,0.6724311079106007,0.004754805962843688,20000,20000,20,,
hopper-medium-replay-v2,2,ensemble,15,42,1,0.1612939141496525,0.6651310844981945,0.004703187002266358,20000,20000,20,,
hopper-medium-replay-v2,2,ensemble,15,43,1,0.16587820885016985,0.6599519380026002,0.004666564906188426,20000,20000,20,,
hopper-medium-replay-v2,2,ensemble,15,44,1,0.17499373009465977,0.6773805826835749,0.004789804034596507,20000,20000,20,,
hopper-medium-replay-v2,2,ensemble,15,45,1,0.1776052153497824,0.6874589849095893,0.004861069100171911,20000,20000,20,,
hopper-medium-replay-v2,2,ensemble,15,46,1,0.18475628175361009,0.7045828216480344,0.004982152910948769,20000,20000,20,,
hopper-medium-replay-v2,2,ensemble,15,47,1,0.19207659629684132,0.72246743875684,0.005108616251314383,20000,20000,20,,
hopper-medium-replay-v2,2,ensemble,15,48,1,0.19605725215134753,0.7599634951936899,0.005373753409056883,20000,20000,20,,
hopper-medium-replay-v2,2,ensemble,15,49,1,0.20222521424763412,0.777310307036626,0.005496413891917956,20000,20000,20,,
hopper-medium-replay-v2,2,ensemble,15,50,1,0.20387950680170208,0.7729431345680711,0.005465533319246691,20000,20000,20,,
hopper-medium-replay-v2,2,ensemble,15,51,1,0.20870453039877576,0.7928782387859408,0.005606495793007853,20000,20000,20,,
hopper-medium-replay-v2,2,ensemble,15,52,1,0.2154183862744273,0.8138372601617646,0.005754698454426642,20000,20000,20,,
hopper-medium-replay-v2,2,ensemble,15,53,1,0.21994646385758143,0.8280278317071781,0.00585504094811339,20000,20000,20,,
hopper-medium-replay-v2,2,ensemble,15,54,1,0.2361930746199776,0.9073750292288525,0.006416110362470633,20000,20000,20,,
hopper-medium-replay-v2,2,ensemble,15,55,1,0.24754375866441436,0.9291318462124667,0.006569954290732116,20000,20000,20,,
hopper-medium-replay-v2,2,ensemble,15,56,1,0.25202963824599467,0.9358325285464494,0.006617335269901476,20000,20000,20,,
hopper-medium-replay-v2,2,ensemble,15,57,1,0.25707006173920527,0.9775555942035026,0.006912361896481415,20000,20000,20,,
hopper-medium-replay-v2,2,ensemble,15,58,1,0.26276726672767264,1.006364798352927,0.007116073732627871,20000,20000,20,,
hopper-medium-replay-v2,2,ensemble,15,59,1,0.27534939475142245,1.0414037691216416,0.007363836670991424,20000,20000,20,,
hopper-medium-replay-v2,2,ensemble,15,60,1,0.29438242544291054,1.1031738541740705,0.0078006171311418475,20000,20000,20,,
hopper-medium-replay-v2,2,ensemble,15,61,1,0.30709356894162537,1.1492699825322341,0.008126565980626877,20000,20000,20,,
hopper-medium-replay-v2,2,ensemble,15,62,1,0.3161872548392819,1.1664931769745206,0.00824835235646523,20000,20000,20,,
hopper-medium-replay-v2,2,ensemble,15,63,1,0.3272742646637945,1.1916489061295898,0.008426230223177646,20000,20000,20,,
hopper-medium-replay-v2,2,ensemble,15,64,1,0.33243193804806315,1.209154973348775,0.008550016811603578,20000,20000,20,,
hopper-medium-replay-v2,2,ensemble,15,65,1,0.3351785073471199,1.2006341728430456,0.008489765653416189,20000,20000,20,,
hopper-medium-replay-v2,2,ensemble,15,66,1,0.3327606160352192,1.1860472660937438,0.008386620646626517,20000,20000,20,,
hopper-medium-replay-v2,2,ensemble,15,67,1,0.338400098364015,1.183826737310181,0.008370919137019745,20000,20000,20,,
hopper-medium-replay-v2,2,ensemble,15,68,1,0.34260444295919357,1.1896481721285062,0.008412082897382479,20000,20000,20,,
hopper-medium-replay-v2,2,ensemble,15,69,1,0.35319438199730446,1.2233358967505106,0.008650291082612121,20000,20000,20,,
hopper-medium-replay-v2,2,ensemble,15,70,1,0.36018925837417537,1.2431232903626586,0.008790209084663693,20000,20000,20,,
hopper-medium-replay-v2,2,ensemble,15,71,1,0.3618061181757375,1.2391712318062056,0.008762263810614552,20000,20000,20,,
hopper-medium-replay-v2,2,ensemble,15,72,1,0.36971290236852933,1.2533431645891433,0.008862474508347904,20000,20000,20,,
hopper-medium-replay-v2,2,ensemble,15,73,1,0.38654503536927415,1.295156852522109,0.009158141931186086,20000,20000,20,,
hopper-medium-replay-v2,2,ensemble,15,74,1,0.4037757784129699,1.3453188909583789,0.009512841106550351,20000,20000,20,,
hopper-medium-replay-v2,2,ensemble,15,75,1,0.41665109614563817,1.3954681779290885,0.009867450115436941,20000,20000,20,,
hopper-medium-replay-v2,2,ensemble,15,76,1,0.42941751143117324,1.4454685013876722,0.010221005793227794,20000,20000,20,,
hopper-medium-replay-v2,2,ensemble,15,77,1,0.44215398083376284,1.4863265831997614,0.010509916060383824,20000,20000,20,,
hopper-medium-replay-v2,2,ensemble,15,78,1,0.44526734117656325,1.4618664591967319,0.010336956864871764,20000,20000,20,,
hopper-medium-replay-v2,2,ensemble,15,79,1,0.45159640587261846,1.4755609139324277,0.010433791282954392,20000,20000,20,,
hopper-medium-replay-v2,2,ensemble,15,80,1,0.4572411770838664,1.4705360241828833,0.010398259946788216,20000,20000,20,,
hopper-medium-replay-v2,2,ensemble,15,81,1,0.4762046925698478,1.5142992820446248,0.010707712910796745,20000,20000,20,,
hopper-medium-replay-v2,2,ensemble,15,82,1,0.48569988870755226,1.5306542800911773,0.010823360211046846,20000,20000,20,,
hopper-medium-replay-v2,2,ensemble,15,83,1,0.49418790280601643,1.5465127318028782,0.010935496398491475,20000,20000,20,,
hopper-medium-replay-v2,2,ensemble,15,84,1,0.5071753056156698,1.5668277346026027,0.011079145160886565,20000,20000,20,,
hopper-medium-replay-v2,2,ensemble,15,85,1,0.5162473794618198,1.5859200771676187,0.011214148409851158,20000,20000,20,,
hopper-medium-replay-v2,2,ensemble,15,86,1,0.5266759226842106,1.5870959768834272,0.011222463276481593,20000,20000,20,,
hopper-medium-replay-v2,2,ensemble,15,87,1,0.5284065144461528,1.5660046518387074,0.011073325086848284,20000,20000,20,,
hopper-medium-replay-v2,2,ensemble,15,88,1,0.5448235407738946,1.6207705687662481,0.011460578599221916,20000,20000,20,,
hopper-medium-replay-v2,2,ensemble,15,89,1,0.5706317394803517,1.699081508846356,0.012014320566939293,20000,20000,20,,
hopper-medium-replay-v2,2,ensemble,15,90,1,0.5788270317686052,1.7372833575502855,0.012284448429663404,20000,20000,20,,
hopper-medium-replay-v2,2,ensemble,15,91,1,0.5872848157987877,1.7757127555377785,0.012556185308802132,20000,20000,20,,
hopper-medium-replay-v2,2,ensemble,15,92,1,0.5895712667001448,1.7740426477226505,0.012544375863188236,20000,20000,20,,
hopper-medium-replay-v2,2,ensemble,15,93,1,0.595303780520153,1.7330147418936879,0.01225426475889281,20000,20000,20,,
hopper-medium-replay-v2,2,ensemble,15,94,1,0.610519635553441,1.722500363601879,0.012179916876991824,20000,20000,20,,
hopper-medium-replay-v2,2,ensemble,15,95,1,0.6205716539823186,1.7420906126184887,0.012318440856239602,20000,20000,20,,
hopper-medium-replay-v2,2,ensemble,15,96,1,0.6313548282674756,1.7704199579322637,0.012518759578019059,20000,20000,20,,
hopper-medium-replay-v2,2,ensemble,15,97,1,0.6430657556746,1.7984001017301259,0.012716609072199488,20000,20000,20,,
hopper-medium-replay-v2,2,ensemble,15,98,1,0.6563739857196342,1.8362330128548923,0.012984128152282991,20000,20000,20,,
hopper-medium-replay-v2,2,ensemble,15,99,1,0.6747512777893886,1.8842306262130628,0.013323522531146315,20000,20000,20,,
hopper-medium-replay-v2,2,ensemble,15,100,1,0.6911384858893297,1.919118961075992,0.013570220312805158,20000,20000,20,,
hopper-medium-replay-v2,2,ensemble,16,1,1,0.005011489523359378,0.03385151732938644,0.00023936637457063078,20000,20000,20,,
hopper-medium-replay-v2,2,ensemble,16,2,1,0.008119215329703344,0.04980334684933617,0.0003521628428295128,20000,20000,20,,
hopper-medium-replay-v2,2,ensemble,16,3,1,0.010503954801427101,0.0628765291605482,0.0004446042014689733,20000,20000,20,,
hopper-medium-replay-v2,2,ensemble,16,4,1,0.014421100409148476,0.09173871018968467,0.0006486906407243345,20000,20000,20,,
hopper-medium-replay-v2,2,ensemble,16,5,1,0.020762351308649375,0.15030384527152782,0.001062808682299109,20000,20000,20,,
hopper-medium-replay-v2,2,ensemble,16,6,1,0.025391404949836077,0.17956975782086182,0.0012697499345115746,20000,20000,20,,
hopper-medium-replay-v2,2,ensemble,16,7,1,0.030178378139195695,0.21464398251638026,0.0015177621557821922,20000,20000,20,,
hopper-medium-replay-v2,2,ensemble,16,8,1,0.034707880331703585,0.23688726068332241,0.001675045884058827,20000,20000,20,,
hopper-medium-replay-v2,2,ensemble,16,9,1,0.03970439091210323,0.2772165194928236,0.001960216807903083,20000,20000,20,,
hopper-medium-replay-v2,2,ensemble,16,10,1,0.044321281578071844,0.310498740091764,0.0021955576466876564,20000,20000,20,,
hopper-medium-replay-v2,2,ensemble,16,11,1,0.04708321399917261,0.3329683227585407,0.0023544415894287516,20000,20000,20,,
hopper-medium-replay-v2,2,ensemble,16,12,1,0.04847780118705024,0.3209458351914959,0.002269429764574868,20000,20000,20,,
hopper-medium-replay-v2,2,ensemble,16,13,1,0.04892742939754391,0.3207668326646999,0.0022681640255693986,20000,20000,20,,
hopper-medium-replay-v2,2,ensemble,16,14,1,0.049952911036833456,0.31666633443909054,0.002239169124553681,20000,20000,20,,
hopper-medium-replay-v2,2,ensemble,16,15,1,0.05096162556695308,0.3111163909153321,0.0021999250975451613,20000,20000,20,,
hopper-medium-replay-v2,2,ensemble,16,16,1,0.05411710603531988,0.32874152595175293,0.002324553622580979,20000,20000,20,,
hopper-medium-replay-v2,2,ensemble,16,17,1,0.059409314235051816,0.3484799264617673,0.0024641251910850503,20000,20000,20,,
hopper-medium-replay-v2,2,ensemble,16,18,1,0.06199527257582862,0.3389546623334234,0.0023967714025076013,20000,20000,20,,
hopper-medium-replay-v2,2,ensemble,16,19,1,0.0654254918863818,0.3327327583156598,0.0023527758972790762,20000,20000,20,,
hopper-medium-replay-v2,2,ensemble,16,20,1,0.07437653508460716,0.38716923717775553,0.002737699930752137,20000,20000,20,,
hopper-medium-replay-v2,2,ensemble,16,21,1,0.07930740554048217,0.41462847292177973,0.002931866048760132,20000,20000,20,,
hopper-medium-replay-v2,2,ensemble,16,22,1,0.08266920505678893,0.4045457664785627,0.002860570547773012,20000,20000,20,,
hopper-medium-replay-v2,2,ensemble,16,23,1,0.08140329793947047,0.3864611124018713,0.0027326927324425976,20000,20000,20,,
hopper-medium-replay-v2,2,ensemble,16,24,1,0.08577743930139438,0.4079947768669381,0.0028849587341130425,20000,20000,20,,
hopper-medium-replay-v2,2,ensemble,16,25,1,0.09068464453066567,0.4371915526072581,0.0030914111152606743,20000,20000,20,,
hopper-medium-replay-v2,2,ensemble,16,26,1,0.09514520415914092,0.45567045549370205,0.0032220766906595963,20000,20000,20,,
hopper-medium-replay-v2,2,ensemble,16,27,1,0.0977922882805894,0.459524579985839,0.003249329466298868,20000,20000,20,,
hopper-medium-replay-v2,2,ensemble,16,28,1,0.10425397164855459,0.48103846509033626,0.003401455606769451,20000,20000,20,,
hopper-medium-replay-v2,2,ensemble,16,29,1,0.10948122559462,0.5245114263254574,0.0037088558636455917,20000,20000,20,,
hopper-medium-replay-v2,2,ensemble,16,30,1,0.11292005433805039,0.5267721213249262,0.0037248413912887805,20000,20000,20,,
hopper-medium-replay-v2,2,ensemble,16,31,1,0.11448558759987723,0.5197007763448636,0.003674839431413663,20000,20000,20,,
hopper-medium-replay-v2,2,ensemble,16,32,1,0.11827604317781183,0.5365493100487928,0.0037939765557646475,20000,20000,20,,
hopper-medium-replay-v2,2,ensemble,16,33,1,0.12043988605980625,0.5296004073623495,0.0037448403936507528,20000,20000,20,,
hopper-medium-replay-v2,2,ensemble,16,34,1,0.1248638199077881,0.5501175836047799,0.0038899187381689735,20000,20000,20,,
hopper-medium-replay-v2,2,ensemble,16,35,1,0.1257634783238682,0.541089056366111,0.0038260774098230715,20000,20000,20,,
hopper-medium-replay-v2,2,ensemble,16,36,1,0.13161292550881049,0.5669582268935655,0.004009000068859413,20000,20000,20,,
hopper-medium-replay-v2,2,ensemble,16,37,1,0.133430444469146,0.5595415527832304,0.003956556263286727,20000,20000,20,,
hopper-medium-replay-v2,2,ensemble,16,38,1,0.1389898819615968,0.5783688026523447,0.00408968502382217,20000,20000,20,,
hopper-medium-replay-v2,2,ensemble,16,39,1,0.14610124937916652,0.6279897482894341,0.00444055809531092,20000,20000,20,,
hopper-medium-replay-v2,2,ensemble,16,40,1,0.15104076625024482,0.635780011649786,0.004495643575804259,20000,20000,20,,
hopper-medium-replay-v2,2,ensemble,16,41,1,0.15615525010094936,0.6388641345090915,0.004517451617682532,20000,20000,20,,
hopper-medium-replay-v2,2,ensemble,16,42,1,0.15789164057100702,0.6312329162861079,0.004463490756140671,20000,20000,20,,
hopper-medium-replay-v2,2,ensemble,16,43,1,0.1629882718726528,0.6412966898342963,0.00453465238134317,20000,20000,20,,
hopper-medium-replay-v2,2,ensemble,16,44,1,0.1712670201901071,0.6748995545681394,0.004772260516549117,20000,20000,20,,
hopper-medium-replay-v2,2,ensemble,16,45,1,0.1798289665036428,0.7223337637397521,0.0051076710262038015,20000,20000,20,,
hopper-medium-replay-v2,2,ensemble,16,46,1,0.18575990143422383,0.7255682561021543,0.005130542341035309,20000,20000,20,,
hopper-medium-replay-v2,2,ensemble,16,47,1,0.1894048668626331,0.744132712264865,0.00526181286945224,20000,20000,20,,
hopper-medium-replay-v2,2,ensemble,16,48,1,0.1887193189862933,0.7388783072810408,0.005224658615500615,20000,20000,20,,
hopper-medium-replay-v2,2,ensemble,16,49,1,0.19632774183595395,0.777033993857261,0.005494460062689353,20000,20000,20,,
hopper-medium-replay-v2,2,ensemble,16,50,1,0.2054348485740728,0.8078939604056641,0.005712672978825012,20000,20000,20,,
hopper-medium-replay-v2,2,ensemble,16,51,1,0.21095414879609475,0.8181332615633888,0.005785075771657397,20000,20000,20,,
hopper-medium-replay-v2,2,ensemble,16,52,1,0.2146850111370442,0.8130925892422012,0.005749432835856885,20000,20000,20,,
hopper-medium-replay-v2,2,ensemble,16,53,1,0.22088613393270826,0.8372499789518119,0.005920251376651203,20000,20000,20,,
hopper-medium-replay-v2,2,ensemble,16,54,1,0.2348479381693547,0.8786551204583344,0.0062130299400037095,20000,20000,20,,
hopper-medium-replay-v2,2,ensemble,16,55,1,0.24083437716689296,0.889548802702464,0.006290059905872865,20000,20000,20,,
hopper-medium-replay-v2,2,ensemble,16,56,1,0.2483785033008816,0.915567839245418,0.0064740422776674985,20000,20000,20,,
hopper-medium-replay-v2,2,ensemble,16,57,1,0.26118217521306236,0.9688605645425685,0.006850878752122769,20000,20000,20,,
hopper-medium-replay-v2,2,ensemble,16,58,1,0.27596893665290007,1.0468301370849662,0.007402206886832227,20000,20000,20,,
hopper-medium-replay-v2,2,ensemble,16,59,1,0.28698178641046823,1.0984595401214308,0.007767281896789201,20000,20000,20,,
hopper-medium-replay-v2,2,ensemble,16,60,1,0.3009737991085433,1.1301484229618282,0.007991356136235911,20000,20000,20,,
hopper-medium-replay-v2,2,ensemble,16,61,1,0.3079187534941473,1.1557992848100493,0.008172735119797476,20000,20000,20,,
hopper-medium-replay-v2,2,ensemble,16,62,1,0.30609068753034663,1.1598090747118988,0.008201088616104787,20000,20000,20,,
hopper-medium-replay-v2,2,ensemble,16,63,1,0.3180839699860199,1.161482700451477,0.008212922937201028,20000,20000,20,,
hopper-medium-replay-v2,2,ensemble,16,64,1,0.3218213839713112,1.1515921251348253,0.008142986008438621,20000,20000,20,,
hopper-medium-replay-v2,2,ensemble,16,65,1,0.33141815815189046,1.1977858568803132,0.00846962501809409,20000,20000,20,,
hopper-medium-replay-v2,2,ensemble,16,66,1,0.3454112222342882,1.2310636042240284,0.008704934226187625,20000,20000,20,,
hopper-medium-replay-v2,2,ensemble,16,67,1,0.3593073488882839,1.2731671670656162,0.009002651374161633,20000,20000,20,,
hopper-medium-replay-v2,2,ensemble,16,68,1,0.3613412873056251,1.278828934227354,0.009042686113697273,20000,20000,20,,
hopper-medium-replay-v2,2,ensemble,16,69,1,0.35482685952810383,1.2466355497338686,0.00881504450885038,20000,20000,20,,
hopper-medium-replay-v2,2,ensemble,16,70,1,0.3601560477545974,1.2447408662207744,0.008801647073247267,20000,20000,20,,
hopper-medium-replay-v2,2,ensemble,16,71,1,0.37227448574507654,1.2887452034431455,0.00911280472576285,20000,20000,20,,
hopper-medium-replay-v2,2,ensemble,16,72,1,0.3763301262317189,1.275899468485514,0.009021971662784187,20000,20000,20,,
hopper-medium-replay-v2,2,ensemble,16,73,1,0.38733303485704207,1.3110259659618393,0.009270353508432604,20000,20000,20,,
hopper-medium-replay-v2,2,ensemble,16,74,1,0.40801000832383244,1.3740095420161234,0.009715714645746233,20000,20000,20,,
hopper-medium-replay-v2,2,ensemble,16,75,1,0.4196035613580918,1.4144168753136648,0.010001437639589798,20000,20000,20,,
hopper-medium-replay-v2,2,ensemble,16,76,1,0.42213648159747647,1.379548085973585,0.009754878065648441,20000,20000,20,,
hopper-medium-replay-v2,2,ensemble,16,77,1,0.4211279804095764,1.380532956420126,0.009761842151361836,20000,20000,20,,
hopper-medium-replay-v2,2,ensemble,16,78,1,0.41896713427978655,1.3755551366028567,0.009726643649878677,20000,20000,20,,
hopper-medium-replay-v2,2,ensemble,16,79,1,0.43333222595383,1.3904685819406095,0.009832097633170476,20000,20000,20,,
hopper-medium-replay-v2,2,ensemble,16,80,1,0.45015874450952653,1.4287958913001162,0.010103112636697893,20000,20000,20,,
hopper-medium-replay-v2,2,ensemble,16,81,1,0.4636949065216735,1.4711356126720023,0.010402499677653991,20000,20000,20,,
hopper-medium-replay-v2,2,ensemble,16,82,1,0.482366400503583,1.5074506930310125,0.010659286073465895,20000,20000,20,,
hopper-medium-replay-v2,2,ensemble,16,83,1,0.492628202402628,1.5297392286169214,0.010816889820021033,20000,20000,20,,
hopper-medium-replay-v2,2,ensemble,16,84,1,0.5098580651615626,1.5824742756108061,0.011189782913376705,20000,20000,20,,
hopper-medium-replay-v2,2,ensemble,16,85,1,0.5137887117469488,1.5868042000455322,0.011220400102674907,20000,20000,20,,
hopper-medium-replay-v2,2,ensemble,16,86,1,0.525280734682008,1.638675272247574,0.011587183971689714,20000,20000,20,,
hopper-medium-replay-v2,2,ensemble,16,87,1,0.5330463938077905,1.6176271717942123,0.011438351426073037,20000,20000,20,,
hopper-medium-replay-v2,2,ensemble,16,88,1,0.5412390872474907,1.6376022777735537,0.01157959675500216,20000,20000,20,,
hopper-medium-replay-v2,2,ensemble,16,89,1,0.5612257218581301,1.6913207091456752,0.011959443425981472,20000,20000,20,,
hopper-medium-replay-v2,2,ensemble,16,90,1,0.5780102516690183,1.7365398658027442,0.012279191149098976,20000,20000,20,,
hopper-medium-replay-v2,2,ensemble,16,91,1,0.5930301724638972,1.7565396911288695,0.012420611270205472,20000,20000,20,,
hopper-medium-replay-v2,2,ensemble,16,92,1,0.5995290100112881,1.7558328518475113,0.012415613161714897,20000,20000,20,,
hopper-medium-replay-v2,2,ensemble,16,93,1,0.5993031546721656,1.7201513004880653,0.012163306492419696,20000,20000,20,,
hopper-medium-replay-v2,2,ensemble,16,94,1,0.6086675460076444,1.710910705141453,0.01209796561610179,20000,20000,20,,
hopper-medium-replay-v2,2,ensemble,16,95,1,0.6220301410044977,1.729296316581988,0.012227971521360423,20000,20000,20,,
hopper-medium-replay-v2,2,ensemble,16,96,1,0.6337779462387643,1.7742243089256067,0.012545660401873123,20000,20000,20,,
hopper-medium-replay-v2,2,ensemble,16,97,1,0.6365903229298634,1.787985326515552,0.012642965490411901,20000,20000,20,,
hopper-medium-replay-v2,2,ensemble,16,98,1,0.640191763961917,1.7953664818852177,0.012695158140560723,20000,20000,20,,
hopper-medium-replay-v2,2,ensemble,16,99,1,0.6536105505102272,1.8625711230782807,0.013170366715708958,20000,20000,20,,
hopper-medium-replay-v2,2,ensemble,16,100,1,0.6773834710565263,1.9902247233174266,0.014073013979428726,20000,20000,20,,
hopper-medium-replay-v2,2,ensemble,17,1,1,0.0051950611791102405,0.0359188707519686,0.0002539847708128014,20000,20000,20,,
hopper-medium-replay-v2,2,ensemble,17,2,1,0.007534639635180221,0.04555691100167456,0.00032213600699196115,20000,20000,20,,
hopper-medium-replay-v2,2,ensemble,17,3,1,0.010235993932032622,0.06110801465169339,0.00043209891545059294,20000,20000,20,,
hopper-medium-replay-v2,2,ensemble,17,4,1,0.013589416516927008,0.08315868527400641,0.0005880207027180783,20000,20000,20,,
hopper-medium-replay-v2,2,ensemble,17,5,1,0.019383641900021186,0.14148134554773642,0.0010004241884820158,20000,20000,20,,
hopper-medium-replay-v2,2,ensemble,17,6,1,0.02512487034197018,0.1684601824240133,0.0011911933735194264,20000,20000,20,,
hopper-medium-replay-v2,2,ensemble,17,7,1,0.029763842356277086,0.21904230403380565,0.0015488629854902942,20000,20000,20,,
hopper-medium-replay-v2,2,ensemble,17,8,1,0.03415485598456443,0.2352912664721763,0.0016637605007644681,20000,20000,20,,
hopper-medium-replay-v2,2,ensemble,17,9,1,0.03831382859301304,0.26372609901677885,0.001864825129906392,20000,20000,20,,
hopper-medium-replay-v2,2,ensemble,17,10,1,0.041676399111379984,0.27465507170069803,0.0019421046368684098,20000,20000,20,,
hopper-medium-replay-v2,2,ensemble,17,11,1,0.04485387085786141,0.3038420297020403,0.0021484875961179707,20000,20000,20,,
hopper-medium-replay-v2,2,ensemble,17,12,1,0.04762959755630868,0.316646559163343,0.0022390292922378715,20000,20000,20,,
hopper-medium-replay-v2,2,ensemble,17,13,1,0.05089611594828417,0.34111563619481144,0.0024120517952211447,20000,20000,20,,
hopper-medium-replay-v2,2,ensemble,17,14,1,0.05246260698088868,0.3328737596793217,0.002353772927483095,20000,20000,20,,
hopper-medium-replay-v2,2,ensemble,17,15,1,0.055174837111644046,0.35161193829334775,0.0024862718591337207,20000,20000,20,,
hopper-medium-replay-v2,2,ensemble,17,16,1,0.058286182381991486,0.36007602360858604,0.0025461219803631857,20000,20000,20,,
hopper-medium-replay-v2,2,ensemble,17,17,1,0.06134578332238369,0.37820422422556116,0.0026743077162329184,20000,20000,20,,
hopper-medium-replay-v2,2,ensemble,17,18,1,0.0671327336742279,0.4118942617702018,0.002912532256295366,20000,20000,20,,
hopper-medium-replay-v2,2,ensemble,17,19,1,0.07031894356057994,0.39175787954709707,0.00277014653211015,20000,20000,20,,
hopper-medium-replay-v2,2,ensemble,17,20,1,0.07639100197747523,0.4228962742080728,0.0029903282323105393,20000,20000,20,,
hopper-medium-replay-v2,2,ensemble,17,21,1,0.078868897412089,0.4087728511768822,0.002890460550321328,20000,20000,20,,
hopper-medium-replay-v2,2,ensemble,17,22,1,0.07833764547763715,0.3709185162714013,0.0026227899812316063,20000,20000,20,,
hopper-medium-replay-v2,2,ensemble,17,23,1,0.08158600065243783,0.39672652520031715,0.0028052801624572,20000,20000,20,,
hopper-medium-replay-v2,2,ensemble,17,24,1,0.08277343323883986,0.42860055544277953,0.0030306635917391024,20000,20000,20,,
hopper-medium-replay-v2,2,ensemble,17,25,1,0.08657723167969197,0.44328470475220455,0.003134496207265604,20000,20000,20,,
hopper-medium-replay-v2,2,ensemble,17,26,1,0.09379729969224547,0.466086444331176,0.003295728854057008,20000,20000,20,,
hopper-medium-replay-v2,2,ensemble,17,27,1,0.09843776521539266,0.45825817788023393,0.0032403746511330453,20000,20000,20,,
hopper-medium-replay-v2,2,ensemble,17,28,1,0.10109141047664469,0.4575811553364502,0.003235587378815789,20000,20000,20,,
hopper-medium-replay-v2,2,ensemble,17,29,1,0.10317324070747962,0.47166723541315636,0.0033351910062415454,20000,20000,20,,
hopper-medium-replay-v2,2,ensemble,17,30,1,0.10602287581129294,0.4829776579761367,0.0034151677711652326,20000,20000,20,,
hopper-medium-replay-v2,2,ensemble,17,31,1,0.10953886002861622,0.5054127772694562,0.0035738080210555865,20000,20000,20,,
hopper-medium-replay-v2,2,ensemble,17,32,1,0.11454463106076068,0.5378118044033054,0.003802903738957504,20000,20000,20,,
hopper-medium-replay-v2,2,ensemble,17,33,1,0.11806161309202878,0.5529822490968296,0.003910174982121568,20000,20000,20,,
hopper-medium-replay-v2,2,ensemble,17,34,1,0.12451819754312651,0.5778017632537245,0.004085675449782527,20000,20000,20,,
hopper-medium-replay-v2,2,ensemble,17,35,1,0.13151912810962382,0.6135859529106078,0.004338707881439004,20000,20000,20,,
hopper-medium-replay-v2,2,ensemble,17,36,1,0.13646316578737416,0.6222675925337688,0.0044000963439325535,20000,20000,20,,
hopper-medium-replay-v2,2,ensemble,17,37,1,0.14283248788899053,0.6334041012332278,0.004478843352133857,20000,20000,20,,
hopper-medium-replay-v2,2,ensemble,17,38,1,0.14523811215576762,0.6381085765477867,0.0045121090161023515,20000,20000,20,,
hopper-medium-replay-v2,2,ensemble,17,39,1,0.146683325918766,0.6179173643089118,0.004369335585157498,20000,20000,20,,
hopper-medium-replay-v2,2,ensemble,17,40,1,0.15374575312136485,0.650612241633763,0.004600523279822144,20000,20000,20,,
hopper-medium-replay-v2,2,ensemble,17,41,1,0.16056367400208854,0.6885136702204998,0.0048685268515255365,20000,20000,20,,
hopper-medium-replay-v2,2,ensemble,17,42,1,0.16618336322937372,0.713689778903704,0.005046548823263369,20000,20000,20,,
hopper-medium-replay-v2,2,ensemble,17,43,1,0.170903914344214,0.6909174585354255,0.004885524201705746,20000,20000,20,,
hopper-medium-replay-v2,2,ensemble,17,44,1,0.17585521912823446,0.7126233957093958,0.005039008355382982,20000,20000,20,,
hopper-medium-replay-v2,2,ensemble,17,45,1,0.17269308954441775,0.6647784584053312,0.0047006935592514894,20000,20000,20,,
hopper-medium-replay-v2,2,ensemble,17,46,1,0.18068374375967758,0.6943105596944606,0.004909517050093803,20000,20000,20,,
hopper-medium-replay-v2,2,ensemble,17,47,1,0.1891069631495661,0.743726776318818,0.005258942468850468,20000,20000,20,,
hopper-medium-replay-v2,2,ensemble,17,48,1,0.1892230867548423,0.7295433617928782,0.00515865058293375,20000,20000,20,,
hopper-medium-replay-v2,2,ensemble,17,49,1,0.1891564504012323,0.7313081778897649,0.005171129717230307,20000,20000,20,,
hopper-medium-replay-v2,2,ensemble,17,50,1,0.19435411186649867,0.7621528921920655,0.005389234783699492,20000,20000,20,,
hopper-medium-replay-v2,2,ensemble,17,51,1,0.20471569947503654,0.8067941615988282,0.005704896226882467,20000,20000,20,,
hopper-medium-replay-v2,2,ensemble,17,52,1,0.20589136588091256,0.8010098826349562,0.005663995198086181,20000,20000,20,,
hopper-medium-replay-v2,2,ensemble,17,53,1,0.21693639021424074,0.8339031324079726,0.005896585597783809,20000,20000,20,,
hopper-medium-replay-v2,2,ensemble,17,54,1,0.2277944228488106,0.8934689438238563,0.0063177794895743124,20000,20000,20,,
hopper-medium-replay-v2,2,ensemble,17,55,1,0.23227967079271453,0.9005815858700168,0.006368073463804239,20000,20000,20,,
hopper-medium-replay-v2,2,ensemble,17,56,1,0.23808485836662238,0.9127005904577286,0.006453767767056258,20000,20000,20,,
hopper-medium-replay-v2,2,ensemble,17,57,1,0.2519419108895709,0.9650630708727986,0.006824026416868696,20000,20000,20,,
hopper-medium-replay-v2,2,ensemble,17,58,1,0.2626001379936423,0.9966333611459355,0.007047262080230324,20000,20000,20,,
hopper-medium-replay-v2,2,ensemble,17,59,1,0.2729184691728522,1.0385396202207413,0.007343584079889879,20000,20000,20,,
hopper-medium-replay-v2,2,ensemble,17,60,1,0.28570525521960455,1.0900641824758468,0.0077079177535724136,20000,20000,20,,
hopper-medium-replay-v2,2,ensemble,17,61,1,0.2915714563438481,1.0912786818262576,0.007716505560836635,20000,20000,20,,
hopper-medium-replay-v2,2,ensemble,17,62,1,0.3052377045165665,1.1268213099284954,0.007967829894359475,20000,20000,20,,
hopper-medium-replay-v2,2,ensemble,17,63,1,0.32203657505952493,1.179659875968378,0.008341454977909217,20000,20000,20,,
hopper-medium-replay-v2,2,ensemble,17,64,1,0.3310170827389408,1.2077432919089228,0.008540034716413632,20000,20000,20,,
hopper-medium-replay-v2,2,ensemble,17,65,1,0.33103114462505456,1.1999252319463216,0.00848475268426085,20000,20000,20,,
hopper-medium-replay-v2,2,ensemble,17,66,1,0.33683446538272954,1.2061928983041703,0.008529071778099345,20000,20000,20,,
hopper-medium-replay-v2,2,ensemble,17,67,1,0.3493640492164901,1.2391732098287607,0.008762277797346172,20000,20000,20,,
hopper-medium-replay-v2,2,ensemble,17,68,1,0.3601831731041148,1.2956334596121242,0.009161512052239197,20000,20000,20,,
hopper-medium-replay-v2,2,ensemble,17,69,1,0.3630102983116674,1.293751634962827,0.009148205542533979,20000,20000,20,,
hopper-medium-replay-v2,2,ensemble,17,70,1,0.3634027904707895,1.2873802754512191,0.009103153227373624,20000,20000,20,,
hopper-medium-replay-v2,2,ensemble,17,71,1,0.363981917803802,1.2667527267578025,0.008957294431769918,20000,20000,20,,
hopper-medium-replay-v2,2,ensemble,17,72,1,0.36652181938700035,1.2686808351285381,0.008970928216808016,20000,20000,20,,
hopper-medium-replay-v2,2,ensemble,17,73,1,0.3828183668590714,1.2954009996203606,0.009159868311873893,20000,20000,20,,
hopper-medium-replay-v2,2,ensemble,17,74,1,0.3985912457831882,1.3420905413674964,0.009490013227672813,20000,20000,20,,
hopper-medium-replay-v2,2,ensemble,17,75,1,0.4129353214427202,1.372516704020792,0.009705158687049116,20000,20000,20,,
hopper-medium-replay-v2,2,ensemble,17,76,1,0.4213361462911441,1.3961948903439385,0.00987258874820207,20000,20000,20,,
hopper-medium-replay-v2,2,ensemble,17,77,1,0.43031404580753113,1.413157855691069,0.009992535026461954,20000,20000,20,,
hopper-medium-replay-v2,2,ensemble,17,78,1,0.4348003251935185,1.4097605935182016,0.009968512755262924,20000,20000,20,,
hopper-medium-replay-v2,2,ensemble,17,79,1,0.4455571350585625,1.4503354697340005,0.010255420456442885,20000,20000,20,,
hopper-medium-replay-v2,2,ensemble,17,80,1,0.45449230455250855,1.4557829184468534,0.010293939735693126,20000,20000,20,,
hopper-medium-replay-v2,2,ensemble,17,81,1,0.465838197155111,1.4865208204986156,0.010511289525495616,20000,20000,20,,
hopper-medium-replay-v2,2,ensemble,17,82,1,0.46984787522463173,1.4913421621746092,0.01054538155943074,20000,20000,20,,
hopper-medium-replay-v2,2,ensemble,17,83,1,0.4805263374078777,1.4890385353600937,0.01052909245801207,20000,20000,20,,
hopper-medium-replay-v2,2,ensemble,17,84,1,0.5003916151467538,1.5273550922500887,0.010800031430098425,20000,20000,20,,
hopper-medium-replay-v2,2,ensemble,17,85,1,0.515534606224375,1.5657092610192638,0.011071236358332995,20000,20000,20,,
hopper-medium-replay-v2,2,ensemble,17,86,1,0.525833405484208,1.602807909030759,0.011333563414150807,20000,20000,20,,
hopper-medium-replay-v2,2,ensemble,17,87,1,0.5361998488115846,1.61520682390926,0.011421236982050236,20000,20000,20,,
hopper-medium-replay-v2,2,ensemble,17,88,1,0.5502099232816561,1.644147692058176,0.011625879823265477,20000,20000,20,,
hopper-medium-replay-v2,2,ensemble,17,89,1,0.560434302577897,1.659926580407636,0.011737453412780362,20000,20000,20,,
hopper-medium-replay-v2,2,ensemble,17,90,1,0.5675024950879904,1.6590498520752999,0.01173125400728983,20000,20000,20,,
hopper-medium-replay-v2,2,ensemble,17,91,1,0.5797487529087862,1.696330531014906,0.01199486821614417,20000,20000,20,,
hopper-medium-replay-v2,2,ensemble,17,92,1,0.592848614092468,1.7041197387716072,0.012049946232392514,20000,20000,20,,
hopper-medium-replay-v2,2,ensemble,17,93,1,0.6098944528499283,1.7210293252909852,0.01216951506534164,20000,20000,20,,
hopper-medium-replay-v2,2,ensemble,17,94,1,0.6254910713722449,1.7760162909827055,0.012558331628516516,20000,20000,20,,
hopper-medium-replay-v2,2,ensemble,17,95,1,0.6371978460737113,1.8414629676068155,0.01302110951698683,20000,20000,20,,
hopper-medium-replay-v2,2,ensemble,17,96,1,0.6446375002867247,1.834637823117444,0.012972848457476703,20000,20000,20,,
hopper-medium-replay-v2,2,ensemble,17,97,1,0.6587055573892636,1.865526826063689,0.013191266691950514,20000,20000,20,,
hopper-medium-replay-v2,2,ensemble,17,98,1,0.671879768251547,1.881298288223245,0.013302787770373005,20000,20000,20,,
hopper-medium-replay-v2,2,ensemble,17,99,1,0.6767171507809,1.8684623946261074,0.013212024296321755,20000,20000,20,,
hopper-medium-replay-v2,2,ensemble,17,100,1,0.6791838804167938,1.8555569186106327,0.01312076880027193,20000,20000,20,,
hopper-medium-replay-v2,2,ensemble,18,1,1,0.004910398235769207,0.03173449936651003,0.00022439679699619438,20000,20000,20,,
hopper-medium-replay-v2,2,ensemble,18,2,1,0.007062203222756222,0.041925126231183385,0.0002964554106017177,20000,20000,20,,
hopper-medium-replay-v2,2,ensemble,18,3,1,0.010053685116671582,0.05998313468344239,0.0004241448129148811,20000,20000,20,,
hopper-medium-replay-v2,2,ensemble,18,4,1,0.014093872946389103,0.08622752218435882,0.0006097206566147358,20000,20000,20,,
hopper-medium-replay-v2,2,ensemble,18,5,1,0.018396929513927258,0.1179680667929416,0.0008341601999275657,20000,20000,20,,
hopper-medium-replay-v2,2,ensemble,18,6,1,0.024422594053086867,0.1719443083506898,0.0012158298642120347,20000,20000,20,,
hopper-medium-replay-v2,2,ensemble,18,7,1,0.02817780528668339,0.19234808397743533,0.0013601063452868402,20000,20000,20,,
hopper-medium-replay-v2,2,ensemble,18,8,1,0.03406930816158555,0.24136992917249767,0.0017067431369238977,20000,20000,20,,
hopper-medium-replay-v2,2,ensemble,18,9,1,0.03919258531040112,0.28239511456939165,0.0019968350048596884,20000,20000,20,,
hopper-medium-replay-v2,2,ensemble,18,10,1,0.04366111947049814,0.3184026951319864,0.002251447048759005,20000,20000,20,,
hopper-medium-replay-v2,2,ensemble,18,11,1,0.04593314603183231,0.3194084775877329,0.002258559004707573,20000,20000,20,,
hopper-medium-replay-v2,2,ensemble,18,12,1,0.04745680264531316,0.3131305981892339,0.002214167693766073,20000,20000,20,,
hopper-medium-replay-v2,2,ensemble,18,13,1,0.04830295618314882,0.3046852399289143,0.002154449992811855,20000,20000,20,,
hopper-medium-replay-v2,2,ensemble,18,14,1,0.051544218103476556,0.32892752460443714,0.0023258688316670243,20000,20000,20,,
hopper-medium-replay-v2,2,ensemble,18,15,1,0.0524952868860497,0.31966393042425834,0.002260365329037378,20000,20000,20,,
hopper-medium-replay-v2,2,ensemble,18,16,1,0.055624390023813315,0.32119384047480015,0.0022711834267508135,20000,20000,20,,
hopper-medium-replay-v2,2,ensemble,18,17,1,0.05970108788219594,0.34225479474003767,0.0024201068625429056,20000,20000,20,,
hopper-medium-replay-v2,2,ensemble,18,18,1,0.06812510087251353,0.3911051936254884,0.002765531345698605,20000,20000,20,,
hopper-medium-replay-v2,2,ensemble,18,19,1,0.0724126500959484,0.38713547580921476,0.0027374612018257636,20000,20000,20,,
hopper-medium-replay-v2,2,ensemble,18,20,1,0.07486382669614071,0.3984812263493639,0.0028176877732716678,20000,20000,20,,
hopper-medium-replay-v2,2,ensemble,18,21,1,0.07822780971277704,0.422402522906965,0.002986836883378209,20000,20000,20,,
hopper-medium-replay-v2,2,ensemble,18,22,1,0.08342584490529041,0.43668335082895865,0.0030878175860242084,20000,20000,20,,
hopper-medium-replay-v2,2,ensemble,18,23,1,0.08681342842290962,0.4391211389503127,0.0031050553511412626,20000,20000,20,,
hopper-medium-replay-v2,2,ensemble,18,24,1,0.086797246060535,0.4296253734818511,0.0030379101495882003,20000,20000,20,,
hopper-medium-replay-v2,2,ensemble,18,25,1,0.08957743940538634,0.45051031382732576,0.003185588979017817,20000,20000,20,,
hopper-medium-replay-v2,2,ensemble,18,26,1,0.09557740660333149,0.4616993838973944,0.0032647076522349864,20000,20000,20,,
hopper-medium-replay-v2,2,ensemble,18,27,1,0.09648416415559984,0.4540272771974428,0.003210457665499761,20000,20000,20,,
hopper-medium-replay-v2,2,ensemble,18,28,1,0.10076214890137629,0.46814635733236576,0.0033102946385749643,20000,20000,20,,
hopper-medium-replay-v2,2,ensemble,18,29,1,0.10620769734161345,0.4943322870855496,0.003495457123576473,20000,20000,20,,
hopper-medium-replay-v2,2,ensemble,18,30,1,0.11119197709371201,0.5110382723775481,0.003613586278440221,20000,20000,20,,
hopper-medium-replay-v2,2,ensemble,18,31,1,0.1148665840233958,0.5226459909981251,0.0036956652439473756,20000,20000,20,,
hopper-medium-replay-v2,2,ensemble,18,32,1,0.11894874041864882,0.5290418587294892,0.003740890858391573,20000,20000,20,,
hopper-medium-replay-v2,2,ensemble,18,33,1,0.12066897184690195,0.5405818976651863,0.003822491256257455,20000,20000,20,,
hopper-medium-replay-v2,2,ensemble,18,34,1,0.12333276599761339,0.5459160875379715,0.0038602096745692853,20000,20000,20,,
hopper-medium-replay-v2,2,ensemble,18,35,1,0.1264456545457932,0.574442337434736,0.004061920722007528,20000,20000,20,,
hopper-medium-replay-v2,2,ensemble,18,36,1,0.13175367049682904,0.5679169211970757,0.004015779061290384,20000,20000,20,,
hopper-medium-replay-v2,2,ensemble,18,37,1,0.13207922289326612,0.5460733943506947,0.0038613220017093192,20000,20000,20,,
hopper-medium-replay-v2,2,ensemble,18,38,1,0.13683995973543342,0.5605689193922617,0.003963820842246834,20000,20000,20,,
hopper-medium-replay-v2,2,ensemble,18,39,1,0.14754042593151304,0.6219646955187342,0.004397954538599233,20000,20000,20,,
hopper-medium-replay-v2,2,ensemble,18,40,1,0.1532245968625896,0.655631056999188,0.004636011663606296,20000,20000,20,,
hopper-medium-replay-v2,2,ensemble,18,41,1,0.15139220513462465,0.6397006974584615,0.0045233670110264215,20000,20000,20,,
hopper-medium-replay-v2,2,ensemble,18,42,1,0.15340089350938693,0.6222024453752458,0.0043996356839568875,20000,20000,20,,
hopper-medium-replay-v2,2,ensemble,18,43,1,0.1608181830433306,0.6225734929786174,0.004402259386721758,20000,20000,20,,
hopper-medium-replay-v2,2,ensemble,18,44,1,0.1708847750173157,0.6766324991104533,0.004784514284922021,20000,20000,20,,
hopper-medium-replay-v2,2,ensemble,18,45,1,0.17308996934649176,0.6756790509988683,0.004777772388669908,20000,20000,20,,
hopper-medium-replay-v2,2,ensemble,18,46,1,0.17623220500677167,0.6915457389279357,0.004889966814966051,20000,20000,20,,
hopper-medium-replay-v2,2,ensemble,18,47,1,0.1842160426740703,0.7289496551060566,0.0051544524426908765,20000,20000,20,,
hopper-medium-replay-v2,2,ensemble,18,48,1,0.19244894359028458,0.7660780829294256,0.005416990073577871,20000,20000,20,,
hopper-medium-replay-v2,2,ensemble,18,49,1,0.1993175055032751,0.802359321407561,0.00567353717115523,20000,20000,20,,
hopper-medium-replay-v2,2,ensemble,18,50,1,0.2022933607406328,0.7935538701871478,0.005611273228461615,20000,20000,20,,
hopper-medium-replay-v2,2,ensemble,18,51,1,0.20690744829209415,0.8293634744770906,0.005864485368711868,20000,20000,20,,
hopper-medium-replay-v2,2,ensemble,18,52,1,0.21054770665060515,0.8260451791219917,0.0058410214772361664,20000,20000,20,,
hopper-medium-replay-v2,2,ensemble,18,53,1,0.2211503200451535,0.8643690114626241,0.006112011894527342,20000,20000,20,,
hopper-medium-replay-v2,2,ensemble,18,54,1,0.22827694151802516,0.8754061115522268,0.006190055977707268,20000,20000,20,,
hopper-medium-replay-v2,2,ensemble,18,55,1,0.23840104820872351,0.9086825569510245,0.006425355979660006,20000,20000,20,,
hopper-medium-replay-v2,2,ensemble,18,56,1,0.24876051999234305,0.9443203497082757,0.006677353228911737,20000,20000,20,,
hopper-medium-replay-v2,2,ensemble,18,57,1,0.2586917206239458,1.006206405497817,0.007114953726008474,20000,20000,20,,
hopper-medium-replay-v2,2,ensemble,18,58,1,0.2665331834781096,1.0513816490988592,0.007434390936928985,20000,20000,20,,
hopper-medium-replay-v2,2,ensemble,18,59,1,0.27774284499956686,1.0769986363774047,0.007615530391111275,20000,20000,20,,
hopper-medium-replay-v2,2,ensemble,18,60,1,0.29132906684142046,1.0945753265606906,0.00773981635930544,20000,20000,20,,
hopper-medium-replay-v2,2,ensemble,18,61,1,0.29894282376176295,1.1179746142626668,0.007905274309395463,20000,20000,20,,
hopper-medium-replay-v2,2,ensemble,18,62,1,0.3073820286061443,1.14938137707196,0.00812735365897115,20000,20000,20,,
hopper-medium-replay-v2,2,ensemble,18,63,1,0.32015797715984656,1.1940527568597978,0.008443228014700549,20000,20000,20,,
hopper-medium-replay-v2,2,ensemble,18,64,1,0.3278946693888096,1.2099262064221112,0.008555470252963894,20000,20000,20,,
hopper-medium-replay-v2,2,ensemble,18,65,1,0.3379948267597206,1.2172993760781718,0.008607606435590286,20000,20000,20,,
hopper-medium-replay-v2,2,ensemble,18,66,1,0.3494494612375572,1.2421895908715843,0.008783606832246403,20000,20000,20,,
hopper-medium-replay-v2,2,ensemble,18,67,1,0.35433812448535484,1.2497256447132108,0.008836894779994414,20000,20000,20,,
hopper-medium-replay-v2,2,ensemble,18,68,1,0.3579177332535348,1.2578855959125652,0.008894594348266562,20000,20000,20,,
hopper-medium-replay-v2,2,ensemble,18,69,1,0.3586830745334458,1.239562793973516,0.008765032573252165,20000,20000,20,,
hopper-medium-replay-v2,2,ensemble,18,70,1,0.37185203428766833,1.261849169142898,0.008922621043355538,20000,20000,20,,
hopper-medium-replay-v2,2,ensemble,18,71,1,0.3752184302106765,1.2652199203938803,0.008946455854028165,20000,20000,20,,
hopper-medium-replay-v2,2,ensemble,18,72,1,0.3839597187846436,1.3035902605911422,0.009217775131527352,20000,20000,20,,
hopper-medium-replay-v2,2,ensemble,18,73,1,0.39699384525357634,1.3456568925884487,0.009515231138997096,20000,20000,20,,
hopper-medium-replay-v2,2,ensemble,18,74,1,0.40842357774432575,1.3688210139051513,0.00967902621162978,20000,20000,20,,
hopper-medium-replay-v2,2,ensemble,18,75,1,0.4144305948889997,1.3923484066561307,0.009845390001208347,20000,20000,20,,
hopper-medium-replay-v2,2,ensemble,18,76,1,0.41910901097264697,1.407529994168467,0.009952740035999845,20000,20000,20,,
hopper-medium-replay-v2,2,ensemble,18,77,1,0.4229362182712629,1.400205861908192,0.00990095060012437,20000,20000,20,,
hopper-medium-replay-v2,2,ensemble,18,78,1,0.43368742135203636,1.4159585165998179,0.010012338689665758,20000,20000,20,,
hopper-medium-replay-v2,2,ensemble,18,79,1,0.4477485853427447,1.4553065977783943,0.01029057163994626,20000,20000,20,,
hopper-medium-replay-v2,2,ensemble,18,80,1,0.46207540676196424,1.4962623896936291,0.010580172821867536,20000,20000,20,,
hopper-medium-replay-v2,2,ensemble,18,81,1,0.4754420366487973,1.5610392505569406,0.011038214397671787,20000,20000,20,,
hopper-medium-replay-v2,2,ensemble,18,82,1,0.47807864476330414,1.547062310631874,0.01093938250765927,20000,20000,20,,
hopper-medium-replay-v2,2,ensemble,18,83,1,0.4898599107841243,1.5842227999322964,0.01120214684742466,20000,20000,20,,
hopper-medium-replay-v2,2,ensemble,18,84,1,0.5017395557346983,1.5708366667383755,0.01110749259187178,20000,20000,20,,
hopper-medium-replay-v2,2,ensemble,18,85,1,0.5151994331120267,1.5816433871474707,0.011183907644708363,20000,20000,20,,
hopper-medium-replay-v2,2,ensemble,18,86,1,0.532194787341689,1.6279138348342796,0.011511089117987164,20000,20000,20,,
hopper-medium-replay-v2,2,ensemble,18,87,1,0.5495180466669654,1.721155655764661,0.012170408356687708,20000,20000,20,,
hopper-medium-replay-v2,2,ensemble,18,88,1,0.5515383674570606,1.7868477263319076,0.01263492144237056,20000,20000,20,,
hopper-medium-replay-v2,2,ensemble,18,89,1,0.5618383685525712,1.7419177396380587,0.012317218459672142,20000,20000,20,,
hopper-medium-replay-v2,2,ensemble,18,90,1,0.5756910650525122,1.7072260359882345,0.012071911070655094,20000,20000,20,,
hopper-medium-replay-v2,2,ensemble,18,91,1,0.5860056856056843,1.6968112701348004,0.01199826755506076,20000,20000,20,,
hopper-medium-replay-v2,2,ensemble,18,92,1,0.5886857975941712,1.7040416725855352,0.012049394221096984,20000,20000,20,,
hopper-medium-replay-v2,2,ensemble,18,93,1,0.6018941880009394,1.8767067034259057,0.013270320362907088,20000,20000,20,,
hopper-medium-replay-v2,2,ensemble,18,94,1,0.627120194788724,1.9453990185055001,0.01375604838098893,20000,20000,20,,
hopper-medium-replay-v2,2,ensemble,18,95,1,0.6464364162633452,1.9555570764748087,0.013827876697726772,20000,20000,20,,
hopper-medium-replay-v2,2,ensemble,18,96,1,0.6490664193402513,1.9585860564856061,0.013849294820783904,20000,20000,20,,
hopper-medium-replay-v2,2,ensemble,18,97,1,0.6524630102156933,1.9163290463390035,0.01355049263651059,20000,20000,20,,
hopper-medium-replay-v2,2,ensemble,18,98,1,0.6602350953688402,1.9498992476630725,0.013787869806531058,20000,20000,20,,
hopper-medium-replay-v2,2,ensemble,18,99,1,0.6699558244939593,1.9350247641760914,0.013682691325128142,20000,20000,20,,
hopper-medium-replay-v2,2,ensemble,18,100,1,0.6838556725174836,1.8931947770974349,0.013386908649925505,20000,20000,20,,
hopper-medium-replay-v2,2,ensemble,19,1,1,0.005126027418691812,0.03488257934221784,0.0002466570839816001,20000,20000,20,,
hopper-medium-replay-v2,2,ensemble,19,2,1,0.0073391304361723544,0.04458186972249895,0.00031524142398754235,20000,20000,20,,
hopper-medium-replay-v2,2,ensemble,19,3,1,0.009982773855874203,0.06034977611234849,0.0004267373593213154,20000,20000,20,,
hopper-medium-replay-v2,2,ensemble,19,4,1,0.013881787509875019,0.0845282185558196,0.000597704765424386,20000,20000,20,,
hopper-medium-replay-v2,2,ensemble,19,5,1,0.019682297567852974,0.15256295116077678,0.0010787829732361732,20000,20000,20,,
hopper-medium-replay-v2,2,ensemble,19,6,1,0.02731684906228171,0.20226673253573652,0.0014302417818446496,20000,20000,20,,
hopper-medium-replay-v2,2,ensemble,19,7,1,0.03141061318101992,0.23096423866592275,0.0016331637937226217,20000,20000,20,,
hopper-medium-replay-v2,2,ensemble,19,8,1,0.035027990676908524,0.23194104217334718,0.0016400708375624879,20000,20000,20,,
hopper-medium-replay-v2,2,ensemble,19,9,1,0.04015983270359602,0.27558265550396915,0.0019486636448425281,20000,20000,20,,
hopper-medium-replay-v2,2,ensemble,19,10,1,0.04329707213880086,0.3016520498061017,0.002133002099767167,20000,20000,20,,
hopper-medium-replay-v2,2,ensemble,19,11,1,0.0468778054841424,0.33239547813664866,0.0023503909662616904,20000,20000,20,,
hopper-medium-replay-v2,2,ensemble,19,12,1,0.04983979219282892,0.3444386973945096,0.0024355493863071893,20000,20000,20,,
hopper-medium-replay-v2,2,ensemble,19,13,1,0.05221883016990743,0.35819926753555636,0.0025328513109044624,20000,20000,20,,
hopper-medium-replay-v2,2,ensemble,19,14,1,0.054692968417088345,0.3807347519995145,0.0026922012497223513,20000,20000,20,,
hopper-medium-replay-v2,2,ensemble,19,15,1,0.05683000385434413,0.3814683682822533,0.002697388700205486,20000,20000,20,,
hopper-medium-replay-v2,2,ensemble,19,16,1,0.05823923099012069,0.3725509962014661,0.0026343333575186037,20000,20000,20,,
hopper-medium-replay-v2,2,ensemble,19,17,1,0.06325154207786514,0.396471742206159,0.0028034785746281973,20000,20000,20,,
hopper-medium-replay-v2,2,ensemble,19,18,1,0.07013784722822873,0.43831100039365234,0.0030993268064701106,20000,20000,20,,
hopper-medium-replay-v2,2,ensemble,19,19,1,0.0713496500047485,0.39936484078598883,0.002823935870872586,20000,20000,20,,
hopper-medium-replay-v2,2,ensemble,19,20,1,0.07323153015081975,0.38766665123097954,0.002741217179253059,20000,20000,20,,
hopper-medium-replay-v2,2,ensemble,19,21,1,0.07643567400237739,0.401374949140687,0.002838149483357854,20000,20000,20,,
hopper-medium-replay-v2,2,ensemble,19,22,1,0.08135559311972768,0.41356777171634557,0.00292436575860838,20000,20000,20,,
hopper-medium-replay-v2,2,ensemble,19,23,1,0.08493131162218732,0.4238601161909267,0.002997143624331222,20000,20000,20,,
hopper-medium-replay-v2,2,ensemble,19,24,1,0.08642302205907518,0.4081890969255713,0.002886332784424844,20000,20000,20,,
hopper-medium-replay-v2,2,ensemble,19,25,1,0.09057391937083806,0.4386138501467837,0.0031014682776113094,20000,20000,20,,
hopper-medium-replay-v2,2,ensemble,19,26,1,0.09338491318123167,0.4322894589360023,0.003056748078491108,20000,20000,20,,
hopper-medium-replay-v2,2,ensemble,19,27,1,0.09963398885551861,0.47133127342032455,0.0033328153962080224,20000,20000,20,,
hopper-medium-replay-v2,2,ensemble,19,28,1,0.10009248164742948,0.45933943319354903,0.0032480202807754362,20000,20000,20,,
hopper-medium-replay-v2,2,ensemble,19,29,1,0.1038314331145888,0.479769432295001,0.003392482189818154,20000,20000,20,,
hopper-medium-replay-v2,2,ensemble,19,30,1,0.1084502538824514,0.49667766562409976,0.003512041454267055,20000,20000,20,,
hopper-medium-replay-v2,2,ensemble,19,31,1,0.11168196137205921,0.5128168851371566,0.0036261629698744625,20000,20000,20,,
hopper-medium-replay-v2,2,ensemble,19,32,1,0.11486273757497324,0.5215164424095537,0.0036876781292807903,20000,20000,20,,
hopper-medium-replay-v2,2,ensemble,19,33,1,0.12074489135189642,0.549298787048903,0.003884128972198246,20000,20000,20,,
hopper-medium-replay-v2,2,ensemble,19,34,1,0.12713520691175614,0.5698084626238732,0.0040291542789882215,20000,20000,20,,
hopper-medium-replay-v2,2,ensemble,19,35,1,0.1259465044686202,0.5574311120393731,0.003941633193673988,20000,20000,20,,
hopper-medium-replay-v2,2,ensemble,19,36,1,0.12548440349334092,0.5182619871033236,0.0036646656551197515,20000,20000,20,,
hopper-medium-replay-v2,2,ensemble,19,37,1,0.13421365494419038,0.5711782223706163,0.004038839943043405,20000,20000,20,,
hopper-medium-replay-v2,2,ensemble,19,38,1,0.1397141998098368,0.5877280110116826,0.004155864620796426,20000,20000,20,,
hopper-medium-replay-v2,2,ensemble,19,39,1,0.1492298957303753,0.6237897767175387,0.00441085981151814,20000,20000,20,,
hopper-medium-replay-v2,2,ensemble,19,40,1,0.15389849709879969,0.6466854086997501,0.004572756377859873,20000,20000,20,,
hopper-medium-replay-v2,2,ensemble,19,41,1,0.15604479927259848,0.6566027957001493,0.004642882893856209,20000,20000,20,,
hopper-medium-replay-v2,2,ensemble,19,42,1,0.15842844936423667,0.6415049268628542,0.004536124839493044,20000,20000,20,,
hopper-medium-replay-v2,2,ensemble,19,43,1,0.1656432242798683,0.651472479166926,0.004606606077753451,20000,20000,20,,
hopper-medium-replay-v2,2,ensemble,19,44,1,0.17304132929213661,0.6697810847094079,0.004736067469085037,20000,20000,20,,
hopper-medium-replay-v2,2,ensemble,19,45,1,0.1786013262822299,0.6786697564169963,0.004798919869486805,20000,20000,20,,
hopper-medium-replay-v2,2,ensemble,19,46,1,0.18246516230269594,0.6982306881560312,0.004937236544276792,20000,20000,20,,
hopper-medium-replay-v2,2,ensemble,19,47,1,0.18165039791248036,0.6980437137936939,0.004935914435881625,20000,20000,20,,
hopper-medium-replay-v2,2,ensemble,19,48,1,0.18627114421623275,0.7253757534864689,0.005129181141985835,20000,20000,20,,
hopper-medium-replay-v2,2,ensemble,19,49,1,0.19582061213524,0.7581853230136717,0.005361179832990802,20000,20000,20,,
hopper-medium-replay-v2,2,ensemble,19,50,1,0.2049463893723029,0.7980485491759282,0.005643055408383847,20000,20000,20,,
hopper-medium-replay-v2,2,ensemble,19,51,1,0.20814805049057694,0.8085586584302498,0.00571737310363127,20000,20000,20,,
hopper-medium-replay-v2,2,ensemble,19,52,1,0.2149017408147868,0.8432589488450789,0.005962741210245952,20000,20000,20,,
hopper-medium-replay-v2,2,ensemble,19,53,1,0.22182578794342622,0.8479793824548268,0.0059961197164018895,20000,20000,20,,
hopper-medium-replay-v2,2,ensemble,19,54,1,0.22438633486680032,0.8380103844512086,0.0059256282555019526,20000,20000,20,,
hopper-medium-replay-v2,2,ensemble,19,55,1,0.23217055751720572,0.8592241424883866,0.006075632177127345,20000,20000,20,,
hopper-medium-replay-v2,2,ensemble,19,56,1,0.2435118957016154,0.8940374855440485,0.006321799686631666,20000,20000,20,,
hopper-medium-replay-v2,2,ensemble,19,57,1,0.25473107357977076,0.9342936257513694,0.006606453583881597,20000,20000,20,,
hopper-medium-replay-v2,2,ensemble,19,58,1,0.26312473363541444,0.9799246651492214,0.0069291137577897136,20000,20000,20,,
hopper-medium-replay-v2,2,ensemble,19,59,1,0.2782011745203391,1.038840891347334,0.0073457143884557725,20000,20000,20,,
hopper-medium-replay-v2,2,ensemble,19,60,1,0.29286683142526443,1.102829560190573,0.00779818260503732,20000,20000,20,,
hopper-medium-replay-v2,2,ensemble,19,61,1,0.3020702637705419,1.1191643541997807,0.00791368704116928,20000,20000,20,,
hopper-medium-replay-v2,2,ensemble,19,62,1,0.30681286004707475,1.1423393289497106,0.008077558859164304,20000,20000,20,,
hopper-medium-replay-v2,2,ensemble,19,63,1,0.3160497774356278,1.1821584280727535,0.008359122409270735,20000,20000,20,,
hopper-medium-replay-v2,2,ensemble,19,64,1,0.32515420958974994,1.1921568479912021,0.008429821914525591,20000,20000,20,,
hopper-medium-replay-v2,2,ensemble,19,65,1,0.3332694498691759,1.216866707817519,0.008604547008979169,20000,20000,20,,
hopper-medium-replay-v2,2,ensemble,19,66,1,0.3408412646352927,1.2383826115189966,0.008756687423085885,20000,20000,20,,
hopper-medium-replay-v2,2,ensemble,19,67,1,0.3467712111319046,1.2601256209480252,0.008910433717192575,20000,20000,20,,
hopper-medium-replay-v2,2,ensemble,19,68,1,0.35262888810943277,1.2456886851957583,0.008808349165492751,20000,20000,20,,
hopper-medium-replay-v2,2,ensemble,19,69,1,0.3634766971622129,1.2613021702750709,0.00891875317726812,20000,20000,20,,
hopper-medium-replay-v2,2,ensemble,19,70,1,0.36532649733878775,1.2628023867292688,0.00892936130954823,20000,20000,20,,
hopper-medium-replay-v2,2,ensemble,19,71,1,0.37236582384856876,1.2820497732648573,0.009065460884942563,20000,20000,20,,
hopper-medium-replay-v2,2,ensemble,19,72,1,0.3770266644866316,1.2917420943408904,0.009133995944525566,20000,20000,20,,
hopper-medium-replay-v2,2,ensemble,19,73,1,0.3843679657654642,1.3009254823859469,0.009198932304134835,20000,20000,20,,
hopper-medium-replay-v2,2,ensemble,19,74,1,0.40620348613562296,1.3701617576682832,0.00968850670169722,20000,20000,20,,
hopper-medium-replay-v2,2,ensemble,19,75,1,0.4158962965950808,1.3781238939546931,0.00974480750730574,20000,20000,20,,
hopper-medium-replay-v2,2,ensemble,19,76,1,0.42218722424919836,1.406245209732943,0.009943655238132627,20000,20000,20,,
hopper-medium-replay-v2,2,ensemble,19,77,1,0.42727025260555185,1.4138936845639427,0.009997738122319973,20000,20000,20,,
hopper-medium-replay-v2,2,ensemble,19,78,1,0.4325473851596854,1.4018399487234758,0.009912505338805718,20000,20000,20,,
hopper-medium-replay-v2,2,ensemble,19,79,1,0.43947942726012745,1.393939688090501,0.009856642060138542,20000,20000,20,,
hopper-medium-replay-v2,2,ensemble,19,80,1,0.45105414416246487,1.4143020430217184,0.010000625652666453,20000,20000,20,,
hopper-medium-replay-v2,2,ensemble,19,81,1,0.4651117901856462,1.4647249924431978,0.010357169747299997,20000,20000,20,,
hopper-medium-replay-v2,2,ensemble,19,82,1,0.478488584250492,1.5609490731723006,0.0110375767472699,20000,20000,20,,
hopper-medium-replay-v2,2,ensemble,19,83,1,0.49433753880051107,1.5792690411213988,0.011167118482949176,20000,20000,20,,
hopper-medium-replay-v2,2,ensemble,19,84,1,0.5126791792775415,1.5952183867620706,0.011279897387529247,20000,20000,20,,
hopper-medium-replay-v2,2,ensemble,19,85,1,0.5194082168510142,1.6026816761259377,0.011332670812720725,20000,20000,20,,
hopper-medium-replay-v2,2,ensemble,19,86,1,0.5212977876964157,1.5976196634683788,0.011296876977954605,20000,20000,20,,
hopper-medium-replay-v2,2,ensemble,19,87,1,0.5359953306052817,1.6361395219917307,0.011569253509676691,20000,20000,20,,
hopper-medium-replay-v2,2,ensemble,19,88,1,0.548277092265502,1.6489938657004612,0.01166014744571815,20000,20000,20,,
hopper-medium-replay-v2,2,ensemble,19,89,1,0.5608974065237303,1.648866184603946,0.0116592446040264,20000,20000,20,,
hopper-medium-replay-v2,2,ensemble,19,90,1,0.5702674963024625,1.656289206169729,0.01171173329288699,20000,20000,20,,
hopper-medium-replay-v2,2,ensemble,19,91,1,0.5781729073117744,1.6760047198181736,0.0118511430268409,20000,20000,20,,
hopper-medium-replay-v2,2,ensemble,19,92,1,0.5837368272212771,1.6694135240105923,0.01180453623432421,20000,20000,20,,
hopper-medium-replay-v2,2,ensemble,19,93,1,0.5961858753633494,1.6919101191269947,0.011963611183928373,20000,20000,20,,
hopper-medium-replay-v2,2,ensemble,19,94,1,0.6051152826003243,1.727627913466545,0.0122161741297936,20000,20000,20,,
hopper-medium-replay-v2,2,ensemble,19,95,1,0.6136588110507357,1.9038431907873903,0.013462204305215976,20000,20000,20,,
hopper-medium-replay-v2,2,ensemble,19,96,1,0.6314966230403941,2.0315826870737363,0.014365458945710266,20000,20000,20,,
hopper-medium-replay-v2,2,ensemble,19,97,1,0.6405146472965942,2.055419720191565,0.014534012223320118,20000,20000,20,,
hopper-medium-replay-v2,2,ensemble,19,98,1,0.6424140119714993,1.838572666280492,0.01300067200031167,20000,20000,20,,
hopper-medium-replay-v2,2,ensemble,19,99,1,0.6634209738274051,1.8720954666667673,0.013237713995086654,20000,20000,20,,
hopper-medium-replay-v2,2,ensemble,19,100,1,0.6871262848182533,1.8999695547355062,0.013434813562014617,20000,20000,20,,
hopper-medium-replay-v2,2,rnn,0,1,4,0.0006657611166908112,0.004292577989255513,3.0353110049746882e-05,20000,20000,20,,
hopper-medium-replay-v2,2,rnn,0,2,2,0.0011873321761158497,0.0063827584895115985,4.513291810609656e-05,20000,20000,20,,
hopper-medium-replay-v2,2,rnn,0,3,2,0.001589239311206832,0.008102431902997786,5.7292845427119573e-05,20000,20000,20,,
hopper-medium-replay-v2,2,rnn,0,4,1,0.0030716888123091587,0.01562804091718352,0.00011050693709201298,20000,20000,20,,
hopper-medium-replay-v2,2,rnn,0,5,4,0.003216669328540092,0.01686793005039998,0.00011927427723218167,20000,20000,20,,
hopper-medium-replay-v2,2,rnn,0,6,2,0.004550539422841279,0.031240236779538466,0.00022090183272685038,20000,20000,20,,
hopper-medium-replay-v2,2,rnn,0,7,2,0.0067281777649280256,0.057980510625307104,0.0004099841223981332,20000,20000,20,,
hopper-medium-replay-v2,2,rnn,0,8,1,0.00951703309506385,0.08030196601795263,0.00056782064713906,20000,20000,20,,
hopper-medium-replay-v2,2,rnn,0,9,1,0.012931885628169536,0.10476245959933807,0.0007407824559647366,20000,20000,20,,
hopper-medium-replay-v2,2,rnn,0,10,5,0.013870767008401725,0.11185172075794529,0.0007909111023532724,20000,20000,20,,
hopper-medium-replay-v2,2,rnn,0,11,4,0.01666657423082634,0.15111156852558794,0.0010685201482017888,20000,20000,20,,
hopper-medium-replay-v2,2,rnn,0,12,4,0.018913716668185983,0.17144885095333537,0.001212326451357451,20000,20000,20,,
hopper-medium-replay-v2,2,rnn,0,13,4,0.019822635485820507,0.1750304138532034,0.0012376519254948795,20000,20000,20,,
hopper-medium-replay-v2,2,rnn,0,14,5,0.018534655433133568,0.1498227345910658,0.0010594067160525494,20000,20000,20,,
hopper-medium-replay-v2,2,rnn,0,15,4,0.018148883267078527,0.14383430383559873,0.001017062116093981,20000,20000,20,,
hopper-medium-replay-v2,2,rnn,0,16,1,0.018725794837438598,0.1522524563500072,0.0010765874433739892,20000,20000,20,,
hopper-medium-replay-v2,2,rnn,0,17,5,0.018094512502239764,0.14928136883220922,0.0010555786820606525,20000,20000,20,,
hopper-medium-replay-v2,2,rnn,0,18,2,0.017232978286712226,0.11329347439846553,0.0008011058401133948,20000,20000,20,,
hopper-medium-replay-v2,2,rnn,0,19,2,0.01799259827762572,0.12356476798923208,0.0008737348536092843,20000,20000,20,,
hopper-medium-replay-v2,2,rnn,0,20,4,0.018076902612830525,0.11682980516710201,0.0008261114747836097,20000,20000,20,,
hopper-medium-replay-v2,2,rnn,0,21,2,0.01923064104081038,0.12243805445373004,0.0008657677857952028,20000,20000,20,,
hopper-medium-replay-v2,2,rnn,0,22,1,0.02061553060880078,0.11715566520301651,0.0008284156531947381,20000,20000,20,,
hopper-medium-replay-v2,2,rnn,0,23,5,0.02320925475586286,0.14783303432632516,0.0010453374105552817,20000,20000,20,,
hopper-medium-replay-v2,2,rnn,0,24,3,0.02584973214561009,0.169806550817083,0.0012007136357265749,20000,20000,20,,
hopper-medium-replay-v2,2,rnn,0,25,2,0.02675810097639903,0.15829839363550632,0.0011193386759060394,20000,20000,20,,
hopper-medium-replay-v2,2,rnn,0,26,4,0.02841515789558591,0.16839434941472156,0.0011907278638464654,20000,20000,20,,
hopper-medium-replay-v2,2,rnn,0,27,5,0.03000307387519092,0.1814317970971563,0.0012829165405026097,20000,20000,20,,
hopper-medium-replay-v2,2,rnn,0,28,5,0.031012902734315912,0.19759806231724905,0.0013972292981384881,20000,20000,20,,
hopper-medium-replay-v2,2,rnn,0,29,3,0.032005779574939906,0.19825495076274258,0.0014018742008814035,20000,20000,20,,
hopper-medium-replay-v2,2,rnn,0,30,1,0.03251701672586983,0.21803626770180357,0.001541749234365507,20000,20000,20,,
hopper-medium-replay-v2,2,rnn,0,31,3,0.03283420388337461,0.19547142441805163,0.0013821916973419798,20000,20000,20,,
hopper-medium-replay-v2,2,rnn,0,32,4,0.0328186733630661,0.17227223432259212,0.0012181486509966278,20000,20000,20,,
hopper-medium-replay-v2,2,rnn,0,33,1,0.03513866346079466,0.18733462856746022,0.0013246558621111423,20000,20000,20,,
hopper-medium-replay-v2,2,rnn,0,34,3,0.0389253934522311,0.205815127507745,0.0014553327233150042,20000,20000,20,,
hopper-medium-replay-v2,2,rnn,0,35,1,0.04251884643474202,0.22642205507111235,0.0016010457055097745,20000,20000,20,,
hopper-medium-replay-v2,2,rnn,0,36,2,0.04565530182711833,0.2508061352748419,0.0017734671901603128,20000,20000,20,,
hopper-medium-replay-v2,2,rnn,0,37,2,0.04909479842832472,0.2676832051283825,0.0018928060955602888,20000,20000,20,,
hopper-medium-replay-v2,2,rnn,0,38,5,0.054216338577573166,0.2995997620597715,0.0021184902339434057,20000,20000,20,,
hopper-medium-replay-v2,2,rnn,0,39,1,0.057098276882645745,0.317066429705652,0.0022419982253147432,20000,20000,20,,
hopper-medium-replay-v2,2,rnn,0,40,5,0.0591257323158683,0.3323764926820662,0.002350256718824899,20000,20000,20,,
hopper-medium-replay-v2,2,rnn,0,41,2,0.05901457308510395,0.3095818650837315,0.0021890743613308537,20000,20000,20,,
hopper-medium-replay-v2,2,rnn,0,42,4,0.06427291611260574,0.35814384660426885,0.0025324594257411315,20000,20000,20,,
hopper-medium-replay-v2,2,rnn,0,43,2,0.06593701567415808,0.3648204470075682,0.00257967011994559,20000,20000,20,,
hopper-medium-replay-v2,2,rnn,0,44,5,0.06480584822418448,0.3340200756507197,0.0023618786054506753,20000,20000,20,,
hopper-medium-replay-v2,2,rnn,0,45,5,0.06576964823282958,0.35600693664645655,0.00251734919052159,20000,20000,20,,
hopper-medium-replay-v2,2,rnn,0,46,1,0.06908725604252348,0.3756503222379497,0.0026562489020936597,20000,20000,20,,
hopper-medium-replay-v2,2,rnn,0,47,1,0.06972602913002966,0.34331953552611566,0.0024276357168433217,20000,20000,20,,
hopper-medium-replay-v2,2,rnn,0,48,5,0.07054166672183779,0.3401518569146439,0.002405236846575409,20000,20000,20,,
hopper-medium-replay-v2,2,rnn,0,49,3,0.07094577144165985,0.32761083498996435,0.0023165584301159084,20000,20000,20,,
hopper-medium-replay-v2,2,rnn,0,50,3,0.07539560494331495,0.3482402054712386,0.0024624301077050942,20000,20000,20,,
hopper-medium-replay-v2,2,rnn,0,51,4,0.0792066829604654,0.37866074322284327,0.002677535793020105,20000,20000,20,,
hopper-medium-replay-v2,2,rnn,0,52,3,0.07772429616035145,0.3765727931602803,0.0026627717565399335,20000,20000,20,,
hopper-medium-replay-v2,2,rnn,0,53,1,0.07869035856827045,0.37678354805336073,0.0026642620186805876,20000,20000,20,,
hopper-medium-replay-v2,2,rnn,0,54,1,0.08471958107956393,0.4063443673677542,0.0028732885766269665,20000,20000,20,,
hopper-medium-replay-v2,2,rnn,0,55,5,0.08767439581172312,0.43258592882405356,0.0030588444371736946,20000,20000,20,,
hopper-medium-replay-v2,2,rnn,0,56,2,0.09299889392085331,0.44656568150824477,0.003157696216396719,20000,20000,20,,
hopper-medium-replay-v2,2,rnn,0,57,1,0.10084601850116091,0.5081107520188425,0.0035928855834631976,20000,20000,20,,
hopper-medium-replay-v2,2,rnn,0,58,5,0.10937940916497542,0.565221013418493,0.00399671611457349,20000,20000,20,,
hopper-medium-replay-v2,2,rnn,0,59,3,0.11655882241259323,0.608736659949731,0.004304418202073042,20000,20000,20,,
hopper-medium-replay-v2,2,rnn,0,60,3,0.1206332518809588,0.6199919412444609,0.004384005059349698,20000,20000,20,,
hopper-medium-replay-v2,2,rnn,0,61,1,0.12352540177714695,0.640900017166276,0.004531847482008485,20000,20000,20,,
hopper-medium-replay-v2,2,rnn,0,62,3,0.13245529281932636,0.6790637741949417,0.004801705995913738,20000,20000,20,,
hopper-medium-replay-v2,2,rnn,0,63,3,0.13790618845967895,0.6959941333241354,0.004921421713395502,20000,20000,20,,
hopper-medium-replay-v2,2,rnn,0,64,5,0.13995643534472657,0.7144488816620346,0.005051916490343699,20000,20000,20,,
hopper-medium-replay-v2,2,rnn,0,65,2,0.1365513690011481,0.6928924333748364,0.004899489382721949,20000,20000,20,,
hopper-medium-replay-v2,2,rnn,0,66,5,0.13791086170846023,0.684511308955786,0.004840225883615162,20000,20000,20,,
hopper-medium-replay-v2,2,rnn,0,67,2,0.13686848620126868,0.681188839666685,0.004816732477969088,20000,20000,20,,
hopper-medium-replay-v2,2,rnn,0,68,2,0.13809642402163985,0.6756732331772041,0.0047777312504584035,20000,20000,20,,
hopper-medium-replay-v2,2,rnn,0,69,4,0.13561193277058808,0.6517833640953312,0.004608804366163892,20000,20000,20,,
hopper-medium-replay-v2,2,rnn,0,70,2,0.14155290408018706,0.6818387935003282,0.004821328345601361,20000,20000,20,,
hopper-medium-replay-v2,2,rnn,0,71,4,0.1472607142576348,0.7081812770043039,0.005007597832790921,20000,20000,20,,
hopper-medium-replay-v2,2,rnn,0,72,3,0.14779367729369408,0.710922171542756,0.005026978883937488,20000,20000,20,,
hopper-medium-replay-v2,2,rnn,0,73,2,0.15452233446783475,0.7382127134786125,0.005219952156588488,20000,20000,20,,
hopper-medium-replay-v2,2,rnn,0,74,4,0.159313645728533,0.7440669440536305,0.005261347817970736,20000,20000,20,,
hopper-medium-replay-v2,2,rnn,0,75,1,0.1628899120724784,0.7346978351733522,0.005195098213741537,20000,20000,20,,
hopper-medium-replay-v2,2,rnn,0,76,4,0.1641498845211609,0.7343648373355282,0.005192743563449079,20000,20000,20,,
hopper-medium-replay-v2,2,rnn,0,77,4,0.16306155966706673,0.7340584441540803,0.005190577036485967,20000,20000,20,,
hopper-medium-replay-v2,2,rnn,0,78,2,0.17297362036303193,0.7659029335278665,0.00541575158028224,20000,20000,20,,
hopper-medium-replay-v2,2,rnn,0,79,4,0.18123779748894078,0.7925472841554945,0.0056041555903733175,20000,20000,20,,
hopper-medium-replay-v2,2,rnn,0,80,2,0.18932755433873055,0.8442588898037614,0.0059698118605726585,20000,20000,20,,
hopper-medium-replay-v2,2,rnn,0,81,4,0.1885987728898409,0.8222884209897684,0.005814457185730438,20000,20000,20,,
hopper-medium-replay-v2,2,rnn,0,82,1,0.18816626368407796,0.7876969420341425,0.0055698584923224905,20000,20000,20,,
hopper-medium-replay-v2,2,rnn,0,83,3,0.1929238013487467,0.8028296269277329,0.0056768627333806596,20000,20000,20,,
hopper-medium-replay-v2,2,rnn,0,84,1,0.1973775746086018,0.8269311520677635,0.005847286252015196,20000,20000,20,,
hopper-medium-replay-v2,2,rnn,0,85,1,0.2040597398907427,0.8431666187896937,0.00596208833816325,20000,20000,20,,
hopper-medium-replay-v2,2,rnn,0,86,3,0.21527375266579446,0.8747441427963267,0.006185375151744963,20000,20000,20,,
hopper-medium-replay-v2,2,rnn,0,87,2,0.22665510075960169,0.9057095936645447,0.006404333954659121,20000,20000,20,,
hopper-medium-replay-v2,2,rnn,0,88,1,0.23365977112954184,0.9445032837462219,0.006678646767899154,20000,20000,20,,
hopper-medium-replay-v2,2,rnn,0,89,1,0.23633917805503343,0.9296520428761543,0.0065736326366165575,20000,20000,20,,
hopper-medium-replay-v2,2,rnn,0,90,5,0.24720242642580398,0.9581405230341601,0.0067750766116708005,20000,20000,20,,
hopper-medium-replay-v2,2,rnn,0,91,1,0.2547898541734728,0.9635322693710754,0.0068132020156435056,20000,20000,20,,
hopper-medium-replay-v2,2,rnn,0,92,2,0.2630803811537659,1.0036908677010483,0.007097166187664212,20000,20000,20,,
hopper-medium-replay-v2,2,rnn,0,93,4,0.2658353919479382,1.0011835058770389,0.0070794364621777585,20000,20000,20,,
hopper-medium-replay-v2,2,rnn,0,94,2,0.2711190747039789,1.0043530818241322,0.007101848748634513,20000,20000,20,,
hopper-medium-replay-v2,2,rnn,0,95,1,0.27671876999975753,1.0390259028087012,0.007347022617045073,20000,20000,20,,
hopper-medium-replay-v2,2,rnn,0,96,2,0.2776084266507858,1.0353556732175548,0.0073210701747209615,20000,20000,20,,
hopper-medium-replay-v2,2,rnn,0,97,5,0.28290639378281796,1.0462026046278643,0.007397769562273913,20000,20000,20,,
hopper-medium-replay-v2,2,rnn,0,98,5,0.293600274930274,1.1043292099378859,0.007808786730094616,20000,20000,20,,
hopper-medium-replay-v2,2,rnn,0,99,4,0.29159005786530223,1.059943591743691,0.007494933013971894,20000,20000,20,,
hopper-medium-replay-v2,2,rnn,0,100,1,0.2911913396205402,1.0434269895509853,0.007378142999845665,20000,20000,20,,
hopper-medium-replay-v2,2,rnn,1,1,4,0.0006542442438203114,0.00387423466803196,2.7394976056734117e-05,20000,20000,20,,
hopper-medium-replay-v2,2,rnn,1,2,5,0.0009608330199856216,0.004391226689095453,3.105066169586746e-05,20000,20000,20,,
hopper-medium-replay-v2,2,rnn,1,3,3,0.0013120843886842359,0.006232802962285696,4.407257240431817e-05,20000,20000,20,,
hopper-medium-replay-v2,2,rnn,1,4,1,0.002924562588088086,0.015289049820940467,0.00010810990806285975,20000,20000,20,,
hopper-medium-replay-v2,2,rnn,1,5,4,0.002753470334808391,0.012382521932021866,8.75576522632381e-05,20000,20000,20,,
hopper-medium-replay-v2,2,rnn,1,6,1,0.004794555818345339,0.03068096857784283,0.00021694720934764048,20000,20000,20,,
hopper-medium-replay-v2,2,rnn,1,7,1,0.006792285561880179,0.03999013876160444,0.000282772982989215,20000,20000,20,,
hopper-medium-replay-v2,2,rnn,1,8,3,0.009564788474547826,0.07259232800896125,0.0005133052739725464,20000,20000,20,,
hopper-medium-replay-v2,2,rnn,1,9,5,0.012469178790450813,0.10565681767452761,0.0007471065225624914,20000,20000,20,,
hopper-medium-replay-v2,2,rnn,1,10,5,0.015608546390188488,0.13890131561827318,0.0009821806218941386,20000,20000,20,,
hopper-medium-replay-v2,2,rnn,1,11,3,0.018373491173240036,0.16137524706218812,0.0011410953151332769,20000,20000,20,,
hopper-medium-replay-v2,2,rnn,1,12,5,0.01913369513442699,0.17391449321123145,0.0012297611749628355,20000,20000,20,,
hopper-medium-replay-v2,2,rnn,1,13,1,0.01855502136026763,0.1629633118743552,0.0011523246291097477,20000,20000,20,,
hopper-medium-replay-v2,2,rnn,1,14,1,0.019758111057101443,0.17495583354646385,0.0012371245630884945,20000,20000,20,,
hopper-medium-replay-v2,2,rnn,1,15,2,0.018783569121682785,0.15356703667034122,0.0010858829299632148,20000,20000,20,,
hopper-medium-replay-v2,2,rnn,1,16,5,0.01877668262855152,0.14500775945129377,0.0010253597003267749,20000,20000,20,,
hopper-medium-replay-v2,2,rnn,1,17,1,0.020450857636553157,0.13763933767422878,0.0009732570902747222,20000,20000,20,,
hopper-medium-replay-v2,2,rnn,1,18,4,0.022914721355260948,0.16262054338909193,0.0011499008899066808,20000,20000,20,,
hopper-medium-replay-v2,2,rnn,1,19,1,0.02604999476492101,0.1741467036590754,0.0012314031507861636,20000,20000,20,,
hopper-medium-replay-v2,2,rnn,1,20,4,0.027830336762242076,0.18787853645502628,0.0013285018716675306,20000,20000,20,,
hopper-medium-replay-v2,2,rnn,1,21,1,0.029727250889752702,0.19372483822668732,0.001369841467943575,20000,20000,20,,
hopper-medium-replay-v2,2,rnn,1,22,3,0.030703875775430208,0.1906467531937267,0.0013480761199448224,20000,20000,20,,
hopper-medium-replay-v2,2,rnn,1,23,5,0.03061816428927208,0.19125490729832817,0.0013523764188585236,20000,20000,20,,
hopper-medium-replay-v2,2,rnn,1,24,5,0.03203621825632066,0.1966515356016226,0.0013905363435465512,20000,20000,20,,
hopper-medium-replay-v2,2,rnn,1,25,5,0.0325236582231366,0.211752647950286,0.001497317332998549,20000,20000,20,,
hopper-medium-replay-v2,2,rnn,1,26,4,0.032764101780527896,0.20742505256726806,0.0014667166125829133,20000,20000,20,,
hopper-medium-replay-v2,2,rnn,1,27,1,0.0320371972499153,0.18791690277306275,0.001328773162504058,20000,20000,20,,
hopper-medium-replay-v2,2,rnn,1,28,4,0.03451895968285111,0.19526671794462466,0.00138074420398685,20000,20000,20,,
hopper-medium-replay-v2,2,rnn,1,29,5,0.033534138503033974,0.19636935166317296,0.0013885410017823543,20000,20000,20,,
hopper-medium-replay-v2,2,rnn,1,30,5,0.032666067221399565,0.1730733465708034,0.0012238133700286458,20000,20000,20,,
hopper-medium-replay-v2,2,rnn,1,31,2,0.03575305088207347,0.17924349601167894,0.0012674429151344206,20000,20000,20,,
hopper-medium-replay-v2,2,rnn,1,32,3,0.035669371628077394,0.17792143645684033,0.001258094542370832,20000,20000,20,,
hopper-medium-replay-v2,2,rnn,1,33,1,0.037383910447194635,0.1930110220513795,0.001364794025362767,20000,20000,20,,
hopper-medium-replay-v2,2,rnn,1,34,5,0.0406334767118487,0.23375597077870533,0.00165290432080467,20000,20000,20,,
hopper-medium-replay-v2,2,rnn,1,35,2,0.0414897583281526,0.20300657178145134,0.0014354732353209787,20000,20000,20,,
hopper-medium-replay-v2,2,rnn,1,36,4,0.04403472250624514,0.21834472649273282,0.0015439303673933339,20000,20000,20,,
hopper-medium-replay-v2,2,rnn,1,37,1,0.04788495672237197,0.2575991149128746,0.0018215008098254634,20000,20000,20,,
hopper-medium-replay-v2,2,rnn,1,38,3,0.05063826264451582,0.25837830104237386,0.0018270104877852176,20000,20000,20,,
hopper-medium-replay-v2,2,rnn,1,39,2,0.05057476137741698,0.2328632626839219,0.001646591921330255,20000,20000,20,,
hopper-medium-replay-v2,2,rnn,1,40,5,0.05345755633106179,0.2670271190040989,0.0018881668660850556,20000,20000,20,,
hopper-medium-replay-v2,2,rnn,1,41,3,0.057030119989111144,0.30944654072681377,0.0021881174736264916,20000,20000,20,,
hopper-medium-replay-v2,2,rnn,1,42,1,0.0612838570342645,0.33619186925373934,0.0023772355052910023,20000,20000,20,,
hopper-medium-replay-v2,2,rnn,1,43,2,0.06233413207368051,0.34282096111146143,0.0024241102633480406,20000,20000,20,,
hopper-medium-replay-v2,2,rnn,1,44,4,0.06525892277161381,0.3413766616178496,0.002413897523688068,20000,20000,20,,
hopper-medium-replay-v2,2,rnn,1,45,1,0.0708561280784999,0.36667393151915273,0.0025927762346152463,20000,20000,20,,
hopper-medium-replay-v2,2,rnn,1,46,5,0.07339581805223903,0.3760243119737176,0.002658893408876216,20000,20000,20,,
hopper-medium-replay-v2,2,rnn,1,47,2,0.07368571360267658,0.3589374282655741,0.002538070895482474,20000,20000,20,,
hopper-medium-replay-v2,2,rnn,1,48,2,0.07634274278340203,0.37467154736013586,0.0026493279185600877,20000,20000,20,,
hopper-medium-replay-v2,2,rnn,1,49,5,0.07947906022672453,0.38451432637532124,0.00271892687643367,20000,20000,20,,
hopper-medium-replay-v2,2,rnn,1,50,5,0.08296265767564576,0.40026715952877223,0.0028303162278907243,20000,20000,20,,
hopper-medium-replay-v2,2,rnn,1,51,2,0.08597401027278397,0.42408528466990886,0.0029987358059151994,20000,20000,20,,
hopper-medium-replay-v2,2,rnn,1,52,2,0.08461300278701898,0.4124023647224062,0.0029161250867258126,20000,20000,20,,
hopper-medium-replay-v2,2,rnn,1,53,2,0.08678864813529412,0.43858723009554845,0.003101280045423869,20000,20000,20,,
hopper-medium-replay-v2,2,rnn,1,54,5,0.08877443609787983,0.45469975706057636,0.0032152128162140927,20000,20000,20,,
hopper-medium-replay-v2,2,rnn,1,55,4,0.08980719853931617,0.4232378615485489,0.0029927436195587207,20000,20000,20,,
hopper-medium-replay-v2,2,rnn,1,56,3,0.09541101836129814,0.44069207780034275,0.0031161635662781194,20000,20000,20,,
hopper-medium-replay-v2,2,rnn,1,57,3,0.10062825691202996,0.4843687524219712,0.003425004294324438,20000,20000,20,,
hopper-medium-replay-v2,2,rnn,1,58,2,0.10411046030454135,0.5225517045404515,0.0036949985380114246,20000,20000,20,,
hopper-medium-replay-v2,2,rnn,1,59,2,0.10889070779224139,0.534851798763021,0.0037819733383515483,20000,20000,20,,
hopper-medium-replay-v2,2,rnn,1,60,1,0.11396794856837637,0.5744031399944796,0.004061643554249423,20000,20000,20,,
hopper-medium-replay-v2,2,rnn,1,61,2,0.11395419682562528,0.5760419745020787,0.004073231864185081,20000,20000,20,,
hopper-medium-replay-v2,2,rnn,1,62,2,0.11477756238739693,0.5538782710879875,0.003916510814381968,20000,20000,20,,
hopper-medium-replay-v2,2,rnn,1,63,4,0.12215311650837475,0.6000214809581464,0.004242792580431002,20000,20000,20,,
hopper-medium-replay-v2,2,rnn,1,64,3,0.1297083833421696,0.6583538516270995,0.0046552647290580415,20000,20000,20,,
hopper-medium-replay-v2,2,rnn,1,65,2,0.13349322538856548,0.6558858811335676,0.0046378135423405945,20000,20000,20,,
hopper-medium-replay-v2,2,rnn,1,66,2,0.1374822013254902,0.6664744365820191,0.004712685935946293,20000,20000,20,,
hopper-medium-replay-v2,2,rnn,1,67,5,0.14465457218241182,0.7037205700183555,0.004976055871204418,20000,20000,20,,
hopper-medium-replay-v2,2,rnn,1,68,2,0.1475380443513675,0.7186423616450587,0.0050815688716713625,20000,20000,20,,
hopper-medium-replay-v2,2,rnn,1,69,5,0.14587350930607723,0.6992138420178725,0.00494418849190337,20000,20000,20,,
hopper-medium-replay-v2,2,rnn,1,70,3,0.15104369269509435,0.7302504125920546,0.00516365018708116,20000,20000,20,,
hopper-medium-replay-v2,2,rnn,1,71,4,0.15628768097040657,0.7700767476247232,0.0054452649027952335,20000,20000,20,,
hopper-medium-replay-v2,2,rnn,1,72,1,0.16076189158441584,0.7715699818848021,0.005455823663507252,20000,20000,20,,
hopper-medium-replay-v2,2,rnn,1,73,3,0.16293793989432206,0.7837375407592714,0.005541861297413489,20000,20000,20,,
hopper-medium-replay-v2,2,rnn,1,74,1,0.1664489227652866,0.7641998286051936,0.005403708809883298,20000,20000,20,,
hopper-medium-replay-v2,2,rnn,1,75,3,0.17151146570749487,0.7979944817766872,0.0056426730941374036,20000,20000,20,,
hopper-medium-replay-v2,2,rnn,1,76,3,0.17392409819243085,0.8021924100761038,0.005672356929811927,20000,20000,20,,
hopper-medium-replay-v2,2,rnn,1,77,5,0.18275708116767156,0.8356275288878013,0.005908778922227219,20000,20000,20,,
hopper-medium-replay-v2,2,rnn,1,78,2,0.1898785451288073,0.8494705409468384,0.006006663799217142,20000,20000,20,,
hopper-medium-replay-v2,2,rnn,1,79,2,0.1951696857838675,0.8706567384105697,0.006156472838158758,20000,20000,20,,
hopper-medium-replay-v2,2,rnn,1,80,5,0.19520328378059307,0.8593497236125153,0.006076520169771949,20000,20000,20,,
hopper-medium-replay-v2,2,rnn,1,81,1,0.191693295258985,0.8365488361079797,0.005915293548056662,20000,20000,20,,
hopper-medium-replay-v2,2,rnn,1,82,3,0.1948921384320224,0.8376673631947408,0.005923202728936558,20000,20000,20,,
hopper-medium-replay-v2,2,rnn,1,83,3,0.2039882284435664,0.8600526607074666,0.006081490685637825,20000,20000,20,,
hopper-medium-replay-v2,2,rnn,1,84,5,0.2067261180762419,0.857757360629264,0.006065260463136275,20000,20000,20,,
hopper-medium-replay-v2,2,rnn,1,85,2,0.2087951995495393,0.8561146115776002,0.006053644473194082,20000,20000,20,,
hopper-medium-replay-v2,2,rnn,1,86,5,0.2125964326735383,0.8379953541232003,0.005925521975033371,20000,20000,20,,
hopper-medium-replay-v2,2,rnn,1,87,3,0.21997337262389957,0.8681087075213808,0.0061384555389545755,20000,20000,20,,
hopper-medium-replay-v2,2,rnn,1,88,4,0.2288912727280297,0.9181440687091628,0.006492258970904564,20000,20000,20,,
hopper-medium-replay-v2,2,rnn,1,89,4,0.23230398884743816,0.9392267762881644,0.006641336225853414,20000,20000,20,,
hopper-medium-replay-v2,2,rnn,1,90,5,0.23083664519650457,0.9172151781997784,0.0064856907231229085,20000,20000,20,,
hopper-medium-replay-v2,2,rnn,1,91,4,0.23057187910446164,0.9212529309394075,0.006514241946552372,20000,20000,20,,
hopper-medium-replay-v2,2,rnn,1,92,3,0.23385269473360398,0.9248056400637453,0.006539363393686398,20000,20000,20,,
hopper-medium-replay-v2,2,rnn,1,93,3,0.24033904314951024,0.9421077168338292,0.006661707551813763,20000,20000,20,,
hopper-medium-replay-v2,2,rnn,1,94,2,0.2523586935777248,0.9894434463214264,0.006996421704944683,20000,20000,20,,
hopper-medium-replay-v2,2,rnn,1,95,1,0.25686074158633343,0.9897263055580757,0.006998421821788243,20000,20000,20,,
hopper-medium-replay-v2,2,rnn,1,96,1,0.26024196989448145,0.9790587725022151,0.006922990972164936,20000,20000,20,,
hopper-medium-replay-v2,2,rnn,1,97,1,0.26403811947193073,0.971807996274271,0.006871720241768481,20000,20000,20,,
hopper-medium-replay-v2,2,rnn,1,98,4,0.27949993560655967,1.0531844799691292,0.0074471388762659884,20000,20000,20,,
hopper-medium-replay-v2,2,rnn,1,99,4,0.29484369833639845,1.0891499506691902,0.0077014531584717804,20000,20000,20,,
hopper-medium-replay-v2,2,rnn,1,100,4,0.30492450301833146,1.1087259627624313,0.007839876467468988,20000,20000,20,,
hopper-medium-replay-v2,2,rnn,2,1,1,0.0020827730182118825,0.013148931002738447,9.297698277390385e-05,20000,20000,20,,
hopper-medium-replay-v2,2,rnn,2,2,3,0.0019043423187826715,0.01046829341375474,7.40220126031645e-05,20000,20000,20,,
hopper-medium-replay-v2,2,rnn,2,3,5,0.0024919699932061524,0.015741883003578695,0.00011131192220475751,20000,20000,20,,
hopper-medium-replay-v2,2,rnn,2,4,1,0.004661792165623302,0.031035878637021376,0.00021945680244320518,20000,20000,20,,
hopper-medium-replay-v2,2,rnn,2,5,5,0.006697072652357088,0.05605483315159229,0.000396367526397714,20000,20000,20,,
hopper-medium-replay-v2,2,rnn,2,6,5,0.008432921308033123,0.07113001267368481,0.000502965143074476,20000,20000,20,,
hopper-medium-replay-v2,2,rnn,2,7,3,0.009412268574578768,0.07909581165510854,0.0005592918478478121,20000,20000,20,,
hopper-medium-replay-v2,2,rnn,2,8,2,0.011987021431027084,0.11245924304773111,0.0007952069336615677,20000,20000,20,,
hopper-medium-replay-v2,2,rnn,2,9,3,0.01161675819209054,0.10100429559324144,0.0007142082234295154,20000,20000,20,,
hopper-medium-replay-v2,2,rnn,2,10,1,0.01267699946038417,0.10744835524748456,0.0007597746062283749,20000,20000,20,,
hopper-medium-replay-v2,2,rnn,2,11,1,0.014763528332989136,0.13589510486414547,0.0009609235017949423,20000,20000,20,,
hopper-medium-replay-v2,2,rnn,2,12,1,0.015836218460937173,0.14437662703448387,0.0010208969202092457,20000,20000,20,,
hopper-medium-replay-v2,2,rnn,2,13,3,0.015959093328003625,0.11906902054420379,0.0008419451185604684,20000,20000,20,,
hopper-medium-replay-v2,2,rnn,2,14,4,0.017552226500268976,0.12723568048960537,0.0008996921248308486,20000,20000,20,,
hopper-medium-replay-v2,2,rnn,2,15,3,0.02019587563766544,0.14636303196266498,0.001034942924158238,20000,20000,20,,
hopper-medium-replay-v2,2,rnn,2,16,4,0.023171358515585147,0.1798820816981178,0.0012719583978269165,20000,20000,20,,
hopper-medium-replay-v2,2,rnn,2,17,2,0.024099596922397295,0.18164642686558966,0.0012844342021496472,20000,20000,20,,
hopper-medium-replay-v2,2,rnn,2,18,2,0.024946196590579117,0.19773144807411883,0.0013981724778704512,20000,20000,20,,
hopper-medium-replay-v2,2,rnn,2,19,4,0.027240976039585973,0.22780413541390673,0.00161081848933512,20000,20000,20,,
hopper-medium-replay-v2,2,rnn,2,20,2,0.02589961016060107,0.20067069690862885,0.001418956105695218,20000,20000,20,,
hopper-medium-replay-v2,2,rnn,2,21,5,0.02487005217430925,0.17008151483890974,0.0012026579249707348,20000,20000,20,,
hopper-medium-replay-v2,2,rnn,2,22,1,0.02403215286346642,0.1521640186943864,0.001075962094713972,20000,20000,20,,
hopper-medium-replay-v2,2,rnn,2,23,5,0.023226561276785743,0.14905543486142472,0.0010539810876322314,20000,20000,20,,
hopper-medium-replay-v2,2,rnn,2,24,1,0.024335864302567192,0.1287249337395591,0.0009102227355503124,20000,20000,20,,
hopper-medium-replay-v2,2,rnn,2,25,3,0.02620333843030895,0.1414769442202538,0.001000393066396924,20000,20000,20,,
hopper-medium-replay-v2,2,rnn,2,26,5,0.030162441891391244,0.16049160226375184,0.0011348470028419318,20000,20000,20,,
hopper-medium-replay-v2,2,rnn,2,27,2,0.0342879200333564,0.19528010665753615,0.0013808388764837607,20000,20000,20,,
hopper-medium-replay-v2,2,rnn,2,28,3,0.03577032156282636,0.20050773805920807,0.0014178038126204202,20000,20000,20,,
hopper-medium-replay-v2,2,rnn,2,29,3,0.03683159369452909,0.20685900638428906,0.001462714061638421,20000,20000,20,,
hopper-medium-replay-v2,2,rnn,2,30,4,0.03550773648829956,0.19321319859995037,0.0013662236294476806,20000,20000,20,,
hopper-medium-replay-v2,2,rnn,2,31,2,0.03581253898609865,0.19921918507274017,0.001408692367073924,20000,20000,20,,
hopper-medium-replay-v2,2,rnn,2,32,2,0.036155830278583,0.20444851858389998,0.0014456693389421956,20000,20000,20,,
hopper-medium-replay-v2,2,rnn,2,33,4,0.0387557962700726,0.22628890874000987,0.0016001042187736478,20000,20000,20,,
hopper-medium-replay-v2,2,rnn,2,34,5,0.0430496523742036,0.24743991230844,0.0017496643992950258,20000,20000,20,,
hopper-medium-replay-v2,2,rnn,2,35,2,0.04103072790886142,0.2181366115293583,0.0015424587723746486,20000,20000,20,,
hopper-medium-replay-v2,2,rnn,2,36,2,0.041451648816483715,0.21328411448909643,0.0015081464367460804,20000,20000,20,,
hopper-medium-replay-v2,2,rnn,2,37,4,0.04422160320453611,0.2509009993522745,0.0017741379804847486,20000,20000,20,,
hopper-medium-replay-v2,2,rnn,2,38,1,0.0495470932599068,0.2841454346008097,0.002009211636494312,20000,20000,20,,
hopper-medium-replay-v2,2,rnn,2,39,4,0.052032254220322066,0.30110643889909466,0.0021291440480448267,20000,20000,20,,
hopper-medium-replay-v2,2,rnn,2,40,3,0.0534664668113598,0.3122083350593764,0.0022076463086344675,20000,20000,20,,
hopper-medium-replay-v2,2,rnn,2,41,3,0.05487167214432566,0.2873648453461802,0.002031976308189075,20000,20000,20,,
hopper-medium-replay-v2,2,rnn,2,42,5,0.05893610546008729,0.30455495697992974,0.0021535287532448554,20000,20000,20,,
hopper-medium-replay-v2,2,rnn,2,43,5,0.05811989143697409,0.28056895518962954,0.001983922108050116,20000,20000,20,,
hopper-medium-replay-v2,2,rnn,2,44,5,0.06025956661323771,0.2898463874954608,0.002049523461004641,20000,20000,20,,
hopper-medium-replay-v2,2,rnn,2,45,4,0.0624524517527469,0.3143925151585792,0.002223090794229258,20000,20000,20,,
hopper-medium-replay-v2,2,rnn,2,46,3,0.06304426524408557,0.32076588969772424,0.002268157357785969,20000,20000,20,,
hopper-medium-replay-v2,2,rnn,2,47,3,0.06476777557141199,0.3380868261760281,0.00239063487418907,20000,20000,20,,
hopper-medium-replay-v2,2,rnn,2,48,5,0.06989627971323896,0.3992666233197674,0.002823241368508625,20000,20000,20,,
hopper-medium-replay-v2,2,rnn,2,49,3,0.07294019017157022,0.41769717106723436,0.002953565021440788,20000,20000,20,,
hopper-medium-replay-v2,2,rnn,2,50,3,0.0743695009676989,0.4115454769339067,0.002910065975066173,20000,20000,20,,
hopper-medium-replay-v2,2,rnn,2,51,2,0.07334273602809589,0.3868861794373978,0.002735698410275394,20000,20000,20,,
hopper-medium-replay-v2,2,rnn,2,52,3,0.07388555123763142,0.37035016084936584,0.002618771101501152,20000,20000,20,,
hopper-medium-replay-v2,2,rnn,2,53,3,0.07681560499640831,0.3719307966494125,0.002629947884429144,20000,20000,20,,
hopper-medium-replay-v2,2,rnn,2,54,2,0.08323675544331775,0.41675117114243665,0.0029468757918225236,20000,20000,20,,
hopper-medium-replay-v2,2,rnn,2,55,4,0.08568379505525545,0.4293255494689093,0.003035790073661063,20000,20000,20,,
hopper-medium-replay-v2,2,rnn,2,56,3,0.08896620208140218,0.4500397143710381,0.00318226133835018,20000,20000,20,,
hopper-medium-replay-v2,2,rnn,2,57,2,0.09277186006518957,0.45808001432106676,0.003239114844524571,20000,20000,20,,
hopper-medium-replay-v2,2,rnn,2,58,4,0.10093470032719455,0.521046465518312,0.00368435489081281,20000,20000,20,,
hopper-medium-replay-v2,2,rnn,2,59,1,0.10621084036463012,0.5652590436384641,0.003996985028837805,20000,20000,20,,
hopper-medium-replay-v2,2,rnn,2,60,5,0.10493832399038115,0.5458131721677808,0.0038594819530077835,20000,20000,20,,
hopper-medium-replay-v2,2,rnn,2,61,1,0.1105978628451315,0.578467449494745,0.004090382562334209,20000,20000,20,,
hopper-medium-replay-v2,2,rnn,2,62,5,0.11836816448358181,0.6451127570618278,0.004561636051483683,20000,20000,20,,
hopper-medium-replay-v2,2,rnn,2,63,5,0.12732466535299583,0.684234698541548,0.004838269952618616,20000,20000,20,,
hopper-medium-replay-v2,2,rnn,2,64,4,0.13564083929323703,0.7284676918890761,0.005151044448100783,20000,20000,20,,
hopper-medium-replay-v2,2,rnn,2,65,5,0.13418111436700372,0.7114517965712776,0.005030723898429025,20000,20000,20,,
hopper-medium-replay-v2,2,rnn,2,66,5,0.13734505893425408,0.7133187107138544,0.005043924974930117,20000,20000,20,,
hopper-medium-replay-v2,2,rnn,2,67,2,0.14126065495151882,0.7315234215895358,0.005172651720027464,20000,20000,20,,
hopper-medium-replay-v2,2,rnn,2,68,2,0.1439562797041788,0.7198598161998496,0.005090177575386154,20000,20000,20,,
hopper-medium-replay-v2,2,rnn,2,69,3,0.1427691918315463,0.7194719137150872,0.005087434690612008,20000,20000,20,,
hopper-medium-replay-v2,2,rnn,2,70,5,0.14323126418149615,0.7247743952195684,0.005124928896901357,20000,20000,20,,
hopper-medium-replay-v2,2,rnn,2,71,5,0.14555198017771526,0.7450831773091133,0.005268533672232928,20000,20000,20,,
hopper-medium-replay-v2,2,rnn,2,72,2,0.1434379756895538,0.7204269530328687,0.005094187838391039,20000,20000,20,,
hopper-medium-replay-v2,2,rnn,2,73,5,0.14561544289566763,0.709767217882626,0.005018812128287146,20000,20000,20,,
hopper-medium-replay-v2,2,rnn,2,74,2,0.15400958881649932,0.7418241752312998,0.005245489047541698,20000,20000,20,,
hopper-medium-replay-v2,2,rnn,2,75,1,0.15828860496353767,0.7452231980842702,0.005269523768629132,20000,20000,20,,
hopper-medium-replay-v2,2,rnn,2,76,2,0.15903727827645858,0.756304999827957,0.00534788394023639,20000,20000,20,,
hopper-medium-replay-v2,2,rnn,2,77,1,0.16892155322283678,0.7826745169552094,0.00553434458400934,20000,20000,20,,
hopper-medium-replay-v2,2,rnn,2,78,1,0.17573966488701648,0.7961880800153447,0.005629899904787477,20000,20000,20,,
hopper-medium-replay-v2,2,rnn,2,79,1,0.1803702687665286,0.8104450664504664,0.005730712022663069,20000,20000,20,,
hopper-medium-replay-v2,2,rnn,2,80,1,0.1904315798264517,0.853019984250408,0.006031762153511055,20000,20000,20,,
hopper-medium-replay-v2,2,rnn,2,81,4,0.20162911962428426,0.8631171623768485,0.0061031599847516,20000,20000,20,,
hopper-medium-replay-v2,2,rnn,2,82,4,0.20567726233004205,0.8594107796022684,0.006076951900815814,20000,20000,20,,
hopper-medium-replay-v2,2,rnn,2,83,1,0.20711241993264015,0.8574925023108734,0.0060633876320063985,20000,20000,20,,
hopper-medium-replay-v2,2,rnn,2,84,5,0.21439583369952692,0.8830113496709858,0.006243833132170398,20000,20000,20,,
hopper-medium-replay-v2,2,rnn,2,85,2,0.21579159881922005,0.8706641270783897,0.006156525083929953,20000,20000,20,,
hopper-medium-replay-v2,2,rnn,2,86,3,0.21276998765779045,0.8495029132644142,0.006006892706069948,20000,20000,20,,
hopper-medium-replay-v2,2,rnn,2,87,5,0.21448234690192972,0.8517304322455501,0.006022643643837778,20000,20000,20,,
hopper-medium-replay-v2,2,rnn,2,88,1,0.21966055610430327,0.868789418929526,0.006143268895481881,20000,20000,20,,
hopper-medium-replay-v2,2,rnn,2,89,3,0.22105815454772856,0.8636308173400273,0.006106792073828139,20000,20000,20,,
hopper-medium-replay-v2,2,rnn,2,90,1,0.2309143193003579,0.9249523804848533,0.006540401005154794,20000,20000,20,,
hopper-medium-replay-v2,2,rnn,2,91,4,0.23776375809696973,0.9454198721754652,0.006685128026837904,20000,20000,20,,
hopper-medium-replay-v2,2,rnn,2,92,5,0.2464278359806554,0.96440406568718,0.006819366546512815,20000,20000,20,,
hopper-medium-replay-v2,2,rnn,2,93,4,0.25861313957863247,1.0125919629008362,0.007160106435421782,20000,20000,20,,
hopper-medium-replay-v2,2,rnn,2,94,5,0.2668857357514785,1.0612142594816079,0.007503917991713053,20000,20000,20,,
hopper-medium-replay-v2,2,rnn,2,95,1,0.2661386054811136,1.0421839375688062,0.007369353294986004,20000,20000,20,,
hopper-medium-replay-v2,2,rnn,2,96,3,0.26127675653261173,1.0157709697196227,0.007182585408211804,20000,20000,20,,
hopper-medium-replay-v2,2,rnn,2,97,1,0.2612656433686432,1.0168011382331625,0.007189869799628693,20000,20000,20,,
hopper-medium-replay-v2,2,rnn,2,98,3,0.27114057798221763,1.0345478684586138,0.007315358132491742,20000,20000,20,,
hopper-medium-replay-v2,2,rnn,2,99,3,0.282675738621452,1.0518190174633584,0.007437483598293123,20000,20000,20,,
hopper-medium-replay-v2,2,rnn,2,100,1,0.29181439660648173,1.054739950565198,0.007458137714330154,20000,20000,20,,
hopper-medium-replay-v2,2,rnn,3,1,2,0.0008677428966385427,0.005453246057738928,3.856027266906003e-05,20000,20000,20,,
hopper-medium-replay-v2,2,rnn,3,2,1,0.002436216743757206,0.013080121011884835,9.249042266244412e-05,20000,20000,20,,
hopper-medium-replay-v2,2,rnn,3,3,3,0.00228581064692807,0.011278200567796158,7.974892101070634e-05,20000,20000,20,,
hopper-medium-replay-v2,2,rnn,3,4,5,0.003069194611702686,0.020140139434705103,0.00014241229168322577,20000,20000,20,,
hopper-medium-replay-v2,2,rnn,3,5,5,0.004682511907248606,0.03485411520032546,0.00024645581210407255,20000,20000,20,,
hopper-medium-replay-v2,2,rnn,3,6,3,0.006778802489935852,0.06370932272255836,0.00045049294121923215,20000,20000,20,,
hopper-medium-replay-v2,2,rnn,3,7,2,0.007820118616543033,0.06734674559700142,0.00047621340502484967,20000,20000,20,,
hopper-medium-replay-v2,2,rnn,3,8,3,0.008782097092643932,0.07574954380494728,0.0005356301609626564,20000,20000,20,,
hopper-medium-replay-v2,2,rnn,3,9,1,0.0110537971731269,0.10509745710731658,0.0007431512460604586,20000,20000,20,,
hopper-medium-replay-v2,2,rnn,3,10,4,0.012062891864458558,0.12158422805641109,0.0008597303214401996,20000,20000,20,,
hopper-medium-replay-v2,2,rnn,3,11,1,0.013057084403190691,0.11384184479695049,0.0008049834043871017,20000,20000,20,,
hopper-medium-replay-v2,2,rnn,3,12,3,0.012450433170702319,0.10187158997963497,0.0007203409208485543,20000,20000,20,,
hopper-medium-replay-v2,2,rnn,3,13,2,0.013721835601227767,0.10127215059010071,0.0007161022442760543,20000,20000,20,,
hopper-medium-replay-v2,2,rnn,3,14,2,0.015650105160347455,0.11388254530399054,0.0008052712004323593,20000,20000,20,,
hopper-medium-replay-v2,2,rnn,3,15,4,0.018064076558942533,0.14871159315612162,0.0010515497596174856,20000,20000,20,,
hopper-medium-replay-v2,2,rnn,3,16,2,0.019853308715770884,0.15631491015872215,0.0011053133297379838,20000,20000,20,,
hopper-medium-replay-v2,2,rnn,3,17,4,0.02195497403220403,0.18593148470541723,0.0013147341367128337,20000,20000,20,,
hopper-medium-replay-v2,2,rnn,3,18,2,0.02249969519153162,0.18393000767490983,0.0013005815569062246,20000,20000,20,,
hopper-medium-replay-v2,2,rnn,3,19,5,0.023590529215643877,0.1889399212869015,0.0013360069957882058,20000,20000,20,,
hopper-medium-replay-v2,2,rnn,3,20,4,0.0235363773937113,0.1885403513770344,0.0013331816098599543,20000,20000,20,,
hopper-medium-replay-v2,2,rnn,3,21,4,0.02171722795347456,0.16975375811234228,0.0012003403349313813,20000,20000,20,,
hopper-medium-replay-v2,2,rnn,3,22,1,0.02308326547327975,0.17004793940512153,0.0012024205108016055,20000,20000,20,,
hopper-medium-replay-v2,2,rnn,3,23,2,0.022325911303693404,0.1378035942473206,0.0009744185596415991,20000,20000,20,,
hopper-medium-replay-v2,2,rnn,3,24,5,0.022104133622168586,0.12861690385113664,0.0009094588488835689,20000,20000,20,,
hopper-medium-replay-v2,2,rnn,3,25,2,0.022964738799301825,0.11997118779400193,0.0008483244043614352,20000,20000,20,,
hopper-medium-replay-v2,2,rnn,3,26,2,0.027657906240254392,0.15621860871727472,0.0011046323757151286,20000,20000,20,,
hopper-medium-replay-v2,2,rnn,3,27,3,0.03079441966774752,0.17357786652092333,0.0012273808648083828,20000,20000,20,,
hopper-medium-replay-v2,2,rnn,3,28,3,0.031247264998008974,0.18296003193793872,0.0012937227926942377,20000,20000,20,,
hopper-medium-replay-v2,2,rnn,3,29,2,0.031070349629242048,0.1823620547163336,0.0012894944552103171,20000,20000,20,,
hopper-medium-replay-v2,2,rnn,3,30,4,0.0320409533490593,0.17845814563496054,0.0012618896493645708,20000,20000,20,,
hopper-medium-replay-v2,2,rnn,3,31,5,0.03304274393330018,0.17895762782922406,0.0012654215218310275,20000,20000,20,,
hopper-medium-replay-v2,2,rnn,3,32,1,0.03634178818380171,0.21368949207688948,0.0015110128891587756,20000,20000,20,,
hopper-medium-replay-v2,2,rnn,3,33,2,0.037757911321795165,0.2196178274402066,0.0015529325505242713,20000,20000,20,,
hopper-medium-replay-v2,2,rnn,3,34,5,0.03752532127710453,0.1985072099367618,0.0014036579426070588,20000,20000,20,,
hopper-medium-replay-v2,2,rnn,3,35,5,0.03798819673508584,0.1937121445278674,0.001369751709938436,20000,20000,20,,
hopper-medium-replay-v2,2,rnn,3,36,5,0.040898281201651156,0.20600496575464733,0.0014566750824321361,20000,20000,20,,
hopper-medium-replay-v2,2,rnn,3,37,3,0.04376284417220467,0.23059026052884932,0.0016305193689552203,20000,20000,20,,
hopper-medium-replay-v2,2,rnn,3,38,3,0.048970442809385256,0.27921204294241225,0.001974327289535292,20000,20000,20,,
hopper-medium-replay-v2,2,rnn,3,39,1,0.051678661919283005,0.29439082462656285,0.0020816574841254227,20000,20000,20,,
hopper-medium-replay-v2,2,rnn,3,40,4,0.05315625808342102,0.29378311433745474,0.002077360323461171,20000,20000,20,,
hopper-medium-replay-v2,2,rnn,3,41,1,0.052154922733389855,0.2650123989094233,0.0018739206436736763,20000,20000,20,,
hopper-medium-replay-v2,2,rnn,3,42,4,0.05199147161782242,0.2566177126946398,0.0018145612481896096,20000,20000,20,,
hopper-medium-replay-v2,2,rnn,3,43,5,0.05608295603935408,0.28573514946429035,0.002020452618095514,20000,20000,20,,
hopper-medium-replay-v2,2,rnn,3,44,4,0.05900859876309364,0.2941644563261122,0.0020800568185224792,20000,20000,20,,
hopper-medium-replay-v2,2,rnn,3,45,3,0.0630001408173137,0.3137603533933466,0.00221862073551923,20000,20000,20,,
hopper-medium-replay-v2,2,rnn,3,46,2,0.0660976928084126,0.3408028117950355,0.002409839792677123,20000,20000,20,,
hopper-medium-replay-v2,2,rnn,3,47,3,0.06606890257931788,0.3528260549141077,0.0024948569600906274,20000,20000,20,,
hopper-medium-replay-v2,2,rnn,3,48,3,0.06619026707912032,0.33920279675078835,0.0023985259777992464,20000,20000,20,,
hopper-medium-replay-v2,2,rnn,3,49,2,0.06713931451759302,0.344502112987883,0.0024359978022682627,20000,20000,20,,
hopper-medium-replay-v2,2,rnn,3,50,4,0.06942224407163755,0.34667850579580084,0.0024513872233983057,20000,20000,20,,
hopper-medium-replay-v2,2,rnn,3,51,4,0.07316005707890097,0.3784946381626142,0.002676361252875331,20000,20000,20,,
hopper-medium-replay-v2,2,rnn,3,52,2,0.07527996309633796,0.37819640564634166,0.002674252430529065,20000,20000,20,,
hopper-medium-replay-v2,2,rnn,3,53,4,0.07810221258606911,0.36781383985532484,0.00260083660375963,20000,20000,20,,
hopper-medium-replay-v2,2,rnn,3,54,3,0.08174779970906579,0.3988971353230373,0.0028206286938280757,20000,20000,20,,
hopper-medium-replay-v2,2,rnn,3,55,5,0.08352667837123874,0.42900053579507186,0.003033491879933575,20000,20000,20,,
hopper-medium-replay-v2,2,rnn,3,56,2,0.0875697404640483,0.4665220470453641,0.003298809030388065,20000,20000,20,,
hopper-medium-replay-v2,2,rnn,3,57,3,0.08894686999734432,0.45263140890568715,0.0032005873861523245,20000,20000,20,,
hopper-medium-replay-v2,2,rnn,3,58,3,0.09296034432943484,0.4677499100080741,0.0033074913326610654,20000,20000,20,,
hopper-medium-replay-v2,2,rnn,3,59,3,0.09452450872698892,0.47725071653950696,0.0033746721799122414,20000,20000,20,,
hopper-medium-replay-v2,2,rnn,3,60,1,0.10084414581070068,0.5350722030072581,0.003783531831708572,20000,20000,20,,
hopper-medium-replay-v2,2,rnn,3,61,4,0.10633052002941625,0.5752210314375121,0.004067426920105851,20000,20000,20,,
hopper-medium-replay-v2,2,rnn,3,62,4,0.10986442423718842,0.6048074500301416,0.00427663449228457,20000,20000,20,,
hopper-medium-replay-v2,2,rnn,3,63,5,0.11211654526546308,0.6017061629161192,0.004254705080797254,20000,20000,20,,
hopper-medium-replay-v2,2,rnn,3,64,5,0.1178902619062697,0.5945359191462335,0.004204003800872786,20000,20000,20,,
hopper-medium-replay-v2,2,rnn,3,65,2,0.12702953801472186,0.6452653616226445,0.004562715128681617,20000,20000,20,,
hopper-medium-replay-v2,2,rnn,3,66,2,0.1263034430970263,0.6227823397814433,0.0044037361566268305,20000,20000,20,,
hopper-medium-replay-v2,2,rnn,3,67,1,0.12861386918843803,0.6275739262704865,0.004437617789617274,20000,20000,20,,
hopper-medium-replay-v2,2,rnn,3,68,2,0.13531616796226625,0.6661461510318446,0.004710364606559354,20000,20000,20,,
hopper-medium-replay-v2,2,rnn,3,69,4,0.13883268265084153,0.6969197137519421,0.004927966555365858,20000,20000,20,,
hopper-medium-replay-v2,2,rnn,3,70,4,0.1395260797210925,0.6972949609348416,0.0049306199536423515,20000,20000,20,,
hopper-medium-replay-v2,2,rnn,3,71,4,0.14595459265989416,0.7303887851268239,0.005164628628657813,20000,20000,20,,
hopper-medium-replay-v2,2,rnn,3,72,5,0.15102134802851858,0.7411226908095149,0.005240528803626289,20000,20000,20,,
hopper-medium-replay-v2,2,rnn,3,73,4,0.1560500299826316,0.7616627904899984,0.0053857692413294645,20000,20000,20,,
hopper-medium-replay-v2,2,rnn,3,74,1,0.1570063391556787,0.7301633327205753,0.005163034439404881,20000,20000,20,,
hopper-medium-replay-v2,2,rnn,3,75,4,0.16034287723739177,0.7421976437412282,0.005248129868700998,20000,20000,20,,
hopper-medium-replay-v2,2,rnn,3,76,1,0.160269095084699,0.7349939266127564,0.005197191896388077,20000,20000,20,,
hopper-medium-replay-v2,2,rnn,3,77,2,0.1610028599086535,0.7289874039802817,0.005154719367540344,20000,20000,20,,
hopper-medium-replay-v2,2,rnn,3,78,4,0.16829307350786785,0.7725161718148588,0.005462514236665586,20000,20000,20,,
hopper-medium-replay-v2,2,rnn,3,79,3,0.18036155277853175,0.8213082695005048,0.005807526468083955,20000,20000,20,,
hopper-medium-replay-v2,2,rnn,3,80,2,0.18528655438625874,0.8463778595814885,0.00598479523956226,20000,20000,20,,
hopper-medium-replay-v2,2,rnn,3,81,4,0.18758423062358856,0.8348090800591916,0.005902991615059579,20000,20000,20,,
hopper-medium-replay-v2,2,rnn,3,82,1,0.19388220985738777,0.8440087737853621,0.005968043273245723,20000,20000,20,,
hopper-medium-replay-v2,2,rnn,3,83,4,0.1977929344203344,0.8515817808883189,0.00602159252001047,20000,20000,20,,
hopper-medium-replay-v2,2,rnn,3,84,2,0.19560204669781878,0.8155836698592194,0.005767047435824645,20000,20000,20,,
hopper-medium-replay-v2,2,rnn,3,85,5,0.19372229249445513,0.7894884428950111,0.005582526316394707,20000,20000,20,,
hopper-medium-replay-v2,2,rnn,3,86,3,0.20204730873989624,0.8199423787320704,0.0057978681618367535,20000,20000,20,,
hopper-medium-replay-v2,2,rnn,3,87,4,0.20679687916239423,0.8435550502273683,0.005964834963199308,20000,20000,20,,
hopper-medium-replay-v2,2,rnn,3,88,1,0.2094065446721614,0.8684341658151724,0.00614075687661991,20000,20000,20,,
hopper-medium-replay-v2,2,rnn,3,89,3,0.21222874253531598,0.8773869393173482,0.006204062545158068,20000,20000,20,,
hopper-medium-replay-v2,2,rnn,3,90,1,0.21919354993053394,0.9007941208238914,0.006369576312875478,20000,20000,20,,
hopper-medium-replay-v2,2,rnn,3,91,3,0.22831465766766182,0.9293003215430182,0.006571145591219072,20000,20000,20,,
hopper-medium-replay-v2,2,rnn,3,92,4,0.23828613765665596,0.9370147824403174,0.00662569506735586,20000,20000,20,,
hopper-medium-replay-v2,2,rnn,3,93,1,0.24551438826815233,0.9551061563134002,0.006753620398822239,20000,20000,20,,
hopper-medium-replay-v2,2,rnn,3,94,5,0.24748726114843797,0.9447609739586609,0.006680468912865763,20000,20000,20,,
hopper-medium-replay-v2,2,rnn,3,95,2,0.259613556155523,0.9960542154636362,0.007043166901837836,20000,20000,20,,
hopper-medium-replay-v2,2,rnn,3,96,1,0.26416918252559135,1.015642165226314,0.007181674622905145,20000,20000,20,,
hopper-medium-replay-v2,2,rnn,3,97,5,0.2596762190870243,0.9841651163782804,0.006959098275983298,20000,20000,20,,
hopper-medium-replay-v2,2,rnn,3,98,3,0.26853961460918047,1.0311946299844785,0.007291647155851775,20000,20000,20,,
hopper-medium-replay-v2,2,rnn,3,99,1,0.2779038141012508,1.057246202784597,0.0074758595937271625,20000,20000,20,,
hopper-medium-replay-v2,2,rnn,3,100,3,0.2842129055304438,1.072517128443711,0.007583841344612713,20000,20000,20,,
hopper-medium-replay-v2,2,rnn,4,1,4,0.0006758653381046351,0.004259561447484543,3.011964784397106e-05,20000,20000,20,,
hopper-medium-replay-v2,2,rnn,4,2,5,0.0009720384523808974,0.00466781534770067,3.300643885685786e-05,20000,20000,20,,
hopper-medium-replay-v2,2,rnn,4,3,1,0.0026945713725347966,0.014218260206212826,0.00010053828208487929,20000,20000,20,,
hopper-medium-replay-v2,2,rnn,4,4,1,0.0037121652895346093,0.01942820190135986,0.00013737813310712933,20000,20000,20,,
hopper-medium-replay-v2,2,rnn,4,5,3,0.004098013601678825,0.022524532461077128,0.0001592724964628415,20000,20000,20,,
hopper-medium-replay-v2,2,rnn,4,6,2,0.006330104799251499,0.05035152883931544,0.0003560390748538996,20000,20000,20,,
hopper-medium-replay-v2,2,rnn,4,7,1,0.01058918692444687,0.10303598245805994,0.0007285744190231233,20000,20000,20,,
hopper-medium-replay-v2,2,rnn,4,8,5,0.013307308284432832,0.11977160576918319,0.0008469131463299125,20000,20000,20,,
hopper-medium-replay-v2,2,rnn,4,9,4,0.015528229022292266,0.1335777883722301,0.0009445375997390547,20000,20000,20,,
hopper-medium-replay-v2,2,rnn,4,10,4,0.016652130076506927,0.15456043885878748,0.0010929073442021739,20000,20000,20,,
hopper-medium-replay-v2,2,rnn,4,11,5,0.01895452993476864,0.18870253047146363,0.0013343283892343304,20000,20000,20,,
hopper-medium-replay-v2,2,rnn,4,12,5,0.019346347587997782,0.18936726537945808,0.0013390287748456734,20000,20000,20,,
hopper-medium-replay-v2,2,rnn,4,13,3,0.01665605040606806,0.14003993384785168,0.0009902318686073144,20000,20000,20,,
hopper-medium-replay-v2,2,rnn,4,14,2,0.014990264204659157,0.1266041651671265,0.0008952266371613683,20000,20000,20,,
hopper-medium-replay-v2,2,rnn,4,15,4,0.014637075716688066,0.13513473777318497,0.0009555468945328497,20000,20000,20,,
hopper-medium-replay-v2,2,rnn,4,16,3,0.014524516230318401,0.1287528044932518,0.0009104198115396412,20000,20000,20,,
hopper-medium-replay-v2,2,rnn,4,17,4,0.014250352412260555,0.11093840351534569,0.0007844529741971045,20000,20000,20,,
hopper-medium-replay-v2,2,rnn,4,18,5,0.014235065687208148,0.10882234370022797,0.0007694901717504437,20000,20000,20,,
hopper-medium-replay-v2,2,rnn,4,19,4,0.015795647994625853,0.10838158525689222,0.0007663735389089643,20000,20000,20,,
hopper-medium-replay-v2,2,rnn,4,20,4,0.016881488154458033,0.11287424143580774,0.0007981414154054723,20000,20000,20,,
hopper-medium-replay-v2,2,rnn,4,21,5,0.016781137181230803,0.10350938326508645,0.0007319218682317997,20000,20000,20,,
hopper-medium-replay-v2,2,rnn,4,22,1,0.01890950150250626,0.10797567570374288,0.0007635033249331612,20000,20000,20,,
hopper-medium-replay-v2,2,rnn,4,23,4,0.018559592898524154,0.10453045489541289,0.00073914193497061,20000,20000,20,,
hopper-medium-replay-v2,2,rnn,4,24,3,0.01923049739159192,0.11624700075838522,0.0008219904252885192,20000,20000,20,,
hopper-medium-replay-v2,2,rnn,4,25,5,0.019899643143220926,0.10631783191380068,0.0007517805990729999,20000,20000,20,,
hopper-medium-replay-v2,2,rnn,4,26,5,0.0225511637993166,0.12504894955406348,0.0008842296020993278,20000,20000,20,,
hopper-medium-replay-v2,2,rnn,4,27,4,0.024302078579654527,0.13204541568119693,0.0009337020885277083,20000,20000,20,,
hopper-medium-replay-v2,2,rnn,4,28,3,0.026491536525473737,0.15796974293008,0.0011170147644815524,20000,20000,20,,
hopper-medium-replay-v2,2,rnn,4,29,2,0.02709907063489012,0.1728210478538772,0.001222029348692414,20000,20000,20,,
hopper-medium-replay-v2,2,rnn,4,30,4,0.027729140707970924,0.16663128126398677,0.0011782610893956793,20000,20000,20,,
hopper-medium-replay-v2,2,rnn,4,31,3,0.029837390553953885,0.18737216325096612,0.0013249212724035096,20000,20000,20,,
hopper-medium-replay-v2,2,rnn,4,32,5,0.02933743772361155,0.18656078432117704,0.0013191839569698521,20000,20000,20,,
hopper-medium-replay-v2,2,rnn,4,33,4,0.031246226587066574,0.19515414652566895,0.0013799482038497363,20000,20000,20,,
hopper-medium-replay-v2,2,rnn,4,34,2,0.032684183075035206,0.17692506437648323,0.0012510491278247776,20000,20000,20,,
hopper-medium-replay-v2,2,rnn,4,35,5,0.034009428255642404,0.18313978086700078,0.0012949938095607458,20000,20000,20,,
hopper-medium-replay-v2,2,rnn,4,36,5,0.036128573638344895,0.20448856162945844,0.001445952486032733,20000,20000,20,,
hopper-medium-replay-v2,2,rnn,4,37,4,0.03818825001420131,0.21851256278808026,0.001545117149219028,20000,20000,20,,
hopper-medium-replay-v2,2,rnn,4,38,5,0.03908410702255313,0.21917876860960928,0.0015498279357597192,20000,20000,20,,
hopper-medium-replay-v2,2,rnn,4,39,1,0.04075397298952792,0.20527207968594416,0.0014514927953419646,20000,20000,20,,
hopper-medium-replay-v2,2,rnn,4,40,3,0.04292644762746208,0.246247137696619,0.001741230209130568,20000,20000,20,,
hopper-medium-replay-v2,2,rnn,4,41,2,0.04568626761898753,0.2854225365284493,0.0020182421108273156,20000,20000,20,,
hopper-medium-replay-v2,2,rnn,4,42,5,0.04910268648959987,0.30773483319481676,0.0021760138735936597,20000,20000,20,,
hopper-medium-replay-v2,2,rnn,4,43,4,0.05184054426575399,0.30638411017388895,0.0021664628195176313,20000,20000,20,,
hopper-medium-replay-v2,2,rnn,4,44,1,0.055688802552988775,0.3133322101573235,0.0022155933056641187,20000,20000,20,,
hopper-medium-replay-v2,2,rnn,4,45,2,0.05823597863485361,0.3081252184268078,0.002178774314041819,20000,20000,20,,
hopper-medium-replay-v2,2,rnn,4,46,4,0.06117344476833923,0.31927655362802265,0.0022576261614424523,20000,20000,20,,
hopper-medium-replay-v2,2,rnn,4,47,2,0.06146733876777066,0.32863759389991115,0.0023238187119945792,20000,20000,20,,
hopper-medium-replay-v2,2,rnn,4,48,4,0.06376991533134418,0.3244037023850864,0.0022938805779851718,20000,20000,20,,
hopper-medium-replay-v2,2,rnn,4,49,2,0.0655595037139713,0.32623645067076884,0.0023068400653953125,20000,20000,20,,
hopper-medium-replay-v2,2,rnn,4,50,1,0.07004248337519557,0.3560293038614443,0.0025175073506155314,20000,20000,20,,
hopper-medium-replay-v2,2,rnn,4,51,4,0.07567242245558703,0.3915859771512394,0.0027689309986120183,20000,20000,20,,
hopper-medium-replay-v2,2,rnn,4,52,1,0.07415310271804804,0.38784285780623856,0.0027424631478956117,20000,20000,20,,
hopper-medium-replay-v2,2,rnn,4,53,5,0.07609907354543148,0.40493921602240246,0.0028633526561780503,20000,20000,20,,
hopper-medium-replay-v2,2,rnn,4,54,5,0.0762299865281907,0.3775989133858633,0.0026700275222381574,20000,20000,20,,
hopper-medium-replay-v2,2,rnn,4,55,4,0.08050618399798955,0.4061778024714819,0.0028721107849503484,20000,20000,20,,
hopper-medium-replay-v2,2,rnn,4,56,4,0.09041979664270958,0.4741701605790713,0.0033528893598177545,20000,20000,20,,
hopper-medium-replay-v2,2,rnn,4,57,2,0.09909623305902474,0.5178522911120328,0.003661768666983085,20000,20000,20,,
hopper-medium-replay-v2,2,rnn,4,58,4,0.10227519112834242,0.535421733924419,0.0037860033885261605,20000,20000,20,,
hopper-medium-replay-v2,2,rnn,4,59,4,0.09921773867848607,0.499759034686452,0.003533830023860332,20000,20000,20,,
hopper-medium-replay-v2,2,rnn,4,60,2,0.10256377964422543,0.5500164363425448,0.0038892035190187246,20000,20000,20,,
hopper-medium-replay-v2,2,rnn,4,61,4,0.10322627133052506,0.5766143195611764,0.004077278954909747,20000,20000,20,,
hopper-medium-replay-v2,2,rnn,4,62,5,0.09888235178462583,0.5522806160597592,0.003905213687337398,20000,20000,20,,
hopper-medium-replay-v2,2,rnn,4,63,5,0.10036303375121802,0.5453910025229034,0.003856496762820744,20000,20000,20,,
hopper-medium-replay-v2,2,rnn,4,64,2,0.1069874562384617,0.5809235455814221,0.00410774978431556,20000,20000,20,,
hopper-medium-replay-v2,2,rnn,4,65,4,0.10942766371123701,0.581783174214659,0.004113828276674199,20000,20000,20,,
hopper-medium-replay-v2,2,rnn,4,66,3,0.11074140285479485,0.5709318514555108,0.004037097837595823,20000,20000,20,,
hopper-medium-replay-v2,2,rnn,4,67,2,0.1119421551324918,0.5887944281866186,0.004163405328956137,20000,20000,20,,
hopper-medium-replay-v2,2,rnn,4,68,2,0.11129163367576196,0.5682997605568186,0.004018486144364177,20000,20000,20,,
hopper-medium-replay-v2,2,rnn,4,69,1,0.11556800961037675,0.5944084860595301,0.004203102712875231,20000,20000,20,,
hopper-medium-replay-v2,2,rnn,4,70,3,0.12069081049643475,0.6317690216629677,0.004467281593614753,20000,20000,20,,
hopper-medium-replay-v2,2,rnn,4,71,2,0.12853083235506832,0.6538846836414068,0.004623662939168591,20000,20000,20,,
hopper-medium-replay-v2,2,rnn,4,72,1,0.13284181807673606,0.6530674471516078,0.004617884204530891,20000,20000,20,,
hopper-medium-replay-v2,2,rnn,4,73,4,0.13832838906727332,0.6975580497496824,0.004932480272492635,20000,20000,20,,
hopper-medium-replay-v2,2,rnn,4,74,3,0.14199106777266793,0.683552322391457,0.004833444824588124,20000,20000,20,,
hopper-medium-replay-v2,2,rnn,4,75,5,0.14947314876258694,0.7015574915362336,0.004960760596574946,20000,20000,20,,
hopper-medium-replay-v2,2,rnn,4,76,3,0.1592288192326858,0.7626189080505242,0.005392530013436058,20000,20000,20,,
hopper-medium-replay-v2,2,rnn,4,77,5,0.1632007843004828,0.7856840580859541,0.005555625253427434,20000,20000,20,,
hopper-medium-replay-v2,2,rnn,4,78,4,0.1634891980632096,0.7539978453034242,0.0053315698941409665,20000,20000,20,,
hopper-medium-replay-v2,2,rnn,4,79,5,0.16352480537584055,0.7361878541529818,0.005205634238987465,20000,20000,20,,
hopper-medium-replay-v2,2,rnn,4,80,5,0.16258579474873294,0.7349134052964369,0.005196622524700081,20000,20000,20,,
hopper-medium-replay-v2,2,rnn,4,81,1,0.16605563185853703,0.7560321500971774,0.005345954601287599,20000,20000,20,,
hopper-medium-replay-v2,2,rnn,4,82,2,0.16706344293058517,0.7622736406585257,0.00539008860429401,20000,20000,20,,
hopper-medium-replay-v2,2,rnn,4,83,1,0.1713782767900717,0.7454683055712369,0.005271256940290669,20000,20000,20,,
hopper-medium-replay-v2,2,rnn,4,84,1,0.17960440803501823,0.775935449894196,0.005486692183832206,20000,20000,20,,
hopper-medium-replay-v2,2,rnn,4,85,3,0.18731850235494507,0.7918249130026688,0.005599047654966351,20000,20000,20,,
hopper-medium-replay-v2,2,rnn,4,86,5,0.1971293525051439,0.8102180202629913,0.005729106563675007,20000,20000,20,,
hopper-medium-replay-v2,2,rnn,4,87,4,0.2034763968078018,0.829403927518224,0.005864771414908919,20000,20000,20,,
hopper-medium-replay-v2,2,rnn,4,88,4,0.2106715717914315,0.8671761770306112,0.006131861552617712,20000,20000,20,,
hopper-medium-replay-v2,2,rnn,4,89,4,0.21336952716931168,0.8478666203367998,0.00599532236781871,20000,20000,20,,
hopper-medium-replay-v2,2,rnn,4,90,5,0.21659895531337026,0.8663588193331675,0.006126081960912537,20000,20000,20,,
hopper-medium-replay-v2,2,rnn,4,91,1,0.22281612578743815,0.907125575875828,0.0064143464608955,20000,20000,20,,
hopper-medium-replay-v2,2,rnn,4,92,1,0.22569208494150111,0.9089876957162786,0.006427513636561146,20000,20000,20,,
hopper-medium-replay-v2,2,rnn,4,93,3,0.22488673189031783,0.8779863789030332,0.006208301223117563,20000,20000,20,,
hopper-medium-replay-v2,2,rnn,4,94,2,0.2304711892660185,0.8949535228906996,0.006328277048828037,20000,20000,20,,
hopper-medium-replay-v2,2,rnn,4,95,3,0.24529537025089362,0.9572940926110918,0.006769091444751258,20000,20000,20,,
hopper-medium-replay-v2,2,rnn,4,96,1,0.2552642773235375,0.9616878197849945,0.00680015978754476,20000,20000,20,,
hopper-medium-replay-v2,2,rnn,4,97,1,0.2661887087960661,1.0087304211852934,0.007132801212092831,20000,20000,20,,
hopper-medium-replay-v2,2,rnn,4,98,2,0.27032826368071616,1.024379425035954,0.007243456379508996,20000,20000,20,,
hopper-medium-replay-v2,2,rnn,4,99,4,0.2724912116169529,1.0077816816492269,0.007126092610497507,20000,20000,20,,
hopper-medium-replay-v2,2,rnn,4,100,2,0.2803151818568583,1.00861593792256,0.007131991693178721,20000,20000,20,,
hopper-medium-replay-v2,2,rnn,5,1,4,0.0006727091141810502,0.003986124129976768,2.8186154029578992e-05,20000,20000,20,,
hopper-medium-replay-v2,2,rnn,5,2,3,0.0010294235444049294,0.005190684827832583,3.670368440762546e-05,20000,20000,20,,
hopper-medium-replay-v2,2,rnn,5,3,4,0.0013400884451661276,0.0068184863555009545,4.821397939402673e-05,20000,20000,20,,
hopper-medium-replay-v2,2,rnn,5,4,4,0.0016589608055024175,0.007988455634657051,5.6486911504738856e-05,20000,20000,20,,
hopper-medium-replay-v2,2,rnn,5,5,5,0.0019859608187056278,0.009159494696310048,6.476740812003051e-05,20000,20000,20,,
hopper-medium-replay-v2,2,rnn,5,6,1,0.0036953189070554103,0.02221553812347051,0.00015708757654814268,20000,20000,20,,
hopper-medium-replay-v2,2,rnn,5,7,2,0.004230868775540389,0.025760062866192687,0.0001821511513647662,20000,20000,20,,
hopper-medium-replay-v2,2,rnn,5,8,3,0.005487527955064825,0.0382681692152515,0.00027059681955698614,20000,20000,20,,
hopper-medium-replay-v2,2,rnn,5,9,1,0.008390444805513176,0.059137482005436164,0.0004181651454834134,20000,20000,20,,
hopper-medium-replay-v2,2,rnn,5,10,5,0.01160877224254125,0.10272929662153571,0.0007264058226761218,20000,20000,20,,
hopper-medium-replay-v2,2,rnn,5,11,2,0.014585074747646152,0.12509862056468116,0.0008845808291836893,20000,20000,20,,
hopper-medium-replay-v2,2,rnn,5,12,5,0.015480359583697902,0.1286744597970869,0.0009098658308803592,20000,20000,20,,
hopper-medium-replay-v2,2,rnn,5,13,4,0.017314178015719515,0.15044288203525172,0.001063791820683743,20000,20000,20,,
hopper-medium-replay-v2,2,rnn,5,14,3,0.017662020174600782,0.162272679181291,0.0011474411185039997,20000,20000,20,,
hopper-medium-replay-v2,2,rnn,5,15,5,0.015856479504225363,0.13813577201487318,0.0009767674111615574,20000,20000,20,,
hopper-medium-replay-v2,2,rnn,5,16,4,0.01468306842610936,0.11734040739932405,0.0008297219777925418,20000,20000,20,,
hopper-medium-replay-v2,2,rnn,5,17,4,0.014589313729106499,0.12539185486193935,0.0008866543087843667,20000,20000,20,,
hopper-medium-replay-v2,2,rnn,5,18,4,0.014848006661772726,0.14721389009694405,0.0010409593997240028,20000,20000,20,,
hopper-medium-replay-v2,2,rnn,5,19,4,0.015802863696231843,0.14255243757221162,0.001007997952819828,20000,20000,20,,
hopper-medium-replay-v2,2,rnn,5,20,2,0.015446596971337533,0.12176420847678189,0.0008610029751974496,20000,20000,20,,
hopper-medium-replay-v2,2,rnn,5,21,3,0.01521814423711488,0.09921579981133544,0.0007015616484744227,20000,20000,20,,
hopper-medium-replay-v2,2,rnn,5,22,2,0.015838479021759146,0.09843157996540404,0.0006960163767644311,20000,20000,20,,
hopper-medium-replay-v2,2,rnn,5,23,2,0.017358976590260214,0.10629728823842007,0.0007516353333512786,20000,20000,20,,
hopper-medium-replay-v2,2,rnn,5,24,4,0.018100147029496822,0.10513362823285814,0.0007434070145419945,20000,20000,20,,
hopper-medium-replay-v2,2,rnn,5,25,3,0.01911490635137997,0.10663323288473708,0.0007540108207264195,20000,20000,20,,
hopper-medium-replay-v2,2,rnn,5,26,5,0.020625637321222093,0.12036156897018518,0.0008510848161307028,20000,20000,20,,
hopper-medium-replay-v2,2,rnn,5,27,3,0.02179501407164534,0.11739112318626073,0.0008300805925611031,20000,20000,20,,
hopper-medium-replay-v2,2,rnn,5,28,4,0.023139973306904604,0.1294106917903216,0.0009150717772297868,20000,20000,20,,
hopper-medium-replay-v2,2,rnn,5,29,2,0.0237735415259499,0.13407061370045076,0.0009480224010543077,20000,20000,20,,
hopper-medium-replay-v2,2,rnn,5,30,1,0.02546070238028161,0.13003198445060107,0.0009194649797616372,20000,20000,20,,
hopper-medium-replay-v2,2,rnn,5,31,4,0.02697658682743237,0.1508274760293445,0.0010665113108960093,20000,20000,20,,
hopper-medium-replay-v2,2,rnn,5,32,2,0.02845721210204584,0.1712633566736781,0.0012110148087272814,20000,20000,20,,
hopper-medium-replay-v2,2,rnn,5,33,1,0.031241784960680592,0.1900374298243991,0.0013437675530809526,20000,20000,20,,
hopper-medium-replay-v2,2,rnn,5,34,4,0.0328762947072865,0.18319977291760275,0.0012954180174187253,20000,20000,20,,
hopper-medium-replay-v2,2,rnn,5,35,4,0.03456249439771436,0.19283693502215699,0.0013635630441739684,20000,20000,20,,
hopper-medium-replay-v2,2,rnn,5,36,1,0.03843029815977843,0.2188148760656143,0.0015472548269048986,20000,20000,20,,
hopper-medium-replay-v2,2,rnn,5,37,1,0.04242245931087967,0.2312948326878735,0.0016355014464700327,20000,20000,20,,
hopper-medium-replay-v2,2,rnn,5,38,2,0.04734664075782635,0.2529714446792091,0.0017887782397922633,20000,20000,20,,
hopper-medium-replay-v2,2,rnn,5,39,1,0.051377393904536384,0.2848540814087931,0.0020142225261282243,20000,20000,20,,
hopper-medium-replay-v2,2,rnn,5,40,3,0.053415894171639174,0.2767020134410373,0.0019565787007212866,20000,20000,20,,
hopper-medium-replay-v2,2,rnn,5,41,1,0.056167568301963955,0.29768412551107937,0.0021049446380047156,20000,20000,20,,
hopper-medium-replay-v2,2,rnn,5,42,5,0.05975928393508407,0.3282827775590165,0.0023213097815873553,20000,20000,20,,
hopper-medium-replay-v2,2,rnn,5,43,5,0.06165266801169948,0.3447010305868367,0.0024374043620994375,20000,20000,20,,
hopper-medium-replay-v2,2,rnn,5,44,3,0.06554224161821906,0.36765116151765886,0.002599686294202472,20000,20000,20,,
hopper-medium-replay-v2,2,rnn,5,45,1,0.06790132475641111,0.36273108221185835,0.002564896079791401,20000,20000,20,,
hopper-medium-replay-v2,2,rnn,5,46,3,0.06571366097376752,0.34246043872383036,0.0024215609850974057,20000,20000,20,,
hopper-medium-replay-v2,2,rnn,5,47,4,0.06716906843087572,0.36731913922061427,0.002597338542025019,20000,20000,20,,
hopper-medium-replay-v2,2,rnn,5,48,4,0.07103238499558222,0.3945024350490688,0.0027895534701780204,20000,20000,20,,
hopper-medium-replay-v2,2,rnn,5,49,4,0.07158892961348587,0.37366499615666693,0.002642210526744244,20000,20000,20,,
hopper-medium-replay-v2,2,rnn,5,50,1,0.07300874548811223,0.3674960202916741,0.002598589280073118,20000,20000,20,,
hopper-medium-replay-v2,2,rnn,5,51,3,0.07491157247361442,0.36969179786867706,0.00261411577221988,20000,20000,20,,
hopper-medium-replay-v2,2,rnn,5,52,2,0.07791452137859287,0.3965528586655792,0.0028040521546134163,20000,20000,20,,
hopper-medium-replay-v2,2,rnn,5,53,2,0.07855746899355165,0.3953139615137426,0.0027952918288408524,20000,20000,20,,
hopper-medium-replay-v2,2,rnn,5,54,5,0.07938907102142316,0.38896745302381835,0.0027504152369400184,20000,20000,20,,
hopper-medium-replay-v2,2,rnn,5,55,1,0.07966772660842382,0.37518092030091094,0.0026529297291658376,20000,20000,20,,
hopper-medium-replay-v2,2,rnn,5,56,2,0.08270872145584426,0.38030666252884404,0.0026891742000456948,20000,20000,20,,
hopper-medium-replay-v2,2,rnn,5,57,4,0.08830333133338109,0.4377652984485873,0.0030954681110114887,20000,20000,20,,
hopper-medium-replay-v2,2,rnn,5,58,2,0.0928993955311831,0.4462017323042947,0.0031551227068955137,20000,20000,20,,
hopper-medium-replay-v2,2,rnn,5,59,4,0.10084154858173829,0.5008279642452794,0.0035413884972569083,20000,20000,20,,
hopper-medium-replay-v2,2,rnn,5,60,3,0.10839375609158935,0.5616220583511754,0.00397126765924063,20000,20000,20,,
hopper-medium-replay-v2,2,rnn,5,61,5,0.10918799339409829,0.5668590690796595,0.004008298917233208,20000,20000,20,,
hopper-medium-replay-v2,2,rnn,5,62,4,0.11255517906315483,0.5830470082165958,0.0041227649326048355,20000,20000,20,,
hopper-medium-replay-v2,2,rnn,5,63,4,0.11665598850914886,0.6030397409970644,0.004264134901840035,20000,20000,20,,
hopper-medium-replay-v2,2,rnn,5,64,3,0.11858781168222896,0.6076240922162345,0.004296551160184195,20000,20000,20,,
hopper-medium-replay-v2,2,rnn,5,65,5,0.11854432786054026,0.6113411547788504,0.004322834761625398,20000,20000,20,,
hopper-medium-replay-v2,2,rnn,5,66,3,0.11727712940173157,0.6113620186189301,0.0043229822912534185,20000,20000,20,,
hopper-medium-replay-v2,2,rnn,5,67,5,0.11708972621857422,0.5846913777574582,0.004134392381136039,20000,20000,20,,
hopper-medium-replay-v2,2,rnn,5,68,2,0.12278062720810781,0.6077901496792767,0.0042977253637660326,20000,20000,20,,
hopper-medium-replay-v2,2,rnn,5,69,4,0.12695482082969706,0.6119957948619268,0.004327463766045197,20000,20000,20,,
hopper-medium-replay-v2,2,rnn,5,70,2,0.13214085056689268,0.6561587202819491,0.004639742806460532,20000,20000,20,,
hopper-medium-replay-v2,2,rnn,5,71,1,0.13290225220755197,0.6402113236856474,0.00452697768370537,20000,20000,20,,
hopper-medium-replay-v2,2,rnn,5,72,5,0.13543022870871577,0.6615957986594924,0.004678188756366568,20000,20000,20,,
hopper-medium-replay-v2,2,rnn,5,73,4,0.14293840163133956,0.7120285824652817,0.005034802390598455,20000,20000,20,,
hopper-medium-replay-v2,2,rnn,5,74,5,0.15043824378094522,0.7276524504048141,0.00514527982028252,20000,20000,20,,
hopper-medium-replay-v2,2,rnn,5,75,3,0.15761982444697564,0.7529462840560663,0.0053241342332525695,20000,20000,20,,
hopper-medium-replay-v2,2,rnn,5,76,5,0.15767946956523252,0.7394907238091009,0.005228989054299635,20000,20000,20,,
hopper-medium-replay-v2,2,rnn,5,77,2,0.15741938137979178,0.7177205500627625,0.005075050679463183,20000,20000,20,,
hopper-medium-replay-v2,2,rnn,5,78,3,0.1629428778138448,0.739165128587492,0.005226686748408419,20000,20000,20,,
hopper-medium-replay-v2,2,rnn,5,79,2,0.16587036341960915,0.7458613376666505,0.005274036096889579,20000,20000,20,,
hopper-medium-replay-v2,2,rnn,5,80,2,0.16887910885063753,0.7451410506087399,0.005268942898259084,20000,20000,20,,
hopper-medium-replay-v2,2,rnn,5,81,5,0.1676112266617976,0.7308214426724677,0.005167687979502376,20000,20000,20,,
hopper-medium-replay-v2,2,rnn,5,82,1,0.17250519837035277,0.7496029204543305,0.005300493082504972,20000,20000,20,,
hopper-medium-replay-v2,2,rnn,5,83,1,0.18372828442845338,0.8020140297894345,0.005671095590708588,20000,20000,20,,
hopper-medium-replay-v2,2,rnn,5,84,4,0.1934188314521841,0.8286929919392184,0.005859744341219903,20000,20000,20,,
hopper-medium-replay-v2,2,rnn,5,85,5,0.1993498139470983,0.8311046768186107,0.005876797528542936,20000,20000,20,,
hopper-medium-replay-v2,2,rnn,5,86,4,0.20783630973142708,0.8688891428373033,0.006143974049996239,20000,20000,20,,
hopper-medium-replay-v2,2,rnn,5,87,1,0.21311522863781066,0.888884518680019,0.006285362708503818,20000,20000,20,,
hopper-medium-replay-v2,2,rnn,5,88,2,0.21937951554788043,0.8871629562065139,0.0062731894235113,20000,20000,20,,
hopper-medium-replay-v2,2,rnn,5,89,1,0.22598928015572572,0.8879742266205831,0.006278925971622944,20000,20000,20,,
hopper-medium-replay-v2,2,rnn,5,90,3,0.2352260133184921,0.9342788213016222,0.006606348900613517,20000,20000,20,,
hopper-medium-replay-v2,2,rnn,5,91,5,0.2392423090901736,0.9461823227450107,0.006690519366518355,20000,20000,20,,
hopper-medium-replay-v2,2,rnn,5,92,1,0.24445045958489617,0.9654842407969729,0.006827004537962851,20000,20000,20,,
hopper-medium-replay-v2,2,rnn,5,93,5,0.2527331231677902,1.0130829113380244,0.00716357796511327,20000,20000,20,,
hopper-medium-replay-v2,2,rnn,5,94,3,0.25750027151511606,1.0133194667522463,0.007165250664488496,20000,20000,20,,
hopper-medium-replay-v2,2,rnn,5,95,1,0.2636842830354679,1.0298669970214194,0.0072822593731407155,20000,20000,20,,
hopper-medium-replay-v2,2,rnn,5,96,1,0.2771511684851421,1.0842275193881605,0.007666646313084372,20000,20000,20,,
hopper-medium-replay-v2,2,rnn,5,97,5,0.2846000741044858,1.0964676226851402,0.007753196913521554,20000,20000,20,,
hopper-medium-replay-v2,2,rnn,5,98,1,0.29119980220240255,1.114580699319417,0.007881275706684041,20000,20000,20,,
hopper-medium-replay-v2,2,rnn,5,99,4,0.29451822472007344,1.1156272721502252,0.007888676094140741,20000,20000,20,,
hopper-medium-replay-v2,2,rnn,5,100,1,0.29340192898581174,1.0863627010050243,0.0076817443270878645,20000,20000,20,,
hopper-medium-replay-v2,2,rnn,6,1,2,0.0008442821635087152,0.004882003160095912,3.452097540277974e-05,20000,20000,20,,
hopper-medium-replay-v2,2,rnn,6,2,5,0.0011171652158097208,0.005325092443557964,3.765408977285078e-05,20000,20000,20,,
hopper-medium-replay-v2,2,rnn,6,3,3,0.0014401526212962114,0.00726486281533929,5.137033761116405e-05,20000,20000,20,,
hopper-medium-replay-v2,2,rnn,6,4,4,0.001809222318565299,0.009394193043676355,6.642697604959043e-05,20000,20000,20,,
hopper-medium-replay-v2,2,rnn,6,5,3,0.002225313786492792,0.011866218433964322,8.390683521696986e-05,20000,20000,20,,
hopper-medium-replay-v2,2,rnn,6,6,3,0.003000080551745004,0.021410459786783617,0.00015139481303556577,20000,20000,20,,
hopper-medium-replay-v2,2,rnn,6,7,4,0.0036184019625044852,0.023695529507965007,0.0001675526959888799,20000,20000,20,,
hopper-medium-replay-v2,2,rnn,6,8,4,0.00501148675545665,0.04302345035568629,0.0003042217349654855,20000,20000,20,,
hopper-medium-replay-v2,2,rnn,6,9,5,0.0059051585504205275,0.04653180264974927,0.0003290295319447187,20000,20000,20,,
hopper-medium-replay-v2,2,rnn,6,10,3,0.006303333591128035,0.054969307891172506,0.00038869170366979277,20000,20000,20,,
hopper-medium-replay-v2,2,rnn,6,11,4,0.006639114599807415,0.06271669865268974,0.0004434740291095012,20000,20000,20,,
hopper-medium-replay-v2,2,rnn,6,12,1,0.007456385446638883,0.05321088796011367,0.0003762577970955399,20000,20000,20,,
hopper-medium-replay-v2,2,rnn,6,13,4,0.0075473303181099365,0.0527388820022473,0.0003729202109598623,20000,20000,20,,
hopper-medium-replay-v2,2,rnn,6,14,5,0.008079096498118953,0.0525772805238862,0.00037177751594787324,20000,20000,20,,
hopper-medium-replay-v2,2,rnn,6,15,5,0.009060636417514246,0.06094379814057465,0.0004309377293646444,20000,20000,20,,
hopper-medium-replay-v2,2,rnn,6,16,3,0.011112798284712972,0.07878936304590103,0.0005571249289512539,20000,20000,20,,
hopper-medium-replay-v2,2,rnn,6,17,4,0.011975314994532112,0.08211421626664087,0.0005806351915396046,20000,20000,20,,
hopper-medium-replay-v2,2,rnn,6,18,2,0.013321755132176318,0.09742351417082411,0.0006888882751721343,20000,20000,20,,
hopper-medium-replay-v2,2,rnn,6,19,1,0.014778985170748627,0.10320236105415645,0.0007297508933585648,20000,20000,20,,
hopper-medium-replay-v2,2,rnn,6,20,5,0.01425574025841164,0.08462524059721784,0.0005983908148583585,20000,20000,20,,
hopper-medium-replay-v2,2,rnn,6,21,2,0.014605304177691816,0.08699786753543445,0.0006151678208307469,20000,20000,20,,
hopper-medium-replay-v2,2,rnn,6,22,4,0.015940613106973256,0.09956137963973272,0.0007040052668754326,20000,20000,20,,
hopper-medium-replay-v2,2,rnn,6,23,1,0.018013530756018692,0.10898817995199422,0.0007706628111323484,20000,20000,20,,
hopper-medium-replay-v2,2,rnn,6,24,3,0.020936635800728076,0.12942070217526097,0.0009151425613405159,20000,20000,20,,
hopper-medium-replay-v2,2,rnn,6,25,3,0.022139995789039413,0.12733069577201758,0.0009003639843359488,20000,20000,20,,
hopper-medium-replay-v2,2,rnn,6,26,1,0.025294972348256457,0.15368148998907408,0.001086692237141268,20000,20000,20,,
hopper-medium-replay-v2,2,rnn,6,27,2,0.02856456864084866,0.1865307399145886,0.001318971510933498,20000,20000,20,,
hopper-medium-replay-v2,2,rnn,6,28,3,0.0312990899966313,0.1915447742216207,0.001354426087529542,20000,20000,20,,
hopper-medium-replay-v2,2,rnn,6,29,3,0.032059119760974565,0.1900789817936171,0.0013440613698730095,20000,20000,20,,
hopper-medium-replay-v2,2,rnn,6,30,4,0.03394064716688765,0.20287054888459727,0.001434511408193357,20000,20000,20,,
hopper-medium-replay-v2,2,rnn,6,31,1,0.03754247178272883,0.23290889667029172,0.0016469146023424016,20000,20000,20,,
hopper-medium-replay-v2,2,rnn,6,32,2,0.03642231483287419,0.2155916884240972,0.0015244634485213644,20000,20000,20,,
hopper-medium-replay-v2,2,rnn,6,33,3,0.03673916533043062,0.21330607740489757,0.0015083017380130568,20000,20000,20,,
hopper-medium-replay-v2,2,rnn,6,34,2,0.039189414558073614,0.2197431180109397,0.0015538184886461123,20000,20000,20,,
hopper-medium-replay-v2,2,rnn,6,35,1,0.041870017952686606,0.23406846417678176,0.0016551139828132285,20000,20000,20,,
hopper-medium-replay-v2,2,rnn,6,36,5,0.04246009449473253,0.2371033336656679,0.001676573750769304,20000,20000,20,,
hopper-medium-replay-v2,2,rnn,6,37,2,0.04389010536385482,0.24746529167960257,0.0017498438585495388,20000,20000,20,,
hopper-medium-replay-v2,2,rnn,6,38,5,0.04809758459152723,0.27381588486461067,0.0019361706898436113,20000,20000,20,,
hopper-medium-replay-v2,2,rnn,6,39,3,0.04851408955725798,0.2668310797641698,0.0018867806593257303,20000,20000,20,,
hopper-medium-replay-v2,2,rnn,6,40,3,0.04934379046147341,0.28468021405718863,0.0020129930982947597,20000,20000,20,,
hopper-medium-replay-v2,2,rnn,6,41,4,0.048336374040438695,0.24839894529907672,0.0017564457866056343,20000,20000,20,,
hopper-medium-replay-v2,2,rnn,6,42,5,0.047457638677973486,0.23365641261684775,0.00165220033829095,20000,20000,20,,
hopper-medium-replay-v2,2,rnn,6,43,5,0.048621223155830735,0.24056991077645945,0.0017010861525947718,20000,20000,20,,
hopper-medium-replay-v2,2,rnn,6,44,5,0.05139084661082375,0.2665607469898411,0.0018848691179466823,20000,20000,20,,
hopper-medium-replay-v2,2,rnn,6,45,2,0.052593554482633885,0.26986091992108596,0.0019082048645343976,20000,20000,20,,
hopper-medium-replay-v2,2,rnn,6,46,1,0.052479485700347515,0.2679994547490614,0.001895042318073586,20000,20000,20,,
hopper-medium-replay-v2,2,rnn,6,47,4,0.053391069951181314,0.2812866882076802,0.0019889972468915672,20000,20000,20,,
hopper-medium-replay-v2,2,rnn,6,48,3,0.057207583837373815,0.3051302706133495,0.0021575968349598577,20000,20000,20,,
hopper-medium-replay-v2,2,rnn,6,49,4,0.0595695368066686,0.3119641574766767,0.0022059197123890607,20000,20000,20,,
hopper-medium-replay-v2,2,rnn,6,50,1,0.0654637362179345,0.35210295909543443,0.0024897439005223125,20000,20000,20,,
hopper-medium-replay-v2,2,rnn,6,51,2,0.06553811615375667,0.32860562559344153,0.002323592661931702,20000,20000,20,,
hopper-medium-replay-v2,2,rnn,6,52,2,0.06766776111594892,0.33283557262555513,0.0023535029042363767,20000,20000,20,,
hopper-medium-replay-v2,2,rnn,6,53,3,0.07288277065658924,0.3746616527887166,0.0026492579533746127,20000,20000,20,,
hopper-medium-replay-v2,2,rnn,6,54,1,0.07987459891670422,0.41228263864168957,0.002915278495490216,20000,20000,20,,
hopper-medium-replay-v2,2,rnn,6,55,2,0.08512963508495748,0.42836515661539065,0.003028999070667802,20000,20000,20,,
hopper-medium-replay-v2,2,rnn,6,56,2,0.09035181116401476,0.4456091615652673,0.003150932599016524,20000,20000,20,,
hopper-medium-replay-v2,2,rnn,6,57,5,0.09488950758561229,0.4727289508076211,0.003342698467792707,20000,20000,20,,
hopper-medium-replay-v2,2,rnn,6,58,3,0.0986143991387185,0.4831951497139827,0.003416705669992062,20000,20000,20,,
hopper-medium-replay-v2,2,rnn,6,59,3,0.10125394047203193,0.5046611449125888,0.003568493177690585,20000,20000,20,,
hopper-medium-replay-v2,2,rnn,6,60,1,0.10429802014015309,0.5069343646279431,0.0035845672684491243,20000,20000,20,,
hopper-medium-replay-v2,2,rnn,6,61,3,0.10826870698697785,0.5350686693384639,0.003783506844896903,20000,20000,20,,
hopper-medium-replay-v2,2,rnn,6,62,2,0.11146737942971822,0.5508863196624061,0.0038953545229618745,20000,20000,20,,
hopper-medium-replay-v2,2,rnn,6,63,2,0.11447223017703387,0.5756820701321639,0.004070686955979627,20000,20000,20,,
hopper-medium-replay-v2,2,rnn,6,64,5,0.11639566811895712,0.5964164969437136,0.0042173014940042565,20000,20000,20,,
hopper-medium-replay-v2,2,rnn,6,65,5,0.12038657556557607,0.5997659242482138,0.004240985521605292,20000,20000,20,,
hopper-medium-replay-v2,2,rnn,6,66,2,0.12001573691733514,0.5736812715603222,0.004056539173600251,20000,20000,20,,
hopper-medium-replay-v2,2,rnn,6,67,5,0.12463205443939998,0.5860747707943411,0.0041441744471103015,20000,20000,20,,
hopper-medium-replay-v2,2,rnn,6,68,5,0.12444176224903901,0.5837436689229814,0.00412769106770155,20000,20000,20,,
hopper-medium-replay-v2,2,rnn,6,69,4,0.12495671197943323,0.6021704746611025,0.004257988260631876,20000,20000,20,,
hopper-medium-replay-v2,2,rnn,6,70,1,0.12887461030106076,0.6115798611811522,0.004324522670783201,20000,20000,20,,
hopper-medium-replay-v2,2,rnn,6,71,2,0.13045453776539478,0.6256308560121885,0.004423878208057629,20000,20000,20,,
hopper-medium-replay-v2,2,rnn,6,72,4,0.13488985631266565,0.6580826672036879,0.004653347165610577,20000,20000,20,,
hopper-medium-replay-v2,2,rnn,6,73,2,0.13756976731548726,0.6496664494903204,0.004593835519439932,20000,20000,20,,
hopper-medium-replay-v2,2,rnn,6,74,4,0.1459583225687514,0.689278101899598,0.004873932199765979,20000,20000,20,,
hopper-medium-replay-v2,2,rnn,6,75,4,0.15086575343373634,0.7025577011876722,0.0049678331468463515,20000,20000,20,,
hopper-medium-replay-v2,2,rnn,6,76,3,0.15899280925585846,0.7331365474175474,0.005184058242146406,20000,20000,20,,
hopper-medium-replay-v2,2,rnn,6,77,3,0.1659110686669168,0.7827583851834774,0.005534937621938684,20000,20000,20,,
hopper-medium-replay-v2,2,rnn,6,78,3,0.1683566624490642,0.7940330104177764,0.005614661261523782,20000,20000,20,,
hopper-medium-replay-v2,2,rnn,6,79,5,0.16667968908323974,0.7606038930251392,0.005378281705549633,20000,20000,20,,
hopper-medium-replay-v2,2,rnn,6,80,4,0.16749982258321264,0.7552053435881865,0.005340108196395232,20000,20000,20,,
hopper-medium-replay-v2,2,rnn,6,81,4,0.1683586449945622,0.7429656428165784,0.005253560442242249,20000,20000,20,,
hopper-medium-replay-v2,2,rnn,6,82,1,0.1759009580198565,0.7642956953326007,0.005404386690013694,20000,20000,20,,
hopper-medium-replay-v2,2,rnn,6,83,5,0.18360320525032206,0.8022155103953135,0.005672520273735535,20000,20000,20,,
hopper-medium-replay-v2,2,rnn,6,84,2,0.18643933801402138,0.8126206225224389,0.005746095527176503,20000,20000,20,,
hopper-medium-replay-v2,2,rnn,6,85,5,0.1934396512065339,0.8221053171013881,0.005813162445719085,20000,20000,20,,
hopper-medium-replay-v2,2,rnn,6,86,1,0.19402556652134906,0.801446620444561,0.005667083400753902,20000,20000,20,,
hopper-medium-replay-v2,2,rnn,6,87,1,0.20059700733105532,0.8420595561332768,0.005954260223047742,20000,20000,20,,
hopper-medium-replay-v2,2,rnn,6,88,3,0.21172823017854006,0.8747118940263329,0.006185147118505487,20000,20000,20,,
hopper-medium-replay-v2,2,rnn,6,89,5,0.22050860610831163,0.8879391445572483,0.006278677903974124,20000,20000,20,,
hopper-medium-replay-v2,2,rnn,6,90,1,0.21909074614167984,0.8600878943909132,0.006081739825402738,20000,20000,20,,
hopper-medium-replay-v2,2,rnn,6,91,1,0.22846050724894484,0.9124192676244147,0.006451778514224869,20000,20000,20,,
hopper-medium-replay-v2,2,rnn,6,92,5,0.23486428837823167,0.9155822850722647,0.00647414442508873,20000,20000,20,,
hopper-medium-replay-v2,2,rnn,6,93,3,0.24872250577919486,0.9756677252497353,0.006899012647089411,20000,20000,20,,
hopper-medium-replay-v2,2,rnn,6,94,5,0.25456384962766937,0.9930257781786359,0.007021752616431618,20000,20000,20,,
hopper-medium-replay-v2,2,rnn,6,95,1,0.25611654006503587,0.9963855326896546,0.007045509668410252,20000,20000,20,,
hopper-medium-replay-v2,2,rnn,6,96,3,0.25881457688753334,0.9971908640900818,0.007051204221353698,20000,20000,20,,
hopper-medium-replay-v2,2,rnn,6,97,1,0.2570240992406036,0.9915054393817969,0.007011002197702159,20000,20000,20,,
hopper-medium-replay-v2,2,rnn,6,98,5,0.2596738334745866,0.9997334675533129,0.007069183142860889,20000,20000,20,,
hopper-medium-replay-v2,2,rnn,6,99,3,0.26494089663936055,0.9864049775945614,0.006974936486532788,20000,20000,20,,
hopper-medium-replay-v2,2,rnn,6,100,2,0.27544996343150485,1.0292172753848143,0.007277665147389445,20000,20000,20,,
hopper-medium-replay-v2,2,rnn,7,1,3,0.0007232758609695617,0.005043962095948121,3.5666198020928275e-05,20000,20000,20,,
hopper-medium-replay-v2,2,rnn,7,2,4,0.0010472073601118905,0.005675583633274601,4.013243674279854e-05,20000,20000,20,,
hopper-medium-replay-v2,2,rnn,7,3,5,0.001304966273296634,0.006771538567586763,4.78820084020684e-05,20000,20000,20,,
hopper-medium-replay-v2,2,rnn,7,4,1,0.0029151142282188252,0.016855898587254187,0.00011918920194040182,20000,20000,20,,
hopper-medium-replay-v2,2,rnn,7,5,2,0.0029434066461187167,0.018204155642120398,0.00012872281900318683,20000,20000,20,,
hopper-medium-replay-v2,2,rnn,7,6,5,0.0038853003100024082,0.024941934883802207,0.00017636611292249843,20000,20000,20,,
hopper-medium-replay-v2,2,rnn,7,7,3,0.0060919795441522024,0.05193542263363795,0.00036723889528034696,20000,20000,20,,
hopper-medium-replay-v2,2,rnn,7,8,4,0.009233951148917816,0.08623059093333374,0.0006097423559468351,20000,20000,20,,
hopper-medium-replay-v2,2,rnn,7,9,4,0.01130183758339627,0.10557734679161261,0.0007465445785603306,20000,20000,20,,
hopper-medium-replay-v2,2,rnn,7,10,2,0.011252511347861942,0.10202131997532016,0.0007213996718015145,20000,20000,20,,
hopper-medium-replay-v2,2,rnn,7,11,1,0.01321651700975802,0.12805155892449585,0.0009054612565701978,20000,20000,20,,
hopper-medium-replay-v2,2,rnn,7,12,4,0.013726663470981651,0.13188834436326521,0.0009325914265873141,20000,20000,20,,
hopper-medium-replay-v2,2,rnn,7,13,3,0.01374526324841588,0.121662276823805,0.0008602822095670745,20000,20000,20,,
hopper-medium-replay-v2,2,rnn,7,14,2,0.013645033763300222,0.10931970145958779,0.0007730070221936344,20000,20000,20,,
hopper-medium-replay-v2,2,rnn,7,15,4,0.013336482023658744,0.10040388569497753,0.000709962684323976,20000,20000,20,,
hopper-medium-replay-v2,2,rnn,7,16,3,0.014938486517677393,0.11368561661715351,0.0008038787043336329,20000,20000,20,,
hopper-medium-replay-v2,2,rnn,7,17,2,0.016037672819860533,0.11475126890011457,0.0008114140038903198,20000,20000,20,,
hopper-medium-replay-v2,2,rnn,7,18,3,0.018899897798525234,0.1605182057607528,0.0011350351179732583,20000,20000,20,,
hopper-medium-replay-v2,2,rnn,7,19,1,0.021245018599990582,0.16700248502769818,0.0011808858963809025,20000,20000,20,,
hopper-medium-replay-v2,2,rnn,7,20,3,0.02079125544502225,0.14723585905850914,0.0010411147437409858,20000,20000,20,,
hopper-medium-replay-v2,2,rnn,7,21,1,0.02127630904578979,0.12996746887836128,0.0009190087857754083,20000,20000,20,,
hopper-medium-replay-v2,2,rnn,7,22,2,0.021440369770047863,0.13431566350303914,0.0009497551648256944,20000,20000,20,,
hopper-medium-replay-v2,2,rnn,7,23,1,0.02367335460057044,0.13428031502473947,0.0009495052133385912,20000,20000,20,,
hopper-medium-replay-v2,2,rnn,7,24,2,0.02795745717061583,0.16639445895147534,0.0011765865027645484,20000,20000,20,,
hopper-medium-replay-v2,2,rnn,7,25,4,0.03206062010579075,0.20633903764271136,0.001459037327406675,20000,20000,20,,
hopper-medium-replay-v2,2,rnn,7,26,4,0.034773751919444554,0.2147418317138872,0.0015184540540931005,20000,20000,20,,
hopper-medium-replay-v2,2,rnn,7,27,4,0.03752428561451136,0.23205152249975988,0.0016408520514424292,20000,20000,20,,
hopper-medium-replay-v2,2,rnn,7,28,4,0.03985329379542848,0.24830191480041255,0.0017557596773697607,20000,20000,20,,
hopper-medium-replay-v2,2,rnn,7,29,2,0.03877188551463132,0.2350827172310823,0.0016622858349385793,20000,20000,20,,
hopper-medium-replay-v2,2,rnn,7,30,1,0.039312275124382984,0.23989772269312548,0.0016963330650751893,20000,20000,20,,
hopper-medium-replay-v2,2,rnn,7,31,1,0.03796343397139126,0.21220873553985017,0.0015005423592725077,20000,20000,20,,
hopper-medium-replay-v2,2,rnn,7,32,3,0.03769761381700583,0.22606956686772486,0.001598553237520739,20000,20000,20,,
hopper-medium-replay-v2,2,rnn,7,33,3,0.036713339378539996,0.19502725352686348,0.0013790509348503318,20000,20000,20,,
hopper-medium-replay-v2,2,rnn,7,34,3,0.038863500126916264,0.20838892414624977,0.0014735322138798228,20000,20000,20,,
hopper-medium-replay-v2,2,rnn,7,35,4,0.04247317608534431,0.23390505692736033,0.001653958519071619,20000,20000,20,,
hopper-medium-replay-v2,2,rnn,7,36,1,0.046384986186889396,0.23562189601791345,0.0016660984047029816,20000,20000,20,,
hopper-medium-replay-v2,2,rnn,7,37,1,0.049544270716875484,0.2523960841304577,0.00178470982633577,20000,20000,20,,
hopper-medium-replay-v2,2,rnn,7,38,1,0.05447990598357939,0.28284885845123753,0.0020000434586174396,20000,20000,20,,
hopper-medium-replay-v2,2,rnn,7,39,3,0.05666344611241664,0.3022855489852885,0.002137481615421958,20000,20000,20,,
hopper-medium-replay-v2,2,rnn,7,40,2,0.05981192363952284,0.33075902451790506,0.002338819491752582,20000,20000,20,,
hopper-medium-replay-v2,2,rnn,7,41,5,0.06214837622527922,0.33793229955696424,0.002389542205986931,20000,20000,20,,
hopper-medium-replay-v2,2,rnn,7,42,3,0.06153341335206801,0.3291818544206193,0.002327667215043828,20000,20000,20,,
hopper-medium-replay-v2,2,rnn,7,43,3,0.06353889486367961,0.3338191221856369,0.0023604576498720453,20000,20000,20,,
hopper-medium-replay-v2,2,rnn,7,44,4,0.0664340173724343,0.3367369527986296,0.0023810898280000534,20000,20000,20,,
hopper-medium-replay-v2,2,rnn,7,45,3,0.07073680242989482,0.3617011561098693,0.0025576134024830263,20000,20000,20,,
hopper-medium-replay-v2,2,rnn,7,46,2,0.07157492391065287,0.35968609074636004,0.002543364738652311,20000,20000,20,,
hopper-medium-replay-v2,2,rnn,7,47,3,0.07482398725813554,0.37765132581699123,0.002670398134092848,20000,20000,20,,
hopper-medium-replay-v2,2,rnn,7,48,3,0.07232898332408684,0.3582996503880775,0.0025335611248617877,20000,20000,20,,
hopper-medium-replay-v2,2,rnn,7,49,5,0.07170395062210949,0.33560660515555574,0.002373097063164896,20000,20000,20,,
hopper-medium-replay-v2,2,rnn,7,50,2,0.07269186703734871,0.34862200634127194,0.0024651298475477294,20000,20000,20,,
hopper-medium-replay-v2,2,rnn,7,51,2,0.07440593056169124,0.3683922108544099,0.0026049263043145766,20000,20000,20,,
hopper-medium-replay-v2,2,rnn,7,52,3,0.0784060440443152,0.37354817891520814,0.002641384504108294,20000,20000,20,,
hopper-medium-replay-v2,2,rnn,7,53,4,0.08072746299133472,0.39171169753360713,0.0027698199759610743,20000,20000,20,,
hopper-medium-replay-v2,2,rnn,7,54,1,0.08567041228405216,0.41293556535995446,0.002919895384591246,20000,20000,20,,
hopper-medium-replay-v2,2,rnn,7,55,4,0.08871546914881631,0.42360126378007773,0.002995313261380844,20000,20000,20,,
hopper-medium-replay-v2,2,rnn,7,56,4,0.09197125262324486,0.44388703604754115,0.003138755332700138,20000,20000,20,,
hopper-medium-replay-v2,2,rnn,7,57,1,0.09506005968742516,0.4801536478484796,0.0033951990040511745,20000,20000,20,,
hopper-medium-replay-v2,2,rnn,7,58,1,0.10231067261521085,0.5162828462432936,0.0036506710158892455,20000,20000,20,,
hopper-medium-replay-v2,2,rnn,7,59,1,0.11007968611494882,0.5508099888833062,0.003894814782846727,20000,20000,20,,
hopper-medium-replay-v2,2,rnn,7,60,4,0.11830741104179497,0.590798675331329,0.004177577496428122,20000,20000,20,,
hopper-medium-replay-v2,2,rnn,7,61,4,0.12264993148524152,0.6301051740373312,0.004455516414225266,20000,20000,20,,
hopper-medium-replay-v2,2,rnn,7,62,5,0.13036105755193467,0.6682277165899054,0.004725083497775245,20000,20000,20,,
hopper-medium-replay-v2,2,rnn,7,63,3,0.13638408676682928,0.6753566410370558,0.004775492605966712,20000,20000,20,,
hopper-medium-replay-v2,2,rnn,7,64,2,0.13573505325154295,0.6477051572738712,0.004579967089178536,20000,20000,20,,
hopper-medium-replay-v2,2,rnn,7,65,2,0.13579101540041907,0.6564564336313207,0.004641847957742436,20000,20000,20,,
hopper-medium-replay-v2,2,rnn,7,66,3,0.1384978605824174,0.6637655226010114,0.004693531021490077,20000,20000,20,,
hopper-medium-replay-v2,2,rnn,7,67,1,0.14139065094071476,0.6763672753571419,0.004782638869777039,20000,20000,20,,
hopper-medium-replay-v2,2,rnn,7,68,5,0.1448315760101687,0.7052437443316227,0.004986826340062822,20000,20000,20,,
hopper-medium-replay-v2,2,rnn,7,69,2,0.146055315641807,0.712059539175512,0.0050350212875957265,20000,20000,20,,
hopper-medium-replay-v2,2,rnn,7,70,1,0.15272749973301242,0.7585156244488345,0.005363515416837194,20000,20000,20,,
hopper-medium-replay-v2,2,rnn,7,71,2,0.1566843574191495,0.7658873869991475,0.005415641649723428,20000,20000,20,,
hopper-medium-replay-v2,2,rnn,7,72,2,0.16511591576239182,0.7664810237280971,0.005419839295289445,20000,20000,20,,
hopper-medium-replay-v2,2,rnn,7,73,3,0.1711260490337191,0.7906310672392947,0.005590605890616625,20000,20000,20,,
hopper-medium-replay-v2,2,rnn,7,74,2,0.1756988516076459,0.8063746157102655,0.00570192958945425,20000,20000,20,,
hopper-medium-replay-v2,2,rnn,7,75,5,0.18336134506996363,0.8300774077026191,0.0058695336389627244,20000,20000,20,,
hopper-medium-replay-v2,2,rnn,7,76,1,0.19363438923935283,0.9052358550914066,0.006400984117083365,20000,20000,20,,
hopper-medium-replay-v2,2,rnn,7,77,4,0.19983665111915636,0.9240648573774249,0.00653412526907757,20000,20000,20,,
hopper-medium-replay-v2,2,rnn,7,78,5,0.1993218938825918,0.8850715294734164,0.00625840080325802,20000,20000,20,,
hopper-medium-replay-v2,2,rnn,7,79,1,0.1923118743863235,0.8389053928699604,0.005931956920723137,20000,20000,20,,
hopper-medium-replay-v2,2,rnn,7,80,2,0.19269614805387714,0.8194761127959777,0.005794571163784279,20000,20000,20,,
hopper-medium-replay-v2,2,rnn,7,81,1,0.19547764114331792,0.8180080175796137,0.0057841901629550945,20000,20000,20,,
hopper-medium-replay-v2,2,rnn,7,82,1,0.20033518261287664,0.8254111738412261,0.0058365383829027916,20000,20000,20,,
hopper-medium-replay-v2,2,rnn,7,83,5,0.208171868319086,0.8627205179310597,0.006100355284978228,20000,20000,20,,
hopper-medium-replay-v2,2,rnn,7,84,4,0.2185686487255881,0.8910824051438513,0.006300904112732357,20000,20000,20,,
hopper-medium-replay-v2,2,rnn,7,85,1,0.22502792988650766,0.8964617345264583,0.006338941715579131,20000,20000,20,,
hopper-medium-replay-v2,2,rnn,7,86,4,0.23224613231014302,0.9146220350759802,0.0064673544322486586,20000,20000,20,,
hopper-medium-replay-v2,2,rnn,7,87,2,0.23306475205374672,0.9163113719038427,0.006479299847515557,20000,20000,20,,
hopper-medium-replay-v2,2,rnn,7,88,1,0.2321011698459182,0.9374852173780892,0.006629021544701914,20000,20000,20,,
hopper-medium-replay-v2,2,rnn,7,89,2,0.2352370390514619,0.9117466995436532,0.006447022739717708,20000,20000,20,,
hopper-medium-replay-v2,2,rnn,7,90,1,0.2404804390410211,0.9169402477064895,0.006483746670961314,20000,20000,20,,
hopper-medium-replay-v2,2,rnn,7,91,3,0.2524044283222692,0.9614370628531014,0.006798386668275049,20000,20000,20,,
hopper-medium-replay-v2,2,rnn,7,92,2,0.2596367212784732,0.9867017779033287,0.006977035181642664,20000,20000,20,,
hopper-medium-replay-v2,2,rnn,7,93,2,0.2700412578140471,1.0309280281617266,0.007289761996284329,20000,20000,20,,
hopper-medium-replay-v2,2,rnn,7,94,2,0.2834214270579448,1.0767343340647353,0.007613661491535557,20000,20000,20,,
hopper-medium-replay-v2,2,rnn,7,95,5,0.29216201063711855,1.1179339416529879,0.00790498671061434,20000,20000,20,,
hopper-medium-replay-v2,2,rnn,7,96,4,0.3014485011775722,1.1403108603470342,0.008063215420120541,20000,20000,20,,
hopper-medium-replay-v2,2,rnn,7,97,4,0.30605162074270725,1.1712717517302327,0.008282141982606938,20000,20000,20,,
hopper-medium-replay-v2,2,rnn,7,98,1,0.29810966089675583,1.0941315493908959,0.007736678380844464,20000,20000,20,,
hopper-medium-replay-v2,2,rnn,7,99,1,0.29898941990567934,1.0765196360477602,0.007612143347298454,20000,20000,20,,
hopper-medium-replay-v2,2,rnn,7,100,2,0.30135493826471627,1.078185555003109,0.007623923173200797,20000,20000,20,,
hopper-medium-replay-v2,2,rnn,8,1,3,0.0007135724231337996,0.005015201682431503,3.546283118665498e-05,20000,20000,20,,
hopper-medium-replay-v2,2,rnn,8,2,4,0.0010354191409727483,0.0055466494983414105,3.9220734731421734e-05,20000,20000,20,,
hopper-medium-replay-v2,2,rnn,8,3,4,0.0012918456450271751,0.006313749544084297,4.464495117335479e-05,20000,20000,20,,
hopper-medium-replay-v2,2,rnn,8,4,3,0.0016491468617952454,0.007816082199549648,5.5268047256130216e-05,20000,20000,20,,
hopper-medium-replay-v2,2,rnn,8,5,4,0.0020359418342244594,0.009277507791202141,6.560188671670062e-05,20000,20000,20,,
hopper-medium-replay-v2,2,rnn,8,6,1,0.0038220247321197917,0.020788524735600986,0.00014699706811407737,20000,20000,20,,
hopper-medium-replay-v2,2,rnn,8,7,1,0.0050738972063455595,0.025317847476184867,0.00017902421635457037,20000,20000,20,,
hopper-medium-replay-v2,2,rnn,8,8,2,0.0062993373690938765,0.041539494860113504,0.00029372858502649994,20000,20000,20,,
hopper-medium-replay-v2,2,rnn,8,9,3,0.008532273731738142,0.06500424164587432,0.0004596494007368671,20000,20000,20,,
hopper-medium-replay-v2,2,rnn,8,10,4,0.01214433754217236,0.10912497018758197,0.0007716300641641904,20000,20000,20,,
hopper-medium-replay-v2,2,rnn,8,11,5,0.015000631440068836,0.13467337090072878,0.0009522845380915638,20000,20000,20,,
hopper-medium-replay-v2,2,rnn,8,12,2,0.016194767476418244,0.1480680852109753,0.0010469994712998818,20000,20000,20,,
hopper-medium-replay-v2,2,rnn,8,13,4,0.01774232188889246,0.16398640493854902,0.0011595589895445114,20000,20000,20,,
hopper-medium-replay-v2,2,rnn,8,14,3,0.019345133438240087,0.1886068689031236,0.0013336519597976085,20000,20000,20,,
hopper-medium-replay-v2,2,rnn,8,15,1,0.019920481055072017,0.18484473801886012,0.0013070496771978681,20000,20000,20,,
hopper-medium-replay-v2,2,rnn,8,16,5,0.01771106842149131,0.1526125121221147,0.001079133422154615,20000,20000,20,,
hopper-medium-replay-v2,2,rnn,8,17,2,0.01632514485002635,0.12733106507157682,0.0009003665956781751,20000,20000,20,,
hopper-medium-replay-v2,2,rnn,8,18,5,0.015812459151108824,0.10694884307971426,0.0007562425218172192,20000,20000,20,,
hopper-medium-replay-v2,2,rnn,8,19,4,0.01756537136293367,0.1200507174260184,0.0008488867637824764,20000,20000,20,,
hopper-medium-replay-v2,2,rnn,8,20,3,0.018750503991259687,0.13496398211907984,0.000954339469723413,20000,20000,20,,
hopper-medium-replay-v2,2,rnn,8,21,4,0.018561894948422166,0.11394519880906216,0.0008057142276153717,20000,20000,20,,
hopper-medium-replay-v2,2,rnn,8,22,5,0.019808590542090648,0.13448064771588733,0.0009509217793826312,20000,20000,20,,
hopper-medium-replay-v2,2,rnn,8,23,5,0.02076850100644378,0.13633821576915747,0.0009640567690524593,20000,20000,20,,
hopper-medium-replay-v2,2,rnn,8,24,4,0.02128183624048659,0.14293072250341796,0.001010672831220595,20000,20000,20,,
hopper-medium-replay-v2,2,rnn,8,25,1,0.021512497239640892,0.13836324609261288,0.0009783758957906965,20000,20000,20,,
hopper-medium-replay-v2,2,rnn,8,26,5,0.021099838011216523,0.12306266750894504,0.0008701844670648045,20000,20000,20,,
hopper-medium-replay-v2,2,rnn,8,27,5,0.021489266093131242,0.1139147420166294,0.0008054988655707478,20000,20000,20,,
hopper-medium-replay-v2,2,rnn,8,28,3,0.022766046416736574,0.1148253843894916,0.0008119380795416144,20000,20000,20,,
hopper-medium-replay-v2,2,rnn,8,29,5,0.024295748239298403,0.12036305076354727,0.0008510952939920493,20000,20000,20,,
hopper-medium-replay-v2,2,rnn,8,30,4,0.02658279691984741,0.13243489204370845,0.0009364561022981459,20000,20000,20,,
hopper-medium-replay-v2,2,rnn,8,31,3,0.027773519264958718,0.14326734005909417,0.001013053076783446,20000,20000,20,,
hopper-medium-replay-v2,2,rnn,8,32,1,0.031789630072796414,0.194181113197279,0.0013730678192014857,20000,20000,20,,
hopper-medium-replay-v2,2,rnn,8,33,5,0.03235070622018371,0.21112278436771958,0.0014928635248939975,20000,20000,20,,
hopper-medium-replay-v2,2,rnn,8,34,5,0.03294172340893209,0.20109960874640245,0.001421988970385427,20000,20000,20,,
hopper-medium-replay-v2,2,rnn,8,35,4,0.033549424369752674,0.17212451050924277,0.0012171040858950071,20000,20000,20,,
hopper-medium-replay-v2,2,rnn,8,36,4,0.03514602669380044,0.18604772780664441,0.0013155560995642727,20000,20000,20,,
hopper-medium-replay-v2,2,rnn,8,37,5,0.03667608966626804,0.18287567260756124,0.001293126282148575,20000,20000,20,,
hopper-medium-replay-v2,2,rnn,8,38,4,0.04023065011189334,0.2190067759966973,0.0015486117643306785,20000,20000,20,,
hopper-medium-replay-v2,2,rnn,8,39,1,0.04204697540328601,0.21791738622086335,0.0015409086153522038,20000,20000,20,,
hopper-medium-replay-v2,2,rnn,8,40,5,0.04379214467989292,0.2309201876514073,0.0016328523060118014,20000,20000,20,,
hopper-medium-replay-v2,2,rnn,8,41,1,0.046111951108437216,0.24960900895368499,0.001765002228764043,20000,20000,20,,
hopper-medium-replay-v2,2,rnn,8,42,1,0.04943989383121012,0.2673874385375349,0.001890714709939921,20000,20000,20,,
hopper-medium-replay-v2,2,rnn,8,43,1,0.05240735657397809,0.27674672913103265,0.001956894888397498,20000,20000,20,,
hopper-medium-replay-v2,2,rnn,8,44,5,0.057588133163898304,0.32854260881014025,0.002323147065983693,20000,20000,20,,
hopper-medium-replay-v2,2,rnn,8,45,3,0.06161805998315632,0.3532439301065747,0.002497811783913458,20000,20000,20,,
hopper-medium-replay-v2,2,rnn,8,46,2,0.0641202395678757,0.3130520763452854,0.002213612460482801,20000,20000,20,,
hopper-medium-replay-v2,2,rnn,8,47,3,0.06549989029653913,0.309804815166368,0.0021906508564838376,20000,20000,20,,
hopper-medium-replay-v2,2,rnn,8,48,4,0.06955195414579139,0.3511534685301709,0.0024830299883486073,20000,20000,20,,
hopper-medium-replay-v2,2,rnn,8,49,3,0.07139667466933215,0.35864419003297665,0.002535997388054746,20000,20000,20,,
hopper-medium-replay-v2,2,rnn,8,50,2,0.0696158113906944,0.3254976171704037,0.0023016157236125526,20000,20000,20,,
hopper-medium-replay-v2,2,rnn,8,51,5,0.0724695990434458,0.3720281159356277,0.002630636035701374,20000,20000,20,,
hopper-medium-replay-v2,2,rnn,8,52,4,0.07424403620799999,0.38028506298246173,0.00268902146818852,20000,20000,20,,
hopper-medium-replay-v2,2,rnn,8,53,2,0.07538866045286413,0.3837846457968714,0.0027137672555824495,20000,20000,20,,
hopper-medium-replay-v2,2,rnn,8,54,4,0.07435979336086194,0.3640187326019504,0.002574001143017717,20000,20000,20,,
hopper-medium-replay-v2,2,rnn,8,55,1,0.07614565435687354,0.38061516690837965,0.0026913556554336486,20000,20000,20,,
hopper-medium-replay-v2,2,rnn,8,56,3,0.0814518121079641,0.4161728702701704,0.002942786587139068,20000,20000,20,,
hopper-medium-replay-v2,2,rnn,8,57,5,0.08598726962472043,0.4220409766254655,0.0029842803651045986,20000,20000,20,,
hopper-medium-replay-v2,2,rnn,8,58,3,0.09238785343185157,0.45887455389686227,0.0032447330877442317,20000,20000,20,,
hopper-medium-replay-v2,2,rnn,8,59,1,0.09581039398883691,0.4641724087697218,0.0032821945788076437,20000,20000,20,,
hopper-medium-replay-v2,2,rnn,8,60,1,0.10247707361241805,0.501777195961861,0.00354810057909403,20000,20000,20,,
hopper-medium-replay-v2,2,rnn,8,61,4,0.1094658331743786,0.5690263626667142,0.004023623997155493,20000,20000,20,,
hopper-medium-replay-v2,2,rnn,8,62,2,0.11177299773038665,0.5746967193641472,0.004063719473880507,20000,20000,20,,
hopper-medium-replay-v2,2,rnn,8,63,1,0.12055024838327877,0.6361937098300975,0.004498568863690887,20000,20000,20,,
hopper-medium-replay-v2,2,rnn,8,64,2,0.1279450184116915,0.6603206652104417,0.004669172201279153,20000,20000,20,,
hopper-medium-replay-v2,2,rnn,8,65,1,0.13097631385435332,0.6726922485719521,0.0047566525061685395,20000,20000,20,,
hopper-medium-replay-v2,2,rnn,8,66,2,0.13792576796272707,0.7182915495259173,0.00507908825538769,20000,20000,20,,
hopper-medium-replay-v2,2,rnn,8,67,1,0.1425246415498019,0.7080805266833369,0.005006885420439296,20000,20000,20,,
hopper-medium-replay-v2,2,rnn,8,68,2,0.147333625404888,0.7228780748567296,0.005111519887022702,20000,20000,20,,
hopper-medium-replay-v2,2,rnn,8,69,3,0.15191149139629004,0.7381894886071508,0.00521978793194746,20000,20000,20,,
hopper-medium-replay-v2,2,rnn,8,70,4,0.15868872787629137,0.7567327206947999,0.005350908383490387,20000,20000,20,,
hopper-medium-replay-v2,2,rnn,8,71,3,0.15701292568718808,0.7290765442235558,0.005155349684245301,20000,20000,20,,
hopper-medium-replay-v2,2,rnn,8,72,5,0.15975208106634695,0.733153305999277,0.005184176743214247,20000,20000,20,,
hopper-medium-replay-v2,2,rnn,8,73,2,0.15756329183089635,0.719547428199471,0.005087968658651864,20000,20000,20,,
hopper-medium-replay-v2,2,rnn,8,74,3,0.1612571523905105,0.7387942841740098,0.005224064482413035,20000,20000,20,,
hopper-medium-replay-v2,2,rnn,8,75,1,0.1588428617114754,0.7067685193151261,0.00499760812736901,20000,20000,20,,
hopper-medium-replay-v2,2,rnn,8,76,4,0.15686856445353975,0.7014905861279487,0.004960287503895984,20000,20000,20,,
hopper-medium-replay-v2,2,rnn,8,77,1,0.15794708172928731,0.7058483074556768,0.004991101246909562,20000,20000,20,,
hopper-medium-replay-v2,2,rnn,8,78,2,0.16521706827073268,0.768783129419975,0.005436117640746795,20000,20000,20,,
hopper-medium-replay-v2,2,rnn,8,79,4,0.17494331945920594,0.798972864709717,0.0056495913062028285,20000,20000,20,,
hopper-medium-replay-v2,2,rnn,8,80,2,0.18912846272852876,0.8567840779196306,0.006058378315096341,20000,20000,20,,
hopper-medium-replay-v2,2,rnn,8,81,3,0.1934280294265006,0.8520824142578924,0.006025132532515607,20000,20000,20,,
hopper-medium-replay-v2,2,rnn,8,82,1,0.19546631826035177,0.8383662001682689,0.005928144252565814,20000,20000,20,,
hopper-medium-replay-v2,2,rnn,8,83,2,0.20230750505667366,0.8566319011259428,0.006057302262668782,20000,20000,20,,
hopper-medium-replay-v2,2,rnn,8,84,3,0.2040249400157632,0.8641972113938662,0.0061107970845910705,20000,20000,20,,
hopper-medium-replay-v2,2,rnn,8,85,2,0.20984487274037983,0.8601798805964508,0.0060823902660998505,20000,20000,20,,
hopper-medium-replay-v2,2,rnn,8,86,2,0.21204391819934604,0.8690095675902296,0.006144825581590407,20000,20000,20,,
hopper-medium-replay-v2,2,rnn,8,87,4,0.2208897592870658,0.9094002864994923,0.006430431093967802,20000,20000,20,,
hopper-medium-replay-v2,2,rnn,8,88,1,0.22753612615471766,0.9414731960679802,0.006657220812450408,20000,20000,20,,
hopper-medium-replay-v2,2,rnn,8,89,2,0.22616179605012918,0.8958233219358498,0.00633442745685899,20000,20000,20,,
hopper-medium-replay-v2,2,rnn,8,90,3,0.23072821846088037,0.8948337635707476,0.006327430222555554,20000,20000,20,,
hopper-medium-replay-v2,2,rnn,8,91,5,0.23981807144984824,0.9256787295847578,0.006545537068895307,20000,20000,20,,
hopper-medium-replay-v2,2,rnn,8,92,2,0.2422681065892113,0.9178130626945956,0.006489918404929424,20000,20000,20,,
hopper-medium-replay-v2,2,rnn,8,93,5,0.2468521694363908,0.9381026312637721,0.006633387320155565,20000,20000,20,,
hopper-medium-replay-v2,2,rnn,8,94,5,0.25212469996865117,0.9580348857817554,0.0067743296434955875,20000,20000,20,,
hopper-medium-replay-v2,2,rnn,8,95,4,0.25644112693551435,0.9679846158931307,0.0068446848598228815,20000,20000,20,,
hopper-medium-replay-v2,2,rnn,8,96,5,0.26836125786516385,1.014657203219172,0.007174709889760534,20000,20000,20,,
hopper-medium-replay-v2,2,rnn,8,97,5,0.27206003716955185,1.0363412137213335,0.00732803899845452,20000,20000,20,,
hopper-medium-replay-v2,2,rnn,8,98,4,0.27892969747253343,1.0650689139051515,0.007531174514533237,20000,20000,20,,
hopper-medium-replay-v2,2,rnn,8,99,1,0.28550807122383787,1.0901970364216873,0.007708857172832526,20000,20000,20,,
hopper-medium-replay-v2,2,rnn,8,100,4,0.2894416859301961,1.0962506713764282,0.007751662836105778,20000,20000,20,,
hopper-medium-replay-v2,2,rnn,9,1,1,0.0021454025132435937,0.012800126739203053,9.051056417337729e-05,20000,20000,20,,
hopper-medium-replay-v2,2,rnn,9,2,5,0.001829462158086752,0.008845007556503368,6.254364822849786e-05,20000,20000,20,,
hopper-medium-replay-v2,2,rnn,9,3,4,0.002392896995470463,0.014168419407548068,0.00010018585441772325,20000,20000,20,,
hopper-medium-replay-v2,2,rnn,9,4,1,0.004278854376462281,0.024759726553700855,0.000175077705464465,20000,20000,20,,
hopper-medium-replay-v2,2,rnn,9,5,3,0.0059596301496012746,0.045972682035024366,0.000325075952162987,20000,20000,20,,
hopper-medium-replay-v2,2,rnn,9,6,2,0.008008074819961235,0.0646488853457846,0.00045713665224155907,20000,20000,20,,
hopper-medium-replay-v2,2,rnn,9,7,5,0.009675696835139237,0.08289692554739153,0.0005861697819407691,20000,20000,20,,
hopper-medium-replay-v2,2,rnn,9,8,5,0.011936049737313452,0.11663795307300368,0.000824754875616392,20000,20000,20,,
hopper-medium-replay-v2,2,rnn,9,9,1,0.014033585636721597,0.12889546519890885,0.0009114285750634308,20000,20000,20,,
hopper-medium-replay-v2,2,rnn,9,10,4,0.013382631364560558,0.11392371221788157,0.0008055622944720879,20000,20000,20,,
hopper-medium-replay-v2,2,rnn,9,11,2,0.014498915158450566,0.13161199545409422,0.0009306373447108308,20000,20000,20,,
hopper-medium-replay-v2,2,rnn,9,12,1,0.01600397656744579,0.14570673161203399,0.0010303021798739752,20000,20000,20,,
hopper-medium-replay-v2,2,rnn,9,13,5,0.016209612179790257,0.12704049147528154,0.0008983119300744335,20000,20000,20,,
hopper-medium-replay-v2,2,rnn,9,14,4,0.01651046827421521,0.13054098836076597,0.0009230641809269179,20000,20000,20,,
hopper-medium-replay-v2,2,rnn,9,15,3,0.01666542802320568,0.13243866958998976,0.0009364828135840635,20000,20000,20,,
hopper-medium-replay-v2,2,rnn,9,16,2,0.018889327851331378,0.15476375394420694,0.0010943449989583502,20000,20000,20,,
hopper-medium-replay-v2,2,rnn,9,17,5,0.018614069276087566,0.133106896901909,0.000941207894220385,20000,20000,20,,
hopper-medium-replay-v2,2,rnn,9,18,4,0.018347868301766407,0.12175579949300028,0.0008609435147029009,20000,20000,20,,
hopper-medium-replay-v2,2,rnn,9,19,2,0.02000919339695994,0.13876351873369083,0.0009812062507789931,20000,20000,20,,
hopper-medium-replay-v2,2,rnn,9,20,3,0.019963327860124922,0.14709551942830487,0.0010401223926991192,20000,20000,20,,
hopper-medium-replay-v2,2,rnn,9,21,2,0.020255191626813097,0.14066321193605405,0.0009946391102346433,20000,20000,20,,
hopper-medium-replay-v2,2,rnn,9,22,5,0.019907747995974206,0.1286005916382911,0.0009093435041203766,20000,20000,20,,
hopper-medium-replay-v2,2,rnn,9,23,5,0.01998994969526703,0.11223792646575897,0.0007936419891025523,20000,20000,20,,
hopper-medium-replay-v2,2,rnn,9,24,2,0.020985783767494492,0.11523871639627847,0.0008148607781904188,20000,20000,20,,
hopper-medium-replay-v2,2,rnn,9,25,4,0.021776909862807392,0.12350469804835264,0.0008733100949838711,20000,20000,20,,
hopper-medium-replay-v2,2,rnn,9,26,5,0.023332116697078478,0.13188795080180574,0.0009325886436875459,20000,20000,20,,
hopper-medium-replay-v2,2,rnn,9,27,4,0.023661903273530637,0.12688385851455591,0.0008972043677875694,20000,20000,20,,
hopper-medium-replay-v2,2,rnn,9,28,3,0.024732420380128184,0.13283155663198581,0.0009392609445004208,20000,20000,20,,
hopper-medium-replay-v2,2,rnn,9,29,5,0.02610816134352275,0.159646585831786,0.001128871834349361,20000,20000,20,,
hopper-medium-replay-v2,2,rnn,9,30,4,0.026114007173527482,0.13805360229895464,0.0009761863835282157,20000,20000,20,,
hopper-medium-replay-v2,2,rnn,9,31,5,0.027367487341419746,0.14408093856467943,0.0010188060869880718,20000,20000,20,,
hopper-medium-replay-v2,2,rnn,9,32,2,0.027361798214157795,0.14781153451199278,0.001045185383910195,20000,20000,20,,
hopper-medium-replay-v2,2,rnn,9,33,5,0.028721323980801548,0.14539633617698325,0.0010281073527042379,20000,20000,20,,
hopper-medium-replay-v2,2,rnn,9,34,2,0.033566895138665606,0.20209623663688786,0.001429036193782246,20000,20000,20,,
hopper-medium-replay-v2,2,rnn,9,35,2,0.032975214557275936,0.191891632093244,0.0013568787430608697,20000,20000,20,,
hopper-medium-replay-v2,2,rnn,9,36,3,0.035252569128452864,0.20655657981713305,0.0014605755828739513,20000,20000,20,,
hopper-medium-replay-v2,2,rnn,9,37,5,0.03912847732336715,0.23564422889693062,0.0016662563220049464,20000,20000,20,,
hopper-medium-replay-v2,2,rnn,9,38,2,0.04148093426665605,0.2525660358734933,0.0017859115666355194,20000,20000,20,,
hopper-medium-replay-v2,2,rnn,9,39,4,0.04386427243498495,0.2728507330072771,0.0019293460356116577,20000,20000,20,,
hopper-medium-replay-v2,2,rnn,9,40,2,0.04671585105826289,0.26423088872272016,0.0018683945321478347,20000,20000,20,,
hopper-medium-replay-v2,2,rnn,9,41,2,0.04902404614082875,0.27983287820511143,0.001978717257777835,20000,20000,20,,
hopper-medium-replay-v2,2,rnn,9,42,5,0.05192653060971504,0.30508655855505673,0.002157287744031473,20000,20000,20,,
hopper-medium-replay-v2,2,rnn,9,43,3,0.05031705132159205,0.2658671616800996,0.0018799647291881864,20000,20000,20,,
hopper-medium-replay-v2,2,rnn,9,44,3,0.05315066237734268,0.28041847375484363,0.0019828580436203184,20000,20000,20,,
hopper-medium-replay-v2,2,rnn,9,45,4,0.05698631916184554,0.311172171539168,0.002200319526118893,20000,20000,20,,
hopper-medium-replay-v2,2,rnn,9,46,4,0.057348832280511644,0.32742509367631417,0.002315245040691623,20000,20000,20,,
hopper-medium-replay-v2,2,rnn,9,47,4,0.05681659168206779,0.30964759496077954,0.0021895391417487264,20000,20000,20,,
hopper-medium-replay-v2,2,rnn,9,48,3,0.06026836751897253,0.32682254921862935,0.0023109844079716698,20000,20000,20,,
hopper-medium-replay-v2,2,rnn,9,49,5,0.062394249260005655,0.36025328575417437,0.0025473754130151175,20000,20000,20,,
hopper-medium-replay-v2,2,rnn,9,50,1,0.06598405119189636,0.36395535550287805,0.002573552999252457,20000,20000,20,,
hopper-medium-replay-v2,2,rnn,9,51,2,0.06969064999419002,0.39783143625673845,0.0028130930634632347,20000,20000,20,,
hopper-medium-replay-v2,2,rnn,9,52,4,0.067983284250104,0.3618088931194983,0.0025583752181839604,20000,20000,20,,
hopper-medium-replay-v2,2,rnn,9,53,2,0.07248210519961833,0.3461455523306119,0.002447618673305386,20000,20000,20,,
hopper-medium-replay-v2,2,rnn,9,54,1,0.0774477859389818,0.3808928913050164,0.0026933194634752764,20000,20000,20,,
hopper-medium-replay-v2,2,rnn,9,55,3,0.08423607705285348,0.4234076174968313,0.002993943975380493,20000,20000,20,,
hopper-medium-replay-v2,2,rnn,9,56,5,0.08592779444200924,0.42646033271812483,0.0030155299317205734,20000,20000,20,,
hopper-medium-replay-v2,2,rnn,9,57,2,0.09152636829851145,0.4724142760967736,0.003340473381573625,20000,20000,20,,
hopper-medium-replay-v2,2,rnn,9,58,4,0.0985002099588364,0.5286091416191185,0.0037378310863607875,20000,20000,20,,
hopper-medium-replay-v2,2,rnn,9,59,1,0.10630448555230773,0.5862897042524755,0.0041456942561678084,20000,20000,20,,
hopper-medium-replay-v2,2,rnn,9,60,3,0.10370356741156789,0.5666631489016664,0.004006913552368906,20000,20000,20,,
hopper-medium-replay-v2,2,rnn,9,61,1,0.1062552173433769,0.5694210061787909,0.0040264145481909,20000,20000,20,,
hopper-medium-replay-v2,2,rnn,9,62,5,0.1089007864454245,0.6007521916854808,0.004247959485534841,20000,20000,20,,
hopper-medium-replay-v2,2,rnn,9,63,1,0.11651773396081157,0.6561223906032564,0.0046394859168389126,20000,20000,20,,
hopper-medium-replay-v2,2,rnn,9,64,4,0.12519019855687474,0.6898886111410295,0.004878249152011911,20000,20000,20,,
hopper-medium-replay-v2,2,rnn,9,65,1,0.12658424569549045,0.6784392777708635,0.004797290139350813,20000,20000,20,,
hopper-medium-replay-v2,2,rnn,9,66,4,0.13077138120433843,0.6842772178870008,0.00483857060979363,20000,20000,20,,
hopper-medium-replay-v2,2,rnn,9,67,5,0.1339180873167966,0.7174504289214697,0.0050731406345556835,20000,20000,20,,
hopper-medium-replay-v2,2,rnn,9,68,3,0.1346730979599801,0.6680887758214857,0.004724101038179917,20000,20000,20,,
hopper-medium-replay-v2,2,rnn,9,69,1,0.13905058318406108,0.7022618978188324,0.004965741501166307,20000,20000,20,,
hopper-medium-replay-v2,2,rnn,9,70,3,0.14111556417660873,0.7120345366591538,0.00503484449310709,20000,20000,20,,
hopper-medium-replay-v2,2,rnn,9,71,1,0.14036881628648445,0.7051040025630209,0.004985838216540888,20000,20000,20,,
hopper-medium-replay-v2,2,rnn,9,72,5,0.1448516085992332,0.7497345235836972,0.005301423657156978,20000,20000,20,,
hopper-medium-replay-v2,2,rnn,9,73,4,0.14721294965006135,0.7391017738436398,0.005226238762718437,20000,20000,20,,
hopper-medium-replay-v2,2,rnn,9,74,1,0.15049774160811802,0.7479694171573932,0.0052889424699214226,20000,20000,20,,
hopper-medium-replay-v2,2,rnn,9,75,2,0.15514273173600399,0.7523826921193837,0.005320149036450066,20000,20000,20,,
hopper-medium-replay-v2,2,rnn,9,76,5,0.15975873549033595,0.7553230263982292,0.0053409403395253355,20000,20000,20,,
hopper-medium-replay-v2,2,rnn,9,77,4,0.1615014694471136,0.7579894221746639,0.005359794604873776,20000,20000,20,,
hopper-medium-replay-v2,2,rnn,9,78,3,0.17010137561436828,0.7886306440761797,0.005576460762777812,20000,20000,20,,
hopper-medium-replay-v2,2,rnn,9,79,5,0.17297913253579544,0.7752834480128679,0.0054820818343158705,20000,20000,20,,
hopper-medium-replay-v2,2,rnn,9,80,5,0.1714706503074291,0.7373519463152951,0.005213865613606443,20000,20000,20,,
hopper-medium-replay-v2,2,rnn,9,81,1,0.1735725275491422,0.7513716158859549,0.005312999647840526,20000,20000,20,,
hopper-medium-replay-v2,2,rnn,9,82,3,0.17988191833143755,0.7920588981161041,0.005600702179570419,20000,20000,20,,
hopper-medium-replay-v2,2,rnn,9,83,1,0.17759976615278844,0.7497813072780036,0.005301754467831908,20000,20000,20,,
hopper-medium-replay-v2,2,rnn,9,84,5,0.17694835889484586,0.737641174379374,0.00521591076486064,20000,20000,20,,
hopper-medium-replay-v2,2,rnn,9,85,3,0.18427822642519867,0.7680115996823226,0.005430662101652984,20000,20000,20,,
hopper-medium-replay-v2,2,rnn,9,86,5,0.1870378947381565,0.7656565441010135,0.005414009343936835,20000,20000,20,,
hopper-medium-replay-v2,2,rnn,9,87,5,0.19526481853319438,0.7813702979157223,0.005525122362739601,20000,20000,20,,
hopper-medium-replay-v2,2,rnn,9,88,4,0.20735438538608797,0.8357766504527185,0.005909833370924961,20000,20000,20,,
hopper-medium-replay-v2,2,rnn,9,89,4,0.21159174188263563,0.8452475701419764,0.005976802886288435,20000,20000,20,,
hopper-medium-replay-v2,2,rnn,9,90,3,0.218213978953481,0.8649471799137114,0.00611610016285166,20000,20000,20,,
hopper-medium-replay-v2,2,rnn,9,91,4,0.22310365929365447,0.8865384525391008,0.006268773515730264,20000,20000,20,,
hopper-medium-replay-v2,2,rnn,9,92,1,0.2252248012854548,0.9032846074217614,0.006387186712493559,20000,20000,20,,
hopper-medium-replay-v2,2,rnn,9,93,2,0.2315608684399948,0.9125255161761467,0.006452529804939079,20000,20000,20,,
hopper-medium-replay-v2,2,rnn,9,94,5,0.23397412123986136,0.9202135962570681,0.006506892740534326,20000,20000,20,,
hopper-medium-replay-v2,2,rnn,9,95,1,0.23665974315946556,0.9320980139342128,0.006590928263833949,20000,20000,20,,
hopper-medium-replay-v2,2,rnn,9,96,1,0.24619029768898526,0.9581076968340252,0.006774844495383641,20000,20000,20,,
hopper-medium-replay-v2,2,rnn,9,97,1,0.2573188192695577,0.987327375616739,0.006981458825497136,20000,20000,20,,
hopper-medium-replay-v2,2,rnn,9,98,4,0.27573935907863695,1.0321019188964233,0.00729806265727309,20000,20000,20,,
hopper-medium-replay-v2,2,rnn,9,99,5,0.282062590809758,1.0355624365995866,0.007322532212616318,20000,20000,20,,
hopper-medium-replay-v2,2,rnn,9,100,5,0.2867721054736251,1.0191635307160616,0.007206574437073513,20000,20000,20,,
hopper-medium-replay-v2,2,rnn,10,1,3,0.0006908869677753979,0.004601820476749582,3.2539784649127405e-05,20000,20000,20,,
hopper-medium-replay-v2,2,rnn,10,2,4,0.001013985712346387,0.005317966706073447,3.760370319988821e-05,20000,20000,20,,
hopper-medium-replay-v2,2,rnn,10,3,1,0.002631312886539074,0.014039654713466068,9.927535053409531e-05,20000,20000,20,,
hopper-medium-replay-v2,2,rnn,10,4,3,0.00253084641818269,0.013880027617852229,9.814661651639873e-05,20000,20000,20,,
hopper-medium-replay-v2,2,rnn,10,5,2,0.0035975370096990125,0.023507738815137794,0.0001662248152654615,20000,20000,20,,
hopper-medium-replay-v2,2,rnn,10,6,3,0.005284544887763732,0.04104854079201696,0.00029025701551847803,20000,20000,20,,
hopper-medium-replay-v2,2,rnn,10,7,3,0.007826409058872538,0.0733817467666655,0.0005188873075402319,20000,20000,20,,
hopper-medium-replay-v2,2,rnn,10,8,5,0.010405746529212511,0.10031735521581621,0.0007093508214380331,20000,20000,20,,
hopper-medium-replay-v2,2,rnn,10,9,5,0.011013696916763882,0.10131433036107992,0.0007164005002969373,20000,20000,20,,
hopper-medium-replay-v2,2,rnn,10,10,4,0.013410696734095291,0.14368931986396977,0.001016036924598959,20000,20000,20,,
hopper-medium-replay-v2,2,rnn,10,11,1,0.014870333461312672,0.1712450197627722,0.0012108851471868056,20000,20000,20,,
hopper-medium-replay-v2,2,rnn,10,12,4,0.01320803909042111,0.12427267232787496,0.000878740493192142,20000,20000,20,,
hopper-medium-replay-v2,2,rnn,10,13,4,0.012633114763071648,0.12184293046462177,0.0008615596237117503,20000,20000,20,,
hopper-medium-replay-v2,2,rnn,10,14,1,0.013274747660679546,0.10602469892565433,0.0007497078358359223,20000,20000,20,,
hopper-medium-replay-v2,2,rnn,10,15,3,0.01323225842392798,0.08591140804965858,0.0006074853921319812,20000,20000,20,,
hopper-medium-replay-v2,2,rnn,10,16,3,0.015418963847472955,0.10945070495101199,0.0007739333567650861,20000,20000,20,,
hopper-medium-replay-v2,2,rnn,10,17,4,0.01668014776036174,0.10959817911933421,0.0007749761566097909,20000,20000,20,,
hopper-medium-replay-v2,2,rnn,10,18,1,0.020883776613163485,0.15509660938653433,0.0010966986423625955,20000,20000,20,,
hopper-medium-replay-v2,2,rnn,10,19,2,0.022863298035362054,0.16406066075148293,0.0011600840574331923,20000,20000,20,,
hopper-medium-replay-v2,2,rnn,10,20,5,0.022666787775387127,0.15608302595336232,0.001103673660797384,20000,20000,20,,
hopper-medium-replay-v2,2,rnn,10,21,5,0.023528891198978545,0.1695773569124283,0.0011990929900846951,20000,20000,20,,
hopper-medium-replay-v2,2,rnn,10,22,3,0.024720949305411268,0.16719764275865642,0.001182265869930518,20000,20000,20,,
hopper-medium-replay-v2,2,rnn,10,23,2,0.025261659022870822,0.1620471817909947,0.0011458466111658157,20000,20000,20,,
hopper-medium-replay-v2,2,rnn,10,24,4,0.025591021148323772,0.162817940213609,0.001151296696238688,20000,20000,20,,
hopper-medium-replay-v2,2,rnn,10,25,5,0.02722674016647137,0.18481539908430866,0.001306842219602127,20000,20000,20,,
hopper-medium-replay-v2,2,rnn,10,26,1,0.029008835424934064,0.2045329982678824,0.0014462667005163603,20000,20000,20,,
hopper-medium-replay-v2,2,rnn,10,27,3,0.028086383391178128,0.16099228355984216,0.0011383873542387191,20000,20000,20,,
hopper-medium-replay-v2,2,rnn,10,28,3,0.028044508248990473,0.14214641740088885,0.0010051269566554197,20000,20000,20,,
hopper-medium-replay-v2,2,rnn,10,29,2,0.027902126775255953,0.15543743071570426,0.0010991086130928863,20000,20000,20,,
hopper-medium-replay-v2,2,rnn,10,30,3,0.032037028804910855,0.17447169163898518,0.0012337011628301467,20000,20000,20,,
hopper-medium-replay-v2,2,rnn,10,31,3,0.03365018268000424,0.19406395288603828,0.0013722393706958433,20000,20000,20,,
hopper-medium-replay-v2,2,rnn,10,32,1,0.03440306442365244,0.17650770412377975,0.001248097945175934,20000,20000,20,,
hopper-medium-replay-v2,2,rnn,10,33,5,0.03775158866071913,0.21890298339713685,0.0015478778398208169,20000,20000,20,,
hopper-medium-replay-v2,2,rnn,10,34,4,0.03940939400793911,0.22577987336391434,0.0015965047951106378,20000,20000,20,,
hopper-medium-replay-v2,2,rnn,10,35,2,0.03934021975728714,0.19994180650880136,0.0014138020722506202,20000,20000,20,,
hopper-medium-replay-v2,2,rnn,10,36,1,0.041810869875735124,0.20956840002938942,0.0014818723678319632,20000,20000,20,,
hopper-medium-replay-v2,2,rnn,10,37,5,0.04457753267659693,0.24665682148353332,0.001744127110969261,20000,20000,20,,
hopper-medium-replay-v2,2,rnn,10,38,1,0.04794368653277721,0.266042315474743,0.0018812032535476153,20000,20000,20,,
hopper-medium-replay-v2,2,rnn,10,39,3,0.0524638645718616,0.27486014143309934,0.0019435546988523808,20000,20000,20,,
hopper-medium-replay-v2,2,rnn,10,40,1,0.05394621276010605,0.29291483945445296,0.0020712206928841254,20000,20000,20,,
hopper-medium-replay-v2,2,rnn,10,41,2,0.05628246433772768,0.32277936285394215,0.002282394763010957,20000,20000,20,,
hopper-medium-replay-v2,2,rnn,10,42,4,0.05837758544467418,0.30605171824340854,0.0021641124536370877,20000,20000,20,,
hopper-medium-replay-v2,2,rnn,10,43,1,0.06321652631539447,0.3205029832804433,0.002266298328681201,20000,20000,20,,
hopper-medium-replay-v2,2,rnn,10,44,1,0.06767602225929313,0.3534417117768142,0.0024992103115156657,20000,20000,20,,
hopper-medium-replay-v2,2,rnn,10,45,3,0.06877914774006247,0.3411177105912027,0.0024120664634186962,20000,20000,20,,
hopper-medium-replay-v2,2,rnn,10,46,5,0.07121948387492037,0.3315682673735804,0.0023445417028613302,20000,20000,20,,
hopper-medium-replay-v2,2,rnn,10,47,4,0.07491649428462527,0.38087604006352793,0.0026932003072039972,20000,20000,20,,
hopper-medium-replay-v2,2,rnn,10,48,5,0.07831400625008285,0.40131213295183776,0.002837705305826818,20000,20000,20,,
hopper-medium-replay-v2,2,rnn,10,49,1,0.07940072423202091,0.3982395660629396,0.0028159789769989264,20000,20000,20,,
hopper-medium-replay-v2,2,rnn,10,50,5,0.07879743245095036,0.3824326306090829,0.002704207064506925,20000,20000,20,,
hopper-medium-replay-v2,2,rnn,10,51,4,0.08083643247219845,0.4197895905162824,0.0029683606612558727,20000,20000,20,,
hopper-medium-replay-v2,2,rnn,10,52,4,0.0819103351380387,0.4224336628459029,0.0029870570759980963,20000,20000,20,,
hopper-medium-replay-v2,2,rnn,10,53,4,0.08478307158448666,0.4146023262917778,0.002931681164166337,20000,20000,20,,
hopper-medium-replay-v2,2,rnn,10,54,1,0.08503138055861595,0.4160706736164371,0.0029420639476703744,20000,20000,20,,
hopper-medium-replay-v2,2,rnn,10,55,2,0.08637156228310557,0.41911783644241407,0.002963610642646653,20000,20000,20,,
hopper-medium-replay-v2,2,rnn,10,56,5,0.09125569660567145,0.46339949506536,0.003276729253591381,20000,20000,20,,
hopper-medium-replay-v2,2,rnn,10,57,1,0.09628827469881661,0.4653734234434996,0.003290687035008972,20000,20000,20,,
hopper-medium-replay-v2,2,rnn,10,58,3,0.10243951047559632,0.49205627715196315,0.003479363302995604,20000,20000,20,,
hopper-medium-replay-v2,2,rnn,10,59,4,0.10768217599820926,0.5309983589512889,0.0037547254041338483,20000,20000,20,,
hopper-medium-replay-v2,2,rnn,10,60,4,0.11696024271922681,0.6038547766877441,0.0042698980744779215,20000,20000,20,,
hopper-medium-replay-v2,2,rnn,10,61,3,0.12002213247880682,0.609674252516353,0.004311047982691527,20000,20000,20,,
hopper-medium-replay-v2,2,rnn,10,62,2,0.12185529760321001,0.6137798262881883,0.0043400787732387905,20000,20000,20,,
hopper-medium-replay-v2,2,rnn,10,63,2,0.12117769217588013,0.6171961374092857,0.004364235740842501,20000,20000,20,,
hopper-medium-replay-v2,2,rnn,10,64,2,0.12829166274394357,0.6355512669193972,0.004494026106304072,20000,20000,20,,
hopper-medium-replay-v2,2,rnn,10,65,4,0.12257525484241523,0.5885208845054887,0.00416147108303736,20000,20000,20,,
hopper-medium-replay-v2,2,rnn,10,66,2,0.12704014496528546,0.629172316969787,0.004448920118641883,20000,20000,20,,
hopper-medium-replay-v2,2,rnn,10,67,4,0.13387275977490776,0.6632807392254647,0.004690103085367521,20000,20000,20,,
hopper-medium-replay-v2,2,rnn,10,68,2,0.13730957119443182,0.6649212224360264,0.00470170305339363,20000,20000,20,,
hopper-medium-replay-v2,2,rnn,10,69,2,0.14221399968752263,0.690609037480387,0.004883343335510962,20000,20000,20,,
hopper-medium-replay-v2,2,rnn,10,70,5,0.14425041113616408,0.6455596780409493,0.004564796260033596,20000,20000,20,,
hopper-medium-replay-v2,2,rnn,10,71,1,0.14621538393961842,0.6570537310298534,0.004646071488151312,20000,20000,20,,
hopper-medium-replay-v2,2,rnn,10,72,3,0.14864681788283182,0.6804552746579599,0.004811545390047981,20000,20000,20,,
hopper-medium-replay-v2,2,rnn,10,73,3,0.15339938539302073,0.7081322547994041,0.005007251193455788,20000,20000,20,,
hopper-medium-replay-v2,2,rnn,10,74,3,0.1564783773622161,0.7117894494534387,0.005033111464855658,20000,20000,20,,
hopper-medium-replay-v2,2,rnn,10,75,3,0.16436850051443191,0.7524888343688296,0.005320899575493602,20000,20000,20,,
hopper-medium-replay-v2,2,rnn,10,76,1,0.1691204426225726,0.7629452087952183,0.005394837308128853,20000,20000,20,,
hopper-medium-replay-v2,2,rnn,10,77,1,0.17227946945986125,0.7659896132312097,0.005416364498342491,20000,20000,20,,
hopper-medium-replay-v2,2,rnn,10,78,3,0.17779406940529066,0.7813578513455113,0.005525034352197614,20000,20000,20,,
hopper-medium-replay-v2,2,rnn,10,79,2,0.1816461340488108,0.8004292257632681,0.005659889333971048,20000,20000,20,,
hopper-medium-replay-v2,2,rnn,10,80,3,0.1844028754766143,0.7960052641118921,0.0056286072011370765,20000,20000,20,,
hopper-medium-replay-v2,2,rnn,10,81,1,0.18935760105605132,0.8065666969013444,0.005703287808581753,20000,20000,20,,
hopper-medium-replay-v2,2,rnn,10,82,3,0.1942652244521052,0.8295602271617244,0.005865876620287081,20000,20000,20,,
hopper-medium-replay-v2,2,rnn,10,83,5,0.20685517083419655,0.8731889851537502,0.006174378526596163,20000,20000,20,,
hopper-medium-replay-v2,2,rnn,10,84,4,0.21401136096217502,0.8993587367308773,0.006359426614617703,20000,20000,20,,
hopper-medium-replay-v2,2,rnn,10,85,1,0.21319057467632974,0.8886494455084555,0.006283700490166942,20000,20000,20,,
hopper-medium-replay-v2,2,rnn,10,86,2,0.2136575653416984,0.8604085073570421,0.0060840069014275995,20000,20000,20,,
hopper-medium-replay-v2,2,rnn,10,87,3,0.21675521788886887,0.8354531397027535,0.00590754580447409,20000,20000,20,,
hopper-medium-replay-v2,2,rnn,10,88,5,0.226511268803436,0.9021393639960952,0.00637908861856958,20000,20000,20,,
hopper-medium-replay-v2,2,rnn,10,89,1,0.23278617212009622,0.9271137498658539,0.006555684194614339,20000,20000,20,,
hopper-medium-replay-v2,2,rnn,10,90,5,0.2385002162475792,0.9459282600215507,0.006688722871772303,20000,20000,20,,
hopper-medium-replay-v2,2,rnn,10,91,4,0.2508427509156481,0.9804892189058494,0.006933105755686273,20000,20000,20,,
hopper-medium-replay-v2,2,rnn,10,92,5,0.26193930935272486,1.021397522801021,0.007222371146597432,20000,20000,20,,
hopper-medium-replay-v2,2,rnn,10,93,4,0.2662636545915941,1.0245030343419064,0.007244330429293564,20000,20000,20,,
hopper-medium-replay-v2,2,rnn,10,94,2,0.270926710105964,1.0465165743693505,0.007399989663606836,20000,20000,20,,
hopper-medium-replay-v2,2,rnn,10,95,2,0.27117534815947963,1.0037589840561743,0.0070976478430304045,20000,20000,20,,
hopper-medium-replay-v2,2,rnn,10,96,2,0.2725825856998733,1.0224481676738553,0.007229800327739432,20000,20000,20,,
hopper-medium-replay-v2,2,rnn,10,97,4,0.26505890369296087,0.9931308197681513,0.007022495372634147,20000,20000,20,,
hopper-medium-replay-v2,2,rnn,10,98,2,0.2673252928181044,0.9968932056199961,0.007049099458126945,20000,20000,20,,
hopper-medium-replay-v2,2,rnn,10,99,3,0.2757776465494667,1.013805907019191,0.007168690316602484,20000,20000,20,,
hopper-medium-replay-v2,2,rnn,10,100,4,0.28252812407535155,1.046796686839638,0.007401970357879187,20000,20000,20,,
hopper-medium-replay-v2,2,rnn,11,1,4,0.0006419975335767906,0.0038433714097260334,2.717673986435779e-05,20000,20000,20,,
hopper-medium-replay-v2,2,rnn,11,2,4,0.0010115008490662238,0.005167052157797149,3.6536576195229466e-05,20000,20000,20,,
hopper-medium-replay-v2,2,rnn,11,3,1,0.002612518252734721,0.01381055722498329,9.765538665750552e-05,20000,20000,20,,
hopper-medium-replay-v2,2,rnn,11,4,5,0.002386828068201013,0.011515276524623004,8.142530117799186e-05,20000,20000,20,,
hopper-medium-replay-v2,2,rnn,11,5,3,0.00314328547869271,0.018242804575697328,0.00012899610823336558,20000,20000,20,,
hopper-medium-replay-v2,2,rnn,11,6,5,0.004478642237529841,0.03276416252934573,0.00023167761504398553,20000,20000,20,,
hopper-medium-replay-v2,2,rnn,11,7,5,0.006481541735536246,0.056950885584707664,0.00040270357391525985,20000,20000,20,,
hopper-medium-replay-v2,2,rnn,11,8,4,0.008046739603272719,0.0743155724745568,0.0005254904524451946,20000,20000,20,,
hopper-medium-replay-v2,2,rnn,11,9,5,0.008502773428638527,0.07555944343061372,0.0005342859483246829,20000,20000,20,,
hopper-medium-replay-v2,2,rnn,11,10,3,0.009060734415660816,0.09523555198730399,0.0006734170462026663,20000,20000,20,,
hopper-medium-replay-v2,2,rnn,11,11,2,0.009035792260167898,0.09158198274725861,0.0006475824103509597,20000,20000,20,,
hopper-medium-replay-v2,2,rnn,11,12,1,0.0098848716333024,0.08544654150835942,0.0006041982892949876,20000,20000,20,,
hopper-medium-replay-v2,2,rnn,11,13,2,0.010008438452767325,0.07771165566354278,0.0005495043869692507,20000,20000,20,,
hopper-medium-replay-v2,2,rnn,11,14,2,0.010846189854538982,0.08267845195809521,0.0005846249403757531,20000,20000,20,,
hopper-medium-replay-v2,2,rnn,11,15,2,0.012506302829239603,0.08365617324624879,0.0005915384739053915,20000,20000,20,,
hopper-medium-replay-v2,2,rnn,11,16,3,0.015859110622152887,0.11479383715464672,0.0008117150069047494,20000,20000,20,,
hopper-medium-replay-v2,2,rnn,11,17,1,0.01950590544213593,0.13940265165603685,0.0009857256030136976,20000,20000,20,,
hopper-medium-replay-v2,2,rnn,11,18,1,0.021823031793381915,0.158421864971273,0.001120211750094067,20000,20000,20,,
hopper-medium-replay-v2,2,rnn,11,19,5,0.024837680092801896,0.1935786911697079,0.001368808052193169,20000,20000,20,,
hopper-medium-replay-v2,2,rnn,11,20,4,0.025783164674310518,0.18863524062243803,0.0013338525781488202,20000,20000,20,,
hopper-medium-replay-v2,2,rnn,11,21,1,0.026589511478659598,0.19188906302700579,0.001356860577019286,20000,20000,20,,
hopper-medium-replay-v2,2,rnn,11,22,2,0.027797086337687637,0.18551760313692697,0.0013118075520759578,20000,20000,20,,
hopper-medium-replay-v2,2,rnn,11,23,5,0.028372826244126622,0.18629474943300142,0.0013173028062352403,20000,20000,20,,
hopper-medium-replay-v2,2,rnn,11,24,5,0.029788592684359707,0.19500420185735076,0.0013788879349320307,20000,20000,20,,
hopper-medium-replay-v2,2,rnn,11,25,4,0.03194246999928361,0.20484613241078758,0.0014484808932750531,20000,20000,20,,
hopper-medium-replay-v2,2,rnn,11,26,2,0.033628966309140626,0.21878667891030693,0.0015470554429076182,20000,20000,20,,
hopper-medium-replay-v2,2,rnn,11,27,4,0.03486619434194613,0.22892442683057185,0.0016187401459114097,20000,20000,20,,
hopper-medium-replay-v2,2,rnn,11,28,4,0.03370103680671939,0.20542731056298472,0.0014525904434000137,20000,20000,20,,
hopper-medium-replay-v2,2,rnn,11,29,3,0.032184444997555434,0.19250090007509782,0.0013611869182761564,20000,20000,20,,
hopper-medium-replay-v2,2,rnn,11,30,5,0.03127217309707132,0.17201713647327144,0.0012163448368054202,20000,20000,20,,
hopper-medium-replay-v2,2,rnn,11,31,1,0.033099219719487726,0.1851353107016322,0.0013091043363420251,20000,20000,20,,
hopper-medium-replay-v2,2,rnn,11,32,5,0.033594344389300236,0.18447069824681156,0.001304404816605378,20000,20000,20,,
hopper-medium-replay-v2,2,rnn,11,33,5,0.03349582761786043,0.18225891287017884,0.0012887651322219158,20000,20000,20,,
hopper-medium-replay-v2,2,rnn,11,34,5,0.03504223658991362,0.18791853012257204,0.0013287846696027918,20000,20000,20,,
hopper-medium-replay-v2,2,rnn,11,35,2,0.035959893554782456,0.19580039915140157,0.0013845178999898878,20000,20000,20,,
hopper-medium-replay-v2,2,rnn,11,36,5,0.039605893513424556,0.20027819524401616,0.0014161806998084718,20000,20000,20,,
hopper-medium-replay-v2,2,rnn,11,37,2,0.040134553541140885,0.21287232919884197,0.0015052346750347625,20000,20000,20,,
hopper-medium-replay-v2,2,rnn,11,38,4,0.04395006320056938,0.24303945206758654,0.0017185484465285332,20000,20000,20,,
hopper-medium-replay-v2,2,rnn,11,39,4,0.042437880471739936,0.2159763930000021,0.0015271837206651227,20000,20000,20,,
hopper-medium-replay-v2,2,rnn,11,40,4,0.04422522881132042,0.24781718237606032,0.0017523321015265562,20000,20000,20,,
hopper-medium-replay-v2,2,rnn,11,41,4,0.046072639593982584,0.2663519166174068,0.0018833924642220222,20000,20000,20,,
hopper-medium-replay-v2,2,rnn,11,42,2,0.047344372458111635,0.25299972868081777,0.001788978237885629,20000,20000,20,,
hopper-medium-replay-v2,2,rnn,11,43,4,0.04887924023721891,0.24566483867003003,0.001737112733226774,20000,20000,20,,
hopper-medium-replay-v2,2,rnn,11,44,4,0.05310677157047479,0.28721238251343284,0.0020308982331599295,20000,20000,20,,
hopper-medium-replay-v2,2,rnn,11,45,1,0.05628567775656325,0.30461575550474473,0.0021539586637366838,20000,20000,20,,
hopper-medium-replay-v2,2,rnn,11,46,2,0.05561042434199195,0.28206954778165755,0.0019945329000263293,20000,20000,20,,
hopper-medium-replay-v2,2,rnn,11,47,4,0.05749020347027052,0.30084770202475924,0.002127314502060971,20000,20000,20,,
hopper-medium-replay-v2,2,rnn,11,48,4,0.06087742080882153,0.3072782945326603,0.0021727856577548133,20000,20000,20,,
hopper-medium-replay-v2,2,rnn,11,49,3,0.0657837606001468,0.35388168021976185,0.002502321358210829,20000,20000,20,,
hopper-medium-replay-v2,2,rnn,11,50,2,0.07147241872554896,0.4101169545324591,0.002899964796294768,20000,20000,20,,
hopper-medium-replay-v2,2,rnn,11,51,1,0.07575908651043707,0.4188669313359452,0.0029618364756244684,20000,20000,20,,
hopper-medium-replay-v2,2,rnn,11,52,3,0.08096125439566217,0.4521177795417958,0.003196955478090083,20000,20000,20,,
hopper-medium-replay-v2,2,rnn,11,53,4,0.08513621106959526,0.4544840274635569,0.003213687377604542,20000,20000,20,,
hopper-medium-replay-v2,2,rnn,11,54,1,0.08898522107507927,0.46869298347471977,0.003314159869095288,20000,20000,20,,
hopper-medium-replay-v2,2,rnn,11,55,4,0.0928411817166201,0.4748259664658504,0.00335752660771459,20000,20000,20,,
hopper-medium-replay-v2,2,rnn,11,56,2,0.09465840933433156,0.47056007641146097,0.00332736220986204,20000,20000,20,,
hopper-medium-replay-v2,2,rnn,11,57,2,0.09419073364051608,0.46976903051726315,0.0033217686707018696,20000,20000,20,,
hopper-medium-replay-v2,2,rnn,11,58,3,0.09988432801463737,0.514059357369804,0.003634948575285872,20000,20000,20,,
hopper-medium-replay-v2,2,rnn,11,59,5,0.10731889675435004,0.5489853279139644,0.0038819124813988465,20000,20000,20,,
hopper-medium-replay-v2,2,rnn,11,60,5,0.10836715626643648,0.5490932656703706,0.003882675716593856,20000,20000,20,,
hopper-medium-replay-v2,2,rnn,11,61,4,0.10509496783592369,0.5372820616047383,0.0037991578917059886,20000,20000,20,,
hopper-medium-replay-v2,2,rnn,11,62,5,0.10902592006226965,0.5486345144769066,0.003879431855796097,20000,20000,20,,
hopper-medium-replay-v2,2,rnn,11,63,4,0.11322348239245385,0.5714991188362336,0.004041109023712373,20000,20000,20,,
hopper-medium-replay-v2,2,rnn,11,64,4,0.1177741344240222,0.6079464007760927,0.004298830225867297,20000,20000,20,,
hopper-medium-replay-v2,2,rnn,11,65,5,0.11823013768744604,0.61652311974722,0.004359476787315451,20000,20000,20,,
hopper-medium-replay-v2,2,rnn,11,66,3,0.11564490783209347,0.5884182278371173,0.004160745190773966,20000,20000,20,,
hopper-medium-replay-v2,2,rnn,11,67,4,0.11673471067187424,0.5880918592934244,0.004158437416669853,20000,20000,20,,
hopper-medium-replay-v2,2,rnn,11,68,3,0.1229061310039747,0.6162147541134959,0.004357296313008539,20000,20000,20,,
hopper-medium-replay-v2,2,rnn,11,69,4,0.1269258515034465,0.634867221949074,0.004489189177932552,20000,20000,20,,
hopper-medium-replay-v2,2,rnn,11,70,2,0.12801017251554597,0.6138409186090139,0.0043405107611821335,20000,20000,20,,
hopper-medium-replay-v2,2,rnn,11,71,5,0.13163606717274,0.6494725554386176,0.004592464481452024,20000,20000,20,,
hopper-medium-replay-v2,2,rnn,11,72,3,0.13660380121781354,0.6953098010146668,0.004916582753229398,20000,20000,20,,
hopper-medium-replay-v2,2,rnn,11,73,2,0.14328147559746413,0.719121692122509,0.005084958249981708,20000,20000,20,,
hopper-medium-replay-v2,2,rnn,11,74,3,0.14815272522227566,0.7560438552119069,0.005346037368947596,20000,20000,20,,
hopper-medium-replay-v2,2,rnn,11,75,3,0.15228277117586198,0.7782102404740331,0.005502777382280027,20000,20000,20,,
hopper-medium-replay-v2,2,rnn,11,76,2,0.15505255254037228,0.7660039194007615,0.0054164656582375206,20000,20000,20,,
hopper-medium-replay-v2,2,rnn,11,77,3,0.15692826166819496,0.7616475025307798,0.005385661139133125,20000,20000,20,,
hopper-medium-replay-v2,2,rnn,11,78,5,0.16029845149678196,0.74784263688094,0.005288045997989415,20000,20000,20,,
hopper-medium-replay-v2,2,rnn,11,79,3,0.1627096336399778,0.7473529275223552,0.005284583229906757,20000,20000,20,,
hopper-medium-replay-v2,2,rnn,11,80,2,0.16410262930209082,0.7429056649133966,0.005253136334421637,20000,20000,20,,
hopper-medium-replay-v2,2,rnn,11,81,2,0.16390095289417894,0.7396713528113982,0.005230266294223669,20000,20000,20,,
hopper-medium-replay-v2,2,rnn,11,82,1,0.16860810139251126,0.7355654891902073,0.005201233454131956,20000,20000,20,,
hopper-medium-replay-v2,2,rnn,11,83,5,0.17568102754683054,0.7370872595134951,0.005211993995282009,20000,20000,20,,
hopper-medium-replay-v2,2,rnn,11,84,3,0.18230555267164872,0.7810293344497063,0.005522711386950033,20000,20000,20,,
hopper-medium-replay-v2,2,rnn,11,85,3,0.18829512076285237,0.8089521877866983,0.005720155776396677,20000,20000,20,,
hopper-medium-replay-v2,2,rnn,11,86,2,0.19219360313079634,0.8097779374221317,0.00572599470806445,20000,20000,20,,
hopper-medium-replay-v2,2,rnn,11,87,1,0.19894206940328646,0.8289107270075378,0.00586128396065301,20000,20000,20,,
hopper-medium-replay-v2,2,rnn,11,88,4,0.2044921354331089,0.8427933977892027,0.005959449267159966,20000,20000,20,,
hopper-medium-replay-v2,2,rnn,11,89,5,0.21063055928779786,0.8448790902726105,0.005974197340144842,20000,20000,20,,
hopper-medium-replay-v2,2,rnn,11,90,2,0.2129352446195193,0.8565278296070321,0.006056566365901281,20000,20000,20,,
hopper-medium-replay-v2,2,rnn,11,91,3,0.21701387835663974,0.8803691326371529,0.0062251498363504985,20000,20000,20,,
hopper-medium-replay-v2,2,rnn,11,92,1,0.22011288385626185,0.8845708716986853,0.006254860618182359,20000,20000,20,,
hopper-medium-replay-v2,2,rnn,11,93,2,0.2263527588438163,0.8993060664030081,0.006359054179157666,20000,20000,20,,
hopper-medium-replay-v2,2,rnn,11,94,4,0.23404966920177775,0.8970138313527904,0.0063428456296768425,20000,20000,20,,
hopper-medium-replay-v2,2,rnn,11,95,1,0.24531745912121328,0.9497079027890158,0.0067154489820856755,20000,20000,20,,
hopper-medium-replay-v2,2,rnn,11,96,1,0.2517729307200783,0.9566578115138733,0.006764592257965418,20000,20000,20,,
hopper-medium-replay-v2,2,rnn,11,97,1,0.2576183769148472,0.9744182887868224,0.006890177797133536,20000,20000,20,,
hopper-medium-replay-v2,2,rnn,11,98,1,0.26351331537750505,0.99903828110042,0.007064267432310593,20000,20000,20,,
hopper-medium-replay-v2,2,rnn,11,99,2,0.2727744571889568,1.0093566461338488,0.007137229291169549,20000,20000,20,,
hopper-medium-replay-v2,2,rnn,11,100,3,0.282939487829976,1.059476423438297,0.007491629635204898,20000,20000,20,,
hopper-medium-replay-v2,2,rnn,12,1,2,0.0008568578102873838,0.005149926332758326,3.641547832504581e-05,20000,20000,20,,
hopper-medium-replay-v2,2,rnn,12,2,5,0.0011858612647822927,0.006168951765275871,4.362107626039291e-05,20000,20000,20,,
hopper-medium-replay-v2,2,rnn,12,3,2,0.0015824479142851912,0.00791899235563787,5.599573194835969e-05,20000,20000,20,,
hopper-medium-replay-v2,2,rnn,12,4,1,0.003086498399835018,0.016156986524791212,0.00011424714735219537,20000,20000,20,,
hopper-medium-replay-v2,2,rnn,12,5,5,0.003188292547584635,0.01702203427279393,0.00012036395863882411,20000,20000,20,,
hopper-medium-replay-v2,2,rnn,12,6,1,0.0051988887185605405,0.030177897186446465,0.00021338995742486728,20000,20000,20,,
hopper-medium-replay-v2,2,rnn,12,7,3,0.006743406712893796,0.05045134375901039,0.0003567448729196985,20000,20000,20,,
hopper-medium-replay-v2,2,rnn,12,8,4,0.009958000671120067,0.08356486973785994,0.0005908928606061127,20000,20000,20,,
hopper-medium-replay-v2,2,rnn,12,9,1,0.013164123587282165,0.10718795019650654,0.000757933264454357,20000,20000,20,,
hopper-medium-replay-v2,2,rnn,12,10,2,0.014772880627509843,0.12598629057178679,0.0008908576039984923,20000,20000,20,,
hopper-medium-replay-v2,2,rnn,12,11,2,0.017769880690869207,0.1612453500618628,0.0011401768046354187,20000,20000,20,,
hopper-medium-replay-v2,2,rnn,12,12,1,0.019370479810606824,0.1706314797902825,0.001206546764436041,20000,20000,20,,
hopper-medium-replay-v2,2,rnn,12,13,2,0.0209327424320538,0.18629091185881932,0.0013172756704879656,20000,20000,20,,
hopper-medium-replay-v2,2,rnn,12,14,1,0.02359177203959052,0.20163724739957078,0.0014257906497602605,20000,20000,20,,
hopper-medium-replay-v2,2,rnn,12,15,1,0.023759978083362547,0.17775980209755277,0.0012569516148555823,20000,20000,20,,
hopper-medium-replay-v2,2,rnn,12,16,1,0.02602478720631417,0.186883350940444,0.001321464847408533,20000,20000,20,,
hopper-medium-replay-v2,2,rnn,12,17,2,0.026919030505334406,0.1898356256637998,0.0013423405821766383,20000,20000,20,,
hopper-medium-replay-v2,2,rnn,12,18,4,0.029529461158237878,0.21657857619848037,0.0015314417988967286,20000,20000,20,,
hopper-medium-replay-v2,2,rnn,12,19,1,0.03436994925510595,0.23715573255940378,0.0016769442669001772,20000,20000,20,,
hopper-medium-replay-v2,2,rnn,12,20,4,0.03433710565239195,0.22696633472946573,0.0016048943438826103,20000,20000,20,,
hopper-medium-replay-v2,2,rnn,12,21,5,0.036062086526921215,0.24915620006627423,0.0017618003864153463,20000,20000,20,,
hopper-medium-replay-v2,2,rnn,12,22,2,0.03543887334772609,0.23206907459245843,0.0016409761634801408,20000,20000,20,,
hopper-medium-replay-v2,2,rnn,12,23,3,0.03611462918931082,0.2408350905248069,0.00170296125657767,20000,20000,20,,
hopper-medium-replay-v2,2,rnn,12,24,3,0.03590690565781514,0.23473468028336386,0.0016598248420802274,20000,20000,20,,
hopper-medium-replay-v2,2,rnn,12,25,1,0.03375395065799471,0.21859415595265141,0.0015456941000186952,20000,20000,20,,
hopper-medium-replay-v2,2,rnn,12,26,2,0.0345577724663418,0.2041770396609223,0.001443749693068328,20000,20000,20,,
hopper-medium-replay-v2,2,rnn,12,27,3,0.034077354343084156,0.1899119813847016,0.001342880498656959,20000,20000,20,,
hopper-medium-replay-v2,2,rnn,12,28,5,0.03694167793082006,0.2039284456131907,0.001441991867699192,20000,20000,20,,
hopper-medium-replay-v2,2,rnn,12,29,1,0.03979212322195866,0.22040326520835657,0.0015584864342448599,20000,20000,20,,
hopper-medium-replay-v2,2,rnn,12,30,1,0.044029720558594276,0.24351927770942086,0.0017219413261798154,20000,20000,20,,
hopper-medium-replay-v2,2,rnn,12,31,2,0.04521733433472149,0.2297358532005244,0.00162447779679768,20000,20000,20,,
hopper-medium-replay-v2,2,rnn,12,32,5,0.04719680548538106,0.25232161547063087,0.0017841832533922756,20000,20000,20,,
hopper-medium-replay-v2,2,rnn,12,33,1,0.04981543594503448,0.25873536010015624,0.0018295352765956374,20000,20000,20,,
hopper-medium-replay-v2,2,rnn,12,34,5,0.051867623903127186,0.28322633697234667,0.002002712634837725,20000,20000,20,,
hopper-medium-replay-v2,2,rnn,12,35,5,0.05153384300782801,0.25651433744222363,0.0018138302747697063,20000,20000,20,,
hopper-medium-replay-v2,2,rnn,12,36,2,0.053574196771351716,0.26395309931881195,0.0018664302644353819,20000,20000,20,,
hopper-medium-replay-v2,2,rnn,12,37,5,0.05484812178060239,0.2801375931534303,0.001980871917840687,20000,20000,20,,
hopper-medium-replay-v2,2,rnn,12,38,4,0.058203794457246716,0.308897698613057,0.00218423657382211,20000,20000,20,,
hopper-medium-replay-v2,2,rnn,12,39,4,0.058348442767082426,0.28407670616261793,0.002008725653047254,20000,20000,20,,
hopper-medium-replay-v2,2,rnn,12,40,1,0.0598776898238458,0.30135522429616,0.0021309032264580775,20000,20000,20,,
hopper-medium-replay-v2,2,rnn,12,41,4,0.0624804259009986,0.3414314923359787,0.0024142852354141326,20000,20000,20,,
hopper-medium-replay-v2,2,rnn,12,42,2,0.06386527775872095,0.3335058199862883,0.002358242268774845,20000,20000,20,,
hopper-medium-replay-v2,2,rnn,12,43,5,0.0649176984654536,0.3294035566340021,0.0023292348864286986,20000,20000,20,,
hopper-medium-replay-v2,2,rnn,12,44,4,0.069231038496022,0.3735002718987845,0.002641045750346498,20000,20000,20,,
hopper-medium-replay-v2,2,rnn,12,45,5,0.06898955011811997,0.34067451748620037,0.0024089326149194733,20000,20000,20,,
hopper-medium-replay-v2,2,rnn,12,46,5,0.0707684022635933,0.3496737061403273,0.002472566488144575,20000,20000,20,,
hopper-medium-replay-v2,2,rnn,12,47,2,0.07408692244852429,0.3759146153564483,0.0026581177366567727,20000,20000,20,,
hopper-medium-replay-v2,2,rnn,12,48,2,0.07689574295584692,0.3900894941839688,0.0027583492660711462,20000,20000,20,,
hopper-medium-replay-v2,2,rnn,12,49,5,0.0786848815102484,0.40827923359646173,0.002886970146937046,20000,20000,20,,
hopper-medium-replay-v2,2,rnn,12,50,4,0.08138897010694195,0.4117557536373289,0.002911552855895327,20000,20000,20,,
hopper-medium-replay-v2,2,rnn,12,51,3,0.08318259201951961,0.42902606808593813,0.0030336724204936827,20000,20000,20,,
hopper-medium-replay-v2,2,rnn,12,52,5,0.08745738136660022,0.4709285090611746,0.0033299674221122706,20000,20000,20,,
hopper-medium-replay-v2,2,rnn,12,53,4,0.08931010006083838,0.46722326207430837,0.003303767369408429,20000,20000,20,,
hopper-medium-replay-v2,2,rnn,12,54,2,0.0926665391272916,0.46745363354715636,0.0033053963417148564,20000,20000,20,,
hopper-medium-replay-v2,2,rnn,12,55,1,0.0961369378776309,0.4842375696227028,0.003424076691855061,20000,20000,20,,
hopper-medium-replay-v2,2,rnn,12,56,2,0.09995463924211642,0.4866307809346707,0.003440999251330109,20000,20000,20,,
hopper-medium-replay-v2,2,rnn,12,57,4,0.10318306353969364,0.49215192762469645,0.003480039653974538,20000,20000,20,,
hopper-medium-replay-v2,2,rnn,12,58,3,0.10947640759368349,0.5203931545757414,0.0036797352848356598,20000,20000,20,,
hopper-medium-replay-v2,2,rnn,12,59,2,0.11853143649342823,0.5716243615319531,0.004041994623306747,20000,20000,20,,
hopper-medium-replay-v2,2,rnn,12,60,5,0.12641414813144,0.6309971914634491,0.004461823929934711,20000,20000,20,,
hopper-medium-replay-v2,2,rnn,12,61,5,0.12736636344834884,0.6448071269610306,0.004559474920315598,20000,20000,20,,
hopper-medium-replay-v2,2,rnn,12,62,2,0.13370567114633736,0.6777479312476162,0.004792401581203434,20000,20000,20,,
hopper-medium-replay-v2,2,rnn,12,63,1,0.13640762119636435,0.6818117282406898,0.004821136965315113,20000,20000,20,,
hopper-medium-replay-v2,2,rnn,12,64,1,0.13917270368558182,0.686417009402378,0.0048537012207021165,20000,20000,20,,
hopper-medium-replay-v2,2,rnn,12,65,1,0.14015779539620962,0.6809398034261253,0.004814971525824478,20000,20000,20,,
hopper-medium-replay-v2,2,rnn,12,66,2,0.14874831156454843,0.7556695966036338,0.005343390960949323,20000,20000,20,,
hopper-medium-replay-v2,2,rnn,12,67,5,0.1530441792892017,0.7642209185466786,0.005403857938289686,20000,20000,20,,
hopper-medium-replay-v2,2,rnn,12,68,3,0.1580026580451867,0.767416040155895,0.005426450859855612,20000,20000,20,,
hopper-medium-replay-v2,2,rnn,12,69,1,0.16110044583291724,0.7563805636317906,0.00534841825701742,20000,20000,20,,
hopper-medium-replay-v2,2,rnn,12,70,2,0.17381320398044495,0.8088094537185142,0.005719146494121485,20000,20000,20,,
hopper-medium-replay-v2,2,rnn,12,71,1,0.18346331460583304,0.8441322341900576,0.005968916270139405,20000,20000,20,,
hopper-medium-replay-v2,2,rnn,12,72,1,0.1863161553658982,0.8618314182536516,0.006094068400867767,20000,20000,20,,
hopper-medium-replay-v2,2,rnn,12,73,5,0.18728614637313612,0.8735267780227782,0.006176767082879425,20000,20000,20,,
hopper-medium-replay-v2,2,rnn,12,74,3,0.1918032173436534,0.8971992790304925,0.006344156942781426,20000,20000,20,,
hopper-medium-replay-v2,2,rnn,12,75,4,0.1972908895487483,0.9047760690232141,0.006397732938616224,20000,20000,20,,
hopper-medium-replay-v2,2,rnn,12,76,1,0.1969214018614492,0.8745389538521038,0.006183924246806117,20000,20000,20,,
hopper-medium-replay-v2,2,rnn,12,77,3,0.19791104426484832,0.8745681136170738,0.006184130437481598,20000,20000,20,,
hopper-medium-replay-v2,2,rnn,12,78,5,0.19901510669435005,0.871903964946755,0.006165292061572883,20000,20000,20,,
hopper-medium-replay-v2,2,rnn,12,79,3,0.20222930178062362,0.8577277704842627,0.006065051229214408,20000,20000,20,,
hopper-medium-replay-v2,2,rnn,12,80,3,0.20306233354657016,0.8860786173090407,0.006265521989636224,20000,20000,20,,
hopper-medium-replay-v2,2,rnn,12,81,2,0.1990926285401828,0.8339522092905357,0.005896932623748407,20000,20000,20,,
hopper-medium-replay-v2,2,rnn,12,82,5,0.20095734673931984,0.845991969107499,0.005982066581852727,20000,20000,20,,
hopper-medium-replay-v2,2,rnn,12,83,3,0.20568980997319078,0.8494891625577922,0.006006795473890963,20000,20000,20,,
hopper-medium-replay-v2,2,rnn,12,84,1,0.21386325265934852,0.8804440117584894,0.006225679311695162,20000,20000,20,,
hopper-medium-replay-v2,2,rnn,12,85,5,0.2195415874878544,0.9091654957917287,0.006428770872951609,20000,20000,20,,
hopper-medium-replay-v2,2,rnn,12,86,1,0.22384765781475274,0.9186998720037656,0.006496189093690759,20000,20000,20,,
hopper-medium-replay-v2,2,rnn,12,87,2,0.22924555496033863,0.9283075602926878,0.0065641257090969934,20000,20000,20,,
hopper-medium-replay-v2,2,rnn,12,88,2,0.23147049011265203,0.925251316368119,0.006542514801056765,20000,20000,20,,
hopper-medium-replay-v2,2,rnn,12,89,3,0.23357262957025332,0.920187868456187,0.0065067108175096465,20000,20000,20,,
hopper-medium-replay-v2,2,rnn,12,90,3,0.2485849713976997,0.9754310295690156,0.006897338955880267,20000,20000,20,,
hopper-medium-replay-v2,2,rnn,12,91,4,0.26087501352591763,1.0089203489530043,0.007134144204217672,20000,20000,20,,
hopper-medium-replay-v2,2,rnn,12,92,5,0.27056743851340437,1.0272622887947256,0.00726384130463964,20000,20000,20,,
hopper-medium-replay-v2,2,rnn,12,93,4,0.2769145463151589,1.0463837077151206,0.007399050154484841,20000,20000,20,,
hopper-medium-replay-v2,2,rnn,12,94,2,0.2809365509379745,1.0411229168334073,0.007361850745416202,20000,20000,20,,
hopper-medium-replay-v2,2,rnn,12,95,5,0.285485801143565,1.058871525529274,0.007487352361070941,20000,20000,20,,
hopper-medium-replay-v2,2,rnn,12,96,3,0.28678622029857204,1.0584654748872855,0.007484481149446389,20000,20000,20,,
hopper-medium-replay-v2,2,rnn,12,97,4,0.28829130274455045,1.0725817360356475,0.007584298189276459,20000,20000,20,,
hopper-medium-replay-v2,2,rnn,12,98,5,0.2900674919168661,1.0581088644579089,0.007481959532917848,20000,20000,20,,
hopper-medium-replay-v2,2,rnn,12,99,4,0.29533181763169825,1.065593767179336,0.0075348857876262765,20000,20000,20,,
hopper-medium-replay-v2,2,rnn,12,100,5,0.29298669690410495,1.0500109152088923,0.007424698384641007,20000,20000,20,,
hopper-medium-replay-v2,2,rnn,13,1,1,0.0021205282856848837,0.013133980323526155,9.287126550736029e-05,20000,20000,20,,
hopper-medium-replay-v2,2,rnn,13,2,5,0.001820195773277477,0.009117781675361241,6.447245252026374e-05,20000,20000,20,,
hopper-medium-replay-v2,2,rnn,13,3,1,0.00358904165463309,0.02036328611008668,0.00014399017695684125,20000,20000,20,,
hopper-medium-replay-v2,2,rnn,13,4,3,0.004441803818038555,0.028028774524078134,0.00019819336534324396,20000,20000,20,,
hopper-medium-replay-v2,2,rnn,13,5,1,0.007598753220158713,0.057313183562415375,0.00040526540748373277,20000,20000,20,,
hopper-medium-replay-v2,2,rnn,13,6,3,0.009998255875856956,0.08421931343016197,0.000595520476333428,20000,20000,20,,
hopper-medium-replay-v2,2,rnn,13,7,5,0.012752137825292461,0.11524939124356577,0.0008149362607594686,20000,20000,20,,
hopper-medium-replay-v2,2,rnn,13,8,5,0.01585566078149926,0.1437385717515295,0.001016385188035756,20000,20000,20,,
hopper-medium-replay-v2,2,rnn,13,9,3,0.018048344155271536,0.17648678159632988,0.0012479500005655403,20000,20000,20,,
hopper-medium-replay-v2,2,rnn,13,10,3,0.01892089988188749,0.1929093693056058,0.0013640752319041387,20000,20000,20,,
hopper-medium-replay-v2,2,rnn,13,11,2,0.0164691777579363,0.14174569225562053,0.0010022934019793077,20000,20000,20,,
hopper-medium-replay-v2,2,rnn,13,12,1,0.016909215170173717,0.15599629196646833,0.001103060358894463,20000,20000,20,,
hopper-medium-replay-v2,2,rnn,13,13,5,0.016031261586519206,0.14829969681415595,0.001048637212651987,20000,20000,20,,
hopper-medium-replay-v2,2,rnn,13,14,5,0.015222503764785688,0.12656811145387759,0.0008949716989101157,20000,20000,20,,
hopper-medium-replay-v2,2,rnn,13,15,2,0.014280312764511695,0.09810311979563577,0.0006936938126305028,20000,20000,20,,
hopper-medium-replay-v2,2,rnn,13,16,2,0.015695571693591173,0.10923555992842568,0.0007724120517209929,20000,20000,20,,
hopper-medium-replay-v2,2,rnn,13,17,3,0.01702907049050351,0.11485501529162612,0.0008121476016599344,20000,20000,20,,
hopper-medium-replay-v2,2,rnn,13,18,2,0.018315488056252643,0.1259500338855153,0.000890601230511233,20000,20000,20,,
hopper-medium-replay-v2,2,rnn,13,19,1,0.020378494607913324,0.13870210264461863,0.000980771973448424,20000,20000,20,,
hopper-medium-replay-v2,2,rnn,13,20,2,0.02116289203819751,0.13128492516905887,0.0009283246085460998,20000,20000,20,,
hopper-medium-replay-v2,2,rnn,13,21,5,0.022298882275890088,0.14335287471993777,0.0010136578981705358,20000,20000,20,,
hopper-medium-replay-v2,2,rnn,13,22,1,0.024269309166357594,0.13915196210927297,0.0009839529602288042,20000,20000,20,,
hopper-medium-replay-v2,2,rnn,13,23,3,0.026725825709685888,0.16937769781208387,0.0011976811870469035,20000,20000,20,,
hopper-medium-replay-v2,2,rnn,13,24,3,0.030282043806824744,0.19120201026012817,0.0013520023803143646,20000,20000,20,,
hopper-medium-replay-v2,2,rnn,13,25,1,0.029918870140792655,0.16301518044034782,0.0011526913952571859,20000,20000,20,,
hopper-medium-replay-v2,2,rnn,13,26,3,0.03251286015426578,0.1905432727171363,0.0013473444024776474,20000,20000,20,,
hopper-medium-replay-v2,2,rnn,13,27,5,0.03699302438949514,0.22086151876032975,0.0015617267761858903,20000,20000,20,,
hopper-medium-replay-v2,2,rnn,13,28,2,0.037870664916941084,0.22034475334727904,0.0015580726929073823,20000,20000,20,,
hopper-medium-replay-v2,2,rnn,13,29,2,0.04044887482069425,0.23723246735614456,0.0016774868638514608,20000,20000,20,,
hopper-medium-replay-v2,2,rnn,13,30,4,0.04038357873931326,0.23753260477305782,0.0016796091558793325,20000,20000,20,,
hopper-medium-replay-v2,2,rnn,13,31,3,0.04151761152236805,0.2456145437752157,0.0017367570946149513,20000,20000,20,,
hopper-medium-replay-v2,2,rnn,13,32,2,0.042628538105983924,0.2550541010461995,0.001803504844192066,20000,20000,20,,
hopper-medium-replay-v2,2,rnn,13,33,2,0.042672641869338335,0.22808962928088425,0.0016128372358283896,20000,20000,20,,
hopper-medium-replay-v2,2,rnn,13,34,2,0.04498549292920002,0.25719318403128427,0.0018186304450348077,20000,20000,20,,
hopper-medium-replay-v2,2,rnn,13,35,5,0.04450595284386727,0.24395742537258616,0.0017250394980176677,20000,20000,20,,
hopper-medium-replay-v2,2,rnn,13,36,5,0.04645063075397928,0.25568184507678593,0.0018079436648008361,20000,20000,20,,
hopper-medium-replay-v2,2,rnn,13,37,2,0.047304726328626964,0.2501136894574929,0.0017685708588297952,20000,20000,20,,
hopper-medium-replay-v2,2,rnn,13,38,5,0.04851172096017777,0.25871304214225505,0.0018293774648018958,20000,20000,20,,
hopper-medium-replay-v2,2,rnn,13,39,3,0.051260814483091756,0.2590853880609804,0.0018320103480426743,20000,20000,20,,
hopper-medium-replay-v2,2,rnn,13,40,2,0.053161539780806344,0.30048453746057163,0.0021247465408007335,20000,20000,20,,
hopper-medium-replay-v2,2,rnn,13,41,2,0.053959194860862626,0.3122865922094411,0.0022081996702493388,20000,20000,20,,
hopper-medium-replay-v2,2,rnn,13,42,4,0.05449206996605377,0.29192281840513784,0.0020642060447736204,20000,20000,20,,
hopper-medium-replay-v2,2,rnn,13,43,1,0.05500645401992945,0.29018713482812836,0.002051932908500645,20000,20000,20,,
hopper-medium-replay-v2,2,rnn,13,44,3,0.058394071049508896,0.29873995524443536,0.0021124104816470594,20000,20000,20,,
hopper-medium-replay-v2,2,rnn,13,45,4,0.061708405936090914,0.3098281976682371,0.0021908161957401653,20000,20000,20,,
hopper-medium-replay-v2,2,rnn,13,46,4,0.06434747070908091,0.3073032600179523,0.002172962190394269,20000,20000,20,,
hopper-medium-replay-v2,2,rnn,13,47,2,0.06782584838283849,0.31539844099364933,0.002230203764022746,20000,20000,20,,
hopper-medium-replay-v2,2,rnn,13,48,5,0.07182778394973519,0.35057628495437315,0.002478948684144247,20000,20000,20,,
hopper-medium-replay-v2,2,rnn,13,49,5,0.07649445488214959,0.39248551033147394,0.00277529165872848,20000,20000,20,,
hopper-medium-replay-v2,2,rnn,13,50,2,0.08119049809133547,0.4253221513511334,0.003007481774092375,20000,20000,20,,
hopper-medium-replay-v2,2,rnn,13,51,2,0.07895281741182318,0.3958606473695091,0.0027991574815987652,20000,20000,20,,
hopper-medium-replay-v2,2,rnn,13,52,3,0.07812179948543348,0.3884909436618849,0.002747045806928798,20000,20000,20,,
hopper-medium-replay-v2,2,rnn,13,53,1,0.0816073086263806,0.396022249607666,0.002800300181983322,20000,20000,20,,
hopper-medium-replay-v2,2,rnn,13,54,1,0.08691801409611323,0.43400975443168394,0.0030689124045975196,20000,20000,20,,
hopper-medium-replay-v2,2,rnn,13,55,2,0.09223677464193504,0.4703120388505857,0.0033256083194492013,20000,20000,20,,
hopper-medium-replay-v2,2,rnn,13,56,5,0.09695440944110076,0.47158488770409535,0.003334608720006623,20000,20000,20,,
hopper-medium-replay-v2,2,rnn,13,57,3,0.10769508367572567,0.5240644713463773,0.0037056954146796653,20000,20000,20,,
hopper-medium-replay-v2,2,rnn,13,58,4,0.11753551571610037,0.5949258493136903,0.004206761023528766,20000,20000,20,,
hopper-medium-replay-v2,2,rnn,13,59,3,0.12155286448530257,0.617164923681192,0.004364015026454489,20000,20000,20,,
hopper-medium-replay-v2,2,rnn,13,60,1,0.12471925196974533,0.6331587630882464,0.004477108549473857,20000,20000,20,,
hopper-medium-replay-v2,2,rnn,13,61,4,0.12708588236758506,0.6522939711113359,0.004612414902999276,20000,20000,20,,
hopper-medium-replay-v2,2,rnn,13,62,2,0.12703531164812198,0.6521223294742002,0.0046112012133437495,20000,20000,20,,
hopper-medium-replay-v2,2,rnn,13,63,1,0.1270045550663739,0.6379742039665829,0.004511158858468604,20000,20000,20,,
hopper-medium-replay-v2,2,rnn,13,64,2,0.12949413209774285,0.6459581935372026,0.004567614190131682,20000,20000,20,,
hopper-medium-replay-v2,2,rnn,13,65,1,0.13375179198305326,0.6669222418594686,0.0047158523974296495,20000,20000,20,,
hopper-medium-replay-v2,2,rnn,13,66,5,0.13894046456383363,0.6933546402144173,0.004902757678627734,20000,20000,20,,
hopper-medium-replay-v2,2,rnn,13,67,3,0.1438625931727584,0.6995725725067986,0.00494672509951675,20000,20000,20,,
hopper-medium-replay-v2,2,rnn,13,68,2,0.15222651365454648,0.7513217687643421,0.005312647175463375,20000,20000,20,,
hopper-medium-replay-v2,2,rnn,13,69,1,0.15597113766974116,0.7548191450678376,0.0053373773604690035,20000,20000,20,,
hopper-medium-replay-v2,2,rnn,13,70,1,0.16323595628610593,0.7740335361754653,0.005473243622954743,20000,20000,20,,
hopper-medium-replay-v2,2,rnn,13,71,3,0.1608639629049084,0.7444864327799768,0.005264314051201044,20000,20000,20,,
hopper-medium-replay-v2,2,rnn,13,72,2,0.16633008602700938,0.7782394134236513,0.005502983666185049,20000,20000,20,,
hopper-medium-replay-v2,2,rnn,13,73,4,0.17336114216458404,0.8201861292719232,0.005799591738433232,20000,20000,20,,
hopper-medium-replay-v2,2,rnn,13,74,1,0.17779509085939865,0.8328525707032871,0.0058891570047294286,20000,20000,20,,
hopper-medium-replay-v2,2,rnn,13,75,4,0.18275612009320372,0.8537924518132208,0.006037224324030171,20000,20000,20,,
hopper-medium-replay-v2,2,rnn,13,76,2,0.19095259418387733,0.8959106017723844,0.006335044618501735,20000,20000,20,,
hopper-medium-replay-v2,2,rnn,13,77,4,0.19080732276234977,0.882569920797948,0.006240711758675032,20000,20000,20,,
hopper-medium-replay-v2,2,rnn,13,78,2,0.19189723399047062,0.8644521117001055,0.0061125995019417545,20000,20000,20,,
hopper-medium-replay-v2,2,rnn,13,79,2,0.19478915424422458,0.8545207788543104,0.006042374373926931,20000,20000,20,,
hopper-medium-replay-v2,2,rnn,13,80,4,0.1991183565199976,0.8771196337733925,0.00620217240953027,20000,20000,20,,
hopper-medium-replay-v2,2,rnn,13,81,3,0.1949870628510524,0.8465852786810019,0.005986261914080395,20000,20000,20,,
hopper-medium-replay-v2,2,rnn,13,82,5,0.19238787420243644,0.8087948884899778,0.005719043502402809,20000,20000,20,,
hopper-medium-replay-v2,2,rnn,13,83,2,0.1966876208471056,0.8117339901337199,0.005739826089431674,20000,20000,20,,
hopper-medium-replay-v2,2,rnn,13,84,1,0.20321578497660459,0.8369758824564857,0.005918313221745757,20000,20000,20,,
hopper-medium-replay-v2,2,rnn,13,85,3,0.20526959621608912,0.8513875663882161,0.006020219216110195,20000,20000,20,,
hopper-medium-replay-v2,2,rnn,13,86,2,0.2029137381713586,0.8037570997122094,0.0056834209563333534,20000,20000,20,,
hopper-medium-replay-v2,2,rnn,13,87,2,0.20709490135798464,0.8132141170443161,0.005750292167186667,20000,20000,20,,
hopper-medium-replay-v2,2,rnn,13,88,5,0.21886990348312402,0.8608793310061653,0.006087336127377979,20000,20000,20,,
hopper-medium-replay-v2,2,rnn,13,89,4,0.22954751854764044,0.9126206105122866,0.006453202223438448,20000,20000,20,,
hopper-medium-replay-v2,2,rnn,13,90,1,0.23844599782322184,0.9446301697912307,0.00667954398772779,20000,20000,20,,
hopper-medium-replay-v2,2,rnn,13,91,5,0.24478383046323385,0.9543829154670885,0.006748506313753658,20000,20000,20,,
hopper-medium-replay-v2,2,rnn,13,92,3,0.24990761372247644,0.9614412371976777,0.006798416185348618,20000,20000,20,,
hopper-medium-replay-v2,2,rnn,13,93,5,0.25593249706035553,0.9802984838832043,0.0069317570554070515,20000,20000,20,,
hopper-medium-replay-v2,2,rnn,13,94,1,0.25901621735229313,0.9762862721505975,0.006903386434170227,20000,20000,20,,
hopper-medium-replay-v2,2,rnn,13,95,3,0.27102360348235494,1.0284797307537956,0.007272449919289234,20000,20000,20,,
hopper-medium-replay-v2,2,rnn,13,96,2,0.28541564870803593,1.0890672121759943,0.007700868108975741,20000,20000,20,,
hopper-medium-replay-v2,2,rnn,13,97,5,0.28606401114572316,1.0676706979833388,0.007549571906181932,20000,20000,20,,
hopper-medium-replay-v2,2,rnn,13,98,3,0.2831181811909972,1.0578245007633051,0.007479948777950073,20000,20000,20,,
hopper-medium-replay-v2,2,rnn,13,99,2,0.2848427800059526,1.0350646378808215,0.0073190122441192705,20000,20000,20,,
hopper-medium-replay-v2,2,rnn,13,100,1,0.29174709784635416,1.0659442315813643,0.007537363945178663,20000,20000,20,,
hopper-medium-replay-v2,2,rnn,14,1,1,0.00208863415564133,0.01301410708394729,9.202363370147015e-05,20000,20000,20,,
hopper-medium-replay-v2,2,rnn,14,2,2,0.002087479464032615,0.011808081563700945,8.34957454649679e-05,20000,20000,20,,
hopper-medium-replay-v2,2,rnn,14,3,3,0.0027599920664809164,0.018144639315520194,0.00012830197502188364,20000,20000,20,,
hopper-medium-replay-v2,2,rnn,14,4,1,0.005378341717594337,0.036166645158557574,0.00025573680044383676,20000,20000,20,,
hopper-medium-replay-v2,2,rnn,14,5,4,0.008243987321262063,0.07607449145888433,0.0005379278878589519,20000,20000,20,,
hopper-medium-replay-v2,2,rnn,14,6,5,0.010534432203816389,0.09269775603845577,0.0006554721189556831,20000,20000,20,,
hopper-medium-replay-v2,2,rnn,14,7,1,0.012320374539674925,0.10137622336276313,0.0007168381499089191,20000,20000,20,,
hopper-medium-replay-v2,2,rnn,14,8,5,0.014894246341984836,0.1375016255032095,0.0009722833181749255,20000,20000,20,,
hopper-medium-replay-v2,2,rnn,14,9,1,0.01671407531256379,0.13738668987261982,0.0009714706005370265,20000,20000,20,,
hopper-medium-replay-v2,2,rnn,14,10,5,0.01654309896174933,0.13674527075628035,0.0009669350824695632,20000,20000,20,,
hopper-medium-replay-v2,2,rnn,14,11,5,0.01767408586335552,0.16520714984468696,0.0011681909595568022,20000,20000,20,,
hopper-medium-replay-v2,2,rnn,14,12,5,0.017287745922575547,0.15118748824115572,0.0010690569816588261,20000,20000,20,,
hopper-medium-replay-v2,2,rnn,14,13,2,0.01676567717731148,0.13283931553789105,0.0009393158082502226,20000,20000,20,,
hopper-medium-replay-v2,2,rnn,14,14,1,0.017683828608345924,0.14072004762912255,0.000995040999274465,20000,20000,20,,
hopper-medium-replay-v2,2,rnn,14,15,3,0.01881844814944526,0.15807489510367168,0.0011177583026315842,20000,20000,20,,
hopper-medium-replay-v2,2,rnn,14,16,5,0.01901023701680548,0.13837866982631478,0.0009784849580576147,20000,20000,20,,
hopper-medium-replay-v2,2,rnn,14,17,3,0.01948145352237777,0.14120630570385226,0.0009984793630949459,20000,20000,20,,
hopper-medium-replay-v2,2,rnn,14,18,3,0.020228560503350205,0.1383408436709432,0.0009782174867479202,20000,20000,20,,
hopper-medium-replay-v2,2,rnn,14,19,1,0.021973523594576418,0.14607586916933893,0.0010329123765735848,20000,20000,20,,
hopper-medium-replay-v2,2,rnn,14,20,2,0.021119553368313088,0.13184614590220675,0.0009322930384076133,20000,20000,20,,
hopper-medium-replay-v2,2,rnn,14,21,2,0.023493017836383637,0.15327961489344083,0.0010838505510881453,20000,20000,20,,
hopper-medium-replay-v2,2,rnn,14,22,4,0.025170281611659358,0.15779222442130625,0.001115759519068152,20000,20000,20,,
hopper-medium-replay-v2,2,rnn,14,23,2,0.02687707475636575,0.16395710791599444,0.0011593518283113423,20000,20000,20,,
hopper-medium-replay-v2,2,rnn,14,24,1,0.030252551668467232,0.1799717028127439,0.0012725921148058126,20000,20000,20,,
hopper-medium-replay-v2,2,rnn,14,25,4,0.030230985448163238,0.17431914405995205,0.0012326224885542676,20000,20000,20,,
hopper-medium-replay-v2,2,rnn,14,26,4,0.03456274288744958,0.2190963091590199,0.0015492448593928724,20000,20000,20,,
hopper-medium-replay-v2,2,rnn,14,27,5,0.035815442289313035,0.22122145085842626,0.0015642718804591978,20000,20000,20,,
hopper-medium-replay-v2,2,rnn,14,28,2,0.03855357463078127,0.24021958260159929,0.0016986089583139283,20000,20000,20,,
hopper-medium-replay-v2,2,rnn,14,29,1,0.03791129504056512,0.2280299037987687,0.001612414912894254,20000,20000,20,,
hopper-medium-replay-v2,2,rnn,14,30,4,0.037951906266223114,0.2200755052991343,0.0015561688217007384,20000,20000,20,,
hopper-medium-replay-v2,2,rnn,14,31,4,0.04036376502414345,0.2280020515352031,0.0016122179676498678,20000,20000,20,,
hopper-medium-replay-v2,2,rnn,14,32,1,0.039810295752327855,0.20976212867438634,0.0014832422362178372,20000,20000,20,,
hopper-medium-replay-v2,2,rnn,14,33,1,0.043155006491748325,0.22805869744843585,0.0016126185147436016,20000,20000,20,,
hopper-medium-replay-v2,2,rnn,14,34,5,0.04727053638107435,0.250761046415972,0.001773148363781684,20000,20000,20,,
hopper-medium-replay-v2,2,rnn,14,35,4,0.04807227418821811,0.24238755622839667,0.0017139388468433486,20000,20000,20,,
hopper-medium-replay-v2,2,rnn,14,36,1,0.053453614737478346,0.2988258401456655,0.002113017779607673,20000,20000,20,,
hopper-medium-replay-v2,2,rnn,14,37,1,0.057769904290998146,0.3211236561766035,0.0022706871488189367,20000,20000,20,,
hopper-medium-replay-v2,2,rnn,14,38,3,0.05945905466052468,0.30931232763933963,0.002187168443783722,20000,20000,20,,
hopper-medium-replay-v2,2,rnn,14,39,2,0.06241312636281277,0.32346950090084353,0.0022872747759401448,20000,20000,20,,
hopper-medium-replay-v2,2,rnn,14,40,4,0.0659810424533981,0.3422574517433192,0.002420125650393285,20000,20000,20,,
hopper-medium-replay-v2,2,rnn,14,41,5,0.0672526247492353,0.35035596347791176,0.0024773907760437777,20000,20000,20,,
hopper-medium-replay-v2,2,rnn,14,42,4,0.06830255143577289,0.34243003870505123,0.0024213460245031365,20000,20000,20,,
hopper-medium-replay-v2,2,rnn,14,43,5,0.06938546708747634,0.3589257869365309,0.002537988578855389,20000,20000,20,,
hopper-medium-replay-v2,2,rnn,14,44,4,0.07007812244979278,0.34964341356225803,0.0024723522872708513,20000,20000,20,,
hopper-medium-replay-v2,2,rnn,14,45,4,0.071926469481758,0.34573165065269496,0.0024446919464733907,20000,20000,20,,
hopper-medium-replay-v2,2,rnn,14,46,4,0.07165560109128945,0.34074093844603376,0.0024094022820305844,20000,20000,20,,
hopper-medium-replay-v2,2,rnn,14,47,3,0.07052367333716925,0.33651828528754585,0.0023795436152009284,20000,20000,20,,
hopper-medium-replay-v2,2,rnn,14,48,2,0.07113421957847522,0.34140020026913875,0.002414063967087534,20000,20000,20,,
hopper-medium-replay-v2,2,rnn,14,49,2,0.07309533676845457,0.34307637919500344,0.002425916341937143,20000,20000,20,,
hopper-medium-replay-v2,2,rnn,14,50,2,0.08134180122195274,0.4039964113485137,0.0028566860203956394,20000,20000,20,,
hopper-medium-replay-v2,2,rnn,14,51,4,0.08202474980171132,0.4270254781417219,0.0030195261133343938,20000,20000,20,,
hopper-medium-replay-v2,2,rnn,14,52,3,0.08344992905947078,0.4226601854602865,0.002988658832765324,20000,20000,20,,
hopper-medium-replay-v2,2,rnn,14,53,1,0.08552050060873258,0.40659147093183673,0.0028750358626851475,20000,20000,20,,
hopper-medium-replay-v2,2,rnn,14,54,4,0.08776894195199984,0.40660175955595096,0.0028751086142439503,20000,20000,20,,
hopper-medium-replay-v2,2,rnn,14,55,1,0.09193342393690876,0.432282077444185,0.003056695883461915,20000,20000,20,,
hopper-medium-replay-v2,2,rnn,14,56,4,0.09936981102654377,0.46636010662892396,0.003297663938721935,20000,20000,20,,
hopper-medium-replay-v2,2,rnn,14,57,3,0.10943423232512887,0.5492679860912414,0.0038839111765379504,20000,20000,20,,
hopper-medium-replay-v2,2,rnn,14,58,2,0.11690575801579052,0.5997888373124675,0.004241147541436407,20000,20000,20,,
hopper-medium-replay-v2,2,rnn,14,59,2,0.12396821978085372,0.6399871661663254,0.0045253926506857054,20000,20000,20,,
hopper-medium-replay-v2,2,rnn,14,60,5,0.13047463683840732,0.6732453328236858,0.0047605634024182235,20000,20000,20,,
hopper-medium-replay-v2,2,rnn,14,61,3,0.13444035249521966,0.7033286718319798,0.004973284732553208,20000,20000,20,,
hopper-medium-replay-v2,2,rnn,14,62,3,0.1358285250887893,0.6894373309460826,0.004875058119151289,20000,20000,20,,
hopper-medium-replay-v2,2,rnn,14,63,2,0.13631650861946795,0.6845622568886559,0.004840586139903359,20000,20000,20,,
hopper-medium-replay-v2,2,rnn,14,64,1,0.1418996524158308,0.713756138630023,0.0050470180573881475,20000,20000,20,,
hopper-medium-replay-v2,2,rnn,14,65,2,0.14223560026129825,0.7030839162117732,0.004971554048965392,20000,20000,20,,
hopper-medium-replay-v2,2,rnn,14,66,4,0.143184198474183,0.7090714692543003,0.005013892442556242,20000,20000,20,,
hopper-medium-replay-v2,2,rnn,14,67,2,0.14857785557252656,0.7186801680568977,0.0050818362033731995,20000,20000,20,,
hopper-medium-replay-v2,2,rnn,14,68,4,0.15233856663826606,0.7487556118164937,0.00529450170566925,20000,20000,20,,
hopper-medium-replay-v2,2,rnn,14,69,1,0.15143885707741395,0.7300981276379952,0.005162573369844279,20000,20000,20,,
hopper-medium-replay-v2,2,rnn,14,70,2,0.15757145009219853,0.7603410177014077,0.005376422896309461,20000,20000,20,,
hopper-medium-replay-v2,2,rnn,14,71,4,0.16372972919834303,0.7603774252753376,0.005376680336733585,20000,20000,20,,
hopper-medium-replay-v2,2,rnn,14,72,5,0.16796897223350876,0.7991911575743011,0.00565113486985115,20000,20000,20,,
hopper-medium-replay-v2,2,rnn,14,73,5,0.17096762030670365,0.8171749793202643,0.005778299692933356,20000,20000,20,,
hopper-medium-replay-v2,2,rnn,14,74,4,0.1756871922315186,0.8059757902951052,0.005699109467898557,20000,20000,20,,
hopper-medium-replay-v2,2,rnn,14,75,4,0.17988920484089863,0.8197730747827101,0.00579667100213001,20000,20000,20,,
hopper-medium-replay-v2,2,rnn,14,76,3,0.185798556522413,0.8333385549915945,0.005892593432587551,20000,20000,20,,
hopper-medium-replay-v2,2,rnn,14,77,1,0.18599375624174153,0.8038459137777962,0.005684048966613765,20000,20000,20,,
hopper-medium-replay-v2,2,rnn,14,78,3,0.18884003004453065,0.838986896942844,0.00593253324154944,20000,20000,20,,
hopper-medium-replay-v2,2,rnn,14,79,4,0.19220864345216196,0.8330045240832675,0.005890231477383512,20000,20000,20,,
hopper-medium-replay-v2,2,rnn,14,80,1,0.19318485740284658,0.8428092857603742,0.005959561612081513,20000,20000,20,,
hopper-medium-replay-v2,2,rnn,14,81,1,0.197396268358192,0.828110280981967,0.005855623952526461,20000,20000,20,,
hopper-medium-replay-v2,2,rnn,14,82,5,0.20443113188919193,0.8675589114425504,0.006134567893598468,20000,20000,20,,
hopper-medium-replay-v2,2,rnn,14,83,2,0.2156780687661196,0.8977270455172731,0.006347888815398282,20000,20000,20,,
hopper-medium-replay-v2,2,rnn,14,84,3,0.22619962368646993,0.928606080158486,0.006566236563311242,20000,20000,20,,
hopper-medium-replay-v2,2,rnn,14,85,1,0.22876629709542953,0.9298506431424048,0.006575036952566669,20000,20000,20,,
hopper-medium-replay-v2,2,rnn,14,86,4,0.23232593503934923,0.9407746474367035,0.006652281327708764,20000,20000,20,,
hopper-medium-replay-v2,2,rnn,14,87,3,0.23832929780124987,0.9656924607199922,0.006828476875158301,20000,20000,20,,
hopper-medium-replay-v2,2,rnn,14,88,5,0.24660486172396062,1.0179449579217474,0.007197957826211224,20000,20000,20,,
hopper-medium-replay-v2,2,rnn,14,89,4,0.2502186428097103,1.0148102822195295,0.0071757923217526335,20000,20000,20,,
hopper-medium-replay-v2,2,rnn,14,90,3,0.25021909383931495,0.9733216622026679,0.006882423476192686,20000,20000,20,,
hopper-medium-replay-v2,2,rnn,14,91,4,0.2558158954884387,0.9922282871269232,0.007016113503125601,20000,20000,20,,
hopper-medium-replay-v2,2,rnn,14,92,5,0.25951180595239776,1.0176916856305924,0.0071961669206656,20000,20000,20,,
hopper-medium-replay-v2,2,rnn,14,93,5,0.26020993519299435,1.0041556215910836,0.0071004524939364795,20000,20000,20,,
hopper-medium-replay-v2,2,rnn,14,94,3,0.2696802951285799,1.0533665744625562,0.007448426478777179,20000,20000,20,,
hopper-medium-replay-v2,2,rnn,14,95,1,0.27835203518973145,1.0814710110940264,0.00764715485601258,20000,20000,20,,
hopper-medium-replay-v2,2,rnn,14,96,3,0.2797415107263111,1.0909996197475633,0.007714532293954468,20000,20000,20,,
hopper-medium-replay-v2,2,rnn,14,97,2,0.2821834897800324,1.088116913039919,0.007694148479342996,20000,20000,20,,
hopper-medium-replay-v2,2,rnn,14,98,2,0.2836148316232567,1.0613917369002455,0.007505172946575315,20000,20000,20,,
hopper-medium-replay-v2,2,rnn,14,99,5,0.289087445525209,1.0455170373630303,0.007392921869654677,20000,20000,20,,
hopper-medium-replay-v2,2,rnn,14,100,3,0.2945891595281433,1.0474128125867432,0.007406327024817605,20000,20000,20,,
hopper-medium-replay-v2,2,rnn,15,1,2,0.0008471603059462211,0.004912900500684183,3.47394525932857e-05,20000,20000,20,,
hopper-medium-replay-v2,2,rnn,15,2,2,0.0013163885866713113,0.007027343255328809,4.969082069568548e-05,20000,20000,20,,
hopper-medium-replay-v2,2,rnn,15,3,1,0.0027698495869787386,0.013779653613105668,9.743686512228728e-05,20000,20000,20,,
hopper-medium-replay-v2,2,rnn,15,4,2,0.0029207594483952708,0.014713484744477418,0.00010404004837704799,20000,20000,20,,
hopper-medium-replay-v2,2,rnn,15,5,3,0.004151552841462889,0.02831603590925518,0.00020022461007756126,20000,20000,20,,
hopper-medium-replay-v2,2,rnn,15,6,3,0.0063089652271251144,0.05147655465206728,0.00036399420866596696,20000,20000,20,,
hopper-medium-replay-v2,2,rnn,15,7,2,0.009803436400618266,0.09825709412850261,0.000694782575579491,20000,20000,20,,
hopper-medium-replay-v2,2,rnn,15,8,1,0.01367853621959752,0.13214737745096272,0.00093442306711594,20000,20000,20,,
hopper-medium-replay-v2,2,rnn,15,9,1,0.015366482895926379,0.14646983766355928,0.0010356981545119556,20000,20000,20,,
hopper-medium-replay-v2,2,rnn,15,10,2,0.01914324732889057,0.18265754686852786,0.0012915839002563567,20000,20000,20,,
hopper-medium-replay-v2,2,rnn,15,11,2,0.019868120451214475,0.17960678108848332,0.0012700117285475432,20000,20000,20,,
hopper-medium-replay-v2,2,rnn,15,12,1,0.02175536426069188,0.18638126067217234,0.0013179145330739063,20000,20000,20,,
hopper-medium-replay-v2,2,rnn,15,13,4,0.023433106047106363,0.2018435199431615,0.0014272492169037164,20000,20000,20,,
hopper-medium-replay-v2,2,rnn,15,14,5,0.022274155818954172,0.17542954622492804,0.0012404742175612551,20000,20000,20,,
hopper-medium-replay-v2,2,rnn,15,15,2,0.022253790305144305,0.17775774110955342,0.0012569370414696795,20000,20000,20,,
hopper-medium-replay-v2,2,rnn,15,16,5,0.024030442565548638,0.19578829107478207,0.00138443228295904,20000,20000,20,,
hopper-medium-replay-v2,2,rnn,15,17,5,0.02543401427308644,0.22008181273955818,0.001556213422039695,20000,20000,20,,
hopper-medium-replay-v2,2,rnn,15,18,3,0.024961311091773592,0.19205693325468037,0.0013580475987827662,20000,20000,20,,
hopper-medium-replay-v2,2,rnn,15,19,2,0.02359193350005294,0.16437507455645614,0.0011623072987691446,20000,20000,20,,
hopper-medium-replay-v2,2,rnn,15,20,2,0.022755312488788246,0.172522825944293,0.0012199206013467601,20000,20000,20,,
hopper-medium-replay-v2,2,rnn,15,21,3,0.021673192833984428,0.167035687925828,0.001181120676325129,20000,20000,20,,
hopper-medium-replay-v2,2,rnn,15,22,1,0.023597261525901577,0.15141732533893945,0.0010706821753629374,20000,20000,20,,
hopper-medium-replay-v2,2,rnn,15,23,1,0.024311956095783023,0.1351261864216295,0.0009554864273461179,20000,20000,20,,
hopper-medium-replay-v2,2,rnn,15,24,4,0.02574687954167326,0.14482952497724141,0.0010240993922743385,20000,20000,20,,
hopper-medium-replay-v2,2,rnn,15,25,5,0.02782890348271709,0.15826894724428253,0.001119130458476881,20000,20000,20,,
hopper-medium-replay-v2,2,rnn,15,26,2,0.0317629560237336,0.17491573861690926,0.001236841049122702,20000,20000,20,,
hopper-medium-replay-v2,2,rnn,15,27,3,0.03542063119595156,0.20040128899441018,0.0014170511040647246,20000,20000,20,,
hopper-medium-replay-v2,2,rnn,15,28,3,0.03591965798677677,0.19011613341595746,0.001344324071513899,20000,20000,20,,
hopper-medium-replay-v2,2,rnn,15,29,4,0.03766566338175944,0.21929418001880252,0.0015506440176603876,20000,20000,20,,
hopper-medium-replay-v2,2,rnn,15,30,4,0.03844661305749023,0.23718951085566425,0.0016771831155236042,20000,20000,20,,
hopper-medium-replay-v2,2,rnn,15,31,2,0.03778835111639256,0.23050600596793197,0.0016299235992415148,20000,20000,20,,
hopper-medium-replay-v2,2,rnn,15,32,2,0.03823201752545836,0.2247518588850654,0.0015892356350191174,20000,20000,20,,
hopper-medium-replay-v2,2,rnn,15,33,3,0.03843290110553054,0.2242147006003024,0.0015854373523618529,20000,20000,20,,
hopper-medium-replay-v2,2,rnn,15,34,4,0.040233360489007435,0.21604076089616148,0.0015276388704237728,20000,20000,20,,
hopper-medium-replay-v2,2,rnn,15,35,4,0.041395735419533376,0.22706563910520938,0.0016055965318575085,20000,20000,20,,
hopper-medium-replay-v2,2,rnn,15,36,1,0.04400615366928831,0.24750339585502143,0.001750113295757841,20000,20000,20,,
hopper-medium-replay-v2,2,rnn,15,37,2,0.046489231469215915,0.24164115259638413,0.0017086609761463652,20000,20000,20,,
hopper-medium-replay-v2,2,rnn,15,38,5,0.051970123026205815,0.2862258346903085,0.002023922286602969,20000,20000,20,,
hopper-medium-replay-v2,2,rnn,15,39,4,0.05438619153355278,0.29977769863162096,0.0021197484355091637,20000,20000,20,,
hopper-medium-replay-v2,2,rnn,15,40,1,0.06009766128868874,0.3337529346039609,0.0023599896329937107,20000,20000,20,,
hopper-medium-replay-v2,2,rnn,15,41,5,0.06303614151134812,0.3595539042985178,0.0025424300393158085,20000,20000,20,,
hopper-medium-replay-v2,2,rnn,15,42,1,0.06291305535200184,0.35436887137469275,0.0025057663199046865,20000,20000,20,,
hopper-medium-replay-v2,2,rnn,15,43,1,0.06338601442860682,0.3132587690000674,0.0022150739982609788,20000,20000,20,,
hopper-medium-replay-v2,2,rnn,15,44,4,0.06842892642264456,0.34753471670339653,0.002457441548787174,20000,20000,20,,
hopper-medium-replay-v2,2,rnn,15,45,4,0.07321836175005395,0.3824915979292076,0.002704624026426211,20000,20000,20,,
hopper-medium-replay-v2,2,rnn,15,46,4,0.07613104134684177,0.404881318038213,0.002862943255605676,20000,20000,20,,
hopper-medium-replay-v2,2,rnn,15,47,5,0.0789935938793891,0.4126658411666677,0.0029179881465300145,20000,20000,20,,
hopper-medium-replay-v2,2,rnn,15,48,5,0.08183478539962545,0.4262354406674227,0.003013939704779709,20000,20000,20,,
hopper-medium-replay-v2,2,rnn,15,49,4,0.0825361097292536,0.4255168970341546,0.003008858834023086,20000,20000,20,,
hopper-medium-replay-v2,2,rnn,15,50,2,0.08385433067103396,0.4230103291988078,0.0029911347228843083,20000,20000,20,,
hopper-medium-replay-v2,2,rnn,15,51,3,0.08278453296129878,0.3999840637416485,0.002828314438382719,20000,20000,20,,
hopper-medium-replay-v2,2,rnn,15,52,5,0.08096268200826849,0.38326103445884224,0.002710064764304184,20000,20000,20,,
hopper-medium-replay-v2,2,rnn,15,53,3,0.08366882717433369,0.4199271093738835,0.0029693330664233805,20000,20000,20,,
hopper-medium-replay-v2,2,rnn,15,54,1,0.08329695262607353,0.4089720635571041,0.00289186919457084,20000,20000,20,,
hopper-medium-replay-v2,2,rnn,15,55,5,0.08464902963451086,0.4109710293591055,0.002906004017310392,20000,20000,20,,
hopper-medium-replay-v2,2,rnn,15,56,5,0.08862224556208226,0.4388216793410833,0.0031029378519374868,20000,20000,20,,
hopper-medium-replay-v2,2,rnn,15,57,1,0.09571374686962172,0.49364993127445816,0.003490632139364425,20000,20000,20,,
hopper-medium-replay-v2,2,rnn,15,58,2,0.1045663146156278,0.5444943399087647,0.003850156400671805,20000,20000,20,,
hopper-medium-replay-v2,2,rnn,15,59,2,0.11418351177784848,0.5978439189566048,0.00422739489185356,20000,20000,20,,
hopper-medium-replay-v2,2,rnn,15,60,2,0.1228452662829629,0.6590252845165436,0.004660012476550418,20000,20000,20,,
hopper-medium-replay-v2,2,rnn,15,61,1,0.12878980191821573,0.6701844934389825,0.004738919999567758,20000,20000,20,,
hopper-medium-replay-v2,2,rnn,15,62,3,0.13439659729349795,0.6756820806326215,0.004777793811415622,20000,20000,20,,
hopper-medium-replay-v2,2,rnn,15,63,1,0.1395305406255467,0.7140293787155957,0.005048950156562152,20000,20000,20,,
hopper-medium-replay-v2,2,rnn,15,64,3,0.1434862034496932,0.7370291448223888,0.005211583062360331,20000,20000,20,,
hopper-medium-replay-v2,2,rnn,15,65,4,0.14818872686650192,0.7475141574018537,0.00528572329731799,20000,20000,20,,
hopper-medium-replay-v2,2,rnn,15,66,4,0.15295718858431015,0.7669755197135266,0.005423335909935112,20000,20000,20,,
hopper-medium-replay-v2,2,rnn,15,67,4,0.15021860184658067,0.7231804445713033,0.005113657963778707,20000,20000,20,,
hopper-medium-replay-v2,2,rnn,15,68,4,0.15568364961840034,0.7510838762704655,0.0053109650215072395,20000,20000,20,,
hopper-medium-replay-v2,2,rnn,15,69,4,0.15422015358169042,0.735146493130146,0.005198270704578359,20000,20000,20,,
hopper-medium-replay-v2,2,rnn,15,70,1,0.15112900367516574,0.7171300859658842,0.005070875467793685,20000,20000,20,,
hopper-medium-replay-v2,2,rnn,15,71,5,0.15084844089781516,0.7007899806179013,0.004955333474825072,20000,20000,20,,
hopper-medium-replay-v2,2,rnn,15,72,2,0.15648997700625972,0.7428046742473505,0.00525242222257366,20000,20000,20,,
hopper-medium-replay-v2,2,rnn,15,73,1,0.16011258708237555,0.7794988529746776,0.005511889248655301,20000,20000,20,,
hopper-medium-replay-v2,2,rnn,15,74,5,0.16847324374300068,0.8076899963559444,0.005711230735198261,20000,20000,20,,
hopper-medium-replay-v2,2,rnn,15,75,4,0.175855298549585,0.8358052456051047,0.005910035569186574,20000,20000,20,,
hopper-medium-replay-v2,2,rnn,15,76,1,0.18068900679309438,0.8535117861461188,0.006035239718065629,20000,20000,20,,
hopper-medium-replay-v2,2,rnn,15,77,4,0.1940338473577689,0.9145455668761249,0.006466813720422031,20000,20000,20,,
hopper-medium-replay-v2,2,rnn,15,78,3,0.19313648777386877,0.8785622167507168,0.006212373011587172,20000,20000,20,,
hopper-medium-replay-v2,2,rnn,15,79,3,0.19620024351612164,0.8530375315514303,0.006031886231666498,20000,20000,20,,
hopper-medium-replay-v2,2,rnn,15,80,4,0.19737543914931713,0.8593048993883118,0.006076203214642992,20000,20000,20,,
hopper-medium-replay-v2,2,rnn,15,81,1,0.19743927359062968,0.8564634347917056,0.006056111025795375,20000,20000,20,,
hopper-medium-replay-v2,2,rnn,15,82,4,0.1982149500520504,0.8448894557972793,0.005974270635472679,20000,20000,20,,
hopper-medium-replay-v2,2,rnn,15,83,2,0.19715165573451898,0.7923717490223956,0.00560291436954381,20000,20000,20,,
hopper-medium-replay-v2,2,rnn,15,84,3,0.20688049033122652,0.8227552097083719,0.005817757880413497,20000,20000,20,,
hopper-medium-replay-v2,2,rnn,15,85,3,0.2139057027832027,0.8607289767962916,0.006086272962564162,20000,20000,20,,
hopper-medium-replay-v2,2,rnn,15,86,1,0.21288640849168164,0.8746102919930925,0.006184428683638621,20000,20000,20,,
hopper-medium-replay-v2,2,rnn,15,87,3,0.22081182829290952,0.9002056071122326,0.0063654148925121265,20000,20000,20,,
hopper-medium-replay-v2,2,rnn,15,88,3,0.22851532215495207,0.9003064674876172,0.006366128083066001,20000,20000,20,,
hopper-medium-replay-v2,2,rnn,15,89,2,0.2284967474305689,0.8728652289262512,0.006172089224357004,20000,20000,20,,
hopper-medium-replay-v2,2,rnn,15,90,1,0.23999453701143822,0.9385037038991519,0.00663622333195782,20000,20000,20,,
hopper-medium-replay-v2,2,rnn,15,91,5,0.24753618472286362,0.9780974677518873,0.0069161935210875,20000,20000,20,,
hopper-medium-replay-v2,2,rnn,15,92,4,0.2565846452040652,0.9737288484671526,0.006885302717880917,20000,20000,20,,
hopper-medium-replay-v2,2,rnn,15,93,5,0.2661090863444883,0.9956347632123786,0.007040200926525355,20000,20000,20,,
hopper-medium-replay-v2,2,rnn,15,94,2,0.26815232809134737,1.0118819858023678,0.00715508613921364,20000,20000,20,,
hopper-medium-replay-v2,2,rnn,15,95,1,0.2698788353328874,1.0126570915023352,0.007160566964179473,20000,20000,20,,
hopper-medium-replay-v2,2,rnn,15,96,3,0.2731945795807899,1.0224824413822682,0.007230042679455784,20000,20000,20,,
hopper-medium-replay-v2,2,rnn,15,97,3,0.28029699127731444,1.0437427894050635,0.007380376042028829,20000,20000,20,,
hopper-medium-replay-v2,2,rnn,15,98,4,0.28486492774089983,1.0459521867249,0.007395998840300747,20000,20000,20,,
hopper-medium-replay-v2,2,rnn,15,99,1,0.2975483636662056,1.0874557502548028,0.007689473352454757,20000,20000,20,,
hopper-medium-replay-v2,2,rnn,15,100,1,0.30350655039922697,1.0870593524199026,0.0076866703964837005,20000,20000,20,,
hopper-medium-replay-v2,2,rnn,16,1,2,0.0008688332835866466,0.005051967586046497,3.572280538428111e-05,20000,20000,20,,
hopper-medium-replay-v2,2,rnn,16,2,2,0.0013721523535190074,0.007119234275732073,5.0340588332258476e-05,20000,20000,20,,
hopper-medium-replay-v2,2,rnn,16,3,1,0.0028804143148187093,0.015235612170468657,0.00010773204681266681,20000,20000,20,,
hopper-medium-replay-v2,2,rnn,16,4,5,0.0028066676990177648,0.01356552005820256,9.592271223477159e-05,20000,20000,20,,
hopper-medium-replay-v2,2,rnn,16,5,2,0.003938281154039817,0.025288806839112686,0.0001788188680405332,20000,20000,20,,
hopper-medium-replay-v2,2,rnn,16,6,2,0.005483786358418659,0.040603063386351106,0.0002871070145743609,20000,20000,20,,
hopper-medium-replay-v2,2,rnn,16,7,1,0.00849562767741197,0.06983465566961322,0.0004938055858581109,20000,20000,20,,
hopper-medium-replay-v2,2,rnn,16,8,5,0.010842394608782004,0.09398181508557132,0.0006645517875522765,20000,20000,20,,
hopper-medium-replay-v2,2,rnn,16,9,2,0.012606569835414356,0.11025079465854695,0.0007795908453426414,20000,20000,20,,
hopper-medium-replay-v2,2,rnn,16,10,2,0.014049901986761497,0.13389901204069468,0.0009468089940815438,20000,20000,20,,
hopper-medium-replay-v2,2,rnn,16,11,4,0.015295082317144526,0.1405261908953991,0.0009936702251645197,20000,20000,20,,
hopper-medium-replay-v2,2,rnn,16,12,2,0.017087730211240798,0.16499163754996238,0.001166667057506514,20000,20000,20,,
hopper-medium-replay-v2,2,rnn,16,13,5,0.01624253949156945,0.15164475483691034,0.001072290344765508,20000,20000,20,,
hopper-medium-replay-v2,2,rnn,16,14,1,0.01608209332086611,0.13922155613659445,0.0009844450643152953,20000,20000,20,,
hopper-medium-replay-v2,2,rnn,16,15,5,0.017342669640927313,0.16278773964963908,0.0011510831460029,20000,20000,20,,
hopper-medium-replay-v2,2,rnn,16,16,3,0.01878208985017042,0.1702096514761466,0.001203563987821821,20000,20000,20,,
hopper-medium-replay-v2,2,rnn,16,17,2,0.017829414658658616,0.12137076900797651,0.0008582209380336625,20000,20000,20,,
hopper-medium-replay-v2,2,rnn,16,18,3,0.01880697860191239,0.1293574646680434,0.0009146954046387271,20000,20000,20,,
hopper-medium-replay-v2,2,rnn,16,19,5,0.02087145408276586,0.1468449981270304,0.0010383509395894906,20000,20000,20,,
hopper-medium-replay-v2,2,rnn,16,20,1,0.021446092405403887,0.142548013090516,0.0010079666670097262,20000,20000,20,,
hopper-medium-replay-v2,2,rnn,16,21,1,0.02322185276715498,0.142911069408409,0.0010105338628530736,20000,20000,20,,
hopper-medium-replay-v2,2,rnn,16,22,5,0.024094669903010135,0.14421674951509308,0.0010197664154280406,20000,20000,20,,
hopper-medium-replay-v2,2,rnn,16,23,4,0.02483552240351676,0.14925252285088975,0.0010553747101706428,20000,20000,20,,
hopper-medium-replay-v2,2,rnn,16,24,4,0.027150055483685185,0.156778703469368,0.0011085928436882502,20000,20000,20,,
hopper-medium-replay-v2,2,rnn,16,25,5,0.027858186711691185,0.1620160364932275,0.001145626380653283,20000,20000,20,,
hopper-medium-replay-v2,2,rnn,16,26,3,0.029216942164837962,0.16411720837317234,0.001160483909500758,20000,20000,20,,
hopper-medium-replay-v2,2,rnn,16,27,4,0.02998572820441766,0.16812222348338965,0.0011888036429326505,20000,20000,20,,
hopper-medium-replay-v2,2,rnn,16,28,4,0.03187109907042283,0.1827108950391132,0.0012919611287882046,20000,20000,20,,
hopper-medium-replay-v2,2,rnn,16,29,2,0.03237844906960087,0.2102129136532568,0.0014864297673720006,20000,20000,20,,
hopper-medium-replay-v2,2,rnn,16,30,2,0.0328345738698477,0.211308202113509,0.0014941746263479976,20000,20000,20,,
hopper-medium-replay-v2,2,rnn,16,31,4,0.032352148721580536,0.185519902176368,0.0013118238087397474,20000,20000,20,,
hopper-medium-replay-v2,2,rnn,16,32,5,0.03192895044979058,0.17153535881633075,0.001212938154322951,20000,20000,20,,
hopper-medium-replay-v2,2,rnn,16,33,3,0.03312782873675842,0.1867302888620117,0.0013203825350725131,20000,20000,20,,
hopper-medium-replay-v2,2,rnn,16,34,3,0.03373228404978959,0.1742973852131078,0.001232468630272724,20000,20000,20,,
hopper-medium-replay-v2,2,rnn,16,35,3,0.035899228920767766,0.19627392773711158,0.0013878662527303,20000,20000,20,,
hopper-medium-replay-v2,2,rnn,16,36,1,0.03950887749589834,0.21423793340464606,0.001514890954978172,20000,20000,20,,
hopper-medium-replay-v2,2,rnn,16,37,5,0.039451929837945945,0.2152829162634888,0.0015222800996352861,20000,20000,20,,
hopper-medium-replay-v2,2,rnn,16,38,5,0.042671090121031395,0.233639254820493,0.0016520790143494236,20000,20000,20,,
hopper-medium-replay-v2,2,rnn,16,39,3,0.046585140306929756,0.27708157465979244,0.001959262603837859,20000,20000,20,,
hopper-medium-replay-v2,2,rnn,16,40,2,0.05074950865590603,0.3005783478516419,0.002125409880437449,20000,20000,20,,
hopper-medium-replay-v2,2,rnn,16,41,5,0.05065416693789583,0.28156561548934705,0.001990969560614813,20000,20000,20,,
hopper-medium-replay-v2,2,rnn,16,42,4,0.05187858325740172,0.27067899477415114,0.0019139895272956033,20000,20000,20,,
hopper-medium-replay-v2,2,rnn,16,43,4,0.05328199543490366,0.2913237228758387,0.0020599697996601606,20000,20000,20,,
hopper-medium-replay-v2,2,rnn,16,44,3,0.057126038336795935,0.32126260071986174,0.0022716696351064046,20000,20000,20,,
hopper-medium-replay-v2,2,rnn,16,45,1,0.059204627626408386,0.31533074227499924,0.002229725061792395,20000,20000,20,,
hopper-medium-replay-v2,2,rnn,16,46,1,0.059445265845855716,0.2961155300521176,0.0020938529931450126,20000,20000,20,,
hopper-medium-replay-v2,2,rnn,16,47,1,0.06260917671858335,0.30748636952911884,0.0021742569701647253,20000,20000,20,,
hopper-medium-replay-v2,2,rnn,16,48,5,0.06822505110044054,0.3622303426400602,0.0025613553163231317,20000,20000,20,,
hopper-medium-replay-v2,2,rnn,16,49,2,0.07124473143640488,0.363264097079581,0.0025686650640658003,20000,20000,20,,
hopper-medium-replay-v2,2,rnn,16,50,4,0.0786347727350099,0.3964882963744838,0.002803595630274991,20000,20000,20,,
hopper-medium-replay-v2,2,rnn,16,51,4,0.08177853937263634,0.42080923178641927,0.002975570613820787,20000,20000,20,,
hopper-medium-replay-v2,2,rnn,16,52,1,0.08317834266861393,0.4184608963421917,0.002958965374649647,20000,20000,20,,
hopper-medium-replay-v2,2,rnn,16,53,3,0.088527217083444,0.4364290983634833,0.003086019749599498,20000,20000,20,,
hopper-medium-replay-v2,2,rnn,16,54,3,0.09187632207782355,0.46515983646230513,0.0032891767469812143,20000,20000,20,,
hopper-medium-replay-v2,2,rnn,16,55,3,0.09297323952687489,0.4758241076159541,0.003364584531472787,20000,20000,20,,
hopper-medium-replay-v2,2,rnn,16,56,4,0.09305891855725856,0.4797385692149585,0.0033922639548862902,20000,20000,20,,
hopper-medium-replay-v2,2,rnn,16,57,5,0.09821267429983313,0.5131311658541653,0.003628385270136393,20000,20000,20,,
hopper-medium-replay-v2,2,rnn,16,58,4,0.1035599923482856,0.5407627410247628,0.003823770011916346,20000,20000,20,,
hopper-medium-replay-v2,2,rnn,16,59,2,0.10942321126579295,0.5754653163641016,0.004069154275387181,20000,20000,20,,
hopper-medium-replay-v2,2,rnn,16,60,4,0.11283577731359114,0.6056597154248674,0.0042826609186843835,20000,20000,20,,
hopper-medium-replay-v2,2,rnn,16,61,2,0.11273605177575188,0.5912610972569967,0.004180847313222212,20000,20000,20,,
hopper-medium-replay-v2,2,rnn,16,62,4,0.11343969490608326,0.5861203184467426,0.004144496517649103,20000,20000,20,,
hopper-medium-replay-v2,2,rnn,16,63,3,0.1157467744222122,0.6152065021380385,0.004350166894918633,20000,20000,20,,
hopper-medium-replay-v2,2,rnn,16,64,4,0.1176936458137673,0.614697964019069,0.0043465709873944805,20000,20000,20,,
hopper-medium-replay-v2,2,rnn,16,65,1,0.11800039215544485,0.6081652273523607,0.004300377563427126,20000,20000,20,,
hopper-medium-replay-v2,2,rnn,16,66,2,0.12002386789980164,0.625806350644338,0.0044251191425021775,20000,20000,20,,
hopper-medium-replay-v2,2,rnn,16,67,1,0.12540572107702702,0.6338972978710409,0.004482330779004418,20000,20000,20,,
hopper-medium-replay-v2,2,rnn,16,68,4,0.131492461661169,0.6700594849283436,0.00473803605591197,20000,20000,20,,
hopper-medium-replay-v2,2,rnn,16,69,3,0.1389022563840556,0.7155606182827361,0.005059777655377613,20000,20000,20,,
hopper-medium-replay-v2,2,rnn,16,70,1,0.14885867976440878,0.7550907495501487,0.005339297894181431,20000,20000,20,,
hopper-medium-replay-v2,2,rnn,16,71,3,0.1494441024587594,0.7320523578004324,0.005176391863842865,20000,20000,20,,
hopper-medium-replay-v2,2,rnn,16,72,5,0.15656598152081994,0.7570050341600932,0.0053528339304695595,20000,20000,20,,
hopper-medium-replay-v2,2,rnn,16,73,1,0.16141022763455595,0.7791228840639056,0.00550923074699208,20000,20000,20,,
hopper-medium-replay-v2,2,rnn,16,74,3,0.1680367801422545,0.8026027902563935,0.005675258755895401,20000,20000,20,,
hopper-medium-replay-v2,2,rnn,16,75,4,0.17150143900676,0.8093031214752291,0.005722637252305747,20000,20000,20,,
hopper-medium-replay-v2,2,rnn,16,76,1,0.17336596687168948,0.7867693771919378,0.005563299618423358,20000,20000,20,,
hopper-medium-replay-v2,2,rnn,16,77,4,0.1800367372387619,0.8148551226402342,0.005761895829035054,20000,20000,20,,
hopper-medium-replay-v2,2,rnn,16,78,2,0.18568734811482035,0.8416633015081257,0.005951458279722534,20000,20000,20,,
hopper-medium-replay-v2,2,rnn,16,79,3,0.184034649759286,0.8142504141906264,0.005757619894581469,20000,20000,20,,
hopper-medium-replay-v2,2,rnn,16,80,1,0.18266732404462177,0.8107713719871373,0.005733019351240256,20000,20000,20,,
hopper-medium-replay-v2,2,rnn,16,81,2,0.18317464646723827,0.8099897635108477,0.005727492544702084,20000,20000,20,,
hopper-medium-replay-v2,2,rnn,16,82,3,0.1882520219406042,0.802804982597357,0.005676688471649394,20000,20000,20,,
hopper-medium-replay-v2,2,rnn,16,83,5,0.19081009255213202,0.804250134788983,0.005686907240794847,20000,20000,20,,
hopper-medium-replay-v2,2,rnn,16,84,4,0.2001585380777254,0.8454615626509896,0.005978316041830898,20000,20000,20,,
hopper-medium-replay-v2,2,rnn,16,85,5,0.2034633096866752,0.8280077774444546,0.005854899143061755,20000,20000,20,,
hopper-medium-replay-v2,2,rnn,16,86,3,0.203768583967795,0.8184690324224685,0.005787450030171197,20000,20000,20,,
hopper-medium-replay-v2,2,rnn,16,87,2,0.20877566789093793,0.838367487847908,0.005928153357835863,20000,20000,20,,
hopper-medium-replay-v2,2,rnn,16,88,4,0.20855796146926658,0.8221857496664206,0.005813731189840712,20000,20000,20,,
hopper-medium-replay-v2,2,rnn,16,89,3,0.21157415196694823,0.8321404265664261,0.005884121385245861,20000,20000,20,,
hopper-medium-replay-v2,2,rnn,16,90,1,0.21942102098450708,0.863348803104539,0.006104797932045089,20000,20000,20,,
hopper-medium-replay-v2,2,rnn,16,91,5,0.2308607142823429,0.9263056156843079,0.00654996982301554,20000,20000,20,,
hopper-medium-replay-v2,2,rnn,16,92,5,0.23596415028100368,0.9270981696602366,0.0065555740259238965,20000,20000,20,,
hopper-medium-replay-v2,2,rnn,16,93,1,0.24406646429106127,0.9579318717531853,0.006773601224313995,20000,20000,20,,
hopper-medium-replay-v2,2,rnn,16,94,3,0.25195379062036055,0.9834845912211643,0.006954286236449649,20000,20000,20,,
hopper-medium-replay-v2,2,rnn,16,95,2,0.25611236744851656,0.9823506325280135,0.0069462679376345255,20000,20000,20,,
hopper-medium-replay-v2,2,rnn,16,96,4,0.26454485868734107,0.9791546674479434,0.006923669051828996,20000,20000,20,,
hopper-medium-replay-v2,2,rnn,16,97,4,0.27034436673627116,0.9986584547184862,0.007061581654207203,20000,20000,20,,
hopper-medium-replay-v2,2,rnn,16,98,1,0.26983133100567863,0.9880304456883422,0.006986430281649936,20000,20000,20,,
hopper-medium-replay-v2,2,rnn,16,99,1,0.2709347006010842,0.9910173465369065,0.007007550860097453,20000,20000,20,,
hopper-medium-replay-v2,2,rnn,16,100,2,0.2842100580696129,1.0410647481132758,0.007361439430451623,20000,20000,20,,
hopper-medium-replay-v2,2,rnn,17,1,5,0.0006538022320044236,0.003970357450479796,2.8074666769687954e-05,20000,20000,20,,
hopper-medium-replay-v2,2,rnn,17,2,4,0.000978192921886149,0.004701370920380641,3.324371258674392e-05,20000,20000,20,,
hopper-medium-replay-v2,2,rnn,17,3,3,0.0012843769097666885,0.006106207846601855,4.317740975666677e-05,20000,20000,20,,
hopper-medium-replay-v2,2,rnn,17,4,3,0.0016188028421611734,0.007402117788926182,5.234087683691277e-05,20000,20000,20,,
hopper-medium-replay-v2,2,rnn,17,5,4,0.0020233637331136985,0.010586403605100058,7.485717777543964e-05,20000,20000,20,,
hopper-medium-replay-v2,2,rnn,17,6,4,0.002568630830309632,0.013588449394250935,9.608484712485069e-05,20000,20000,20,,
hopper-medium-replay-v2,2,rnn,17,7,5,0.003148938233240828,0.019910681104854413,0.00014078977627285415,20000,20000,20,,
hopper-medium-replay-v2,2,rnn,17,8,3,0.00412733637758704,0.03342201924287077,0.00023632936447581202,20000,20000,20,,
hopper-medium-replay-v2,2,rnn,17,9,4,0.004829893987464115,0.0371479945767407,0.0002626759887269444,20000,20000,20,,
hopper-medium-replay-v2,2,rnn,17,10,4,0.005213110081707115,0.03831556831648523,0.00027093198181603133,20000,20000,20,,
hopper-medium-replay-v2,2,rnn,17,11,4,0.005719942926021254,0.04042718343952433,0.0002858633555436015,20000,20000,20,,
hopper-medium-replay-v2,2,rnn,17,12,1,0.00697995384942562,0.04742873257794944,0.0003353717842895137,20000,20000,20,,
hopper-medium-replay-v2,2,rnn,17,13,1,0.00802080737795044,0.04756260072832438,0.0003363183750586639,20000,20000,20,,
hopper-medium-replay-v2,2,rnn,17,14,1,0.009734136677951592,0.05348235736133853,0.0003781773756404474,20000,20000,20,,
hopper-medium-replay-v2,2,rnn,17,15,2,0.011621680000027773,0.07444702460381097,0.0005264199593651649,20000,20000,20,,
hopper-medium-replay-v2,2,rnn,17,16,5,0.014425998411875517,0.10326230484930649,0.0007301747599989712,20000,20000,20,,
hopper-medium-replay-v2,2,rnn,17,17,3,0.018568855764523926,0.140809068237551,0.000995670470033316,20000,20000,20,,
hopper-medium-replay-v2,2,rnn,17,18,3,0.02123883477451294,0.16416779562104747,0.0011608416153608987,20000,20000,20,,
hopper-medium-replay-v2,2,rnn,17,19,4,0.02224105332676103,0.17046658976373982,0.0012053808158768574,20000,20000,20,,
hopper-medium-replay-v2,2,rnn,17,20,4,0.02439664479587994,0.19300533217252147,0.0013647537918435205,20000,20000,20,,
hopper-medium-replay-v2,2,rnn,17,21,2,0.025103824862620788,0.223146588246683,0.0015778846574787187,20000,20000,20,,
hopper-medium-replay-v2,2,rnn,17,22,4,0.024629801488483035,0.1976296829627447,0.0013974528898670427,20000,20000,20,,
hopper-medium-replay-v2,2,rnn,17,23,1,0.02403735092409036,0.17859179525959284,0.001262834694923376,20000,20000,20,,
hopper-medium-replay-v2,2,rnn,17,24,3,0.021840005340053023,0.1484060011955929,0.0010493888981418262,20000,20000,20,,
hopper-medium-replay-v2,2,rnn,17,25,3,0.02187579936911059,0.14341349911182857,0.001014086577356649,20000,20000,20,,
hopper-medium-replay-v2,2,rnn,17,26,4,0.023081210730016198,0.1318589282540735,0.0009323834232844581,20000,20000,20,,
hopper-medium-replay-v2,2,rnn,17,27,1,0.02564758989233097,0.136651324562492,0.0009662707825626191,20000,20000,20,,
hopper-medium-replay-v2,2,rnn,17,28,1,0.030366290993056964,0.1653929398107478,0.0011695046930055826,20000,20000,20,,
hopper-medium-replay-v2,2,rnn,17,29,1,0.03224426454158893,0.1786967292993939,0.0012635766906345823,20000,20000,20,,
hopper-medium-replay-v2,2,rnn,17,30,2,0.03492567460140248,0.19754068043935408,0.0013968235469887205,20000,20000,20,,
hopper-medium-replay-v2,2,rnn,17,31,2,0.03794312810074264,0.21128352313109047,0.0014940001195897885,20000,20000,20,,
hopper-medium-replay-v2,2,rnn,17,32,1,0.0421915742551972,0.23651214637126297,0.0016723934253210534,20000,20000,20,,
hopper-medium-replay-v2,2,rnn,17,33,5,0.041037897484076345,0.21349337188353895,0.001509626109972318,20000,20000,20,,
hopper-medium-replay-v2,2,rnn,17,34,4,0.04254754422431609,0.2264327483031054,0.0016011213180783252,20000,20000,20,,
hopper-medium-replay-v2,2,rnn,17,35,3,0.04506391219800583,0.25523469305267255,0.0018047818225161174,20000,20000,20,,
hopper-medium-replay-v2,2,rnn,17,36,5,0.04906355175718088,0.2809635103625283,0.0019867120344332057,20000,20000,20,,
hopper-medium-replay-v2,2,rnn,17,37,1,0.05037356523283833,0.2648717143476195,0.0018729258535970792,20000,20000,20,,
hopper-medium-replay-v2,2,rnn,17,38,1,0.05054854034558524,0.2509683092225169,0.0017746139331416405,20000,20000,20,,
hopper-medium-replay-v2,2,rnn,17,39,4,0.05234395825792088,0.2710430253570701,0.001916563612233016,20000,20000,20,,
hopper-medium-replay-v2,2,rnn,17,40,5,0.05182856304682043,0.25619698653985357,0.001811586265018891,20000,20000,20,,
hopper-medium-replay-v2,2,rnn,17,41,1,0.0544940452272063,0.28456284400616605,0.0020121631667048973,20000,20000,20,,
hopper-medium-replay-v2,2,rnn,17,42,5,0.05745963719002075,0.2954075408891909,0.002088846753763892,20000,20000,20,,
hopper-medium-replay-v2,2,rnn,17,43,3,0.05973688827946597,0.29883201230578976,0.0021130614233704575,20000,20000,20,,
hopper-medium-replay-v2,2,rnn,17,44,3,0.06851495641150462,0.3619032691447688,0.0025590425574584623,20000,20000,20,,
hopper-medium-replay-v2,2,rnn,17,45,3,0.06943360382075357,0.3588443806245182,0.0025374129493028336,20000,20000,20,,
hopper-medium-replay-v2,2,rnn,17,46,1,0.07032050077287902,0.3591129337873307,0.0025393119069281717,20000,20000,20,,
hopper-medium-replay-v2,2,rnn,17,47,5,0.06754296865055513,0.33022977289737615,0.0023350771176542822,20000,20000,20,,
hopper-medium-replay-v2,2,rnn,17,48,5,0.06817940766453849,0.33299899557412116,0.002354658478987702,20000,20000,20,,
hopper-medium-replay-v2,2,rnn,17,49,2,0.06941275194054683,0.3547070316620627,0.0025081574742279594,20000,20000,20,,
hopper-medium-replay-v2,2,rnn,17,50,5,0.07303754116740814,0.40021488832356533,0.0028299466146540987,20000,20000,20,,
hopper-medium-replay-v2,2,rnn,17,51,5,0.07580659090893022,0.40153103995559825,0.0028392532120949006,20000,20000,20,,
hopper-medium-replay-v2,2,rnn,17,52,3,0.07656954462661295,0.39138815892673745,0.002767532212532142,20000,20000,20,,
hopper-medium-replay-v2,2,rnn,17,53,5,0.0794410742701626,0.41235819576691035,0.002915812765046322,20000,20000,20,,
hopper-medium-replay-v2,2,rnn,17,54,5,0.08133166853401369,0.4120654660029896,0.002913742853035087,20000,20000,20,,
hopper-medium-replay-v2,2,rnn,17,55,3,0.0825519217701796,0.40951680994721396,0.0028957211332355758,20000,20000,20,,
hopper-medium-replay-v2,2,rnn,17,56,2,0.0818469434244239,0.3729843981415026,0.0026373979720263957,20000,20000,20,,
hopper-medium-replay-v2,2,rnn,17,57,3,0.08141871822078428,0.36989021313218795,0.0026155187800030746,20000,20000,20,,
hopper-medium-replay-v2,2,rnn,17,58,4,0.08661597187420926,0.4053718220917005,0.002866411643029881,20000,20000,20,,
hopper-medium-replay-v2,2,rnn,17,59,5,0.09226664954278035,0.45421686775179115,0.0032117982731660476,20000,20000,20,,
hopper-medium-replay-v2,2,rnn,17,60,2,0.09620824587626976,0.4869865443237783,0.003443514878379468,20000,20000,20,,
hopper-medium-replay-v2,2,rnn,17,61,4,0.1009015308773207,0.5311714304343669,0.003755949204326993,20000,20000,20,,
hopper-medium-replay-v2,2,rnn,17,62,4,0.10374727534605759,0.5354014838035144,0.003785860198548045,20000,20000,20,,
hopper-medium-replay-v2,2,rnn,17,63,2,0.10826468453609614,0.5294255016511205,0.00374360362350597,20000,20000,20,,
hopper-medium-replay-v2,2,rnn,17,64,1,0.11670630815247589,0.584683175174815,0.004134334380117938,20000,20000,20,,
hopper-medium-replay-v2,2,rnn,17,65,5,0.1180319690163546,0.5915820308326932,0.004183116656299066,20000,20000,20,,
hopper-medium-replay-v2,2,rnn,17,66,3,0.11925301648171518,0.6115743423751002,0.004324483646931367,20000,20000,20,,
hopper-medium-replay-v2,2,rnn,17,67,2,0.12670455317000293,0.6163166570933898,0.0043580168758896,20000,20000,20,,
hopper-medium-replay-v2,2,rnn,17,68,5,0.13821694153763145,0.6557144449397005,0.004636601305388353,20000,20000,20,,
hopper-medium-replay-v2,2,rnn,17,69,4,0.142976389694293,0.7112964908736937,0.00502962572130984,20000,20000,20,,
hopper-medium-replay-v2,2,rnn,17,70,5,0.14414485145963127,0.7022287220671124,0.0049655069131761854,20000,20000,20,,
hopper-medium-replay-v2,2,rnn,17,71,2,0.14155850872076978,0.6663888894108017,0.004712081026097502,20000,20000,20,,
hopper-medium-replay-v2,2,rnn,17,72,1,0.14380272966454477,0.6798325106234449,0.004807141783329134,20000,20000,20,,
hopper-medium-replay-v2,2,rnn,17,73,1,0.15106340588718928,0.7117475045587968,0.005032814869661283,20000,20000,20,,
hopper-medium-replay-v2,2,rnn,17,74,5,0.1550551718820588,0.7129407700298162,0.005041252530724419,20000,20000,20,,
hopper-medium-replay-v2,2,rnn,17,75,2,0.1573572383984987,0.7295742385181685,0.005158868914352086,20000,20000,20,,
hopper-medium-replay-v2,2,rnn,17,76,3,0.16415522280639971,0.7551830839255836,0.005339950796811498,20000,20000,20,,
hopper-medium-replay-v2,2,rnn,17,77,1,0.16913489340318283,0.7571025055508254,0.005353523157283144,20000,20000,20,,
hopper-medium-replay-v2,2,rnn,17,78,2,0.1784053199380058,0.7877480453106683,0.005570219847056213,20000,20000,20,,
hopper-medium-replay-v2,2,rnn,17,79,3,0.18457826397010016,0.7967361416717265,0.005633775285924836,20000,20000,20,,
hopper-medium-replay-v2,2,rnn,17,80,1,0.19305237802398914,0.8484701859595485,0.0059995902212660775,20000,20000,20,,
hopper-medium-replay-v2,2,rnn,17,81,5,0.19896034559102282,0.8959469726803837,0.006335301799658577,20000,20000,20,,
hopper-medium-replay-v2,2,rnn,17,82,1,0.20308558486949796,0.8951543562881399,0.006329697155400225,20000,20000,20,,
hopper-medium-replay-v2,2,rnn,17,83,1,0.2101503695849973,0.9108846648669733,0.006440927234062725,20000,20000,20,,
hopper-medium-replay-v2,2,rnn,17,84,2,0.2165881172560973,0.9305171358411245,0.006579749767635429,20000,20000,20,,
hopper-medium-replay-v2,2,rnn,17,85,2,0.22027320384033947,0.939376524494964,0.0066423951055784,20000,20000,20,,
hopper-medium-replay-v2,2,rnn,17,86,4,0.2308507842303662,0.9597648518862701,0.00678656235113284,20000,20000,20,,
hopper-medium-replay-v2,2,rnn,17,87,5,0.2365177854290252,0.9714471018922788,0.006869168333120493,20000,20000,20,,
hopper-medium-replay-v2,2,rnn,17,88,3,0.24214502162485346,0.9798069436696709,0.006928281341224899,20000,20000,20,,
hopper-medium-replay-v2,2,rnn,17,89,2,0.2462552502109662,0.9702277334697538,0.006860546096317171,20000,20000,20,,
hopper-medium-replay-v2,2,rnn,17,90,1,0.2482247189736473,0.9814665291347243,0.006940016382587877,20000,20000,20,,
hopper-medium-replay-v2,2,rnn,17,91,3,0.24641959070342137,0.9684234709433077,0.006847788033642263,20000,20000,20,,
hopper-medium-replay-v2,2,rnn,17,92,2,0.2495931973493715,0.9850926924612777,0.006965657229366836,20000,20000,20,,
hopper-medium-replay-v2,2,rnn,17,93,5,0.2504182664942521,0.9851485112887542,0.006966051928081102,20000,20000,20,,
hopper-medium-replay-v2,2,rnn,17,94,2,0.2536954745651895,1.0024075395290384,0.007088091687135052,20000,20000,20,,
hopper-medium-replay-v2,2,rnn,17,95,1,0.2608442608327735,1.0183990842310422,0.007201168984139399,20000,20000,20,,
hopper-medium-replay-v2,2,rnn,17,96,2,0.2593930715993437,0.9955617244161691,0.00703968446424446,20000,20000,20,,
hopper-medium-replay-v2,2,rnn,17,97,5,0.2618487578184122,0.9937986481764498,0.007027217632595916,20000,20000,20,,
hopper-medium-replay-v2,2,rnn,17,98,2,0.26835125727066894,1.0186095702211304,0.00720265734484876,20000,20000,20,,
hopper-medium-replay-v2,2,rnn,17,99,5,0.27518168191653375,1.0143753176285089,0.007172716657633766,20000,20000,20,,
hopper-medium-replay-v2,2,rnn,17,100,3,0.2849358413951795,1.0335883738601577,0.00730857348112094,20000,20000,20,,
hopper-medium-replay-v2,2,rnn,18,1,2,0.0008610309714035816,0.005139839450860116,3.6344153299133285e-05,20000,20000,20,,
hopper-medium-replay-v2,2,rnn,18,2,3,0.0012043093038823626,0.006685504814315717,4.727365789857954e-05,20000,20000,20,,
hopper-medium-replay-v2,2,rnn,18,3,5,0.0014714554303452037,0.008063738805612357,5.701924391165609e-05,20000,20000,20,,
hopper-medium-replay-v2,2,rnn,18,4,2,0.0019605680551719553,0.011193174684435293,7.91476972236979e-05,20000,20000,20,,
hopper-medium-replay-v2,2,rnn,18,5,5,0.002479272717367559,0.01404323325308458,9.930065463040525e-05,20000,20000,20,,
hopper-medium-replay-v2,2,rnn,18,6,3,0.0030253632695239206,0.018208097139293132,0.0001287506895969755,20000,20000,20,,
hopper-medium-replay-v2,2,rnn,18,7,3,0.0038833075917587335,0.028230393499605908,0.00019961902679135969,20000,20000,20,,
hopper-medium-replay-v2,2,rnn,18,8,2,0.005075342227623175,0.041530510106748415,0.0002936650532261825,20000,20000,20,,
hopper-medium-replay-v2,2,rnn,18,9,2,0.006126668709181296,0.04432179799296854,0.0003134024391520836,20000,20000,20,,
hopper-medium-replay-v2,2,rnn,18,10,4,0.007231541201854023,0.06384596779961549,0.00045145916782526066,20000,20000,20,,
hopper-medium-replay-v2,2,rnn,18,11,2,0.008474139224523284,0.07933269061691453,0.0005609668350499465,20000,20000,20,,
hopper-medium-replay-v2,2,rnn,18,12,2,0.009099692505204862,0.0891393198650977,0.000630310175469673,20000,20000,20,,
hopper-medium-replay-v2,2,rnn,18,13,5,0.01014592789146961,0.08587273472861287,0.000607211930456357,20000,20000,20,,
hopper-medium-replay-v2,2,rnn,18,14,5,0.010711910584463453,0.08239876540140219,0.0005826472577673096,20000,20000,20,,
hopper-medium-replay-v2,2,rnn,18,15,1,0.012131458033659412,0.09543465886125212,0.000674824944410162,20000,20000,20,,
hopper-medium-replay-v2,2,rnn,18,16,3,0.012102209167126206,0.08613748506000656,0.0006090839980028556,20000,20000,20,,
hopper-medium-replay-v2,2,rnn,18,17,5,0.013609472610591535,0.09861756462380265,0.0006973314868959343,20000,20000,20,,
hopper-medium-replay-v2,2,rnn,18,18,1,0.015441494251022533,0.10949992037652617,0.0007742813623762867,20000,20000,20,,
hopper-medium-replay-v2,2,rnn,18,19,5,0.017825262212757848,0.11939889404647713,0.0008442776764643808,20000,20000,20,,
hopper-medium-replay-v2,2,rnn,18,20,1,0.019249208511668333,0.12031376315765434,0.0008507467779884959,20000,20000,20,,
hopper-medium-replay-v2,2,rnn,18,21,5,0.021057086226846645,0.1305707682657985,0.0009232747566548338,20000,20000,20,,
hopper-medium-replay-v2,2,rnn,18,22,4,0.02294786083112568,0.15764424611810973,0.0011147131544515646,20000,20000,20,,
hopper-medium-replay-v2,2,rnn,18,23,4,0.024392418187648514,0.16770495296107715,0.0011858530947734863,20000,20000,20,,
hopper-medium-replay-v2,2,rnn,18,24,3,0.025757149478402994,0.17425504204141226,0.0012321692188342953,20000,20000,20,,
hopper-medium-replay-v2,2,rnn,18,25,3,0.02643837096490743,0.17620902269895733,0.00124598594856687,20000,20000,20,,
hopper-medium-replay-v2,2,rnn,18,26,4,0.026839131829575445,0.17305292772278402,0.0012236689869696605,20000,20000,20,,
hopper-medium-replay-v2,2,rnn,18,27,4,0.02796991189406953,0.20009520621944174,0.001414886772006879,20000,20000,20,,
hopper-medium-replay-v2,2,rnn,18,28,4,0.026976306177483422,0.17261453590167972,0.0012205690886744648,20000,20000,20,,
hopper-medium-replay-v2,2,rnn,18,29,2,0.02662708359081073,0.15272386694970996,0.0010799208196917195,20000,20000,20,,
hopper-medium-replay-v2,2,rnn,18,30,5,0.025744576583006596,0.1460094758633711,0.0010324429050048323,20000,20000,20,,
hopper-medium-replay-v2,2,rnn,18,31,4,0.027435774752768396,0.1656780838314055,0.0011715209657118012,20000,20000,20,,
hopper-medium-replay-v2,2,rnn,18,32,1,0.028112351461268243,0.14442475715074493,0.0010212372515251205,20000,20000,20,,
hopper-medium-replay-v2,2,rnn,18,33,1,0.029784597521664517,0.14738817864653797,0.001042191805877013,20000,20000,20,,
hopper-medium-replay-v2,2,rnn,18,34,2,0.03161355791289269,0.14833682636553075,0.0010488997582275823,20000,20000,20,,
hopper-medium-replay-v2,2,rnn,18,35,4,0.035309105788800414,0.1778497090451841,0.0012575873529790413,20000,20000,20,,
hopper-medium-replay-v2,2,rnn,18,36,2,0.03884814382012962,0.2027553197388859,0.0014336966150901285,20000,20000,20,,
hopper-medium-replay-v2,2,rnn,18,37,5,0.04328575604113179,0.23057931189783049,0.001630441950442839,20000,20000,20,,
hopper-medium-replay-v2,2,rnn,18,38,4,0.04555789835401264,0.2411778924685125,0.0017053852323676516,20000,20000,20,,
hopper-medium-replay-v2,2,rnn,18,39,4,0.04734457132804638,0.2566798307602943,0.0018150004892441948,20000,20000,20,,
hopper-medium-replay-v2,2,rnn,18,40,5,0.04873667022048709,0.2579095775538792,0.0018236961122130577,20000,20000,20,,
hopper-medium-replay-v2,2,rnn,18,41,4,0.04813944673830412,0.26137638758918785,0.0018482101610635807,20000,20000,20,,
hopper-medium-replay-v2,2,rnn,18,42,1,0.04920539815902318,0.24609504167399782,0.0017401547278406986,20000,20000,20,,
hopper-medium-replay-v2,2,rnn,18,43,4,0.05006424072238384,0.24319014580681445,0.0017196140121774372,20000,20000,20,,
hopper-medium-replay-v2,2,rnn,18,44,2,0.05234476437033535,0.2659451093045724,0.0018805159021266073,20000,20000,20,,
hopper-medium-replay-v2,2,rnn,18,45,3,0.05284980405278536,0.25877878882627775,0.0018298423640630257,20000,20000,20,,
hopper-medium-replay-v2,2,rnn,18,46,2,0.05540720526278469,0.2855785548166346,0.0020193453267229647,20000,20000,20,,
hopper-medium-replay-v2,2,rnn,18,47,1,0.05755164333369845,0.2962016525735042,0.0020944619713338664,20000,20000,20,,
hopper-medium-replay-v2,2,rnn,18,48,4,0.058262102257244736,0.28829521205931213,0.002038554994307533,20000,20000,20,,
hopper-medium-replay-v2,2,rnn,18,49,1,0.06520541456786355,0.34392776542739206,0.0024319365517204514,20000,20000,20,,
hopper-medium-replay-v2,2,rnn,18,50,5,0.06762288743436032,0.3514226426697174,0.0024849333369425415,20000,20000,20,,
hopper-medium-replay-v2,2,rnn,18,51,5,0.0690688167844702,0.3540340830072307,0.002503399008655739,20000,20000,20,,
hopper-medium-replay-v2,2,rnn,18,52,1,0.07467352572058017,0.3771301867922344,0.002666713124709383,20000,20000,20,,
hopper-medium-replay-v2,2,rnn,18,53,3,0.07862715988935359,0.39137072621747354,0.0027674089446627927,20000,20000,20,,
hopper-medium-replay-v2,2,rnn,18,54,3,0.0844542069237056,0.4154501296791644,0.0029376760394096767,20000,20000,20,,
hopper-medium-replay-v2,2,rnn,18,55,5,0.08637726034291608,0.4291823675540823,0.0030347776246318885,20000,20000,20,,
hopper-medium-replay-v2,2,rnn,18,56,2,0.09227686084459763,0.47083991294473304,0.003329340952965044,20000,20000,20,,
hopper-medium-replay-v2,2,rnn,18,57,1,0.09330374833343096,0.46006346438773765,0.00325313995444745,20000,20000,20,,
hopper-medium-replay-v2,2,rnn,18,58,4,0.09335184421289687,0.46487240929245516,0.0032871443299722324,20000,20000,20,,
hopper-medium-replay-v2,2,rnn,18,59,5,0.0992269019001611,0.4907039058158574,0.003469800593571177,20000,20000,20,,
hopper-medium-replay-v2,2,rnn,18,60,5,0.10525038234166036,0.5251908276062013,0.0037136599561731994,20000,20000,20,,
hopper-medium-replay-v2,2,rnn,18,61,4,0.10514477995028705,0.5168914407556051,0.0036549744289557295,20000,20000,20,,
hopper-medium-replay-v2,2,rnn,18,62,2,0.10303391318775898,0.5081416687936431,0.0035931041980743366,20000,20000,20,,
hopper-medium-replay-v2,2,rnn,18,63,4,0.10706763256335142,0.5348158054881204,0.003781718827463955,20000,20000,20,,
hopper-medium-replay-v2,2,rnn,18,64,3,0.11237701073923421,0.5787705268160863,0.004092525642625652,20000,20000,20,,
hopper-medium-replay-v2,2,rnn,18,65,5,0.10934475217113508,0.5567093708082839,0.0039365297124863375,20000,20000,20,,
hopper-medium-replay-v2,2,rnn,18,66,1,0.11141061481073852,0.55918627223074,0.003954044050407831,20000,20000,20,,
hopper-medium-replay-v2,2,rnn,18,67,5,0.1169380308753905,0.5787873056483619,0.004092644286886476,20000,20000,20,,
hopper-medium-replay-v2,2,rnn,18,68,2,0.1187952331647367,0.6024349156830712,0.004259858141030456,20000,20000,20,,
hopper-medium-replay-v2,2,rnn,18,69,1,0.1225907174196645,0.6256801950051423,0.0044242270874225754,20000,20000,20,,
hopper-medium-replay-v2,2,rnn,18,70,5,0.12671746933224545,0.6407011704623065,0.00453044142348055,20000,20000,20,,
hopper-medium-replay-v2,2,rnn,18,71,4,0.13339549977972776,0.6479688080740221,0.004581831381865056,20000,20000,20,,
hopper-medium-replay-v2,2,rnn,18,72,5,0.14553075176834038,0.6929298998134964,0.0048997543104503825,20000,20000,20,,
hopper-medium-replay-v2,2,rnn,18,73,5,0.1580750388753572,0.7570275800449441,0.005352993353950218,20000,20000,20,,
hopper-medium-replay-v2,2,rnn,18,74,2,0.16235223267744675,0.7813634191335537,0.005525073722404424,20000,20000,20,,
hopper-medium-replay-v2,2,rnn,18,75,4,0.16032616495749227,0.7702200274207393,0.005446278043948933,20000,20000,20,,
hopper-medium-replay-v2,2,rnn,18,76,5,0.16136519961275722,0.7805552027709246,0.005519358769697614,20000,20000,20,,
hopper-medium-replay-v2,2,rnn,18,77,5,0.1592553994470584,0.7478427586854821,0.005288046859277592,20000,20000,20,,
hopper-medium-replay-v2,2,rnn,18,78,3,0.15628037905948663,0.7249986298602186,0.0051265144752511635,20000,20000,20,,
hopper-medium-replay-v2,2,rnn,18,79,2,0.1562346186747896,0.7166116605423872,0.005067209646468743,20000,20000,20,,
hopper-medium-replay-v2,2,rnn,18,80,1,0.16215196024441356,0.7351614587817721,0.005198376527715856,20000,20000,20,,
hopper-medium-replay-v2,2,rnn,18,81,5,0.17069638273388385,0.7833170544237904,0.005538888010021341,20000,20000,20,,
hopper-medium-replay-v2,2,rnn,18,82,1,0.1707465741530772,0.7427507001517725,0.005252040568083744,20000,20000,20,,
hopper-medium-replay-v2,2,rnn,18,83,2,0.17681391270488012,0.7522876720737066,0.005319477143263597,20000,20000,20,,
hopper-medium-replay-v2,2,rnn,18,84,5,0.18702209810191583,0.7814469492550871,0.005525664369558119,20000,20000,20,,
hopper-medium-replay-v2,2,rnn,18,85,5,0.19406758352705428,0.8211756770649079,0.005806588897980508,20000,20000,20,,
hopper-medium-replay-v2,2,rnn,18,86,4,0.20256143677822583,0.8649017415124908,0.006115778864835367,20000,20000,20,,
hopper-medium-replay-v2,2,rnn,18,87,1,0.20932470382567572,0.8663134057883612,0.006125760838657635,20000,20000,20,,
hopper-medium-replay-v2,2,rnn,18,88,1,0.21354026410610177,0.8659062761222812,0.0061228819971805605,20000,20000,20,,
hopper-medium-replay-v2,2,rnn,18,89,4,0.216298828503305,0.8676653462194416,0.006135320501123406,20000,20000,20,,
hopper-medium-replay-v2,2,rnn,18,90,2,0.21885433454508765,0.8714095968346732,0.0061617963511283284,20000,20000,20,,
hopper-medium-replay-v2,2,rnn,18,91,1,0.22123210836082288,0.8941396199604845,0.00632252188601621,20000,20000,20,,
hopper-medium-replay-v2,2,rnn,18,92,3,0.228556787252272,0.9081283114303877,0.00642143687199916,20000,20000,20,,
hopper-medium-replay-v2,2,rnn,18,93,3,0.2358320213062685,0.9190272457750597,0.006498503975827405,20000,20000,20,,
hopper-medium-replay-v2,2,rnn,18,94,3,0.24418153352532695,0.959491822090196,0.00678463173893014,20000,20000,20,,
hopper-medium-replay-v2,2,rnn,18,95,2,0.25212606033122864,0.9824539306262047,0.006946998365491672,20000,20000,20,,
hopper-medium-replay-v2,2,rnn,18,96,4,0.2560451210907292,1.0044886776472008,0.007102807555894437,20000,20000,20,,
hopper-medium-replay-v2,2,rnn,18,97,5,0.25771396283970327,0.9897475755682185,0.006998572223472321,20000,20000,20,,
hopper-medium-replay-v2,2,rnn,18,98,1,0.2558916838925265,0.9610636585377597,0.006795746301040025,20000,20000,20,,
hopper-medium-replay-v2,2,rnn,18,99,2,0.265245515569916,0.9779780738169346,0.006915349278477124,20000,20000,20,,
hopper-medium-replay-v2,2,rnn,18,100,5,0.2729590543002008,1.0352418530544032,0.0073202653446289585,20000,20000,20,,
hopper-medium-replay-v2,2,rnn,19,1,1,0.0021048136356033053,0.013256248261124162,9.373583038533274e-05,20000,20000,20,,
hopper-medium-replay-v2,2,rnn,19,2,1,0.0031807474421654334,0.0186831580093305,0.00013210987722377354,20000,20000,20,,
hopper-medium-replay-v2,2,rnn,19,3,5,0.0033177148900662254,0.020156031252494253,0.00014252466380446665,20000,20000,20,,
hopper-medium-replay-v2,2,rnn,19,4,2,0.005033840610892668,0.038920297056230915,0.000275208059742557,20000,20000,20,,
hopper-medium-replay-v2,2,rnn,19,5,3,0.007906995340717645,0.07077678247178698,0.0005004674283636575,20000,20000,20,,
hopper-medium-replay-v2,2,rnn,19,6,5,0.01048578732523324,0.10293453699168124,0.0007278570912511533,20000,20000,20,,
hopper-medium-replay-v2,2,rnn,19,7,2,0.010859867082546897,0.10074391054354828,0.0007123670230859391,20000,20000,20,,
hopper-medium-replay-v2,2,rnn,19,8,3,0.011344637061505751,0.10614474037041147,0.0007505566570320343,20000,20000,20,,
hopper-medium-replay-v2,2,rnn,19,9,3,0.013554114302235066,0.14636117318831687,0.0010349297806387756,20000,20000,20,,
hopper-medium-replay-v2,2,rnn,19,10,5,0.01441095469816386,0.15163610984810072,0.0010722292154634024,20000,20000,20,,
hopper-medium-replay-v2,2,rnn,19,11,2,0.013286315552454079,0.13297780723719793,0.0009402950924474021,20000,20000,20,,
hopper-medium-replay-v2,2,rnn,19,12,1,0.013792688754681637,0.1316450388412847,0.0009308709967423885,20000,20000,20,,
hopper-medium-replay-v2,2,rnn,19,13,3,0.012335990791599834,0.09622978479645221,0.0006804473338169349,20000,20000,20,,
hopper-medium-replay-v2,2,rnn,19,14,2,0.013002355042853674,0.08844469271879343,0.000625398419814193,20000,20000,20,,
hopper-medium-replay-v2,2,rnn,19,15,5,0.014046554848858629,0.10022201163181318,0.0007086766404901214,20000,20000,20,,
hopper-medium-replay-v2,2,rnn,19,16,5,0.015976601587583242,0.1055311946820726,0.0007462182338641125,20000,20000,20,,
hopper-medium-replay-v2,2,rnn,19,17,2,0.018288107729571266,0.12564300203513204,0.0008884301874767705,20000,20000,20,,
hopper-medium-replay-v2,2,rnn,19,18,5,0.0197805592867516,0.13493690283037715,0.0009541479902366992,20000,20000,20,,
hopper-medium-replay-v2,2,rnn,19,19,3,0.02099231896256529,0.15576187766322455,0.001101402799460155,20000,20000,20,,
hopper-medium-replay-v2,2,rnn,19,20,4,0.01992477410374935,0.14252677726608906,0.0010078165070551623,20000,20000,20,,
hopper-medium-replay-v2,2,rnn,19,21,2,0.01959893004110092,0.1288836707843231,0.0009113451759580938,20000,20000,20,,
hopper-medium-replay-v2,2,rnn,19,22,2,0.019534802795780282,0.12460944859792143,0.0008811218610350677,20000,20000,20,,
hopper-medium-replay-v2,2,rnn,19,23,2,0.019395065055171454,0.11135729072357256,0.0007874149540519998,20000,20000,20,,
hopper-medium-replay-v2,2,rnn,19,24,5,0.02013467898830753,0.11109919979385614,0.0007855899755863475,20000,20000,20,,
hopper-medium-replay-v2,2,rnn,19,25,4,0.020677399024928503,0.11656125944123631,0.0008242125697454268,20000,20000,20,,
hopper-medium-replay-v2,2,rnn,19,26,5,0.02259455910847103,0.12323405289814338,0.0008713963447737889,20000,20000,20,,
hopper-medium-replay-v2,2,rnn,19,27,5,0.025244089595004897,0.14697830718832872,0.0010392935770018672,20000,20000,20,,
hopper-medium-replay-v2,2,rnn,19,28,1,0.02720669013488393,0.1509837294196918,0.001067616189214989,20000,20000,20,,
hopper-medium-replay-v2,2,rnn,19,29,2,0.02779110161052683,0.1539407260723056,0.0010885253130650805,20000,20000,20,,
hopper-medium-replay-v2,2,rnn,19,30,5,0.028491570458871667,0.14809224594579154,0.001047170313494152,20000,20000,20,,
hopper-medium-replay-v2,2,rnn,19,31,4,0.031148953832952093,0.16843447699134548,0.001191011608661899,20000,20000,20,,
hopper-medium-replay-v2,2,rnn,19,32,5,0.03405781643184106,0.19553577095022268,0.0013826466960344197,20000,20000,20,,
hopper-medium-replay-v2,2,rnn,19,33,2,0.035473481381665124,0.1846576947030315,0.001305727081227888,20000,20000,20,,
hopper-medium-replay-v2,2,rnn,19,34,2,0.039000360462918854,0.21646199106069064,0.0015306174174815619,20000,20000,20,,
hopper-medium-replay-v2,2,rnn,19,35,3,0.03956559351939387,0.21482392244481735,0.0015190345232182331,20000,20000,20,,
hopper-medium-replay-v2,2,rnn,19,36,1,0.041342163607777996,0.22246956700692133,0.0015730973943822908,20000,20000,20,,
hopper-medium-replay-v2,2,rnn,19,37,4,0.04275013890598799,0.24683173267021305,0.0017453639198313272,20000,20000,20,,
hopper-medium-replay-v2,2,rnn,19,38,4,0.04725812657506368,0.27491641166954434,0.001943952589510073,20000,20000,20,,
hopper-medium-replay-v2,2,rnn,19,39,1,0.05017437156911226,0.29181224919137916,0.002063424202365228,20000,20000,20,,
hopper-medium-replay-v2,2,rnn,19,40,2,0.0529269506459474,0.2991215375106433,0.0021151086757272212,20000,20000,20,,
hopper-medium-replay-v2,2,rnn,19,41,3,0.056082789324735746,0.3133682384392748,0.0022158480640889415,20000,20000,20,,
hopper-medium-replay-v2,2,rnn,19,42,5,0.05893927040672268,0.3288349855213311,0.0023252144815351337,20000,20000,20,,
hopper-medium-replay-v2,2,rnn,19,43,2,0.06152506331155384,0.3174500531728306,0.002244710852865386,20000,20000,20,,
hopper-medium-replay-v2,2,rnn,19,44,5,0.06517243910132683,0.3388988135973749,0.002396376492307795,20000,20000,20,,
hopper-medium-replay-v2,2,rnn,19,45,4,0.06819292259883379,0.3490197687839552,0.002467942452752956,20000,20000,20,,
hopper-medium-replay-v2,2,rnn,19,46,2,0.06809774838800688,0.3404393718522646,0.0024072698841962493,20000,20000,20,,
hopper-medium-replay-v2,2,rnn,19,47,1,0.06771934011163404,0.3519752664891019,0.002488840977443861,20000,20000,20,,
hopper-medium-replay-v2,2,rnn,19,48,1,0.06810363788149788,0.36202876750973123,0.00255992996490739,20000,20000,20,,
hopper-medium-replay-v2,2,rnn,19,49,5,0.069952176482082,0.35597664740512985,0.002517135013242199,20000,20000,20,,
hopper-medium-replay-v2,2,rnn,19,50,3,0.07249064330822251,0.3748948686289668,0.002650907038395823,20000,20000,20,,
hopper-medium-replay-v2,2,rnn,19,51,5,0.07636985709658839,0.3905536131696168,0.0027616310828914373,20000,20000,20,,
hopper-medium-replay-v2,2,rnn,19,52,5,0.07874359115127474,0.40352525420747515,0.002853354436301311,20000,20000,20,,
hopper-medium-replay-v2,2,rnn,19,53,1,0.08273232125265345,0.4352411052548122,0.0030776193697680558,20000,20000,20,,
hopper-medium-replay-v2,2,rnn,19,54,4,0.08763720624447482,0.4404616124594632,0.003114533930224475,20000,20000,20,,
hopper-medium-replay-v2,2,rnn,19,55,3,0.09123380884797239,0.46155778614409726,0.0032637064049194147,20000,20000,20,,
hopper-medium-replay-v2,2,rnn,19,56,3,0.09564406549746897,0.49654966721604205,0.0035111363688438684,20000,20000,20,,
hopper-medium-replay-v2,2,rnn,19,57,4,0.09657939877635698,0.4916237474841701,0.0034763048563839953,20000,20000,20,,
hopper-medium-replay-v2,2,rnn,19,58,1,0.09848756012967042,0.5005055999876425,0.003539109037731036,20000,20000,20,,
hopper-medium-replay-v2,2,rnn,19,59,4,0.10309029982021006,0.551474259405296,0.00389951188475314,20000,20000,20,,
hopper-medium-replay-v2,2,rnn,19,60,5,0.11087168654452269,0.603023782154577,0.004264022055782608,20000,20000,20,,
hopper-medium-replay-v2,2,rnn,19,61,1,0.11540699932064935,0.6155787991259619,0.004352799432166392,20000,20000,20,,
hopper-medium-replay-v2,2,rnn,19,62,1,0.11925656720206855,0.6515106156030004,0.0046068757430790365,20000,20000,20,,
hopper-medium-replay-v2,2,rnn,19,63,5,0.11869716545099607,0.6122871666886374,0.004329524075990334,20000,20000,20,,
hopper-medium-replay-v2,2,rnn,19,64,2,0.12215370882266537,0.6251716617906662,0.004420631214578428,20000,20000,20,,
hopper-medium-replay-v2,2,rnn,19,65,4,0.13467797241543544,0.688465936972067,0.004868189326488988,20000,20000,20,,
hopper-medium-replay-v2,2,rnn,19,66,2,0.13422048297687683,0.6702311520407099,0.004739249925704579,20000,20000,20,,
hopper-medium-replay-v2,2,rnn,19,67,3,0.1349419115403143,0.6683314666101104,0.004725817121203598,20000,20000,20,,
hopper-medium-replay-v2,2,rnn,19,68,5,0.1362618843392371,0.6630497832035726,0.004688469979675164,20000,20000,20,,
hopper-medium-replay-v2,2,rnn,19,69,2,0.13869668169778457,0.6637551679387937,0.004693457802971367,20000,20000,20,,
hopper-medium-replay-v2,2,rnn,19,70,4,0.141948575209754,0.6872493804842892,0.004859586973066946,20000,20000,20,,
hopper-medium-replay-v2,2,rnn,19,71,4,0.14646479858902647,0.7283113234332714,0.005149938756146151,20000,20000,20,,
hopper-medium-replay-v2,2,rnn,19,72,2,0.1457439504748877,0.7259984444748896,0.005133584232190796,20000,20000,20,,
hopper-medium-replay-v2,2,rnn,19,73,1,0.14520428007681438,0.6890820393048639,0.004872545827863243,20000,20000,20,,
hopper-medium-replay-v2,2,rnn,19,74,1,0.14541902098219156,0.6706531665307962,0.004742234018781569,20000,20000,20,,
hopper-medium-replay-v2,2,rnn,19,75,3,0.15434241474876306,0.7045753201377154,0.004982099867260612,20000,20000,20,,
hopper-medium-replay-v2,2,rnn,19,76,2,0.16572833944264947,0.7659031831396804,0.005415753345304302,20000,20000,20,,
hopper-medium-replay-v2,2,rnn,19,77,1,0.17189767289319252,0.7861792113952036,0.005559126516054407,20000,20000,20,,
hopper-medium-replay-v2,2,rnn,19,78,4,0.174066090412261,0.7786152336207695,0.00550564111628394,20000,20000,20,,
hopper-medium-replay-v2,2,rnn,19,79,4,0.17664565713775598,0.7824719088067145,0.005532911928052096,20000,20000,20,,
hopper-medium-replay-v2,2,rnn,19,80,2,0.1855962221609071,0.8166073282452692,0.005774285793688587,20000,20000,20,,
hopper-medium-replay-v2,2,rnn,19,81,3,0.19393641734480166,0.8444891606542265,0.005971440121371393,20000,20000,20,,
hopper-medium-replay-v2,2,rnn,19,82,3,0.19128922743680815,0.8147822444580494,0.00576138050246682,20000,20000,20,,
hopper-medium-replay-v2,2,rnn,19,83,1,0.19812338331192658,0.8570214557029768,0.006060056829499412,20000,20000,20,,
hopper-medium-replay-v2,2,rnn,19,84,3,0.2025119808439043,0.8347001445849033,0.005902221324933767,20000,20000,20,,
hopper-medium-replay-v2,2,rnn,19,85,3,0.20555415257144963,0.8494647957182544,0.00600662317431623,20000,20000,20,,
hopper-medium-replay-v2,2,rnn,19,86,4,0.20899540321667223,0.8313321648767981,0.005878406112028769,20000,20000,20,,
hopper-medium-replay-v2,2,rnn,19,87,3,0.2124133931102408,0.8389570809193708,0.005932322410425582,20000,20000,20,,
hopper-medium-replay-v2,2,rnn,19,88,1,0.21873458940777923,0.8630961942607659,0.006103011717780893,20000,20000,20,,
hopper-medium-replay-v2,2,rnn,19,89,3,0.22891045932565462,0.8777750594601889,0.006206806969007245,20000,20000,20,,
hopper-medium-replay-v2,2,rnn,19,90,1,0.23697856706226958,0.9232365123428675,0.006528267985166593,20000,20000,20,,
hopper-medium-replay-v2,2,rnn,19,91,3,0.24156245199880585,0.932057588462648,0.006590642412583188,20000,20000,20,,
hopper-medium-replay-v2,2,rnn,19,92,5,0.24652214527845637,0.9548305212507828,0.006751671364603144,20000,20000,20,,
hopper-medium-replay-v2,2,rnn,19,93,3,0.25218074123388456,0.962016333794682,0.006802482732384409,20000,20000,20,,
hopper-medium-replay-v2,2,rnn,19,94,4,0.25583989765388854,0.9778271915111397,0.0069142823794612375,20000,20000,20,,
hopper-medium-replay-v2,2,rnn,19,95,4,0.26752171868735597,1.032855614345197,0.007303392088900863,20000,20000,20,,
hopper-medium-replay-v2,2,rnn,19,96,2,0.2748080305072449,1.051296494488784,0.007433788802906649,20000,20000,20,,
hopper-medium-replay-v2,2,rnn,19,97,1,0.2755111221008531,1.0575979315269164,0.007478346691515485,20000,20000,20,,
hopper-medium-replay-v2,2,rnn,19,98,1,0.275382760102855,1.0475481994100238,0.0074072843542258545,20000,20000,20,,
hopper-medium-replay-v2,2,rnn,19,99,2,0.2777011333232546,1.0231868965322812,0.007235023929591944,20000,20000,20,,
hopper-medium-replay-v2,2,rnn,19,100,3,0.2804336384328967,1.0287866655428712,0.007274620275996609,20000,20000,20,,
