task,seed,model,repeat,rollout_length,backtrack_k,error_mean,error_std,error_sem,n_windows,n_samples,rollout_repeats,repeat_mean_std,repeat_mean_sem
walker2d-medium-replay-v2,0,adm,0,1,5,0.4202743001227887,1.023202170879814,0.00723513193553913,20000,20000,20,,
walker2d-medium-replay-v2,0,adm,0,2,2,0.2434874978349801,0.6833493487049447,0.0048320095838867705,20000,20000,20,,
walker2d-medium-replay-v2,0,adm,0,3,2,0.6030053653462112,1.511501622251216,0.010687930468683023,20000,20000,20,,
walker2d-medium-replay-v2,0,adm,0,4,5,0.4120271993640902,1.0230268769258788,0.0072338924201038445,20000,20000,20,,
walker2d-medium-replay-v2,0,adm,0,5,3,0.44998873536237133,1.1290036805699182,0.0079832615851556,20000,20000,20,,
walker2d-medium-replay-v2,0,adm,0,6,4,0.4993854095693829,1.2534611194309782,0.008863308575033256,20000,20000,20,,
walker2d-medium-replay-v2,0,adm,0,7,1,0.6853348144519696,1.6227708533683354,0.011474722747286305,20000,20000,20,,
walker2d-medium-replay-v2,0,adm,0,8,2,0.6969314231721543,1.6714758581281874,0.01181911913872045,20000,20000,20,,
walker2d-medium-replay-v2,0,adm,0,9,2,0.8116115273379175,1.9535779862498386,0.013813882416540206,20000,20000,20,,
walker2d-medium-replay-v2,0,adm,0,10,1,0.9563643141124684,2.1372007981537067,0.015112291771317878,20000,20000,20,,
walker2d-medium-replay-v2,0,adm,0,11,2,0.9897033653879693,2.3449346885532947,0.016581192197155994,20000,20000,20,,
walker2d-medium-replay-v2,0,adm,0,12,3,0.9928065516205312,2.3447507363720015,0.01657989145880793,20000,20000,20,,
walker2d-medium-replay-v2,0,adm,0,13,5,0.9729094649071749,2.2959430292129626,0.016234768851744692,20000,20000,20,,
walker2d-medium-replay-v2,0,adm,0,14,2,1.15815760330171,2.657912482275089,0.018794279400170845,20000,20000,20,,
walker2d-medium-replay-v2,0,adm,0,15,1,1.2816823093860372,2.797353424665437,0.019780275759563423,20000,20000,20,,
walker2d-medium-replay-v2,0,adm,0,16,4,1.1936660767284275,2.694606487216422,0.01905374519739994,20000,20000,20,,
walker2d-medium-replay-v2,0,adm,0,17,3,1.3141985530004308,2.8627547818198273,0.020242733190990153,20000,20000,20,,
walker2d-medium-replay-v2,0,adm,0,18,5,1.2402557689441776,2.715928641153096,0.019204515593781193,20000,20000,20,,
walker2d-medium-replay-v2,0,adm,0,19,5,1.410453565595781,3.0069442070050214,0.02126230639422856,20000,20000,20,,
walker2d-medium-replay-v2,0,adm,0,20,2,1.447577774063811,3.0645849202991813,0.021669887786655864,20000,20000,20,,
walker2d-medium-replay-v2,0,adm,0,21,3,1.4338806366293806,2.922555712067687,0.020665589623985407,20000,20000,20,,
walker2d-medium-replay-v2,0,adm,0,22,2,1.562872556688613,3.1629009176523857,0.02236508687093156,20000,20000,20,,
walker2d-medium-replay-v2,0,adm,0,23,1,1.7096931739654684,3.3233912642783534,0.02349992499507357,20000,20000,20,,
walker2d-medium-replay-v2,0,adm,0,24,1,1.8563494028746772,3.5882152095525757,0.025372513070313348,20000,20000,20,,
walker2d-medium-replay-v2,0,adm,0,25,5,1.6694298566809012,3.2422067059197146,0.022925863477643287,20000,20000,20,,
walker2d-medium-replay-v2,0,adm,0,26,2,1.9365019362276623,3.7254044170590155,0.026342587259647467,20000,20000,20,,
walker2d-medium-replay-v2,0,adm,0,27,3,1.9571745461969368,3.6849162192029583,0.02605629246702706,20000,20000,20,,
walker2d-medium-replay-v2,0,adm,0,28,5,1.9354020031662995,3.613529674920856,0.025551513371553577,20000,20000,20,,
walker2d-medium-replay-v2,0,adm,0,29,1,2.087854072161966,3.806150219437076,0.026913546303786225,20000,20000,20,,
walker2d-medium-replay-v2,0,adm,0,30,5,1.948129715356147,3.593142977409286,0.025407357650989275,20000,20000,20,,
walker2d-medium-replay-v2,0,adm,0,31,5,2.165146183154032,3.8936780011635337,0.027532461183796163,20000,20000,20,,
walker2d-medium-replay-v2,0,adm,0,32,5,2.1937758239487577,3.9185966012356452,0.027708662294682822,20000,20000,20,,
walker2d-medium-replay-v2,0,adm,0,33,3,2.2255422804712683,4.020659218484886,0.028430353982308677,20000,20000,20,,
walker2d-medium-replay-v2,0,adm,0,34,4,2.28980523743132,4.077986760493594,0.028835720919339818,20000,20000,20,,
walker2d-medium-replay-v2,0,adm,0,35,1,2.4798729074785077,4.367757189114276,0.030884707269989983,20000,20000,20,,
walker2d-medium-replay-v2,0,adm,0,36,2,2.528871997733609,4.48943742442158,0.03174511646521168,20000,20000,20,,
walker2d-medium-replay-v2,0,adm,0,37,2,2.637606362760862,4.568610866139847,0.032304957240500316,20000,20000,20,,
walker2d-medium-replay-v2,0,adm,0,38,2,2.6893775439511067,4.646729342059547,0.0328573382810881,20000,20000,20,,
walker2d-medium-replay-v2,0,adm,0,39,3,2.699975665446179,4.6196606851955275,0.0326659339728265,20000,20000,20,,
walker2d-medium-replay-v2,0,adm,0,40,2,2.8934538124294966,4.857828005741691,0.034350031246978725,20000,20000,20,,
walker2d-medium-replay-v2,0,adm,0,41,4,2.8750078312609397,4.739247906657178,0.03351154332521441,20000,20000,20,,
walker2d-medium-replay-v2,0,adm,0,42,3,2.9778230184640866,4.88175019055717,0.03451918663801696,20000,20000,20,,
walker2d-medium-replay-v2,0,adm,0,43,5,2.9924665790037945,4.859400220205895,0.034361148482069906,20000,20000,20,,
walker2d-medium-replay-v2,0,adm,0,44,4,3.162229630620608,5.0854388459226465,0.03595948293261393,20000,20000,20,,
walker2d-medium-replay-v2,0,adm,0,45,2,3.280367540784103,5.29355133008933,0.037431060420652335,20000,20000,20,,
walker2d-medium-replay-v2,0,adm,0,46,1,3.407610174278688,5.38800947156974,0.0380989803444431,20000,20000,20,,
walker2d-medium-replay-v2,0,adm,0,47,4,3.2964808492325965,5.206960535866165,0.03681877104281705,20000,20000,20,,
walker2d-medium-replay-v2,0,adm,0,48,4,3.4089842774859958,5.395059783544089,0.038148833578508526,20000,20000,20,,
walker2d-medium-replay-v2,0,adm,0,49,2,3.5599066320384636,5.619740306300927,0.03973756479092751,20000,20000,20,,
walker2d-medium-replay-v2,0,adm,0,50,2,3.6650561104480257,5.713960829554637,0.04040380450012394,20000,20000,20,,
walker2d-medium-replay-v2,0,adm,0,51,1,3.776309616920105,5.743739292688729,0.04061437003227824,20000,20000,20,,
walker2d-medium-replay-v2,0,adm,0,52,2,3.8436391207889073,5.8456238728981935,0.041334802807922816,20000,20000,20,,
walker2d-medium-replay-v2,0,adm,0,53,3,3.874362731052441,5.8790427318975995,0.041571109826102785,20000,20000,20,,
walker2d-medium-replay-v2,0,adm,0,54,2,4.08760902602659,6.167397466867084,0.043610085710944504,20000,20000,20,,
walker2d-medium-replay-v2,0,adm,0,55,1,4.232410241385259,6.272488480054814,0.04435319139161259,20000,20000,20,,
walker2d-medium-replay-v2,0,adm,0,56,1,4.383966276512094,6.406983402263591,0.04530421410690243,20000,20000,20,,
walker2d-medium-replay-v2,0,adm,0,57,5,4.0908230417320635,5.90408216937962,0.04174816538650912,20000,20000,20,,
walker2d-medium-replay-v2,0,adm,0,58,1,4.310025132716519,6.138421612104905,0.04340519547701437,20000,20000,20,,
walker2d-medium-replay-v2,0,adm,0,59,3,4.463957544850219,6.407868884332146,0.04531047541065537,20000,20000,20,,
walker2d-medium-replay-v2,0,adm,0,60,2,4.495475954035918,6.389408346864626,0.04517993969837906,20000,20000,20,,
walker2d-medium-replay-v2,0,adm,0,61,4,4.400683154790092,6.232945378107226,0.04407357943624969,20000,20000,20,,
walker2d-medium-replay-v2,0,adm,0,62,1,4.631793961792094,6.4445305260401655,0.04556971236526709,20000,20000,20,,
walker2d-medium-replay-v2,0,adm,0,63,3,4.728455989335582,6.60228491734249,0.04668520436378539,20000,20000,20,,
walker2d-medium-replay-v2,0,adm,0,64,1,4.962226888599872,6.825089165832757,0.04826066831363179,20000,20000,20,,
walker2d-medium-replay-v2,0,adm,0,65,1,5.131371686490831,7.0080405257241924,0.04955432978569714,20000,20000,20,,
walker2d-medium-replay-v2,0,adm,0,66,2,5.121004350542395,6.988484044873027,0.049416044583437096,20000,20000,20,,
walker2d-medium-replay-v2,0,adm,0,67,2,5.249207194229678,7.077357807646045,0.05004447698670075,20000,20000,20,,
walker2d-medium-replay-v2,0,adm,0,68,5,4.954285554057466,6.592327655116501,0.04661479588736489,20000,20000,20,,
walker2d-medium-replay-v2,0,adm,0,69,1,5.25758036308551,6.975073573781228,0.049321218232957924,20000,20000,20,,
walker2d-medium-replay-v2,0,adm,0,70,5,5.2622092032733,6.848666602997245,0.04842738597065188,20000,20000,20,,
walker2d-medium-replay-v2,0,adm,0,71,2,5.442149789889355,7.127237048132361,0.05039717647858384,20000,20000,20,,
walker2d-medium-replay-v2,0,adm,0,72,3,5.394039264567811,6.95874154309779,0.049205733336489865,20000,20000,20,,
walker2d-medium-replay-v2,0,adm,0,73,4,5.456180107618625,7.056606104917975,0.0498977402894989,20000,20000,20,,
walker2d-medium-replay-v2,0,adm,0,74,5,5.494734276235443,7.042318949742918,0.04979671484641743,20000,20000,20,,
walker2d-medium-replay-v2,0,adm,0,75,4,5.721786952349612,7.329430366156882,0.05182689914144131,20000,20000,20,,
walker2d-medium-replay-v2,0,adm,0,76,3,5.806723053971292,7.3010165961259785,0.051625983446762044,20000,20000,20,,
walker2d-medium-replay-v2,0,adm,0,77,4,5.792208614378115,7.255227541907654,0.051302205939343086,20000,20000,20,,
walker2d-medium-replay-v2,0,adm,0,78,5,5.78263653764295,7.271554508372022,0.05141765502637468,20000,20000,20,,
walker2d-medium-replay-v2,0,adm,0,79,1,6.096834370863782,7.651828051090082,0.054106595033992406,20000,20000,20,,
walker2d-medium-replay-v2,0,adm,0,80,5,5.995944187827458,7.474072631304297,0.05284967440676051,20000,20000,20,,
walker2d-medium-replay-v2,0,adm,0,81,5,6.1172847526351894,7.449392609761236,0.05267516030083122,20000,20000,20,,
walker2d-medium-replay-v2,0,adm,0,82,4,6.204633367205509,7.466215826461361,0.05279411840693151,20000,20000,20,,
walker2d-medium-replay-v2,0,adm,0,83,5,6.2080793247289545,7.4509352350536595,0.05268606830888225,20000,20000,20,,
walker2d-medium-replay-v2,0,adm,0,84,3,6.40640188834772,7.6268527279796,0.05392999283065494,20000,20000,20,,
walker2d-medium-replay-v2,0,adm,0,85,3,6.51827991055021,7.677363732401611,0.05428715956816842,20000,20000,20,,
walker2d-medium-replay-v2,0,adm,0,86,3,6.646175665768741,7.820409586490556,0.05529864650263756,20000,20000,20,,
walker2d-medium-replay-v2,0,adm,0,87,3,6.771169675510904,7.967167495538689,0.056336381629444494,20000,20000,20,,
walker2d-medium-replay-v2,0,adm,0,88,3,6.911481325814816,8.072586142024257,0.057081804027379016,20000,20000,20,,
walker2d-medium-replay-v2,0,adm,0,89,1,7.19499876023427,8.389924353017632,0.05932572403660925,20000,20000,20,,
walker2d-medium-replay-v2,0,adm,0,90,3,7.1153556463928895,8.229401061825094,0.05819065295920298,20000,20000,20,,
walker2d-medium-replay-v2,0,adm,0,91,3,7.2769365616655195,8.36706554853512,0.05916408788001523,20000,20000,20,,
walker2d-medium-replay-v2,0,adm,0,92,4,7.234027149575776,8.31385206714732,0.058787811744616655,20000,20000,20,,
walker2d-medium-replay-v2,0,adm,0,93,4,7.4458615973476565,8.481573632678616,0.05997378230800069,20000,20000,20,,
walker2d-medium-replay-v2,0,adm,0,94,5,7.456031069925289,8.395373470544238,0.0593642551161547,20000,20000,20,,
walker2d-medium-replay-v2,0,adm,0,95,5,7.43149020752894,8.350035247028044,0.05904366546320219,20000,20000,20,,
walker2d-medium-replay-v2,0,adm,0,96,2,7.899137466236813,8.776041770014238,0.06205598647553459,20000,20000,20,,
walker2d-medium-replay-v2,0,adm,0,97,1,8.185489791275266,9.048353579705642,0.06398152174783431,20000,20000,20,,
walker2d-medium-replay-v2,0,adm,0,98,5,7.793380771061349,8.526614443441973,0.06029226893520979,20000,20000,20,,
walker2d-medium-replay-v2,0,adm,0,99,5,7.871313755806319,8.596816968046962,0.06078867574725582,20000,20000,20,,
walker2d-medium-replay-v2,0,adm,0,100,3,8.433165588017813,9.243008901641879,0.06535794272918595,20000,20000,20,,
walker2d-medium-replay-v2,0,adm,1,1,5,0.41603523400311376,1.0076748674727452,0.0071253373202123365,20000,20000,20,,
walker2d-medium-replay-v2,0,adm,1,2,4,0.3292907098506394,0.8659914519598141,0.006123484281303688,20000,20000,20,,
walker2d-medium-replay-v2,0,adm,1,3,2,0.602078488296605,1.5136324831347039,0.010702997930487816,20000,20000,20,,
walker2d-medium-replay-v2,0,adm,1,4,2,0.5306877674982909,1.359798565212459,0.009615227865094673,20000,20000,20,,
walker2d-medium-replay-v2,0,adm,1,5,5,0.41435849709315953,1.0162529255045638,0.007185993350249444,20000,20000,20,,
walker2d-medium-replay-v2,0,adm,1,6,1,0.5842515690890725,1.4246570558461664,0.010073846650540862,20000,20000,20,,
walker2d-medium-replay-v2,0,adm,1,7,3,0.7296586584473471,1.773783010034221,0.012542539947486834,20000,20000,20,,
walker2d-medium-replay-v2,0,adm,1,8,2,0.6932938735899379,1.6580522787812335,0.01172420009888018,20000,20000,20,,
walker2d-medium-replay-v2,0,adm,1,9,3,0.7063356462031285,1.6853107698251502,0.011916946737500843,20000,20000,20,,
walker2d-medium-replay-v2,0,adm,1,10,2,0.8618795867189348,2.066992984654176,0.014615847561139891,20000,20000,20,,
walker2d-medium-replay-v2,0,adm,1,11,4,0.961292206714344,2.2436794594322507,0.015865209605735116,20000,20000,20,,
walker2d-medium-replay-v2,0,adm,1,12,4,0.9317089342341708,2.2340911585633645,0.015797410080090654,20000,20000,20,,
walker2d-medium-replay-v2,0,adm,1,13,2,1.130618463018175,2.609020569075562,0.01844856136648515,20000,20000,20,,
walker2d-medium-replay-v2,0,adm,1,14,2,1.1059843231872806,2.675326943238634,0.018917418234551158,20000,20000,20,,
walker2d-medium-replay-v2,0,adm,1,15,3,1.111573905781407,2.6382237285136045,0.01865505888719227,20000,20000,20,,
walker2d-medium-replay-v2,0,adm,1,16,1,1.271492577901893,2.854006807303488,0.020180875669968647,20000,20000,20,,
walker2d-medium-replay-v2,0,adm,1,17,2,1.2940917249998907,2.887305305713612,0.02041633161025993,20000,20000,20,,
walker2d-medium-replay-v2,0,adm,1,18,4,1.2855315268917555,2.8167722919373697,0.019917587886872874,20000,20000,20,,
walker2d-medium-replay-v2,0,adm,1,19,3,1.391046005968547,2.9709815401133954,0.021008011937942345,20000,20000,20,,
walker2d-medium-replay-v2,0,adm,1,20,1,1.5460466144447842,3.163353530513536,0.022368287327165275,20000,20000,20,,
walker2d-medium-replay-v2,0,adm,1,21,5,1.4630544556832135,2.9889205502720424,0.021134859895251882,20000,20000,20,,
walker2d-medium-replay-v2,0,adm,1,22,1,1.61595506924827,3.162784498389562,0.022364263662429523,20000,20000,20,,
walker2d-medium-replay-v2,0,adm,1,23,1,1.7447894047756436,3.3773950699136392,0.02388178956681948,20000,20000,20,,
walker2d-medium-replay-v2,0,adm,1,24,4,1.7251102245029655,3.4310404307390154,0.024261119551007706,20000,20000,20,,
walker2d-medium-replay-v2,0,adm,1,25,2,1.8637263724756128,3.520782306640224,0.02489569044106917,20000,20000,20,,
walker2d-medium-replay-v2,0,adm,1,26,2,1.89409517191405,3.64233805525286,0.02575521938243119,20000,20000,20,,
walker2d-medium-replay-v2,0,adm,1,27,4,1.9140527101799243,3.556770192188049,0.025150163220183493,20000,20000,20,,
walker2d-medium-replay-v2,0,adm,1,28,4,1.9221904102834764,3.6102143699129488,0.02552807062502565,20000,20000,20,,
walker2d-medium-replay-v2,0,adm,1,29,5,1.9751948345445112,3.715854304323309,0.02627505776488233,20000,20000,20,,
walker2d-medium-replay-v2,0,adm,1,30,5,2.11369055116089,3.8793503906978524,0.02743114967861134,20000,20000,20,,
walker2d-medium-replay-v2,0,adm,1,31,2,2.1857561028367933,3.9899092450327585,0.028212918834815616,20000,20000,20,,
walker2d-medium-replay-v2,0,adm,1,32,3,2.181161321976093,3.927440251912517,0.02777119634832343,20000,20000,20,,
walker2d-medium-replay-v2,0,adm,1,33,4,2.241797881750952,4.06080174382797,0.028714204501149154,20000,20000,20,,
walker2d-medium-replay-v2,0,adm,1,34,1,2.4345865137272034,4.26897096205671,0.030186183159587595,20000,20000,20,,
walker2d-medium-replay-v2,0,adm,1,35,5,2.44090370103945,4.3485009147350455,0.030748544848050556,20000,20000,20,,
walker2d-medium-replay-v2,0,adm,1,36,2,2.623687958092391,4.557994633837119,0.03222988914198121,20000,20000,20,,
walker2d-medium-replay-v2,0,adm,1,37,1,2.7764221846947823,4.699397995226502,0.03322976189919127,20000,20000,20,,
walker2d-medium-replay-v2,0,adm,1,38,4,2.718574845059418,4.5744078803875645,0.032345948321352284,20000,20000,20,,
walker2d-medium-replay-v2,0,adm,1,39,5,2.7512219872816934,4.585625829972201,0.03242527120357533,20000,20000,20,,
walker2d-medium-replay-v2,0,adm,1,40,3,2.98753784010829,4.915583781094482,0.03475842625102518,20000,20000,20,,
walker2d-medium-replay-v2,0,adm,1,41,3,2.974482146407706,4.878738959060193,0.034497894015904605,20000,20000,20,,
walker2d-medium-replay-v2,0,adm,1,42,2,3.2035087453387363,5.223740553543767,0.03693742368569967,20000,20000,20,,
walker2d-medium-replay-v2,0,adm,1,43,3,3.230959904339252,5.186162804954256,0.036671708877206,20000,20000,20,,
walker2d-medium-replay-v2,0,adm,1,44,1,3.4120748829820906,5.326539292266669,0.03766432053818355,20000,20000,20,,
walker2d-medium-replay-v2,0,adm,1,45,4,3.2596206549399365,5.165700910017422,0.03652702143054838,20000,20000,20,,
walker2d-medium-replay-v2,0,adm,1,46,2,3.584634344221183,5.569732992766135,0.03938395968583378,20000,20000,20,,
walker2d-medium-replay-v2,0,adm,1,47,4,3.47542619891496,5.4073100419428535,0.038235455986359065,20000,20000,20,,
walker2d-medium-replay-v2,0,adm,1,48,5,3.5264543172382474,5.411808714404221,0.03826726640439676,20000,20000,20,,
walker2d-medium-replay-v2,0,adm,1,49,4,3.5527156480689417,5.4177217800688355,0.038309078092687264,20000,20000,20,,
walker2d-medium-replay-v2,0,adm,1,50,5,3.597006414841077,5.497287194047382,0.03887169053040872,20000,20000,20,,
walker2d-medium-replay-v2,0,adm,1,51,2,3.8012942718895095,5.735327135465481,0.04055488709810858,20000,20000,20,,
walker2d-medium-replay-v2,0,adm,1,52,1,3.9391674991635774,5.8237581436388774,0.0411801887535743,20000,20000,20,,
walker2d-medium-replay-v2,0,adm,1,53,3,3.844643627737477,5.744540260615666,0.04062003373080474,20000,20000,20,,
walker2d-medium-replay-v2,0,adm,1,54,3,3.982369111125286,5.845688976714865,0.04133526316142531,20000,20000,20,,
walker2d-medium-replay-v2,0,adm,1,55,5,3.8773438614932463,5.631978736175251,0.039824103558479616,20000,20000,20,,
walker2d-medium-replay-v2,0,adm,1,56,1,4.139212301738875,5.933708707468016,0.04195765664636298,20000,20000,20,,
walker2d-medium-replay-v2,0,adm,1,57,3,4.273667706521667,6.17556013854923,0.04366780451593495,20000,20000,20,,
walker2d-medium-replay-v2,0,adm,1,58,2,4.38191810003023,6.309562774904543,0.04461534624457212,20000,20000,20,,
walker2d-medium-replay-v2,0,adm,1,59,2,4.525409051235347,6.494929396114509,0.04592608619320417,20000,20000,20,,
walker2d-medium-replay-v2,0,adm,1,60,5,4.271193759583564,5.949800349098131,0.04207144173553376,20000,20000,20,,
walker2d-medium-replay-v2,0,adm,1,61,4,4.5053213784462915,6.3845924653768416,0.04514588627380502,20000,20000,20,,
walker2d-medium-replay-v2,0,adm,1,62,2,4.604578344293434,6.455642204084629,0.04564828379422311,20000,20000,20,,
walker2d-medium-replay-v2,0,adm,1,63,5,4.577378001555385,6.304984034925633,0.04458296966368835,20000,20000,20,,
walker2d-medium-replay-v2,0,adm,1,64,1,4.856149558258086,6.57311885255764,0.04647896914188645,20000,20000,20,,
walker2d-medium-replay-v2,0,adm,1,65,4,4.811037033327709,6.60524177824571,0.04670611252774231,20000,20000,20,,
walker2d-medium-replay-v2,0,adm,1,66,3,4.9031353162937865,6.606917858640378,0.04671796420587115,20000,20000,20,,
walker2d-medium-replay-v2,0,adm,1,67,5,4.907304821477346,6.58321859589454,0.04655038511190411,20000,20000,20,,
walker2d-medium-replay-v2,0,adm,1,68,2,5.174840869538352,6.903060679725894,0.048812010175763976,20000,20000,20,,
walker2d-medium-replay-v2,0,adm,1,69,5,5.090948512458041,6.677859210557605,0.047219595315943275,20000,20000,20,,
walker2d-medium-replay-v2,0,adm,1,70,1,5.373950685705361,6.961027563749423,0.04922189794353689,20000,20000,20,,
walker2d-medium-replay-v2,0,adm,1,71,5,5.2076071983670165,6.740811343821651,0.047664734119154936,20000,20000,20,,
walker2d-medium-replay-v2,0,adm,1,72,1,5.488950825663942,7.083535133477923,0.050088157276553955,20000,20000,20,,
walker2d-medium-replay-v2,0,adm,1,73,3,5.547280772439684,7.04418876145139,0.04980993641180345,20000,20000,20,,
walker2d-medium-replay-v2,0,adm,1,74,2,5.697256761404906,7.2799863855076445,0.051477277401381985,20000,20000,20,,
walker2d-medium-replay-v2,0,adm,1,75,2,5.855310741763554,7.462521564087117,0.05276799602716841,20000,20000,20,,
walker2d-medium-replay-v2,0,adm,1,76,4,5.7042756194780555,7.095300336967396,0.05017134982824841,20000,20000,20,,
walker2d-medium-replay-v2,0,adm,1,77,2,6.107111883593769,7.712226690810477,0.05453367791119975,20000,20000,20,,
walker2d-medium-replay-v2,0,adm,1,78,3,6.107592321338572,7.4949179364263045,0.05299707297283725,20000,20000,20,,
walker2d-medium-replay-v2,0,adm,1,79,3,6.118383398962455,7.5667634346323025,0.05350509736262912,20000,20000,20,,
walker2d-medium-replay-v2,0,adm,1,80,5,6.08005550148001,7.412940875599461,0.05241740761671322,20000,20000,20,,
walker2d-medium-replay-v2,0,adm,1,81,4,6.243861943170693,7.571329132233833,0.05353738171997802,20000,20000,20,,
walker2d-medium-replay-v2,0,adm,1,82,3,6.306704499096323,7.604175717296514,0.053769642150344445,20000,20000,20,,
walker2d-medium-replay-v2,0,adm,1,83,3,6.41506041620176,7.648238384597123,0.054081212258798715,20000,20000,20,,
walker2d-medium-replay-v2,0,adm,1,84,4,6.406860326247387,7.596973196220588,0.05371871263540018,20000,20000,20,,
walker2d-medium-replay-v2,0,adm,1,85,1,6.703369037957923,7.912303203201812,0.05594843249788043,20000,20000,20,,
walker2d-medium-replay-v2,0,adm,1,86,1,7.059348716949388,8.3097464847309,0.058758780892942945,20000,20000,20,,
walker2d-medium-replay-v2,0,adm,1,87,3,6.839361624566924,8.00953112609366,0.056635937733855515,20000,20000,20,,
walker2d-medium-replay-v2,0,adm,1,88,4,6.815560403439502,7.9364931288160605,0.05611948110226276,20000,20000,20,,
walker2d-medium-replay-v2,0,adm,1,89,1,7.123886963835063,8.211279795341147,0.05806251625505811,20000,20000,20,,
walker2d-medium-replay-v2,0,adm,1,90,2,7.258174557795382,8.385804268009432,0.059296590636125614,20000,20000,20,,
walker2d-medium-replay-v2,0,adm,1,91,1,7.5212241496993375,8.555030699517625,0.060493202208880055,20000,20000,20,,
walker2d-medium-replay-v2,0,adm,1,92,3,7.415032767845677,8.411109323822934,0.059475524401765935,20000,20000,20,,
walker2d-medium-replay-v2,0,adm,1,93,5,7.254452880214041,8.188059976921245,0.05789832734443178,20000,20000,20,,
walker2d-medium-replay-v2,0,adm,1,94,3,7.70889002531596,8.616292363123952,0.060926387586508084,20000,20000,20,,
walker2d-medium-replay-v2,0,adm,1,95,5,7.532908189387842,8.41264502360883,0.05948638343909066,20000,20000,20,,
walker2d-medium-replay-v2,0,adm,1,96,2,8.131291244922805,9.037716829639376,0.06390630856681788,20000,20000,20,,
walker2d-medium-replay-v2,0,adm,1,97,4,7.713978155379744,8.529453192148502,0.060312341919814494,20000,20000,20,,
walker2d-medium-replay-v2,0,adm,1,98,4,8.099488291261784,8.999999967834869,0.06363961007934746,20000,20000,20,,
walker2d-medium-replay-v2,0,adm,1,99,5,8.056978654848072,8.855794830200873,0.06261992577231808,20000,20000,20,,
walker2d-medium-replay-v2,0,adm,1,100,5,8.015638930864528,8.779965207377202,0.06208372936718372,20000,20000,20,,
walker2d-medium-replay-v2,0,adm,2,1,4,0.3344664181096442,0.8895653755978613,0.006290177093940059,20000,20000,20,,
walker2d-medium-replay-v2,0,adm,2,2,4,0.3350551330550333,0.8687290040952769,0.006142841698092063,20000,20000,20,,
walker2d-medium-replay-v2,0,adm,2,3,5,0.4148315110964784,1.0318933275511226,0.007296587693725501,20000,20000,20,,
walker2d-medium-replay-v2,0,adm,2,4,2,0.5304861082312171,1.3509406909579469,0.009552593235572043,20000,20000,20,,
walker2d-medium-replay-v2,0,adm,2,5,5,0.4028430038814907,0.9803981368857472,0.006932461708545688,20000,20000,20,,
walker2d-medium-replay-v2,0,adm,2,6,3,0.6078338918494334,1.521040000551907,0.010755376988462434,20000,20000,20,,
walker2d-medium-replay-v2,0,adm,2,7,5,0.6648533487335416,1.585740547153472,0.011212878940946863,20000,20000,20,,
walker2d-medium-replay-v2,0,adm,2,8,2,0.8131015064675247,2.006550750396123,0.01418845642400054,20000,20000,20,,
walker2d-medium-replay-v2,0,adm,2,9,4,0.6418001793961652,1.5572237847856796,0.011011234980469348,20000,20000,20,,
walker2d-medium-replay-v2,0,adm,2,10,2,0.9781015109066339,2.3216092485169013,0.016416256428917055,20000,20000,20,,
walker2d-medium-replay-v2,0,adm,2,11,3,0.9916769252664067,2.380634097908884,0.01683362514155291,20000,20000,20,,
walker2d-medium-replay-v2,0,adm,2,12,5,0.9445786031423088,2.1944950653662327,0.01551742342000879,20000,20000,20,,
walker2d-medium-replay-v2,0,adm,2,13,3,1.1461900974137544,2.6475093763658193,0.01872071833283238,20000,20000,20,,
walker2d-medium-replay-v2,0,adm,2,14,3,1.174766236166919,2.6962733932822123,0.01906553200322715,20000,20000,20,,
walker2d-medium-replay-v2,0,adm,2,15,2,1.3307974617846037,3.028027552686543,0.021411388161243602,20000,20000,20,,
walker2d-medium-replay-v2,0,adm,2,16,5,1.2356435880098693,2.7306007593431634,0.019308263136446867,20000,20000,20,,
walker2d-medium-replay-v2,0,adm,2,17,3,1.3406664845522305,2.948323204291997,0.020847793308845217,20000,20000,20,,
walker2d-medium-replay-v2,0,adm,2,18,1,1.5126298319135678,3.1570117177471793,0.022323443939044212,20000,20000,20,,
walker2d-medium-replay-v2,0,adm,2,19,3,1.4267398285719242,2.972428427713643,0.021018242978279846,20000,20000,20,,
walker2d-medium-replay-v2,0,adm,2,20,2,1.6194360414776834,3.2706834386758143,0.02312722438602204,20000,20000,20,,
walker2d-medium-replay-v2,0,adm,2,21,4,1.5600074612730688,3.144833584020831,0.022237331529643238,20000,20000,20,,
walker2d-medium-replay-v2,0,adm,2,22,3,1.6215998249017494,3.2172987105309603,0.02274973735319177,20000,20000,20,,
walker2d-medium-replay-v2,0,adm,2,23,1,1.7708344637824451,3.400811342970681,0.02404736762150698,20000,20000,20,,
walker2d-medium-replay-v2,0,adm,2,24,5,1.696100964065084,3.307047553047991,0.02338435750466613,20000,20000,20,,
walker2d-medium-replay-v2,0,adm,2,25,4,1.7860351969198844,3.4443592278910646,0.024355297668842327,20000,20000,20,,
walker2d-medium-replay-v2,0,adm,2,26,3,1.9149205937222988,3.5974248937951856,0.02543763537211871,20000,20000,20,,
walker2d-medium-replay-v2,0,adm,2,27,1,2.071556423694248,3.8263421010287435,0.027056324467770062,20000,20000,20,,
walker2d-medium-replay-v2,0,adm,2,28,4,1.9427738706129432,3.5843304166668886,0.0253450434363836,20000,20000,20,,
walker2d-medium-replay-v2,0,adm,2,29,2,2.2217938369797223,4.042773477603693,0.028586725408146923,20000,20000,20,,
walker2d-medium-replay-v2,0,adm,2,30,2,2.1574414588343784,3.9564605437080984,0.02797640079953011,20000,20000,20,,
walker2d-medium-replay-v2,0,adm,2,31,2,2.3846461809371715,4.227330271207126,0.02989173901085726,20000,20000,20,,
walker2d-medium-replay-v2,0,adm,2,32,3,2.414524988818957,4.268596727598118,0.030183536922353354,20000,20000,20,,
walker2d-medium-replay-v2,0,adm,2,33,4,2.4657534510419437,4.298178604120279,0.030392712377243784,20000,20000,20,,
walker2d-medium-replay-v2,0,adm,2,34,5,2.4963830735334027,4.267442650622421,0.030175376365798083,20000,20000,20,,
walker2d-medium-replay-v2,0,adm,2,35,5,2.4430027982971967,4.17116254132018,0.029494573183988116,20000,20000,20,,
walker2d-medium-replay-v2,0,adm,2,36,3,2.6864904626495973,4.522901368064811,0.031981742279965406,20000,20000,20,,
walker2d-medium-replay-v2,0,adm,2,37,5,2.7256217552790263,4.5228286839718415,0.031981228325815174,20000,20000,20,,
walker2d-medium-replay-v2,0,adm,2,38,5,2.7841916786126806,4.6040245669518765,0.032555369920411296,20000,20000,20,,
walker2d-medium-replay-v2,0,adm,2,39,5,2.826703135155515,4.635121088868002,0.03277525553559338,20000,20000,20,,
walker2d-medium-replay-v2,0,adm,2,40,2,3.0024255957386288,4.932487899565825,0.03487795641903585,20000,20000,20,,
walker2d-medium-replay-v2,0,adm,2,41,2,3.083824080086549,5.0447935740943235,0.035672077459284156,20000,20000,20,,
walker2d-medium-replay-v2,0,adm,2,42,2,3.1989002192357425,5.195572288029167,0.0367382439701033,20000,20000,20,,
walker2d-medium-replay-v2,0,adm,2,43,1,3.3591723016207835,5.330211406640284,0.03769028630793231,20000,20000,20,,
walker2d-medium-replay-v2,0,adm,2,44,5,3.156700503380141,4.988614985248932,0.03527483484798349,20000,20000,20,,
walker2d-medium-replay-v2,0,adm,2,45,3,3.440736691418801,5.399357562542269,0.03817922346524506,20000,20000,20,,
walker2d-medium-replay-v2,0,adm,2,46,1,3.599313267018064,5.537738854095402,0.03915772696171079,20000,20000,20,,
walker2d-medium-replay-v2,0,adm,2,47,2,3.619083786703673,5.576876509662176,0.03943447197822089,20000,20000,20,,
walker2d-medium-replay-v2,0,adm,2,48,4,3.4945621254462576,5.362485152110551,0.03791849615069545,20000,20000,20,,
walker2d-medium-replay-v2,0,adm,2,49,5,3.5381715573111467,5.36979517903042,0.03797018584675241,20000,20000,20,,
walker2d-medium-replay-v2,0,adm,2,50,5,3.714664975334044,5.565206660773809,0.03935195368537702,20000,20000,20,,
walker2d-medium-replay-v2,0,adm,2,51,3,3.751771604914825,5.607539994346642,0.03965129555777285,20000,20000,20,,
walker2d-medium-replay-v2,0,adm,2,52,3,3.7962348156008563,5.60410891496464,0.03962703416279482,20000,20000,20,,
walker2d-medium-replay-v2,0,adm,2,53,4,3.8225873482015458,5.638984161493369,0.039873639395954986,20000,20000,20,,
walker2d-medium-replay-v2,0,adm,2,54,5,3.840629900227164,5.669379815247719,0.04008856912483798,20000,20000,20,,
walker2d-medium-replay-v2,0,adm,2,55,4,3.98037224912022,5.836265699806782,0.041268630531398266,20000,20000,20,,
walker2d-medium-replay-v2,0,adm,2,56,1,4.234306395059996,6.161443835355349,0.043567987178798166,20000,20000,20,,
walker2d-medium-replay-v2,0,adm,2,57,4,4.174204561710194,6.003174530341516,0.042448854190508534,20000,20000,20,,
walker2d-medium-replay-v2,0,adm,2,58,1,4.397549603972024,6.219512388226299,0.04397859385388555,20000,20000,20,,
walker2d-medium-replay-v2,0,adm,2,59,2,4.48113510681638,6.363758579909213,0.04499856845687878,20000,20000,20,,
walker2d-medium-replay-v2,0,adm,2,60,5,4.394201437690669,6.17519202435251,0.043665201555487435,20000,20000,20,,
walker2d-medium-replay-v2,0,adm,2,61,1,4.647189533330273,6.437876448755523,0.04552266093356199,20000,20000,20,,
walker2d-medium-replay-v2,0,adm,2,62,2,4.695815327705574,6.50012633507078,0.04596283410097809,20000,20000,20,,
walker2d-medium-replay-v2,0,adm,2,63,2,4.825150190319693,6.624450802986986,0.04684194084428767,20000,20000,20,,
walker2d-medium-replay-v2,0,adm,2,64,5,4.684175022527436,6.3684562483659874,0.0450317859890943,20000,20000,20,,
walker2d-medium-replay-v2,0,adm,2,65,1,4.956424396792775,6.683868155561127,0.047262084973540945,20000,20000,20,,
walker2d-medium-replay-v2,0,adm,2,66,4,4.919993443989857,6.665575838255082,0.04713273875743374,20000,20000,20,,
walker2d-medium-replay-v2,0,adm,2,67,3,5.017875740020044,6.65353918675924,0.04704762677847885,20000,20000,20,,
walker2d-medium-replay-v2,0,adm,2,68,2,5.215101399307682,6.866801416670599,0.04855561846789171,20000,20000,20,,
walker2d-medium-replay-v2,0,adm,2,69,1,5.366359864152004,6.977564845655005,0.0493388341853152,20000,20000,20,,
walker2d-medium-replay-v2,0,adm,2,70,5,5.1557996993865505,6.675887556459254,0.04720565361611229,20000,20000,20,,
walker2d-medium-replay-v2,0,adm,2,71,4,5.270114228506024,6.830729688058034,0.04830055282878106,20000,20000,20,,
walker2d-medium-replay-v2,0,adm,2,72,2,5.533261119945536,7.171351699862659,0.050709114172465604,20000,20000,20,,
walker2d-medium-replay-v2,0,adm,2,73,2,5.624233257353079,7.209160277800229,0.05097646119093236,20000,20000,20,,
walker2d-medium-replay-v2,0,adm,2,74,1,5.856745919817173,7.487568646476292,0.052945105645231645,20000,20000,20,,
walker2d-medium-replay-v2,0,adm,2,75,2,5.9121311645652215,7.572857783196428,0.053548190914595194,20000,20000,20,,
walker2d-medium-replay-v2,0,adm,2,76,2,6.043402311377823,7.698548171157016,0.054436956171164196,20000,20000,20,,
walker2d-medium-replay-v2,0,adm,2,77,5,5.7555873776562025,7.128915630587736,0.0504090458489536,20000,20000,20,,
walker2d-medium-replay-v2,0,adm,2,78,2,6.289550071357188,7.846911817894293,0.05548604557805913,20000,20000,20,,
walker2d-medium-replay-v2,0,adm,2,79,5,5.984502405097633,7.291637818770447,0.05155966547608869,20000,20000,20,,
walker2d-medium-replay-v2,0,adm,2,80,2,6.515503321697417,8.020453858483815,0.05671317311527716,20000,20000,20,,
walker2d-medium-replay-v2,0,adm,2,81,5,6.283928182328457,7.692599127965284,0.05439489008333974,20000,20000,20,,
walker2d-medium-replay-v2,0,adm,2,82,5,6.154637262900512,7.397498590630936,0.05230821417253063,20000,20000,20,,
walker2d-medium-replay-v2,0,adm,2,83,3,6.7779324249933035,8.23139716225992,0.05820476752073694,20000,20000,20,,
walker2d-medium-replay-v2,0,adm,2,84,3,6.696367016107458,7.972932662432591,0.056377147515497994,20000,20000,20,,
walker2d-medium-replay-v2,0,adm,2,85,3,6.607367935391191,7.82460651063965,0.055328323237897055,20000,20000,20,,
walker2d-medium-replay-v2,0,adm,2,86,3,7.030247168871473,8.418963527229556,0.05953106200666233,20000,20000,20,,
walker2d-medium-replay-v2,0,adm,2,87,5,6.675856900408275,7.880550181829374,0.055723904730524305,20000,20000,20,,
walker2d-medium-replay-v2,0,adm,2,88,1,7.034430572225701,8.11573767692198,0.05738693145682689,20000,20000,20,,
walker2d-medium-replay-v2,0,adm,2,89,4,7.050337754262662,8.085752495910668,0.057174904208544854,20000,20000,20,,
walker2d-medium-replay-v2,0,adm,2,90,1,7.374975186202453,8.470627797093888,0.059896383562323546,20000,20000,20,,
walker2d-medium-replay-v2,0,adm,2,91,1,7.7043739215282185,8.890663349459366,0.06286648343649422,20000,20000,20,,
walker2d-medium-replay-v2,0,adm,2,92,4,7.331591893323194,8.331530178600612,0.0589128148694886,20000,20000,20,,
walker2d-medium-replay-v2,0,adm,2,93,1,7.688293485166975,8.760668928212736,0.06194728406869509,20000,20000,20,,
walker2d-medium-replay-v2,0,adm,2,94,4,7.560794228345815,8.515757856732659,0.06021550127438283,20000,20000,20,,
walker2d-medium-replay-v2,0,adm,2,95,2,7.984192102073952,8.96362078441465,0.06338237040644279,20000,20000,20,,
walker2d-medium-replay-v2,0,adm,2,96,2,8.021365834949371,8.868097127404884,0.06270691615008936,20000,20000,20,,
walker2d-medium-replay-v2,0,adm,2,97,5,7.762385878728219,8.549558880047611,0.0604545106023533,20000,20000,20,,
walker2d-medium-replay-v2,0,adm,2,98,2,8.317280151102242,9.21379578708458,0.0651513748151555,20000,20000,20,,
walker2d-medium-replay-v2,0,adm,2,99,5,7.977630745963331,8.737649249293318,0.06178451035804851,20000,20000,20,,
walker2d-medium-replay-v2,0,adm,2,100,1,8.365474843664744,9.012658861781622,0.06372912197686816,20000,20000,20,,
walker2d-medium-replay-v2,0,adm,3,1,3,0.2767880195381731,0.7618410355152299,0.005387029623990004,20000,20000,20,,
walker2d-medium-replay-v2,0,adm,3,2,5,0.4215560042926757,1.0410915489714265,0.007361628941137023,20000,20000,20,,
walker2d-medium-replay-v2,0,adm,3,3,2,0.4771991716821025,1.1887992669581426,0.008406080231356994,20000,20000,20,,
walker2d-medium-replay-v2,0,adm,3,4,3,0.4939421327739987,1.2097027094043744,0.008553889890395726,20000,20000,20,,
walker2d-medium-replay-v2,0,adm,3,5,2,0.6623546389017289,1.6270269327096714,0.011504817772921571,20000,20000,20,,
walker2d-medium-replay-v2,0,adm,3,6,5,0.626186916399662,1.467308404186185,0.01037543722692063,20000,20000,20,,
walker2d-medium-replay-v2,0,adm,3,7,2,0.8573338719390081,2.0735078795315838,0.014661914824605217,20000,20000,20,,
walker2d-medium-replay-v2,0,adm,3,8,1,1.0082246180447814,2.3237398867312833,0.0164313223162135,20000,20000,20,,
walker2d-medium-replay-v2,0,adm,3,9,4,0.9210008466902818,2.2128990577611356,0.015647559298242204,20000,20000,20,,
walker2d-medium-replay-v2,0,adm,3,10,3,1.0415976669491012,2.452465001473593,0.017341546331646536,20000,20000,20,,
walker2d-medium-replay-v2,0,adm,3,11,1,1.2007420868600671,2.7089167782438444,0.019154934235662373,20000,20000,20,,
walker2d-medium-replay-v2,0,adm,3,12,3,1.104765305953491,2.5899711402053476,0.018313861563166556,20000,20000,20,,
walker2d-medium-replay-v2,0,adm,3,13,3,1.2217013719050505,2.802269139352901,0.019815035111462265,20000,20000,20,,
walker2d-medium-replay-v2,0,adm,3,14,5,1.1768157875728746,2.6568802801835902,0.01878698062918631,20000,20000,20,,
walker2d-medium-replay-v2,0,adm,3,15,1,1.3145413210794077,2.8289217224756755,0.020003497334084786,20000,20000,20,,
walker2d-medium-replay-v2,0,adm,3,16,2,1.347344129895074,2.9327449517955353,0.020737638429052373,20000,20000,20,,
walker2d-medium-replay-v2,0,adm,3,17,3,1.3551655898473043,2.8712341505872354,0.02030269138254631,20000,20000,20,,
walker2d-medium-replay-v2,0,adm,3,18,1,1.4954522780964283,2.966444273779671,0.020975928620016085,20000,20000,20,,
walker2d-medium-replay-v2,0,adm,3,19,3,1.4964679612732652,3.0223749660856756,0.021371418338076428,20000,20000,20,,
walker2d-medium-replay-v2,0,adm,3,20,3,1.549667928901759,3.109414768006191,0.021986882679787732,20000,20000,20,,
walker2d-medium-replay-v2,0,adm,3,21,3,1.6527787368624915,3.231528074149619,0.022850354148259,20000,20000,20,,
walker2d-medium-replay-v2,0,adm,3,22,3,1.7239840537189182,3.407685893356026,0.02409597803345784,20000,20000,20,,
walker2d-medium-replay-v2,0,adm,3,23,2,1.8583395206315276,3.5585064726734523,0.025162440577236198,20000,20000,20,,
walker2d-medium-replay-v2,0,adm,3,24,4,1.7729077059188123,3.4226287867804186,0.0242016402461672,20000,20000,20,,
walker2d-medium-replay-v2,0,adm,3,25,4,1.8665265637518453,3.5508194625783243,0.025108085207583054,20000,20000,20,,
walker2d-medium-replay-v2,0,adm,3,26,5,1.8930200825105599,3.543341695414307,0.025055209408884945,20000,20000,20,,
walker2d-medium-replay-v2,0,adm,3,27,4,2.009195646703817,3.7736214108529746,0.02668353289244885,20000,20000,20,,
walker2d-medium-replay-v2,0,adm,3,28,5,2.029884877359072,3.7556753080165923,0.02655663478233408,20000,20000,20,,
walker2d-medium-replay-v2,0,adm,3,29,3,2.0850876488737575,3.768824635441171,0.026649614568233698,20000,20000,20,,
walker2d-medium-replay-v2,0,adm,3,30,1,2.282996647636455,4.049378967473939,0.028633433274950024,20000,20000,20,,
walker2d-medium-replay-v2,0,adm,3,31,3,2.271937432800109,4.022364466949078,0.028442411909835055,20000,20000,20,,
walker2d-medium-replay-v2,0,adm,3,32,1,2.4530004938257415,4.25201106986894,0.030066258611845944,20000,20000,20,,
walker2d-medium-replay-v2,0,adm,3,33,3,2.4947575543968292,4.350064001343633,0.0307595975394557,20000,20000,20,,
walker2d-medium-replay-v2,0,adm,3,34,2,2.6511327637228446,4.527787054743429,0.03201628930177745,20000,20000,20,,
walker2d-medium-replay-v2,0,adm,3,35,3,2.6646186117197392,4.498346900069729,0.0318081159716879,20000,20000,20,,
walker2d-medium-replay-v2,0,adm,3,36,2,2.820585867489057,4.758724626526476,0.033649264532162916,20000,20000,20,,
walker2d-medium-replay-v2,0,adm,3,37,1,2.957721783944,4.907922479204471,0.03470425266583373,20000,20000,20,,
walker2d-medium-replay-v2,0,adm,3,38,5,2.8537055101530107,4.702463101188007,0.033251435471295616,20000,20000,20,,
walker2d-medium-replay-v2,0,adm,3,39,4,2.992959205109984,4.945303182405683,0.03496857415302472,20000,20000,20,,
walker2d-medium-replay-v2,0,adm,3,40,2,3.1103424100664196,5.131008005052262,0.036281705546949136,20000,20000,20,,
walker2d-medium-replay-v2,0,adm,3,41,1,3.2326362802121578,5.200844810282163,0.036775526332493806,20000,20000,20,,
walker2d-medium-replay-v2,0,adm,3,42,2,3.2629515043960904,5.240924661499971,0.037058933678344404,20000,20000,20,,
walker2d-medium-replay-v2,0,adm,3,43,5,3.1756326304150706,5.007347027130798,0.03540729038638486,20000,20000,20,,
walker2d-medium-replay-v2,0,adm,3,44,3,3.3968224228416197,5.28429711438842,0.03736562323388557,20000,20000,20,,
walker2d-medium-replay-v2,0,adm,3,45,1,3.602953352585458,5.585403536123789,0.03949476716056453,20000,20000,20,,
walker2d-medium-replay-v2,0,adm,3,46,4,3.476754643166671,5.336114197895844,0.03773202534517966,20000,20000,20,,
walker2d-medium-replay-v2,0,adm,3,47,1,3.6961857585983213,5.67512839999219,0.04012921775738839,20000,20000,20,,
walker2d-medium-replay-v2,0,adm,3,48,3,3.7260414858815465,5.604740451929941,0.03963149980350216,20000,20000,20,,
walker2d-medium-replay-v2,0,adm,3,49,5,3.6484798825684828,5.487707332394917,0.03880395067903585,20000,20000,20,,
walker2d-medium-replay-v2,0,adm,3,50,1,3.872265785428632,5.720732419467919,0.0404516868715949,20000,20000,20,,
walker2d-medium-replay-v2,0,adm,3,51,1,4.071153590868707,5.9788551593607835,0.042276890269161864,20000,20000,20,,
walker2d-medium-replay-v2,0,adm,3,52,3,3.9581593294383173,5.862024557791708,0.04145077316296589,20000,20000,20,,
walker2d-medium-replay-v2,0,adm,3,53,2,4.187869660721929,6.060374090501375,0.042853316159207774,20000,20000,20,,
walker2d-medium-replay-v2,0,adm,3,54,3,4.188319294011005,6.014339068764069,0.04252779939878258,20000,20000,20,,
walker2d-medium-replay-v2,0,adm,3,55,2,4.443312506189483,6.352384013629384,0.04491813812738355,20000,20000,20,,
walker2d-medium-replay-v2,0,adm,3,56,3,4.466166170793498,6.3637911739361055,0.0449987989314532,20000,20000,20,,
walker2d-medium-replay-v2,0,adm,3,57,2,4.676552358238904,6.65765254399915,0.04707671260645668,20000,20000,20,,
walker2d-medium-replay-v2,0,adm,3,58,1,4.782905542831467,6.732670745714306,0.04760717139790875,20000,20000,20,,
walker2d-medium-replay-v2,0,adm,3,59,4,4.574725333753015,6.415952280731616,0.045367633654746206,20000,20000,20,,
walker2d-medium-replay-v2,0,adm,3,60,5,4.582864634888129,6.3019252409123645,0.044561340723798,20000,20000,20,,
walker2d-medium-replay-v2,0,adm,3,61,3,4.866273037309144,6.692833968359059,0.04732548284382362,20000,20000,20,,
walker2d-medium-replay-v2,0,adm,3,62,3,4.830374383537223,6.606065391240171,0.04671193635107688,20000,20000,20,,
walker2d-medium-replay-v2,0,adm,3,63,1,5.03370271164867,6.783713587089085,0.0479680987905801,20000,20000,20,,
walker2d-medium-replay-v2,0,adm,3,64,1,5.278534617111247,7.091535384525998,0.05014472759422684,20000,20000,20,,
walker2d-medium-replay-v2,0,adm,3,65,5,4.883079568670245,6.488394101218366,0.045879874679823004,20000,20000,20,,
walker2d-medium-replay-v2,0,adm,3,66,2,5.370445472944547,7.169905206932231,0.050698885922865165,20000,20000,20,,
walker2d-medium-replay-v2,0,adm,3,67,1,5.53911127171177,7.240648654316527,0.051199117636564664,20000,20000,20,,
walker2d-medium-replay-v2,0,adm,3,68,2,5.581024702465993,7.284482131534095,0.051509067126399945,20000,20000,20,,
walker2d-medium-replay-v2,0,adm,3,69,4,5.242880809365715,6.778147429530726,0.04792874011303343,20000,20000,20,,
walker2d-medium-replay-v2,0,adm,3,70,4,5.581687980618729,7.169511805584891,0.050696104155260845,20000,20000,20,,
walker2d-medium-replay-v2,0,adm,3,71,4,5.733023802819418,7.271839040319665,0.05141966697107111,20000,20000,20,,
walker2d-medium-replay-v2,0,adm,3,72,4,5.7922872201370765,7.371093428344316,0.052121501479418623,20000,20000,20,,
walker2d-medium-replay-v2,0,adm,3,73,3,5.837672003521428,7.382397025875029,0.052201429984076335,20000,20000,20,,
walker2d-medium-replay-v2,0,adm,3,74,4,5.853985373311054,7.38952976339169,0.05225186605474088,20000,20000,20,,
walker2d-medium-replay-v2,0,adm,3,75,3,6.028925171256518,7.4878483685601855,0.05294708357905534,20000,20000,20,,
walker2d-medium-replay-v2,0,adm,3,76,3,6.089760242094103,7.490426766452307,0.0529653156053965,20000,20000,20,,
walker2d-medium-replay-v2,0,adm,3,77,1,6.316731093222925,7.742233553036134,0.05474585846881868,20000,20000,20,,
walker2d-medium-replay-v2,0,adm,3,78,1,6.596893687426989,8.10336704140829,0.05729945785423373,20000,20000,20,,
walker2d-medium-replay-v2,0,adm,3,79,1,6.837021541413659,8.369287859102583,0.059179801988736784,20000,20000,20,,
walker2d-medium-replay-v2,0,adm,3,80,1,7.060109644191006,8.671453000228865,0.06131643219202263,20000,20000,20,,
walker2d-medium-replay-v2,0,adm,3,81,4,6.538740690875454,7.78630844278234,0.05505751500301459,20000,20000,20,,
walker2d-medium-replay-v2,0,adm,3,82,4,6.70638285866839,7.966213022509981,0.0563296324859339,20000,20000,20,,
walker2d-medium-replay-v2,0,adm,3,83,4,6.857785429465232,8.017994490778847,0.056695782759461015,20000,20000,20,,
walker2d-medium-replay-v2,0,adm,3,84,1,7.145580423033259,8.341213754937964,0.05898128809443139,20000,20000,20,,
walker2d-medium-replay-v2,0,adm,3,85,5,7.090605945044139,8.237018430742827,0.058244515891368275,20000,20000,20,,
walker2d-medium-replay-v2,0,adm,3,86,4,7.063981422585534,8.194667463423079,0.05794504932955223,20000,20000,20,,
walker2d-medium-replay-v2,0,adm,3,87,3,7.329754958583495,8.44483939343801,0.05971403201131307,20000,20000,20,,
walker2d-medium-replay-v2,0,adm,3,88,1,7.5719043474330014,8.617988877363576,0.06093838375374026,20000,20000,20,,
walker2d-medium-replay-v2,0,adm,3,89,3,7.428889470823415,8.442885585451002,0.059700216502545575,20000,20000,20,,
walker2d-medium-replay-v2,0,adm,3,90,3,7.645388101268502,8.745843620814735,0.06184245331475208,20000,20000,20,,
walker2d-medium-replay-v2,0,adm,3,91,2,7.758868704923251,8.803072334899456,0.062247121432830996,20000,20000,20,,
walker2d-medium-replay-v2,0,adm,3,92,5,7.623207108297162,8.556112296086196,0.0605008502515615,20000,20000,20,,
walker2d-medium-replay-v2,0,adm,3,93,3,8.01364002426003,8.957643589679996,0.06334010525714934,20000,20000,20,,
walker2d-medium-replay-v2,0,adm,3,94,1,8.26642413931702,9.17426374706512,0.06487184107943651,20000,20000,20,,
walker2d-medium-replay-v2,0,adm,3,95,2,8.328276654543437,9.266280842524518,0.06552250020128081,20000,20000,20,,
walker2d-medium-replay-v2,0,adm,3,96,5,7.992742525901457,8.74648545733394,0.061846991784303494,20000,20000,20,,
walker2d-medium-replay-v2,0,adm,3,97,4,8.31824162433785,9.132740934853006,0.0645782304585453,20000,20000,20,,
walker2d-medium-replay-v2,0,adm,3,98,2,8.455078624266095,9.095496386872869,0.06431487173415547,20000,20000,20,,
walker2d-medium-replay-v2,0,adm,3,99,1,8.800024387710772,9.526795302012424,0.06736461561029128,20000,20000,20,,
walker2d-medium-replay-v2,0,adm,3,100,3,8.767307837053236,9.491462540607777,0.06711477525841857,20000,20000,20,,
walker2d-medium-replay-v2,0,adm,4,1,4,0.33281486549500877,0.8926364800691381,0.00631189308191378,20000,20000,20,,
walker2d-medium-replay-v2,0,adm,4,2,4,0.3339654520409569,0.8752690036549511,0.00618908647846809,20000,20000,20,,
walker2d-medium-replay-v2,0,adm,4,3,2,0.5217610326386605,1.301732606095619,0.00920463953061849,20000,20000,20,,
walker2d-medium-replay-v2,0,adm,4,4,1,0.6887790708768005,1.5850521624447909,0.011208011325991127,20000,20000,20,,
walker2d-medium-replay-v2,0,adm,4,5,1,0.8438107730773426,1.9438862517408975,0.013745351504612887,20000,20000,20,,
walker2d-medium-replay-v2,0,adm,4,6,2,0.8329185509530349,1.9127085948118414,0.013524892178252455,20000,20000,20,,
walker2d-medium-replay-v2,0,adm,4,7,3,0.8502691569969265,2.050225849061489,0.014497286008353257,20000,20000,20,,
walker2d-medium-replay-v2,0,adm,4,8,3,0.9722572424403226,2.258422650274323,0.015969459707942685,20000,20000,20,,
walker2d-medium-replay-v2,0,adm,4,9,2,1.0490701932783046,2.451696707894901,0.017336113675652187,20000,20000,20,,
walker2d-medium-replay-v2,0,adm,4,10,4,1.0670948276238126,2.486336438770099,0.017581053561655482,20000,20000,20,,
walker2d-medium-replay-v2,0,adm,4,11,2,1.2169310727161131,2.8068553005661023,0.019847464168396958,20000,20000,20,,
walker2d-medium-replay-v2,0,adm,4,12,4,1.2165823097439317,2.7448057306308353,0.019408707451687598,20000,20000,20,,
walker2d-medium-replay-v2,0,adm,4,13,3,1.237228311060278,2.7788260204609623,0.019649267228055742,20000,20000,20,,
walker2d-medium-replay-v2,0,adm,4,14,2,1.4044594002725639,3.0935277749715344,0.021874544674713038,20000,20000,20,,
walker2d-medium-replay-v2,0,adm,4,15,3,1.3801821188812098,3.046745040582291,0.021543740787422206,20000,20000,20,,
walker2d-medium-replay-v2,0,adm,4,16,1,1.5332146855018105,3.11552563604087,0.02203009304205031,20000,20000,20,,
walker2d-medium-replay-v2,0,adm,4,17,4,1.4333771420124453,2.928416669094154,0.020707032848561985,20000,20000,20,,
walker2d-medium-replay-v2,0,adm,4,18,1,1.5862712854145287,3.1803164253399916,0.022488233106768684,20000,20000,20,,
walker2d-medium-replay-v2,0,adm,4,19,3,1.660022600669599,3.32092633490107,0.02348249531229534,20000,20000,20,,
walker2d-medium-replay-v2,0,adm,4,20,1,1.8167699589896482,3.392634636539725,0.023989549575855976,20000,20000,20,,
walker2d-medium-replay-v2,0,adm,4,21,5,1.7766680902992007,3.4401402681393276,0.024325465118342264,20000,20000,20,,
walker2d-medium-replay-v2,0,adm,4,22,1,1.9331058660301206,3.6680889962407823,0.025937306032376137,20000,20000,20,,
walker2d-medium-replay-v2,0,adm,4,23,1,2.0416499160777315,3.8002620020451663,0.026871910319317023,20000,20000,20,,
walker2d-medium-replay-v2,0,adm,4,24,1,2.1620578711660428,3.995926348459863,0.028255466181179682,20000,20000,20,,
walker2d-medium-replay-v2,0,adm,4,25,1,2.292008699545068,4.184198023677715,0.029586747963698628,20000,20000,20,,
walker2d-medium-replay-v2,0,adm,4,26,1,2.434702701747261,4.380492029764405,0.03097475619180035,20000,20000,20,,
walker2d-medium-replay-v2,0,adm,4,27,1,2.5359501114764798,4.546142142286343,0.032146079370486115,20000,20000,20,,
walker2d-medium-replay-v2,0,adm,4,28,3,2.4106459433456315,4.219829923704656,0.029838703545054735,20000,20000,20,,
walker2d-medium-replay-v2,0,adm,4,29,5,2.348123070529102,4.088656556489345,0.028911167770364538,20000,20000,20,,
walker2d-medium-replay-v2,0,adm,4,30,5,2.471066201837898,4.233610350802025,0.029936145879536705,20000,20000,20,,
walker2d-medium-replay-v2,0,adm,4,31,2,2.611512785256101,4.507393016937828,0.031872081677496285,20000,20000,20,,
walker2d-medium-replay-v2,0,adm,4,32,5,2.7539551080481273,4.639245796185096,0.03280442162073665,20000,20000,20,,
walker2d-medium-replay-v2,0,adm,4,33,1,2.9475309229599174,4.841980569396213,0.03423797294993563,20000,20000,20,,
walker2d-medium-replay-v2,0,adm,4,34,1,3.087259956115737,4.991128925873421,0.03529261109261425,20000,20000,20,,
walker2d-medium-replay-v2,0,adm,4,35,4,2.8593616408773546,4.729307205159986,0.033441251950830246,20000,20000,20,,
walker2d-medium-replay-v2,0,adm,4,36,2,3.225097356762652,5.12870432380609,0.03626541606064053,20000,20000,20,,
walker2d-medium-replay-v2,0,adm,4,37,5,3.0578262992723024,4.822185591579914,0.0340980013194622,20000,20000,20,,
walker2d-medium-replay-v2,0,adm,4,38,2,3.4260728612191027,5.351528754533395,0.03784102272045362,20000,20000,20,,
walker2d-medium-replay-v2,0,adm,4,39,4,3.1766989325880446,5.072845666445313,0.03587043570656272,20000,20000,20,,
walker2d-medium-replay-v2,0,adm,4,40,2,3.5848398715184056,5.537632174872646,0.03915697262569257,20000,20000,20,,
walker2d-medium-replay-v2,0,adm,4,41,4,3.3546733311441357,5.145239565762923,0.0363823378778029,20000,20000,20,,
walker2d-medium-replay-v2,0,adm,4,42,1,3.5996032247270895,5.47623111648853,0.03872280157813818,20000,20000,20,,
walker2d-medium-replay-v2,0,adm,4,43,1,3.775772093440241,5.686730612793076,0.04021125779087115,20000,20000,20,,
walker2d-medium-replay-v2,0,adm,4,44,5,3.4827749541453903,5.345150352938995,0.03779592061024831,20000,20000,20,,
walker2d-medium-replay-v2,0,adm,4,45,2,3.8885172751819117,5.803717578129464,0.0410384805558691,20000,20000,20,,
walker2d-medium-replay-v2,0,adm,4,46,1,4.087249508003267,5.974602750581788,0.04224682119832181,20000,20000,20,,
walker2d-medium-replay-v2,0,adm,4,47,3,3.777369944315174,5.692871872301347,0.040254683053304395,20000,20000,20,,
walker2d-medium-replay-v2,0,adm,4,48,4,3.7836587731361715,5.6177936002898665,0.03972379950071354,20000,20000,20,,
walker2d-medium-replay-v2,0,adm,4,49,5,3.8497035543947757,5.645086379637604,0.03991678859425567,20000,20000,20,,
walker2d-medium-replay-v2,0,adm,4,50,1,4.057264662496176,5.866310093688856,0.04148107647790481,20000,20000,20,,
walker2d-medium-replay-v2,0,adm,4,51,1,4.260571660137431,6.147308701290688,0.043468036687297144,20000,20000,20,,
walker2d-medium-replay-v2,0,adm,4,52,3,4.12777286922174,5.97051185867812,0.042217894224259964,20000,20000,20,,
walker2d-medium-replay-v2,0,adm,4,53,1,4.339251721362676,6.187013904797245,0.04374879487377592,20000,20000,20,,
walker2d-medium-replay-v2,0,adm,4,54,5,4.171766432907232,5.862236824355621,0.041452274114233516,20000,20000,20,,
walker2d-medium-replay-v2,0,adm,4,55,2,4.530519329391828,6.382525237050037,0.045131268762123575,20000,20000,20,,
walker2d-medium-replay-v2,0,adm,4,56,5,4.442611579728403,6.185825282601414,0.043740390045626514,20000,20000,20,,
walker2d-medium-replay-v2,0,adm,4,57,3,4.4738563316217235,6.287991392753432,0.04446281353858595,20000,20000,20,,
walker2d-medium-replay-v2,0,adm,4,58,4,4.513522045682663,6.238402517629767,0.04411216723987239,20000,20000,20,,
walker2d-medium-replay-v2,0,adm,4,59,5,4.575404962274968,6.283276649329149,0.0444294752681173,20000,20000,20,,
walker2d-medium-replay-v2,0,adm,4,60,3,4.831287244735776,6.607366283736972,0.04672113505013771,20000,20000,20,,
walker2d-medium-replay-v2,0,adm,4,61,2,4.970702896047875,6.75528052173576,0.04776704665736755,20000,20000,20,,
walker2d-medium-replay-v2,0,adm,4,62,1,5.124837866144226,6.884528142765857,0.04868096535019365,20000,20000,20,,
walker2d-medium-replay-v2,0,adm,4,63,4,4.931606424111273,6.605764138850446,0.04670980617500065,20000,20000,20,,
walker2d-medium-replay-v2,0,adm,4,64,5,4.920135953775057,6.505546967381138,0.04600116375962782,20000,20000,20,,
walker2d-medium-replay-v2,0,adm,4,65,2,5.2241966206494075,6.9311794667952675,0.04901084002591892,20000,20000,20,,
walker2d-medium-replay-v2,0,adm,4,66,1,5.440575048965457,7.166002340530067,0.050671288489874816,20000,20000,20,,
walker2d-medium-replay-v2,0,adm,4,67,5,5.28736170645971,6.80790184327888,0.04813913559034892,20000,20000,20,,
walker2d-medium-replay-v2,0,adm,4,68,3,5.465889273203872,7.070639601405315,0.049996972094798454,20000,20000,20,,
walker2d-medium-replay-v2,0,adm,4,69,4,5.501564867097458,7.114206850801932,0.05030503906965839,20000,20000,20,,
walker2d-medium-replay-v2,0,adm,4,70,2,5.795513077639923,7.5469948111732545,0.05336531208560296,20000,20000,20,,
walker2d-medium-replay-v2,0,adm,4,71,1,6.011391835026176,7.683132674413126,0.05432795214833456,20000,20000,20,,
walker2d-medium-replay-v2,0,adm,4,72,5,5.646176066758373,7.098972969007763,0.050197319258453874,20000,20000,20,,
walker2d-medium-replay-v2,0,adm,4,73,3,6.004738946059944,7.508775610372453,0.05309506152502519,20000,20000,20,,
walker2d-medium-replay-v2,0,adm,4,74,5,5.8632642265938895,7.343672542248908,0.05192760653437655,20000,20000,20,,
walker2d-medium-replay-v2,0,adm,4,75,3,5.98836380233459,7.383162529260419,0.052206842910424635,20000,20000,20,,
walker2d-medium-replay-v2,0,adm,4,76,5,6.144593229146677,7.603365633421777,0.05376391399233288,20000,20000,20,,
walker2d-medium-replay-v2,0,adm,4,77,3,6.191436859262421,7.551724836013738,0.053398758412001826,20000,20000,20,,
walker2d-medium-replay-v2,0,adm,4,78,2,6.441723013894382,7.83800336464723,0.05542305330105032,20000,20000,20,,
walker2d-medium-replay-v2,0,adm,4,79,5,6.189380738333879,7.454610336395242,0.052712055199684055,20000,20000,20,,
walker2d-medium-replay-v2,0,adm,4,80,4,6.465938941076358,7.833418420244672,0.055390632848266196,20000,20000,20,,
walker2d-medium-replay-v2,0,adm,4,81,4,6.506376704695486,7.669425273915124,0.05423102618988879,20000,20000,20,,
walker2d-medium-replay-v2,0,adm,4,82,4,6.684083153814383,7.891455874582594,0.05580101962351769,20000,20000,20,,
walker2d-medium-replay-v2,0,adm,4,83,5,6.679515459006161,7.8292802401851604,0.05536137149644768,20000,20000,20,,
walker2d-medium-replay-v2,0,adm,4,84,1,7.033062557922573,8.214274024087022,0.058083688649564424,20000,20000,20,,
walker2d-medium-replay-v2,0,adm,4,85,5,6.820334136188125,7.944657230600226,0.05617721001960157,20000,20000,20,,
walker2d-medium-replay-v2,0,adm,4,86,5,6.91502081322736,8.044015675713625,0.05687978032267992,20000,20000,20,,
walker2d-medium-replay-v2,0,adm,4,87,3,7.293114132707835,8.382012987829095,0.05926978223687667,20000,20000,20,,
walker2d-medium-replay-v2,0,adm,4,88,2,7.356882177000868,8.486003562610403,0.06000510664295017,20000,20000,20,,
walker2d-medium-replay-v2,0,adm,4,89,3,7.372124629307191,8.4981109160765,0.060090718560331165,20000,20000,20,,
walker2d-medium-replay-v2,0,adm,4,90,4,7.338178975717793,8.37265120363871,0.05920358442602641,20000,20000,20,,
walker2d-medium-replay-v2,0,adm,4,91,2,7.725286289106401,8.740734252276456,0.06180632462334208,20000,20000,20,,
walker2d-medium-replay-v2,0,adm,4,92,2,7.81574381856415,8.702272603712103,0.061534359698187414,20000,20000,20,,
walker2d-medium-replay-v2,0,adm,4,93,4,7.793345441309755,8.634771680300119,0.06105705609137774,20000,20000,20,,
walker2d-medium-replay-v2,0,adm,4,94,5,7.796873280804447,8.55779979205027,0.06051278264995572,20000,20000,20,,
walker2d-medium-replay-v2,0,adm,4,95,5,7.88238129795861,8.63935521211581,0.06108946655566432,20000,20000,20,,
walker2d-medium-replay-v2,0,adm,4,96,3,8.275956492550675,9.102481430400884,0.0643642634506109,20000,20000,20,,
walker2d-medium-replay-v2,0,adm,4,97,3,8.3279536231451,9.094040105854386,0.06430457427232064,20000,20000,20,,
walker2d-medium-replay-v2,0,adm,4,98,2,8.719426519464655,9.462116548872034,0.06690726776084867,20000,20000,20,,
walker2d-medium-replay-v2,0,adm,4,99,2,8.788427476031327,9.49816125759078,0.06716214234045786,20000,20000,20,,
walker2d-medium-replay-v2,0,adm,4,100,1,9.193554212955618,9.880576081746021,0.06986622349432219,20000,20000,20,,
walker2d-medium-replay-v2,0,adm,5,1,1,0.26188818722827767,0.6680231444072537,0.004723636953999294,20000,20000,20,,
walker2d-medium-replay-v2,0,adm,5,2,3,0.2761190939220851,0.735100102659287,0.005197942674413091,20000,20000,20,,
walker2d-medium-replay-v2,0,adm,5,3,2,0.3839030649891363,1.0161959614830203,0.007185590553790273,20000,20000,20,,
walker2d-medium-replay-v2,0,adm,5,4,1,0.5611324502790248,1.3945368922495056,0.009860864931244391,20000,20000,20,,
walker2d-medium-replay-v2,0,adm,5,5,4,0.4766323191192923,1.1742670044001422,0.00830332161734954,20000,20000,20,,
walker2d-medium-replay-v2,0,adm,5,6,2,0.7219136801328367,1.7323732276320734,0.012249728568046655,20000,20000,20,,
walker2d-medium-replay-v2,0,adm,5,7,1,0.8656871280823749,2.0008847933874376,0.014148392057773011,20000,20000,20,,
walker2d-medium-replay-v2,0,adm,5,8,1,1.0259598168628217,2.3556974353201205,0.016657296309386158,20000,20000,20,,
walker2d-medium-replay-v2,0,adm,5,9,2,1.0307723597315186,2.376930422412074,0.016807436200961822,20000,20000,20,,
walker2d-medium-replay-v2,0,adm,5,10,5,0.7859656562198378,1.8508956469361164,0.013087808632171898,20000,20000,20,,
walker2d-medium-replay-v2,0,adm,5,11,2,1.1910508235166422,2.7428327212592247,0.019394756168627493,20000,20000,20,,
walker2d-medium-replay-v2,0,adm,5,12,1,1.3201362942770545,2.9261888667942237,0.020691279907427744,20000,20000,20,,
walker2d-medium-replay-v2,0,adm,5,13,5,1.2217228710994184,2.7086353457502064,0.019152944207415395,20000,20000,20,,
walker2d-medium-replay-v2,0,adm,5,14,3,1.3440216328915535,2.9832594227280493,0.02109482967849669,20000,20000,20,,
walker2d-medium-replay-v2,0,adm,5,15,5,1.0687592914470752,2.4169901878067286,0.017090701518594847,20000,20000,20,,
walker2d-medium-replay-v2,0,adm,5,16,1,1.2126183207606798,2.5984896184604658,0.018374096300562397,20000,20000,20,,
walker2d-medium-replay-v2,0,adm,5,17,4,1.431787367729246,3.0623726128551496,0.02165424441069842,20000,20000,20,,
walker2d-medium-replay-v2,0,adm,5,18,5,1.4622490892796094,3.0166665630190286,0.021331053832894704,20000,20000,20,,
walker2d-medium-replay-v2,0,adm,5,19,2,1.6184103727684576,3.3214590272150044,0.023486262015770032,20000,20000,20,,
walker2d-medium-replay-v2,0,adm,5,20,2,1.6691612005032324,3.308644376336988,0.023395648750426195,20000,20000,20,,
walker2d-medium-replay-v2,0,adm,5,21,3,1.6808615566831009,3.320330350133655,0.023478281063590112,20000,20000,20,,
walker2d-medium-replay-v2,0,adm,5,22,3,1.8050721232021758,3.512940629493327,0.024840241410204706,20000,20000,20,,
walker2d-medium-replay-v2,0,adm,5,23,4,1.8117985506620222,3.480126573032411,0.024608210991787186,20000,20000,20,,
walker2d-medium-replay-v2,0,adm,5,24,2,1.9701495084702156,3.742609000632254,0.026464242036768747,20000,20000,20,,
walker2d-medium-replay-v2,0,adm,5,25,3,1.9629877795288995,3.6803260823318706,0.026023835297945858,20000,20000,20,,
walker2d-medium-replay-v2,0,adm,5,26,4,2.00139670183475,3.6874535958056587,0.026074234429048996,20000,20000,20,,
walker2d-medium-replay-v2,0,adm,5,27,2,2.161102522725897,3.9187116229874617,0.027709475621289753,20000,20000,20,,
walker2d-medium-replay-v2,0,adm,5,28,2,2.203822517166558,4.021188942482581,0.028434099696617948,20000,20000,20,,
walker2d-medium-replay-v2,0,adm,5,29,5,2.229694576776556,3.975496331195935,0.028111004143708863,20000,20000,20,,
walker2d-medium-replay-v2,0,adm,5,30,4,2.279459468923945,4.065444232096154,0.02874703185050927,20000,20000,20,,
walker2d-medium-replay-v2,0,adm,5,31,5,2.332931580548997,4.115942302798037,0.02910410713281066,20000,20000,20,,
walker2d-medium-replay-v2,0,adm,5,32,5,2.464963106117848,4.326215187946611,0.030590960962692825,20000,20000,20,,
walker2d-medium-replay-v2,0,adm,5,33,3,2.5430677980043552,4.405071417373756,0.031148558708360193,20000,20000,20,,
walker2d-medium-replay-v2,0,adm,5,34,5,2.572140614185821,4.372264198943236,0.0309165766421193,20000,20000,20,,
walker2d-medium-replay-v2,0,adm,5,35,4,2.654351901342112,4.498555423739373,0.03180959045669633,20000,20000,20,,
walker2d-medium-replay-v2,0,adm,5,36,3,2.7926623612055077,4.677780939822378,0.03307690623453585,20000,20000,20,,
walker2d-medium-replay-v2,0,adm,5,37,5,2.835923130336316,4.689649638738164,0.033160830609407985,20000,20000,20,,
walker2d-medium-replay-v2,0,adm,5,38,4,2.8880551135230337,4.699164419807664,0.03322811027156547,20000,20000,20,,
walker2d-medium-replay-v2,0,adm,5,39,2,3.080433176146086,4.979016672619595,0.03520696452850196,20000,20000,20,,
walker2d-medium-replay-v2,0,adm,5,40,5,3.0227187238014523,4.917102000187369,0.03476916168118425,20000,20000,20,,
walker2d-medium-replay-v2,0,adm,5,41,5,3.1295593713259726,4.989308037648937,0.03527973546850109,20000,20000,20,,
walker2d-medium-replay-v2,0,adm,5,42,1,3.343054898826142,5.24787671270459,0.03710809210384383,20000,20000,20,,
walker2d-medium-replay-v2,0,adm,5,43,4,3.3175242599963863,5.106443833956799,0.03610801062739085,20000,20000,20,,
walker2d-medium-replay-v2,0,adm,5,44,3,3.4281339139239857,5.417137952360267,0.03830494980736954,20000,20000,20,,
walker2d-medium-replay-v2,0,adm,5,45,2,3.6057077116071654,5.566498141486497,0.03936108583307416,20000,20000,20,,
walker2d-medium-replay-v2,0,adm,5,46,1,3.747777834142376,5.623584270506459,0.03976474572249121,20000,20000,20,,
walker2d-medium-replay-v2,0,adm,5,47,3,3.6798100725572644,5.600050941344186,0.039598339956145825,20000,20000,20,,
walker2d-medium-replay-v2,0,adm,5,48,4,3.702922445306014,5.540327075785223,0.03917602845279166,20000,20000,20,,
walker2d-medium-replay-v2,0,adm,5,49,1,3.8967544849154563,5.757814329197844,0.04071389556988868,20000,20000,20,,
walker2d-medium-replay-v2,0,adm,5,50,3,3.9093960545434236,5.842268941294724,0.041311079859050505,20000,20000,20,,
walker2d-medium-replay-v2,0,adm,5,51,4,3.908675232312834,5.790185884882999,0.040942797035313984,20000,20000,20,,
walker2d-medium-replay-v2,0,adm,5,52,1,4.101530824112703,5.957451743401266,0.04212554526350655,20000,20000,20,,
walker2d-medium-replay-v2,0,adm,5,53,5,3.9492314502876544,5.648426860825309,0.0399404093632582,20000,20000,20,,
walker2d-medium-replay-v2,0,adm,5,54,1,4.154587553978272,5.857605026168423,0.04141952235516096,20000,20000,20,,
walker2d-medium-replay-v2,0,adm,5,55,4,4.194785854560276,5.973819605232012,0.042241283524447,20000,20000,20,,
walker2d-medium-replay-v2,0,adm,5,56,3,4.291238352858821,6.017444693188187,0.04254975947968371,20000,20000,20,,
walker2d-medium-replay-v2,0,adm,5,57,3,4.384118666862686,6.080898942164427,0.0429984487771457,20000,20000,20,,
walker2d-medium-replay-v2,0,adm,5,58,4,4.4500041969489805,6.157000569411674,0.04353656854400429,20000,20000,20,,
walker2d-medium-replay-v2,0,adm,5,59,3,4.549350879757834,6.296813819528411,0.04452519751657704,20000,20000,20,,
walker2d-medium-replay-v2,0,adm,5,60,1,4.792605568190099,6.531776928825108,0.04618663759570075,20000,20000,20,,
walker2d-medium-replay-v2,0,adm,5,61,5,4.654931803631275,6.266762173435682,0.04431270028919718,20000,20000,20,,
walker2d-medium-replay-v2,0,adm,5,62,2,5.001401412798793,6.742906359443612,0.04767954811668474,20000,20000,20,,
walker2d-medium-replay-v2,0,adm,5,63,4,4.893121590934977,6.597757651076301,0.046653191757014795,20000,20000,20,,
walker2d-medium-replay-v2,0,adm,5,64,2,5.250780994527213,7.049102917167519,0.049844684740110265,20000,20000,20,,
walker2d-medium-replay-v2,0,adm,5,65,2,5.226541189107233,6.9730846011161445,0.049307154072367174,20000,20000,20,,
walker2d-medium-replay-v2,0,adm,5,66,5,5.00861348794293,6.484061707391139,0.04584924002928298,20000,20000,20,,
walker2d-medium-replay-v2,0,adm,5,67,3,5.406844939077098,7.088381663203758,0.05012242741689755,20000,20000,20,,
walker2d-medium-replay-v2,0,adm,5,68,3,5.383834301578236,6.961600676929827,0.0492259504656994,20000,20000,20,,
walker2d-medium-replay-v2,0,adm,5,69,2,5.666144157636419,7.319285616356909,0.05175516492767129,20000,20000,20,,
walker2d-medium-replay-v2,0,adm,5,70,4,5.3778774508424805,6.851531364428462,0.048447642892996835,20000,20000,20,,
walker2d-medium-replay-v2,0,adm,5,71,1,5.669377795771725,7.189704950856295,0.050838891254809795,20000,20000,20,,
walker2d-medium-replay-v2,0,adm,5,72,3,5.828722194517647,7.379856227141464,0.05218346382393499,20000,20000,20,,
walker2d-medium-replay-v2,0,adm,5,73,5,5.6508939241331015,7.05264188095261,0.04986970899301838,20000,20000,20,,
walker2d-medium-replay-v2,0,adm,5,74,2,6.123750934427963,7.653414373059911,0.05411781202421252,20000,20000,20,,
walker2d-medium-replay-v2,0,adm,5,75,5,5.733383714442675,7.089237974625858,0.050128482453031295,20000,20000,20,,
walker2d-medium-replay-v2,0,adm,5,76,1,6.051282748860512,7.3826741597072445,0.05220338961619689,20000,20000,20,,
walker2d-medium-replay-v2,0,adm,5,77,3,6.274830003205732,7.690120099264703,0.05437736070329038,20000,20000,20,,
walker2d-medium-replay-v2,0,adm,5,78,5,6.015112995908607,7.267412568805983,0.05138836709083057,20000,20000,20,,
walker2d-medium-replay-v2,0,adm,5,79,1,6.359005711730369,7.700100059477657,0.054447929678715895,20000,20000,20,,
walker2d-medium-replay-v2,0,adm,5,80,1,6.6708546273167695,8.02218921830608,0.05672544396225838,20000,20000,20,,
walker2d-medium-replay-v2,0,adm,5,81,3,6.443913205599773,7.707464426205392,0.05450000361523915,20000,20000,20,,
walker2d-medium-replay-v2,0,adm,5,82,1,6.730176015860046,8.023370106538371,0.05673379410302714,20000,20000,20,,
walker2d-medium-replay-v2,0,adm,5,83,5,6.4324487802446795,7.59921650287048,0.05373457520884437,20000,20000,20,,
walker2d-medium-replay-v2,0,adm,5,84,1,6.798802482134977,7.9465909165690425,0.05619088324421392,20000,20000,20,,
walker2d-medium-replay-v2,0,adm,5,85,3,6.933917592039249,8.142483996422497,0.05757605649573287,20000,20000,20,,
walker2d-medium-replay-v2,0,adm,5,86,3,6.910910968098577,8.06867009195767,0.05705411337180353,20000,20000,20,,
walker2d-medium-replay-v2,0,adm,5,87,1,7.214166500377319,8.323835901833435,0.05885840811670463,20000,20000,20,,
walker2d-medium-replay-v2,0,adm,5,88,5,6.92552714620597,8.002366500441237,0.0565852761800206,20000,20000,20,,
walker2d-medium-replay-v2,0,adm,5,89,5,7.067053931772922,8.049636736270584,0.05691952722305278,20000,20000,20,,
walker2d-medium-replay-v2,0,adm,5,90,2,7.397028082842556,8.479918604926377,0.05996207949453409,20000,20000,20,,
walker2d-medium-replay-v2,0,adm,5,91,1,7.683442432626469,8.70972269103128,0.06158703977082563,20000,20000,20,,
walker2d-medium-replay-v2,0,adm,5,92,5,7.488917229712572,8.413019282618489,0.05948902984992717,20000,20000,20,,
walker2d-medium-replay-v2,0,adm,5,93,2,7.966103268332657,8.999291412991905,0.06363459984000443,20000,20000,20,,
walker2d-medium-replay-v2,0,adm,5,94,1,8.299014384132212,9.346996897882564,0.06609324890222384,20000,20000,20,,
walker2d-medium-replay-v2,0,adm,5,95,5,7.787377159169223,8.680659636656335,0.06138153294252046,20000,20000,20,,
walker2d-medium-replay-v2,0,adm,5,96,1,8.209576759303472,9.133122206693585,0.06458092645758479,20000,20000,20,,
walker2d-medium-replay-v2,0,adm,5,97,5,7.987129348741731,8.761066281423762,0.06195009378019552,20000,20000,20,,
walker2d-medium-replay-v2,0,adm,5,98,5,8.342692787755182,9.093383709850754,0.06429993285166752,20000,20000,20,,
walker2d-medium-replay-v2,0,adm,5,99,4,8.258061700012695,8.949999039859952,0.06328605012698062,20000,20000,20,,
walker2d-medium-replay-v2,0,adm,5,100,3,8.566683068986395,9.274545534810452,0.06558094040087885,20000,20000,20,,
walker2d-medium-replay-v2,0,adm,6,1,4,0.33784283331920306,0.8813864763817706,0.006232343542956668,20000,20000,20,,
walker2d-medium-replay-v2,0,adm,6,2,3,0.27675331420813026,0.7613384807849333,0.0053834760254129034,20000,20000,20,,
walker2d-medium-replay-v2,0,adm,6,3,4,0.3318174066597068,0.8624320120340765,0.006098315240216536,20000,20000,20,,
walker2d-medium-replay-v2,0,adm,6,4,1,0.520404609621153,1.2233177866816058,0.008650163025086819,20000,20000,20,,
walker2d-medium-replay-v2,0,adm,6,5,3,0.4860192458395848,1.2060788268212237,0.00852826517090803,20000,20000,20,,
walker2d-medium-replay-v2,0,adm,6,6,3,0.5340390811368204,1.2950422333412683,0.00915733145118582,20000,20000,20,,
walker2d-medium-replay-v2,0,adm,6,7,5,0.6120306012653887,1.4548471487999608,0.010287322845063665,20000,20000,20,,
walker2d-medium-replay-v2,0,adm,6,8,4,0.7265353194119311,1.7684616174798204,0.012504912019881112,20000,20000,20,,
walker2d-medium-replay-v2,0,adm,6,9,1,0.9098306635292666,2.0992747517477,0.014844114125345047,20000,20000,20,,
walker2d-medium-replay-v2,0,adm,6,10,4,0.8079537370803846,1.9956653109461273,0.014111484743487666,20000,20000,20,,
walker2d-medium-replay-v2,0,adm,6,11,2,1.0158894849751088,2.3898343782698253,0.0168986809478733,20000,20000,20,,
walker2d-medium-replay-v2,0,adm,6,12,5,0.9045842766101461,2.116343536405507,0.01496480865912653,20000,20000,20,,
walker2d-medium-replay-v2,0,adm,6,13,5,1.003868159923561,2.3516802727942006,0.016628890680754092,20000,20000,20,,
walker2d-medium-replay-v2,0,adm,6,14,2,1.0954024367017539,2.577892039848877,0.018228449425439625,20000,20000,20,,
walker2d-medium-replay-v2,0,adm,6,15,2,1.1736237337676916,2.639051604097464,0.018660912851585526,20000,20000,20,,
walker2d-medium-replay-v2,0,adm,6,16,5,1.2423594522600274,2.663502339284933,0.018833805658146085,20000,20000,20,,
walker2d-medium-replay-v2,0,adm,6,17,2,1.2956284002787377,2.8565001654366213,0.0201985063744073,20000,20000,20,,
walker2d-medium-replay-v2,0,adm,6,18,5,1.244205738596893,2.6891887250971105,0.01901543583406573,20000,20000,20,,
walker2d-medium-replay-v2,0,adm,6,19,5,1.317753393382338,2.7987214278726356,0.019789949003008376,20000,20000,20,,
walker2d-medium-replay-v2,0,adm,6,20,3,1.5045637583988167,3.1254895046947633,0.02210054823297051,20000,20000,20,,
walker2d-medium-replay-v2,0,adm,6,21,3,1.4445352964100957,2.982762271155792,0.02109131428601648,20000,20000,20,,
walker2d-medium-replay-v2,0,adm,6,22,4,1.4649569433096532,2.9130238440722347,0.020598189139015812,20000,20000,20,,
walker2d-medium-replay-v2,0,adm,6,23,4,1.5288973474165906,3.093148942775014,0.021871865926562123,20000,20000,20,,
walker2d-medium-replay-v2,0,adm,6,24,3,1.6665195546047322,3.3346242435568896,0.02357935415328138,20000,20000,20,,
walker2d-medium-replay-v2,0,adm,6,25,1,1.8349268593182875,3.5133498533236334,0.02484313505965903,20000,20000,20,,
walker2d-medium-replay-v2,0,adm,6,26,3,1.7306622187448124,3.3402327010079955,0.023619011936238114,20000,20000,20,,
walker2d-medium-replay-v2,0,adm,6,27,2,1.9385556267089268,3.700345478352587,0.02616539380476093,20000,20000,20,,
walker2d-medium-replay-v2,0,adm,6,28,3,1.9484613130362889,3.6732877551263865,0.025974066808993782,20000,20000,20,,
walker2d-medium-replay-v2,0,adm,6,29,1,2.1230664332411195,3.844045359792675,0.027181505410980824,20000,20000,20,,
walker2d-medium-replay-v2,0,adm,6,30,1,2.2710080971371767,4.136574489497133,0.029249998724067038,20000,20000,20,,
walker2d-medium-replay-v2,0,adm,6,31,2,2.2814928922483513,4.121883831073219,0.029146120082150586,20000,20000,20,,
walker2d-medium-replay-v2,0,adm,6,32,5,2.1991693125487966,3.9110984705790397,0.027655642504347735,20000,20000,20,,
walker2d-medium-replay-v2,0,adm,6,33,1,2.389010962841784,4.2088281960220515,0.02976090958256336,20000,20000,20,,
walker2d-medium-replay-v2,0,adm,6,34,2,2.453395633537284,4.340836662883431,0.030694350403480574,20000,20000,20,,
walker2d-medium-replay-v2,0,adm,6,35,4,2.537912909439741,4.387985742496562,0.031027744742692064,20000,20000,20,,
walker2d-medium-replay-v2,0,adm,6,36,4,2.5028882746050054,4.25489171250873,0.03008662783129365,20000,20000,20,,
walker2d-medium-replay-v2,0,adm,6,37,3,2.6347595143830134,4.453687494477094,0.03149232628630478,20000,20000,20,,
walker2d-medium-replay-v2,0,adm,6,38,3,2.744874272932754,4.57799759630347,0.03237133144601898,20000,20000,20,,
walker2d-medium-replay-v2,0,adm,6,39,4,2.7712467254818303,4.5170681397032215,0.03194049512665851,20000,20000,20,,
walker2d-medium-replay-v2,0,adm,6,40,5,2.8179431655783302,4.5676224719863,0.032297968238415735,20000,20000,20,,
walker2d-medium-replay-v2,0,adm,6,41,1,3.046631196744949,4.896023673977659,0.03462011540719477,20000,20000,20,,
walker2d-medium-replay-v2,0,adm,6,42,1,3.2297740555554224,5.093542854427692,0.03601678692630105,20000,20000,20,,
walker2d-medium-replay-v2,0,adm,6,43,5,3.063364144388156,4.848763034414158,0.03428593222000912,20000,20000,20,,
walker2d-medium-replay-v2,0,adm,6,44,4,3.1513830079139424,4.917318957686022,0.034770695802369515,20000,20000,20,,
walker2d-medium-replay-v2,0,adm,6,45,4,3.2500390363782907,5.061071001906619,0.03578717625514764,20000,20000,20,,
walker2d-medium-replay-v2,0,adm,6,46,4,3.415132262045247,5.3509005593658046,0.037836580709824506,20000,20000,20,,
walker2d-medium-replay-v2,0,adm,6,47,2,3.555082997129284,5.566937686742804,0.03936419388738789,20000,20000,20,,
walker2d-medium-replay-v2,0,adm,6,48,1,3.6710922213291974,5.598646410261968,0.03958840842161959,20000,20000,20,,
walker2d-medium-replay-v2,0,adm,6,49,3,3.6635089601773534,5.608731068204208,0.03965971772178864,20000,20000,20,,
walker2d-medium-replay-v2,0,adm,6,50,1,3.858367553010708,5.779168228908537,0.04086489044279076,20000,20000,20,,
walker2d-medium-replay-v2,0,adm,6,51,2,3.9232260499105336,5.9164740132380125,0.04183578895474586,20000,20000,20,,
walker2d-medium-replay-v2,0,adm,6,52,2,4.050102812440068,5.999659735278282,0.0424240008362716,20000,20000,20,,
walker2d-medium-replay-v2,0,adm,6,53,3,4.015629592081184,5.9071809561312625,0.04177007711776449,20000,20000,20,,
walker2d-medium-replay-v2,0,adm,6,54,4,4.001363076433712,5.811335172529117,0.041092345082432334,20000,20000,20,,
walker2d-medium-replay-v2,0,adm,6,55,1,4.210101429903219,5.972565843099127,0.04223241808738542,20000,20000,20,,
walker2d-medium-replay-v2,0,adm,6,56,1,4.423614776266571,6.302938313377002,0.04456850422789378,20000,20000,20,,
walker2d-medium-replay-v2,0,adm,6,57,2,4.4403875715485555,6.325114209816432,0.0447253114954059,20000,20000,20,,
walker2d-medium-replay-v2,0,adm,6,58,5,4.27828741504449,6.051242008704681,0.04278874258955985,20000,20000,20,,
walker2d-medium-replay-v2,0,adm,6,59,1,4.499346002341892,6.27698820949055,0.044385009283587726,20000,20000,20,,
walker2d-medium-replay-v2,0,adm,6,60,5,4.437208677383863,6.09580823019789,0.043103873363856945,20000,20000,20,,
walker2d-medium-replay-v2,0,adm,6,61,5,4.590032536352518,6.315751479786003,0.044659106996456546,20000,20000,20,,
walker2d-medium-replay-v2,0,adm,6,62,1,4.829473971727732,6.548683067524117,0.04630618204887825,20000,20000,20,,
walker2d-medium-replay-v2,0,adm,6,63,1,5.037130123338229,6.81089452098754,0.04816029701736591,20000,20000,20,,
walker2d-medium-replay-v2,0,adm,6,64,2,5.020901802143078,6.80856831801403,0.048143848278396066,20000,20000,20,,
walker2d-medium-replay-v2,0,adm,6,65,5,4.776332654143621,6.405578962163366,0.04529428321571603,20000,20000,20,,
walker2d-medium-replay-v2,0,adm,6,66,4,5.035783281376962,6.695470011511624,0.04734412248371041,20000,20000,20,,
walker2d-medium-replay-v2,0,adm,6,67,3,5.217721277469571,6.899920319153465,0.04878980447320262,20000,20000,20,,
walker2d-medium-replay-v2,0,adm,6,68,2,5.314014305544068,7.026554541398218,0.04968524364599811,20000,20000,20,,
walker2d-medium-replay-v2,0,adm,6,69,1,5.468663458895988,7.148831667493365,0.050549873496456926,20000,20000,20,,
walker2d-medium-replay-v2,0,adm,6,70,1,5.676428540958385,7.446358303450509,0.0526537045151461,20000,20000,20,,
walker2d-medium-replay-v2,0,adm,6,71,1,5.892779408300777,7.641112098257365,0.05403082180484351,20000,20000,20,,
walker2d-medium-replay-v2,0,adm,6,72,4,5.539755934093283,7.1071111053982365,0.05025486457273313,20000,20000,20,,
walker2d-medium-replay-v2,0,adm,6,73,4,5.663648929660601,7.143013779557076,0.05050873481633759,20000,20000,20,,
walker2d-medium-replay-v2,0,adm,6,74,4,5.773218599088852,7.244495502964921,0.05122631896421944,20000,20000,20,,
walker2d-medium-replay-v2,0,adm,6,75,2,5.914205318130365,7.415640952151373,0.052436500041109016,20000,20000,20,,
walker2d-medium-replay-v2,0,adm,6,76,1,6.121324236903976,7.5980289845470175,0.05372617818625133,20000,20000,20,,
walker2d-medium-replay-v2,0,adm,6,77,1,6.392966219873425,7.964847438305639,0.05631997634742219,20000,20000,20,,
walker2d-medium-replay-v2,0,adm,6,78,3,6.168758466464137,7.630014231713896,0.053952348037947614,20000,20000,20,,
walker2d-medium-replay-v2,0,adm,6,79,1,6.443223723107656,7.949779400289235,0.056213429228816426,20000,20000,20,,
walker2d-medium-replay-v2,0,adm,6,80,2,6.498056881596705,7.970855247313074,0.0563624579723145,20000,20000,20,,
walker2d-medium-replay-v2,0,adm,6,81,4,6.489310609642606,7.826057160825263,0.05533858088373082,20000,20000,20,,
walker2d-medium-replay-v2,0,adm,6,82,1,6.761923508246625,8.052533238107772,0.056940008583960734,20000,20000,20,,
walker2d-medium-replay-v2,0,adm,6,83,1,7.005490253970443,8.376259716411091,0.0592291004645399,20000,20000,20,,
walker2d-medium-replay-v2,0,adm,6,84,5,6.5646203961052745,7.772523074339237,0.05496003772794186,20000,20000,20,,
walker2d-medium-replay-v2,0,adm,6,85,4,6.759243604799063,7.961685925221673,0.05629762107401736,20000,20000,20,,
walker2d-medium-replay-v2,0,adm,6,86,1,7.052386181494608,8.221174968356694,0.05813248569446118,20000,20000,20,,
walker2d-medium-replay-v2,0,adm,6,87,1,7.3628792086833785,8.634016028639117,0.06105171282724064,20000,20000,20,,
walker2d-medium-replay-v2,0,adm,6,88,3,7.166697490933926,8.297407436251415,0.058671530644410615,20000,20000,20,,
walker2d-medium-replay-v2,0,adm,6,89,5,7.0191884604121135,8.052885395092787,0.056942498709882196,20000,20000,20,,
walker2d-medium-replay-v2,0,adm,6,90,2,7.525605229709692,8.719567806315194,0.061656655248613815,20000,20000,20,,
walker2d-medium-replay-v2,0,adm,6,91,3,7.527808283210115,8.580567089241157,0.060673771752285374,20000,20000,20,,
walker2d-medium-replay-v2,0,adm,6,92,1,7.781858671295841,8.824707865439317,0.062400107736424036,20000,20000,20,,
walker2d-medium-replay-v2,0,adm,6,93,2,7.809256512510646,8.803409216171294,0.06224950354314871,20000,20000,20,,
walker2d-medium-replay-v2,0,adm,6,94,4,7.726041128940671,8.620122089910463,0.06095346784431643,20000,20000,20,,
walker2d-medium-replay-v2,0,adm,6,95,3,7.97689836422547,8.868910281895818,0.06271266602063627,20000,20000,20,,
walker2d-medium-replay-v2,0,adm,6,96,3,8.105707293489317,8.943448191457268,0.06323972863369998,20000,20000,20,,
walker2d-medium-replay-v2,0,adm,6,97,3,8.116999999327481,8.983976159579594,0.06352630464457007,20000,20000,20,,
walker2d-medium-replay-v2,0,adm,6,98,5,8.128289823015706,8.793097254662007,0.06217658696404319,20000,20000,20,,
walker2d-medium-replay-v2,0,adm,6,99,5,8.11829279293925,8.76719225980221,0.06199341098872354,20000,20000,20,,
walker2d-medium-replay-v2,0,adm,6,100,5,8.3785337880506,9.034754307753449,0.06388536037366835,20000,20000,20,,
walker2d-medium-replay-v2,0,adm,7,1,4,0.33459914942882213,0.9117601666537256,0.006447117966566261,20000,20000,20,,
walker2d-medium-replay-v2,0,adm,7,2,4,0.3319858919362978,0.9084982509182101,0.006424052739203839,20000,20000,20,,
walker2d-medium-replay-v2,0,adm,7,3,1,0.5237920789455828,1.2489117553479694,0.008831139713101436,20000,20000,20,,
walker2d-medium-replay-v2,0,adm,7,4,3,0.5463066416287649,1.3469816308398144,0.009524598453005476,20000,20000,20,,
walker2d-medium-replay-v2,0,adm,7,5,3,0.5391120219517654,1.3474551549916225,0.009527946774393467,20000,20000,20,,
walker2d-medium-replay-v2,0,adm,7,6,5,0.6658384675006875,1.5534534500935264,0.010984574688187705,20000,20000,20,,
walker2d-medium-replay-v2,0,adm,7,7,5,0.6712023160716324,1.6573434494049022,0.0117191879182931,20000,20000,20,,
walker2d-medium-replay-v2,0,adm,7,8,1,0.8432094281204633,1.9956559620089147,0.014111418636518666,20000,20000,20,,
walker2d-medium-replay-v2,0,adm,7,9,2,0.8594884399621651,2.1110262604544157,0.014927209840301962,20000,20000,20,,
walker2d-medium-replay-v2,0,adm,7,10,1,0.9782276666095353,2.223384457864023,0.01572170227340426,20000,20000,20,,
walker2d-medium-replay-v2,0,adm,7,11,4,0.8864143572629595,2.098034348793124,0.014835343151939202,20000,20000,20,,
walker2d-medium-replay-v2,0,adm,7,12,5,0.9442524807121563,2.1960323173946947,0.015528293433345972,20000,20000,20,,
walker2d-medium-replay-v2,0,adm,7,13,3,1.1272757911211397,2.5441714586339343,0.01799000890901325,20000,20000,20,,
walker2d-medium-replay-v2,0,adm,7,14,5,1.1102012226611797,2.4960733996517486,0.017649904272331107,20000,20000,20,,
walker2d-medium-replay-v2,0,adm,7,15,3,1.1333210693334141,2.567050084172455,0.018151785221638402,20000,20000,20,,
walker2d-medium-replay-v2,0,adm,7,16,5,1.1722134973264966,2.614558342873107,0.018487719340534364,20000,20000,20,,
walker2d-medium-replay-v2,0,adm,7,17,4,1.3368068306903431,2.856585739725622,0.020199111476007774,20000,20000,20,,
walker2d-medium-replay-v2,0,adm,7,18,3,1.352133672489863,2.931944882818867,0.020731981087064182,20000,20000,20,,
walker2d-medium-replay-v2,0,adm,7,19,1,1.5275982138968913,3.190363229028864,0.0225592747369452,20000,20000,20,,
walker2d-medium-replay-v2,0,adm,7,20,3,1.5276939592082102,3.18280306433459,0.022505816299723116,20000,20000,20,,
walker2d-medium-replay-v2,0,adm,7,21,1,1.670649199524637,3.2772671526247703,0.02317377827380903,20000,20000,20,,
walker2d-medium-replay-v2,0,adm,7,22,5,1.572821735685779,3.10847051586589,0.021980205808872163,20000,20000,20,,
walker2d-medium-replay-v2,0,adm,7,23,3,1.7124149405415205,3.3562707561709164,0.023732418111865564,20000,20000,20,,
walker2d-medium-replay-v2,0,adm,7,24,1,1.8795746376078355,3.623864037517504,0.02562458835026688,20000,20000,20,,
walker2d-medium-replay-v2,0,adm,7,25,1,1.999006394232022,3.8130612896357783,0.026962414949813808,20000,20000,20,,
walker2d-medium-replay-v2,0,adm,7,26,1,2.0823757710107382,3.787372588828351,0.026780768404405766,20000,20000,20,,
walker2d-medium-replay-v2,0,adm,7,27,4,1.942518281608374,3.636969004718675,0.025717254462018634,20000,20000,20,,
walker2d-medium-replay-v2,0,adm,7,28,2,2.242598978464249,4.023400550609918,0.02844973812765962,20000,20000,20,,
walker2d-medium-replay-v2,0,adm,7,29,1,2.3803460178428866,4.190081902345488,0.02962835326875524,20000,20000,20,,
walker2d-medium-replay-v2,0,adm,7,30,1,2.5515907968849527,4.454050795194394,0.03149489521031291,20000,20000,20,,
walker2d-medium-replay-v2,0,adm,7,31,4,2.220241603795134,3.9707175900371903,0.02807721334092003,20000,20000,20,,
walker2d-medium-replay-v2,0,adm,7,32,2,2.6936632712385125,4.652876435765837,0.032900804797531165,20000,20000,20,,
walker2d-medium-replay-v2,0,adm,7,33,2,2.4580444780913515,4.3653706535556145,0.030867831915219256,20000,20000,20,,
walker2d-medium-replay-v2,0,adm,7,34,5,2.643657599086572,4.488960134167374,0.03174174151345824,20000,20000,20,,
walker2d-medium-replay-v2,0,adm,7,35,5,2.74352813209889,4.602374883611049,0.032543704897640205,20000,20000,20,,
walker2d-medium-replay-v2,0,adm,7,36,5,2.577944756070745,4.452853315055031,0.031486427747044105,20000,20000,20,,
walker2d-medium-replay-v2,0,adm,7,37,3,2.8769246854303865,4.80819998328825,0.03399910813484166,20000,20000,20,,
walker2d-medium-replay-v2,0,adm,7,38,4,2.910749244482266,4.758482771909234,0.03364755436176379,20000,20000,20,,
walker2d-medium-replay-v2,0,adm,7,39,4,3.0517017751236555,4.982174888154624,0.03522929648471464,20000,20000,20,,
walker2d-medium-replay-v2,0,adm,7,40,3,3.167993240573674,5.126335401659829,0.03624866525150329,20000,20000,20,,
walker2d-medium-replay-v2,0,adm,7,41,2,3.2987105133909673,5.2146751631235215,0.03687332169529708,20000,20000,20,,
walker2d-medium-replay-v2,0,adm,7,42,5,3.217758265096808,5.078574608379239,0.03591094544346775,20000,20000,20,,
walker2d-medium-replay-v2,0,adm,7,43,3,3.3556527095291613,5.307725194048597,0.03753128477386447,20000,20000,20,,
walker2d-medium-replay-v2,0,adm,7,44,5,3.358006198307347,5.193394367461884,0.036722843746083186,20000,20000,20,,
walker2d-medium-replay-v2,0,adm,7,45,1,3.5509968196833013,5.37117940389164,0.037979973794612966,20000,20000,20,,
walker2d-medium-replay-v2,0,adm,7,46,2,3.5858091550822517,5.456762055019563,0.03858513452425773,20000,20000,20,,
walker2d-medium-replay-v2,0,adm,7,47,3,3.6195740510725045,5.48747945877658,0.03880233936922805,20000,20000,20,,
walker2d-medium-replay-v2,0,adm,7,48,5,3.6344348542949163,5.490942754352453,0.038826828567097585,20000,20000,20,,
walker2d-medium-replay-v2,0,adm,7,49,2,3.878837491832565,5.8300238821336965,0.04122449421536258,20000,20000,20,,
walker2d-medium-replay-v2,0,adm,7,50,4,3.8467883745152003,5.677932318010712,0.04014904445183627,20000,20000,20,,
walker2d-medium-replay-v2,0,adm,7,51,4,3.89064573949555,5.773175640172834,0.04082251644147199,20000,20000,20,,
walker2d-medium-replay-v2,0,adm,7,52,1,4.136179701493633,5.992014653588245,0.042369941945214096,20000,20000,20,,
walker2d-medium-replay-v2,0,adm,7,53,2,4.19030634176282,6.104717592297029,0.043166872067420425,20000,20000,20,,
walker2d-medium-replay-v2,0,adm,7,54,5,4.1152582197828025,5.89864221392656,0.041709699092607,20000,20000,20,,
walker2d-medium-replay-v2,0,adm,7,55,1,4.341549041976791,6.137299535160627,0.04339726119485125,20000,20000,20,,
walker2d-medium-replay-v2,0,adm,7,56,1,4.524406758074448,6.444863330815499,0.04557206565040159,20000,20000,20,,
walker2d-medium-replay-v2,0,adm,7,57,5,4.343425870880998,6.118721779016449,0.04326589662136347,20000,20000,20,,
walker2d-medium-replay-v2,0,adm,7,58,4,4.429670251399852,6.196198890316878,0.04381374252923625,20000,20000,20,,
walker2d-medium-replay-v2,0,adm,7,59,4,4.522288993029738,6.265816808628322,0.04430601555053738,20000,20000,20,,
walker2d-medium-replay-v2,0,adm,7,60,1,4.8077165998058335,6.639110222484996,0.04694559859364069,20000,20000,20,,
walker2d-medium-replay-v2,0,adm,7,61,2,4.881173571823795,6.730144884479158,0.04758931086183166,20000,20000,20,,
walker2d-medium-replay-v2,0,adm,7,62,3,4.840037478149536,6.62840620130334,0.04686990973400555,20000,20000,20,,
walker2d-medium-replay-v2,0,adm,7,63,5,4.767352845244878,6.374120947361729,0.04507184145982699,20000,20000,20,,
walker2d-medium-replay-v2,0,adm,7,64,4,4.9902185916150685,6.644757900107806,0.046985533705091134,20000,20000,20,,
walker2d-medium-replay-v2,0,adm,7,65,1,5.269189847414268,6.989309525709411,0.049421881614408567,20000,20000,20,,
walker2d-medium-replay-v2,0,adm,7,66,5,5.082909971976369,6.717308346562068,0.04749854283175033,20000,20000,20,,
walker2d-medium-replay-v2,0,adm,7,67,1,5.337836703114932,6.915050830155558,0.0488967933425266,20000,20000,20,,
walker2d-medium-replay-v2,0,adm,7,68,1,5.539234130394125,7.233115633785226,0.05114585113755966,20000,20000,20,,
walker2d-medium-replay-v2,0,adm,7,69,3,5.370778305031497,7.021150245990901,0.049647029506697624,20000,20000,20,,
walker2d-medium-replay-v2,0,adm,7,70,4,5.382249707496644,6.947656074590263,0.049127347236946846,20000,20000,20,,
walker2d-medium-replay-v2,0,adm,7,71,3,5.696462663743887,7.295717720586312,0.05158851473849443,20000,20000,20,,
walker2d-medium-replay-v2,0,adm,7,72,5,5.581465795049879,7.097433996140421,0.05018643707694828,20000,20000,20,,
walker2d-medium-replay-v2,0,adm,7,73,3,5.7154256595625705,7.254109313037203,0.05129429886717094,20000,20000,20,,
walker2d-medium-replay-v2,0,adm,7,74,1,5.960056842856199,7.406178333833257,0.05236958922530382,20000,20000,20,,
walker2d-medium-replay-v2,0,adm,7,75,1,6.242178034932067,7.810250806264285,0.05522681307877176,20000,20000,20,,
walker2d-medium-replay-v2,0,adm,7,76,4,5.882111105267922,7.281555144220882,0.051488370200623745,20000,20000,20,,
walker2d-medium-replay-v2,0,adm,7,77,4,5.997954239618674,7.376632965827754,0.05216067192461038,20000,20000,20,,
walker2d-medium-replay-v2,0,adm,7,78,2,6.23656927617194,7.6383717799314725,0.05401144482813503,20000,20000,20,,
walker2d-medium-replay-v2,0,adm,7,79,2,6.34199616000783,7.771736502296108,0.054954475823685976,20000,20000,20,,
walker2d-medium-replay-v2,0,adm,7,80,3,6.315453573833016,7.621669368239073,0.05389334094243638,20000,20000,20,,
walker2d-medium-replay-v2,0,adm,7,81,2,6.649727511744901,8.116332641734324,0.05739113849336066,20000,20000,20,,
walker2d-medium-replay-v2,0,adm,7,82,2,6.681681096867198,8.014859934461592,0.056673618099181595,20000,20000,20,,
walker2d-medium-replay-v2,0,adm,7,83,1,6.931127078175328,8.316055329728147,0.05880339116373303,20000,20000,20,,
walker2d-medium-replay-v2,0,adm,7,84,2,6.9555315899834635,8.366837109672746,0.05916247257332852,20000,20000,20,,
walker2d-medium-replay-v2,0,adm,7,85,3,6.9428346603532045,8.177067551042798,0.05782059915562838,20000,20000,20,,
walker2d-medium-replay-v2,0,adm,7,86,1,7.218060743179953,8.472858371950288,0.059912156108392595,20000,20000,20,,
walker2d-medium-replay-v2,0,adm,7,87,5,6.933074160183482,8.075802960819239,0.05710455037121682,20000,20000,20,,
walker2d-medium-replay-v2,0,adm,7,88,5,7.136258279284388,8.304592743135842,0.05872233843663946,20000,20000,20,,
walker2d-medium-replay-v2,0,adm,7,89,5,7.194655432793814,8.2708136272456,0.058483484017554696,20000,20000,20,,
walker2d-medium-replay-v2,0,adm,7,90,4,7.402153276962183,8.486212474828763,0.06000658387541292,20000,20000,20,,
walker2d-medium-replay-v2,0,adm,7,91,4,7.291787587801543,8.309016679235883,0.058753620388798215,20000,20000,20,,
walker2d-medium-replay-v2,0,adm,7,92,4,7.480191097666809,8.412476526447557,0.0594851919842372,20000,20000,20,,
walker2d-medium-replay-v2,0,adm,7,93,1,7.841931852858004,8.726629842348295,0.06170659138429371,20000,20000,20,,
walker2d-medium-replay-v2,0,adm,7,94,2,7.874514994825636,8.790371005768737,0.06215730947324686,20000,20000,20,,
walker2d-medium-replay-v2,0,adm,7,95,1,8.16949149222801,9.071609200072972,0.0641459638164587,20000,20000,20,,
walker2d-medium-replay-v2,0,adm,7,96,2,8.210764470004586,9.03298997702845,0.06387288467146933,20000,20000,20,,
walker2d-medium-replay-v2,0,adm,7,97,4,8.051084641565279,8.834823326485555,0.06247163484743027,20000,20000,20,,
walker2d-medium-replay-v2,0,adm,7,98,2,8.656591901111106,9.565847050444983,0.06764075317162982,20000,20000,20,,
walker2d-medium-replay-v2,0,adm,7,99,1,8.967679391782022,9.841114996302268,0.0695871914832196,20000,20000,20,,
walker2d-medium-replay-v2,0,adm,7,100,1,9.432006661962973,10.441082343950177,0.07382960128334302,20000,20000,20,,
walker2d-medium-replay-v2,0,adm,8,1,2,0.25069220282404175,0.7059443255457183,0.0049917801973354105,20000,20000,20,,
walker2d-medium-replay-v2,0,adm,8,2,1,0.43046125237480093,1.0738961870577661,0.007593592761589235,20000,20000,20,,
walker2d-medium-replay-v2,0,adm,8,3,4,0.33218480921414184,0.8977735580747197,0.00634821770884609,20000,20000,20,,
walker2d-medium-replay-v2,0,adm,8,4,4,0.3314004716087608,0.870786298061452,0.0061573889632358285,20000,20000,20,,
walker2d-medium-replay-v2,0,adm,8,5,2,0.5185493016808048,1.3194110019378678,0.009329644666424032,20000,20000,20,,
walker2d-medium-replay-v2,0,adm,8,6,2,0.5197678220832895,1.332854098120287,0.009424701711131349,20000,20000,20,,
walker2d-medium-replay-v2,0,adm,8,7,2,0.6864260887010983,1.677095182319732,0.011858853761135718,20000,20000,20,,
walker2d-medium-replay-v2,0,adm,8,8,2,0.6768951383791963,1.656682539373265,0.01171451457864185,20000,20000,20,,
walker2d-medium-replay-v2,0,adm,8,9,3,0.7083318243531624,1.733318913761072,0.012256415578793546,20000,20000,20,,
walker2d-medium-replay-v2,0,adm,8,10,3,0.8922217152851412,2.186597012821065,0.015461575754880231,20000,20000,20,,
walker2d-medium-replay-v2,0,adm,8,11,1,1.0482632543644008,2.4156570102503028,0.017081274529688103,20000,20000,20,,
walker2d-medium-replay-v2,0,adm,8,12,1,1.1623125154853893,2.655087141794734,0.01877430122604265,20000,20000,20,,
walker2d-medium-replay-v2,0,adm,8,13,1,1.2581035042373654,2.7845533702880756,0.019689765707065536,20000,20000,20,,
walker2d-medium-replay-v2,0,adm,8,14,2,1.2605604308366698,2.8527939915511946,0.02017229976754088,20000,20000,20,,
walker2d-medium-replay-v2,0,adm,8,15,5,1.1436519841250923,2.616369833294827,0.01850052851214689,20000,20000,20,,
walker2d-medium-replay-v2,0,adm,8,16,4,1.301614295950441,2.852582954112191,0.020170807507498844,20000,20000,20,,
walker2d-medium-replay-v2,0,adm,8,17,5,1.345195605154626,2.903805003313371,0.020533002090863096,20000,20000,20,,
walker2d-medium-replay-v2,0,adm,8,18,1,1.4963803751130293,3.1092745661238035,0.021985891302770018,20000,20000,20,,
walker2d-medium-replay-v2,0,adm,8,19,1,1.6197930406220487,3.233975254861446,0.02286765832902022,20000,20000,20,,
walker2d-medium-replay-v2,0,adm,8,20,4,1.5114621716023706,3.0952267983794473,0.021886558584444337,20000,20000,20,,
walker2d-medium-replay-v2,0,adm,8,21,4,1.5593917500813108,3.2355329099540127,0.022878672613807254,20000,20000,20,,
walker2d-medium-replay-v2,0,adm,8,22,1,1.7132322169102618,3.3657630847301916,0.023799539010800706,20000,20000,20,,
walker2d-medium-replay-v2,0,adm,8,23,5,1.6880786761107702,3.2975188544107987,0.023316979430443713,20000,20000,20,,
walker2d-medium-replay-v2,0,adm,8,24,4,1.7171485143503713,3.367572913065955,0.023812336429690724,20000,20000,20,,
walker2d-medium-replay-v2,0,adm,8,25,1,1.8926480578432132,3.594735017891861,0.0254186150772008,20000,20000,20,,
walker2d-medium-replay-v2,0,adm,8,26,2,1.9144809320591458,3.661531793724342,0.02589093960872625,20000,20000,20,,
walker2d-medium-replay-v2,0,adm,8,27,1,2.0412759054624834,3.744962053629322,0.026480880634075925,20000,20000,20,,
walker2d-medium-replay-v2,0,adm,8,28,3,2.0234735410174576,3.648543397695272,0.02579909777963733,20000,20000,20,,
walker2d-medium-replay-v2,0,adm,8,29,5,1.9995205293282305,3.6269359744259857,0.02564631022446053,20000,20000,20,,
walker2d-medium-replay-v2,0,adm,8,30,2,2.26582360825333,4.056425407220631,0.02868325912823111,20000,20000,20,,
walker2d-medium-replay-v2,0,adm,8,31,4,2.2952861091460495,4.071313811898329,0.028788536047317605,20000,20000,20,,
walker2d-medium-replay-v2,0,adm,8,32,1,2.4635094155367447,4.2846994944702805,0.030297400678865074,20000,20000,20,,
walker2d-medium-replay-v2,0,adm,8,33,4,2.3302015309060113,4.117938732924884,0.029118224025619244,20000,20000,20,,
walker2d-medium-replay-v2,0,adm,8,34,5,2.419727288249748,4.272597660517868,0.03021182779033963,20000,20000,20,,
walker2d-medium-replay-v2,0,adm,8,35,1,2.6111436054578827,4.531194817477458,0.03204038582315651,20000,20000,20,,
walker2d-medium-replay-v2,0,adm,8,36,1,2.770225515417088,4.741151955487,0.03352500698360718,20000,20000,20,,
walker2d-medium-replay-v2,0,adm,8,37,2,2.764734917822049,4.633870889761333,0.03276641529293179,20000,20000,20,,
walker2d-medium-replay-v2,0,adm,8,38,4,2.7077531590166015,4.545311877056502,0.03214020850874407,20000,20000,20,,
walker2d-medium-replay-v2,0,adm,8,39,3,2.9183527221870187,4.795681775615942,0.033910591039507755,20000,20000,20,,
walker2d-medium-replay-v2,0,adm,8,40,3,2.990406890471604,4.824709293668914,0.03411584658807047,20000,20000,20,,
walker2d-medium-replay-v2,0,adm,8,41,2,3.1930250505839957,5.138437836607571,0.03633424238970746,20000,20000,20,,
walker2d-medium-replay-v2,0,adm,8,42,1,3.346744167992985,5.2863584699430985,0.03738019921879707,20000,20000,20,,
walker2d-medium-replay-v2,0,adm,8,43,3,3.2589430583136694,5.185348231034226,0.0366659489697797,20000,20000,20,,
walker2d-medium-replay-v2,0,adm,8,44,4,3.281095478573723,5.1921898241698905,0.036714326338783174,20000,20000,20,,
walker2d-medium-replay-v2,0,adm,8,45,2,3.4701684695964934,5.456825507023342,0.038585583197679255,20000,20000,20,,
walker2d-medium-replay-v2,0,adm,8,46,2,3.4829612226069773,5.4215347344402165,0.03833603975161085,20000,20000,20,,
walker2d-medium-replay-v2,0,adm,8,47,5,3.4844894299646696,5.354231299009218,0.03786013259570675,20000,20000,20,,
walker2d-medium-replay-v2,0,adm,8,48,4,3.48050207005733,5.344371785561075,0.03779041530752293,20000,20000,20,,
walker2d-medium-replay-v2,0,adm,8,49,3,3.6572238998283892,5.617493314566013,0.03972167615999723,20000,20000,20,,
walker2d-medium-replay-v2,0,adm,8,50,4,3.70613093890324,5.5762601090075306,0.03943011336739261,20000,20000,20,,
walker2d-medium-replay-v2,0,adm,8,51,2,3.9530175036453397,5.966738789011952,0.0421912145927916,20000,20000,20,,
walker2d-medium-replay-v2,0,adm,8,52,2,4.012976995880347,6.027502221004891,0.04262087694089534,20000,20000,20,,
walker2d-medium-replay-v2,0,adm,8,53,3,3.999590397583433,6.006010407875044,0.042468906872854255,20000,20000,20,,
walker2d-medium-replay-v2,0,adm,8,54,2,4.1799115756354555,6.143319121753674,0.04343982609985008,20000,20000,20,,
walker2d-medium-replay-v2,0,adm,8,55,1,4.3522412040654235,6.245693121196506,0.04416371959208223,20000,20000,20,,
walker2d-medium-replay-v2,0,adm,8,56,2,4.400303352961974,6.402016235163754,0.04526909093150661,20000,20000,20,,
walker2d-medium-replay-v2,0,adm,8,57,4,4.246094800335771,6.11384210326821,0.04323139210324776,20000,20000,20,,
walker2d-medium-replay-v2,0,adm,8,58,5,4.2586551528197845,6.103795581429234,0.04316035246605097,20000,20000,20,,
walker2d-medium-replay-v2,0,adm,8,59,4,4.4904761316313015,6.276095549606302,0.044378697225013274,20000,20000,20,,
walker2d-medium-replay-v2,0,adm,8,60,1,4.767915893132431,6.613234014553612,0.04676262617264394,20000,20000,20,,
walker2d-medium-replay-v2,0,adm,8,61,4,4.55802279904015,6.35416378403357,0.0449307230046011,20000,20000,20,,
walker2d-medium-replay-v2,0,adm,8,62,4,4.58880357367581,6.292980827580642,0.044498094170592035,20000,20000,20,,
walker2d-medium-replay-v2,0,adm,8,63,3,4.867782573084254,6.61002533602713,0.04673993738919671,20000,20000,20,,
walker2d-medium-replay-v2,0,adm,8,64,2,4.922952046327577,6.651712225944334,0.04703470821466703,20000,20000,20,,
walker2d-medium-replay-v2,0,adm,8,65,2,5.1754136212216135,6.939496855428057,0.04906965284495902,20000,20000,20,,
walker2d-medium-replay-v2,0,adm,8,66,4,4.920140220618992,6.5985710553119565,0.046658943393523576,20000,20000,20,,
walker2d-medium-replay-v2,0,adm,8,67,3,5.164205315714189,6.853740548226212,0.048463264181439605,20000,20000,20,,
walker2d-medium-replay-v2,0,adm,8,68,5,5.231912665232354,6.814316731609938,0.04818449570074338,20000,20000,20,,
walker2d-medium-replay-v2,0,adm,8,69,4,5.424497820102475,7.096518393392413,0.05017996278782839,20000,20000,20,,
walker2d-medium-replay-v2,0,adm,8,70,1,5.651642592583406,7.312474549386724,0.051707003411253956,20000,20000,20,,
walker2d-medium-replay-v2,0,adm,8,71,1,5.899962856681583,7.5916312858968045,0.0536809396252558,20000,20000,20,,
walker2d-medium-replay-v2,0,adm,8,72,3,5.6978137173365555,7.294325778858899,0.05157867222414972,20000,20000,20,,
walker2d-medium-replay-v2,0,adm,8,73,3,5.779634567562161,7.375226314942911,0.05215072540081604,20000,20000,20,,
walker2d-medium-replay-v2,0,adm,8,74,1,6.042245743261604,7.717992384808899,0.05457444752444506,20000,20000,20,,
walker2d-medium-replay-v2,0,adm,8,75,5,5.801338499780346,7.240056706383924,0.05119493193259213,20000,20000,20,,
walker2d-medium-replay-v2,0,adm,8,76,4,5.9256788601793655,7.366150840460544,0.05208655210532637,20000,20000,20,,
walker2d-medium-replay-v2,0,adm,8,77,4,6.088255306024329,7.571305893535103,0.05353721739756344,20000,20000,20,,
walker2d-medium-replay-v2,0,adm,8,78,3,6.204502039016421,7.6616006523902875,0.05417569776048448,20000,20000,20,,
walker2d-medium-replay-v2,0,adm,8,79,2,6.3642654631935835,7.884208900788236,0.05574977578038697,20000,20000,20,,
walker2d-medium-replay-v2,0,adm,8,80,4,6.221610441977843,7.647892746508049,0.05407876822843251,20000,20000,20,,
walker2d-medium-replay-v2,0,adm,8,81,1,6.493994209467335,7.806721360309821,0.05520185612708943,20000,20000,20,,
walker2d-medium-replay-v2,0,adm,8,82,1,6.761024528699409,8.083855578300652,0.057161490975490906,20000,20000,20,,
walker2d-medium-replay-v2,0,adm,8,83,3,6.546140913011508,7.791079898154101,0.055091254287509606,20000,20000,20,,
walker2d-medium-replay-v2,0,adm,8,84,5,6.589512541087068,7.765089333853047,0.05490747324486821,20000,20000,20,,
walker2d-medium-replay-v2,0,adm,8,85,5,6.572197473989734,7.709202580197,0.05451229421998127,20000,20000,20,,
walker2d-medium-replay-v2,0,adm,8,86,1,6.927372289680017,8.055535557651831,0.05696123818904966,20000,20000,20,,
walker2d-medium-replay-v2,0,adm,8,87,4,6.87823461443073,7.994728396419102,0.056531266628526,20000,20000,20,,
walker2d-medium-replay-v2,0,adm,8,88,4,7.018813496236984,8.10438854881601,0.057306681002384036,20000,20000,20,,
walker2d-medium-replay-v2,0,adm,8,89,1,7.341665596496611,8.378223454643798,0.05924298619074812,20000,20000,20,,
walker2d-medium-replay-v2,0,adm,8,90,2,7.483687593548508,8.628350871093605,0.061011654114071424,20000,20000,20,,
walker2d-medium-replay-v2,0,adm,8,91,5,7.288523198622391,8.2791469942088,0.05854240982045264,20000,20000,20,,
walker2d-medium-replay-v2,0,adm,8,92,5,7.346879179782419,8.366434864651518,0.059159628271506434,20000,20000,20,,
walker2d-medium-replay-v2,0,adm,8,93,5,7.472518017463386,8.35080514564597,0.059049109468537794,20000,20000,20,,
walker2d-medium-replay-v2,0,adm,8,94,5,7.64866657151248,8.418081666051124,0.059524826306469,20000,20000,20,,
walker2d-medium-replay-v2,0,adm,8,95,3,7.862234381495766,8.705401019762352,0.061556480940222445,20000,20000,20,,
walker2d-medium-replay-v2,0,adm,8,96,5,7.809898421944826,8.572079576122848,0.060613755971471714,20000,20000,20,,
walker2d-medium-replay-v2,0,adm,8,97,5,7.865446259835541,8.590159631674874,0.06074160127032239,20000,20000,20,,
walker2d-medium-replay-v2,0,adm,8,98,1,8.351074887784876,9.132679709284984,0.064577797528402,20000,20000,20,,
walker2d-medium-replay-v2,0,adm,8,99,4,8.303207546398149,9.037230449851865,0.06390286934235807,20000,20000,20,,
walker2d-medium-replay-v2,0,adm,8,100,1,8.657956438648252,9.366664086820286,0.06623231692887124,20000,20000,20,,
walker2d-medium-replay-v2,0,adm,9,1,1,0.2631405378183706,0.6765572793115313,0.004783982400623049,20000,20000,20,,
walker2d-medium-replay-v2,0,adm,9,2,1,0.42657971053201216,1.1718463538485517,0.008286205033150414,20000,20000,20,,
walker2d-medium-replay-v2,0,adm,9,3,4,0.330034087014594,0.8820093918906502,0.006236748220761018,20000,20000,20,,
walker2d-medium-replay-v2,0,adm,9,4,2,0.5249167066607999,1.2991566070962168,0.00918642446701042,20000,20000,20,,
walker2d-medium-replay-v2,0,adm,9,5,4,0.4775959230836547,1.1932653024262396,0.008437659871002104,20000,20000,20,,
walker2d-medium-replay-v2,0,adm,9,6,4,0.6351009793873318,1.5293322936376077,0.010814012355187287,20000,20000,20,,
walker2d-medium-replay-v2,0,adm,9,7,4,0.593583771773598,1.4545638673982484,0.010285319743062316,20000,20000,20,,
walker2d-medium-replay-v2,0,adm,9,8,5,0.6630371654188822,1.5923351958632834,0.01125951014916937,20000,20000,20,,
walker2d-medium-replay-v2,0,adm,9,9,5,0.8710110319114316,2.022014948760218,0.014297804819289195,20000,20000,20,,
walker2d-medium-replay-v2,0,adm,9,10,2,0.8391355597390612,2.072614196157283,0.0146555955288632,20000,20000,20,,
walker2d-medium-replay-v2,0,adm,9,11,5,0.9459935131793874,2.223315468885977,0.015721214447662227,20000,20000,20,,
walker2d-medium-replay-v2,0,adm,9,12,4,0.8764849249628344,2.087563023614716,0.014761299701522583,20000,20000,20,,
walker2d-medium-replay-v2,0,adm,9,13,1,1.0367134138912635,2.346078630708699,0.01658928108970971,20000,20000,20,,
walker2d-medium-replay-v2,0,adm,9,14,1,1.1827126279149827,2.6332883919618877,0.0186201607877607,20000,20000,20,,
walker2d-medium-replay-v2,0,adm,9,15,4,1.1633965206394503,2.5915982244466638,0.018325366786172522,20000,20000,20,,
walker2d-medium-replay-v2,0,adm,9,16,4,1.1159365124019667,2.5732159687022733,0.018195384609268884,20000,20000,20,,
walker2d-medium-replay-v2,0,adm,9,17,3,1.2848310020631397,2.787645339647444,0.01971162923207784,20000,20000,20,,
walker2d-medium-replay-v2,0,adm,9,18,1,1.4568241627492988,2.9874316315068885,0.02112433164969712,20000,20000,20,,
walker2d-medium-replay-v2,0,adm,9,19,4,1.3901080234958485,2.917033665722645,0.02062654285981935,20000,20000,20,,
walker2d-medium-replay-v2,0,adm,9,20,1,1.5779460119726434,3.2014698306351406,0.022637810270062557,20000,20000,20,,
walker2d-medium-replay-v2,0,adm,9,21,1,1.6844612995969857,3.3239052908089106,0.02350355971152824,20000,20000,20,,
walker2d-medium-replay-v2,0,adm,9,22,3,1.5924945995937334,3.249518082877659,0.022977562719911023,20000,20000,20,,
walker2d-medium-replay-v2,0,adm,9,23,4,1.619199995427211,3.22057722808642,0.022772919973148818,20000,20000,20,,
walker2d-medium-replay-v2,0,adm,9,24,2,1.75941686840388,3.4528717770803037,0.024415490481411277,20000,20000,20,,
walker2d-medium-replay-v2,0,adm,9,25,1,1.8905927679833472,3.6158462824749384,0.025567894260661975,20000,20000,20,,
walker2d-medium-replay-v2,0,adm,9,26,1,2.02701551701535,3.7628594341988175,0.02660743422573759,20000,20000,20,,
walker2d-medium-replay-v2,0,adm,9,27,2,2.0097562356405687,3.735782050254437,0.02641596820769896,20000,20000,20,,
walker2d-medium-replay-v2,0,adm,9,28,1,2.124570700590574,3.8564268485757567,0.027269055757777844,20000,20000,20,,
walker2d-medium-replay-v2,0,adm,9,29,1,2.285498604427638,4.067834116732595,0.028763930886836077,20000,20000,20,,
walker2d-medium-replay-v2,0,adm,9,30,1,2.4156288225930833,4.252712655233041,0.030071219569531314,20000,20000,20,,
walker2d-medium-replay-v2,0,adm,9,31,1,2.572887928316476,4.511043325333988,0.03189789325569976,20000,20000,20,,
walker2d-medium-replay-v2,0,adm,9,32,2,2.5798716770665626,4.574825292564112,0.032348899871158146,20000,20000,20,,
walker2d-medium-replay-v2,0,adm,9,33,3,2.5863288149996477,4.478442254817044,0.03166736887533504,20000,20000,20,,
walker2d-medium-replay-v2,0,adm,9,34,5,2.5369261783898573,4.454707973064241,0.031499542159595044,20000,20000,20,,
walker2d-medium-replay-v2,0,adm,9,35,4,2.7046799800314174,4.539230255129731,0.032097204947693754,20000,20000,20,,
walker2d-medium-replay-v2,0,adm,9,36,3,2.7778918820461267,4.666639845377103,0.03299812680021491,20000,20000,20,,
walker2d-medium-replay-v2,0,adm,9,37,2,2.9655123878815792,4.927816203767142,0.03484492254124696,20000,20000,20,,
walker2d-medium-replay-v2,0,adm,9,38,3,2.972534498049682,4.970414581508179,0.03514613855892929,20000,20000,20,,
walker2d-medium-replay-v2,0,adm,9,39,3,3.0258249839341285,4.9630414588465674,0.035094002708603834,20000,20000,20,,
walker2d-medium-replay-v2,0,adm,9,40,4,3.062492638818633,5.012546628024634,0.03544405711689981,20000,20000,20,,
walker2d-medium-replay-v2,0,adm,9,41,2,3.272453716440009,5.312263541383121,0.037563375735620685,20000,20000,20,,
walker2d-medium-replay-v2,0,adm,9,42,1,3.381168490759786,5.329120963490296,0.03768257571047376,20000,20000,20,,
walker2d-medium-replay-v2,0,adm,9,43,5,3.2816582974965596,5.167235086479609,0.036537869696347876,20000,20000,20,,
walker2d-medium-replay-v2,0,adm,9,44,3,3.415287111730229,5.314362970323605,0.03757822094002504,20000,20000,20,,
walker2d-medium-replay-v2,0,adm,9,45,5,3.3970550800509516,5.333365714135428,0.037712590630129945,20000,20000,20,,
walker2d-medium-replay-v2,0,adm,9,46,4,3.6115561031434473,5.554286617683853,0.03927473732017945,20000,20000,20,,
walker2d-medium-replay-v2,0,adm,9,47,4,3.5619027932417766,5.3991658873891515,0.03817786811723952,20000,20000,20,,
walker2d-medium-replay-v2,0,adm,9,48,1,3.786462237783116,5.577629661644323,0.0394397975669593,20000,20000,20,,
walker2d-medium-replay-v2,0,adm,9,49,1,3.9860465721979925,5.885656525225496,0.041617876407218,20000,20000,20,,
walker2d-medium-replay-v2,0,adm,9,50,4,3.871578892442378,5.7216878897584476,0.040458443066811456,20000,20000,20,,
walker2d-medium-replay-v2,0,adm,9,51,1,4.070293352433155,5.933092284367743,0.04195329787682015,20000,20000,20,,
walker2d-medium-replay-v2,0,adm,9,52,1,4.266652682177598,6.180402328258356,0.0437020439677261,20000,20000,20,,
walker2d-medium-replay-v2,0,adm,9,53,1,4.396425546191714,6.306169601079776,0.04459135288235975,20000,20000,20,,
walker2d-medium-replay-v2,0,adm,9,54,4,4.139929637088027,5.9634094410929475,0.042167672547887024,20000,20000,20,,
walker2d-medium-replay-v2,0,adm,9,55,2,4.515025953769905,6.381060012915362,0.04512090806290771,20000,20000,20,,
walker2d-medium-replay-v2,0,adm,9,56,2,4.423931750514127,6.322970599971005,0.04471015388482671,20000,20000,20,,
walker2d-medium-replay-v2,0,adm,9,57,1,4.574462894869482,6.391222746288385,0.045192769439742264,20000,20000,20,,
walker2d-medium-replay-v2,0,adm,9,58,3,4.7351814169212565,6.57398285047366,0.046485078529739945,20000,20000,20,,
walker2d-medium-replay-v2,0,adm,9,59,4,4.74441626800189,6.5583359082775505,0.04637443794042291,20000,20000,20,,
walker2d-medium-replay-v2,0,adm,9,60,4,4.696338787655216,6.455880134833687,0.045649966218684224,20000,20000,20,,
walker2d-medium-replay-v2,0,adm,9,61,5,4.6937166027608574,6.411119055860083,0.04533345759392961,20000,20000,20,,
walker2d-medium-replay-v2,0,adm,9,62,1,4.937538899426568,6.665176691752028,0.04712991636544378,20000,20000,20,,
walker2d-medium-replay-v2,0,adm,9,63,4,4.915604211374666,6.534775947745734,0.04620784386185756,20000,20000,20,,
walker2d-medium-replay-v2,0,adm,9,64,1,5.144256943214498,6.798752274758423,0.04807443837089146,20000,20000,20,,
walker2d-medium-replay-v2,0,adm,9,65,3,5.113234424315838,6.692968001465381,0.047326430601007455,20000,20000,20,,
walker2d-medium-replay-v2,0,adm,9,66,1,5.377342941873832,6.98509222251257,0.04939206077752051,20000,20000,20,,
walker2d-medium-replay-v2,0,adm,9,67,1,5.606992445328601,7.315558576049567,0.051728810772920526,20000,20000,20,,
walker2d-medium-replay-v2,0,adm,9,68,5,5.27525549201124,6.846086879136438,0.04840914456829623,20000,20000,20,,
walker2d-medium-replay-v2,0,adm,9,69,3,5.548949517148644,7.191483902143892,0.0508514703399984,20000,20000,20,,
walker2d-medium-replay-v2,0,adm,9,70,3,5.696743117601255,7.334641788473952,0.051863749462041586,20000,20000,20,,
walker2d-medium-replay-v2,0,adm,9,71,5,5.587895100166346,7.121683139608037,0.05035790441478745,20000,20000,20,,
walker2d-medium-replay-v2,0,adm,9,72,2,6.007150557254626,7.6532087991076825,0.05411635839685596,20000,20000,20,,
walker2d-medium-replay-v2,0,adm,9,73,3,6.003084377691998,7.51168039813003,0.053115601476238096,20000,20000,20,,
walker2d-medium-replay-v2,0,adm,9,74,1,6.177371925717675,7.769818209499153,0.0549409114452357,20000,20000,20,,
walker2d-medium-replay-v2,0,adm,9,75,3,6.106660343375181,7.641399613618584,0.054032854845459645,20000,20000,20,,
walker2d-medium-replay-v2,0,adm,9,76,5,5.905132896546551,7.255914168331638,0.051307061121348495,20000,20000,20,,
walker2d-medium-replay-v2,0,adm,9,77,2,6.366947752076289,7.909043227265125,0.05592538098696707,20000,20000,20,,
walker2d-medium-replay-v2,0,adm,9,78,2,6.271042771907128,7.672575906018116,0.054253304523139284,20000,20000,20,,
walker2d-medium-replay-v2,0,adm,9,79,2,6.533759713925899,8.061187454042324,0.05700120313169248,20000,20000,20,,
walker2d-medium-replay-v2,0,adm,9,80,2,6.491852075855644,7.877221715974624,0.055700368922755886,20000,20000,20,,
walker2d-medium-replay-v2,0,adm,9,81,4,6.546008851727376,7.92981568016466,0.05607226441003846,20000,20000,20,,
walker2d-medium-replay-v2,0,adm,9,82,2,6.804415035755569,8.229876862601024,0.05819401737875453,20000,20000,20,,
walker2d-medium-replay-v2,0,adm,9,83,4,6.789805966588189,8.146102167309003,0.057601640827426276,20000,20000,20,,
walker2d-medium-replay-v2,0,adm,9,84,2,7.078229221983041,8.420685204064835,0.059543236100314714,20000,20000,20,,
walker2d-medium-replay-v2,0,adm,9,85,4,6.901177288397605,8.05412781900873,0.056951283973642915,20000,20000,20,,
walker2d-medium-replay-v2,0,adm,9,86,1,7.178027842644112,8.249173536933684,0.05833046547150424,20000,20000,20,,
walker2d-medium-replay-v2,0,adm,9,87,1,7.518636158584905,8.682573840339497,0.061395068406569824,20000,20000,20,,
walker2d-medium-replay-v2,0,adm,9,88,4,7.3054917410044276,8.386100018531518,0.05929868190812268,20000,20000,20,,
walker2d-medium-replay-v2,0,adm,9,89,5,7.333085554092421,8.348252820681875,0.05903106180563877,20000,20000,20,,
walker2d-medium-replay-v2,0,adm,9,90,3,7.686365424810075,8.711075991007672,0.06159660904672849,20000,20000,20,,
walker2d-medium-replay-v2,0,adm,9,91,5,7.476409373599726,8.483818277792231,0.05998965434581263,20000,20000,20,,
walker2d-medium-replay-v2,0,adm,9,92,3,7.6922533570490925,8.681028446894974,0.06138414082472759,20000,20000,20,,
walker2d-medium-replay-v2,0,adm,9,93,2,7.968045069975848,8.862055619210272,0.06266419623595931,20000,20000,20,,
walker2d-medium-replay-v2,0,adm,9,94,1,8.26528067843107,9.128693887099116,0.06454961350943969,20000,20000,20,,
walker2d-medium-replay-v2,0,adm,9,95,2,8.27563334648674,9.173298019929108,0.06486501235737001,20000,20000,20,,
walker2d-medium-replay-v2,0,adm,9,96,1,8.550262852576717,9.447499040337082,0.06680390636675751,20000,20000,20,,
walker2d-medium-replay-v2,0,adm,9,97,4,8.208448626507263,8.92188784312232,0.06308727394857613,20000,20000,20,,
walker2d-medium-replay-v2,0,adm,9,98,1,8.506111035201384,9.15052488745657,0.06470398199336809,20000,20000,20,,
walker2d-medium-replay-v2,0,adm,9,99,5,8.364099909963691,8.986157451438599,0.06354172870722256,20000,20000,20,,
walker2d-medium-replay-v2,0,adm,9,100,1,8.755164629155328,9.368192004631517,0.06624312093932543,20000,20000,20,,
walker2d-medium-replay-v2,0,adm,10,1,4,0.33487215793724867,0.8807337959945164,0.0062277283956789185,20000,20000,20,,
walker2d-medium-replay-v2,0,adm,10,2,4,0.33840492605020644,0.8945773887718901,0.006325617378967579,20000,20000,20,,
walker2d-medium-replay-v2,0,adm,10,3,4,0.32929787355157136,0.8907818239710831,0.0062987786828767435,20000,20000,20,,
walker2d-medium-replay-v2,0,adm,10,4,4,0.3268969603088371,0.8452037237196393,0.005976492845262781,20000,20000,20,,
walker2d-medium-replay-v2,0,adm,10,5,3,0.544141394150354,1.330553334636211,0.009408432856516383,20000,20000,20,,
walker2d-medium-replay-v2,0,adm,10,6,3,0.5383406285136898,1.3435326157561833,0.009500210233464973,20000,20000,20,,
walker2d-medium-replay-v2,0,adm,10,7,3,0.532404366177441,1.3208431208299916,0.009339771276224894,20000,20000,20,,
walker2d-medium-replay-v2,0,adm,10,8,3,0.7754332219228504,1.9288393084337365,0.013638953548126657,20000,20000,20,,
walker2d-medium-replay-v2,0,adm,10,9,2,0.7226861012831214,1.742994514326543,0.012324832406512515,20000,20000,20,,
walker2d-medium-replay-v2,0,adm,10,10,4,0.8029480863138524,1.9649724596702183,0.01389445351077621,20000,20000,20,,
walker2d-medium-replay-v2,0,adm,10,11,3,0.9741779479349865,2.3202988371295956,0.016406990421135977,20000,20000,20,,
walker2d-medium-replay-v2,0,adm,10,12,1,1.1369536436162184,2.5383318149633407,0.01794871639262135,20000,20000,20,,
walker2d-medium-replay-v2,0,adm,10,13,1,1.2602118553248984,2.7796897624845953,0.01965537480647681,20000,20000,20,,
walker2d-medium-replay-v2,0,adm,10,14,5,0.9918352018582717,2.3438188007067127,0.016573301678522376,20000,20000,20,,
walker2d-medium-replay-v2,0,adm,10,15,4,1.1495636979285841,2.5525906994549667,0.018049541931783195,20000,20000,20,,
walker2d-medium-replay-v2,0,adm,10,16,3,1.3444637097873557,2.895618286333584,0.020475113259942473,20000,20000,20,,
walker2d-medium-replay-v2,0,adm,10,17,3,1.1621748269420504,2.6635986355943273,0.018834486575879845,20000,20000,20,,
walker2d-medium-replay-v2,0,adm,10,18,4,1.1943288844850337,2.668348484642764,0.018868073080597465,20000,20000,20,,
walker2d-medium-replay-v2,0,adm,10,19,4,1.3705451222239278,2.882276802620543,0.02038077472389666,20000,20000,20,,
walker2d-medium-replay-v2,0,adm,10,20,2,1.4203911548023769,3.0575213109951203,0.021619940526270323,20000,20000,20,,
walker2d-medium-replay-v2,0,adm,10,21,3,1.4091721407949032,2.973639537735126,0.02102680681936938,20000,20000,20,,
walker2d-medium-replay-v2,0,adm,10,22,5,1.4386628208466714,3.040503244725195,0.02149960462564886,20000,20000,20,,
walker2d-medium-replay-v2,0,adm,10,23,3,1.5522369167824632,3.197295316846666,0.022608291999982683,20000,20000,20,,
walker2d-medium-replay-v2,0,adm,10,24,1,1.7119603768698293,3.419848748186227,0.02418198240474807,20000,20000,20,,
walker2d-medium-replay-v2,0,adm,10,25,3,1.6348769982561757,3.3272788994751936,0.023527414727178224,20000,20000,20,,
walker2d-medium-replay-v2,0,adm,10,26,4,1.6634772229801273,3.370246891188285,0.023831244310321166,20000,20000,20,,
walker2d-medium-replay-v2,0,adm,10,27,2,1.806180887066532,3.5370489431408303,0.025010712930835923,20000,20000,20,,
walker2d-medium-replay-v2,0,adm,10,28,2,1.846354254912057,3.5570362954059704,0.02515204485408237,20000,20000,20,,
walker2d-medium-replay-v2,0,adm,10,29,4,1.8535150474922832,3.509954253321969,0.024819124541785295,20000,20000,20,,
walker2d-medium-replay-v2,0,adm,10,30,1,2.0343127422661795,3.7445036865998382,0.02647763948972772,20000,20000,20,,
walker2d-medium-replay-v2,0,adm,10,31,1,2.1955749280042345,4.025451799562479,0.028464242648102194,20000,20000,20,,
walker2d-medium-replay-v2,0,adm,10,32,1,2.3032016210864765,4.1123661598047745,0.029078819983200374,20000,20000,20,,
walker2d-medium-replay-v2,0,adm,10,33,2,2.3168718272538675,4.101608306628507,0.029002750473880894,20000,20000,20,,
walker2d-medium-replay-v2,0,adm,10,34,4,2.285404412026147,4.041921002186061,0.028580697496660902,20000,20000,20,,
walker2d-medium-replay-v2,0,adm,10,35,1,2.470286407987119,4.371018656857451,0.030907769329568187,20000,20000,20,,
walker2d-medium-replay-v2,0,adm,10,36,3,2.529856238555518,4.432386087278503,0.03134170259151538,20000,20000,20,,
walker2d-medium-replay-v2,0,adm,10,37,1,2.7028283018967296,4.606050643733622,0.03256969644672706,20000,20000,20,,
walker2d-medium-replay-v2,0,adm,10,38,3,2.6074131066543056,4.458443008437771,0.031525952848001,20000,20000,20,,
walker2d-medium-replay-v2,0,adm,10,39,5,2.5866281005027743,4.38055521269889,0.030975202962614638,20000,20000,20,,
walker2d-medium-replay-v2,0,adm,10,40,4,2.7850393709473087,4.621055432472306,0.03267579632540102,20000,20000,20,,
walker2d-medium-replay-v2,0,adm,10,41,3,2.848482397462702,4.697868178855328,0.03321894446389099,20000,20000,20,,
walker2d-medium-replay-v2,0,adm,10,42,5,2.9385981027719197,4.823806721375624,0.034109464438179506,20000,20000,20,,
walker2d-medium-replay-v2,0,adm,10,43,3,3.029273292183951,4.9746571967345,0.03517613837889426,20000,20000,20,,
walker2d-medium-replay-v2,0,adm,10,44,4,3.0760406546083656,5.018473860271513,0.03548596897805417,20000,20000,20,,
walker2d-medium-replay-v2,0,adm,10,45,5,3.1068498791118526,4.992063229452798,0.03529921761658089,20000,20000,20,,
walker2d-medium-replay-v2,0,adm,10,46,2,3.2949052957044596,5.257324236809534,0.03717489618744412,20000,20000,20,,
walker2d-medium-replay-v2,0,adm,10,47,4,3.266861500936071,5.152455822274848,0.03643336451694654,20000,20000,20,,
walker2d-medium-replay-v2,0,adm,10,48,5,3.321319517989277,5.144483622130157,0.03637699254911366,20000,20000,20,,
walker2d-medium-replay-v2,0,adm,10,49,4,3.415620867230634,5.2595725677765675,0.03719079428817553,20000,20000,20,,
walker2d-medium-replay-v2,0,adm,10,50,3,3.561519545289186,5.502907617014665,0.03891143292234174,20000,20000,20,,
walker2d-medium-replay-v2,0,adm,10,51,1,3.7779457450919565,5.669721779456262,0.04009098717694582,20000,20000,20,,
walker2d-medium-replay-v2,0,adm,10,52,5,3.6440086994272685,5.488175706775878,0.038807262586044965,20000,20000,20,,
walker2d-medium-replay-v2,0,adm,10,53,3,3.8294658015357754,5.788093111563194,0.04092799889325478,20000,20000,20,,
walker2d-medium-replay-v2,0,adm,10,54,5,3.7613181008537957,5.567468756093256,0.03936794911477774,20000,20000,20,,
walker2d-medium-replay-v2,0,adm,10,55,2,4.029497505954779,5.96513763447904,0.042179892720512105,20000,20000,20,,
walker2d-medium-replay-v2,0,adm,10,56,5,3.9493785406408497,5.701869393078635,0.040318305132859264,20000,20000,20,,
walker2d-medium-replay-v2,0,adm,10,57,2,4.251908896681404,6.216923746869415,0.04396028939531042,20000,20000,20,,
walker2d-medium-replay-v2,0,adm,10,58,4,4.0840426263673235,5.846269063886314,0.04133936499715142,20000,20000,20,,
walker2d-medium-replay-v2,0,adm,10,59,5,4.150940561800049,5.880857980410966,0.04158394557143619,20000,20000,20,,
walker2d-medium-replay-v2,0,adm,10,60,3,4.473484182428357,6.423791800974911,0.04542306743399904,20000,20000,20,,
walker2d-medium-replay-v2,0,adm,10,61,5,4.379213775975089,6.171007921495962,0.04363561548045696,20000,20000,20,,
walker2d-medium-replay-v2,0,adm,10,62,5,4.491208896890626,6.334150496009132,0.044789207687841906,20000,20000,20,,
walker2d-medium-replay-v2,0,adm,10,63,1,4.698307377586742,6.515512187308037,0.046071628505491076,20000,20000,20,,
walker2d-medium-replay-v2,0,adm,10,64,1,4.871277186017603,6.7066300732451225,0.047423036037012575,20000,20000,20,,
walker2d-medium-replay-v2,0,adm,10,65,3,4.677429427074309,6.394408192368312,0.04521529394498447,20000,20000,20,,
walker2d-medium-replay-v2,0,adm,10,66,2,5.018801654691546,6.85718179365873,0.048487597461250205,20000,20000,20,,
walker2d-medium-replay-v2,0,adm,10,67,3,5.052287957728949,6.810716281224094,0.04815903667191182,20000,20000,20,,
walker2d-medium-replay-v2,0,adm,10,68,5,4.975874450917811,6.657324996703287,0.04707439649731604,20000,20000,20,,
walker2d-medium-replay-v2,0,adm,10,69,3,5.343471577881284,7.140667938093993,0.050492147212276246,20000,20000,20,,
walker2d-medium-replay-v2,0,adm,10,70,3,5.412588990850963,7.153212008684893,0.050580847186061324,20000,20000,20,,
walker2d-medium-replay-v2,0,adm,10,71,5,5.354865826192623,6.9864497301363775,0.04940165980598357,20000,20000,20,,
walker2d-medium-replay-v2,0,adm,10,72,2,5.6540123014594394,7.407116020073394,0.05237621966829408,20000,20000,20,,
walker2d-medium-replay-v2,0,adm,10,73,5,5.368863743871278,6.946337588466503,0.04911802413215673,20000,20000,20,,
walker2d-medium-replay-v2,0,adm,10,74,2,5.837382094980985,7.5670165158870715,0.0535068869173435,20000,20000,20,,
walker2d-medium-replay-v2,0,adm,10,75,4,5.596500502932099,7.192530463705809,0.05085887064777201,20000,20000,20,,
walker2d-medium-replay-v2,0,adm,10,76,2,5.921574918067042,7.639832411841338,0.05402177305541787,20000,20000,20,,
walker2d-medium-replay-v2,0,adm,10,77,3,5.899248660790424,7.453556306760589,0.05270460208466171,20000,20000,20,,
walker2d-medium-replay-v2,0,adm,10,78,1,6.160015814794484,7.767048144885364,0.05492132413050835,20000,20000,20,,
walker2d-medium-replay-v2,0,adm,10,79,4,5.897458755455315,7.359110570539478,0.05203676987930068,20000,20000,20,,
walker2d-medium-replay-v2,0,adm,10,80,3,6.194222645277015,7.713279002007633,0.05454111887503403,20000,20000,20,,
walker2d-medium-replay-v2,0,adm,10,81,5,6.134378600481773,7.581807751854888,0.05361147674989324,20000,20000,20,,
walker2d-medium-replay-v2,0,adm,10,82,2,6.46998212300669,8.051348766694247,0.05693163310627448,20000,20000,20,,
walker2d-medium-replay-v2,0,adm,10,83,2,6.473996373540919,7.830478916848596,0.05536984742041934,20000,20000,20,,
walker2d-medium-replay-v2,0,adm,10,84,4,6.433691649109753,7.783721364527346,0.05503922159723893,20000,20000,20,,
walker2d-medium-replay-v2,0,adm,10,85,1,6.720545495207271,8.065624752831964,0.057032579572335526,20000,20000,20,,
walker2d-medium-replay-v2,0,adm,10,86,4,6.707016835354707,8.125778398753205,0.05745793008177557,20000,20000,20,,
walker2d-medium-replay-v2,0,adm,10,87,4,6.7642626120035665,7.931239838171468,0.05608233472787941,20000,20000,20,,
walker2d-medium-replay-v2,0,adm,10,88,3,6.969270689286607,8.1781506702366,0.057828257964896074,20000,20000,20,,
walker2d-medium-replay-v2,0,adm,10,89,5,6.8345328719826455,7.9904003964534835,0.05650066304727936,20000,20000,20,,
walker2d-medium-replay-v2,0,adm,10,90,3,7.135726098552616,8.316777027967326,0.05880849434092197,20000,20000,20,,
walker2d-medium-replay-v2,0,adm,10,91,5,7.080045581670326,8.193425808872753,0.05793626950602797,20000,20000,20,,
walker2d-medium-replay-v2,0,adm,10,92,3,7.331182890881842,8.378958409201925,0.05924818310426728,20000,20000,20,,
walker2d-medium-replay-v2,0,adm,10,93,2,7.512952170124161,8.551110444647897,0.06046548182085641,20000,20000,20,,
walker2d-medium-replay-v2,0,adm,10,94,4,7.456393597244575,8.487383071495339,0.06001486124382262,20000,20000,20,,
walker2d-medium-replay-v2,0,adm,10,95,3,7.691161677284104,8.622551113318696,0.060970643633552646,20000,20000,20,,
walker2d-medium-replay-v2,0,adm,10,96,5,7.581220009895453,8.415767297319764,0.05950846124822789,20000,20000,20,,
walker2d-medium-replay-v2,0,adm,10,97,1,7.9766568798578765,8.811833038999065,0.06230906896559902,20000,20000,20,,
walker2d-medium-replay-v2,0,adm,10,98,4,7.84967866536388,8.693921794055587,0.061475310556822205,20000,20000,20,,
walker2d-medium-replay-v2,0,adm,10,99,5,7.7963645694819235,8.60119284264583,0.06081961785328063,20000,20000,20,,
walker2d-medium-replay-v2,0,adm,10,100,2,8.284485882456833,9.130211554660125,0.06456034503967945,20000,20000,20,,
walker2d-medium-replay-v2,0,adm,11,1,2,0.246099226116311,0.6819995134811581,0.004822464807484531,20000,20000,20,,
walker2d-medium-replay-v2,0,adm,11,2,5,0.41293759397451024,0.9906285130339899,0.007004801392030804,20000,20000,20,,
walker2d-medium-replay-v2,0,adm,11,3,5,0.41164997677896065,1.00089640546658,0.00707740635570659,20000,20000,20,,
walker2d-medium-replay-v2,0,adm,11,4,4,0.3257955372019379,0.8622466167059301,0.0060970042972792095,20000,20000,20,,
walker2d-medium-replay-v2,0,adm,11,5,1,0.518088583193076,1.2769823497328505,0.0090296287895163,20000,20000,20,,
walker2d-medium-replay-v2,0,adm,11,6,3,0.5983145375502287,1.4560872587719993,0.010296091746770118,20000,20000,20,,
walker2d-medium-replay-v2,0,adm,11,7,5,0.7265937170495727,1.7379003616489888,0.012288811307485532,20000,20000,20,,
walker2d-medium-replay-v2,0,adm,11,8,3,0.6457730600209248,1.526822934496791,0.010796268506538247,20000,20000,20,,
walker2d-medium-replay-v2,0,adm,11,9,3,0.8245620625042129,2.0216826007006845,0.014295454763623093,20000,20000,20,,
walker2d-medium-replay-v2,0,adm,11,10,4,0.867704584676941,2.1161265232713116,0.014963274144538569,20000,20000,20,,
walker2d-medium-replay-v2,0,adm,11,11,1,1.0100426607743724,2.2917827115867557,0.016205350963690884,20000,20000,20,,
walker2d-medium-replay-v2,0,adm,11,12,2,1.0278950956299069,2.450856847045621,0.017330174962634396,20000,20000,20,,
walker2d-medium-replay-v2,0,adm,11,13,2,1.1282595537759457,2.5815936979552316,0.018254624100926,20000,20000,20,,
walker2d-medium-replay-v2,0,adm,11,14,3,1.1335080619777838,2.550071127769768,0.0180317258695403,20000,20000,20,,
walker2d-medium-replay-v2,0,adm,11,15,3,1.1929857214154527,2.656274321692615,0.01878269585560545,20000,20000,20,,
walker2d-medium-replay-v2,0,adm,11,16,1,1.3495235101749232,2.9353178624648852,0.02075583165486922,20000,20000,20,,
walker2d-medium-replay-v2,0,adm,11,17,4,1.3355258192379886,2.861644013146399,0.020234878870377046,20000,20000,20,,
walker2d-medium-replay-v2,0,adm,11,18,1,1.4969139902309214,3.124560790878846,0.02209398123460034,20000,20000,20,,
walker2d-medium-replay-v2,0,adm,11,19,4,1.392656904829426,2.9060891843622065,0.02054915368995399,20000,20000,20,,
walker2d-medium-replay-v2,0,adm,11,20,1,1.5420684435957845,3.113146785699962,0.022013272029975467,20000,20000,20,,
walker2d-medium-replay-v2,0,adm,11,21,3,1.6057823609332522,3.1994335454438443,0.022623411559390603,20000,20000,20,,
walker2d-medium-replay-v2,0,adm,11,22,5,1.5916112031375775,3.1703002976710426,0.02241740838880924,20000,20000,20,,
walker2d-medium-replay-v2,0,adm,11,23,5,1.679058040571916,3.2644411728741343,0.02308308490123867,20000,20000,20,,
walker2d-medium-replay-v2,0,adm,11,24,2,1.7645815686231918,3.4521048717368537,0.02441006764172246,20000,20000,20,,
walker2d-medium-replay-v2,0,adm,11,25,2,1.8686960856603554,3.575042373836366,0.025279367055689467,20000,20000,20,,
walker2d-medium-replay-v2,0,adm,11,26,1,1.9968828908767042,3.7120879276067162,0.02624842545971427,20000,20000,20,,
walker2d-medium-replay-v2,0,adm,11,27,5,1.874617108126757,3.4977116293852215,0.024732556117733385,20000,20000,20,,
walker2d-medium-replay-v2,0,adm,11,28,4,1.9803654552864915,3.6699789556898748,0.025950670063802344,20000,20000,20,,
walker2d-medium-replay-v2,0,adm,11,29,1,2.124191003315356,3.793165110530889,0.026821727718166117,20000,20000,20,,
walker2d-medium-replay-v2,0,adm,11,30,1,2.2745063558415497,4.0485766877537985,0.028627760300644824,20000,20000,20,,
walker2d-medium-replay-v2,0,adm,11,31,5,2.2669582219308473,4.03014237296214,0.028497410010687733,20000,20000,20,,
walker2d-medium-replay-v2,0,adm,11,32,4,2.2313441743008524,3.96655104950517,0.028047751450277228,20000,20000,20,,
walker2d-medium-replay-v2,0,adm,11,33,1,2.411308286685311,4.183795319356066,0.029583900414132114,20000,20000,20,,
walker2d-medium-replay-v2,0,adm,11,34,2,2.453805107061823,4.282144349439413,0.030279333075082657,20000,20000,20,,
walker2d-medium-replay-v2,0,adm,11,35,5,2.5384409018578435,4.312236388613244,0.03049211592467813,20000,20000,20,,
walker2d-medium-replay-v2,0,adm,11,36,1,2.728109413451032,4.5314743499149985,0.03204236241597797,20000,20000,20,,
walker2d-medium-replay-v2,0,adm,11,37,3,2.68608667329116,4.51950855798951,0.031957751489850174,20000,20000,20,,
walker2d-medium-replay-v2,0,adm,11,38,3,2.8004859808311355,4.651069248398601,0.03288802605310869,20000,20000,20,,
walker2d-medium-replay-v2,0,adm,11,39,5,2.778489833024265,4.659261649318391,0.03294595507555452,20000,20000,20,,
walker2d-medium-replay-v2,0,adm,11,40,1,2.9777120357843123,4.869006103618426,0.03442907233507278,20000,20000,20,,
walker2d-medium-replay-v2,0,adm,11,41,2,3.006025014030544,4.927049316044583,0.03483949982615665,20000,20000,20,,
walker2d-medium-replay-v2,0,adm,11,42,4,3.0507411857890347,4.852861038491858,0.03431490948473583,20000,20000,20,,
walker2d-medium-replay-v2,0,adm,11,43,4,3.0319809006212664,4.87312972198851,0.03445823072019791,20000,20000,20,,
walker2d-medium-replay-v2,0,adm,11,44,4,3.1885301599930513,5.088302468295992,0.03597973180060343,20000,20000,20,,
walker2d-medium-replay-v2,0,adm,11,45,5,3.2613287155730797,5.069514970791174,0.035846884131731614,20000,20000,20,,
walker2d-medium-replay-v2,0,adm,11,46,5,3.299489965321697,5.14646862437028,0.03639102863456028,20000,20000,20,,
walker2d-medium-replay-v2,0,adm,11,47,2,3.5087736754227916,5.413916584437604,0.03828217129634141,20000,20000,20,,
walker2d-medium-replay-v2,0,adm,11,48,1,3.6328288731393457,5.512475288021963,0.03897908657283596,20000,20000,20,,
walker2d-medium-replay-v2,0,adm,11,49,2,3.6688551494608053,5.597104551946522,0.039577505836914786,20000,20000,20,,
walker2d-medium-replay-v2,0,adm,11,50,2,3.810193459593133,5.807036403763274,0.04106194819698153,20000,20000,20,,
walker2d-medium-replay-v2,0,adm,11,51,2,3.9061382585153703,5.918445709653761,0.04184973095380603,20000,20000,20,,
walker2d-medium-replay-v2,0,adm,11,52,1,4.053218268678986,6.013603898517031,0.04252260096011251,20000,20000,20,,
walker2d-medium-replay-v2,0,adm,11,53,3,4.021845830707833,5.969818257333798,0.04221298972211986,20000,20000,20,,
walker2d-medium-replay-v2,0,adm,11,54,5,3.944224447281861,5.808084815603752,0.041069361588200314,20000,20000,20,,
walker2d-medium-replay-v2,0,adm,11,55,3,4.194055552042813,6.137414449766415,0.04339807376382135,20000,20000,20,,
walker2d-medium-replay-v2,0,adm,11,56,4,4.200270495505293,6.066556477639381,0.04289703223789982,20000,20000,20,,
walker2d-medium-replay-v2,0,adm,11,57,3,4.196804175644217,6.050105799468455,0.04278070837700203,20000,20000,20,,
walker2d-medium-replay-v2,0,adm,11,58,2,4.5006445187728925,6.472388666723769,0.04576669916715334,20000,20000,20,,
walker2d-medium-replay-v2,0,adm,11,59,5,4.272167538982841,6.049485316355617,0.042776320898835034,20000,20000,20,,
walker2d-medium-replay-v2,0,adm,11,60,5,4.486874628286787,6.280672150782694,0.04441105868227941,20000,20000,20,,
walker2d-medium-replay-v2,0,adm,11,61,4,4.526808368175641,6.2900569667134905,0.04447741935212795,20000,20000,20,,
walker2d-medium-replay-v2,0,adm,11,62,1,4.755911864902683,6.488175577798506,0.045878329485902695,20000,20000,20,,
walker2d-medium-replay-v2,0,adm,11,63,3,4.765249752962171,6.526024417534868,0.046145961198278934,20000,20000,20,,
walker2d-medium-replay-v2,0,adm,11,64,5,4.637109776076732,6.239520187183162,0.0441200703570757,20000,20000,20,,
walker2d-medium-replay-v2,0,adm,11,65,2,5.007530666676394,6.80852728291687,0.04814355811644138,20000,20000,20,,
walker2d-medium-replay-v2,0,adm,11,66,3,4.9831588087831316,6.688976221183323,0.04729820445194295,20000,20000,20,,
walker2d-medium-replay-v2,0,adm,11,67,4,4.9989349907282135,6.662521048121293,0.0471111381292467,20000,20000,20,,
walker2d-medium-replay-v2,0,adm,11,68,3,5.188528465469247,6.822552877956744,0.04824273405007009,20000,20000,20,,
walker2d-medium-replay-v2,0,adm,11,69,4,5.195709938830159,6.771812347792558,0.04788394432046913,20000,20000,20,,
walker2d-medium-replay-v2,0,adm,11,70,3,5.301253899325538,6.93981538437352,0.04907190518473242,20000,20000,20,,
walker2d-medium-replay-v2,0,adm,11,71,2,5.50579924978005,7.146356593820566,0.0505323720826772,20000,20000,20,,
walker2d-medium-replay-v2,0,adm,11,72,4,5.518490664552066,7.147163360896297,0.050538076787378074,20000,20000,20,,
walker2d-medium-replay-v2,0,adm,11,73,5,5.5190211251041,7.145038055980794,0.05052304861219966,20000,20000,20,,
walker2d-medium-replay-v2,0,adm,11,74,1,5.8280552853728205,7.494935053775571,0.05299719401077467,20000,20000,20,,
walker2d-medium-replay-v2,0,adm,11,75,1,6.071145473816972,7.710709282468539,0.054522948213915616,20000,20000,20,,
walker2d-medium-replay-v2,0,adm,11,76,4,5.805134995986342,7.360686070484139,0.05204791034624696,20000,20000,20,,
walker2d-medium-replay-v2,0,adm,11,77,5,5.833501926958339,7.3211167785292846,0.05176811319956668,20000,20000,20,,
walker2d-medium-replay-v2,0,adm,11,78,1,6.1289290743358285,7.607809693028425,0.05379533823917146,20000,20000,20,,
walker2d-medium-replay-v2,0,adm,11,79,4,6.143863289466704,7.53709427367186,0.05329530471355668,20000,20000,20,,
walker2d-medium-replay-v2,0,adm,11,80,3,6.159482052781557,7.563507402497391,0.05348207373860555,20000,20000,20,,
walker2d-medium-replay-v2,0,adm,11,81,3,6.2959764966168175,7.666216012586972,0.05420833328541143,20000,20000,20,,
walker2d-medium-replay-v2,0,adm,11,82,5,6.143711806206932,7.361008628546396,0.05205019117617845,20000,20000,20,,
walker2d-medium-replay-v2,0,adm,11,83,1,6.474944559613297,7.641277489242598,0.05403199129571557,20000,20000,20,,
walker2d-medium-replay-v2,0,adm,11,84,4,6.4878325413918745,7.671807381908584,0.05424787023704573,20000,20000,20,,
walker2d-medium-replay-v2,0,adm,11,85,4,6.739896447468973,8.023115172032433,0.05673199144384807,20000,20000,20,,
walker2d-medium-replay-v2,0,adm,11,86,1,7.011458911915435,8.246779179646774,0.05831353480876267,20000,20000,20,,
walker2d-medium-replay-v2,0,adm,11,87,5,6.696043441845692,7.808646167925503,0.05521546657226471,20000,20000,20,,
walker2d-medium-replay-v2,0,adm,11,88,1,7.037299971319167,8.140533054544694,0.057562261253417915,20000,20000,20,,
walker2d-medium-replay-v2,0,adm,11,89,2,7.174664667820769,8.35478971402135,0.05907728462172113,20000,20000,20,,
walker2d-medium-replay-v2,0,adm,11,90,4,7.2062097387087665,8.351896603045436,0.059056827237823184,20000,20000,20,,
walker2d-medium-replay-v2,0,adm,11,91,4,7.152112900852624,8.077223082289573,0.057114592146434634,20000,20000,20,,
walker2d-medium-replay-v2,0,adm,11,92,2,7.70741756365,8.832978169286944,0.06245858761575534,20000,20000,20,,
walker2d-medium-replay-v2,0,adm,11,93,2,7.592320761804438,8.513920597602448,0.06020250989048514,20000,20000,20,,
walker2d-medium-replay-v2,0,adm,11,94,4,7.566009118486286,8.507511131498472,0.06015718812102607,20000,20000,20,,
walker2d-medium-replay-v2,0,adm,11,95,5,7.623748242576358,8.519890661532534,0.06024472461737595,20000,20000,20,,
walker2d-medium-replay-v2,0,adm,11,96,3,7.893138235424731,8.655123319664424,0.06120096391340537,20000,20000,20,,
walker2d-medium-replay-v2,0,adm,11,97,4,7.894901335607241,8.748678761980312,0.061862500790190074,20000,20000,20,,
walker2d-medium-replay-v2,0,adm,11,98,5,7.941526036329253,8.716078261139481,0.061631980438043785,20000,20000,20,,
walker2d-medium-replay-v2,0,adm,11,99,4,8.100156973178963,8.811819607553039,0.06230897399093335,20000,20000,20,,
walker2d-medium-replay-v2,0,adm,11,100,5,8.094562723693917,8.781292062771564,0.06209311165165379,20000,20000,20,,
walker2d-medium-replay-v2,0,adm,12,1,4,0.33482659182444885,0.8852375787901345,0.006259574949236648,20000,20000,20,,
walker2d-medium-replay-v2,0,adm,12,2,1,0.5373419236390918,1.2788230691202982,0.009042644641127558,20000,20000,20,,
walker2d-medium-replay-v2,0,adm,12,3,3,0.2717578574033986,0.7166673570001728,0.0050676034798986256,20000,20000,20,,
walker2d-medium-replay-v2,0,adm,12,4,4,0.32934624253098715,0.8525750916143204,0.006028616287512279,20000,20000,20,,
walker2d-medium-replay-v2,0,adm,12,5,4,0.592565097064157,1.3973042461409624,0.009880433078270311,20000,20000,20,,
walker2d-medium-replay-v2,0,adm,12,6,3,0.4880549450109195,1.237124980614412,0.008747794629677268,20000,20000,20,,
walker2d-medium-replay-v2,0,adm,12,7,5,0.8113381199816169,1.9135547143634577,0.013530875146978878,20000,20000,20,,
walker2d-medium-replay-v2,0,adm,12,8,5,0.6125257903976195,1.4553748038166712,0.010291053929468094,20000,20000,20,,
walker2d-medium-replay-v2,0,adm,12,9,1,0.7961716121157684,1.8474499482304643,0.013063443862964975,20000,20000,20,,
walker2d-medium-replay-v2,0,adm,12,10,4,0.7565223571480985,1.903309704482731,0.013458431987379027,20000,20000,20,,
walker2d-medium-replay-v2,0,adm,12,11,1,0.9305784421283099,2.1383583595491182,0.01512047696644123,20000,20000,20,,
walker2d-medium-replay-v2,0,adm,12,12,5,1.0793506008357958,2.4397585875035728,0.01725169841681889,20000,20000,20,,
walker2d-medium-replay-v2,0,adm,12,13,3,0.9528583227386058,2.3462481413851095,0.016590479711197443,20000,20000,20,,
walker2d-medium-replay-v2,0,adm,12,14,3,1.0408787693874755,2.443304176442931,0.01727676951664209,20000,20000,20,,
walker2d-medium-replay-v2,0,adm,12,15,4,1.076292167036405,2.453571321229182,0.017349369193659914,20000,20000,20,,
walker2d-medium-replay-v2,0,adm,12,16,3,1.1359251119643379,2.6238322029729315,0.018553295434177976,20000,20000,20,,
walker2d-medium-replay-v2,0,adm,12,17,4,1.1610149886639618,2.623761776597858,0.018552797444504086,20000,20000,20,,
walker2d-medium-replay-v2,0,adm,12,18,5,1.2174486122164936,2.6779317212481435,0.018935836796491256,20000,20000,20,,
walker2d-medium-replay-v2,0,adm,12,19,2,1.3536609041200627,2.955473005369133,0.020898350037102994,20000,20000,20,,
walker2d-medium-replay-v2,0,adm,12,20,2,1.383962796201259,2.9337951063698435,0.020745064143260248,20000,20000,20,,
walker2d-medium-replay-v2,0,adm,12,21,4,1.3843619599566424,2.9426833057385684,0.02080791320372188,20000,20000,20,,
walker2d-medium-replay-v2,0,adm,12,22,1,1.5613275664867812,3.2023120044344453,0.022643765338106817,20000,20000,20,,
walker2d-medium-replay-v2,0,adm,12,23,4,1.5497716495501024,3.1352609556821256,0.022169642825522466,20000,20000,20,,
walker2d-medium-replay-v2,0,adm,12,24,4,1.588068899349403,3.184811290825513,0.02252001660542202,20000,20000,20,,
walker2d-medium-replay-v2,0,adm,12,25,1,1.7310864995608493,3.396850871657123,0.024019362860281866,20000,20000,20,,
walker2d-medium-replay-v2,0,adm,12,26,3,1.7430873840139465,3.4525589813796733,0.02441327868180086,20000,20000,20,,
walker2d-medium-replay-v2,0,adm,12,27,4,1.7809016784837752,3.4547487663239633,0.024428762799635337,20000,20000,20,,
walker2d-medium-replay-v2,0,adm,12,28,2,1.9155504395229581,3.663470383501474,0.025904647508499738,20000,20000,20,,
walker2d-medium-replay-v2,0,adm,12,29,4,1.9100137735697313,3.6314881971585993,0.025678499300097555,20000,20000,20,,
walker2d-medium-replay-v2,0,adm,12,30,1,2.0786935856139688,3.7995342047421996,0.026866764015234454,20000,20000,20,,
walker2d-medium-replay-v2,0,adm,12,31,1,2.2237448092263925,4.048050947670836,0.02862404275686678,20000,20000,20,,
walker2d-medium-replay-v2,0,adm,12,32,5,2.0761242786569603,3.745630874432154,0.026485609911326737,20000,20000,20,,
walker2d-medium-replay-v2,0,adm,12,33,5,2.1978608025467583,3.914370406232969,0.02767877858323273,20000,20000,20,,
walker2d-medium-replay-v2,0,adm,12,34,3,2.369708340201981,4.121154549883482,0.029140963285404036,20000,20000,20,,
walker2d-medium-replay-v2,0,adm,12,35,1,2.5467797244636126,4.338888764350515,0.030680576680863693,20000,20000,20,,
walker2d-medium-replay-v2,0,adm,12,36,3,2.4491413980280132,4.2685898724687155,0.03018348844926849,20000,20000,20,,
walker2d-medium-replay-v2,0,adm,12,37,5,2.4328093305441447,4.245369061613927,0.030019292521067772,20000,20000,20,,
walker2d-medium-replay-v2,0,adm,12,38,5,2.576376035880944,4.442840430427,0.03141562596084691,20000,20000,20,,
walker2d-medium-replay-v2,0,adm,12,39,5,2.689790505847475,4.491890351192784,0.0317624612767484,20000,20000,20,,
walker2d-medium-replay-v2,0,adm,12,40,4,2.745857825515952,4.620223197296488,0.03266991153403739,20000,20000,20,,
walker2d-medium-replay-v2,0,adm,12,41,2,2.958724688548191,4.9043908240119105,0.03467928009247901,20000,20000,20,,
walker2d-medium-replay-v2,0,adm,12,42,2,2.9952441921238364,4.967097449698179,0.035122682894959886,20000,20000,20,,
walker2d-medium-replay-v2,0,adm,12,43,4,2.972793348085859,4.693569315025907,0.03318854690623917,20000,20000,20,,
walker2d-medium-replay-v2,0,adm,12,44,3,3.163007807764901,4.989866141832113,0.03528368186102642,20000,20000,20,,
walker2d-medium-replay-v2,0,adm,12,45,2,3.2725171269339373,5.201820679219081,0.03678242676792225,20000,20000,20,,
walker2d-medium-replay-v2,0,adm,12,46,3,3.2606720510640947,5.161446504266618,0.03649693823898526,20000,20000,20,,
walker2d-medium-replay-v2,0,adm,12,47,3,3.404657385850223,5.385706518879022,0.038082696009799515,20000,20000,20,,
walker2d-medium-replay-v2,0,adm,12,48,3,3.4445216012270654,5.33146633907389,0.03769916002026964,20000,20000,20,,
walker2d-medium-replay-v2,0,adm,12,49,4,3.496708427318448,5.369845560223339,0.03797054209558398,20000,20000,20,,
walker2d-medium-replay-v2,0,adm,12,50,1,3.7078829360462966,5.633050885576278,0.03983168479959873,20000,20000,20,,
walker2d-medium-replay-v2,0,adm,12,51,2,3.758689354169189,5.806379634436023,0.04105730413653178,20000,20000,20,,
walker2d-medium-replay-v2,0,adm,12,52,5,3.6941353803729733,5.528545802891814,0.03909272227325227,20000,20000,20,,
walker2d-medium-replay-v2,0,adm,12,53,3,3.902494768139955,5.792401453853326,0.04095846347374504,20000,20000,20,,
walker2d-medium-replay-v2,0,adm,12,54,2,3.9669344526253036,5.878818211737535,0.04156952222882584,20000,20000,20,,
walker2d-medium-replay-v2,0,adm,12,55,2,4.1943597430977295,6.212596330325764,0.04392968993948008,20000,20000,20,,
walker2d-medium-replay-v2,0,adm,12,56,4,3.9998819431804225,5.82600404458389,0.04119606967145521,20000,20000,20,,
walker2d-medium-replay-v2,0,adm,12,57,2,4.370755760534111,6.363840333827213,0.044999146544376846,20000,20000,20,,
walker2d-medium-replay-v2,0,adm,12,58,4,4.215436119220471,6.0358883744280005,0.04268017600043086,20000,20000,20,,
walker2d-medium-replay-v2,0,adm,12,59,1,4.4022921384247,6.247199988814603,0.04417437475519329,20000,20000,20,,
walker2d-medium-replay-v2,0,adm,12,60,3,4.494656225666128,6.3760609930086805,0.0450855596541547,20000,20000,20,,
walker2d-medium-replay-v2,0,adm,12,61,1,4.698470930169557,6.640881119478552,0.04695812072636995,20000,20000,20,,
walker2d-medium-replay-v2,0,adm,12,62,4,4.519998095015989,6.344803103672104,0.04486453299899998,20000,20000,20,,
walker2d-medium-replay-v2,0,adm,12,63,4,4.63917789261922,6.422959936016181,0.045417185260465544,20000,20000,20,,
walker2d-medium-replay-v2,0,adm,12,64,2,4.809736391206256,6.646828924037405,0.04700017805573732,20000,20000,20,,
walker2d-medium-replay-v2,0,adm,12,65,4,4.92429695669455,6.754088938969225,0.047758620894821927,20000,20000,20,,
walker2d-medium-replay-v2,0,adm,12,66,2,5.03887628511534,6.838796004732601,0.04835759030097891,20000,20000,20,,
walker2d-medium-replay-v2,0,adm,12,67,3,5.0164158724879435,6.711617071959937,0.04745829944310272,20000,20000,20,,
walker2d-medium-replay-v2,0,adm,12,68,5,5.008169843443786,6.639173232987154,0.0469460441451743,20000,20000,20,,
walker2d-medium-replay-v2,0,adm,12,69,1,5.279131493927272,6.979735052978552,0.049354179868465804,20000,20000,20,,
walker2d-medium-replay-v2,0,adm,12,70,5,5.235489073887367,6.913826601343787,0.04888813673758132,20000,20000,20,,
walker2d-medium-replay-v2,0,adm,12,71,5,5.307414006206259,6.9204122099717935,0.04893470402277236,20000,20000,20,,
walker2d-medium-replay-v2,0,adm,12,72,1,5.596132611514994,7.258727918141398,0.05132695733705893,20000,20000,20,,
walker2d-medium-replay-v2,0,adm,12,73,4,5.498215831830235,7.040132047703928,0.04978125111380182,20000,20000,20,,
walker2d-medium-replay-v2,0,adm,12,74,4,5.537483839657937,7.07415882855095,0.0500218567885906,20000,20000,20,,
walker2d-medium-replay-v2,0,adm,12,75,5,5.560706116629681,6.99788648355304,0.049482529864940374,20000,20000,20,,
walker2d-medium-replay-v2,0,adm,12,76,5,5.618318984610465,6.969745799329313,0.049283545178522105,20000,20000,20,,
walker2d-medium-replay-v2,0,adm,12,77,1,5.9386256393151005,7.330180790194899,0.05183220544070179,20000,20000,20,,
walker2d-medium-replay-v2,0,adm,12,78,4,5.852171050505328,7.259099455152011,0.05132958450045559,20000,20000,20,,
walker2d-medium-replay-v2,0,adm,12,79,3,5.948262751761043,7.260536162199035,0.05133974355341088,20000,20000,20,,
walker2d-medium-replay-v2,0,adm,12,80,1,6.233654446685401,7.581920625563048,0.053612274887537816,20000,20000,20,,
walker2d-medium-replay-v2,0,adm,12,81,5,5.996131817711016,7.296248254080276,0.05159226617680671,20000,20000,20,,
walker2d-medium-replay-v2,0,adm,12,82,2,6.494093402149245,7.899792376257238,0.055859967592172835,20000,20000,20,,
walker2d-medium-replay-v2,0,adm,12,83,2,6.435298359421792,7.747911667320052,0.05478600879996378,20000,20000,20,,
walker2d-medium-replay-v2,0,adm,12,84,3,6.390165662922274,7.593253509433957,0.05369241047789301,20000,20000,20,,
walker2d-medium-replay-v2,0,adm,12,85,1,6.672103055821365,7.896829635874865,0.055839017854020116,20000,20000,20,,
walker2d-medium-replay-v2,0,adm,12,86,4,6.73078053865289,8.064573986988508,0.05702514953580206,20000,20000,20,,
walker2d-medium-replay-v2,0,adm,12,87,5,6.75303141967149,7.954900533016732,0.056249641105606124,20000,20000,20,,
walker2d-medium-replay-v2,0,adm,12,88,3,6.962259422192327,8.166725916999443,0.05774747276002232,20000,20000,20,,
walker2d-medium-replay-v2,0,adm,12,89,4,6.958612133667471,8.109700376419237,0.0573442412955714,20000,20000,20,,
walker2d-medium-replay-v2,0,adm,12,90,3,7.1719770780186405,8.379705522285969,0.05925346599154768,20000,20000,20,,
walker2d-medium-replay-v2,0,adm,12,91,4,7.125495177126232,8.220983510698199,0.05813113188437486,20000,20000,20,,
walker2d-medium-replay-v2,0,adm,12,92,5,7.094292625891813,8.103649774953212,0.057301457082302554,20000,20000,20,,
walker2d-medium-replay-v2,0,adm,12,93,4,7.300405093209888,8.349105162197146,0.059037088770292116,20000,20000,20,,
walker2d-medium-replay-v2,0,adm,12,94,5,7.330644452317453,8.299140660958688,0.05868378639384894,20000,20000,20,,
walker2d-medium-replay-v2,0,adm,12,95,2,7.768651069406554,8.731409625937053,0.06174038955817586,20000,20000,20,,
walker2d-medium-replay-v2,0,adm,12,96,1,8.043866209922673,8.92804485655486,0.06313081060807618,20000,20000,20,,
walker2d-medium-replay-v2,0,adm,12,97,4,7.7611338864819235,8.555929966480956,0.060499560986558745,20000,20000,20,,
walker2d-medium-replay-v2,0,adm,12,98,2,8.31807483746342,9.280572685560957,0.06562355879254801,20000,20000,20,,
walker2d-medium-replay-v2,0,adm,12,99,4,8.059037482496315,8.880910746226226,0.06279752211769046,20000,20000,20,,
walker2d-medium-replay-v2,0,adm,12,100,2,8.69072553106054,9.666541265926416,0.06835276879756162,20000,20000,20,,
walker2d-medium-replay-v2,0,adm,13,1,2,0.2486622103432764,0.6910006738110945,0.004886112622562985,20000,20000,20,,
walker2d-medium-replay-v2,0,adm,13,2,1,0.431134694482985,1.0922335399570289,0.00772325742743003,20000,20000,20,,
walker2d-medium-replay-v2,0,adm,13,3,1,0.5917286001033506,1.5053258636608948,0.01064426126090115,20000,20000,20,,
walker2d-medium-replay-v2,0,adm,13,4,2,0.56498984114658,1.3585982470191222,0.009606740333753775,20000,20000,20,,
walker2d-medium-replay-v2,0,adm,13,5,5,0.40701388363119223,0.9922234125142813,0.0070160790344090534,20000,20000,20,,
walker2d-medium-replay-v2,0,adm,13,6,4,0.654040818912564,1.5883311193830334,0.011231197052853626,20000,20000,20,,
walker2d-medium-replay-v2,0,adm,13,7,1,0.8300668043637334,1.9070010070260268,0.013484533437976785,20000,20000,20,,
walker2d-medium-replay-v2,0,adm,13,8,4,0.8423927433021445,2.0113128979622346,0.014222129892370625,20000,20000,20,,
walker2d-medium-replay-v2,0,adm,13,9,5,0.8887611339119463,2.0879458683509955,0.014764006822614233,20000,20000,20,,
walker2d-medium-replay-v2,0,adm,13,10,3,0.9712816892810388,2.2813977750042373,0.016131918372893975,20000,20000,20,,
walker2d-medium-replay-v2,0,adm,13,11,2,1.0805208462305114,2.5430685279377476,0.017982210011268724,20000,20000,20,,
walker2d-medium-replay-v2,0,adm,13,12,3,1.0565865819164457,2.4212363453196537,0.017120726386308602,20000,20000,20,,
walker2d-medium-replay-v2,0,adm,13,13,2,1.2157901740998196,2.76274500616023,0.019535557285451685,20000,20000,20,,
walker2d-medium-replay-v2,0,adm,13,14,4,1.201671966022647,2.7182975382633994,0.019221266225887483,20000,20000,20,,
walker2d-medium-replay-v2,0,adm,13,15,1,1.3547434552168298,2.938829365767907,0.020780661732846477,20000,20000,20,,
walker2d-medium-replay-v2,0,adm,13,16,2,1.3841762828691018,3.0260615651758056,0.0213974865302379,20000,20000,20,,
walker2d-medium-replay-v2,0,adm,13,17,2,1.4511045224246761,3.006391452369889,0.02125839782872022,20000,20000,20,,
walker2d-medium-replay-v2,0,adm,13,18,2,1.4970992132037968,3.0582067757133022,0.02162478749377523,20000,20000,20,,
walker2d-medium-replay-v2,0,adm,13,19,4,1.4904694221637167,3.0085468215146633,0.02127363859010252,20000,20000,20,,
walker2d-medium-replay-v2,0,adm,13,20,3,1.618139075818596,3.2608565148443396,0.023057737541227644,20000,20000,20,,
walker2d-medium-replay-v2,0,adm,13,21,5,1.5902365574131283,3.130105301236748,0.022133186843324656,20000,20000,20,,
walker2d-medium-replay-v2,0,adm,13,22,2,1.807804469648355,3.54679623883345,0.02507963671966074,20000,20000,20,,
walker2d-medium-replay-v2,0,adm,13,23,4,1.7527486872333364,3.3745176218715858,0.023861442936589,20000,20000,20,,
walker2d-medium-replay-v2,0,adm,13,24,2,1.977032907393689,3.7980838286656415,0.026856508307644404,20000,20000,20,,
walker2d-medium-replay-v2,0,adm,13,25,1,2.095211066718343,3.867455875646533,0.027347042756094207,20000,20000,20,,
walker2d-medium-replay-v2,0,adm,13,26,2,2.1156675641491156,3.9023708135932824,0.027593928649962744,20000,20000,20,,
walker2d-medium-replay-v2,0,adm,13,27,5,2.0524404863008705,3.788335414207587,0.02678757660795333,20000,20000,20,,
walker2d-medium-replay-v2,0,adm,13,28,4,2.1549095011004047,3.904356456724613,0.02760796926719455,20000,20000,20,,
walker2d-medium-replay-v2,0,adm,13,29,3,2.2784862653435383,4.167216882165711,0.02946667316054436,20000,20000,20,,
walker2d-medium-replay-v2,0,adm,13,30,3,2.242557326235948,4.038580636651669,0.028557077545450792,20000,20000,20,,
walker2d-medium-replay-v2,0,adm,13,31,5,2.3449178738919407,4.141616343164566,0.02928565001324696,20000,20000,20,,
walker2d-medium-replay-v2,0,adm,13,32,3,2.493571048977221,4.387202704285777,0.03102220782640432,20000,20000,20,,
walker2d-medium-replay-v2,0,adm,13,33,4,2.5344135475559697,4.400564882798716,0.031116692696783566,20000,20000,20,,
walker2d-medium-replay-v2,0,adm,13,34,1,2.706908429212988,4.59238920488999,0.03247309548625609,20000,20000,20,,
walker2d-medium-replay-v2,0,adm,13,35,3,2.7342885519509217,4.623998983687589,0.03269661037565198,20000,20000,20,,
walker2d-medium-replay-v2,0,adm,13,36,3,2.7839840387882018,4.662142210651611,0.032966323720077954,20000,20000,20,,
walker2d-medium-replay-v2,0,adm,13,37,4,2.8394635341204455,4.752765451474852,0.03360712680127011,20000,20000,20,,
walker2d-medium-replay-v2,0,adm,13,38,3,2.978982805142167,4.864313106050418,0.03439588783102848,20000,20000,20,,
walker2d-medium-replay-v2,0,adm,13,39,5,3.0123964411355444,4.858245233305428,0.03435298149137488,20000,20000,20,,
walker2d-medium-replay-v2,0,adm,13,40,3,3.0953783825792667,4.96680416961173,0.03512060909158073,20000,20000,20,,
walker2d-medium-replay-v2,0,adm,13,41,2,3.264845520825981,5.189857818155419,0.036697836566117165,20000,20000,20,,
walker2d-medium-replay-v2,0,adm,13,42,2,3.3364582920907937,5.245313713182831,0.03708996896042369,20000,20000,20,,
walker2d-medium-replay-v2,0,adm,13,43,4,3.3073333512962386,5.188350500715135,0.03668717822228291,20000,20000,20,,
walker2d-medium-replay-v2,0,adm,13,44,3,3.436816585973624,5.258998572958732,0.03718673553189496,20000,20000,20,,
walker2d-medium-replay-v2,0,adm,13,45,5,3.423344524569492,5.308386586932011,0.03753596152779337,20000,20000,20,,
walker2d-medium-replay-v2,0,adm,13,46,3,3.550244759102093,5.430431505073729,0.03839894942006703,20000,20000,20,,
walker2d-medium-replay-v2,0,adm,13,47,1,3.7095552111570256,5.545742655560381,0.03921432238462237,20000,20000,20,,
walker2d-medium-replay-v2,0,adm,13,48,1,3.8893159046600294,5.754688190662066,0.040691790432312906,20000,20000,20,,
walker2d-medium-replay-v2,0,adm,13,49,1,4.061170266075971,5.9844065002397,0.042316144176963465,20000,20000,20,,
walker2d-medium-replay-v2,0,adm,13,50,3,3.918790084184133,5.8175474925416895,0.04113627281851025,20000,20000,20,,
walker2d-medium-replay-v2,0,adm,13,51,3,4.070389650568368,5.958196770908382,0.042130813403531066,20000,20000,20,,
walker2d-medium-replay-v2,0,adm,13,52,1,4.253878173395418,6.108212851715102,0.04319158728378568,20000,20000,20,,
walker2d-medium-replay-v2,0,adm,13,53,1,4.451376238919381,6.329077236601786,0.04475333432654538,20000,20000,20,,
walker2d-medium-replay-v2,0,adm,13,54,3,4.27760435031806,6.109885089197065,0.04320341178841818,20000,20000,20,,
walker2d-medium-replay-v2,0,adm,13,55,2,4.577717728860749,6.492416051721365,0.04590831416456568,20000,20000,20,,
walker2d-medium-replay-v2,0,adm,13,56,1,4.704930838520108,6.5845786828797666,0.04656000237920668,20000,20000,20,,
walker2d-medium-replay-v2,0,adm,13,57,3,4.535102336120994,6.375978248647835,0.04508497456316811,20000,20000,20,,
walker2d-medium-replay-v2,0,adm,13,58,2,4.891646335704419,6.797117467997153,0.04806287854142323,20000,20000,20,,
walker2d-medium-replay-v2,0,adm,13,59,4,4.752844749860824,6.541495310414836,0.046255356930943306,20000,20000,20,,
walker2d-medium-replay-v2,0,adm,13,60,4,4.8546255331363,6.649239737367344,0.04701722508027507,20000,20000,20,,
walker2d-medium-replay-v2,0,adm,13,61,3,5.020868422915304,6.860079982159101,0.0485080907486679,20000,20000,20,,
walker2d-medium-replay-v2,0,adm,13,62,1,5.209920166063298,7.010548890805749,0.04957206660528574,20000,20000,20,,
walker2d-medium-replay-v2,0,adm,13,63,5,5.028236318755643,6.7193238434280635,0.04751279454676439,20000,20000,20,,
walker2d-medium-replay-v2,0,adm,13,64,4,5.105635938108483,6.79797232448011,0.04806892328958363,20000,20000,20,,
walker2d-medium-replay-v2,0,adm,13,65,3,5.319197145712443,7.028561486162424,0.04969943488852048,20000,20000,20,,
walker2d-medium-replay-v2,0,adm,13,66,3,5.344198098781258,6.9784187649211455,0.049344872306351935,20000,20000,20,,
walker2d-medium-replay-v2,0,adm,13,67,4,5.3482827576707965,6.8738801849399715,0.048605672918348934,20000,20000,20,,
walker2d-medium-replay-v2,0,adm,13,68,2,5.618431578944577,7.296095011131894,0.05159118258552701,20000,20000,20,,
walker2d-medium-replay-v2,0,adm,13,69,5,5.4213937920751345,6.964778507855065,0.0492484211236664,20000,20000,20,,
walker2d-medium-replay-v2,0,adm,13,70,3,5.620475264252498,7.168959990195481,0.0506922022312227,20000,20000,20,,
walker2d-medium-replay-v2,0,adm,13,71,2,5.757848054882933,7.329495859201854,0.051827362247203516,20000,20000,20,,
walker2d-medium-replay-v2,0,adm,13,72,4,5.758693292701161,7.229274612092355,0.05111869101270252,20000,20000,20,,
walker2d-medium-replay-v2,0,adm,13,73,5,5.759048051553268,7.136597358692861,0.050463363869297256,20000,20000,20,,
walker2d-medium-replay-v2,0,adm,13,74,2,6.051832231689224,7.532952622707468,0.053266018818734384,20000,20000,20,,
walker2d-medium-replay-v2,0,adm,13,75,1,6.257050814382321,7.7497863905583655,0.05479926509511038,20000,20000,20,,
walker2d-medium-replay-v2,0,adm,13,76,3,6.064683915291328,7.442035564991977,0.05262313813837287,20000,20000,20,,
walker2d-medium-replay-v2,0,adm,13,77,1,6.33864880696284,7.6805296611825655,0.054309546065266084,20000,20000,20,,
walker2d-medium-replay-v2,0,adm,13,78,1,6.640621797041787,8.101068368955595,0.05728320378544345,20000,20000,20,,
walker2d-medium-replay-v2,0,adm,13,79,5,6.241410309652255,7.4703090491702735,0.052823061862275304,20000,20000,20,,
walker2d-medium-replay-v2,0,adm,13,80,3,6.510862583563062,7.786281145418743,0.055057321981505515,20000,20000,20,,
walker2d-medium-replay-v2,0,adm,13,81,1,6.835659222148737,8.178024988616498,0.05782736926163763,20000,20000,20,,
walker2d-medium-replay-v2,0,adm,13,82,4,6.75986881161548,8.019019999109108,0.05670303419840593,20000,20000,20,,
walker2d-medium-replay-v2,0,adm,13,83,1,7.024261744991882,8.29403379323326,0.05864767538585621,20000,20000,20,,
walker2d-medium-replay-v2,0,adm,13,84,4,6.842590018054239,8.020375838816827,0.056712621432921224,20000,20000,20,,
walker2d-medium-replay-v2,0,adm,13,85,4,7.02006629689509,8.188856416707312,0.057903959024167125,20000,20000,20,,
walker2d-medium-replay-v2,0,adm,13,86,1,7.345899563408489,8.569335807340972,0.06059435459635499,20000,20000,20,,
walker2d-medium-replay-v2,0,adm,13,87,2,7.436969455980955,8.668110084645988,0.06129279420924676,20000,20000,20,,
walker2d-medium-replay-v2,0,adm,13,88,5,7.240555880816154,8.268284332508848,0.05846559920295493,20000,20000,20,,
walker2d-medium-replay-v2,0,adm,13,89,1,7.5734702343886555,8.621332437384043,0.060962026293378026,20000,20000,20,,
walker2d-medium-replay-v2,0,adm,13,90,4,7.529561810025872,8.49602749828325,0.060075986571834654,20000,20000,20,,
walker2d-medium-replay-v2,0,adm,13,91,4,7.670163499180781,8.651557744131896,0.06117575148702653,20000,20000,20,,
walker2d-medium-replay-v2,0,adm,13,92,2,7.929106852709546,8.831743936984095,0.0624498602754463,20000,20000,20,,
walker2d-medium-replay-v2,0,adm,13,93,1,8.207293991015424,9.138385493323884,0.06461814351426091,20000,20000,20,,
walker2d-medium-replay-v2,0,adm,13,94,1,8.535910872981752,9.53662211487454,0.0674341016704138,20000,20000,20,,
walker2d-medium-replay-v2,0,adm,13,95,4,8.01097716582906,8.868082750373254,0.06270681448912377,20000,20000,20,,
walker2d-medium-replay-v2,0,adm,13,96,4,8.202115818502717,8.9442645040574,0.0632455008354512,20000,20000,20,,
walker2d-medium-replay-v2,0,adm,13,97,3,8.67693116990142,9.524738564753788,0.06735007228166427,20000,20000,20,,
walker2d-medium-replay-v2,0,adm,13,98,4,8.673323588166912,9.434482481794468,0.06671186539862557,20000,20000,20,,
walker2d-medium-replay-v2,0,adm,13,99,5,8.6287333298325,9.225429696473478,0.0652336389773615,20000,20000,20,,
walker2d-medium-replay-v2,0,adm,13,100,5,8.517135519174406,9.112063671303225,0.06443202012582099,20000,20000,20,,
walker2d-medium-replay-v2,0,adm,14,1,5,0.419351742042854,1.023298607634159,0.00723581384636866,20000,20000,20,,
walker2d-medium-replay-v2,0,adm,14,2,1,0.5985242051834913,1.3914621845636403,0.009839123464695974,20000,20000,20,,
walker2d-medium-replay-v2,0,adm,14,3,5,0.414454275782923,1.0240492779664547,0.007241121887192678,20000,20000,20,,
walker2d-medium-replay-v2,0,adm,14,4,3,0.6152699997142403,1.4769843286414785,0.010443856344886497,20000,20000,20,,
walker2d-medium-replay-v2,0,adm,14,5,2,0.5913100240158375,1.4589979517813436,0.010316673454418715,20000,20000,20,,
walker2d-medium-replay-v2,0,adm,14,6,4,0.7995109730212664,1.8912520581585806,0.01337317155256947,20000,20000,20,,
walker2d-medium-replay-v2,0,adm,14,7,4,0.6445315756050412,1.538465729719418,0.010878595501077106,20000,20000,20,,
walker2d-medium-replay-v2,0,adm,14,8,3,0.7810824442796266,1.8962872950245535,0.01340877605389757,20000,20000,20,,
walker2d-medium-replay-v2,0,adm,14,9,2,0.8437184234469861,2.069014745561293,0.014630143569613493,20000,20000,20,,
walker2d-medium-replay-v2,0,adm,14,10,3,0.8574752027334324,2.0776482188821426,0.014691191444917153,20000,20000,20,,
walker2d-medium-replay-v2,0,adm,14,11,4,0.8907747328400643,2.0636637971815412,0.014592306650762478,20000,20000,20,,
walker2d-medium-replay-v2,0,adm,14,12,2,1.046854548390266,2.4816445964225196,0.017547877226253165,20000,20000,20,,
walker2d-medium-replay-v2,0,adm,14,13,5,1.0663509255365262,2.514720514681596,0.017781759287202815,20000,20000,20,,
walker2d-medium-replay-v2,0,adm,14,14,3,1.0759872479757544,2.468831082165319,0.017457271998032195,20000,20000,20,,
walker2d-medium-replay-v2,0,adm,14,15,2,1.2319306813504034,2.8063914896100544,0.019844184529674857,20000,20000,20,,
walker2d-medium-replay-v2,0,adm,14,16,3,1.2210034339714693,2.743200152481084,0.019397354299713458,20000,20000,20,,
walker2d-medium-replay-v2,0,adm,14,17,1,1.3919985184812955,2.9335416227581725,0.020743271743452925,20000,20000,20,,
walker2d-medium-replay-v2,0,adm,14,18,2,1.4256515517484276,3.037270431305597,0.021476745182735776,20000,20000,20,,
walker2d-medium-replay-v2,0,adm,14,19,5,1.3335702173332338,2.8070606524756143,0.019848916225674414,20000,20000,20,,
walker2d-medium-replay-v2,0,adm,14,20,2,1.5495052008207164,3.0962807355620225,0.021894011045731774,20000,20000,20,,
walker2d-medium-replay-v2,0,adm,14,21,5,1.5044188073003186,3.020899854293119,0.021360987722561176,20000,20000,20,,
walker2d-medium-replay-v2,0,adm,14,22,5,1.6055961083902133,3.2130897254635666,0.0227199753343611,20000,20000,20,,
walker2d-medium-replay-v2,0,adm,14,23,1,1.7818061173791553,3.4797835557002985,0.024605785492971172,20000,20000,20,,
walker2d-medium-replay-v2,0,adm,14,24,1,1.9141106262024943,3.7418136740842227,0.02645861822881504,20000,20000,20,,
walker2d-medium-replay-v2,0,adm,14,25,3,1.7922650130625108,3.511321245526325,0.024828790636360586,20000,20000,20,,
walker2d-medium-replay-v2,0,adm,14,26,2,1.9892772666023764,3.776147451339882,0.026701394696027288,20000,20000,20,,
walker2d-medium-replay-v2,0,adm,14,27,3,2.0016812397451043,3.702286192070621,0.02617911672306457,20000,20000,20,,
walker2d-medium-replay-v2,0,adm,14,28,1,2.1795733996925177,3.9793462523699943,0.028138227197400972,20000,20000,20,,
walker2d-medium-replay-v2,0,adm,14,29,3,2.1915004743516646,4.027820614134971,0.02848099269657802,20000,20000,20,,
walker2d-medium-replay-v2,0,adm,14,30,5,2.0841538982432866,3.8223787317025404,0.027028299214501013,20000,20000,20,,
walker2d-medium-replay-v2,0,adm,14,31,5,2.2598704624682657,4.0593204767026005,0.028703730360858173,20000,20000,20,,
walker2d-medium-replay-v2,0,adm,14,32,1,2.4393363824340284,4.32783397862872,0.030602407541379238,20000,20000,20,,
walker2d-medium-replay-v2,0,adm,14,33,4,2.416092411067489,4.212833518391854,0.029789231488648614,20000,20000,20,,
walker2d-medium-replay-v2,0,adm,14,34,5,2.481931101535751,4.345252239662894,0.030725573246316657,20000,20000,20,,
walker2d-medium-replay-v2,0,adm,14,35,1,2.6818479479550774,4.5760557177395444,0.032357600291011056,20000,20000,20,,
walker2d-medium-replay-v2,0,adm,14,36,2,2.72641962202959,4.688448026075769,0.03315233392478859,20000,20000,20,,
walker2d-medium-replay-v2,0,adm,14,37,1,2.850447420662935,4.7427870457905215,0.0335365688180219,20000,20000,20,,
walker2d-medium-replay-v2,0,adm,14,38,1,3.023900160330889,4.913374203998089,0.034742802181541035,20000,20000,20,,
walker2d-medium-replay-v2,0,adm,14,39,1,3.173153438076339,5.080816994892826,0.03592680151056574,20000,20000,20,,
walker2d-medium-replay-v2,0,adm,14,40,4,2.9946983108805845,4.829294090213379,0.03414826599533999,20000,20000,20,,
walker2d-medium-replay-v2,0,adm,14,41,3,3.2134421418075645,5.107035589431939,0.0361121949704836,20000,20000,20,,
walker2d-medium-replay-v2,0,adm,14,42,3,3.34709338290249,5.242497737052737,0.0370700570022512,20000,20000,20,,
walker2d-medium-replay-v2,0,adm,14,43,4,3.3930852117655284,5.323615835092122,0.03764364857425724,20000,20000,20,,
walker2d-medium-replay-v2,0,adm,14,44,1,3.54301636670625,5.508040946821419,0.038947731045505966,20000,20000,20,,
walker2d-medium-replay-v2,0,adm,14,45,2,3.5798096566537914,5.604311504692862,0.03962846668850106,20000,20000,20,,
walker2d-medium-replay-v2,0,adm,14,46,3,3.555948342283637,5.522790340025468,0.03905202500503567,20000,20000,20,,
walker2d-medium-replay-v2,0,adm,14,47,5,3.5469722774858834,5.390372161792544,0.03811568708722697,20000,20000,20,,
walker2d-medium-replay-v2,0,adm,14,48,5,3.621627992917824,5.537131466830061,0.03915343208516951,20000,20000,20,,
walker2d-medium-replay-v2,0,adm,14,49,1,3.854483160391348,5.765484548715931,0.040768132212232966,20000,20000,20,,
walker2d-medium-replay-v2,0,adm,14,50,1,4.006626557106749,5.96016466837325,0.04214472853995195,20000,20000,20,,
walker2d-medium-replay-v2,0,adm,14,51,3,3.865285506629653,5.774509178226931,0.040831945979482205,20000,20000,20,,
walker2d-medium-replay-v2,0,adm,14,52,4,3.881601237986173,5.727852623850516,0.04050203431961859,20000,20000,20,,
walker2d-medium-replay-v2,0,adm,14,53,5,3.9071490689650594,5.680631045406743,0.040168127336259345,20000,20000,20,,
walker2d-medium-replay-v2,0,adm,14,54,2,4.166869349678927,6.102561349730552,0.04315162513001403,20000,20000,20,,
walker2d-medium-replay-v2,0,adm,14,55,3,4.168148162971379,6.015661550424621,0.042537150756284295,20000,20000,20,,
walker2d-medium-replay-v2,0,adm,14,56,4,4.171529003741041,6.017742043972485,0.042551862067243394,20000,20000,20,,
walker2d-medium-replay-v2,0,adm,14,57,2,4.4647756052654675,6.392096667031116,0.04519894899257631,20000,20000,20,,
walker2d-medium-replay-v2,0,adm,14,58,3,4.44443218631732,6.324055366572048,0.044717824343022725,20000,20000,20,,
walker2d-medium-replay-v2,0,adm,14,59,4,4.511998433972972,6.332669794054647,0.04477873754391258,20000,20000,20,,
walker2d-medium-replay-v2,0,adm,14,60,3,4.748834334577667,6.685326627482259,0.04727239792739697,20000,20000,20,,
walker2d-medium-replay-v2,0,adm,14,61,3,4.797937844933086,6.707249128118345,0.0474274134160004,20000,20000,20,,
walker2d-medium-replay-v2,0,adm,14,62,1,4.9828370753767,6.855876670386326,0.0484783688460882,20000,20000,20,,
walker2d-medium-replay-v2,0,adm,14,63,4,4.82649556810693,6.624730720161393,0.04684392015760962,20000,20000,20,,
walker2d-medium-replay-v2,0,adm,14,64,5,4.848840392311459,6.575847609474547,0.046498264367087996,20000,20000,20,,
walker2d-medium-replay-v2,0,adm,14,65,1,5.130065214868924,6.9165568820967875,0.048907442737931225,20000,20000,20,,
walker2d-medium-replay-v2,0,adm,14,66,3,5.13342193847379,6.874959180738856,0.04861330257081156,20000,20000,20,,
walker2d-medium-replay-v2,0,adm,14,67,5,5.214926506349293,6.921010159928802,0.048938932167466476,20000,20000,20,,
walker2d-medium-replay-v2,0,adm,14,68,3,5.301558507153988,6.917161081181554,0.048911715070631474,20000,20000,20,,
walker2d-medium-replay-v2,0,adm,14,69,3,5.392165403244766,7.089994856804134,0.05013383441823948,20000,20000,20,,
walker2d-medium-replay-v2,0,adm,14,70,4,5.389206992365477,6.998700919630637,0.049488288797673495,20000,20000,20,,
walker2d-medium-replay-v2,0,adm,14,71,1,5.608504375924771,7.214416066588585,0.05101362522985967,20000,20000,20,,
walker2d-medium-replay-v2,0,adm,14,72,3,5.596199363212733,7.181802254274406,0.05078301075138266,20000,20000,20,,
walker2d-medium-replay-v2,0,adm,14,73,1,5.826430501353378,7.387939707191461,0.05224062265952439,20000,20000,20,,
walker2d-medium-replay-v2,0,adm,14,74,2,5.891715837895134,7.4273880308444005,0.052519564431138734,20000,20000,20,,
walker2d-medium-replay-v2,0,adm,14,75,2,6.035574376243378,7.620351337009605,0.053884021054234656,20000,20000,20,,
walker2d-medium-replay-v2,0,adm,14,76,4,5.875771636824044,7.26899038218886,0.051399523916255366,20000,20000,20,,
walker2d-medium-replay-v2,0,adm,14,77,1,6.139595982004567,7.5645514369579105,0.053489456177073805,20000,20000,20,,
walker2d-medium-replay-v2,0,adm,14,78,3,6.2186301225231775,7.620687324952328,0.05388639684776162,20000,20000,20,,
walker2d-medium-replay-v2,0,adm,14,79,1,6.470674657802339,7.962961129538501,0.056306638130215636,20000,20000,20,,
walker2d-medium-replay-v2,0,adm,14,80,1,6.674677617121373,8.166278259177037,0.057744307341203574,20000,20000,20,,
walker2d-medium-replay-v2,0,adm,14,81,1,6.871077843095506,8.371559643759241,0.05919586593209797,20000,20000,20,,
walker2d-medium-replay-v2,0,adm,14,82,4,6.468224444182043,7.831516071960925,0.055377181214550035,20000,20000,20,,
walker2d-medium-replay-v2,0,adm,14,83,1,6.729061257159876,8.027325001151917,0.056761759431028305,20000,20000,20,,
walker2d-medium-replay-v2,0,adm,14,84,2,6.852312275634693,8.219795870743075,0.0581227340017161,20000,20000,20,,
walker2d-medium-replay-v2,0,adm,14,85,2,7.011063132427318,8.38439169113247,0.05928660220923914,20000,20000,20,,
walker2d-medium-replay-v2,0,adm,14,86,4,6.827069598320293,8.052712717384539,0.056941277694097577,20000,20000,20,,
walker2d-medium-replay-v2,0,adm,14,87,4,7.043665090513574,8.246167945535818,0.058309212730915175,20000,20000,20,,
walker2d-medium-replay-v2,0,adm,14,88,4,7.169412831039124,8.323839421477325,0.058858433004345255,20000,20000,20,,
walker2d-medium-replay-v2,0,adm,14,89,4,7.303303153519124,8.442013438509356,0.05969404949237929,20000,20000,20,,
walker2d-medium-replay-v2,0,adm,14,90,3,7.403811364238733,8.513559648414883,0.06019995759430323,20000,20000,20,,
walker2d-medium-replay-v2,0,adm,14,91,5,7.249715059165166,8.200406726146543,0.05798563204545996,20000,20000,20,,
walker2d-medium-replay-v2,0,adm,14,92,3,7.662365294413956,8.676786834449121,0.06135414809549131,20000,20000,20,,
walker2d-medium-replay-v2,0,adm,14,93,1,7.903057683269474,8.920128267124069,0.06307483186737237,20000,20000,20,,
walker2d-medium-replay-v2,0,adm,14,94,2,8.006816222730148,9.002089080034915,0.06365438233338058,20000,20000,20,,
walker2d-medium-replay-v2,0,adm,14,95,1,8.308581504734606,9.189959011893167,0.06498282336136083,20000,20000,20,,
walker2d-medium-replay-v2,0,adm,14,96,4,8.052838696562514,8.787584280393576,0.062137604349146044,20000,20000,20,,
walker2d-medium-replay-v2,0,adm,14,97,1,8.414702964607702,9.110651929727798,0.06442203760540831,20000,20000,20,,
walker2d-medium-replay-v2,0,adm,14,98,2,8.52715776966598,9.18509945599555,0.06494846111207321,20000,20000,20,,
walker2d-medium-replay-v2,0,adm,14,99,3,8.517646051919,9.085806056230885,0.06424635074906661,20000,20000,20,,
walker2d-medium-replay-v2,0,adm,14,100,2,8.869559350271464,9.536160081818583,0.06743083460334381,20000,20000,20,,
walker2d-medium-replay-v2,0,adm,15,1,2,0.24860967330135886,0.7042976837479228,0.004980136681521347,20000,20000,20,,
walker2d-medium-replay-v2,0,adm,15,2,2,0.24584658179128846,0.6916489115890011,0.004890696355848776,20000,20000,20,,
walker2d-medium-replay-v2,0,adm,15,3,5,0.41321216481390166,0.996769894132668,0.007048227514238066,20000,20000,20,,
walker2d-medium-replay-v2,0,adm,15,4,3,0.45791100801613227,1.1373703107667683,0.008042422594634328,20000,20000,20,,
walker2d-medium-replay-v2,0,adm,15,5,2,0.5910154311922661,1.4848023194725268,0.010499137888205383,20000,20000,20,,
walker2d-medium-replay-v2,0,adm,15,6,1,0.7364028631464408,1.6771631226120352,0.011859334171549751,20000,20000,20,,
walker2d-medium-replay-v2,0,adm,15,7,1,0.8910727921618161,2.0537252498355882,0.014522030508527808,20000,20000,20,,
walker2d-medium-replay-v2,0,adm,15,8,1,1.0341810323887883,2.357796839703629,0.01667214134014647,20000,20000,20,,
walker2d-medium-replay-v2,0,adm,15,9,2,1.0162321975078479,2.308556909325354,0.016323962453390153,20000,20000,20,,
walker2d-medium-replay-v2,0,adm,15,10,3,1.0152722882514293,2.3248294876255438,0.016439026958024686,20000,20000,20,,
walker2d-medium-replay-v2,0,adm,15,11,5,0.9944655029957992,2.261158492763784,0.015988805035708247,20000,20000,20,,
walker2d-medium-replay-v2,0,adm,15,12,4,1.1914241876109517,2.685159664204033,0.018986946071272645,20000,20000,20,,
walker2d-medium-replay-v2,0,adm,15,13,1,1.3483139070706698,2.920911316172507,0.020653961989101036,20000,20000,20,,
walker2d-medium-replay-v2,0,adm,15,14,5,1.253349216468443,2.817951995924952,0.019925929653767,20000,20000,20,,
walker2d-medium-replay-v2,0,adm,15,15,5,1.269165607910771,2.772000749016929,0.019601005270840594,20000,20000,20,,
walker2d-medium-replay-v2,0,adm,15,16,2,1.4390930956219476,3.1057391243714263,0.021960891954394057,20000,20000,20,,
walker2d-medium-replay-v2,0,adm,15,17,3,1.4051692667172435,2.9327788029255357,0.020737877792688115,20000,20000,20,,
walker2d-medium-replay-v2,0,adm,15,18,3,1.4307189333088586,2.9647267321461843,0.020963783766656,20000,20000,20,,
walker2d-medium-replay-v2,0,adm,15,19,3,1.5576169289645079,3.149309086344458,0.022268978110065764,20000,20000,20,,
walker2d-medium-replay-v2,0,adm,15,20,2,1.6218993171474179,3.28499075794133,0.02322839241075451,20000,20000,20,,
walker2d-medium-replay-v2,0,adm,15,21,2,1.761959648309448,3.4454167713167965,0.024362775630119668,20000,20000,20,,
walker2d-medium-replay-v2,0,adm,15,22,3,1.7469279905199049,3.3575195851971342,0.023741248666595376,20000,20000,20,,
walker2d-medium-replay-v2,0,adm,15,23,5,1.714192887776238,3.2875025644244142,0.02324615356472668,20000,20000,20,,
walker2d-medium-replay-v2,0,adm,15,24,3,1.9208549868645322,3.608097321633242,0.02551310083307885,20000,20000,20,,
walker2d-medium-replay-v2,0,adm,15,25,3,1.973923714331157,3.698287012305531,0.026150838251753777,20000,20000,20,,
walker2d-medium-replay-v2,0,adm,15,26,4,1.9759827253815663,3.6361215718885656,0.02571126220701093,20000,20000,20,,
walker2d-medium-replay-v2,0,adm,15,27,3,2.105729193821717,3.8561388665254333,0.02726701941717141,20000,20000,20,,
walker2d-medium-replay-v2,0,adm,15,28,1,2.26315299672978,4.041615173692182,0.02857853496264188,20000,20000,20,,
walker2d-medium-replay-v2,0,adm,15,29,4,2.182198820839346,3.9582621715037787,0.027989140231845108,20000,20000,20,,
walker2d-medium-replay-v2,0,adm,15,30,4,2.2426069588610402,4.046489072072605,0.02861299862859799,20000,20000,20,,
walker2d-medium-replay-v2,0,adm,15,31,3,2.443290527132703,4.288206081794803,0.030322195995625,20000,20000,20,,
walker2d-medium-replay-v2,0,adm,15,32,1,2.624902412770915,4.532505098463813,0.03204965090886362,20000,20000,20,,
walker2d-medium-replay-v2,0,adm,15,33,3,2.486598681410033,4.345453724142621,0.030726997956735846,20000,20000,20,,
walker2d-medium-replay-v2,0,adm,15,34,4,2.5267075622576174,4.273046409829216,0.030215000927150695,20000,20000,20,,
walker2d-medium-replay-v2,0,adm,15,35,3,2.790095120321327,4.667348200002257,0.03300313562380422,20000,20000,20,,
walker2d-medium-replay-v2,0,adm,15,36,3,2.7386667664516025,4.54725407227503,0.03215394190283817,20000,20000,20,,
walker2d-medium-replay-v2,0,adm,15,37,4,2.7704285751970477,4.5564558879393715,0.03221900856539301,20000,20000,20,,
walker2d-medium-replay-v2,0,adm,15,38,2,2.974108332343131,4.914866659344238,0.03475335543449984,20000,20000,20,,
walker2d-medium-replay-v2,0,adm,15,39,5,2.891234042122201,4.702975057910272,0.03325505555199549,20000,20000,20,,
walker2d-medium-replay-v2,0,adm,15,40,4,3.0538066681540346,4.9793626279352265,0.035209410801998665,20000,20000,20,,
walker2d-medium-replay-v2,0,adm,15,41,5,3.1089664780647923,5.024316239647041,0.03552728083880117,20000,20000,20,,
walker2d-medium-replay-v2,0,adm,15,42,2,3.3280292532820632,5.416978818550831,0.03830382456141185,20000,20000,20,,
walker2d-medium-replay-v2,0,adm,15,43,1,3.4535442834839305,5.466735410959906,0.03865565680042377,20000,20000,20,,
walker2d-medium-replay-v2,0,adm,15,44,3,3.3646820686910033,5.316069393112625,0.03759028717128191,20000,20000,20,,
walker2d-medium-replay-v2,0,adm,15,45,3,3.499715947169128,5.491553327757562,0.03883114597304923,20000,20000,20,,
walker2d-medium-replay-v2,0,adm,15,46,3,3.6276450587494606,5.64580311225043,0.03992185665916394,20000,20000,20,,
walker2d-medium-replay-v2,0,adm,15,47,2,3.6988057149846716,5.677069407007597,0.04014294274961764,20000,20000,20,,
walker2d-medium-replay-v2,0,adm,15,48,5,3.697841471900048,5.604790986053463,0.0396318571337164,20000,20000,20,,
walker2d-medium-replay-v2,0,adm,15,49,4,3.7614717266953455,5.689141198408569,0.04022830320522461,20000,20000,20,,
walker2d-medium-replay-v2,0,adm,15,50,3,3.929168607623886,5.868745355525621,0.04149829637949222,20000,20000,20,,
walker2d-medium-replay-v2,0,adm,15,51,2,4.055485971772603,6.053146374743302,0.042802208490957554,20000,20000,20,,
walker2d-medium-replay-v2,0,adm,15,52,4,3.9832661550404045,5.883466321308928,0.04160238932680214,20000,20000,20,,
walker2d-medium-replay-v2,0,adm,15,53,1,4.1863448010185795,6.058943716785609,0.04284320188966728,20000,20000,20,,
walker2d-medium-replay-v2,0,adm,15,54,1,4.3825575248211575,6.280222511825878,0.044407879254724905,20000,20000,20,,
walker2d-medium-replay-v2,0,adm,15,55,4,4.2508500327493115,6.032579767229839,0.04265678061456983,20000,20000,20,,
walker2d-medium-replay-v2,0,adm,15,56,3,4.355600709839746,6.160474443453708,0.043561132542925395,20000,20000,20,,
walker2d-medium-replay-v2,0,adm,15,57,3,4.5379824435927905,6.3728408000354895,0.04506278945127397,20000,20000,20,,
walker2d-medium-replay-v2,0,adm,15,58,5,4.477915943795261,6.306442269102824,0.04459328093644085,20000,20000,20,,
walker2d-medium-replay-v2,0,adm,15,59,4,4.582004391757979,6.3845359218474504,0.04514548645067437,20000,20000,20,,
walker2d-medium-replay-v2,0,adm,15,60,5,4.614488499140032,6.3879728922922485,0.04516978950175692,20000,20000,20,,
walker2d-medium-replay-v2,0,adm,15,61,3,4.768669950785981,6.511442179633793,0.04604284920523168,20000,20000,20,,
walker2d-medium-replay-v2,0,adm,15,62,3,4.854216643882452,6.625887264777501,0.04685209816301756,20000,20000,20,,
walker2d-medium-replay-v2,0,adm,15,63,1,5.069656944101005,6.84104201431756,0.048373471987060254,20000,20000,20,,
walker2d-medium-replay-v2,0,adm,15,64,2,5.116830826481384,6.896491116457415,0.04876555634839822,20000,20000,20,,
walker2d-medium-replay-v2,0,adm,15,65,5,4.936142178343581,6.558473985377352,0.046375414292958876,20000,20000,20,,
walker2d-medium-replay-v2,0,adm,15,66,1,5.237858663299615,6.85884413536903,0.048499351992210234,20000,20000,20,,
walker2d-medium-replay-v2,0,adm,15,67,1,5.466966699602292,7.0951545816880675,0.05017031918278434,20000,20000,20,,
walker2d-medium-replay-v2,0,adm,15,68,5,5.342351284937538,6.963060384023627,0.04923627215354512,20000,20000,20,,
walker2d-medium-replay-v2,0,adm,15,69,4,5.282141600913905,6.8332130717807775,0.04831811300348746,20000,20000,20,,
walker2d-medium-replay-v2,0,adm,15,70,5,5.3057056272996705,6.738945456143143,0.04765154030085088,20000,20000,20,,
walker2d-medium-replay-v2,0,adm,15,71,2,5.668407125576521,7.276962356466569,0.05145589428696749,20000,20000,20,,
walker2d-medium-replay-v2,0,adm,15,72,2,5.714091107336107,7.31409705470323,0.05171847625637208,20000,20000,20,,
walker2d-medium-replay-v2,0,adm,15,73,4,5.676120864123668,7.211253857022895,0.050991265031585346,20000,20000,20,,
walker2d-medium-replay-v2,0,adm,15,74,2,5.99536565131472,7.629402953412881,0.05394802564762921,20000,20000,20,,
walker2d-medium-replay-v2,0,adm,15,75,1,6.218823521380802,7.799639193510176,0.055151777645394195,20000,20000,20,,
walker2d-medium-replay-v2,0,adm,15,76,1,6.4836003262490065,8.160289233953021,0.05770195853771758,20000,20000,20,,
walker2d-medium-replay-v2,0,adm,15,77,5,5.976259696281772,7.355620554001655,0.052012091735697194,20000,20000,20,,
walker2d-medium-replay-v2,0,adm,15,78,3,6.348077404974879,7.8301367850312005,0.05536742818313794,20000,20000,20,,
walker2d-medium-replay-v2,0,adm,15,79,2,6.369223125104017,7.782415486624892,0.05502998764603666,20000,20000,20,,
walker2d-medium-replay-v2,0,adm,15,80,1,6.540034564484058,7.886110937072987,0.05576322520793708,20000,20000,20,,
walker2d-medium-replay-v2,0,adm,15,81,2,6.562075769767436,7.947741217846372,0.056199017102549986,20000,20000,20,,
walker2d-medium-replay-v2,0,adm,15,82,4,6.551006825078937,7.895689302236099,0.05583095447753225,20000,20000,20,,
walker2d-medium-replay-v2,0,adm,15,83,2,6.930077309277374,8.32858203919445,0.05889196837582879,20000,20000,20,,
walker2d-medium-replay-v2,0,adm,15,84,1,7.13668916845459,8.50696618933944,0.06015333479806601,20000,20000,20,,
walker2d-medium-replay-v2,0,adm,15,85,5,6.776948576290609,7.903571380681183,0.055886689188715886,20000,20000,20,,
walker2d-medium-replay-v2,0,adm,15,86,4,6.85467909793111,7.9493539398907025,0.056210420769487145,20000,20000,20,,
walker2d-medium-replay-v2,0,adm,15,87,3,7.322854622679409,8.541130725958006,0.06039491455325685,20000,20000,20,,
walker2d-medium-replay-v2,0,adm,15,88,2,7.282813841919038,8.465465792936259,0.05985988268087982,20000,20000,20,,
walker2d-medium-replay-v2,0,adm,15,89,3,7.251273767109309,8.302513374531276,0.05870763508023071,20000,20000,20,,
walker2d-medium-replay-v2,0,adm,15,90,2,7.549233673425161,8.661557914590892,0.06124646337047231,20000,20000,20,,
walker2d-medium-replay-v2,0,adm,15,91,5,7.237692950037357,8.175614188559463,0.05781032233095349,20000,20000,20,,
walker2d-medium-replay-v2,0,adm,15,92,4,7.567773597643392,8.530424181174915,0.060319207849064846,20000,20000,20,,
walker2d-medium-replay-v2,0,adm,15,93,4,7.64926326980468,8.538365839876823,0.060375363856284725,20000,20000,20,,
walker2d-medium-replay-v2,0,adm,15,94,4,7.882516714370821,8.745616266956223,0.06184084568020124,20000,20000,20,,
walker2d-medium-replay-v2,0,adm,15,95,2,8.079749121942093,8.906208330922306,0.06297640305455285,20000,20000,20,,
walker2d-medium-replay-v2,0,adm,15,96,3,8.105504070904566,8.893655085852844,0.06288763820740773,20000,20000,20,,
walker2d-medium-replay-v2,0,adm,15,97,1,8.422685261420476,9.298108401798045,0.06574755503119009,20000,20000,20,,
walker2d-medium-replay-v2,0,adm,15,98,5,8.050890148961084,8.801887571009654,0.06223874388702516,20000,20000,20,,
walker2d-medium-replay-v2,0,adm,15,99,2,8.695199248296923,9.481900554875557,0.06704716180888994,20000,20000,20,,
walker2d-medium-replay-v2,0,adm,15,100,4,8.489874099738012,9.161117511905175,0.06477888315914981,20000,20000,20,,
walker2d-medium-replay-v2,0,adm,16,1,5,0.41773556775805626,1.0214464989168477,0.007222717460033604,20000,20000,20,,
walker2d-medium-replay-v2,0,adm,16,2,2,0.2444004038995574,0.6839286704884765,0.004836106007503015,20000,20000,20,,
walker2d-medium-replay-v2,0,adm,16,3,5,0.4165001458484704,1.0083694564489876,0.007130248805964721,20000,20000,20,,
walker2d-medium-replay-v2,0,adm,16,4,2,0.4248438374052848,1.1021994971622997,0.007793727386638649,20000,20000,20,,
walker2d-medium-replay-v2,0,adm,16,5,5,0.40691576336750684,0.9978650117235613,0.007055971164985239,20000,20000,20,,
walker2d-medium-replay-v2,0,adm,16,6,3,0.6003502210212307,1.471100287519487,0.01040224989110509,20000,20000,20,,
walker2d-medium-replay-v2,0,adm,16,7,1,0.7806265800578507,1.807289312068125,0.012779465281293416,20000,20000,20,,
walker2d-medium-replay-v2,0,adm,16,8,3,0.5967498060239618,1.4797550998990752,0.01046344865634013,20000,20000,20,,
walker2d-medium-replay-v2,0,adm,16,9,2,0.9310551109700409,2.222947170131773,0.015718610182196228,20000,20000,20,,
walker2d-medium-replay-v2,0,adm,16,10,4,0.8644034772155476,2.064173517954389,0.0145959109209124,20000,20000,20,,
walker2d-medium-replay-v2,0,adm,16,11,4,0.9767889204162912,2.3229738904606014,0.016425905904639874,20000,20000,20,,
walker2d-medium-replay-v2,0,adm,16,12,1,1.1563969660663975,2.625748482739322,0.018566845578352628,20000,20000,20,,
walker2d-medium-replay-v2,0,adm,16,13,3,1.0479169190097324,2.425560775615591,0.01715130472617886,20000,20000,20,,
walker2d-medium-replay-v2,0,adm,16,14,2,1.262108793174608,2.833005855131662,0.02003237651304792,20000,20000,20,,
walker2d-medium-replay-v2,0,adm,16,15,1,1.3739525029322972,2.94934487163683,0.020855017587921697,20000,20000,20,,
walker2d-medium-replay-v2,0,adm,16,16,4,1.3045737043242078,2.7699783203591366,0.019586704540656683,20000,20000,20,,
walker2d-medium-replay-v2,0,adm,16,17,4,1.2664001798568423,2.7490863204562275,0.019438975792617726,20000,20000,20,,
walker2d-medium-replay-v2,0,adm,16,18,1,1.432922806993748,3.001922642920833,0.02122679857406764,20000,20000,20,,
walker2d-medium-replay-v2,0,adm,16,19,1,1.5375182781674113,3.135052750109512,0.022168170589799707,20000,20000,20,,
walker2d-medium-replay-v2,0,adm,16,20,1,1.643156858883877,3.18810168901515,0.022543283234148982,20000,20000,20,,
walker2d-medium-replay-v2,0,adm,16,21,5,1.5484139683768923,3.0758231166076544,0.021749353834836133,20000,20000,20,,
walker2d-medium-replay-v2,0,adm,16,22,3,1.6498849937761606,3.203810168651955,0.022654358958882136,20000,20000,20,,
walker2d-medium-replay-v2,0,adm,16,23,3,1.748225745420484,3.367633842541774,0.023812767266145982,20000,20000,20,,
walker2d-medium-replay-v2,0,adm,16,24,3,1.7349657652434642,3.3511041482999504,0.023695884677252647,20000,20000,20,,
walker2d-medium-replay-v2,0,adm,16,25,2,1.9591061567601333,3.7716550962654423,0.02666962894866095,20000,20000,20,,
walker2d-medium-replay-v2,0,adm,16,26,2,1.9474085781762214,3.60740486470745,0.025508204423199777,20000,20000,20,,
walker2d-medium-replay-v2,0,adm,16,27,1,2.092856704308633,3.8274435546870325,0.02706411292127945,20000,20000,20,,
walker2d-medium-replay-v2,0,adm,16,28,2,2.1207429226369268,3.928822676969754,0.027780971569647976,20000,20000,20,,
walker2d-medium-replay-v2,0,adm,16,29,3,2.1234707462695295,3.8745871988581166,0.027397468826111642,20000,20000,20,,
walker2d-medium-replay-v2,0,adm,16,30,4,2.170457840053042,3.938373022242069,0.027848502708695246,20000,20000,20,,
walker2d-medium-replay-v2,0,adm,16,31,3,2.298971126051212,4.1197443444737365,0.02913099162732307,20000,20000,20,,
walker2d-medium-replay-v2,0,adm,16,32,4,2.3691841413064716,4.1968800729265405,0.02967642359393049,20000,20000,20,,
walker2d-medium-replay-v2,0,adm,16,33,3,2.4225771161341654,4.271724986255908,0.03020565705145564,20000,20000,20,,
walker2d-medium-replay-v2,0,adm,16,34,1,2.5757435955904753,4.389690906462096,0.031039802072722708,20000,20000,20,,
walker2d-medium-replay-v2,0,adm,16,35,4,2.568545223978179,4.405310953658305,0.03115025248567164,20000,20000,20,,
walker2d-medium-replay-v2,0,adm,16,36,1,2.766216162429375,4.653821822459798,0.0329074896909526,20000,20000,20,,
walker2d-medium-replay-v2,0,adm,16,37,4,2.733753275866395,4.610346469393909,0.03260007252127891,20000,20000,20,,
walker2d-medium-replay-v2,0,adm,16,38,3,2.878900228438024,4.847161347691339,0.034274606584578704,20000,20000,20,,
walker2d-medium-replay-v2,0,adm,16,39,5,2.8868827914018453,4.740855617635284,0.033522911558562477,20000,20000,20,,
walker2d-medium-replay-v2,0,adm,16,40,2,3.063712127091435,5.039746993302236,0.03563639274428525,20000,20000,20,,
walker2d-medium-replay-v2,0,adm,16,41,2,3.1487768968792014,5.096469598597638,0.036037482132794715,20000,20000,20,,
walker2d-medium-replay-v2,0,adm,16,42,3,3.150905458597865,5.037566818524542,0.035620976580590456,20000,20000,20,,
walker2d-medium-replay-v2,0,adm,16,43,2,3.3160494945505663,5.21756172832055,0.03689373279354864,20000,20000,20,,
walker2d-medium-replay-v2,0,adm,16,44,5,3.2051780930764533,5.0588416878185285,0.03577141262405681,20000,20000,20,,
walker2d-medium-replay-v2,0,adm,16,45,1,3.433056262535265,5.368159854113483,0.03795862235337032,20000,20000,20,,
walker2d-medium-replay-v2,0,adm,16,46,5,3.4239065815308334,5.24027916178667,0.037054369306099115,20000,20000,20,,
walker2d-medium-replay-v2,0,adm,16,47,4,3.554548122237412,5.429281091484316,0.0383908147675646,20000,20000,20,,
walker2d-medium-replay-v2,0,adm,16,48,5,3.560275155129224,5.377036219179914,0.03802138773267792,20000,20000,20,,
walker2d-medium-replay-v2,0,adm,16,49,2,3.754588398203675,5.699214054392187,0.04029952905294393,20000,20000,20,,
walker2d-medium-replay-v2,0,adm,16,50,5,3.673008465989457,5.4911868775515265,0.038828554778792684,20000,20000,20,,
walker2d-medium-replay-v2,0,adm,16,51,5,3.7496079136267033,5.570674859097561,0.039390619686533006,20000,20000,20,,
walker2d-medium-replay-v2,0,adm,16,52,5,3.8387794226046337,5.698400906151605,0.04029377922659367,20000,20000,20,,
walker2d-medium-replay-v2,0,adm,16,53,4,4.000349341516206,5.926182929442395,0.04190444135960677,20000,20000,20,,
walker2d-medium-replay-v2,0,adm,16,54,4,3.978152916597488,5.7657148258496616,0.0407697605174611,20000,20000,20,,
walker2d-medium-replay-v2,0,adm,16,55,4,4.059515750383125,5.934232290500182,0.04196135893748857,20000,20000,20,,
walker2d-medium-replay-v2,0,adm,16,56,5,4.097176186665234,5.934241334750608,0.04196142288999664,20000,20000,20,,
walker2d-medium-replay-v2,0,adm,16,57,4,4.314204468293456,6.241658023270375,0.044135187141019036,20000,20000,20,,
walker2d-medium-replay-v2,0,adm,16,58,1,4.565269213171302,6.496048069375416,0.045933996407691365,20000,20000,20,,
walker2d-medium-replay-v2,0,adm,16,59,3,4.457314331480134,6.276516561220556,0.044381674226687255,20000,20000,20,,
walker2d-medium-replay-v2,0,adm,16,60,3,4.646254810299231,6.552550667573725,0.0463335301110982,20000,20000,20,,
walker2d-medium-replay-v2,0,adm,16,61,3,4.746880972814747,6.564365873253531,0.046417076231671246,20000,20000,20,,
walker2d-medium-replay-v2,0,adm,16,62,3,4.7443230392798545,6.565471260521824,0.046424892500003714,20000,20000,20,,
walker2d-medium-replay-v2,0,adm,16,63,3,4.890132892062683,6.731038497253259,0.04759562965835488,20000,20000,20,,
walker2d-medium-replay-v2,0,adm,16,64,5,4.772320421375773,6.449709326952332,0.04560633201770117,20000,20000,20,,
walker2d-medium-replay-v2,0,adm,16,65,1,5.02626298694919,6.807766777957391,0.04813818053430164,20000,20000,20,,
walker2d-medium-replay-v2,0,adm,16,66,3,5.069675039571203,6.800922100742913,0.04808978135756774,20000,20000,20,,
walker2d-medium-replay-v2,0,adm,16,67,5,4.964100257857225,6.594238765594075,0.04662830947914779,20000,20000,20,,
walker2d-medium-replay-v2,0,adm,16,68,3,5.184561791053211,6.851663496352037,0.04844857720678855,20000,20000,20,,
walker2d-medium-replay-v2,0,adm,16,69,4,5.192679066652019,6.727783740819488,0.047572615054900576,20000,20000,20,,
walker2d-medium-replay-v2,0,adm,16,70,4,5.366294690235784,6.936978701030423,0.0490518468044526,20000,20000,20,,
walker2d-medium-replay-v2,0,adm,16,71,5,5.36889344120539,6.916781393806323,0.04890903027545391,20000,20000,20,,
walker2d-medium-replay-v2,0,adm,16,72,4,5.488569899922032,7.063260711191101,0.049944795461717435,20000,20000,20,,
walker2d-medium-replay-v2,0,adm,16,73,2,5.775400243868291,7.3424504606136605,0.051918965112262086,20000,20000,20,,
walker2d-medium-replay-v2,0,adm,16,74,5,5.560881862234358,6.962952475381694,0.049235509124220526,20000,20000,20,,
walker2d-medium-replay-v2,0,adm,16,75,3,5.796677192375432,7.290083823931879,0.05154867707320589,20000,20000,20,,
walker2d-medium-replay-v2,0,adm,16,76,5,5.757480727410968,7.205315893860011,0.050949277291396235,20000,20000,20,,
walker2d-medium-replay-v2,0,adm,16,77,5,5.749965477858646,7.1353502374687645,0.05045454539055205,20000,20000,20,,
walker2d-medium-replay-v2,0,adm,16,78,4,5.922681451784307,7.268984320838162,0.05139948105603355,20000,20000,20,,
walker2d-medium-replay-v2,0,adm,16,79,4,6.07704744450956,7.4874811292876124,0.05294448680525579,20000,20000,20,,
walker2d-medium-replay-v2,0,adm,16,80,2,6.3261351492696205,7.687175608772834,0.05435654001135097,20000,20000,20,,
walker2d-medium-replay-v2,0,adm,16,81,3,6.342176789252627,7.624864181033185,0.05391593168034976,20000,20000,20,,
walker2d-medium-replay-v2,0,adm,16,82,3,6.475823289396745,7.795971599933541,0.055125843842507447,20000,20000,20,,
walker2d-medium-replay-v2,0,adm,16,83,3,6.559345514264642,7.829866729719516,0.05536551860371606,20000,20000,20,,
walker2d-medium-replay-v2,0,adm,16,84,4,6.56976881019424,7.836648362782415,0.055413471990979006,20000,20000,20,,
walker2d-medium-replay-v2,0,adm,16,85,1,6.8875290797284965,8.169795018755986,0.05776917458666435,20000,20000,20,,
walker2d-medium-replay-v2,0,adm,16,86,4,6.751408376378566,7.963915083207606,0.05631338360129926,20000,20000,20,,
walker2d-medium-replay-v2,0,adm,16,87,2,7.138173791445568,8.313696914423796,0.058786714649187416,20000,20000,20,,
walker2d-medium-replay-v2,0,adm,16,88,4,6.943195402215898,8.049313782538057,0.05691724359530999,20000,20000,20,,
walker2d-medium-replay-v2,0,adm,16,89,2,7.435775658952366,8.67563288122748,0.061345988414009366,20000,20000,20,,
walker2d-medium-replay-v2,0,adm,16,90,4,7.21571414646104,8.22471984387958,0.058157551749668135,20000,20000,20,,
walker2d-medium-replay-v2,0,adm,16,91,4,7.422730824000756,8.442358195143662,0.059696487289919054,20000,20000,20,,
walker2d-medium-replay-v2,0,adm,16,92,3,7.689805085011793,8.81274133191749,0.06231549156641824,20000,20000,20,,
walker2d-medium-replay-v2,0,adm,16,93,1,7.956478185934012,9.083258524552082,0.06422833697981292,20000,20000,20,,
walker2d-medium-replay-v2,0,adm,16,94,1,8.31267399513314,9.497397398909307,0.06715674104392248,20000,20000,20,,
walker2d-medium-replay-v2,0,adm,16,95,3,8.014669323868391,9.039581841247424,0.0639194961903683,20000,20000,20,,
walker2d-medium-replay-v2,0,adm,16,96,5,7.802785255106194,8.693118584717048,0.061469631009122276,20000,20000,20,,
walker2d-medium-replay-v2,0,adm,16,97,5,7.945075882502258,8.817619805574704,0.0623499875844668,20000,20000,20,,
walker2d-medium-replay-v2,0,adm,16,98,4,8.354485245038118,9.165967917610926,0.06481318070681023,20000,20000,20,,
walker2d-medium-replay-v2,0,adm,16,99,5,8.389463057788175,9.117987883141794,0.06447391062946335,20000,20000,20,,
walker2d-medium-replay-v2,0,adm,16,100,4,8.259119998825977,8.989822941922595,0.06356764763899865,20000,20000,20,,
walker2d-medium-replay-v2,0,adm,17,1,1,0.26346934884416195,0.6951775869258181,0.004915647858441466,20000,20000,20,,
walker2d-medium-replay-v2,0,adm,17,2,5,0.41600058925130506,1.0246644084856062,0.007245471516806747,20000,20000,20,,
walker2d-medium-replay-v2,0,adm,17,3,2,0.38804123339484864,1.0140775669057458,0.007170611242082077,20000,20000,20,,
walker2d-medium-replay-v2,0,adm,17,4,4,0.328050914419547,0.8862604839601556,0.006266807981058974,20000,20000,20,,
walker2d-medium-replay-v2,0,adm,17,5,1,0.5168709585243835,1.228282403952891,0.008685268170472035,20000,20000,20,,
walker2d-medium-replay-v2,0,adm,17,6,4,0.6598808575492472,1.6065193864205987,0.011359807522456569,20000,20000,20,,
walker2d-medium-replay-v2,0,adm,17,7,4,0.6634780852250166,1.6255629378722876,0.01149446576615021,20000,20000,20,,
walker2d-medium-replay-v2,0,adm,17,8,3,0.6640594622609196,1.6207568870391318,0.011460481854801693,20000,20000,20,,
walker2d-medium-replay-v2,0,adm,17,9,5,0.6570033682486308,1.6009755748668777,0.011320606855024003,20000,20000,20,,
walker2d-medium-replay-v2,0,adm,17,10,1,0.8244067943547243,1.997083094907204,0.014121509990019014,20000,20000,20,,
walker2d-medium-replay-v2,0,adm,17,11,3,0.8861354074850244,2.1858945752647276,0.01545660877128577,20000,20000,20,,
walker2d-medium-replay-v2,0,adm,17,12,1,1.023568672062952,2.305716023497961,0.01630387435705889,20000,20000,20,,
walker2d-medium-replay-v2,0,adm,17,13,1,1.1701845284821724,2.619871384964848,0.018525288221452357,20000,20000,20,,
walker2d-medium-replay-v2,0,adm,17,14,4,0.9922985421472673,2.2974159116365587,0.016245183703240847,20000,20000,20,,
walker2d-medium-replay-v2,0,adm,17,15,4,1.1232046217908287,2.658000881497765,0.018794904477068903,20000,20000,20,,
walker2d-medium-replay-v2,0,adm,17,16,5,1.1445470789337078,2.6091529784453487,0.018449497642117837,20000,20000,20,,
walker2d-medium-replay-v2,0,adm,17,17,1,1.2991712763297276,2.8346175322500358,0.020043772791242774,20000,20000,20,,
walker2d-medium-replay-v2,0,adm,17,18,2,1.329165759897471,2.9542126237964403,0.02088943779353366,20000,20000,20,,
walker2d-medium-replay-v2,0,adm,17,19,5,1.2506064839471087,2.730194816661708,0.019305392688218567,20000,20000,20,,
walker2d-medium-replay-v2,0,adm,17,20,4,1.356981237297911,2.8353252670929407,0.020048777232309772,20000,20000,20,,
walker2d-medium-replay-v2,0,adm,17,21,2,1.4470736339390642,3.06199321617421,0.021651561671039897,20000,20000,20,,
walker2d-medium-replay-v2,0,adm,17,22,1,1.5665749143477923,3.129544688843709,0.022129222715077303,20000,20000,20,,
walker2d-medium-replay-v2,0,adm,17,23,1,1.6990952645298287,3.3405077824200116,0.023620957055556262,20000,20000,20,,
walker2d-medium-replay-v2,0,adm,17,24,1,1.8092911950264214,3.5167217860733158,0.024866978224789085,20000,20000,20,,
walker2d-medium-replay-v2,0,adm,17,25,1,1.9069495825492309,3.628736011700433,0.025659038410092032,20000,20000,20,,
walker2d-medium-replay-v2,0,adm,17,26,3,1.8288544395669455,3.5754679967682472,0.025282376664303084,20000,20000,20,,
walker2d-medium-replay-v2,0,adm,17,27,1,1.994966459589866,3.7656343654098112,0.02662705595250379,20000,20000,20,,
walker2d-medium-replay-v2,0,adm,17,28,2,2.020306251831785,3.868798977694648,0.02735653992175468,20000,20000,20,,
walker2d-medium-replay-v2,0,adm,17,29,3,2.0117692169252512,3.784682564659328,0.026761747061091048,20000,20000,20,,
walker2d-medium-replay-v2,0,adm,17,30,3,2.0928195354467456,3.8285518364680757,0.027071949656907863,20000,20000,20,,
walker2d-medium-replay-v2,0,adm,17,31,3,2.1844277527150213,4.000230377625251,0.02828590026327239,20000,20000,20,,
walker2d-medium-replay-v2,0,adm,17,32,1,2.373959834012055,4.261735943908233,0.030135023855639636,20000,20000,20,,
walker2d-medium-replay-v2,0,adm,17,33,1,2.485075194090562,4.288910532721734,0.03032717721589946,20000,20000,20,,
walker2d-medium-replay-v2,0,adm,17,34,3,2.399525345930415,4.217061947583319,0.029819130998199134,20000,20000,20,,
walker2d-medium-replay-v2,0,adm,17,35,4,2.4623227161125962,4.351515916893914,0.03076986413276883,20000,20000,20,,
walker2d-medium-replay-v2,0,adm,17,36,4,2.568694752637163,4.426244042561292,0.03129827177681647,20000,20000,20,,
walker2d-medium-replay-v2,0,adm,17,37,1,2.758974315942927,4.583864321979965,0.032412815461111084,20000,20000,20,,
walker2d-medium-replay-v2,0,adm,17,38,2,2.7863037721769355,4.651191785985853,0.032888892524697656,20000,20000,20,,
walker2d-medium-replay-v2,0,adm,17,39,1,2.9053333962311294,4.717746616025448,0.03335950624111482,20000,20000,20,,
walker2d-medium-replay-v2,0,adm,17,40,1,3.0524069794185045,4.869585535934498,0.03443316954027212,20000,20000,20,,
walker2d-medium-replay-v2,0,adm,17,41,5,2.8820323694154433,4.694885465092418,0.03319785349261007,20000,20000,20,,
walker2d-medium-replay-v2,0,adm,17,42,3,3.102836375169118,4.989422305396497,0.0352805434634928,20000,20000,20,,
walker2d-medium-replay-v2,0,adm,17,43,3,3.2515146979207348,5.1671779986518125,0.0365374660244463,20000,20000,20,,
walker2d-medium-replay-v2,0,adm,17,44,3,3.1782855126731158,5.049559926008442,0.0357057806568841,20000,20000,20,,
walker2d-medium-replay-v2,0,adm,17,45,4,3.212471316941369,5.062218317711228,0.035795289003003654,20000,20000,20,,
walker2d-medium-replay-v2,0,adm,17,46,2,3.4025690428144015,5.341547870851213,0.03777044721511457,20000,20000,20,,
walker2d-medium-replay-v2,0,adm,17,47,2,3.458350183974099,5.364932860224252,0.03793580406075109,20000,20000,20,,
walker2d-medium-replay-v2,0,adm,17,48,5,3.509837478570694,5.378923561936562,0.03803473326129441,20000,20000,20,,
walker2d-medium-replay-v2,0,adm,17,49,1,3.691979045575037,5.575033442083382,0.039421439522389384,20000,20000,20,,
walker2d-medium-replay-v2,0,adm,17,50,4,3.6300104786944734,5.503457520652113,0.03891532132825212,20000,20000,20,,
walker2d-medium-replay-v2,0,adm,17,51,5,3.638219777870191,5.492203243803464,0.038835741573481825,20000,20000,20,,
walker2d-medium-replay-v2,0,adm,17,52,5,3.6982721769540547,5.560013948229515,0.039315235662848794,20000,20000,20,,
walker2d-medium-replay-v2,0,adm,17,53,3,3.8671366884662617,5.826755218996676,0.04120138127666657,20000,20000,20,,
walker2d-medium-replay-v2,0,adm,17,54,2,3.965554009458561,5.898522359663028,0.04170885159498203,20000,20000,20,,
walker2d-medium-replay-v2,0,adm,17,55,4,3.942793421148499,5.8036292756586425,0.04103785616310997,20000,20000,20,,
walker2d-medium-replay-v2,0,adm,17,56,4,3.988513535310445,5.8119397924336464,0.04109662039077767,20000,20000,20,,
walker2d-medium-replay-v2,0,adm,17,57,1,4.197892969640837,6.06705297500752,0.04290054300445835,20000,20000,20,,
walker2d-medium-replay-v2,0,adm,17,58,3,4.1417373101493595,5.935233816300854,0.04196844079434045,20000,20000,20,,
walker2d-medium-replay-v2,0,adm,17,59,3,4.2655462866419835,6.1491726878908874,0.04348121706294756,20000,20000,20,,
walker2d-medium-replay-v2,0,adm,17,60,5,4.232366193571351,5.952146417624236,0.042088030945173126,20000,20000,20,,
walker2d-medium-replay-v2,0,adm,17,61,5,4.3789494499221675,6.22373493376699,0.04400845175974247,20000,20000,20,,
walker2d-medium-replay-v2,0,adm,17,62,4,4.516283328243377,6.230670394739634,0.04405749287458658,20000,20000,20,,
walker2d-medium-replay-v2,0,adm,17,63,2,4.6913626801694805,6.567123727621114,0.046436577206919676,20000,20000,20,,
walker2d-medium-replay-v2,0,adm,17,64,5,4.618930632324216,6.42704925658644,0.045446101123522306,20000,20000,20,,
walker2d-medium-replay-v2,0,adm,17,65,4,4.70609608681799,6.4519207683261275,0.045621969269617244,20000,20000,20,,
walker2d-medium-replay-v2,0,adm,17,66,2,4.909912062712875,6.678439427891077,0.04722369807205387,20000,20000,20,,
walker2d-medium-replay-v2,0,adm,17,67,5,4.795140090974906,6.349218071485891,0.044895751535798466,20000,20000,20,,
walker2d-medium-replay-v2,0,adm,17,68,1,5.085635902135797,6.712063932802345,0.04746145922642185,20000,20000,20,,
walker2d-medium-replay-v2,0,adm,17,69,3,5.068270948818534,6.720466343029101,0.047520873238918356,20000,20000,20,,
walker2d-medium-replay-v2,0,adm,17,70,3,5.133123301698474,6.71774465931188,0.04750162802879144,20000,20000,20,,
walker2d-medium-replay-v2,0,adm,17,71,5,5.13227580533165,6.649365895230353,0.04701811715107941,20000,20000,20,,
walker2d-medium-replay-v2,0,adm,17,72,2,5.4234722861690505,7.010600926178691,0.049572434550936434,20000,20000,20,,
walker2d-medium-replay-v2,0,adm,17,73,4,5.43810965060561,7.021924249484323,0.04965250253788623,20000,20000,20,,
walker2d-medium-replay-v2,0,adm,17,74,3,5.547725253162683,7.0264899908925464,0.049684787204995216,20000,20000,20,,
walker2d-medium-replay-v2,0,adm,17,75,3,5.720430427846514,7.282849582238833,0.051497523259626934,20000,20000,20,,
walker2d-medium-replay-v2,0,adm,17,76,3,5.744404953536594,7.252203061877458,0.051280819635953934,20000,20000,20,,
walker2d-medium-replay-v2,0,adm,17,77,1,5.991642630272008,7.523082455614956,0.05319622619790879,20000,20000,20,,
walker2d-medium-replay-v2,0,adm,17,78,3,5.973706721223356,7.494711602276378,0.052995613970071215,20000,20000,20,,
walker2d-medium-replay-v2,0,adm,17,79,2,6.170793484882659,7.668070051224516,0.05422144331834332,20000,20000,20,,
walker2d-medium-replay-v2,0,adm,17,80,2,6.2922139174162455,7.825798553705571,0.05533675225525085,20000,20000,20,,
walker2d-medium-replay-v2,0,adm,17,81,4,6.138556328578221,7.402567523932554,0.05234405694364019,20000,20000,20,,
walker2d-medium-replay-v2,0,adm,17,82,2,6.511668705659898,8.021016969801689,0.05671715491359147,20000,20000,20,,
walker2d-medium-replay-v2,0,adm,17,83,1,6.724251539357279,8.206127122826533,0.05802608135829494,20000,20000,20,,
walker2d-medium-replay-v2,0,adm,17,84,4,6.50211444460456,7.777008058735964,0.05499175135674628,20000,20000,20,,
walker2d-medium-replay-v2,0,adm,17,85,4,6.500940831164859,7.762827768609468,0.0548914815636699,20000,20000,20,,
walker2d-medium-replay-v2,0,adm,17,86,5,6.539007577079079,7.7204080763649205,0.054591529043250236,20000,20000,20,,
walker2d-medium-replay-v2,0,adm,17,87,5,6.784221916101406,8.060719679760421,0.056997895468024494,20000,20000,20,,
walker2d-medium-replay-v2,0,adm,17,88,3,6.949189506925506,8.13441031758831,0.057518966965205115,20000,20000,20,,
walker2d-medium-replay-v2,0,adm,17,89,4,6.9322107878450305,8.099116046924065,0.057269398783967904,20000,20000,20,,
walker2d-medium-replay-v2,0,adm,17,90,3,7.122026714949901,8.254963296192106,0.05837140525183492,20000,20000,20,,
walker2d-medium-replay-v2,0,adm,17,91,3,7.239493647864794,8.308596579618163,0.05875064983591357,20000,20000,20,,
walker2d-medium-replay-v2,0,adm,17,92,4,7.263696280031039,8.28399763040186,0.05857670899790446,20000,20000,20,,
walker2d-medium-replay-v2,0,adm,17,93,3,7.44685420319913,8.44676348508042,0.05972763739379279,20000,20000,20,,
walker2d-medium-replay-v2,0,adm,17,94,1,7.787487356471826,8.813331135981262,0.06231966211094888,20000,20000,20,,
walker2d-medium-replay-v2,0,adm,17,95,5,7.472321062600266,8.40855215095933,0.05945744245904073,20000,20000,20,,
walker2d-medium-replay-v2,0,adm,17,96,2,8.088122729393554,9.215090392485317,0.06516052905773372,20000,20000,20,,
walker2d-medium-replay-v2,0,adm,17,97,2,7.971515108652104,8.914664078950883,0.06303619422226298,20000,20000,20,,
walker2d-medium-replay-v2,0,adm,17,98,2,8.375327654565128,9.506246937520249,0.06721931673154417,20000,20000,20,,
walker2d-medium-replay-v2,0,adm,17,99,3,8.382070162785231,9.312343699724616,0.06584821378815098,20000,20000,20,,
walker2d-medium-replay-v2,0,adm,17,100,5,7.960028432443287,8.760829667715017,0.06194842066861576,20000,20000,20,,
walker2d-medium-replay-v2,0,adm,18,1,2,0.24800431921585886,0.6897050860549344,0.004876951433682954,20000,20000,20,,
walker2d-medium-replay-v2,0,adm,18,2,3,0.273228443583192,0.7312449633077297,0.005170682722634038,20000,20000,20,,
walker2d-medium-replay-v2,0,adm,18,3,1,0.46234441129935633,1.1211723609420114,0.007927885793010278,20000,20000,20,,
walker2d-medium-replay-v2,0,adm,18,4,4,0.32402073122203473,0.8760854075792845,0.006194859325978924,20000,20000,20,,
walker2d-medium-replay-v2,0,adm,18,5,3,0.49510651580902787,1.2202614253846025,0.008628551287098147,20000,20000,20,,
walker2d-medium-replay-v2,0,adm,18,6,1,0.6726828222495412,1.5552124622740089,0.010997012782597794,20000,20000,20,,
walker2d-medium-replay-v2,0,adm,18,7,3,0.5341073408084788,1.3462461643086476,0.009519397919290238,20000,20000,20,,
walker2d-medium-replay-v2,0,adm,18,8,1,0.7059670935161987,1.669195225305214,0.011802992629375238,20000,20000,20,,
walker2d-medium-replay-v2,0,adm,18,9,4,0.7581970777954292,1.878435966253943,0.013282548097628678,20000,20000,20,,
walker2d-medium-replay-v2,0,adm,18,10,2,0.8517247171111012,2.0882774689646992,0.014766351593040189,20000,20000,20,,
walker2d-medium-replay-v2,0,adm,18,11,5,0.9339906456406805,2.2223785392592337,0.01571458935473658,20000,20000,20,,
walker2d-medium-replay-v2,0,adm,18,12,2,1.0310685350211184,2.4276562254143204,0.017166121793802037,20000,20000,20,,
walker2d-medium-replay-v2,0,adm,18,13,1,1.1542771280062674,2.618090841271633,0.018512697876255646,20000,20000,20,,
walker2d-medium-replay-v2,0,adm,18,14,3,1.107970985972543,2.520290772088078,0.017821146955053595,20000,20000,20,,
walker2d-medium-replay-v2,0,adm,18,15,4,1.1378892472555877,2.5458910328537345,0.01800216813492899,20000,20000,20,,
walker2d-medium-replay-v2,0,adm,18,16,3,1.2784478293152335,2.8899568145586354,0.02043508060910685,20000,20000,20,,
walker2d-medium-replay-v2,0,adm,18,17,3,1.2968382929827014,2.8108963070548176,0.019876038399306854,20000,20000,20,,
walker2d-medium-replay-v2,0,adm,18,18,3,1.3230965463111513,2.7736787403630525,0.019612870461436758,20000,20000,20,,
walker2d-medium-replay-v2,0,adm,18,19,2,1.455927921968255,3.0279999345819153,0.021411192871752947,20000,20000,20,,
walker2d-medium-replay-v2,0,adm,18,20,4,1.468375447724668,3.075706218733627,0.02174852724204182,20000,20000,20,,
walker2d-medium-replay-v2,0,adm,18,21,3,1.520271444721335,3.1231431155742952,0.022083956756386653,20000,20000,20,,
walker2d-medium-replay-v2,0,adm,18,22,3,1.6251496027140053,3.2445410186687127,0.022942369561385553,20000,20000,20,,
walker2d-medium-replay-v2,0,adm,18,23,1,1.7876607828223405,3.4648214295608244,0.024499987284429266,20000,20000,20,,
walker2d-medium-replay-v2,0,adm,18,24,1,1.946967575854202,3.7767799520107554,0.026705867151162088,20000,20000,20,,
walker2d-medium-replay-v2,0,adm,18,25,1,2.0500121831657365,3.9016163365980554,0.027588593691967003,20000,20000,20,,
walker2d-medium-replay-v2,0,adm,18,26,5,1.7961747710865417,3.4200420281892168,0.024183349100755886,20000,20000,20,,
walker2d-medium-replay-v2,0,adm,18,27,2,2.193162526672365,4.0507210576180155,0.028642923285368424,20000,20000,20,,
walker2d-medium-replay-v2,0,adm,18,28,1,2.2816720150229473,4.074987615729241,0.028814513763333473,20000,20000,20,,
walker2d-medium-replay-v2,0,adm,18,29,3,2.0107288059673905,3.738560882130425,0.026435617516331843,20000,20000,20,,
walker2d-medium-replay-v2,0,adm,18,30,3,2.3695661288873917,4.218113547816548,0.029826566934759276,20000,20000,20,,
walker2d-medium-replay-v2,0,adm,18,31,4,2.3654111158543865,4.171563482254152,0.02949740826452079,20000,20000,20,,
walker2d-medium-replay-v2,0,adm,18,32,2,2.5396567750318875,4.428831413367716,0.031316567251243134,20000,20000,20,,
walker2d-medium-replay-v2,0,adm,18,33,3,2.54224442897444,4.361918650977395,0.030843422570901932,20000,20000,20,,
walker2d-medium-replay-v2,0,adm,18,34,3,2.5675578045195637,4.342048358370128,0.03070291838443434,20000,20000,20,,
walker2d-medium-replay-v2,0,adm,18,35,1,2.7453516129760906,4.560986883730334,0.032251047543886184,20000,20000,20,,
walker2d-medium-replay-v2,0,adm,18,36,4,2.7534374238990234,4.617317595343114,0.03264936582559079,20000,20000,20,,
walker2d-medium-replay-v2,0,adm,18,37,4,2.796497896880896,4.642160571790023,0.03282503219669546,20000,20000,20,,
walker2d-medium-replay-v2,0,adm,18,38,3,2.9485931446161024,4.8532518021544195,0.034317672601092225,20000,20000,20,,
walker2d-medium-replay-v2,0,adm,18,39,4,3.0229409300756385,4.897200331203712,0.03462843563023151,20000,20000,20,,
walker2d-medium-replay-v2,0,adm,18,40,1,3.2304109521495383,5.124064588240032,0.03623260817582381,20000,20000,20,,
walker2d-medium-replay-v2,0,adm,18,41,2,3.2864880181065788,5.2216823842224676,0.03692287023086046,20000,20000,20,,
walker2d-medium-replay-v2,0,adm,18,42,2,3.3795718785134863,5.268276240478938,0.037252338548066276,20000,20000,20,,
walker2d-medium-replay-v2,0,adm,18,43,3,3.3628144152259525,5.210294733543643,0.036842347380692655,20000,20000,20,,
walker2d-medium-replay-v2,0,adm,18,44,4,3.4276086148806244,5.305298529514384,0.037514125664386395,20000,20000,20,,
walker2d-medium-replay-v2,0,adm,18,45,1,3.6484144789228865,5.622902670521367,0.03975992608277606,20000,20000,20,,
walker2d-medium-replay-v2,0,adm,18,46,5,3.5497068132409257,5.44966384932949,0.03853494263048066,20000,20000,20,,
walker2d-medium-replay-v2,0,adm,18,47,4,3.6973195129786394,5.6606961666637865,0.040027166456846584,20000,20000,20,,
walker2d-medium-replay-v2,0,adm,18,48,2,3.8552815848951476,5.819528144261108,0.04115027814112994,20000,20000,20,,
walker2d-medium-replay-v2,0,adm,18,49,2,3.905389638419821,5.8983383087253465,0.041707550158320846,20000,20000,20,,
walker2d-medium-replay-v2,0,adm,18,50,4,3.8373835087511092,5.713718470002163,0.04040209075929354,20000,20000,20,,
walker2d-medium-replay-v2,0,adm,18,51,4,3.8567977649891922,5.6822648019456,0.04017967973953368,20000,20000,20,,
walker2d-medium-replay-v2,0,adm,18,52,3,4.051919130342624,5.90494886588771,0.04175429385629013,20000,20000,20,,
walker2d-medium-replay-v2,0,adm,18,53,4,4.07951929140747,5.897580819545424,0.04170219390096286,20000,20000,20,,
walker2d-medium-replay-v2,0,adm,18,54,4,4.126800376616877,5.951352128918115,0.04208241447586995,20000,20000,20,,
walker2d-medium-replay-v2,0,adm,18,55,4,4.206579926959004,6.056463257011152,0.04282566239039749,20000,20000,20,,
walker2d-medium-replay-v2,0,adm,18,56,3,4.341766304617052,6.208338976162959,0.043899585899495754,20000,20000,20,,
walker2d-medium-replay-v2,0,adm,18,57,1,4.555251976297339,6.430488221585498,0.045470418278233275,20000,20000,20,,
walker2d-medium-replay-v2,0,adm,18,58,3,4.509128141096661,6.370632280261227,0.04504717285818632,20000,20000,20,,
walker2d-medium-replay-v2,0,adm,18,59,1,4.71036003584046,6.609447848989313,0.04673585393919183,20000,20000,20,,
walker2d-medium-replay-v2,0,adm,18,60,4,4.665273341874309,6.5045613961216455,0.04599419471841852,20000,20000,20,,
walker2d-medium-replay-v2,0,adm,18,61,1,4.889455374265365,6.755309576551486,0.04776725210593981,20000,20000,20,,
walker2d-medium-replay-v2,0,adm,18,62,4,4.772356375270936,6.519327397466422,0.046098606115237535,20000,20000,20,,
walker2d-medium-replay-v2,0,adm,18,63,1,4.99146680207749,6.741675891292041,0.04767084739294464,20000,20000,20,,
walker2d-medium-replay-v2,0,adm,18,64,5,4.877246132839717,6.526695994561614,0.04615070996497595,20000,20000,20,,
walker2d-medium-replay-v2,0,adm,18,65,3,4.995596988387483,6.720830237945905,0.04752344636455147,20000,20000,20,,
walker2d-medium-replay-v2,0,adm,18,66,2,5.181353632709475,6.897490458271413,0.048772622762132234,20000,20000,20,,
walker2d-medium-replay-v2,0,adm,18,67,2,5.2806718052062225,7.008244117519655,0.04955576939708879,20000,20000,20,,
walker2d-medium-replay-v2,0,adm,18,68,2,5.451359352352898,7.121127511319547,0.05035397552948134,20000,20000,20,,
walker2d-medium-replay-v2,0,adm,18,69,3,5.442340476536899,7.01174976368623,0.04958055805885705,20000,20000,20,,
walker2d-medium-replay-v2,0,adm,18,70,2,5.723370421470246,7.459828112443179,0.05274895044794615,20000,20000,20,,
walker2d-medium-replay-v2,0,adm,18,71,2,5.707264365224556,7.402576697337105,0.05234412180940584,20000,20000,20,,
walker2d-medium-replay-v2,0,adm,18,72,5,5.496838881026241,6.901031852648204,0.04879766420191908,20000,20000,20,,
walker2d-medium-replay-v2,0,adm,18,73,4,5.7367747428817815,7.236163963986357,0.05116740608712481,20000,20000,20,,
walker2d-medium-replay-v2,0,adm,18,74,1,5.99093449246628,7.549675968971017,0.05338427073420525,20000,20000,20,,
walker2d-medium-replay-v2,0,adm,18,75,4,5.94446137666231,7.453850550215567,0.05270668270008506,20000,20000,20,,
walker2d-medium-replay-v2,0,adm,18,76,2,6.2073177795055425,7.844630998886904,0.055469917752191296,20000,20000,20,,
walker2d-medium-replay-v2,0,adm,18,77,5,5.790561544238573,7.043503861537598,0.04980509343806869,20000,20000,20,,
walker2d-medium-replay-v2,0,adm,18,78,2,6.480387532318736,8.064285618113095,0.05702311045992918,20000,20000,20,,
walker2d-medium-replay-v2,0,adm,18,79,4,6.185963060484435,7.5472339850252315,0.05336700330012911,20000,20000,20,,
walker2d-medium-replay-v2,0,adm,18,80,2,6.7006504126472715,8.265234209175876,0.05844403157403293,20000,20000,20,,
walker2d-medium-replay-v2,0,adm,18,81,3,6.6519458857018,7.9838927927370005,0.056454647340107356,20000,20000,20,,
walker2d-medium-replay-v2,0,adm,18,82,3,6.53712367989727,7.759523349250618,0.05486811579030463,20000,20000,20,,
walker2d-medium-replay-v2,0,adm,18,83,3,6.871704887942456,8.30543209047119,0.05872827351856541,20000,20000,20,,
walker2d-medium-replay-v2,0,adm,18,84,4,6.867857035091732,8.259488900147517,0.05840340610429328,20000,20000,20,,
walker2d-medium-replay-v2,0,adm,18,85,2,7.1753868835217105,8.64718320846884,0.06114481884870764,20000,20000,20,,
walker2d-medium-replay-v2,0,adm,18,86,1,7.400366379543295,8.81103611954495,0.06230343389409837,20000,20000,20,,
walker2d-medium-replay-v2,0,adm,18,87,1,7.647675142473083,9.032131820573023,0.06386681658897982,20000,20000,20,,
walker2d-medium-replay-v2,0,adm,18,88,5,7.126227151876791,8.324735843760912,0.058864771667100566,20000,20000,20,,
walker2d-medium-replay-v2,0,adm,18,89,2,7.775625061786326,9.203563228464258,0.0650790196992623,20000,20000,20,,
walker2d-medium-replay-v2,0,adm,18,90,5,7.35869928976734,8.439432475751591,0.05967579932969923,20000,20000,20,,
walker2d-medium-replay-v2,0,adm,18,91,3,7.503725362147073,8.52086222272744,0.0602515945924685,20000,20000,20,,
walker2d-medium-replay-v2,0,adm,18,92,5,7.7208686246671085,8.806326288868155,0.06227013036200035,20000,20000,20,,
walker2d-medium-replay-v2,0,adm,18,93,5,7.539969118781508,8.514095109610262,0.060203743876726376,20000,20000,20,,
walker2d-medium-replay-v2,0,adm,18,94,1,7.96220070490985,8.886297874864784,0.06283561486960496,20000,20000,20,,
walker2d-medium-replay-v2,0,adm,18,95,5,7.7921353478930335,8.68209425967563,0.061391677259174354,20000,20000,20,,
walker2d-medium-replay-v2,0,adm,18,96,5,7.978704679213442,8.770882397706236,0.06201950420407805,20000,20000,20,,
walker2d-medium-replay-v2,0,adm,18,97,3,8.220756630768733,8.943864897274906,0.0632426751887941,20000,20000,20,,
walker2d-medium-replay-v2,0,adm,18,98,2,8.473226031543275,9.177975062877824,0.06489808404521939,20000,20000,20,,
walker2d-medium-replay-v2,0,adm,18,99,4,8.30979421751375,8.991260042974593,0.06357780947798983,20000,20000,20,,
walker2d-medium-replay-v2,0,adm,18,100,4,8.49329571024575,9.108885809995671,0.06440954925301856,20000,20000,20,,
walker2d-medium-replay-v2,0,adm,19,1,1,0.25913061204380766,0.6436079684141625,0.0045509955889135156,20000,20000,20,,
walker2d-medium-replay-v2,0,adm,19,2,4,0.33406096459743123,0.9072058953642376,0.006414914405444659,20000,20000,20,,
walker2d-medium-replay-v2,0,adm,19,3,2,0.39185556141342115,1.0474764203887021,0.007406776799898621,20000,20000,20,,
walker2d-medium-replay-v2,0,adm,19,4,4,0.3274757402078454,0.909204021839723,0.0064290432932495,20000,20000,20,,
walker2d-medium-replay-v2,0,adm,19,5,3,0.5435300424946303,1.3506688479224196,0.009550671015033645,20000,20000,20,,
walker2d-medium-replay-v2,0,adm,19,6,2,0.5119974891676787,1.3347718136344169,0.009438262007575627,20000,20000,20,,
walker2d-medium-replay-v2,0,adm,19,7,5,0.6695536223491146,1.629292698774188,0.011520839158409592,20000,20000,20,,
walker2d-medium-replay-v2,0,adm,19,8,5,0.7228549932870711,1.7627625908874445,0.012464613816384798,20000,20000,20,,
walker2d-medium-replay-v2,0,adm,19,9,3,0.7138048236103537,1.7465000140492801,0.012349620032766465,20000,20000,20,,
walker2d-medium-replay-v2,0,adm,19,10,2,0.9147681617888876,2.2254321672274635,0.015736181765172143,20000,20000,20,,
walker2d-medium-replay-v2,0,adm,19,11,4,0.8924314742605287,2.1019873427584996,0.014863295040328269,20000,20000,20,,
walker2d-medium-replay-v2,0,adm,19,12,5,0.9445456585660162,2.2337463017797026,0.015794971574387997,20000,20000,20,,
walker2d-medium-replay-v2,0,adm,19,13,2,1.0865446291946355,2.5576189085044696,0.018085096738944463,20000,20000,20,,
walker2d-medium-replay-v2,0,adm,19,14,4,1.1277996495154683,2.578264467391106,0.018231082885845733,20000,20000,20,,
walker2d-medium-replay-v2,0,adm,19,15,5,1.1542556357113578,2.6235511154754394,0.01855130784542214,20000,20000,20,,
walker2d-medium-replay-v2,0,adm,19,16,1,1.3034850726755227,2.804283503481258,0.019829278816811666,20000,20000,20,,
walker2d-medium-replay-v2,0,adm,19,17,4,1.2924092796269666,2.828170535806655,0.019998185642208774,20000,20000,20,,
walker2d-medium-replay-v2,0,adm,19,18,2,1.4348568264771846,2.9717846686886915,0.021013690914559912,20000,20000,20,,
walker2d-medium-replay-v2,0,adm,19,19,3,1.4574386859265582,3.024304443787135,0.02138506180574493,20000,20000,20,,
walker2d-medium-replay-v2,0,adm,19,20,3,1.4537063180971594,3.052226420730399,0.021582499998152094,20000,20000,20,,
walker2d-medium-replay-v2,0,adm,19,21,1,1.6105188258938659,3.22443579137298,0.02280020413580446,20000,20000,20,,
walker2d-medium-replay-v2,0,adm,19,22,4,1.64772697245901,3.3162960500859433,0.02344975425437933,20000,20000,20,,
walker2d-medium-replay-v2,0,adm,19,23,3,1.6401275271434272,3.3751009058064834,0.023865567376846232,20000,20000,20,,
walker2d-medium-replay-v2,0,adm,19,24,5,1.6817160776264566,3.2556372460534195,0.023020831737678694,20000,20000,20,,
walker2d-medium-replay-v2,0,adm,19,25,3,1.8057328558258654,3.4784717908518754,0.02459650991477475,20000,20000,20,,
walker2d-medium-replay-v2,0,adm,19,26,2,1.8886482535389533,3.644175956969821,0.025768215310103364,20000,20000,20,,
walker2d-medium-replay-v2,0,adm,19,27,5,1.8918121525667952,3.4778270961160738,0.024591951234579943,20000,20000,20,,
walker2d-medium-replay-v2,0,adm,19,28,1,2.0739191212792116,3.7699461169746162,0.026657544640206445,20000,20000,20,,
walker2d-medium-replay-v2,0,adm,19,29,1,2.2230039684271032,4.007125266701043,0.028334654491482602,20000,20000,20,,
walker2d-medium-replay-v2,0,adm,19,30,3,2.1298873347824787,3.8811311825328842,0.027443741778435664,20000,20000,20,,
walker2d-medium-replay-v2,0,adm,19,31,4,2.17023093330426,3.932416604106359,0.027806384472141815,20000,20000,20,,
walker2d-medium-replay-v2,0,adm,19,32,3,2.37041760269475,4.179794351060678,0.0295556092960023,20000,20000,20,,
walker2d-medium-replay-v2,0,adm,19,33,5,2.3633753798975796,4.169430668008191,0.029482326990357487,20000,20000,20,,
walker2d-medium-replay-v2,0,adm,19,34,5,2.505096594248079,4.326810382443423,0.030595169623341033,20000,20000,20,,
walker2d-medium-replay-v2,0,adm,19,35,1,2.7080126647176677,4.540057548785773,0.03210305479723595,20000,20000,20,,
walker2d-medium-replay-v2,0,adm,19,36,1,2.8566942977001797,4.768610672666432,0.03371916943480978,20000,20000,20,,
walker2d-medium-replay-v2,0,adm,19,37,5,2.772110286323524,4.672314701436034,0.033038254092230185,20000,20000,20,,
walker2d-medium-replay-v2,0,adm,19,38,2,3.0428718318697445,4.979091485706117,0.03520749353690997,20000,20000,20,,
walker2d-medium-replay-v2,0,adm,19,39,3,3.0631991352958945,4.996127626468295,0.03532795724349181,20000,20000,20,,
walker2d-medium-replay-v2,0,adm,19,40,2,3.2366419734144904,5.25285534280823,0.037143296334916864,20000,20000,20,,
walker2d-medium-replay-v2,0,adm,19,41,1,3.3499103202908067,5.350015420082504,0.03783032182992934,20000,20000,20,,
walker2d-medium-replay-v2,0,adm,19,42,1,3.497890226413068,5.447493288450451,0.03851959444731519,20000,20000,20,,
walker2d-medium-replay-v2,0,adm,19,43,5,3.24247834646663,5.14079768171837,0.03635092901451142,20000,20000,20,,
walker2d-medium-replay-v2,0,adm,19,44,3,3.4757098148535674,5.402326183986321,0.038200214788783715,20000,20000,20,,
walker2d-medium-replay-v2,0,adm,19,45,3,3.6328873176299328,5.666282259128563,0.04006666609546837,20000,20000,20,,
walker2d-medium-replay-v2,0,adm,19,46,3,3.535418521166215,5.530017193579774,0.03910312657658459,20000,20000,20,,
walker2d-medium-replay-v2,0,adm,19,47,3,3.6920770113366417,5.6768702683939445,0.04014153462697654,20000,20000,20,,
walker2d-medium-replay-v2,0,adm,19,48,3,3.7986487327139153,5.77159134081899,0.040811313753306655,20000,20000,20,,
walker2d-medium-replay-v2,0,adm,19,49,2,3.9163300958829756,5.896260144638707,0.041692855319140035,20000,20000,20,,
walker2d-medium-replay-v2,0,adm,19,50,1,4.078021340225403,6.012490542979637,0.04251472834760888,20000,20000,20,,
walker2d-medium-replay-v2,0,adm,19,51,4,3.9672535446866393,5.873082237818974,0.0415289627682806,20000,20000,20,,
walker2d-medium-replay-v2,0,adm,19,52,4,4.088743670616333,5.995678019190813,0.042395845851809506,20000,20000,20,,
walker2d-medium-replay-v2,0,adm,19,53,3,4.229812557401129,6.127669851605803,0.04332916904942828,20000,20000,20,,
walker2d-medium-replay-v2,0,adm,19,54,4,4.248006215182816,6.124534393959796,0.04330699801579214,20000,20000,20,,
walker2d-medium-replay-v2,0,adm,19,55,2,4.46924261678158,6.45076771287749,0.04561381593634909,20000,20000,20,,
walker2d-medium-replay-v2,0,adm,19,56,1,4.606783654296117,6.495271129289128,0.045928502611655465,20000,20000,20,,
walker2d-medium-replay-v2,0,adm,19,57,4,4.455876102129455,6.319332087175872,0.04468442571411798,20000,20000,20,,
walker2d-medium-replay-v2,0,adm,19,58,1,4.669386578114296,6.56801261257769,0.04644286257272457,20000,20000,20,,
walker2d-medium-replay-v2,0,adm,19,59,2,4.752372700764984,6.715484498821337,0.04748564628069711,20000,20000,20,,
walker2d-medium-replay-v2,0,adm,19,60,2,4.8572942512806785,6.69896522902083,0.04736883740373522,20000,20000,20,,
walker2d-medium-replay-v2,0,adm,19,61,1,5.022546082153172,6.852332794314682,0.048453309858068755,20000,20000,20,,
walker2d-medium-replay-v2,0,adm,19,62,5,4.751077105041235,6.4368050361553655,0.04551508490241179,20000,20000,20,,
walker2d-medium-replay-v2,0,adm,19,63,1,5.006195359365933,6.725524175003876,0.047556637511793017,20000,20000,20,,
walker2d-medium-replay-v2,0,adm,19,64,5,4.9654630292911035,6.621747487828647,0.046822825519486216,20000,20000,20,,
walker2d-medium-replay-v2,0,adm,19,65,1,5.225092741549082,6.992273269682612,0.04944283844902008,20000,20000,20,,
walker2d-medium-replay-v2,0,adm,19,66,3,5.176149391950261,6.792017792931963,0.04802681839321879,20000,20000,20,,
walker2d-medium-replay-v2,0,adm,19,67,4,5.2383908121951315,6.859252248144259,0.048502237785318765,20000,20000,20,,
walker2d-medium-replay-v2,0,adm,19,68,1,5.539832461437151,7.178176465431175,0.05075737255260067,20000,20000,20,,
walker2d-medium-replay-v2,0,adm,19,69,5,5.290051037576825,6.810478113313613,0.0481573525704662,20000,20000,20,,
walker2d-medium-replay-v2,0,adm,19,70,3,5.556290071635453,7.126916882579685,0.050394912566249846,20000,20000,20,,
walker2d-medium-replay-v2,0,adm,19,71,4,5.569569775372607,7.058523417760504,0.04991129773862498,20000,20000,20,,
walker2d-medium-replay-v2,0,adm,19,72,4,5.7321211785962225,7.20043418451299,0.050914758393565636,20000,20000,20,,
walker2d-medium-replay-v2,0,adm,19,73,2,5.919436103802097,7.531124971220702,0.05325309537113501,20000,20000,20,,
walker2d-medium-replay-v2,0,adm,19,74,3,5.880809095852256,7.344598093359579,0.05193415116904346,20000,20000,20,,
walker2d-medium-replay-v2,0,adm,19,75,3,6.041387134582174,7.608958306661432,0.05380346016406008,20000,20000,20,,
walker2d-medium-replay-v2,0,adm,19,76,4,6.002574710486899,7.444532541956765,0.052640794431815546,20000,20000,20,,
walker2d-medium-replay-v2,0,adm,19,77,1,6.284234069728621,7.779149837267506,0.05500689601798081,20000,20000,20,,
walker2d-medium-replay-v2,0,adm,19,78,2,6.365740122851356,7.894997397364111,0.055826061971263066,20000,20000,20,,
walker2d-medium-replay-v2,0,adm,19,79,3,6.302141945169072,7.701591058462838,0.054458472633647524,20000,20000,20,,
walker2d-medium-replay-v2,0,adm,19,80,4,6.286592716711207,7.55281431572651,0.05340646219693049,20000,20000,20,,
walker2d-medium-replay-v2,0,adm,19,81,1,6.594097794289354,7.941948760771155,0.056158058245773815,20000,20000,20,,
walker2d-medium-replay-v2,0,adm,19,82,2,6.673839637309491,8.01422227203539,0.05666910914492484,20000,20000,20,,
walker2d-medium-replay-v2,0,adm,19,83,5,6.541093296899678,7.674641549430874,0.05426791082778603,20000,20000,20,,
walker2d-medium-replay-v2,0,adm,19,84,3,6.814457989828998,7.978412956777621,0.05641589904844069,20000,20000,20,,
walker2d-medium-replay-v2,0,adm,19,85,3,6.917466643676181,8.077885821108964,0.05711927841756811,20000,20000,20,,
walker2d-medium-replay-v2,0,adm,19,86,2,7.160561087990631,8.38224263026561,0.05927140605411775,20000,20000,20,,
walker2d-medium-replay-v2,0,adm,19,87,4,6.992736063495092,8.111593410035502,0.05735762706464214,20000,20000,20,,
walker2d-medium-replay-v2,0,adm,19,88,2,7.47816414863697,8.649874923113474,0.061163852145490034,20000,20000,20,,
walker2d-medium-replay-v2,0,adm,19,89,1,7.725376851656731,8.792255779970798,0.062170636839439686,20000,20000,20,,
walker2d-medium-replay-v2,0,adm,19,90,5,7.320271711599946,8.444452879239988,0.05971129894320861,20000,20000,20,,
walker2d-medium-replay-v2,0,adm,19,91,3,7.760805713603026,8.817468379768904,0.06234891684232552,20000,20000,20,,
walker2d-medium-replay-v2,0,adm,19,92,4,7.70104171589592,8.668558019446175,0.061295961586594186,20000,20000,20,,
walker2d-medium-replay-v2,0,adm,19,93,2,8.027883366685483,9.076511916153256,0.06418063125432472,20000,20000,20,,
walker2d-medium-replay-v2,0,adm,19,94,4,7.721054538324033,8.679537427276324,0.06137359772389529,20000,20000,20,,
walker2d-medium-replay-v2,0,adm,19,95,2,8.393020778140919,9.4420527801319,0.0667653954915256,20000,20000,20,,
walker2d-medium-replay-v2,0,adm,19,96,5,8.07803516339695,9.01480136437028,0.06374427175795966,20000,20000,20,,
walker2d-medium-replay-v2,0,adm,19,97,4,8.339732539299332,9.20286222306757,0.06507406284256584,20000,20000,20,,
walker2d-medium-replay-v2,0,adm,19,98,4,8.273534716595409,9.131177802666413,0.06456717744485499,20000,20000,20,,
walker2d-medium-replay-v2,0,adm,19,99,2,8.716718159528076,9.490688431828664,0.06710930148274769,20000,20000,20,,
walker2d-medium-replay-v2,0,adm,19,100,4,8.498965396751538,9.09540312318252,0.06431421226027663,20000,20000,20,,
walker2d-medium-replay-v2,0,ensemble,0,1,1,0.9450150614730992,1.904999736279713,0.013470382316819698,20000,20000,20,,
walker2d-medium-replay-v2,0,ensemble,0,2,1,1.4163542420501094,2.743692075594616,0.019400832721407465,20000,20000,20,,
walker2d-medium-replay-v2,0,ensemble,0,3,1,1.7719933359098212,3.4804286886167612,0.024610347271571145,20000,20000,20,,
walker2d-medium-replay-v2,0,ensemble,0,4,1,2.0582803486932915,3.946320765749419,0.02790470174198703,20000,20000,20,,
walker2d-medium-replay-v2,0,ensemble,0,5,1,2.3557969947992596,4.466819038423203,0.0315851803240222,20000,20000,20,,
walker2d-medium-replay-v2,0,ensemble,0,6,1,2.7071402510057516,5.081957571478143,0.03593486660494514,20000,20000,20,,
walker2d-medium-replay-v2,0,ensemble,0,7,1,3.0262368179049113,5.662826263748661,0.04004222851777959,20000,20000,20,,
walker2d-medium-replay-v2,0,ensemble,0,8,1,3.3078124751638605,6.2596634279505,0.044262504578492276,20000,20000,20,,
walker2d-medium-replay-v2,0,ensemble,0,9,1,3.6100649290140114,6.616897159764547,0.04678852852083517,20000,20000,20,,
walker2d-medium-replay-v2,0,ensemble,0,10,1,3.872069858698779,7.027735535481093,0.04969359453524354,20000,20000,20,,
walker2d-medium-replay-v2,0,ensemble,0,11,1,4.118434825007979,7.435091605345352,0.05257403692882872,20000,20000,20,,
walker2d-medium-replay-v2,0,ensemble,0,12,1,4.318731421569121,7.731739776537383,0.05467165626359345,20000,20000,20,,
walker2d-medium-replay-v2,0,ensemble,0,13,1,4.5787746908498015,8.137621074836535,0.05754167044743475,20000,20000,20,,
walker2d-medium-replay-v2,0,ensemble,0,14,1,4.795484611052318,8.492090146532194,0.06004814529060376,20000,20000,20,,
walker2d-medium-replay-v2,0,ensemble,0,15,1,4.99303325363295,8.711146808689765,0.061597109803360854,20000,20000,20,,
walker2d-medium-replay-v2,0,ensemble,0,16,1,5.232273065225163,9.05615225019517,0.06403666667570816,20000,20000,20,,
walker2d-medium-replay-v2,0,ensemble,0,17,1,5.4383230714504265,9.343996778445266,0.06607203485423901,20000,20000,20,,
walker2d-medium-replay-v2,0,ensemble,0,18,1,5.658208482203341,9.652242516503076,0.06825166137076431,20000,20000,20,,
walker2d-medium-replay-v2,0,ensemble,0,19,1,5.904871683673016,10.179525487216786,0.07198011501272283,20000,20000,20,,
walker2d-medium-replay-v2,0,ensemble,0,20,1,6.081512001449314,10.605525190643245,0.07499238780348591,20000,20000,20,,
walker2d-medium-replay-v2,0,ensemble,0,21,1,6.2782593031690626,10.63387029892698,0.07519281798629487,20000,20000,20,,
walker2d-medium-replay-v2,0,ensemble,0,22,1,6.527391052529309,11.003835640869418,0.07780886800720985,20000,20000,20,,
walker2d-medium-replay-v2,0,ensemble,0,23,1,6.732367982001536,11.360729088934171,0.0803324857800862,20000,20000,20,,
walker2d-medium-replay-v2,0,ensemble,0,24,1,6.970153917090131,11.716677313643693,0.08284941981452036,20000,20000,20,,
walker2d-medium-replay-v2,0,ensemble,0,25,1,7.175786930289928,11.956551064778115,0.08454558337507839,20000,20000,20,,
walker2d-medium-replay-v2,0,ensemble,0,26,1,7.382721924123353,12.428345469995953,0.08788167360763248,20000,20000,20,,
walker2d-medium-replay-v2,0,ensemble,0,27,1,7.588927089389818,12.672416108487843,0.08960751364329393,20000,20000,20,,
walker2d-medium-replay-v2,0,ensemble,0,28,1,7.758819703404447,12.6474974868132,0.08943131237965432,20000,20000,20,,
walker2d-medium-replay-v2,0,ensemble,0,29,1,8.01987132514493,13.243101200008482,0.09364286662465703,20000,20000,20,,
walker2d-medium-replay-v2,0,ensemble,0,30,1,8.248092798522773,14.15772081204339,0.10011020392341795,20000,20000,20,,
walker2d-medium-replay-v2,0,ensemble,0,31,1,8.528314323021904,15.069261212188744,0.10655576790610073,20000,20000,20,,
walker2d-medium-replay-v2,0,ensemble,0,32,1,8.77513094892897,15.739350746196013,0.11129401644108748,20000,20000,20,,
walker2d-medium-replay-v2,0,ensemble,0,33,1,9.013530321560726,16.894745135579512,0.1194638885178671,20000,20000,20,,
walker2d-medium-replay-v2,0,ensemble,0,34,1,9.311606609611342,17.84868258764455,0.12620924492969715,20000,20000,20,,
walker2d-medium-replay-v2,0,ensemble,0,35,1,9.643289894086754,19.184177872656548,0.1356526226524436,20000,20000,20,,
walker2d-medium-replay-v2,0,ensemble,0,36,1,9.947700077428609,22.47557964175648,0.1589263477578432,20000,20000,20,,
walker2d-medium-replay-v2,0,ensemble,0,37,1,10.235670032622638,26.02833710687161,0.18404813671278358,20000,20000,20,,
walker2d-medium-replay-v2,0,ensemble,0,38,1,10.563788604117082,28.784853164159745,0.20353964867836405,20000,20000,20,,
walker2d-medium-replay-v2,0,ensemble,0,39,1,10.93813656494031,36.71449282286449,0.2596106684287231,20000,20000,20,,
walker2d-medium-replay-v2,0,ensemble,0,40,1,11.234315426668932,38.779698448360406,0.2742138774520508,20000,20000,20,,
walker2d-medium-replay-v2,0,ensemble,0,41,1,11.53294582378679,41.27849192977275,0.29188301560696484,20000,20000,20,,
walker2d-medium-replay-v2,0,ensemble,0,42,1,11.921793390155313,45.64027500605862,0.3227254795200295,20000,20000,20,,
walker2d-medium-replay-v2,0,ensemble,0,43,1,12.468499033042871,62.57082994799062,0.4424425816069448,20000,20000,20,,
walker2d-medium-replay-v2,0,ensemble,0,44,1,12.918636482103762,66.61435470854137,0.4710346193877562,20000,20000,20,,
walker2d-medium-replay-v2,0,ensemble,0,45,1,13.783749528794262,98.75311551689701,0.6982899764529634,20000,20000,20,,
walker2d-medium-replay-v2,0,ensemble,0,46,1,14.297064059019357,112.37449995343506,0.794607709495213,20000,20000,20,,
walker2d-medium-replay-v2,0,ensemble,0,47,1,14.870616988276426,127.3989867201585,0.9008468742611899,20000,20000,20,,
walker2d-medium-replay-v2,0,ensemble,0,48,1,15.228299632162095,134.09097889040817,0.9481664046934981,20000,20000,20,,
walker2d-medium-replay-v2,0,ensemble,0,49,1,15.992715681832214,168.42496414340422,1.1909443426690225,20000,20000,20,,
walker2d-medium-replay-v2,0,ensemble,0,50,1,16.891120594308898,180.5067543241718,1.2763755003259603,20000,20000,20,,
walker2d-medium-replay-v2,0,ensemble,0,51,1,17.440048233232346,169.95118850071586,1.2017363785956938,20000,20000,20,,
walker2d-medium-replay-v2,0,ensemble,0,52,1,18.09693209749146,177.4710303224227,1.254909690051485,20000,20000,20,,
walker2d-medium-replay-v2,0,ensemble,0,53,1,20.097858022055615,266.3155414770553,1.8831352531379306,20000,20000,20,,
walker2d-medium-replay-v2,0,ensemble,0,54,1,20.924781226457476,284.87928436742993,2.0144007379578053,20000,20000,20,,
walker2d-medium-replay-v2,0,ensemble,0,55,1,24.33557947686409,473.32707107653147,3.3469278167738237,20000,20000,20,,
walker2d-medium-replay-v2,0,ensemble,0,56,1,26.03001270226725,507.53227207154106,3.588795112528025,20000,20000,20,,
walker2d-medium-replay-v2,0,ensemble,0,57,1,27.85156163892462,544.4495072481986,3.849839385888756,20000,20000,20,,
walker2d-medium-replay-v2,0,ensemble,0,58,1,30.905939326956506,645.7175292968547,4.565912436968291,20000,20000,20,,
walker2d-medium-replay-v2,0,ensemble,0,59,1,34.90233575465388,896.0917418453056,6.336325472240807,20000,20000,20,,
walker2d-medium-replay-v2,0,ensemble,0,60,1,37.93765955751129,923.3835225213219,6.529307504107478,20000,20000,20,,
walker2d-medium-replay-v2,0,ensemble,0,61,1,39.635396983426524,935.2898983491642,6.613498294979707,20000,20000,20,,
walker2d-medium-replay-v2,0,ensemble,0,62,1,45.33422823841294,1271.9443152488218,8.994004506041216,20000,20000,20,,
walker2d-medium-replay-v2,0,ensemble,0,63,1,50.771148763608586,1642.2014085916078,11.61211752089226,20000,20000,20,,
walker2d-medium-replay-v2,0,ensemble,0,64,1,57.155846657050645,1972.2164186110729,13.945676035673362,20000,20000,20,,
walker2d-medium-replay-v2,0,ensemble,0,65,1,70.61538189524967,2744.2490575337324,19.40477117846894,20000,20000,20,,
walker2d-medium-replay-v2,0,ensemble,0,66,1,72.78261869407322,2798.710987430854,19.78987517793655,20000,20000,20,,
walker2d-medium-replay-v2,0,ensemble,0,67,1,80.68267075100763,2970.120875948948,21.0019261232723,20000,20000,20,,
walker2d-medium-replay-v2,0,ensemble,0,68,1,88.92756435561883,3524.029677073963,24.918652817616383,20000,20000,20,,
walker2d-medium-replay-v2,0,ensemble,0,69,1,97.94402524335766,3602.7761831750486,25.47547470220464,20000,20000,20,,
walker2d-medium-replay-v2,0,ensemble,0,70,1,105.80828924132429,3680.422373336429,26.02451617816876,20000,20000,20,,
walker2d-medium-replay-v2,0,ensemble,0,71,1,124.77378745346456,4991.044528269149,35.29201431143128,20000,20000,20,,
walker2d-medium-replay-v2,0,ensemble,0,72,1,123.14631389909029,4411.740131283621,31.19571363663478,20000,20000,20,,
walker2d-medium-replay-v2,0,ensemble,0,73,1,148.47245570227727,6053.0480669776525,42.801513350080214,20000,20000,20,,
walker2d-medium-replay-v2,0,ensemble,0,74,1,168.0902461245152,7704.453555914816,54.47871354724176,20000,20000,20,,
walker2d-medium-replay-v2,0,ensemble,0,75,1,206.91242490073031,10524.605541932942,74.42019948014303,20000,20000,20,,
walker2d-medium-replay-v2,0,ensemble,0,76,1,266.5664071108917,14248.706717036255,100.75357142754645,20000,20000,20,,
walker2d-medium-replay-v2,0,ensemble,0,77,1,321.6918794472084,18280.72695629906,129.26425995818778,20000,20000,20,,
walker2d-medium-replay-v2,0,ensemble,0,78,1,372.21781184020676,20267.427340649232,143.31235309778708,20000,20000,20,,
walker2d-medium-replay-v2,0,ensemble,0,79,1,404.41077783381604,19728.936446491236,139.5046474691238,20000,20000,20,,
walker2d-medium-replay-v2,0,ensemble,0,80,1,426.64948023409545,19979.812480264827,141.2786089163087,20000,20000,20,,
walker2d-medium-replay-v2,0,ensemble,0,81,1,462.5116558375353,21860.83289570422,154.57943182938405,20000,20000,20,,
walker2d-medium-replay-v2,0,ensemble,0,82,1,504.1079281201978,24392.008712331208,172.47754767250743,20000,20000,20,,
walker2d-medium-replay-v2,0,ensemble,0,83,1,535.0176797735428,25610.427439179806,181.0930691133007,20000,20000,20,,
walker2d-medium-replay-v2,0,ensemble,0,84,1,656.4458568016594,31683.10339845899,224.033372620849,20000,20000,20,,
walker2d-medium-replay-v2,0,ensemble,0,85,1,728.9011516049775,33580.02681088719,237.44664670404407,20000,20000,20,,
walker2d-medium-replay-v2,0,ensemble,0,86,1,757.2282313044151,34766.17411257716,245.8339747091551,20000,20000,20,,
walker2d-medium-replay-v2,0,ensemble,0,87,1,949.3824092939539,46300.51074722189,327.3940512176122,20000,20000,20,,
walker2d-medium-replay-v2,0,ensemble,0,88,1,950.7217825680019,43944.93060831903,310.7375843191466,20000,20000,20,,
walker2d-medium-replay-v2,0,ensemble,0,89,1,1406.2709790834128,70765.35290609588,500.38660912959557,20000,20000,20,,
walker2d-medium-replay-v2,0,ensemble,0,90,1,1590.8081759234851,81023.44201422314,572.922252833322,20000,20000,20,,
walker2d-medium-replay-v2,0,ensemble,0,91,1,1615.997606576425,74734.09965078869,528.4498864894388,20000,20000,20,,
walker2d-medium-replay-v2,0,ensemble,0,92,1,1958.4221021911214,94821.6569795107,670.4903665355674,20000,20000,20,,
walker2d-medium-replay-v2,0,ensemble,0,93,1,2491.983661227898,142110.40752366977,1004.8723283717065,20000,20000,20,,
walker2d-medium-replay-v2,0,ensemble,0,94,1,2935.071144934034,174263.47858966733,1232.228874239105,20000,20000,20,,
walker2d-medium-replay-v2,0,ensemble,0,95,1,2727.167627921328,141727.8031132444,1002.1669066404698,20000,20000,20,,
walker2d-medium-replay-v2,0,ensemble,0,96,1,3324.8679429897047,185052.35286604732,1308.517735861079,20000,20000,20,,
walker2d-medium-replay-v2,0,ensemble,0,97,1,4044.568020052637,237765.69984314425,1681.2573869265252,20000,20000,20,,
walker2d-medium-replay-v2,0,ensemble,0,98,1,4804.572793882003,263556.70022909355,1863.6272995914214,20000,20000,20,,
walker2d-medium-replay-v2,0,ensemble,0,99,1,5074.892399504753,272681.199290147,1928.1472512014332,20000,20000,20,,
walker2d-medium-replay-v2,0,ensemble,0,100,1,5814.777587262708,303964.66997357324,2149.354793794446,20000,20000,20,,
walker2d-medium-replay-v2,0,ensemble,1,1,1,0.9766581437996494,1.9759334979096743,0.013971959755455855,20000,20000,20,,
walker2d-medium-replay-v2,0,ensemble,1,2,1,1.4109568610134982,2.773295415618937,0.01961015994617715,20000,20000,20,,
walker2d-medium-replay-v2,0,ensemble,1,3,1,1.7686099230366155,3.420118233183787,0.024183887951440095,20000,20000,20,,
walker2d-medium-replay-v2,0,ensemble,1,4,1,2.052317079092694,3.8933545326033268,0.027530173915671936,20000,20000,20,,
walker2d-medium-replay-v2,0,ensemble,1,5,1,2.3402211402060873,4.354908795080836,0.03079385540450596,20000,20000,20,,
walker2d-medium-replay-v2,0,ensemble,1,6,1,2.6679431684372292,4.938593350560977,0.03492112847704459,20000,20000,20,,
walker2d-medium-replay-v2,0,ensemble,1,7,1,3.0220386316026366,5.793854060333829,0.04096873495267263,20000,20000,20,,
walker2d-medium-replay-v2,0,ensemble,1,8,1,3.3678120675465553,6.3289014842849305,0.0447520915699948,20000,20000,20,,
walker2d-medium-replay-v2,0,ensemble,1,9,1,3.650547535053936,6.778686258131081,0.04793255020660551,20000,20000,20,,
walker2d-medium-replay-v2,0,ensemble,1,10,1,3.911499855410996,7.389986643463163,0.05225509668470815,20000,20000,20,,
walker2d-medium-replay-v2,0,ensemble,1,11,1,4.204808220207173,7.847013381003291,0.05548676373769004,20000,20000,20,,
walker2d-medium-replay-v2,0,ensemble,1,12,1,4.4105204509069775,8.213941635590176,0.058081338307963346,20000,20000,20,,
walker2d-medium-replay-v2,0,ensemble,1,13,1,4.637003397548889,8.55689222037769,0.06050636514911478,20000,20000,20,,
walker2d-medium-replay-v2,0,ensemble,1,14,1,4.845887768052579,8.819011969808912,0.062359831672172135,20000,20000,20,,
walker2d-medium-replay-v2,0,ensemble,1,15,1,5.100080458165356,9.158382421711556,0.06475954315091915,20000,20000,20,,
walker2d-medium-replay-v2,0,ensemble,1,16,1,5.342742611162318,9.527695988821543,0.06737098442779581,20000,20000,20,,
walker2d-medium-replay-v2,0,ensemble,1,17,1,5.513915052271259,9.476273910915785,0.06700737542789717,20000,20000,20,,
walker2d-medium-replay-v2,0,ensemble,1,18,1,5.721026827254438,9.728212194798541,0.06878884811763715,20000,20000,20,,
walker2d-medium-replay-v2,0,ensemble,1,19,1,5.973252130976628,10.194098515989124,0.0720831618873963,20000,20000,20,,
walker2d-medium-replay-v2,0,ensemble,1,20,1,6.188385469046162,10.605718952358163,0.07499375790571143,20000,20000,20,,
walker2d-medium-replay-v2,0,ensemble,1,21,1,6.4443493943058625,11.119452895065495,0.07862640545185198,20000,20000,20,,
walker2d-medium-replay-v2,0,ensemble,1,22,1,6.669217357613228,11.44229409869292,0.08090923749516578,20000,20000,20,,
walker2d-medium-replay-v2,0,ensemble,1,23,1,6.832433695661141,11.68106604672168,0.08259761013124836,20000,20000,20,,
walker2d-medium-replay-v2,0,ensemble,1,24,1,7.007406997192062,11.87911742937527,0.08399804488822563,20000,20000,20,,
walker2d-medium-replay-v2,0,ensemble,1,25,1,7.222514381224473,12.320648282961644,0.0871201394949657,20000,20000,20,,
walker2d-medium-replay-v2,0,ensemble,1,26,1,7.5179419755373,12.593334317088244,0.08904832093362357,20000,20000,20,,
walker2d-medium-replay-v2,0,ensemble,1,27,1,7.738717012136252,13.055548690977304,0.09231667011501205,20000,20000,20,,
walker2d-medium-replay-v2,0,ensemble,1,28,1,7.868566860235699,13.210916222348109,0.09341528446509714,20000,20000,20,,
walker2d-medium-replay-v2,0,ensemble,1,29,1,8.066327566144645,13.562609711858222,0.09590213297841477,20000,20000,20,,
walker2d-medium-replay-v2,0,ensemble,1,30,1,8.324692428086552,13.840102284751874,0.0978643017786348,20000,20000,20,,
walker2d-medium-replay-v2,0,ensemble,1,31,1,8.539619517175813,14.205806861829213,0.10045022364225825,20000,20000,20,,
walker2d-medium-replay-v2,0,ensemble,1,32,1,8.736940546591512,14.892902612500468,0.1053087242884993,20000,20000,20,,
walker2d-medium-replay-v2,0,ensemble,1,33,1,8.99401675285987,15.937976573681976,0.1126985131364286,20000,20000,20,,
walker2d-medium-replay-v2,0,ensemble,1,34,1,9.24635715778092,17.6530113975396,0.12482564067563663,20000,20000,20,,
walker2d-medium-replay-v2,0,ensemble,1,35,1,9.485248712560864,20.823039748726384,0.14724112611241447,20000,20000,20,,
walker2d-medium-replay-v2,0,ensemble,1,36,1,9.788230869503721,27.197456284883366,0.19231505770065713,20000,20000,20,,
walker2d-medium-replay-v2,0,ensemble,1,37,1,10.020060677635046,25.433124510347945,0.17983934808028823,20000,20000,20,,
walker2d-medium-replay-v2,0,ensemble,1,38,1,10.251631394024438,23.06221488389971,0.1630744853358681,20000,20000,20,,
walker2d-medium-replay-v2,0,ensemble,1,39,1,10.493058395650134,25.00753107579952,0.17682994804431157,20000,20000,20,,
walker2d-medium-replay-v2,0,ensemble,1,40,1,10.789376869597335,25.953511356521002,0.18351903875798073,20000,20000,20,,
walker2d-medium-replay-v2,0,ensemble,1,41,1,11.027946299088716,28.074941500331924,0.19851981516300327,20000,20000,20,,
walker2d-medium-replay-v2,0,ensemble,1,42,1,11.237711593388992,30.03263201489009,0.21236277754608987,20000,20000,20,,
walker2d-medium-replay-v2,0,ensemble,1,43,1,11.533556980712504,33.37760282297927,0.23601529295879892,20000,20000,20,,
walker2d-medium-replay-v2,0,ensemble,1,44,1,11.933458574409148,36.766465426242675,0.25997817023156944,20000,20000,20,,
walker2d-medium-replay-v2,0,ensemble,1,45,1,12.386847744017652,44.370690003069136,0.3137481578709634,20000,20000,20,,
walker2d-medium-replay-v2,0,ensemble,1,46,1,12.819517684737038,49.3528511802225,0.34897735740425834,20000,20000,20,,
walker2d-medium-replay-v2,0,ensemble,1,47,1,13.338312477827031,63.6280191681864,0.4499180382729223,20000,20000,20,,
walker2d-medium-replay-v2,0,ensemble,1,48,1,13.628785981372744,63.85284091574383,0.45150776809548304,20000,20000,20,,
walker2d-medium-replay-v2,0,ensemble,1,49,1,14.1738971476504,73.14609192278628,0.5172209761589673,20000,20000,20,,
walker2d-medium-replay-v2,0,ensemble,1,50,1,15.15197625502909,101.47148114582235,0.7175117241525388,20000,20000,20,,
walker2d-medium-replay-v2,0,ensemble,1,51,1,15.54631346857993,101.6781891483073,0.7189733704553651,20000,20000,20,,
walker2d-medium-replay-v2,0,ensemble,1,52,1,15.957173929765617,105.73996116096923,0.747694435793235,20000,20000,20,,
walker2d-medium-replay-v2,0,ensemble,1,53,1,17.295825432415622,174.2705618452326,1.2322789604195359,20000,20000,20,,
walker2d-medium-replay-v2,0,ensemble,1,54,1,17.310500368510098,133.7949161927072,0.9460729252814908,20000,20000,20,,
walker2d-medium-replay-v2,0,ensemble,1,55,1,17.798147726808587,131.23296746336695,0.9279572120858032,20000,20000,20,,
walker2d-medium-replay-v2,0,ensemble,1,56,1,19.04070024786727,163.2848731732419,1.154598410859847,20000,20000,20,,
walker2d-medium-replay-v2,0,ensemble,1,57,1,19.919827264331378,173.3124150137802,1.225503839200612,20000,20000,20,,
walker2d-medium-replay-v2,0,ensemble,1,58,1,21.028706960774247,191.7426509414353,1.3558252872337404,20000,20000,20,,
walker2d-medium-replay-v2,0,ensemble,1,59,1,22.145194052243994,217.43591659566775,1.5375041109830923,20000,20000,20,,
walker2d-medium-replay-v2,0,ensemble,1,60,1,23.110801478765566,234.58750371045343,1.6587841465528599,20000,20000,20,,
walker2d-medium-replay-v2,0,ensemble,1,61,1,25.245525412855546,269.06260692207553,1.902559939183301,20000,20000,20,,
walker2d-medium-replay-v2,0,ensemble,1,62,1,26.332927708327386,284.7425942579581,2.0134341929245188,20000,20000,20,,
walker2d-medium-replay-v2,0,ensemble,1,63,1,30.042632724860148,387.6430800170982,2.741050505601296,20000,20000,20,,
walker2d-medium-replay-v2,0,ensemble,1,64,1,32.623029193378365,477.6534407108963,3.377519869837613,20000,20000,20,,
walker2d-medium-replay-v2,0,ensemble,1,65,1,36.50799310764038,612.8139392227506,4.333248920300477,20000,20000,20,,
walker2d-medium-replay-v2,0,ensemble,1,66,1,43.23484862199722,1071.4577759954711,7.576350591614545,20000,20000,20,,
walker2d-medium-replay-v2,0,ensemble,1,67,1,45.180787329401156,1143.8688747291164,8.088374381091837,20000,20000,20,,
walker2d-medium-replay-v2,0,ensemble,1,68,1,48.6202881731419,1244.6710958936114,8.801153722532641,20000,20000,20,,
walker2d-medium-replay-v2,0,ensemble,1,69,1,50.79758646665178,1120.437023004693,7.922686168590861,20000,20000,20,,
walker2d-medium-replay-v2,0,ensemble,1,70,1,53.26575418551905,1048.138236473608,7.411456546313973,20000,20000,20,,
walker2d-medium-replay-v2,0,ensemble,1,71,1,58.19558728401563,1146.6435443020164,8.107994257797332,20000,20000,20,,
walker2d-medium-replay-v2,0,ensemble,1,72,1,65.57943831109411,1293.677442412616,9.147680921980301,20000,20000,20,,
walker2d-medium-replay-v2,0,ensemble,1,73,1,83.34587302572187,2018.461311600006,14.272676809950571,20000,20000,20,,
walker2d-medium-replay-v2,0,ensemble,1,74,1,91.58204381026908,2105.003711771265,14.884623990163142,20000,20000,20,,
walker2d-medium-replay-v2,0,ensemble,1,75,1,105.0071948294898,2332.104807892048,16.490471240982178,20000,20000,20,,
walker2d-medium-replay-v2,0,ensemble,1,76,1,114.92106704104494,2732.8486465103697,19.324158099039604,20000,20000,20,,
walker2d-medium-replay-v2,0,ensemble,1,77,1,128.19640971528767,3288.1682921698025,23.250860970758563,20000,20000,20,,
walker2d-medium-replay-v2,0,ensemble,1,78,1,143.40395950327996,3604.415746443656,25.48706816525881,20000,20000,20,,
walker2d-medium-replay-v2,0,ensemble,1,79,1,156.77514550355394,3813.343070307603,26.964407440052355,20000,20000,20,,
walker2d-medium-replay-v2,0,ensemble,1,80,1,176.2537864813268,4380.011074583648,30.971355325102746,20000,20000,20,,
walker2d-medium-replay-v2,0,ensemble,1,81,1,198.17599998197068,5542.6253894642805,39.19227998466921,20000,20000,20,,
walker2d-medium-replay-v2,0,ensemble,1,82,1,257.50569014744025,7604.9283618668915,53.77496415113981,20000,20000,20,,
walker2d-medium-replay-v2,0,ensemble,1,83,1,266.38024036602724,8274.728751075756,58.51116812364958,20000,20000,20,,
walker2d-medium-replay-v2,0,ensemble,1,84,1,296.8996592441597,8458.95282951832,59.81382907489538,20000,20000,20,,
walker2d-medium-replay-v2,0,ensemble,1,85,1,353.6705581444214,10633.207870618036,75.18813391080182,20000,20000,20,,
walker2d-medium-replay-v2,0,ensemble,1,86,1,387.3940611593587,11610.479256679033,82.0984861522349,20000,20000,20,,
walker2d-medium-replay-v2,0,ensemble,1,87,1,466.3023052600402,14443.925021683544,102.13397329782484,20000,20000,20,,
walker2d-medium-replay-v2,0,ensemble,1,88,1,579.8786266886015,19908.151818713875,140.7718915190388,20000,20000,20,,
walker2d-medium-replay-v2,0,ensemble,1,89,1,619.5767100144868,22457.096407740282,158.7956515567321,20000,20000,20,,
walker2d-medium-replay-v2,0,ensemble,1,90,1,601.5527485474813,18350.541343876255,129.75792222699002,20000,20000,20,,
walker2d-medium-replay-v2,0,ensemble,1,91,1,758.0821603949922,26198.971550066177,185.25470443165227,20000,20000,20,,
walker2d-medium-replay-v2,0,ensemble,1,92,1,806.781117583071,24542.351211019897,173.54062967574046,20000,20000,20,,
walker2d-medium-replay-v2,0,ensemble,1,93,1,843.23866615069,23760.832158019493,168.0144554557097,20000,20000,20,,
walker2d-medium-replay-v2,0,ensemble,1,94,1,981.163505647335,30131.532817205272,213.06211182590843,20000,20000,20,,
walker2d-medium-replay-v2,0,ensemble,1,95,1,1087.285257440596,33823.922364409926,239.1712487020158,20000,20000,20,,
walker2d-medium-replay-v2,0,ensemble,1,96,1,1309.62233454276,44250.327954063214,312.8970696604674,20000,20000,20,,
walker2d-medium-replay-v2,0,ensemble,1,97,1,1335.193503858078,39140.69331324496,276.7664966213847,20000,20000,20,,
walker2d-medium-replay-v2,0,ensemble,1,98,1,2048.2581593207815,77618.73594738387,548.8473453552318,20000,20000,20,,
walker2d-medium-replay-v2,0,ensemble,1,99,1,2056.0330562875433,68803.92712261608,486.5172344066685,20000,20000,20,,
walker2d-medium-replay-v2,0,ensemble,1,100,1,2415.1040725303487,81399.699004386,575.582791525452,20000,20000,20,,
walker2d-medium-replay-v2,0,ensemble,2,1,1,0.96473102235436,1.9390527125900232,0.01371117322150575,20000,20000,20,,
walker2d-medium-replay-v2,0,ensemble,2,2,1,1.4310681840228654,2.8012933122228523,0.019808134971653034,20000,20000,20,,
walker2d-medium-replay-v2,0,ensemble,2,3,1,1.7768031028290527,3.44890646111992,0.02438745146335993,20000,20000,20,,
walker2d-medium-replay-v2,0,ensemble,2,4,1,2.083295947529952,4.052412868532123,0.028654886195066932,20000,20000,20,,
walker2d-medium-replay-v2,0,ensemble,2,5,1,2.393207342269151,4.517333453684906,0.03194237117981444,20000,20000,20,,
walker2d-medium-replay-v2,0,ensemble,2,6,1,2.739696815802096,5.275374141261996,0.03730252828582517,20000,20000,20,,
walker2d-medium-replay-v2,0,ensemble,2,7,1,3.020241634358222,5.703146524940333,0.04032733581885803,20000,20000,20,,
walker2d-medium-replay-v2,0,ensemble,2,8,1,3.3239292261124618,6.396322630541055,0.04522883106712556,20000,20000,20,,
walker2d-medium-replay-v2,0,ensemble,2,9,1,3.6386265526373704,6.809277312906,0.04814886162935545,20000,20000,20,,
walker2d-medium-replay-v2,0,ensemble,2,10,1,3.910902074487909,7.277201406681441,0.051457584627247296,20000,20000,20,,
walker2d-medium-replay-v2,0,ensemble,2,11,1,4.217875043673039,7.7847413818984545,0.05504643420923932,20000,20000,20,,
walker2d-medium-replay-v2,0,ensemble,2,12,1,4.422748085373588,8.15036959378246,0.05763181608940223,20000,20000,20,,
walker2d-medium-replay-v2,0,ensemble,2,13,1,4.618190466605349,8.465363714636023,0.059859160878296735,20000,20000,20,,
walker2d-medium-replay-v2,0,ensemble,2,14,1,4.82008747707826,8.61367226398268,0.06090786068780634,20000,20000,20,,
walker2d-medium-replay-v2,0,ensemble,2,15,1,5.04813664532789,8.940954664804151,0.0632220967376451,20000,20000,20,,
walker2d-medium-replay-v2,0,ensemble,2,16,1,5.288410056163135,9.36757411516986,0.06623875180104181,20000,20000,20,,
walker2d-medium-replay-v2,0,ensemble,2,17,1,5.521164480838756,9.573932525474902,0.06769792611385751,20000,20000,20,,
walker2d-medium-replay-v2,0,ensemble,2,18,1,5.769814834056326,9.937029944111828,0.07026541258335252,20000,20000,20,,
walker2d-medium-replay-v2,0,ensemble,2,19,1,5.946829129743697,10.32211796508286,0.07298839609317577,20000,20000,20,,
walker2d-medium-replay-v2,0,ensemble,2,20,1,6.208243775580391,10.62139070787633,0.07510457395171137,20000,20000,20,,
walker2d-medium-replay-v2,0,ensemble,2,21,1,6.394201499167229,10.939151829634874,0.07735148439164047,20000,20000,20,,
walker2d-medium-replay-v2,0,ensemble,2,22,1,6.60017976006498,11.286184250922082,0.07980537417547819,20000,20000,20,,
walker2d-medium-replay-v2,0,ensemble,2,23,1,6.812027231296322,11.396136449695291,0.08058285362906727,20000,20000,20,,
walker2d-medium-replay-v2,0,ensemble,2,24,1,7.014778556127334,11.578975310538187,0.08187571961273162,20000,20000,20,,
walker2d-medium-replay-v2,0,ensemble,2,25,1,7.218582944746372,11.618563708767454,0.08215565186117389,20000,20000,20,,
walker2d-medium-replay-v2,0,ensemble,2,26,1,7.451679889363681,12.190454865991667,0.08619953301491252,20000,20000,20,,
walker2d-medium-replay-v2,0,ensemble,2,27,1,7.6680747743915605,12.763993302496756,0.0902550621921513,20000,20000,20,,
walker2d-medium-replay-v2,0,ensemble,2,28,1,7.8697903729725525,13.046238775217677,0.09225083906935298,20000,20000,20,,
walker2d-medium-replay-v2,0,ensemble,2,29,1,8.064438193917548,13.309573564599097,0.09411289722229231,20000,20000,20,,
walker2d-medium-replay-v2,0,ensemble,2,30,1,8.222802528417983,13.14063161826861,0.0929182972635209,20000,20000,20,,
walker2d-medium-replay-v2,0,ensemble,2,31,1,8.468987526827416,13.495068764072734,0.0954245463565459,20000,20000,20,,
walker2d-medium-replay-v2,0,ensemble,2,32,1,8.710014332866134,14.256615308763,0.10080949361594262,20000,20000,20,,
walker2d-medium-replay-v2,0,ensemble,2,33,1,8.933138981251119,14.846065331885766,0.10497753470114937,20000,20000,20,,
walker2d-medium-replay-v2,0,ensemble,2,34,1,9.219919570020123,15.598736854618982,0.11029972607845599,20000,20000,20,,
walker2d-medium-replay-v2,0,ensemble,2,35,1,9.47598063169193,16.25033677967556,0.11490723333473751,20000,20000,20,,
walker2d-medium-replay-v2,0,ensemble,2,36,1,9.811798655560711,18.001629111646672,0.12729074017250527,20000,20000,20,,
walker2d-medium-replay-v2,0,ensemble,2,37,1,10.051235703869603,18.31004613945567,0.1294715778904767,20000,20000,20,,
walker2d-medium-replay-v2,0,ensemble,2,38,1,10.314689593802166,19.39889201038372,0.13717088088047866,20000,20000,20,,
walker2d-medium-replay-v2,0,ensemble,2,39,1,10.444253880548569,20.146783997864837,0.14245927583990847,20000,20000,20,,
walker2d-medium-replay-v2,0,ensemble,2,40,1,10.788569570169173,21.120010466888345,0.1493410261986761,20000,20000,20,,
walker2d-medium-replay-v2,0,ensemble,2,41,1,11.073120216250102,24.324063557369534,0.17199710287428574,20000,20000,20,,
walker2d-medium-replay-v2,0,ensemble,2,42,1,11.469091852101275,28.747241267901373,0.20327369240938825,20000,20000,20,,
walker2d-medium-replay-v2,0,ensemble,2,43,1,11.77074362320623,29.70631610979461,0.21005537565306948,20000,20000,20,,
walker2d-medium-replay-v2,0,ensemble,2,44,1,12.085420242665009,31.546861399515237,0.22306999620749363,20000,20000,20,,
walker2d-medium-replay-v2,0,ensemble,2,45,1,12.366275595285165,31.755593500621554,0.22454595504892955,20000,20000,20,,
walker2d-medium-replay-v2,0,ensemble,2,46,1,12.698255289255684,34.81886801149392,0.24620657684166708,20000,20000,20,,
walker2d-medium-replay-v2,0,ensemble,2,47,1,13.218483749591176,48.89500388194064,0.3457398881106279,20000,20000,20,,
walker2d-medium-replay-v2,0,ensemble,2,48,1,13.620575064698176,53.654558001973655,0.37939501804762504,20000,20000,20,,
walker2d-medium-replay-v2,0,ensemble,2,49,1,13.894379393417129,56.6531727624658,0.4005984263607258,20000,20000,20,,
walker2d-medium-replay-v2,0,ensemble,2,50,1,14.257657366535673,62.71169426027036,0.44343864271134664,20000,20000,20,,
walker2d-medium-replay-v2,0,ensemble,2,51,1,15.16149259140853,84.96423372755942,0.6007878582707603,20000,20000,20,,
walker2d-medium-replay-v2,0,ensemble,2,52,1,15.731472048415682,85.83841333221967,0.6069692415350628,20000,20000,20,,
walker2d-medium-replay-v2,0,ensemble,2,53,1,16.482796850976435,105.07017221404561,0.7429583127299001,20000,20000,20,,
walker2d-medium-replay-v2,0,ensemble,2,54,1,17.63478884043761,146.84500517155243,1.0383509894017835,20000,20000,20,,
walker2d-medium-replay-v2,0,ensemble,2,55,1,18.57383692415775,202.0206080053832,1.4285014186003577,20000,20000,20,,
walker2d-medium-replay-v2,0,ensemble,2,56,1,19.731451884770248,226.3687314618407,1.6006686506526413,20000,20000,20,,
walker2d-medium-replay-v2,0,ensemble,2,57,1,21.375112279392724,307.87683282797815,2.1770179626290043,20000,20000,20,,
walker2d-medium-replay-v2,0,ensemble,2,58,1,22.791762694711217,369.2299645596163,2.6108501175737326,20000,20000,20,,
walker2d-medium-replay-v2,0,ensemble,2,59,1,24.04231258231908,421.4528174226965,2.980121451497646,20000,20000,20,,
walker2d-medium-replay-v2,0,ensemble,2,60,1,24.533856690669438,382.0083067761667,2.701206641910184,20000,20000,20,,
walker2d-medium-replay-v2,0,ensemble,2,61,1,28.007613719011605,566.9312273017829,4.008809152915026,20000,20000,20,,
walker2d-medium-replay-v2,0,ensemble,2,62,1,28.257661669716658,476.283290967165,3.3678314480872786,20000,20000,20,,
walker2d-medium-replay-v2,0,ensemble,2,63,1,30.87645615659171,523.9237179694181,3.7047001380064377,20000,20000,20,,
walker2d-medium-replay-v2,0,ensemble,2,64,1,33.97189060285738,765.0080755758152,5.409423979021297,20000,20000,20,,
walker2d-medium-replay-v2,0,ensemble,2,65,1,39.26389481291871,1288.514569543931,9.111173897821788,20000,20000,20,,
walker2d-medium-replay-v2,0,ensemble,2,66,1,39.85188292527675,997.3456733110351,7.0522988878529596,20000,20000,20,,
walker2d-medium-replay-v2,0,ensemble,2,67,1,45.16864439361202,1335.42276738003,9.442864945653247,20000,20000,20,,
walker2d-medium-replay-v2,0,ensemble,2,68,1,46.47066527576828,1006.368338965982,7.116098768542879,20000,20000,20,,
walker2d-medium-replay-v2,0,ensemble,2,69,1,53.70053818215944,1239.2656205483659,8.762931239811044,20000,20000,20,,
walker2d-medium-replay-v2,0,ensemble,2,70,1,58.37089868475795,1432.36300924879,10.128335969605889,20000,20000,20,,
walker2d-medium-replay-v2,0,ensemble,2,71,1,59.68075883616895,1266.6045676040264,8.95624678834662,20000,20000,20,,
walker2d-medium-replay-v2,0,ensemble,2,72,1,61.67760842779095,1341.1002883518408,9.48301108144821,20000,20000,20,,
walker2d-medium-replay-v2,0,ensemble,2,73,1,71.75925732102289,1745.4631972149025,12.342288630622097,20000,20000,20,,
walker2d-medium-replay-v2,0,ensemble,2,74,1,78.3844907378052,1969.0976734613976,13.923623177232082,20000,20000,20,,
walker2d-medium-replay-v2,0,ensemble,2,75,1,90.21665462524625,2383.5728178679333,16.854405029663432,20000,20000,20,,
walker2d-medium-replay-v2,0,ensemble,2,76,1,96.99813414374799,2399.462111532542,16.966759302648526,20000,20000,20,,
walker2d-medium-replay-v2,0,ensemble,2,77,1,105.9761196197317,3139.080474930597,22.196650905137133,20000,20000,20,,
walker2d-medium-replay-v2,0,ensemble,2,78,1,135.38336720165768,4881.480821753798,34.51728191294191,20000,20000,20,,
walker2d-medium-replay-v2,0,ensemble,2,79,1,150.2774262435793,6547.756509796058,46.29963029635153,20000,20000,20,,
walker2d-medium-replay-v2,0,ensemble,2,80,1,167.97340297097057,6223.463675309794,44.00653367279709,20000,20000,20,,
walker2d-medium-replay-v2,0,ensemble,2,81,1,191.2423779208656,7345.316676645829,51.93923232018901,20000,20000,20,,
walker2d-medium-replay-v2,0,ensemble,2,82,1,202.71671705352014,6375.189258805362,45.07939556248911,20000,20000,20,,
walker2d-medium-replay-v2,0,ensemble,2,83,1,231.9032685398892,7544.215946738229,53.34566254674291,20000,20000,20,,
walker2d-medium-replay-v2,0,ensemble,2,84,1,342.7612088936683,15621.25320620791,110.4589407274171,20000,20000,20,,
walker2d-medium-replay-v2,0,ensemble,2,85,1,372.99948104277996,16986.401525975874,120.11199706975059,20000,20000,20,,
walker2d-medium-replay-v2,0,ensemble,2,86,1,368.8422162580893,14296.115001009804,101.08879861836759,20000,20000,20,,
walker2d-medium-replay-v2,0,ensemble,2,87,1,466.72563013131276,22240.504404376738,157.26411481344067,20000,20000,20,,
walker2d-medium-replay-v2,0,ensemble,2,88,1,496.69324149367844,25118.588858945146,177.61524515996976,20000,20000,20,,
walker2d-medium-replay-v2,0,ensemble,2,89,1,506.6404996399179,21870.98607202026,154.6512256276206,20000,20000,20,,
walker2d-medium-replay-v2,0,ensemble,2,90,1,567.4991791395588,23498.459376519342,166.15919972573437,20000,20000,20,,
walker2d-medium-replay-v2,0,ensemble,2,91,1,675.759812000347,33815.294714530355,239.1102420046603,20000,20000,20,,
walker2d-medium-replay-v2,0,ensemble,2,92,1,854.4413122363079,44451.83413111931,314.32193350294085,20000,20000,20,,
walker2d-medium-replay-v2,0,ensemble,2,93,1,1128.4390711094165,56861.701210201914,402.07294515537086,20000,20000,20,,
walker2d-medium-replay-v2,0,ensemble,2,94,1,1088.38031511441,47797.31875848241,337.9780821665789,20000,20000,20,,
walker2d-medium-replay-v2,0,ensemble,2,95,1,1077.155646020763,39351.41683493213,278.2565369327898,20000,20000,20,,
walker2d-medium-replay-v2,0,ensemble,2,96,1,1116.4548271162546,37551.303422018915,265.5278129210318,20000,20000,20,,
walker2d-medium-replay-v2,0,ensemble,2,97,1,1367.384634129078,48060.79349679948,339.8411299079323,20000,20000,20,,
walker2d-medium-replay-v2,0,ensemble,2,98,1,1386.7397382166514,45197.91361056423,319.5975120951372,20000,20000,20,,
walker2d-medium-replay-v2,0,ensemble,2,99,1,1716.735615172644,68106.51787512592,481.5858063250435,20000,20000,20,,
walker2d-medium-replay-v2,0,ensemble,2,100,1,2199.496767419758,100686.02411091425,711.9577041953969,20000,20000,20,,
walker2d-medium-replay-v2,0,ensemble,3,1,1,0.9798157722071063,1.952662518196676,0.013807409079856697,20000,20000,20,,
walker2d-medium-replay-v2,0,ensemble,3,2,1,1.4078026026062822,2.739322512332499,0.0193699352432728,20000,20000,20,,
walker2d-medium-replay-v2,0,ensemble,3,3,1,1.7627464502486292,3.4525994066712067,0.024413564531778606,20000,20000,20,,
walker2d-medium-replay-v2,0,ensemble,3,4,1,2.0690518104660236,3.972019921234967,0.028086422213133014,20000,20000,20,,
walker2d-medium-replay-v2,0,ensemble,3,5,1,2.3779767830013703,4.491975792147689,0.03176306543553444,20000,20000,20,,
walker2d-medium-replay-v2,0,ensemble,3,6,1,2.648628527310706,4.96619563274788,0.03511630608615043,20000,20000,20,,
walker2d-medium-replay-v2,0,ensemble,3,7,1,2.980610106683832,5.575896153386072,0.03942753981251277,20000,20000,20,,
walker2d-medium-replay-v2,0,ensemble,3,8,1,3.2613305450630867,6.051347328214124,0.042789487310953035,20000,20000,20,,
walker2d-medium-replay-v2,0,ensemble,3,9,1,3.5266925298761844,6.453174262236142,0.04563083281005672,20000,20000,20,,
walker2d-medium-replay-v2,0,ensemble,3,10,1,3.8130357651582787,6.791373907563604,0.048022265436116054,20000,20000,20,,
walker2d-medium-replay-v2,0,ensemble,3,11,1,4.0709425629618226,7.324731707285725,0.05179367460593853,20000,20000,20,,
walker2d-medium-replay-v2,0,ensemble,3,12,1,4.336781902603903,7.723257124404066,0.0546116748551343,20000,20000,20,,
walker2d-medium-replay-v2,0,ensemble,3,13,1,4.560568414627277,8.268107044340004,0.058464345586290795,20000,20000,20,,
walker2d-medium-replay-v2,0,ensemble,3,14,1,4.814672622969506,8.599128203924167,0.06080501865287275,20000,20000,20,,
walker2d-medium-replay-v2,0,ensemble,3,15,1,5.03715030559663,9.166469999609763,0.06481673096267113,20000,20000,20,,
walker2d-medium-replay-v2,0,ensemble,3,16,1,5.242121850084784,9.469391103891894,0.06695870663269525,20000,20000,20,,
walker2d-medium-replay-v2,0,ensemble,3,17,1,5.498652008357208,9.66582258040137,0.06834768692347862,20000,20000,20,,
walker2d-medium-replay-v2,0,ensemble,3,18,1,5.73397836741538,9.963566809215289,0.07045305655601343,20000,20000,20,,
walker2d-medium-replay-v2,0,ensemble,3,19,1,5.961262770619808,10.38236131680882,0.0734143809184441,20000,20000,20,,
walker2d-medium-replay-v2,0,ensemble,3,20,1,6.148566636273764,10.661172416206018,0.07538587310898244,20000,20000,20,,
walker2d-medium-replay-v2,0,ensemble,3,21,1,6.351933005066377,11.138276291392499,0.07875950696372985,20000,20000,20,,
walker2d-medium-replay-v2,0,ensemble,3,22,1,6.6043225963241685,11.432983466934596,0.08084340138663136,20000,20000,20,,
walker2d-medium-replay-v2,0,ensemble,3,23,1,6.764078082931529,11.402347305035123,0.08062677100834491,20000,20000,20,,
walker2d-medium-replay-v2,0,ensemble,3,24,1,7.01190667514602,11.819947775651062,0.08357965225433715,20000,20000,20,,
walker2d-medium-replay-v2,0,ensemble,3,25,1,7.17328735856547,12.01855108779352,0.08498398974215755,20000,20000,20,,
walker2d-medium-replay-v2,0,ensemble,3,26,1,7.345148992994827,12.359906244692558,0.08739773520452063,20000,20000,20,,
walker2d-medium-replay-v2,0,ensemble,3,27,1,7.522464971779724,12.685302291755235,0.08969863271901378,20000,20000,20,,
walker2d-medium-replay-v2,0,ensemble,3,28,1,7.809817057449067,13.531552894326309,0.09568252811562586,20000,20000,20,,
walker2d-medium-replay-v2,0,ensemble,3,29,1,8.099773475225412,13.70956639622594,0.0969412736589858,20000,20000,20,,
walker2d-medium-replay-v2,0,ensemble,3,30,1,8.28084297677283,13.58677301871172,0.09607299335973475,20000,20000,20,,
walker2d-medium-replay-v2,0,ensemble,3,31,1,8.441287702880192,13.922055445898954,0.09844379813850253,20000,20000,20,,
walker2d-medium-replay-v2,0,ensemble,3,32,1,8.69033120639497,14.274260942627478,0.1009342670895817,20000,20000,20,,
walker2d-medium-replay-v2,0,ensemble,3,33,1,8.912242982040091,15.257189523190261,0.10788462173696181,20000,20000,20,,
walker2d-medium-replay-v2,0,ensemble,3,34,1,9.134749353993515,16.080065301019275,0.11370323216273232,20000,20000,20,,
walker2d-medium-replay-v2,0,ensemble,3,35,1,9.420682774259179,16.61812966105719,0.1175079217397084,20000,20000,20,,
walker2d-medium-replay-v2,0,ensemble,3,36,1,9.69891934253044,16.659739692228666,0.11780214909177575,20000,20000,20,,
walker2d-medium-replay-v2,0,ensemble,3,37,1,10.007002867326923,18.662886588822357,0.1319665366347176,20000,20000,20,,
walker2d-medium-replay-v2,0,ensemble,3,38,1,10.267217486346867,19.584499367822957,0.13848332309131264,20000,20000,20,,
walker2d-medium-replay-v2,0,ensemble,3,39,1,10.552819004130408,21.212915545487512,0.1499979643095175,20000,20000,20,,
walker2d-medium-replay-v2,0,ensemble,3,40,1,10.851428545232961,23.042842565846897,0.16293750236124363,20000,20000,20,,
walker2d-medium-replay-v2,0,ensemble,3,41,1,11.107790643483401,24.83353771458969,0.17559962918838246,20000,20000,20,,
walker2d-medium-replay-v2,0,ensemble,3,42,1,11.480250516639806,30.015640580513246,0.21224262996139034,20000,20000,20,,
walker2d-medium-replay-v2,0,ensemble,3,43,1,11.865195568238715,35.148159342281,0.24853501817152196,20000,20000,20,,
walker2d-medium-replay-v2,0,ensemble,3,44,1,12.276661534432279,45.45927583715052,0.321445622122789,20000,20000,20,,
walker2d-medium-replay-v2,0,ensemble,3,45,1,12.532444339751962,43.74428750831339,0.3093188233530238,20000,20000,20,,
walker2d-medium-replay-v2,0,ensemble,3,46,1,13.130354387192195,62.70095306346368,0.443362690980346,20000,20000,20,,
walker2d-medium-replay-v2,0,ensemble,3,47,1,13.977642018619997,96.67353815643011,0.6835851439170818,20000,20000,20,,
walker2d-medium-replay-v2,0,ensemble,3,48,1,14.582032344588722,108.90804329808519,0.7700961594183416,20000,20000,20,,
walker2d-medium-replay-v2,0,ensemble,3,49,1,15.208940052551972,121.60179183534777,0.8598545161120935,20000,20000,20,,
walker2d-medium-replay-v2,0,ensemble,3,50,1,15.25899489918315,109.83094015255872,0.7766220256596814,20000,20000,20,,
walker2d-medium-replay-v2,0,ensemble,3,51,1,15.906770958723287,129.10273401846007,0.9128941869417628,20000,20000,20,,
walker2d-medium-replay-v2,0,ensemble,3,52,1,16.25423014594523,121.15760759818512,0.8567136592501547,20000,20000,20,,
walker2d-medium-replay-v2,0,ensemble,3,53,1,17.304432508302813,160.22483108609393,1.1329606457544614,20000,20000,20,,
walker2d-medium-replay-v2,0,ensemble,3,54,1,18.234891885147302,176.8915081243097,1.2508118492901465,20000,20000,20,,
walker2d-medium-replay-v2,0,ensemble,3,55,1,19.586470790408985,257.75532092646046,1.82260535314015,20000,20000,20,,
walker2d-medium-replay-v2,0,ensemble,3,56,1,21.19523941034688,310.10611523165875,2.192781369677228,20000,20000,20,,
walker2d-medium-replay-v2,0,ensemble,3,57,1,21.707075145253462,303.103342156149,2.1432642863891926,20000,20000,20,,
walker2d-medium-replay-v2,0,ensemble,3,58,1,23.784741567272228,419.744785806378,2.968043844113848,20000,20000,20,,
walker2d-medium-replay-v2,0,ensemble,3,59,1,27.26996178222135,545.5904927328836,3.8579073716233174,20000,20000,20,,
walker2d-medium-replay-v2,0,ensemble,3,60,1,29.076954023731727,628.2702583805709,4.44254160118726,20000,20000,20,,
walker2d-medium-replay-v2,0,ensemble,3,61,1,30.175116498770354,619.9958798538922,4.3840329095240715,20000,20000,20,,
walker2d-medium-replay-v2,0,ensemble,3,62,1,34.291313398266524,883.74247519247,6.249002970311798,20000,20000,20,,
walker2d-medium-replay-v2,0,ensemble,3,63,1,36.308302482862594,928.3746390573351,6.564600027590551,20000,20000,20,,
walker2d-medium-replay-v2,0,ensemble,3,64,1,42.95229672308096,1242.8941953205883,8.788589138085852,20000,20000,20,,
walker2d-medium-replay-v2,0,ensemble,3,65,1,47.47038805392557,1606.334961344224,11.358503440235314,20000,20000,20,,
walker2d-medium-replay-v2,0,ensemble,3,66,1,51.10782696368576,1694.2617091300215,11.980239436305482,20000,20000,20,,
walker2d-medium-replay-v2,0,ensemble,3,67,1,57.434028077304795,2002.6704593178442,14.161018622656254,20000,20000,20,,
walker2d-medium-replay-v2,0,ensemble,3,68,1,67.43673333985454,2539.1134583393373,17.954243445937717,20000,20000,20,,
walker2d-medium-replay-v2,0,ensemble,3,69,1,81.78941000914561,3428.327348968245,24.241935165827453,20000,20000,20,,
walker2d-medium-replay-v2,0,ensemble,3,70,1,78.27303981693481,2677.956096831688,18.93600915789545,20000,20000,20,,
walker2d-medium-replay-v2,0,ensemble,3,71,1,94.22252290756488,3457.4276997697502,24.44770571969397,20000,20000,20,,
walker2d-medium-replay-v2,0,ensemble,3,72,1,111.42754948248935,4020.4069056525286,28.42856986116127,20000,20000,20,,
walker2d-medium-replay-v2,0,ensemble,3,73,1,116.8220835289408,4116.398093939886,29.107330062882724,20000,20000,20,,
walker2d-medium-replay-v2,0,ensemble,3,74,1,149.8300402692185,6359.734861515827,44.970116471263296,20000,20000,20,,
walker2d-medium-replay-v2,0,ensemble,3,75,1,139.47731246994258,5112.403687914398,36.15015315887385,20000,20000,20,,
walker2d-medium-replay-v2,0,ensemble,3,76,1,157.88309070980478,5929.366195373795,41.9269504488709,20000,20000,20,,
walker2d-medium-replay-v2,0,ensemble,3,77,1,188.19248932259512,7826.998182631281,55.34523491273362,20000,20000,20,,
walker2d-medium-replay-v2,0,ensemble,3,78,1,185.81134594625482,7393.627234868097,52.28083955340774,20000,20000,20,,
walker2d-medium-replay-v2,0,ensemble,3,79,1,207.0803766169736,8209.291530520037,58.04845709968009,20000,20000,20,,
walker2d-medium-replay-v2,0,ensemble,3,80,1,249.03957417427208,9402.052816356372,66.48255303519667,20000,20000,20,,
walker2d-medium-replay-v2,0,ensemble,3,81,1,280.1439298003181,11398.89679956976,80.60237225021412,20000,20000,20,,
walker2d-medium-replay-v2,0,ensemble,3,82,1,321.0764482960426,13969.183476708064,98.77704364019344,20000,20000,20,,
walker2d-medium-replay-v2,0,ensemble,3,83,1,358.59449882337617,14999.785822476922,106.06450271419267,20000,20000,20,,
walker2d-medium-replay-v2,0,ensemble,3,84,1,425.40951604628555,19327.11787039994,136.66336106951502,20000,20000,20,,
walker2d-medium-replay-v2,0,ensemble,3,85,1,479.4890130680611,21485.17906548357,151.92315812210683,20000,20000,20,,
walker2d-medium-replay-v2,0,ensemble,3,86,1,506.2216078996512,21084.758570968632,149.09175765213098,20000,20000,20,,
walker2d-medium-replay-v2,0,ensemble,3,87,1,647.3734049910612,29369.917693132746,207.67667963704926,20000,20000,20,,
walker2d-medium-replay-v2,0,ensemble,3,88,1,772.5757588532877,37751.189042618644,266.9412176989093,20000,20000,20,,
walker2d-medium-replay-v2,0,ensemble,3,89,1,772.0863024027016,34077.23409922085,240.96243315640513,20000,20000,20,,
walker2d-medium-replay-v2,0,ensemble,3,90,1,882.6452825740082,34213.61065504319,241.92676103057352,20000,20000,20,,
walker2d-medium-replay-v2,0,ensemble,3,91,1,1228.1301204875053,52853.76829503694,373.73257972683166,20000,20000,20,,
walker2d-medium-replay-v2,0,ensemble,3,92,1,1442.2163852588887,66893.35811994402,473.00747142952616,20000,20000,20,,
walker2d-medium-replay-v2,0,ensemble,3,93,1,1561.7149587252634,68063.34361874142,481.2805182304218,20000,20000,20,,
walker2d-medium-replay-v2,0,ensemble,3,94,1,1624.8356518418402,66527.63542417162,470.42142144738125,20000,20000,20,,
walker2d-medium-replay-v2,0,ensemble,3,95,1,2264.3076312592952,106220.97787188365,751.0957375747513,20000,20000,20,,
walker2d-medium-replay-v2,0,ensemble,3,96,1,2421.1156572617097,109575.39569647823,774.8150534817898,20000,20000,20,,
walker2d-medium-replay-v2,0,ensemble,3,97,1,2575.0027512965225,112092.23051710748,792.6117631697236,20000,20000,20,,
walker2d-medium-replay-v2,0,ensemble,3,98,1,2835.1722139772382,126012.35067443801,891.0418767515233,20000,20000,20,,
walker2d-medium-replay-v2,0,ensemble,3,99,1,3119.9084243338875,139680.0817674576,987.687330144607,20000,20000,20,,
walker2d-medium-replay-v2,0,ensemble,3,100,1,3196.9790326518146,130036.47766490477,919.4967515846719,20000,20000,20,,
walker2d-medium-replay-v2,0,ensemble,4,1,1,0.9719749959901229,1.9688768528397957,0.013922061739642477,20000,20000,20,,
walker2d-medium-replay-v2,0,ensemble,4,2,1,1.4260324088541965,2.802923560860238,0.01981966257031819,20000,20000,20,,
walker2d-medium-replay-v2,0,ensemble,4,3,1,1.763109502428571,3.5095231757250023,0.024816076362864963,20000,20000,20,,
walker2d-medium-replay-v2,0,ensemble,4,4,1,2.0656908690437343,3.9703425989488275,0.028074561753505367,20000,20000,20,,
walker2d-medium-replay-v2,0,ensemble,4,5,1,2.397117356099224,4.658839382801576,0.03294296920037944,20000,20000,20,,
walker2d-medium-replay-v2,0,ensemble,4,6,1,2.67774864195028,5.146823401865534,0.03639353729028734,20000,20000,20,,
walker2d-medium-replay-v2,0,ensemble,4,7,1,2.984179509981562,5.758452150007088,0.04071840564408266,20000,20000,20,,
walker2d-medium-replay-v2,0,ensemble,4,8,1,3.287448797765604,6.117594251962852,0.04325792380110777,20000,20000,20,,
walker2d-medium-replay-v2,0,ensemble,4,9,1,3.597570561772195,6.68524147354939,0.047271795798163214,20000,20000,20,,
walker2d-medium-replay-v2,0,ensemble,4,10,1,3.8863383439678794,7.457320142519557,0.0527312164225461,20000,20000,20,,
walker2d-medium-replay-v2,0,ensemble,4,11,1,4.186279630980839,7.9312013923101885,0.05608206287458721,20000,20000,20,,
walker2d-medium-replay-v2,0,ensemble,4,12,1,4.38581771051152,8.227142185895595,0.0581746802943269,20000,20000,20,,
walker2d-medium-replay-v2,0,ensemble,4,13,1,4.629399411050687,8.693575378337426,0.06147286102778799,20000,20000,20,,
walker2d-medium-replay-v2,0,ensemble,4,14,1,4.865663529971801,8.738019395471373,0.061787127686773836,20000,20000,20,,
walker2d-medium-replay-v2,0,ensemble,4,15,1,5.046287255679251,8.860737699809837,0.06265487713850827,20000,20000,20,,
walker2d-medium-replay-v2,0,ensemble,4,16,1,5.229960207918737,9.245704022336673,0.06537700011038,20000,20000,20,,
walker2d-medium-replay-v2,0,ensemble,4,17,1,5.425111726066403,9.570856781566116,0.06767617732010656,20000,20000,20,,
walker2d-medium-replay-v2,0,ensemble,4,18,1,5.626037943167634,9.803774214909536,0.06932315228584354,20000,20000,20,,
walker2d-medium-replay-v2,0,ensemble,4,19,1,5.85980022788945,10.362482597732429,0.07327381714784191,20000,20000,20,,
walker2d-medium-replay-v2,0,ensemble,4,20,1,6.161407200900449,11.413173889144378,0.08070332651875231,20000,20000,20,,
walker2d-medium-replay-v2,0,ensemble,4,21,1,6.425287006720283,11.68398761282838,0.08261826872330569,20000,20000,20,,
walker2d-medium-replay-v2,0,ensemble,4,22,1,6.602439406402026,11.95586643319923,0.08454074229875796,20000,20000,20,,
walker2d-medium-replay-v2,0,ensemble,4,23,1,6.812916933788466,11.929566364195022,0.08435477272737246,20000,20000,20,,
walker2d-medium-replay-v2,0,ensemble,4,24,1,7.060410306288524,12.750265077521966,0.09015798898241803,20000,20000,20,,
walker2d-medium-replay-v2,0,ensemble,4,25,1,7.257903396135917,13.70329016827327,0.09689689402552974,20000,20000,20,,
walker2d-medium-replay-v2,0,ensemble,4,26,1,7.443030849374932,13.826713361823682,0.0977696277966817,20000,20000,20,,
walker2d-medium-replay-v2,0,ensemble,4,27,1,7.663381206199427,13.584702589200237,0.09605835321225938,20000,20000,20,,
walker2d-medium-replay-v2,0,ensemble,4,28,1,7.851456731689673,13.534757935171235,0.09570519117678014,20000,20000,20,,
walker2d-medium-replay-v2,0,ensemble,4,29,1,8.023596817260954,13.529468486696016,0.0956677891279245,20000,20000,20,,
walker2d-medium-replay-v2,0,ensemble,4,30,1,8.232962904768677,13.755717966945276,0.09726761454516633,20000,20000,20,,
walker2d-medium-replay-v2,0,ensemble,4,31,1,8.502171347500068,14.107907010458097,0.09975796715444153,20000,20000,20,,
walker2d-medium-replay-v2,0,ensemble,4,32,1,8.714732699310057,14.32835080685278,0.1013167401874534,20000,20000,20,,
walker2d-medium-replay-v2,0,ensemble,4,33,1,8.925338367509033,14.670096953982883,0.1037332503682541,20000,20000,20,,
walker2d-medium-replay-v2,0,ensemble,4,34,1,9.16681032684664,14.943714305550063,0.10566801721568868,20000,20000,20,,
walker2d-medium-replay-v2,0,ensemble,4,35,1,9.495501886470965,16.070060526134128,0.113632487721077,20000,20000,20,,
walker2d-medium-replay-v2,0,ensemble,4,36,1,9.708405527724905,16.410214822455053,0.11603774181685964,20000,20000,20,,
walker2d-medium-replay-v2,0,ensemble,4,37,1,9.983993029483525,17.12423317963939,0.12108661403942686,20000,20000,20,,
walker2d-medium-replay-v2,0,ensemble,4,38,1,10.243197503995484,18.858410783629907,0.1333491014750622,20000,20000,20,,
walker2d-medium-replay-v2,0,ensemble,4,39,1,10.482480475292634,20.130396336026145,0.14234339757176917,20000,20000,20,,
walker2d-medium-replay-v2,0,ensemble,4,40,1,10.822092348063634,23.93825197205413,0.1692690029919172,20000,20000,20,,
walker2d-medium-replay-v2,0,ensemble,4,41,1,11.173739678544763,30.872316450198316,0.21830024312872232,20000,20000,20,,
walker2d-medium-replay-v2,0,ensemble,4,42,1,11.380202779414441,30.959213927856045,0.21891470108592018,20000,20000,20,,
walker2d-medium-replay-v2,0,ensemble,4,43,1,11.775853501849664,35.22658578559981,0.2490895768704727,20000,20000,20,,
walker2d-medium-replay-v2,0,ensemble,4,44,1,12.028879031762534,34.6386982256369,0.24493258406822283,20000,20000,20,,
walker2d-medium-replay-v2,0,ensemble,4,45,1,12.394341337201649,45.01144183707084,0.3182789575397666,20000,20000,20,,
walker2d-medium-replay-v2,0,ensemble,4,46,1,12.561893638349503,40.038220655823544,0.28311297332376123,20000,20000,20,,
walker2d-medium-replay-v2,0,ensemble,4,47,1,12.873133695746366,42.51348546577497,0.3006157386472521,20000,20000,20,,
walker2d-medium-replay-v2,0,ensemble,4,48,1,13.734944742051102,70.30073675097579,0.4971012767902531,20000,20000,20,,
walker2d-medium-replay-v2,0,ensemble,4,49,1,14.211912625826624,73.03946657663137,0.5164670211058423,20000,20000,20,,
walker2d-medium-replay-v2,0,ensemble,4,50,1,14.76981164202388,82.52076738794406,0.5835099420873294,20000,20000,20,,
walker2d-medium-replay-v2,0,ensemble,4,51,1,15.519549457177835,108.18709949297535,0.7649983168838657,20000,20000,20,,
walker2d-medium-replay-v2,0,ensemble,4,52,1,16.227351847974408,123.87095437104949,0.875899918278185,20000,20000,20,,
walker2d-medium-replay-v2,0,ensemble,4,53,1,17.23689447873054,175.70355218145554,1.242411732260716,20000,20000,20,,
walker2d-medium-replay-v2,0,ensemble,4,54,1,17.4470832400887,145.06106659886208,1.0257366387820877,20000,20000,20,,
walker2d-medium-replay-v2,0,ensemble,4,55,1,18.628426075437325,177.16738815738435,1.2527626157119571,20000,20000,20,,
walker2d-medium-replay-v2,0,ensemble,4,56,1,20.246078731801802,254.89619331489266,1.802388267915977,20000,20000,20,,
walker2d-medium-replay-v2,0,ensemble,4,57,1,20.87877768812175,230.94163791637257,1.6330039822899534,20000,20000,20,,
walker2d-medium-replay-v2,0,ensemble,4,58,1,22.803884941087052,290.5860185601151,2.0547534424185736,20000,20000,20,,
walker2d-medium-replay-v2,0,ensemble,4,59,1,23.76278176298834,314.12487119139456,2.2211982655878586,20000,20000,20,,
walker2d-medium-replay-v2,0,ensemble,4,60,1,26.69107681062997,460.5093199343251,3.256292629251666,20000,20000,20,,
walker2d-medium-replay-v2,0,ensemble,4,61,1,28.264246649295966,502.4810665084481,3.5530776954597223,20000,20000,20,,
walker2d-medium-replay-v2,0,ensemble,4,62,1,32.47436658352055,720.0594523101511,5.091589215859792,20000,20000,20,,
walker2d-medium-replay-v2,0,ensemble,4,63,1,33.55836946707063,640.460204580808,4.528737537392129,20000,20000,20,,
walker2d-medium-replay-v2,0,ensemble,4,64,1,39.02471333852129,1004.7130559811975,7.10439415030964,20000,20000,20,,
walker2d-medium-replay-v2,0,ensemble,4,65,1,42.82328517327984,1206.7078495853318,8.532713033528244,20000,20000,20,,
walker2d-medium-replay-v2,0,ensemble,4,66,1,48.20486437028057,1469.7619772043995,10.392786608113788,20000,20000,20,,
walker2d-medium-replay-v2,0,ensemble,4,67,1,54.410519077649454,1542.0493659877427,10.90393563614349,20000,20000,20,,
walker2d-medium-replay-v2,0,ensemble,4,68,1,57.53754485976864,1713.667708416942,12.11746057322031,20000,20000,20,,
walker2d-medium-replay-v2,0,ensemble,4,69,1,70.17356784937533,2282.571213324381,16.14021583482875,20000,20000,20,,
walker2d-medium-replay-v2,0,ensemble,4,70,1,82.16713250199163,3106.235689665758,21.964403201263295,20000,20000,20,,
walker2d-medium-replay-v2,0,ensemble,4,71,1,95.56595882919957,4205.90525442806,29.740241264342128,20000,20000,20,,
walker2d-medium-replay-v2,0,ensemble,4,72,1,99.44394662167423,4003.560478124382,28.30944762972207,20000,20000,20,,
walker2d-medium-replay-v2,0,ensemble,4,73,1,118.46798594360081,5234.401850221108,37.012810437467564,20000,20000,20,,
walker2d-medium-replay-v2,0,ensemble,4,74,1,151.54729794658786,8146.332336495004,57.60326836934869,20000,20000,20,,
walker2d-medium-replay-v2,0,ensemble,4,75,1,160.4206176892518,8631.100091084165,61.03109403505441,20000,20000,20,,
walker2d-medium-replay-v2,0,ensemble,4,76,1,153.41318122195713,6742.90857535675,47.6795637855568,20000,20000,20,,
walker2d-medium-replay-v2,0,ensemble,4,77,1,232.7161450915163,12555.076350894822,88.77779626032583,20000,20000,20,,
walker2d-medium-replay-v2,0,ensemble,4,78,1,239.89857461762998,13393.815740928576,94.70857936373719,20000,20000,20,,
walker2d-medium-replay-v2,0,ensemble,4,79,1,251.93167817561906,12390.559893439084,87.61448923348841,20000,20000,20,,
walker2d-medium-replay-v2,0,ensemble,4,80,1,278.63048297459613,13269.684720573478,93.83084050125022,20000,20000,20,,
walker2d-medium-replay-v2,0,ensemble,4,81,1,388.52773043290796,22394.16160745362,158.3506353161789,20000,20000,20,,
walker2d-medium-replay-v2,0,ensemble,4,82,1,472.9770474678602,27938.289197308608,197.55353746167782,20000,20000,20,,
walker2d-medium-replay-v2,0,ensemble,4,83,1,583.0756088207633,35385.072256747655,250.21024545522238,20000,20000,20,,
walker2d-medium-replay-v2,0,ensemble,4,84,1,621.209447081881,36459.236931519095,257.80573671164166,20000,20000,20,,
walker2d-medium-replay-v2,0,ensemble,4,85,1,815.3211560933214,52721.47372759991,372.797115869343,20000,20000,20,,
walker2d-medium-replay-v2,0,ensemble,4,86,1,875.2821676836707,52540.1722044272,371.51512050459434,20000,20000,20,,
walker2d-medium-replay-v2,0,ensemble,4,87,1,867.1294312149378,47143.96254800674,333.35815609700194,20000,20000,20,,
walker2d-medium-replay-v2,0,ensemble,4,88,1,1134.3270860612931,61489.03110827917,434.7931086525477,20000,20000,20,,
walker2d-medium-replay-v2,0,ensemble,4,89,1,1598.8126079262213,102442.07362748,724.3748494080269,20000,20000,20,,
walker2d-medium-replay-v2,0,ensemble,4,90,1,1927.858566893883,138340.5387408845,978.2153305667972,20000,20000,20,,
walker2d-medium-replay-v2,0,ensemble,4,91,1,1769.9848082985643,116176.01130909553,821.4884540786647,20000,20000,20,,
walker2d-medium-replay-v2,0,ensemble,4,92,1,1986.6440920896116,127717.33679760741,903.0979492467437,20000,20000,20,,
walker2d-medium-replay-v2,0,ensemble,4,93,1,2116.6958527659267,145807.21344690796,1031.0126937422297,20000,20000,20,,
walker2d-medium-replay-v2,0,ensemble,4,94,1,2569.9904868008466,172566.7554532718,1220.2312298836912,20000,20000,20,,
walker2d-medium-replay-v2,0,ensemble,4,95,1,2765.506382461688,184462.7822646443,1304.348842158676,20000,20000,20,,
walker2d-medium-replay-v2,0,ensemble,4,96,1,2717.253414568752,176268.1751128758,1246.404219296923,20000,20000,20,,
walker2d-medium-replay-v2,0,ensemble,4,97,1,2713.2110276485855,168370.8496832874,1190.5616956519339,20000,20000,20,,
walker2d-medium-replay-v2,0,ensemble,4,98,1,2955.765647424062,170557.83208640636,1206.0259965277446,20000,20000,20,,
walker2d-medium-replay-v2,0,ensemble,4,99,1,3740.228017271246,206021.40578048353,1456.7913309696528,20000,20000,20,,
walker2d-medium-replay-v2,0,ensemble,4,100,1,3913.015526960215,210060.30911483394,1485.3506903324142,20000,20000,20,,
walker2d-medium-replay-v2,0,ensemble,5,1,1,0.9696765260991111,1.9502223336806712,0.013790154369670564,20000,20000,20,,
walker2d-medium-replay-v2,0,ensemble,5,2,1,1.4040043831423297,2.7665555886264936,0.01956250217247334,20000,20000,20,,
walker2d-medium-replay-v2,0,ensemble,5,3,1,1.7406089973712544,3.397017665654228,0.024020542271946006,20000,20000,20,,
walker2d-medium-replay-v2,0,ensemble,5,4,1,2.0548229283459967,3.9311606019882395,0.027797503195992744,20000,20000,20,,
walker2d-medium-replay-v2,0,ensemble,5,5,1,2.349063724910457,4.456602847721795,0.0315129409467936,20000,20000,20,,
walker2d-medium-replay-v2,0,ensemble,5,6,1,2.6647024997422952,4.973975748053468,0.03517131980906038,20000,20000,20,,
walker2d-medium-replay-v2,0,ensemble,5,7,1,3.0012672555667685,5.6183207285926615,0.03972752686068815,20000,20000,20,,
walker2d-medium-replay-v2,0,ensemble,5,8,1,3.3140730476660627,6.248029050142217,0.04418023710406105,20000,20000,20,,
walker2d-medium-replay-v2,0,ensemble,5,9,1,3.5862573269494584,6.643987138710371,0.046980083598983105,20000,20000,20,,
walker2d-medium-replay-v2,0,ensemble,5,10,1,3.863480742265194,7.041056248888222,0.049787786203047774,20000,20000,20,,
walker2d-medium-replay-v2,0,ensemble,5,11,1,4.123930134004395,7.47912858728364,0.052885425414344246,20000,20000,20,,
walker2d-medium-replay-v2,0,ensemble,5,12,1,4.345612226590702,7.823917506895648,0.055323451245700594,20000,20000,20,,
walker2d-medium-replay-v2,0,ensemble,5,13,1,4.542299850429619,8.128656790674029,0.05747828338623684,20000,20000,20,,
walker2d-medium-replay-v2,0,ensemble,5,14,1,4.699367685664485,8.28893174618222,0.05861159846517898,20000,20000,20,,
walker2d-medium-replay-v2,0,ensemble,5,15,1,4.914753528975124,8.571574611931908,0.06061018533543501,20000,20000,20,,
walker2d-medium-replay-v2,0,ensemble,5,16,1,5.134082193171599,8.855968606910306,0.06262115455921459,20000,20000,20,,
walker2d-medium-replay-v2,0,ensemble,5,17,1,5.359922192466321,9.193170378398088,0.06500553115168588,20000,20000,20,,
walker2d-medium-replay-v2,0,ensemble,5,18,1,5.604434790986566,9.453514868664534,0.06684644469680547,20000,20000,20,,
walker2d-medium-replay-v2,0,ensemble,5,19,1,5.828130535393244,9.855288860687002,0.06968741583944023,20000,20000,20,,
walker2d-medium-replay-v2,0,ensemble,5,20,1,6.015467189228135,10.120211322336843,0.07156070053065258,20000,20000,20,,
walker2d-medium-replay-v2,0,ensemble,5,21,1,6.257735160401555,10.457131612955367,0.0739430867528096,20000,20000,20,,
walker2d-medium-replay-v2,0,ensemble,5,22,1,6.5171735972957245,10.975542648928954,0.07760880634259826,20000,20000,20,,
walker2d-medium-replay-v2,0,ensemble,5,23,1,6.732966748456413,11.37626758183293,0.08044235951706752,20000,20000,20,,
walker2d-medium-replay-v2,0,ensemble,5,24,1,6.878561008419048,11.716570243993301,0.08284866271776184,20000,20000,20,,
walker2d-medium-replay-v2,0,ensemble,5,25,1,7.108576832423985,12.224236798989384,0.08643840735395529,20000,20000,20,,
walker2d-medium-replay-v2,0,ensemble,5,26,1,7.37505421090788,13.222881818937678,0.09349989400999141,20000,20000,20,,
walker2d-medium-replay-v2,0,ensemble,5,27,1,7.569042627055214,13.896637821465058,0.09826406839251393,20000,20000,20,,
walker2d-medium-replay-v2,0,ensemble,5,28,1,7.75578009560466,14.928910682018193,0.1055633397898335,20000,20000,20,,
walker2d-medium-replay-v2,0,ensemble,5,29,1,7.9642366728217295,15.471200507139825,0.10939790791695322,20000,20000,20,,
walker2d-medium-replay-v2,0,ensemble,5,30,1,8.141287460654778,14.955110883604034,0.10574860319193152,20000,20000,20,,
walker2d-medium-replay-v2,0,ensemble,5,31,1,8.433577158317298,15.388726010500775,0.10881472515846904,20000,20000,20,,
walker2d-medium-replay-v2,0,ensemble,5,32,1,8.806279927051419,17.038599649685224,0.12048109354215154,20000,20000,20,,
walker2d-medium-replay-v2,0,ensemble,5,33,1,9.000152697876945,16.40327077668377,0.1159886399983222,20000,20000,20,,
walker2d-medium-replay-v2,0,ensemble,5,34,1,9.15726325273097,16.65493587242865,0.11776818095621384,20000,20000,20,,
walker2d-medium-replay-v2,0,ensemble,5,35,1,9.448638509561386,17.43917599735626,0.12331359606036284,20000,20000,20,,
walker2d-medium-replay-v2,0,ensemble,5,36,1,9.736902309238733,17.73034056232549,0.12537244044367257,20000,20000,20,,
walker2d-medium-replay-v2,0,ensemble,5,37,1,10.014276323405939,19.048998940784664,0.13469676325844196,20000,20000,20,,
walker2d-medium-replay-v2,0,ensemble,5,38,1,10.25884172425718,20.490329840223136,0.14488851178770845,20000,20000,20,,
walker2d-medium-replay-v2,0,ensemble,5,39,1,10.58263247282771,22.81790234194079,0.16134693478438736,20000,20000,20,,
walker2d-medium-replay-v2,0,ensemble,5,40,1,10.799729052965644,23.173436785299028,0.1638609429428273,20000,20000,20,,
walker2d-medium-replay-v2,0,ensemble,5,41,1,11.260928907855527,28.715600747272422,0.2030499601424182,20000,20000,20,,
walker2d-medium-replay-v2,0,ensemble,5,42,1,11.598308688342357,34.877684063934666,0.24662246913690183,20000,20000,20,,
walker2d-medium-replay-v2,0,ensemble,5,43,1,11.96830180665632,40.10348799732983,0.2835744831214524,20000,20000,20,,
walker2d-medium-replay-v2,0,ensemble,5,44,1,12.303257213114545,44.693387450306986,0.3160299734030981,20000,20000,20,,
walker2d-medium-replay-v2,0,ensemble,5,45,1,12.939183817918329,63.0009961862317,0.44548431624792256,20000,20000,20,,
walker2d-medium-replay-v2,0,ensemble,5,46,1,13.4179816504146,68.26445246591139,0.48270257252632676,20000,20000,20,,
walker2d-medium-replay-v2,0,ensemble,5,47,1,13.994835600554326,82.6455548895262,0.58439232297309,20000,20000,20,,
walker2d-medium-replay-v2,0,ensemble,5,48,1,14.483378594984842,94.91499750377577,0.6711503837122407,20000,20000,20,,
walker2d-medium-replay-v2,0,ensemble,5,49,1,15.26327408989881,129.43133691195314,0.9152177602848276,20000,20000,20,,
walker2d-medium-replay-v2,0,ensemble,5,50,1,16.447933082286912,208.08922096508724,1.4714129923623906,20000,20000,20,,
walker2d-medium-replay-v2,0,ensemble,5,51,1,16.912444978053195,189.1236931383423,1.3373064590116557,20000,20000,20,,
walker2d-medium-replay-v2,0,ensemble,5,52,1,17.430231785639418,181.60661059741247,1.2841526586173508,20000,20000,20,,
walker2d-medium-replay-v2,0,ensemble,5,53,1,18.282392365158138,200.24593721883497,1.4159526011249386,20000,20000,20,,
walker2d-medium-replay-v2,0,ensemble,5,54,1,19.355770934713917,214.4843638001551,1.5166334810157214,20000,20000,20,,
walker2d-medium-replay-v2,0,ensemble,5,55,1,21.769025408287916,320.45288877880023,2.2659441070630812,20000,20000,20,,
walker2d-medium-replay-v2,0,ensemble,5,56,1,23.763848524507832,438.8190982964468,3.1029196011958367,20000,20000,20,,
walker2d-medium-replay-v2,0,ensemble,5,57,1,26.05867106564977,490.4416660170527,3.4679462781708588,20000,20000,20,,
walker2d-medium-replay-v2,0,ensemble,5,58,1,28.364022079665638,619.6488579220887,4.381579093912085,20000,20000,20,,
walker2d-medium-replay-v2,0,ensemble,5,59,1,28.585785012851908,578.1025345626628,4.087802224103893,20000,20000,20,,
walker2d-medium-replay-v2,0,ensemble,5,60,1,29.75558604050176,589.8424140643316,4.170815708163323,20000,20000,20,,
walker2d-medium-replay-v2,0,ensemble,5,61,1,31.067329274284177,588.6239274384981,4.162199706604203,20000,20000,20,,
walker2d-medium-replay-v2,0,ensemble,5,62,1,35.29932212719024,709.9951619914041,5.020423936537631,20000,20000,20,,
walker2d-medium-replay-v2,0,ensemble,5,63,1,38.700260832614234,810.1787826149146,5.728829111604679,20000,20000,20,,
walker2d-medium-replay-v2,0,ensemble,5,64,1,41.38399759713756,927.1146114683764,6.555690287064203,20000,20000,20,,
walker2d-medium-replay-v2,0,ensemble,5,65,1,44.87627073954868,977.9944570124622,6.915465125163675,20000,20000,20,,
walker2d-medium-replay-v2,0,ensemble,5,66,1,49.69142112082164,1139.6958481948764,8.058866627487511,20000,20000,20,,
walker2d-medium-replay-v2,0,ensemble,5,67,1,51.85724853860297,1124.14287370131,7.948890490167289,20000,20000,20,,
walker2d-medium-replay-v2,0,ensemble,5,68,1,66.4151034130434,1875.9181049888325,13.264744129882212,20000,20000,20,,
walker2d-medium-replay-v2,0,ensemble,5,69,1,77.54584588788116,2168.2637460235837,15.33193998214222,20000,20000,20,,
walker2d-medium-replay-v2,0,ensemble,5,70,1,82.42058426801451,2379.9201167917954,16.828576532657586,20000,20000,20,,
walker2d-medium-replay-v2,0,ensemble,5,71,1,88.00315915047574,2459.7563913660965,17.39310424401918,20000,20000,20,,
walker2d-medium-replay-v2,0,ensemble,5,72,1,91.56421296297196,2443.389368018056,17.2773719120468,20000,20000,20,,
walker2d-medium-replay-v2,0,ensemble,5,73,1,104.47922029112776,2856.236902890737,20.196644827093024,20000,20000,20,,
walker2d-medium-replay-v2,0,ensemble,5,74,1,110.51239187107021,2975.3303784709783,21.038762868871657,20000,20000,20,,
walker2d-medium-replay-v2,0,ensemble,5,75,1,125.45893309492666,3370.3239820823,23.831789425260425,20000,20000,20,,
walker2d-medium-replay-v2,0,ensemble,5,76,1,145.43025519489768,4363.4688077999945,30.85438383491356,20000,20000,20,,
walker2d-medium-replay-v2,0,ensemble,5,77,1,155.2359445464069,4083.906957059641,28.877583030717908,20000,20000,20,,
walker2d-medium-replay-v2,0,ensemble,5,78,1,181.097409632674,5600.31249995213,39.60018945479937,20000,20000,20,,
walker2d-medium-replay-v2,0,ensemble,5,79,1,204.87127013651673,7521.8927319774775,53.1878135813908,20000,20000,20,,
walker2d-medium-replay-v2,0,ensemble,5,80,1,217.9555734157947,7094.954534921296,50.168904638530954,20000,20000,20,,
walker2d-medium-replay-v2,0,ensemble,5,81,1,268.9802018207741,10454.52858311435,73.92468055228746,20000,20000,20,,
walker2d-medium-replay-v2,0,ensemble,5,82,1,312.6973181181744,10854.340575745235,76.7517782641775,20000,20000,20,,
walker2d-medium-replay-v2,0,ensemble,5,83,1,354.512570858546,13005.959717222946,91.96602311887416,20000,20000,20,,
walker2d-medium-replay-v2,0,ensemble,5,84,1,429.4869977569763,14397.285336170073,101.804180918835,20000,20000,20,,
walker2d-medium-replay-v2,0,ensemble,5,85,1,447.40002869752806,14185.562494377251,100.3070743471971,20000,20000,20,,
walker2d-medium-replay-v2,0,ensemble,5,86,1,575.6124550038596,23061.102901556824,163.06662243331596,20000,20000,20,,
walker2d-medium-replay-v2,0,ensemble,5,87,1,566.5644949592491,18034.84163639629,127.52558818721307,20000,20000,20,,
walker2d-medium-replay-v2,0,ensemble,5,88,1,622.783043899502,20883.89781031475,147.6714575928045,20000,20000,20,,
walker2d-medium-replay-v2,0,ensemble,5,89,1,723.4896483712613,24884.876588435847,175.96264984673346,20000,20000,20,,
walker2d-medium-replay-v2,0,ensemble,5,90,1,782.97446380834,28097.19670424143,198.67718321901427,20000,20000,20,,
walker2d-medium-replay-v2,0,ensemble,5,91,1,869.2675401107563,26993.10429780846,190.870070942561,20000,20000,20,,
walker2d-medium-replay-v2,0,ensemble,5,92,1,1095.4651443223506,41625.10807329252,294.33396186248046,20000,20000,20,,
walker2d-medium-replay-v2,0,ensemble,5,93,1,1126.082517626006,38824.63648839226,274.53163738044833,20000,20000,20,,
walker2d-medium-replay-v2,0,ensemble,5,94,1,1356.1963965508687,44510.05945539563,314.73364871926657,20000,20000,20,,
walker2d-medium-replay-v2,0,ensemble,5,95,1,1518.9807588159952,44958.42436197023,317.90406737811634,20000,20000,20,,
walker2d-medium-replay-v2,0,ensemble,5,96,1,1740.9418356763858,50759.517118122705,358.923987639792,20000,20000,20,,
walker2d-medium-replay-v2,0,ensemble,5,97,1,1821.213015649871,54719.37526704667,386.9244131362015,20000,20000,20,,
walker2d-medium-replay-v2,0,ensemble,5,98,1,2159.998544687731,71989.46230230044,509.04236967929967,20000,20000,20,,
walker2d-medium-replay-v2,0,ensemble,5,99,1,2479.0995288509225,86931.57130829078,614.6990357129431,20000,20000,20,,
walker2d-medium-replay-v2,0,ensemble,5,100,1,2754.654367634194,96027.85218129851,679.0194546017558,20000,20000,20,,
walker2d-medium-replay-v2,0,ensemble,6,1,1,0.9778841789417904,1.972211126908753,0.013945638617687418,20000,20000,20,,
walker2d-medium-replay-v2,0,ensemble,6,2,1,1.434489986620168,2.851037100619909,0.020159876672627707,20000,20000,20,,
walker2d-medium-replay-v2,0,ensemble,6,3,1,1.8145539849560628,3.5937847387672748,0.02541189558907065,20000,20000,20,,
walker2d-medium-replay-v2,0,ensemble,6,4,1,2.0535649202243453,3.885571707019967,0.027475141028204076,20000,20000,20,,
walker2d-medium-replay-v2,0,ensemble,6,5,1,2.3996941805267946,4.431524127320653,0.03133560761420231,20000,20000,20,,
walker2d-medium-replay-v2,0,ensemble,6,6,1,2.7066467943849615,4.964456532036079,0.035104008787085625,20000,20000,20,,
walker2d-medium-replay-v2,0,ensemble,6,7,1,3.009791904180243,5.501025831178825,0.038898126687089106,20000,20000,20,,
walker2d-medium-replay-v2,0,ensemble,6,8,1,3.3123565750028896,6.071174847932688,0.0429296890474241,20000,20000,20,,
walker2d-medium-replay-v2,0,ensemble,6,9,1,3.644881752200001,6.798403221087113,0.04807197018871165,20000,20000,20,,
walker2d-medium-replay-v2,0,ensemble,6,10,1,3.936943309010324,7.208619430804384,0.0509726368251489,20000,20000,20,,
walker2d-medium-replay-v2,0,ensemble,6,11,1,4.133836035990965,7.592150635294608,0.05368461198006572,20000,20000,20,,
walker2d-medium-replay-v2,0,ensemble,6,12,1,4.37017652554544,8.066337553416798,0.05703761983360722,20000,20000,20,,
walker2d-medium-replay-v2,0,ensemble,6,13,1,4.573596416489475,8.292559087418882,0.05863724764104019,20000,20000,20,,
walker2d-medium-replay-v2,0,ensemble,6,14,1,4.709752334040627,8.240768190486486,0.05827103069679389,20000,20000,20,,
walker2d-medium-replay-v2,0,ensemble,6,15,1,4.985224627034595,8.832874806588029,0.062457856731102095,20000,20000,20,,
walker2d-medium-replay-v2,0,ensemble,6,16,1,5.224415827025957,9.171232020964837,0.0648504035385944,20000,20000,20,,
walker2d-medium-replay-v2,0,ensemble,6,17,1,5.4503254111734325,9.41611954506126,0.06658201982776006,20000,20000,20,,
walker2d-medium-replay-v2,0,ensemble,6,18,1,5.616896481748573,9.54140812269132,0.06746794385623439,20000,20000,20,,
walker2d-medium-replay-v2,0,ensemble,6,19,1,5.883545813177995,10.055733637449285,0.07110477444846057,20000,20000,20,,
walker2d-medium-replay-v2,0,ensemble,6,20,1,6.095517650155234,10.60491256067183,0.07498805585541445,20000,20000,20,,
walker2d-medium-replay-v2,0,ensemble,6,21,1,6.3033561422111255,10.619582646969507,0.07509178903043123,20000,20000,20,,
walker2d-medium-replay-v2,0,ensemble,6,22,1,6.485418888572065,10.787613066913618,0.07627994352431228,20000,20000,20,,
walker2d-medium-replay-v2,0,ensemble,6,23,1,6.811637165023906,11.570399189800135,0.0818150772814301,20000,20000,20,,
walker2d-medium-replay-v2,0,ensemble,6,24,1,7.013765641660155,11.868068005121811,0.08391991366004733,20000,20000,20,,
walker2d-medium-replay-v2,0,ensemble,6,25,1,7.178550912085514,12.200947183938792,0.0862737249066203,20000,20000,20,,
walker2d-medium-replay-v2,0,ensemble,6,26,1,7.402640607015573,12.716467342045565,0.0899190029029769,20000,20000,20,,
walker2d-medium-replay-v2,0,ensemble,6,27,1,7.614688756174922,12.610426208449036,0.08916917885646876,20000,20000,20,,
walker2d-medium-replay-v2,0,ensemble,6,28,1,7.803838529601209,12.926140343402366,0.09140161491388821,20000,20000,20,,
walker2d-medium-replay-v2,0,ensemble,6,29,1,8.104653147871288,13.986304543823644,0.0988981078667792,20000,20000,20,,
walker2d-medium-replay-v2,0,ensemble,6,30,1,8.330490935377453,14.862674203584925,0.10509497715921269,20000,20000,20,,
walker2d-medium-replay-v2,0,ensemble,6,31,1,8.530740889042765,15.133854076703507,0.10701250843124727,20000,20000,20,,
walker2d-medium-replay-v2,0,ensemble,6,32,1,8.722077437133027,15.190648947533747,0.10741410881425403,20000,20000,20,,
walker2d-medium-replay-v2,0,ensemble,6,33,1,9.011843133822715,15.80901795613648,0.11178663800683998,20000,20000,20,,
walker2d-medium-replay-v2,0,ensemble,6,34,1,9.29820041641874,15.9652097053162,0.11289108045694367,20000,20000,20,,
walker2d-medium-replay-v2,0,ensemble,6,35,1,9.531503288673589,16.534470218478283,0.1169163601481301,20000,20000,20,,
walker2d-medium-replay-v2,0,ensemble,6,36,1,9.72102210242411,17.449600468796042,0.1233873082048164,20000,20000,20,,
walker2d-medium-replay-v2,0,ensemble,6,37,1,10.029050410153664,18.127673813289242,0.12818201080514624,20000,20000,20,,
walker2d-medium-replay-v2,0,ensemble,6,38,1,10.263487864464697,18.653633600241324,0.13190110812499872,20000,20000,20,,
walker2d-medium-replay-v2,0,ensemble,6,39,1,10.486845516977288,18.70115202112126,0.13223711410135353,20000,20000,20,,
walker2d-medium-replay-v2,0,ensemble,6,40,1,10.749717178992293,20.57934424478696,0.14551793867861207,20000,20000,20,,
walker2d-medium-replay-v2,0,ensemble,6,41,1,11.038976267380162,22.28642881490405,0.15758884943449925,20000,20000,20,,
walker2d-medium-replay-v2,0,ensemble,6,42,1,11.299705325250441,24.079621898951842,0.17026863933156938,20000,20000,20,,
walker2d-medium-replay-v2,0,ensemble,6,43,1,11.549211151742895,24.288960113198847,0.17174888404012478,20000,20000,20,,
walker2d-medium-replay-v2,0,ensemble,6,44,1,11.917711620202189,27.966599176390165,0.197753719243516,20000,20000,20,,
walker2d-medium-replay-v2,0,ensemble,6,45,1,12.255613914738822,31.592769427942034,0.22339461498960855,20000,20000,20,,
walker2d-medium-replay-v2,0,ensemble,6,46,1,12.746828395261744,35.060811561550366,0.2479173760907597,20000,20000,20,,
walker2d-medium-replay-v2,0,ensemble,6,47,1,13.144442480201734,38.26563128259782,0.2705788736630901,20000,20000,20,,
walker2d-medium-replay-v2,0,ensemble,6,48,1,13.567349134929618,46.69058173160288,0.3301522695996113,20000,20000,20,,
walker2d-medium-replay-v2,0,ensemble,6,49,1,13.962321030707527,49.83813352284095,0.3524088217568143,20000,20000,20,,
walker2d-medium-replay-v2,0,ensemble,6,50,1,14.604537697635106,58.987820491512814,0.4171068787696349,20000,20000,20,,
walker2d-medium-replay-v2,0,ensemble,6,51,1,14.891943976406004,62.10943572652775,0.4391800317789779,20000,20000,20,,
walker2d-medium-replay-v2,0,ensemble,6,52,1,15.641585754520225,71.92783744597084,0.5086066161412965,20000,20000,20,,
walker2d-medium-replay-v2,0,ensemble,6,53,1,16.71504247945371,103.88410520380539,0.734571552471075,20000,20000,20,,
walker2d-medium-replay-v2,0,ensemble,6,54,1,17.187314918777115,105.43287260327352,0.7455229917775207,20000,20000,20,,
walker2d-medium-replay-v2,0,ensemble,6,55,1,17.921940764643704,120.28058478562382,0.8505121714699807,20000,20000,20,,
walker2d-medium-replay-v2,0,ensemble,6,56,1,19.1390160428879,149.1379388480813,1.054564478916629,20000,20000,20,,
walker2d-medium-replay-v2,0,ensemble,6,57,1,20.348081768635957,186.29998355410348,1.3173398170604884,20000,20000,20,,
walker2d-medium-replay-v2,0,ensemble,6,58,1,21.091787031536033,183.86524835594022,1.3001236393703404,20000,20000,20,,
walker2d-medium-replay-v2,0,ensemble,6,59,1,22.908454025239823,230.89735052396162,1.6326908231350048,20000,20000,20,,
walker2d-medium-replay-v2,0,ensemble,6,60,1,24.35584845684089,268.4808608442137,1.898446373217453,20000,20000,20,,
walker2d-medium-replay-v2,0,ensemble,6,61,1,25.994275271206636,304.5314420918074,2.153362477876354,20000,20000,20,,
walker2d-medium-replay-v2,0,ensemble,6,62,1,29.278018704527884,411.8977646754472,2.912557025575895,20000,20000,20,,
walker2d-medium-replay-v2,0,ensemble,6,63,1,32.09659842627877,465.16272758346116,3.289197190294961,20000,20000,20,,
walker2d-medium-replay-v2,0,ensemble,6,64,1,35.15591627697412,542.269415369951,3.8344238083815703,20000,20000,20,,
walker2d-medium-replay-v2,0,ensemble,6,65,1,39.74937952995613,681.8882153904495,4.8216778111378,20000,20000,20,,
walker2d-medium-replay-v2,0,ensemble,6,66,1,43.763950382315194,854.7429978084822,6.043945699220961,20000,20000,20,,
walker2d-medium-replay-v2,0,ensemble,6,67,1,47.86770471706815,986.3054968018708,6.974233051101695,20000,20000,20,,
walker2d-medium-replay-v2,0,ensemble,6,68,1,50.895435547905414,965.3811382027565,6.826275492527567,20000,20000,20,,
walker2d-medium-replay-v2,0,ensemble,6,69,1,53.034355361799975,1007.6039706539724,7.124836003999149,20000,20000,20,,
walker2d-medium-replay-v2,0,ensemble,6,70,1,61.97307881325479,1403.4388171172016,9.92381104564,20000,20000,20,,
walker2d-medium-replay-v2,0,ensemble,6,71,1,64.18550064330664,1273.7192460793385,9.00655516230517,20000,20000,20,,
walker2d-medium-replay-v2,0,ensemble,6,72,1,67.36973154549416,1267.4069943960967,8.961920802607406,20000,20000,20,,
walker2d-medium-replay-v2,0,ensemble,6,73,1,75.70838639266745,1491.6022238754788,10.547220473352859,20000,20000,20,,
walker2d-medium-replay-v2,0,ensemble,6,74,1,84.54514781895476,1839.9499713543228,13.010411017886355,20000,20000,20,,
walker2d-medium-replay-v2,0,ensemble,6,75,1,96.68236216912769,2219.776888066231,15.696192902728038,20000,20000,20,,
walker2d-medium-replay-v2,0,ensemble,6,76,1,114.98055831931347,2914.497150410593,20.608606988041995,20000,20000,20,,
walker2d-medium-replay-v2,0,ensemble,6,77,1,120.27282281458537,2953.993400976131,20.88788765410534,20000,20000,20,,
walker2d-medium-replay-v2,0,ensemble,6,78,1,147.42891535788908,4138.998655321911,29.26714016500125,20000,20000,20,,
walker2d-medium-replay-v2,0,ensemble,6,79,1,170.80306986785368,5071.198067138708,35.85878542013893,20000,20000,20,,
walker2d-medium-replay-v2,0,ensemble,6,80,1,191.76435717584752,5505.734690225205,38.931423348722575,20000,20000,20,,
walker2d-medium-replay-v2,0,ensemble,6,81,1,220.68114996771322,6018.5060657854465,42.55726451729259,20000,20000,20,,
walker2d-medium-replay-v2,0,ensemble,6,82,1,227.98530738823163,5803.782140160446,41.03893707836825,20000,20000,20,,
walker2d-medium-replay-v2,0,ensemble,6,83,1,286.29506818124213,7745.5213549587625,54.769106739165565,20000,20000,20,,
walker2d-medium-replay-v2,0,ensemble,6,84,1,347.9742632255917,10303.447667072951,72.85637714987996,20000,20000,20,,
walker2d-medium-replay-v2,0,ensemble,6,85,1,386.5449829681656,11610.596474028496,82.09931500406168,20000,20000,20,,
walker2d-medium-replay-v2,0,ensemble,6,86,1,458.46863404880446,15170.691709608504,107.27298983154711,20000,20000,20,,
walker2d-medium-replay-v2,0,ensemble,6,87,1,476.80643938857594,14608.437542487827,103.29725248833286,20000,20000,20,,
walker2d-medium-replay-v2,0,ensemble,6,88,1,523.2945395438987,16453.700277014002,116.34523041487576,20000,20000,20,,
walker2d-medium-replay-v2,0,ensemble,6,89,1,596.8395447450788,19397.30541995852,137.1596619919924,20000,20000,20,,
walker2d-medium-replay-v2,0,ensemble,6,90,1,659.1147007133146,19803.892197089124,140.03466466449075,20000,20000,20,,
walker2d-medium-replay-v2,0,ensemble,6,91,1,752.7990432921781,21772.547490035515,153.95515973910256,20000,20000,20,,
walker2d-medium-replay-v2,0,ensemble,6,92,1,892.5157347166825,27026.39711557618,191.10548671464463,20000,20000,20,,
walker2d-medium-replay-v2,0,ensemble,6,93,1,1086.8686000808186,36168.39477235886,255.74917208167022,20000,20000,20,,
walker2d-medium-replay-v2,0,ensemble,6,94,1,1120.0973312849887,35005.351719694474,247.52521578816135,20000,20000,20,,
walker2d-medium-replay-v2,0,ensemble,6,95,1,1335.4754614153437,41115.65476312008,290.7315829592718,20000,20000,20,,
walker2d-medium-replay-v2,0,ensemble,6,96,1,1556.457354663403,51311.58462112584,362.82769439025446,20000,20000,20,,
walker2d-medium-replay-v2,0,ensemble,6,97,1,1835.4824311299942,68678.87559282438,485.63298655953383,20000,20000,20,,
walker2d-medium-replay-v2,0,ensemble,6,98,1,2021.6111986489736,70631.00968360559,499.4366590933021,20000,20000,20,,
walker2d-medium-replay-v2,0,ensemble,6,99,1,2050.186953178112,66761.83390438136,472.0774547823802,20000,20000,20,,
walker2d-medium-replay-v2,0,ensemble,6,100,1,2647.9365696041273,88786.36367250056,627.8143982972009,20000,20000,20,,
walker2d-medium-replay-v2,0,ensemble,7,1,1,0.9605806967430842,1.9117882387578211,0.013518384278183417,20000,20000,20,,
walker2d-medium-replay-v2,0,ensemble,7,2,1,1.4267917509524197,2.787924515892896,0.019713603306240893,20000,20000,20,,
walker2d-medium-replay-v2,0,ensemble,7,3,1,1.802774184052857,3.5521351580399667,0.025117388579412092,20000,20000,20,,
walker2d-medium-replay-v2,0,ensemble,7,4,1,2.0805971063006745,4.015680338899661,0.028395147987134436,20000,20000,20,,
walker2d-medium-replay-v2,0,ensemble,7,5,1,2.3626568215980566,4.4453369843019725,0.03143327926259282,20000,20000,20,,
walker2d-medium-replay-v2,0,ensemble,7,6,1,2.67411786780055,4.987346340469482,0.03526586417471883,20000,20000,20,,
walker2d-medium-replay-v2,0,ensemble,7,7,1,3.0374995784905416,5.707410833173316,0.04035748903154415,20000,20000,20,,
walker2d-medium-replay-v2,0,ensemble,7,8,1,3.3379808832903763,6.395462688502493,0.04522275035865662,20000,20000,20,,
walker2d-medium-replay-v2,0,ensemble,7,9,1,3.63766684989722,6.825950513609468,0.04826675896217051,20000,20000,20,,
walker2d-medium-replay-v2,0,ensemble,7,10,1,3.8930331902403728,7.320016667708662,0.0517603342413535,20000,20000,20,,
walker2d-medium-replay-v2,0,ensemble,7,11,1,4.099954914805914,7.5123250996904165,0.05312016020469,20000,20000,20,,
walker2d-medium-replay-v2,0,ensemble,7,12,1,4.335301744771996,8.020198177933173,0.05671136518076539,20000,20000,20,,
walker2d-medium-replay-v2,0,ensemble,7,13,1,4.538889740811472,8.30057869112446,0.05869395480266663,20000,20000,20,,
walker2d-medium-replay-v2,0,ensemble,7,14,1,4.7608078265428295,8.713089936657326,0.06161084979298661,20000,20000,20,,
walker2d-medium-replay-v2,0,ensemble,7,15,1,5.010429876695821,8.879659721405003,0.06278867603634528,20000,20000,20,,
walker2d-medium-replay-v2,0,ensemble,7,16,1,5.264978657640169,9.34625348611044,0.06608799218717101,20000,20000,20,,
walker2d-medium-replay-v2,0,ensemble,7,17,1,5.448573621609359,9.583872034590893,0.06776820905683334,20000,20000,20,,
walker2d-medium-replay-v2,0,ensemble,7,18,1,5.643006367782927,9.671300031936573,0.06838641835472024,20000,20000,20,,
walker2d-medium-replay-v2,0,ensemble,7,19,1,5.882429479627488,10.083439595829107,0.07130068515895702,20000,20000,20,,
walker2d-medium-replay-v2,0,ensemble,7,20,1,6.090223301381523,10.483764559650982,0.07413141012492408,20000,20000,20,,
walker2d-medium-replay-v2,0,ensemble,7,21,1,6.3140295010432546,10.982695991375717,0.07765938811212082,20000,20000,20,,
walker2d-medium-replay-v2,0,ensemble,7,22,1,6.568891583949119,11.326981963049683,0.08009385756450142,20000,20000,20,,
walker2d-medium-replay-v2,0,ensemble,7,23,1,6.788284867236193,11.72592404187987,0.08291480405691626,20000,20000,20,,
walker2d-medium-replay-v2,0,ensemble,7,24,1,6.991050151456316,12.135807580259577,0.08581311835176653,20000,20000,20,,
walker2d-medium-replay-v2,0,ensemble,7,25,1,7.210329505954028,12.423251345883319,0.08784565271058997,20000,20000,20,,
walker2d-medium-replay-v2,0,ensemble,7,26,1,7.376314870484518,12.597507029208245,0.08907782646398349,20000,20000,20,,
walker2d-medium-replay-v2,0,ensemble,7,27,1,7.5759693781431805,12.853367550248862,0.09088703355864092,20000,20000,20,,
walker2d-medium-replay-v2,0,ensemble,7,28,1,7.884339085587374,13.623418444637664,0.0963321156514518,20000,20000,20,,
walker2d-medium-replay-v2,0,ensemble,7,29,1,8.112617311517562,14.306682101115351,0.10116351929978869,20000,20000,20,,
walker2d-medium-replay-v2,0,ensemble,7,30,1,8.316388897019245,14.477688027609076,0.1023727138022567,20000,20000,20,,
walker2d-medium-replay-v2,0,ensemble,7,31,1,8.641470494369473,15.879756349981308,0.1122868339866192,20000,20000,20,,
walker2d-medium-replay-v2,0,ensemble,7,32,1,8.955819078104259,17.677070036942144,0.12499576094631323,20000,20000,20,,
walker2d-medium-replay-v2,0,ensemble,7,33,1,9.115888091648404,15.95740318562308,0.11283588002681896,20000,20000,20,,
walker2d-medium-replay-v2,0,ensemble,7,34,1,9.33142282008695,16.13380987477737,0.1140832636882956,20000,20000,20,,
walker2d-medium-replay-v2,0,ensemble,7,35,1,9.618960829087536,17.801708997478727,0.12587709148826784,20000,20000,20,,
walker2d-medium-replay-v2,0,ensemble,7,36,1,9.859320395602303,18.653406520609543,0.1318995024295237,20000,20000,20,,
walker2d-medium-replay-v2,0,ensemble,7,37,1,10.152769191285095,20.2906387859148,0.14347648280127132,20000,20000,20,,
walker2d-medium-replay-v2,0,ensemble,7,38,1,10.417616529724127,22.489726639095654,0.1590263821353628,20000,20000,20,,
walker2d-medium-replay-v2,0,ensemble,7,39,1,10.73219606854315,24.566449341507575,0.173711029190558,20000,20000,20,,
walker2d-medium-replay-v2,0,ensemble,7,40,1,11.052859717254552,26.622432930262477,0.18824902856672646,20000,20000,20,,
walker2d-medium-replay-v2,0,ensemble,7,41,1,11.345811074272621,28.435434548953946,0.2010688859555157,20000,20000,20,,
walker2d-medium-replay-v2,0,ensemble,7,42,1,11.641420296128844,33.40167588345161,0.23618551520183798,20000,20000,20,,
walker2d-medium-replay-v2,0,ensemble,7,43,1,11.894680150250503,35.87715703935827,0.25368981032224913,20000,20000,20,,
walker2d-medium-replay-v2,0,ensemble,7,44,1,12.426729686102055,46.38135604338432,0.3279657137890471,20000,20000,20,,
walker2d-medium-replay-v2,0,ensemble,7,45,1,12.656328684704812,44.67583061873994,0.315905827856526,20000,20000,20,,
walker2d-medium-replay-v2,0,ensemble,7,46,1,13.237739808200294,60.83975810725857,0.43020205523391764,20000,20000,20,,
walker2d-medium-replay-v2,0,ensemble,7,47,1,13.871955488713725,81.4551075483377,0.5759745890970911,20000,20000,20,,
walker2d-medium-replay-v2,0,ensemble,7,48,1,14.404677257786883,83.57608790291539,0.5909721850119445,20000,20000,20,,
walker2d-medium-replay-v2,0,ensemble,7,49,1,15.09419901726732,104.0118992036938,0.7354751925102355,20000,20000,20,,
walker2d-medium-replay-v2,0,ensemble,7,50,1,15.98303999612484,127.94673376774628,0.9047200307784322,20000,20000,20,,
walker2d-medium-replay-v2,0,ensemble,7,51,1,16.628797446248235,142.71702499429708,1.0091617616423745,20000,20000,20,,
walker2d-medium-replay-v2,0,ensemble,7,52,1,17.78984646009591,181.31931722725244,1.2821211877150498,20000,20000,20,,
walker2d-medium-replay-v2,0,ensemble,7,53,1,18.2256552896367,183.36839468370252,1.296610353361373,20000,20000,20,,
walker2d-medium-replay-v2,0,ensemble,7,54,1,19.243633818217,225.34495574928062,1.593429463164988,20000,20000,20,,
walker2d-medium-replay-v2,0,ensemble,7,55,1,20.44030329956045,249.3507612478629,1.7631761417239162,20000,20000,20,,
walker2d-medium-replay-v2,0,ensemble,7,56,1,22.735549492879795,338.86068983987906,2.396106916633299,20000,20000,20,,
walker2d-medium-replay-v2,0,ensemble,7,57,1,23.384327969635603,343.4751200984168,2.4287358659045433,20000,20000,20,,
walker2d-medium-replay-v2,0,ensemble,7,58,1,25.34395343833407,414.87406536194914,2.933602649558652,20000,20000,20,,
walker2d-medium-replay-v2,0,ensemble,7,59,1,26.80426888652515,441.96573192843806,3.1251696609867436,20000,20000,20,,
walker2d-medium-replay-v2,0,ensemble,7,60,1,29.058095903671905,547.7290784471562,3.873029456230426,20000,20000,20,,
walker2d-medium-replay-v2,0,ensemble,7,61,1,30.965524985610354,692.8463823917513,4.899163753097751,20000,20000,20,,
walker2d-medium-replay-v2,0,ensemble,7,62,1,33.76608434629855,805.6553479306706,5.696843598209845,20000,20000,20,,
walker2d-medium-replay-v2,0,ensemble,7,63,1,37.058931071117726,925.6420223339853,6.545277509435906,20000,20000,20,,
walker2d-medium-replay-v2,0,ensemble,7,64,1,37.75852507961239,775.0281671562418,5.480276726067596,20000,20000,20,,
walker2d-medium-replay-v2,0,ensemble,7,65,1,41.22225811083479,861.5762403434381,6.092264020560558,20000,20000,20,,
walker2d-medium-replay-v2,0,ensemble,7,66,1,53.65389765265045,1590.0672711953955,11.243473500050532,20000,20000,20,,
walker2d-medium-replay-v2,0,ensemble,7,67,1,58.35651073990098,1854.0404445593927,13.110045709420676,20000,20000,20,,
walker2d-medium-replay-v2,0,ensemble,7,68,1,71.45830858069229,2452.4147150398703,17.341190752863668,20000,20000,20,,
walker2d-medium-replay-v2,0,ensemble,7,69,1,75.4146778646467,2292.348296113618,16.20935025023367,20000,20000,20,,
walker2d-medium-replay-v2,0,ensemble,7,70,1,87.96343950315675,2856.4193961679443,20.197935249431367,20000,20000,20,,
walker2d-medium-replay-v2,0,ensemble,7,71,1,91.31730439316954,2708.2291478207353,19.150071954311066,20000,20000,20,,
walker2d-medium-replay-v2,0,ensemble,7,72,1,110.27754487802933,3677.967302980587,26.007156209199703,20000,20000,20,,
walker2d-medium-replay-v2,0,ensemble,7,73,1,120.21450144414688,4116.872221776108,29.11068265296414,20000,20000,20,,
walker2d-medium-replay-v2,0,ensemble,7,74,1,157.72986304704392,6268.124725449298,44.32233498688265,20000,20000,20,,
walker2d-medium-replay-v2,0,ensemble,7,75,1,161.1157245103988,6139.519152965242,43.41295626286411,20000,20000,20,,
walker2d-medium-replay-v2,0,ensemble,7,76,1,180.95165991906717,7632.949065043883,53.97310044344047,20000,20000,20,,
walker2d-medium-replay-v2,0,ensemble,7,77,1,213.98262144860806,9721.364239983868,68.74042576477001,20000,20000,20,,
walker2d-medium-replay-v2,0,ensemble,7,78,1,268.43563087143076,13197.251535904325,93.31866054062527,20000,20000,20,,
walker2d-medium-replay-v2,0,ensemble,7,79,1,303.45726596868246,15375.90033122525,108.72403391057856,20000,20000,20,,
walker2d-medium-replay-v2,0,ensemble,7,80,1,373.57416567588774,18806.890370330526,132.98479713892695,20000,20000,20,,
walker2d-medium-replay-v2,0,ensemble,7,81,1,368.06784152552217,16814.192237219457,118.89429351112084,20000,20000,20,,
walker2d-medium-replay-v2,0,ensemble,7,82,1,382.3744126700455,17036.334071343666,120.4650734840653,20000,20000,20,,
walker2d-medium-replay-v2,0,ensemble,7,83,1,422.1402651793325,18972.866079738506,134.15842263527324,20000,20000,20,,
walker2d-medium-replay-v2,0,ensemble,7,84,1,537.533571296518,26823.594781514712,189.6714576580914,20000,20000,20,,
walker2d-medium-replay-v2,0,ensemble,7,85,1,637.8692333976096,31847.528898952674,225.19603648483977,20000,20000,20,,
walker2d-medium-replay-v2,0,ensemble,7,86,1,707.6241590424238,37162.658821710254,262.7796805975339,20000,20000,20,,
walker2d-medium-replay-v2,0,ensemble,7,87,1,844.9186186542308,46623.00049982456,329.67439812689736,20000,20000,20,,
walker2d-medium-replay-v2,0,ensemble,7,88,1,949.4262851052724,46611.28395825911,329.5915496669676,20000,20000,20,,
walker2d-medium-replay-v2,0,ensemble,7,89,1,994.8743236144755,44610.41191202135,315.44324774515434,20000,20000,20,,
walker2d-medium-replay-v2,0,ensemble,7,90,1,969.5510505154498,40187.91045748623,284.1714400620628,20000,20000,20,,
walker2d-medium-replay-v2,0,ensemble,7,91,1,1235.0437175732027,60934.18656934839,430.86976529272494,20000,20000,20,,
walker2d-medium-replay-v2,0,ensemble,7,92,1,1443.195016870906,73660.20854541087,520.8563296607531,20000,20000,20,,
walker2d-medium-replay-v2,0,ensemble,7,93,1,1674.2044250129863,84802.56263571065,599.6446710170794,20000,20000,20,,
walker2d-medium-replay-v2,0,ensemble,7,94,1,2031.1222226367354,109946.36908881331,777.438231495389,20000,20000,20,,
walker2d-medium-replay-v2,0,ensemble,7,95,1,2726.0700525608177,169838.6635446766,1200.940707001013,20000,20000,20,,
walker2d-medium-replay-v2,0,ensemble,7,96,1,2672.7256621848082,155195.61343382898,1097.3987066946652,20000,20000,20,,
walker2d-medium-replay-v2,0,ensemble,7,97,1,3065.6547096695185,161496.9331472399,1141.9557656924385,20000,20000,20,,
walker2d-medium-replay-v2,0,ensemble,7,98,1,3992.4941049894624,272482.75914009503,1926.744067443819,20000,20000,20,,
walker2d-medium-replay-v2,0,ensemble,7,99,1,5085.803581939341,398098.80162570375,2814.983622117733,20000,20000,20,,
walker2d-medium-replay-v2,0,ensemble,7,100,1,6269.335701089037,546119.2763118431,3861.646436167941,20000,20000,20,,
walker2d-medium-replay-v2,0,ensemble,8,1,1,0.95662139451085,1.9264214173076302,0.013621856476012252,20000,20000,20,,
walker2d-medium-replay-v2,0,ensemble,8,2,1,1.409443906425473,2.782968966838044,0.01967856228282901,20000,20000,20,,
walker2d-medium-replay-v2,0,ensemble,8,3,1,1.7908309407830314,3.5673330403508485,0.025224853835829085,20000,20000,20,,
walker2d-medium-replay-v2,0,ensemble,8,4,1,2.0597723444566114,3.889510457799402,0.027502992202059498,20000,20000,20,,
walker2d-medium-replay-v2,0,ensemble,8,5,1,2.417814046938414,4.618791212426897,0.032659785871918944,20000,20000,20,,
walker2d-medium-replay-v2,0,ensemble,8,6,1,2.7500690522608,5.299657910272323,0.037474240463224874,20000,20000,20,,
walker2d-medium-replay-v2,0,ensemble,8,7,1,3.0517849695859627,5.83353971538076,0.04124935491066778,20000,20000,20,,
walker2d-medium-replay-v2,0,ensemble,8,8,1,3.4081394024000597,6.41357834175013,0.04535084737122689,20000,20000,20,,
walker2d-medium-replay-v2,0,ensemble,8,9,1,3.6940686564387346,7.163814232380654,0.05065581622877062,20000,20000,20,,
walker2d-medium-replay-v2,0,ensemble,8,10,1,3.906124803937454,7.396276363398186,0.05229957172088634,20000,20000,20,,
walker2d-medium-replay-v2,0,ensemble,8,11,1,4.148997575426448,8.035252094510247,0.05681781244571604,20000,20000,20,,
walker2d-medium-replay-v2,0,ensemble,8,12,1,4.496110660765689,8.437434203988273,0.05966166941455427,20000,20000,20,,
walker2d-medium-replay-v2,0,ensemble,8,13,1,4.707071124100735,8.878982757927371,0.06278388918168877,20000,20000,20,,
walker2d-medium-replay-v2,0,ensemble,8,14,1,4.917610794559814,9.05544267985947,0.06403164925574713,20000,20000,20,,
walker2d-medium-replay-v2,0,ensemble,8,15,1,5.13216373649606,9.442467958454404,0.06676833124559804,20000,20000,20,,
walker2d-medium-replay-v2,0,ensemble,8,16,1,5.2918687574680385,9.764997919093659,0.06904896246863651,20000,20000,20,,
walker2d-medium-replay-v2,0,ensemble,8,17,1,5.542010183621725,9.9711390767875,0.07050660057350612,20000,20000,20,,
walker2d-medium-replay-v2,0,ensemble,8,18,1,5.753491514749117,10.396992144924514,0.07351783649619392,20000,20000,20,,
walker2d-medium-replay-v2,0,ensemble,8,19,1,6.022894220181183,10.901361918642131,0.07708426936840643,20000,20000,20,,
walker2d-medium-replay-v2,0,ensemble,8,20,1,6.30809878608168,11.362880209867148,0.08034769650207481,20000,20000,20,,
walker2d-medium-replay-v2,0,ensemble,8,21,1,6.455339289834941,11.44785201607969,0.08094853790590038,20000,20000,20,,
walker2d-medium-replay-v2,0,ensemble,8,22,1,6.679574622950205,11.84586301957946,0.08376290070151587,20000,20000,20,,
walker2d-medium-replay-v2,0,ensemble,8,23,1,6.871161085280756,12.190624171171795,0.08620073018332211,20000,20000,20,,
walker2d-medium-replay-v2,0,ensemble,8,24,1,7.0447433223226525,12.488949971146068,0.08831021214496922,20000,20000,20,,
walker2d-medium-replay-v2,0,ensemble,8,25,1,7.202955529512245,12.628180868983252,0.08929472326508285,20000,20000,20,,
walker2d-medium-replay-v2,0,ensemble,8,26,1,7.439497578607302,12.772438261147068,0.09031477706743607,20000,20000,20,,
walker2d-medium-replay-v2,0,ensemble,8,27,1,7.6400964838031475,12.975286746049225,0.09174913245971339,20000,20000,20,,
walker2d-medium-replay-v2,0,ensemble,8,28,1,7.8654727887921165,13.261707565942832,0.09377443349991119,20000,20000,20,,
walker2d-medium-replay-v2,0,ensemble,8,29,1,8.076665930025504,14.173029649518233,0.10021845375132339,20000,20000,20,,
walker2d-medium-replay-v2,0,ensemble,8,30,1,8.399605463973558,15.366537011063022,0.10865782523876724,20000,20000,20,,
walker2d-medium-replay-v2,0,ensemble,8,31,1,8.626059083279117,15.571799829760447,0.11010925254903138,20000,20000,20,,
walker2d-medium-replay-v2,0,ensemble,8,32,1,8.855118126350314,16.50232648055414,0.11668906959754163,20000,20000,20,,
walker2d-medium-replay-v2,0,ensemble,8,33,1,9.06708755671184,17.348197408962985,0.1226702802924062,20000,20000,20,,
walker2d-medium-replay-v2,0,ensemble,8,34,1,9.350448866237265,17.646425847670002,0.12477907380593029,20000,20000,20,,
walker2d-medium-replay-v2,0,ensemble,8,35,1,9.663942057142162,20.00404642532115,0.141449968785151,20000,20000,20,,
walker2d-medium-replay-v2,0,ensemble,8,36,1,9.984965226289628,23.30478024019764,0.16478968141906009,20000,20000,20,,
walker2d-medium-replay-v2,0,ensemble,8,37,1,10.298921617676621,24.480921363834245,0.17310625506061816,20000,20000,20,,
walker2d-medium-replay-v2,0,ensemble,8,38,1,10.50839359394471,24.24878477238445,0.17146480148086138,20000,20000,20,,
walker2d-medium-replay-v2,0,ensemble,8,39,1,10.930114513610013,29.10405558990189,0.2057967506764987,20000,20000,20,,
walker2d-medium-replay-v2,0,ensemble,8,40,1,11.360384015108888,41.871146733667764,0.29607371791433434,20000,20000,20,,
walker2d-medium-replay-v2,0,ensemble,8,41,1,11.780362653546893,55.263634146320086,0.39077290457875374,20000,20000,20,,
walker2d-medium-replay-v2,0,ensemble,8,42,1,12.206810322411451,60.73278564420544,0.4294456456936667,20000,20000,20,,
walker2d-medium-replay-v2,0,ensemble,8,43,1,12.622489328384525,76.48053647847902,0.5407990597271763,20000,20000,20,,
walker2d-medium-replay-v2,0,ensemble,8,44,1,12.883286869022394,72.41077506592295,0.5120215008008788,20000,20000,20,,
walker2d-medium-replay-v2,0,ensemble,8,45,1,13.330016681241858,95.94327569025394,0.6784214084982899,20000,20000,20,,
walker2d-medium-replay-v2,0,ensemble,8,46,1,13.566156591723807,77.39880063714149,0.5472921678622842,20000,20000,20,,
walker2d-medium-replay-v2,0,ensemble,8,47,1,14.005771934491788,84.55868870688123,0.5979202219287805,20000,20000,20,,
walker2d-medium-replay-v2,0,ensemble,8,48,1,14.803104002939001,121.23837443164813,0.8572847670065212,20000,20000,20,,
walker2d-medium-replay-v2,0,ensemble,8,49,1,15.840864473803515,181.6770322395573,1.2846506148243797,20000,20000,20,,
walker2d-medium-replay-v2,0,ensemble,8,50,1,16.2606562165774,167.47397852713772,1.1842198588882933,20000,20000,20,,
walker2d-medium-replay-v2,0,ensemble,8,51,1,17.066564008743384,195.46010379227164,1.382111648429417,20000,20000,20,,
walker2d-medium-replay-v2,0,ensemble,8,52,1,17.37375050920659,210.8207734035576,1.4907279848864812,20000,20000,20,,
walker2d-medium-replay-v2,0,ensemble,8,53,1,19.022371856225124,323.83560743683154,2.289863540082483,20000,20000,20,,
walker2d-medium-replay-v2,0,ensemble,8,54,1,20.4037073850916,318.66200963704506,2.253280679208875,20000,20000,20,,
walker2d-medium-replay-v2,0,ensemble,8,55,1,22.91104859601993,524.2740247426489,3.707177180954908,20000,20000,20,,
walker2d-medium-replay-v2,0,ensemble,8,56,1,24.095780657249417,518.4442844618961,3.6659546921041417,20000,20000,20,,
walker2d-medium-replay-v2,0,ensemble,8,57,1,25.017428407242985,467.7775866645237,3.307687036175626,20000,20000,20,,
walker2d-medium-replay-v2,0,ensemble,8,58,1,26.34895567555034,471.96692130799437,3.3373101055262047,20000,20000,20,,
walker2d-medium-replay-v2,0,ensemble,8,59,1,27.520798740806978,504.1211457672395,3.5646748071154706,20000,20000,20,,
walker2d-medium-replay-v2,0,ensemble,8,60,1,29.818512840110774,606.8410682411522,4.2910143445580715,20000,20000,20,,
walker2d-medium-replay-v2,0,ensemble,8,61,1,33.347929347277095,788.1382539684492,5.572979038936158,20000,20000,20,,
walker2d-medium-replay-v2,0,ensemble,8,62,1,34.86673719902164,793.0383266879522,5.6076277854188366,20000,20000,20,,
walker2d-medium-replay-v2,0,ensemble,8,63,1,40.38142125790019,1065.0800882291126,7.531253528935718,20000,20000,20,,
walker2d-medium-replay-v2,0,ensemble,8,64,1,42.527762756793585,1179.7895618998548,8.342371995924934,20000,20000,20,,
walker2d-medium-replay-v2,0,ensemble,8,65,1,51.42682903811906,1670.1701827923328,11.809886619880341,20000,20000,20,,
walker2d-medium-replay-v2,0,ensemble,8,66,1,57.55293522989986,1998.4349076924068,14.13106874989213,20000,20000,20,,
walker2d-medium-replay-v2,0,ensemble,8,67,1,65.59256749795225,2530.996075934902,17.89684488450111,20000,20000,20,,
walker2d-medium-replay-v2,0,ensemble,8,68,1,70.39029252129907,2914.308369897176,20.607272108230063,20000,20000,20,,
walker2d-medium-replay-v2,0,ensemble,8,69,1,73.38234616690728,2768.0351463451602,19.5729642254336,20000,20000,20,,
walker2d-medium-replay-v2,0,ensemble,8,70,1,77.24924980250002,3063.03192832029,21.658906475061837,20000,20000,20,,
walker2d-medium-replay-v2,0,ensemble,8,71,1,84.69923855311596,3284.8624854954683,23.227485387591425,20000,20000,20,,
walker2d-medium-replay-v2,0,ensemble,8,72,1,90.67180267427032,2932.02717268631,20.732562964297102,20000,20000,20,,
walker2d-medium-replay-v2,0,ensemble,8,73,1,108.05422157253085,3428.4826642716616,24.243033410870133,20000,20000,20,,
walker2d-medium-replay-v2,0,ensemble,8,74,1,116.91312203110563,3493.935664251066,24.705856012214532,20000,20000,20,,
walker2d-medium-replay-v2,0,ensemble,8,75,1,133.215555397111,4132.6429758780005,29.222198724662878,20000,20000,20,,
walker2d-medium-replay-v2,0,ensemble,8,76,1,150.12124414902277,4605.27136778472,32.56418613364822,20000,20000,20,,
walker2d-medium-replay-v2,0,ensemble,8,77,1,178.62619539417602,5469.5581957685745,38.67561690322417,20000,20000,20,,
walker2d-medium-replay-v2,0,ensemble,8,78,1,201.081012212394,6299.43193802592,44.54371041001243,20000,20000,20,,
walker2d-medium-replay-v2,0,ensemble,8,79,1,233.7355697809606,7532.591461860124,53.263465025891826,20000,20000,20,,
walker2d-medium-replay-v2,0,ensemble,8,80,1,249.41334749666612,8268.43524310738,58.46666630203068,20000,20000,20,,
walker2d-medium-replay-v2,0,ensemble,8,81,1,249.02435691174142,7382.092628423965,52.1992775690581,20000,20000,20,,
walker2d-medium-replay-v2,0,ensemble,8,82,1,315.9281358813987,10629.361377565852,75.16093509759196,20000,20000,20,,
walker2d-medium-replay-v2,0,ensemble,8,83,1,386.27378968071537,14285.67502853002,101.01497686500903,20000,20000,20,,
walker2d-medium-replay-v2,0,ensemble,8,84,1,425.94768121623974,14974.37477861226,105.88481949985535,20000,20000,20,,
walker2d-medium-replay-v2,0,ensemble,8,85,1,519.0360898706735,18675.102294665387,132.05291471910348,20000,20000,20,,
walker2d-medium-replay-v2,0,ensemble,8,86,1,560.8699790040512,19475.194291814452,137.71041948667542,20000,20000,20,,
walker2d-medium-replay-v2,0,ensemble,8,87,1,571.033908145763,18402.961616853947,130.12858953193177,20000,20000,20,,
walker2d-medium-replay-v2,0,ensemble,8,88,1,619.9673398890146,19323.54942163246,136.638128326297,20000,20000,20,,
walker2d-medium-replay-v2,0,ensemble,8,89,1,819.32639650421,28667.370559132418,202.7089212115012,20000,20000,20,,
walker2d-medium-replay-v2,0,ensemble,8,90,1,903.9532753414594,31002.622562831817,219.2216464874544,20000,20000,20,,
walker2d-medium-replay-v2,0,ensemble,8,91,1,1129.7668373889833,47643.146844184346,336.88792210589213,20000,20000,20,,
walker2d-medium-replay-v2,0,ensemble,8,92,1,1456.7100981632627,71170.83773078343,503.25381982164356,20000,20000,20,,
walker2d-medium-replay-v2,0,ensemble,8,93,1,1559.4168341033135,70230.54253144434,496.6049287039453,20000,20000,20,,
walker2d-medium-replay-v2,0,ensemble,8,94,1,1596.6046460154676,61115.92260087682,432.1548330955218,20000,20000,20,,
walker2d-medium-replay-v2,0,ensemble,8,95,1,1785.2604888818298,65300.267188785416,461.74261742483577,20000,20000,20,,
walker2d-medium-replay-v2,0,ensemble,8,96,1,2014.5060344727162,79108.16604463215,559.3792065739077,20000,20000,20,,
walker2d-medium-replay-v2,0,ensemble,8,97,1,2379.146505985301,99362.93563639374,702.6020558709647,20000,20000,20,,
walker2d-medium-replay-v2,0,ensemble,8,98,1,2627.0404621653774,107242.19014294852,758.3167987937602,20000,20000,20,,
walker2d-medium-replay-v2,0,ensemble,8,99,1,3278.744086226807,147764.89221094837,1044.8555730366083,20000,20000,20,,
walker2d-medium-replay-v2,0,ensemble,8,100,1,3531.540376076076,157446.0911129614,1113.3119869729003,20000,20000,20,,
walker2d-medium-replay-v2,0,ensemble,9,1,1,0.9605170148916986,1.9172883868697925,0.01355727619845847,20000,20000,20,,
walker2d-medium-replay-v2,0,ensemble,9,2,1,1.4284031757377853,2.862362489277259,0.020239959263819562,20000,20000,20,,
walker2d-medium-replay-v2,0,ensemble,9,3,1,1.7990213134233446,3.5171387220994665,0.02486992640770321,20000,20000,20,,
walker2d-medium-replay-v2,0,ensemble,9,4,1,2.0567704044709054,3.907603462929757,0.02763092906825667,20000,20000,20,,
walker2d-medium-replay-v2,0,ensemble,9,5,1,2.369938228139468,4.398953072337707,0.0311052954757139,20000,20000,20,,
walker2d-medium-replay-v2,0,ensemble,9,6,1,2.6695693691394577,4.976304691052984,0.03518778792293992,20000,20000,20,,
walker2d-medium-replay-v2,0,ensemble,9,7,1,3.0076014445328023,5.55859854936072,0.03930522728146671,20000,20000,20,,
walker2d-medium-replay-v2,0,ensemble,9,8,1,3.3069073704090335,6.098489763852499,0.04312283467016849,20000,20000,20,,
walker2d-medium-replay-v2,0,ensemble,9,9,1,3.616076767017346,6.792064036872069,0.048027145387255166,20000,20000,20,,
walker2d-medium-replay-v2,0,ensemble,9,10,1,3.917229875264439,7.399642759934089,0.05232337573907334,20000,20000,20,,
walker2d-medium-replay-v2,0,ensemble,9,11,1,4.145393514733996,7.736046025556703,0.05470210604242384,20000,20000,20,,
walker2d-medium-replay-v2,0,ensemble,9,12,1,4.337644889711967,8.359804257098567,0.05911274279586565,20000,20000,20,,
walker2d-medium-replay-v2,0,ensemble,9,13,1,4.582371756231693,8.490003057617484,0.06003338734335845,20000,20000,20,,
walker2d-medium-replay-v2,0,ensemble,9,14,1,4.747338348832504,8.565285452666327,0.06056571426378847,20000,20000,20,,
walker2d-medium-replay-v2,0,ensemble,9,15,1,5.002857590212698,8.886830783590261,0.06283938310334033,20000,20000,20,,
walker2d-medium-replay-v2,0,ensemble,9,16,1,5.235484190064056,9.241582707564381,0.06534785801415108,20000,20000,20,,
walker2d-medium-replay-v2,0,ensemble,9,17,1,5.413504469140314,9.21176309293977,0.06513700149701675,20000,20000,20,,
walker2d-medium-replay-v2,0,ensemble,9,18,1,5.679290341015379,9.539807707204739,0.06745662720980161,20000,20000,20,,
walker2d-medium-replay-v2,0,ensemble,9,19,1,5.868361073337274,9.827225450590731,0.06948897756361731,20000,20000,20,,
walker2d-medium-replay-v2,0,ensemble,9,20,1,6.089246623077715,10.311899280800917,0.0729161390836701,20000,20000,20,,
walker2d-medium-replay-v2,0,ensemble,9,21,1,6.259483300831396,10.556526015912539,0.07464591131623964,20000,20000,20,,
walker2d-medium-replay-v2,0,ensemble,9,22,1,6.495064559774866,10.916756566545516,0.07719312596767106,20000,20000,20,,
walker2d-medium-replay-v2,0,ensemble,9,23,1,6.709855347936245,11.207399233180777,0.0792482799724704,20000,20000,20,,
walker2d-medium-replay-v2,0,ensemble,9,24,1,6.892265766221605,11.812212068556445,0.08352495254489838,20000,20000,20,,
walker2d-medium-replay-v2,0,ensemble,9,25,1,7.12240897080384,12.3186600953379,0.08710608088545552,20000,20000,20,,
walker2d-medium-replay-v2,0,ensemble,9,26,1,7.3568078891950295,13.097629750615864,0.09261422814131147,20000,20000,20,,
walker2d-medium-replay-v2,0,ensemble,9,27,1,7.608652470272756,13.896069456951265,0.09826004944849503,20000,20000,20,,
walker2d-medium-replay-v2,0,ensemble,9,28,1,7.854016612287832,13.580749972333098,0.09603040399035752,20000,20000,20,,
walker2d-medium-replay-v2,0,ensemble,9,29,1,8.06354612744466,13.70914514236722,0.09693829494438479,20000,20000,20,,
walker2d-medium-replay-v2,0,ensemble,9,30,1,8.25118290011513,14.237547867151157,0.1006746664433065,20000,20000,20,,
walker2d-medium-replay-v2,0,ensemble,9,31,1,8.500645242283987,14.478028830278255,0.10237512364104093,20000,20000,20,,
walker2d-medium-replay-v2,0,ensemble,9,32,1,8.7717379901542,14.929177575638334,0.10556522701272007,20000,20000,20,,
walker2d-medium-replay-v2,0,ensemble,9,33,1,8.929813796610583,15.84886542827154,0.11206840218443842,20000,20000,20,,
walker2d-medium-replay-v2,0,ensemble,9,34,1,9.200275026605837,15.981281724304328,0.11300472679308231,20000,20000,20,,
walker2d-medium-replay-v2,0,ensemble,9,35,1,9.463758398294742,16.80147443354392,0.11880436505891312,20000,20000,20,,
walker2d-medium-replay-v2,0,ensemble,9,36,1,9.745239523755732,18.984159129187404,0.13423827655372916,20000,20000,20,,
walker2d-medium-replay-v2,0,ensemble,9,37,1,10.053407209574003,22.97715135139842,0.16247299532923465,20000,20000,20,,
walker2d-medium-replay-v2,0,ensemble,9,38,1,10.415556916426452,30.822131338456842,0.2179453808004523,20000,20000,20,,
walker2d-medium-replay-v2,0,ensemble,9,39,1,10.748132332465063,46.08021919941741,0.3258363547447059,20000,20000,20,,
walker2d-medium-replay-v2,0,ensemble,9,40,1,11.258843039783386,70.57651592246945,0.49905133001298496,20000,20000,20,,
walker2d-medium-replay-v2,0,ensemble,9,41,1,11.470754533115912,70.41969999593397,0.497942473962472,20000,20000,20,,
walker2d-medium-replay-v2,0,ensemble,9,42,1,11.731311447136335,55.63032693228638,0.39336581413444327,20000,20000,20,,
walker2d-medium-replay-v2,0,ensemble,9,43,1,12.12584321437171,75.63136111050277,0.5347944831160504,20000,20000,20,,
walker2d-medium-replay-v2,0,ensemble,9,44,1,12.521076150379812,68.62799798981976,0.48527322757858304,20000,20000,20,,
walker2d-medium-replay-v2,0,ensemble,9,45,1,12.973770271624396,80.93248837357643,0.5722791134725731,20000,20000,20,,
walker2d-medium-replay-v2,0,ensemble,9,46,1,13.597948323349206,113.22612317876487,0.8006295950716796,20000,20000,20,,
walker2d-medium-replay-v2,0,ensemble,9,47,1,14.300090082899844,147.15746404150823,1.04056040725966,20000,20000,20,,
walker2d-medium-replay-v2,0,ensemble,9,48,1,14.855536631709835,179.2200325781095,1.267277003604552,20000,20000,20,,
walker2d-medium-replay-v2,0,ensemble,9,49,1,15.121537033214706,140.24331942438147,0.9916700218109119,20000,20000,20,,
walker2d-medium-replay-v2,0,ensemble,9,50,1,15.548184976788336,136.73608683499003,0.9668701423393405,20000,20000,20,,
walker2d-medium-replay-v2,0,ensemble,9,51,1,16.44843216933678,165.45400680546487,1.169936501866294,20000,20000,20,,
walker2d-medium-replay-v2,0,ensemble,9,52,1,17.757686677582427,230.24161313452686,1.6280540595875361,20000,20000,20,,
walker2d-medium-replay-v2,0,ensemble,9,53,1,19.231356859588722,312.6287485329356,2.210619080815027,20000,20000,20,,
walker2d-medium-replay-v2,0,ensemble,9,54,1,20.26813382778725,318.58120542048755,2.252709307114112,20000,20000,20,,
walker2d-medium-replay-v2,0,ensemble,9,55,1,21.669503850744107,355.50974351750733,2.5138335041911968,20000,20000,20,,
walker2d-medium-replay-v2,0,ensemble,9,56,1,24.32094155670998,570.9790735531982,4.037431748250789,20000,20000,20,,
walker2d-medium-replay-v2,0,ensemble,9,57,1,25.547144882484723,604.8526256575959,4.276953932209744,20000,20000,20,,
walker2d-medium-replay-v2,0,ensemble,9,58,1,30.72432427607866,997.901815533299,7.056231407219629,20000,20000,20,,
walker2d-medium-replay-v2,0,ensemble,9,59,1,36.87266970272649,1598.6761027080993,11.304347131457785,20000,20000,20,,
walker2d-medium-replay-v2,0,ensemble,9,60,1,37.2117863313302,1439.8934938417567,10.181584536818965,20000,20000,20,,
walker2d-medium-replay-v2,0,ensemble,9,61,1,47.41947406469923,2520.8729748047735,17.825263749943602,20000,20000,20,,
walker2d-medium-replay-v2,0,ensemble,9,62,1,48.57421876610529,2350.4694645830687,16.620328973786012,20000,20000,20,,
walker2d-medium-replay-v2,0,ensemble,9,63,1,54.50508618329107,2466.3189466289778,17.43950851730213,20000,20000,20,,
walker2d-medium-replay-v2,0,ensemble,9,64,1,63.301648726346684,2683.532562228044,18.975440722863606,20000,20000,20,,
walker2d-medium-replay-v2,0,ensemble,9,65,1,67.56476624073136,3068.11973506236,21.694882701548686,20000,20000,20,,
walker2d-medium-replay-v2,0,ensemble,9,66,1,85.41990370781122,5044.20849816143,35.667940347687576,20000,20000,20,,
walker2d-medium-replay-v2,0,ensemble,9,67,1,90.53798408213684,4451.129710260618,31.474240020661952,20000,20000,20,,
walker2d-medium-replay-v2,0,ensemble,9,68,1,128.10436729323723,8277.876181717824,58.53342381915279,20000,20000,20,,
walker2d-medium-replay-v2,0,ensemble,9,69,1,175.1985813833278,14486.062885919215,102.43193299328244,20000,20000,20,,
walker2d-medium-replay-v2,0,ensemble,9,70,1,264.7252946968321,24536.014454727458,173.49582204228935,20000,20000,20,,
walker2d-medium-replay-v2,0,ensemble,9,71,1,389.4497792642368,39771.90841371956,281.22986140071407,20000,20000,20,,
walker2d-medium-replay-v2,0,ensemble,9,72,1,333.42726174092877,31374.994273047523,221.85471210160995,20000,20000,20,,
walker2d-medium-replay-v2,0,ensemble,9,73,1,321.0915013893735,27870.89917451559,197.07701804066522,20000,20000,20,,
walker2d-medium-replay-v2,0,ensemble,9,74,1,434.09683917018697,40963.70725424714,289.6571518201872,20000,20000,20,,
walker2d-medium-replay-v2,0,ensemble,9,75,1,638.0533761958662,62847.52485845438,444.39911008203205,20000,20000,20,,
walker2d-medium-replay-v2,0,ensemble,9,76,1,594.3849253778998,50974.76682564115,360.44603291813917,20000,20000,20,,
walker2d-medium-replay-v2,0,ensemble,9,77,1,575.2321229020681,48780.169397663936,344.92788568516676,20000,20000,20,,
walker2d-medium-replay-v2,0,ensemble,9,78,1,637.5669230916787,52873.551968629734,373.8724714243741,20000,20000,20,,
walker2d-medium-replay-v2,0,ensemble,9,79,1,935.1160260696489,90046.09363612853,636.722034294653,20000,20000,20,,
walker2d-medium-replay-v2,0,ensemble,9,80,1,888.6525551399095,76140.50177113808,538.3946512531807,20000,20000,20,,
walker2d-medium-replay-v2,0,ensemble,9,81,1,1036.7653721830522,81801.6947540093,578.42533073112,20000,20000,20,,
walker2d-medium-replay-v2,0,ensemble,9,82,1,981.4314616746165,77268.20413535323,546.3687111421469,20000,20000,20,,
walker2d-medium-replay-v2,0,ensemble,9,83,1,1333.5202983119152,115854.70275619825,819.2164595125957,20000,20000,20,,
walker2d-medium-replay-v2,0,ensemble,9,84,1,1769.244115942289,169621.7908544611,1199.4071855019577,20000,20000,20,,
walker2d-medium-replay-v2,0,ensemble,9,85,1,2347.6311395607336,242653.14803718205,1715.816864533546,20000,20000,20,,
walker2d-medium-replay-v2,0,ensemble,9,86,1,2256.586676661572,216783.47086653483,1532.8906229888314,20000,20000,20,,
walker2d-medium-replay-v2,0,ensemble,9,87,1,3018.3267189295175,313068.3837841032,2213.7277714885195,20000,20000,20,,
walker2d-medium-replay-v2,0,ensemble,9,88,1,3840.190400072776,405457.3942438109,2867.0167295202614,20000,20000,20,,
walker2d-medium-replay-v2,0,ensemble,9,89,1,3393.677215200796,317213.04834625823,2243.0349756649534,20000,20000,20,,
walker2d-medium-replay-v2,0,ensemble,9,90,1,3607.948813676115,339592.78934707976,2401.2836418937486,20000,20000,20,,
walker2d-medium-replay-v2,0,ensemble,9,91,1,4637.982896124693,401219.72250435216,2837.0518652861224,20000,20000,20,,
walker2d-medium-replay-v2,0,ensemble,9,92,1,6015.649165813787,527459.8795628524,3729.704576427326,20000,20000,20,,
walker2d-medium-replay-v2,0,ensemble,9,93,1,6392.203916595432,543800.839624063,3845.252613131131,20000,20000,20,,
walker2d-medium-replay-v2,0,ensemble,9,94,1,6955.2035534131555,599766.597813769,4240.990284433008,20000,20000,20,,
walker2d-medium-replay-v2,0,ensemble,9,95,1,6783.0388211400505,531710.5103111095,3759.761074691452,20000,20000,20,,
walker2d-medium-replay-v2,0,ensemble,9,96,1,5635.717599734017,351624.96260245575,2486.363954906626,20000,20000,20,,
walker2d-medium-replay-v2,0,ensemble,9,97,1,7625.469392738168,549157.9491157196,3883.1330976222234,20000,20000,20,,
walker2d-medium-replay-v2,0,ensemble,9,98,1,7087.076257766181,407715.18873921497,2882.9817475025197,20000,20000,20,,
walker2d-medium-replay-v2,0,ensemble,9,99,1,9641.207955326961,699659.8191082928,4947.34202615227,20000,20000,20,,
walker2d-medium-replay-v2,0,ensemble,9,100,1,12364.41573678266,1012902.9546626211,7162.305479258295,20000,20000,20,,
walker2d-medium-replay-v2,0,ensemble,10,1,1,0.965199544240864,1.9371879837781307,0.013697987597626119,20000,20000,20,,
walker2d-medium-replay-v2,0,ensemble,10,2,1,1.4055515898388657,2.7861561687499568,0.01970109920367825,20000,20000,20,,
walker2d-medium-replay-v2,0,ensemble,10,3,1,1.75391542868555,3.4099195728305203,0.024111772532491964,20000,20000,20,,
walker2d-medium-replay-v2,0,ensemble,10,4,1,2.043423859286297,3.9747614198203682,0.02810580753553652,20000,20000,20,,
walker2d-medium-replay-v2,0,ensemble,10,5,1,2.342342021122324,4.507308837960905,0.031871486442242136,20000,20000,20,,
walker2d-medium-replay-v2,0,ensemble,10,6,1,2.680712401232999,5.150298275526916,0.03641810835758464,20000,20000,20,,
walker2d-medium-replay-v2,0,ensemble,10,7,1,3.0297397115878764,5.762201094585574,0.04074491468542006,20000,20000,20,,
walker2d-medium-replay-v2,0,ensemble,10,8,1,3.3688338587312536,6.355235206474289,0.04493829910533458,20000,20000,20,,
walker2d-medium-replay-v2,0,ensemble,10,9,1,3.665347898179431,6.923293616242959,0.04895507864190931,20000,20000,20,,
walker2d-medium-replay-v2,0,ensemble,10,10,1,3.9126825830396266,7.302728037974275,0.051638085168127415,20000,20000,20,,
walker2d-medium-replay-v2,0,ensemble,10,11,1,4.192251858092456,7.766614226328683,0.05491825586296923,20000,20000,20,,
walker2d-medium-replay-v2,0,ensemble,10,12,1,4.400201871303655,8.036000522858018,0.056823104633315455,20000,20000,20,,
walker2d-medium-replay-v2,0,ensemble,10,13,1,4.612402191168394,8.185080963615325,0.057877262539333174,20000,20000,20,,
walker2d-medium-replay-v2,0,ensemble,10,14,1,4.89042559079049,8.657431423794725,0.061217284674227566,20000,20000,20,,
walker2d-medium-replay-v2,0,ensemble,10,15,1,5.079941149549548,9.17413503977974,0.06487093098149371,20000,20000,20,,
walker2d-medium-replay-v2,0,ensemble,10,16,1,5.289771836966822,9.625211507735434,0.06806052327474518,20000,20000,20,,
walker2d-medium-replay-v2,0,ensemble,10,17,1,5.526189189066985,10.426211344113732,0.07372444743506927,20000,20000,20,,
walker2d-medium-replay-v2,0,ensemble,10,18,1,5.733951658913236,10.472264485610983,0.07405009232154577,20000,20000,20,,
walker2d-medium-replay-v2,0,ensemble,10,19,1,5.9906838842692585,10.95648013123656,0.07747401398733046,20000,20000,20,,
walker2d-medium-replay-v2,0,ensemble,10,20,1,6.259445580891878,11.485299046300625,0.08121332839594558,20000,20000,20,,
walker2d-medium-replay-v2,0,ensemble,10,21,1,6.458043416322848,12.041987370415017,0.0851497092858322,20000,20000,20,,
walker2d-medium-replay-v2,0,ensemble,10,22,1,6.657889490826493,12.382920629979768,0.0875604714835349,20000,20000,20,,
walker2d-medium-replay-v2,0,ensemble,10,23,1,6.927235959485384,13.26622298508381,0.09380636233485604,20000,20000,20,,
walker2d-medium-replay-v2,0,ensemble,10,24,1,7.181665384159001,13.731484094089978,0.09709625518686239,20000,20000,20,,
walker2d-medium-replay-v2,0,ensemble,10,25,1,7.439774688518327,14.951579898139602,0.10572363535426982,20000,20000,20,,
walker2d-medium-replay-v2,0,ensemble,10,26,1,7.662720564152722,17.234425257257158,0.12186578969259244,20000,20000,20,,
walker2d-medium-replay-v2,0,ensemble,10,27,1,7.956792224287138,17.524736683119162,0.12391860147142203,20000,20000,20,,
walker2d-medium-replay-v2,0,ensemble,10,28,1,8.139074856015805,18.456767647533404,0.13050905562355353,20000,20000,20,,
walker2d-medium-replay-v2,0,ensemble,10,29,1,8.319776032638904,17.651892058387087,0.12481772575258474,20000,20000,20,,
walker2d-medium-replay-v2,0,ensemble,10,30,1,8.59759835303857,22.241940594897166,0.1572742702140014,20000,20000,20,,
walker2d-medium-replay-v2,0,ensemble,10,31,1,8.886796897033552,23.660568810759166,0.16730548652818733,20000,20000,20,,
walker2d-medium-replay-v2,0,ensemble,10,32,1,9.15039585240388,26.01794314281309,0.18397464028809168,20000,20000,20,,
walker2d-medium-replay-v2,0,ensemble,10,33,1,9.383427369672523,26.443739064421134,0.18698547212379793,20000,20000,20,,
walker2d-medium-replay-v2,0,ensemble,10,34,1,9.679474796497159,30.112475728998533,0.21292735786290187,20000,20000,20,,
walker2d-medium-replay-v2,0,ensemble,10,35,1,9.911786311995867,29.896449232406837,0.21139981985634226,20000,20000,20,,
walker2d-medium-replay-v2,0,ensemble,10,36,1,10.104710651933008,31.006803250617978,0.21925120841429055,20000,20000,20,,
walker2d-medium-replay-v2,0,ensemble,10,37,1,10.58449163899774,39.07647220088709,0.2763123847809487,20000,20000,20,,
walker2d-medium-replay-v2,0,ensemble,10,38,1,11.085588364203243,54.29912253329807,0.38395277755774326,20000,20000,20,,
walker2d-medium-replay-v2,0,ensemble,10,39,1,11.403200496302755,62.407315191192275,0.441286357673383,20000,20000,20,,
walker2d-medium-replay-v2,0,ensemble,10,40,1,12.017134095345874,95.39131504057993,0.6745184573149636,20000,20000,20,,
walker2d-medium-replay-v2,0,ensemble,10,41,1,12.104293679069315,83.801705329348,0.5925675411337881,20000,20000,20,,
walker2d-medium-replay-v2,0,ensemble,10,42,1,12.362975226322074,82.55668247546946,0.5837639001066907,20000,20000,20,,
walker2d-medium-replay-v2,0,ensemble,10,43,1,12.524839083174582,81.02480488422,0.5729318897794886,20000,20000,20,,
walker2d-medium-replay-v2,0,ensemble,10,44,1,13.339127513884904,139.2649434039874,0.9847518586252023,20000,20000,20,,
walker2d-medium-replay-v2,0,ensemble,10,45,1,13.859559594520187,145.02608655067039,1.0254892924892618,20000,20000,20,,
walker2d-medium-replay-v2,0,ensemble,10,46,1,14.688760759778262,165.10793048358644,1.1674893727262106,20000,20000,20,,
walker2d-medium-replay-v2,0,ensemble,10,47,1,16.735701428093275,362.6061988619529,2.5640130211556467,20000,20000,20,,
walker2d-medium-replay-v2,0,ensemble,10,48,1,17.06659859381591,342.57266934077353,2.4223545754003784,20000,20000,20,,
walker2d-medium-replay-v2,0,ensemble,10,49,1,18.51863309107306,403.5559122132685,2.8535712211392523,20000,20000,20,,
walker2d-medium-replay-v2,0,ensemble,10,50,1,18.99994056046301,347.63152467735824,2.4581260845357864,20000,20000,20,,
walker2d-medium-replay-v2,0,ensemble,10,51,1,20.54834636662234,386.5777652833337,2.7335175928778677,20000,20000,20,,
walker2d-medium-replay-v2,0,ensemble,10,52,1,20.8982325580031,365.4553766914501,2.584159750796085,20000,20000,20,,
walker2d-medium-replay-v2,0,ensemble,10,53,1,21.71608769982716,348.2965482905088,2.4628285116008657,20000,20000,20,,
walker2d-medium-replay-v2,0,ensemble,10,54,1,22.9325307603308,393.0383812017131,2.779201046143146,20000,20000,20,,
walker2d-medium-replay-v2,0,ensemble,10,55,1,25.01955510390483,473.16075363027187,3.3457517748330257,20000,20000,20,,
walker2d-medium-replay-v2,0,ensemble,10,56,1,27.7642228324928,626.1198145721829,4.427335667192542,20000,20000,20,,
walker2d-medium-replay-v2,0,ensemble,10,57,1,29.309860585569194,668.6426647085867,4.728017624060847,20000,20000,20,,
walker2d-medium-replay-v2,0,ensemble,10,58,1,30.331673524148076,652.6646793161129,4.615036205853668,20000,20000,20,,
walker2d-medium-replay-v2,0,ensemble,10,59,1,32.731808219812656,674.5075047383565,4.769488305617092,20000,20000,20,,
walker2d-medium-replay-v2,0,ensemble,10,60,1,36.49959924639538,839.305474033899,5.934785921763598,20000,20000,20,,
walker2d-medium-replay-v2,0,ensemble,10,61,1,37.86034446084751,838.9006245510435,5.931923203616727,20000,20000,20,,
walker2d-medium-replay-v2,0,ensemble,10,62,1,40.46051189073216,944.170309245272,6.676292282623315,20000,20000,20,,
walker2d-medium-replay-v2,0,ensemble,10,63,1,43.246493291050676,1043.7867351008456,7.3806867850237445,20000,20000,20,,
walker2d-medium-replay-v2,0,ensemble,10,64,1,47.122643012625225,1229.3310352158483,8.692683113242047,20000,20000,20,,
walker2d-medium-replay-v2,0,ensemble,10,65,1,50.90948955431898,1314.6993230724295,9.296328065658786,20000,20000,20,,
walker2d-medium-replay-v2,0,ensemble,10,66,1,58.23515539487763,1486.4093417281665,10.510501251550187,20000,20000,20,,
walker2d-medium-replay-v2,0,ensemble,10,67,1,64.9392086239812,1791.1839013736194,12.665582830134623,20000,20000,20,,
walker2d-medium-replay-v2,0,ensemble,10,68,1,74.41686185187392,2399.583924555592,16.96762065079488,20000,20000,20,,
walker2d-medium-replay-v2,0,ensemble,10,69,1,83.5771693886825,2545.712828038687,18.000908036597387,20000,20000,20,,
walker2d-medium-replay-v2,0,ensemble,10,70,1,88.89489476216909,2698.878311214248,19.08395155456892,20000,20000,20,,
walker2d-medium-replay-v2,0,ensemble,10,71,1,103.18224986500978,3293.91080577751,23.29146667388922,20000,20000,20,,
walker2d-medium-replay-v2,0,ensemble,10,72,1,119.3955246423885,4162.383658053611,29.432497105097756,20000,20000,20,,
walker2d-medium-replay-v2,0,ensemble,10,73,1,157.2305052688684,6158.826835816161,43.54948219759295,20000,20000,20,,
walker2d-medium-replay-v2,0,ensemble,10,74,1,176.86844528306878,8819.813171462316,62.36549702339433,20000,20000,20,,
walker2d-medium-replay-v2,0,ensemble,10,75,1,201.3622835009841,9995.961861095198,70.68212416462517,20000,20000,20,,
walker2d-medium-replay-v2,0,ensemble,10,76,1,262.85076233983085,15021.476073230095,106.21787594812471,20000,20000,20,,
walker2d-medium-replay-v2,0,ensemble,10,77,1,264.6803348885935,12745.239847629318,90.1224552410769,20000,20000,20,,
walker2d-medium-replay-v2,0,ensemble,10,78,1,260.00278446265435,10860.404152727397,76.79465422820083,20000,20000,20,,
walker2d-medium-replay-v2,0,ensemble,10,79,1,279.2231031077184,11385.962117708741,80.51091023764994,20000,20000,20,,
walker2d-medium-replay-v2,0,ensemble,10,80,1,306.8007556637216,11334.848128114634,80.14947975109501,20000,20000,20,,
walker2d-medium-replay-v2,0,ensemble,10,81,1,360.06304251261076,13798.377825678763,97.56926529911541,20000,20000,20,,
walker2d-medium-replay-v2,0,ensemble,10,82,1,409.8094351698568,15105.016379810982,106.8085951209822,20000,20000,20,,
walker2d-medium-replay-v2,0,ensemble,10,83,1,660.8245120588822,30470.301811538055,215.45757035739302,20000,20000,20,,
walker2d-medium-replay-v2,0,ensemble,10,84,1,878.6150293440417,51830.38918966367,366.49619667549103,20000,20000,20,,
walker2d-medium-replay-v2,0,ensemble,10,85,1,1201.6364979015616,87731.96051644528,620.3586420796889,20000,20000,20,,
walker2d-medium-replay-v2,0,ensemble,10,86,1,1117.1748111104948,76274.38634408853,539.341358147476,20000,20000,20,,
walker2d-medium-replay-v2,0,ensemble,10,87,1,1073.5473363646354,59353.44456880102,419.6922314137906,20000,20000,20,,
walker2d-medium-replay-v2,0,ensemble,10,88,1,1497.6352073171138,90231.65524720072,638.0341530298235,20000,20000,20,,
walker2d-medium-replay-v2,0,ensemble,10,89,1,1653.8936111151284,101749.5050875219,719.4776502976185,20000,20000,20,,
walker2d-medium-replay-v2,0,ensemble,10,90,1,1543.067714046615,91104.81646914208,644.2083352408622,20000,20000,20,,
walker2d-medium-replay-v2,0,ensemble,10,91,1,1700.7839835951577,98441.04639378894,696.0833145214768,20000,20000,20,,
walker2d-medium-replay-v2,0,ensemble,10,92,1,1848.6157529097131,97913.73893671135,692.3546877347788,20000,20000,20,,
walker2d-medium-replay-v2,0,ensemble,10,93,1,1998.7565380945698,113437.14897181316,802.1217727643768,20000,20000,20,,
walker2d-medium-replay-v2,0,ensemble,10,94,1,2552.6155510281314,153350.70357359838,1084.3532239661954,20000,20000,20,,
walker2d-medium-replay-v2,0,ensemble,10,95,1,2436.343917094248,138727.526590705,980.951747895246,20000,20000,20,,
walker2d-medium-replay-v2,0,ensemble,10,96,1,2537.790026467107,139481.88785582353,986.2858875555437,20000,20000,20,,
walker2d-medium-replay-v2,0,ensemble,10,97,1,3331.1712176212213,216762.5350756984,1532.7425845921318,20000,20000,20,,
walker2d-medium-replay-v2,0,ensemble,10,98,1,3439.3459336975448,195387.10923020673,1381.5954989311583,20000,20000,20,,
walker2d-medium-replay-v2,0,ensemble,10,99,1,4073.0494841874497,241844.099622441,1710.0960283298298,20000,20000,20,,
walker2d-medium-replay-v2,0,ensemble,10,100,1,4706.888157903399,294737.34395955986,2084.107745827167,20000,20000,20,,
walker2d-medium-replay-v2,0,ensemble,11,1,1,0.9828078542010027,1.959668448629006,0.013856948489028915,20000,20000,20,,
walker2d-medium-replay-v2,0,ensemble,11,2,1,1.4113837957638957,2.747846806465704,0.01943021110513698,20000,20000,20,,
walker2d-medium-replay-v2,0,ensemble,11,3,1,1.7830930772651183,3.4988412425318485,0.02474054368889436,20000,20000,20,,
walker2d-medium-replay-v2,0,ensemble,11,4,1,2.0506707935208435,3.9142622586325544,0.02767801386421651,20000,20000,20,,
walker2d-medium-replay-v2,0,ensemble,11,5,1,2.358052595744247,4.345123675769233,0.030724664162306417,20000,20000,20,,
walker2d-medium-replay-v2,0,ensemble,11,6,1,2.6765966091205255,4.994658033031484,0.03531756564864425,20000,20000,20,,
walker2d-medium-replay-v2,0,ensemble,11,7,1,3.0345929750908023,5.708561561477837,0.040365625909418446,20000,20000,20,,
walker2d-medium-replay-v2,0,ensemble,11,8,1,3.3061016620789667,6.069650061171814,0.04291890717683932,20000,20000,20,,
walker2d-medium-replay-v2,0,ensemble,11,9,1,3.555464802051847,6.466486493542101,0.045724964500348395,20000,20000,20,,
walker2d-medium-replay-v2,0,ensemble,11,10,1,3.8534270720603003,7.00324716289412,0.049520435592078825,20000,20000,20,,
walker2d-medium-replay-v2,0,ensemble,11,11,1,4.100347058754129,7.46721211352517,0.05280116322031979,20000,20000,20,,
walker2d-medium-replay-v2,0,ensemble,11,12,1,4.360619038872445,7.756258423324995,0.05484502927768383,20000,20000,20,,
walker2d-medium-replay-v2,0,ensemble,11,13,1,4.516607083433559,7.937396404999769,0.056125868229410604,20000,20000,20,,
walker2d-medium-replay-v2,0,ensemble,11,14,1,4.7452964950027345,8.338787161843257,0.05896412949010691,20000,20000,20,,
walker2d-medium-replay-v2,0,ensemble,11,15,1,4.954404374477905,8.660237763604503,0.061237128493325646,20000,20000,20,,
walker2d-medium-replay-v2,0,ensemble,11,16,1,5.129686929003489,8.665356492843125,0.061273323374882525,20000,20000,20,,
walker2d-medium-replay-v2,0,ensemble,11,17,1,5.350686778349284,8.953773810527352,0.06331274178634404,20000,20000,20,,
walker2d-medium-replay-v2,0,ensemble,11,18,1,5.638686979726786,9.400418372648053,0.06647099577290047,20000,20000,20,,
walker2d-medium-replay-v2,0,ensemble,11,19,1,5.857812945667984,9.806160398437301,0.06934002515137992,20000,20000,20,,
walker2d-medium-replay-v2,0,ensemble,11,20,1,6.108618180444764,10.174885954837544,0.07194730856465387,20000,20000,20,,
walker2d-medium-replay-v2,0,ensemble,11,21,1,6.307292651896839,10.698166751236146,0.07564746256063536,20000,20000,20,,
walker2d-medium-replay-v2,0,ensemble,11,22,1,6.541286653860796,11.058054505595022,0.07819225327636695,20000,20000,20,,
walker2d-medium-replay-v2,0,ensemble,11,23,1,6.73431102417115,11.260195726033885,0.07962160755366339,20000,20000,20,,
walker2d-medium-replay-v2,0,ensemble,11,24,1,7.028015218947568,11.70810971880556,0.08278883777043533,20000,20000,20,,
walker2d-medium-replay-v2,0,ensemble,11,25,1,7.209333029585128,12.138953137958024,0.08583536080355839,20000,20000,20,,
walker2d-medium-replay-v2,0,ensemble,11,26,1,7.429402724535494,12.604672279509908,0.08912849243475553,20000,20000,20,,
walker2d-medium-replay-v2,0,ensemble,11,27,1,7.644120251320058,12.621603296498252,0.08924821280400397,20000,20000,20,,
walker2d-medium-replay-v2,0,ensemble,11,28,1,7.873730344172594,12.907360805801705,0.09126882353003846,20000,20000,20,,
walker2d-medium-replay-v2,0,ensemble,11,29,1,8.03397315923976,13.309642742024993,0.09411338638056187,20000,20000,20,,
walker2d-medium-replay-v2,0,ensemble,11,30,1,8.241212459994754,13.69271340945285,0.0968221050466808,20000,20000,20,,
walker2d-medium-replay-v2,0,ensemble,11,31,1,8.511429551789895,13.942388100464663,0.0985875717177319,20000,20000,20,,
walker2d-medium-replay-v2,0,ensemble,11,32,1,8.7853235682251,14.723909115211024,0.10411375980940134,20000,20000,20,,
walker2d-medium-replay-v2,0,ensemble,11,33,1,9.056375446529044,16.009184111973763,0.11320202646840584,20000,20000,20,,
walker2d-medium-replay-v2,0,ensemble,11,34,1,9.220737056957939,16.923858887842147,0.11966975383437405,20000,20000,20,,
walker2d-medium-replay-v2,0,ensemble,11,35,1,9.43860954066392,17.214736547335782,0.12172656948961025,20000,20000,20,,
walker2d-medium-replay-v2,0,ensemble,11,36,1,9.714781487276117,20.463156697554577,0.1446963686532376,20000,20000,20,,
walker2d-medium-replay-v2,0,ensemble,11,37,1,9.963160799450785,23.938976419839527,0.1692741256113339,20000,20000,20,,
walker2d-medium-replay-v2,0,ensemble,11,38,1,10.359465790176605,35.884031298130665,0.253738418672185,20000,20000,20,,
walker2d-medium-replay-v2,0,ensemble,11,39,1,10.55287544893247,32.52257890845657,0.22996936087844227,20000,20000,20,,
walker2d-medium-replay-v2,0,ensemble,11,40,1,10.89284842653438,39.65674805506217,0.28041555469540885,20000,20000,20,,
walker2d-medium-replay-v2,0,ensemble,11,41,1,11.263630868990655,51.437148278467085,0.36371556352602025,20000,20000,20,,
walker2d-medium-replay-v2,0,ensemble,11,42,1,11.714391177174079,70.65956331827867,0.49963856378035076,20000,20000,20,,
walker2d-medium-replay-v2,0,ensemble,11,43,1,12.423893377297963,114.55601684581717,0.8100333633739769,20000,20000,20,,
walker2d-medium-replay-v2,0,ensemble,11,44,1,12.861690270806566,122.4736307660974,0.8660193483124484,20000,20000,20,,
walker2d-medium-replay-v2,0,ensemble,11,45,1,13.519416426438273,162.11632424070382,1.1463355221163873,20000,20000,20,,
walker2d-medium-replay-v2,0,ensemble,11,46,1,13.633519041459234,146.25811852155687,1.0342010741017864,20000,20000,20,,
walker2d-medium-replay-v2,0,ensemble,11,47,1,15.007353151326216,255.776461875674,1.808612706601915,20000,20000,20,,
walker2d-medium-replay-v2,0,ensemble,11,48,1,16.41925158044328,377.88020989658094,2.672016588940683,20000,20000,20,,
walker2d-medium-replay-v2,0,ensemble,11,49,1,18.27003575206174,602.9568397444251,4.263548701460934,20000,20000,20,,
walker2d-medium-replay-v2,0,ensemble,11,50,1,18.851746042407093,569.3439241328522,4.02586949581699,20000,20000,20,,
walker2d-medium-replay-v2,0,ensemble,11,51,1,19.58819872098032,586.4152317422006,4.146581869559908,20000,20000,20,,
walker2d-medium-replay-v2,0,ensemble,11,52,1,20.8064700130539,631.500178843509,4.465380587807628,20000,20000,20,,
walker2d-medium-replay-v2,0,ensemble,11,53,1,22.228790719427714,778.5740810298794,5.505350123523122,20000,20000,20,,
walker2d-medium-replay-v2,0,ensemble,11,54,1,23.258981722680726,792.2685721719463,5.602184799037668,20000,20000,20,,
walker2d-medium-replay-v2,0,ensemble,11,55,1,23.714003089146722,703.1952474654892,4.9723412798099975,20000,20000,20,,
walker2d-medium-replay-v2,0,ensemble,11,56,1,27.560562199137422,1026.1055799614599,7.255662138041034,20000,20000,20,,
walker2d-medium-replay-v2,0,ensemble,11,57,1,29.003347069476703,1049.0342256420613,7.417792146482803,20000,20000,20,,
walker2d-medium-replay-v2,0,ensemble,11,58,1,32.403301819921374,1310.8219421979068,9.268910842562605,20000,20000,20,,
walker2d-medium-replay-v2,0,ensemble,11,59,1,34.3004388540996,1561.2535296044202,11.039729579347178,20000,20000,20,,
walker2d-medium-replay-v2,0,ensemble,11,60,1,37.798162380840964,1898.936469857836,13.427508548789199,20000,20000,20,,
walker2d-medium-replay-v2,0,ensemble,11,61,1,48.09850193797897,2851.821171068124,20.165420887936314,20000,20000,20,,
walker2d-medium-replay-v2,0,ensemble,11,62,1,46.72871097989383,2259.8180215094835,15.97932647256923,20000,20000,20,,
walker2d-medium-replay-v2,0,ensemble,11,63,1,53.68493277151729,2919.96156857562,20.64724625943929,20000,20000,20,,
walker2d-medium-replay-v2,0,ensemble,11,64,1,76.39002720883782,5187.409982708596,36.68052775568039,20000,20000,20,,
walker2d-medium-replay-v2,0,ensemble,11,65,1,70.63615266507735,4366.261042632864,30.87412791676343,20000,20000,20,,
walker2d-medium-replay-v2,0,ensemble,11,66,1,84.34167066368303,5660.595180658767,40.02645237795704,20000,20000,20,,
walker2d-medium-replay-v2,0,ensemble,11,67,1,128.8182090967214,9941.459079052218,70.29673129686392,20000,20000,20,,
walker2d-medium-replay-v2,0,ensemble,11,68,1,122.88231933888342,8972.054845397864,63.44200822358451,20000,20000,20,,
walker2d-medium-replay-v2,0,ensemble,11,69,1,169.2584798241933,14556.241488953843,102.9281706542823,20000,20000,20,,
walker2d-medium-replay-v2,0,ensemble,11,70,1,248.31559697163678,24622.647142470767,174.10840765204645,20000,20000,20,,
walker2d-medium-replay-v2,0,ensemble,11,71,1,254.78267263798426,23257.377171008236,164.45449110233127,20000,20000,20,,
walker2d-medium-replay-v2,0,ensemble,11,72,1,290.6671855286334,27118.830658147624,191.75909056225828,20000,20000,20,,
walker2d-medium-replay-v2,0,ensemble,11,73,1,416.5074637137816,43441.80028671054,307.1799156968473,20000,20000,20,,
walker2d-medium-replay-v2,0,ensemble,11,74,1,480.0001564867586,47795.87546231314,337.96787652149334,20000,20000,20,,
walker2d-medium-replay-v2,0,ensemble,11,75,1,412.80883692627566,37734.388775458036,266.8224218705592,20000,20000,20,,
walker2d-medium-replay-v2,0,ensemble,11,76,1,513.1668232237965,49364.4199930581,349.05916126432163,20000,20000,20,,
walker2d-medium-replay-v2,0,ensemble,11,77,1,597.027349999586,49743.43921266578,351.73923186816785,20000,20000,20,,
walker2d-medium-replay-v2,0,ensemble,11,78,1,780.6158290954157,73728.03233056316,521.3359162448222,20000,20000,20,,
walker2d-medium-replay-v2,0,ensemble,11,79,1,1021.9512168633454,103793.41361590217,733.9302661030456,20000,20000,20,,
walker2d-medium-replay-v2,0,ensemble,11,80,1,919.8482454014128,81088.27606450788,573.3806987994033,20000,20000,20,,
walker2d-medium-replay-v2,0,ensemble,11,81,1,1309.9833263136015,122193.73603034562,864.0401936557635,20000,20000,20,,
walker2d-medium-replay-v2,0,ensemble,11,82,1,1836.3212020656354,189769.7837884655,1341.875009811289,20000,20000,20,,
walker2d-medium-replay-v2,0,ensemble,11,83,1,2619.5489136390784,304322.4480137612,2151.884666578211,20000,20000,20,,
walker2d-medium-replay-v2,0,ensemble,11,84,1,3845.003058111988,475102.77438308735,3359.483935268234,20000,20000,20,,
walker2d-medium-replay-v2,0,ensemble,11,85,1,4349.462741495451,522031.76517018164,3691.3220114661876,20000,20000,20,,
walker2d-medium-replay-v2,0,ensemble,11,86,1,4795.111422676679,576494.296076094,4076.4302607077134,20000,20000,20,,
walker2d-medium-replay-v2,0,ensemble,11,87,1,3812.104425775704,425008.5609561087,3005.2643551440055,20000,20000,20,,
walker2d-medium-replay-v2,0,ensemble,11,88,1,3129.1784704979964,297293.93430474447,2102.185569525128,20000,20000,20,,
walker2d-medium-replay-v2,0,ensemble,11,89,1,3471.03645671898,305345.0422539311,2159.1154997944755,20000,20000,20,,
walker2d-medium-replay-v2,0,ensemble,11,90,1,3619.792550361121,317595.8683439065,2245.7419218280625,20000,20000,20,,
walker2d-medium-replay-v2,0,ensemble,11,91,1,3574.3315569677457,276648.6775099589,1956.2015587358226,20000,20000,20,,
walker2d-medium-replay-v2,0,ensemble,11,92,1,4348.639973973049,330921.30448314396,2339.9669843912934,20000,20000,20,,
walker2d-medium-replay-v2,0,ensemble,11,93,1,5137.191866834742,445249.63212770375,3148.39034198315,20000,20000,20,,
walker2d-medium-replay-v2,0,ensemble,11,94,1,6645.973313158295,651404.6423621366,4606.126399106645,20000,20000,20,,
walker2d-medium-replay-v2,0,ensemble,11,95,1,5728.2716318272705,542158.7344727064,3833.6411762516755,20000,20000,20,,
walker2d-medium-replay-v2,0,ensemble,11,96,1,9082.835629996098,916026.183707118,6477.283262437372,20000,20000,20,,
walker2d-medium-replay-v2,0,ensemble,11,97,1,13209.139337123861,1414713.4104002626,10003.534459295728,20000,20000,20,,
walker2d-medium-replay-v2,0,ensemble,11,98,1,19939.523464091857,2343353.379126736,16570.010650969256,20000,20000,20,,
walker2d-medium-replay-v2,0,ensemble,11,99,1,31870.884954434663,3804849.479695409,26904.348684867306,20000,20000,20,,
walker2d-medium-replay-v2,0,ensemble,11,100,1,37109.51849978656,4585459.006574544,32424.091584017897,20000,20000,20,,
walker2d-medium-replay-v2,0,ensemble,12,1,1,0.9749199387376135,1.9381842445976663,0.013705032225439359,20000,20000,20,,
walker2d-medium-replay-v2,0,ensemble,12,2,1,1.4155514436091992,2.7704995721023877,0.019590390347080266,20000,20000,20,,
walker2d-medium-replay-v2,0,ensemble,12,3,1,1.7779535138889544,3.4247458815461194,0.024216610366819616,20000,20000,20,,
walker2d-medium-replay-v2,0,ensemble,12,4,1,2.0750941549445416,3.9630308011558624,0.028022859535484664,20000,20000,20,,
walker2d-medium-replay-v2,0,ensemble,12,5,1,2.3737586510338353,4.4883946524675515,0.03173774295401243,20000,20000,20,,
walker2d-medium-replay-v2,0,ensemble,12,6,1,2.6704257255572075,5.016539194903396,0.03547228882804295,20000,20000,20,,
walker2d-medium-replay-v2,0,ensemble,12,7,1,2.9755219295446858,5.53480392544224,0.039136973882181306,20000,20000,20,,
walker2d-medium-replay-v2,0,ensemble,12,8,1,3.2679015264126035,5.99171137305715,0.0423677974280127,20000,20000,20,,
walker2d-medium-replay-v2,0,ensemble,12,9,1,3.586471698629616,6.69404904558708,0.0473340747372996,20000,20000,20,,
walker2d-medium-replay-v2,0,ensemble,12,10,1,3.89322599459217,7.1556234069879725,0.05059789834698382,20000,20000,20,,
walker2d-medium-replay-v2,0,ensemble,12,11,1,4.186314264064588,7.609699219826997,0.053808699211296496,20000,20000,20,,
walker2d-medium-replay-v2,0,ensemble,12,12,1,4.424391338993939,8.198883834160059,0.05797486357295338,20000,20000,20,,
walker2d-medium-replay-v2,0,ensemble,12,13,1,4.545711030798709,8.109544816478122,0.05734314132067896,20000,20000,20,,
walker2d-medium-replay-v2,0,ensemble,12,14,1,4.702959343820448,8.446160280561426,0.059723372093734566,20000,20000,20,,
walker2d-medium-replay-v2,0,ensemble,12,15,1,4.973438344464447,8.778111376327697,0.06207062080212092,20000,20000,20,,
walker2d-medium-replay-v2,0,ensemble,12,16,1,5.201002330176423,9.122703425612382,0.06450725455004262,20000,20000,20,,
walker2d-medium-replay-v2,0,ensemble,12,17,1,5.429903296776676,9.40259505840899,0.06648638726552118,20000,20000,20,,
walker2d-medium-replay-v2,0,ensemble,12,18,1,5.679456805937488,9.798753218130866,0.0692876484771384,20000,20000,20,,
walker2d-medium-replay-v2,0,ensemble,12,19,1,5.9120346580879035,10.281024019542944,0.07269781801760591,20000,20000,20,,
walker2d-medium-replay-v2,0,ensemble,12,20,1,6.176201283911576,10.64774683984391,0.0752909399481126,20000,20000,20,,
walker2d-medium-replay-v2,0,ensemble,12,21,1,6.39111883443597,11.098565018011303,0.0784787058567559,20000,20000,20,,
walker2d-medium-replay-v2,0,ensemble,12,22,1,6.6156757701583295,11.339733550098659,0.08018402490123364,20000,20000,20,,
walker2d-medium-replay-v2,0,ensemble,12,23,1,6.810737819443053,11.595739130379718,0.08199425771961698,20000,20000,20,,
walker2d-medium-replay-v2,0,ensemble,12,24,1,7.0139242968388364,11.870242920116027,0.08393529263145648,20000,20000,20,,
walker2d-medium-replay-v2,0,ensemble,12,25,1,7.228355596875333,12.27827966851183,0.0868205481490963,20000,20000,20,,
walker2d-medium-replay-v2,0,ensemble,12,26,1,7.465500904900116,12.55161374153359,0.08875331191472655,20000,20000,20,,
walker2d-medium-replay-v2,0,ensemble,12,27,1,7.659416334258717,13.000573578724763,0.09192793736830943,20000,20000,20,,
walker2d-medium-replay-v2,0,ensemble,12,28,1,7.914790971154979,13.541674982765725,0.09575410208937868,20000,20000,20,,
walker2d-medium-replay-v2,0,ensemble,12,29,1,8.071669171589232,13.236478398734183,0.09359603634774195,20000,20000,20,,
walker2d-medium-replay-v2,0,ensemble,12,30,1,8.301562125038194,13.543924251195799,0.09577000681897482,20000,20000,20,,
walker2d-medium-replay-v2,0,ensemble,12,31,1,8.561304434306807,14.024340714061637,0.09916706420583571,20000,20000,20,,
walker2d-medium-replay-v2,0,ensemble,12,32,1,8.740673768171554,14.962499473363172,0.10580084841115245,20000,20000,20,,
walker2d-medium-replay-v2,0,ensemble,12,33,1,8.954994368752214,15.178677904377812,0.10732946075631965,20000,20000,20,,
walker2d-medium-replay-v2,0,ensemble,12,34,1,9.24501804786033,17.314418184904103,0.12243142510845365,20000,20000,20,,
walker2d-medium-replay-v2,0,ensemble,12,35,1,9.562383411849213,17.302510951259432,0.12234722825190045,20000,20000,20,,
walker2d-medium-replay-v2,0,ensemble,12,36,1,9.765520354314061,17.673824637243914,0.12497281250497044,20000,20000,20,,
walker2d-medium-replay-v2,0,ensemble,12,37,1,10.031766295745637,18.288078484617756,0.12931624311345014,20000,20000,20,,
walker2d-medium-replay-v2,0,ensemble,12,38,1,10.378825908218255,22.62435036549857,0.15997831563384385,20000,20000,20,,
walker2d-medium-replay-v2,0,ensemble,12,39,1,10.657998174594049,24.516857683474456,0.173360363213703,20000,20000,20,,
walker2d-medium-replay-v2,0,ensemble,12,40,1,10.930971129260664,31.95583093363292,0.2259618475162268,20000,20000,20,,
walker2d-medium-replay-v2,0,ensemble,12,41,1,11.247497497328082,32.098262149181245,0.22696898829989542,20000,20000,20,,
walker2d-medium-replay-v2,0,ensemble,12,42,1,11.684206439691877,38.19684921751692,0.2700925110166629,20000,20000,20,,
walker2d-medium-replay-v2,0,ensemble,12,43,1,12.067485568531763,47.69142004214025,0.3372292651621339,20000,20000,20,,
walker2d-medium-replay-v2,0,ensemble,12,44,1,12.498667739150632,53.14751795962731,0.3758097035248629,20000,20000,20,,
walker2d-medium-replay-v2,0,ensemble,12,45,1,13.077088790478319,70.5507940946427,0.4988694492241768,20000,20000,20,,
walker2d-medium-replay-v2,0,ensemble,12,46,1,13.569716945015115,88.37759382904433,0.6249239590146762,20000,20000,20,,
walker2d-medium-replay-v2,0,ensemble,12,47,1,14.30778437445576,120.33437424859225,0.8508925204101944,20000,20000,20,,
walker2d-medium-replay-v2,0,ensemble,12,48,1,14.939200683166908,120.44312528734652,0.8516615063798366,20000,20000,20,,
walker2d-medium-replay-v2,0,ensemble,12,49,1,15.930678127254522,171.41009279804175,1.212052389813107,20000,20000,20,,
walker2d-medium-replay-v2,0,ensemble,12,50,1,16.678886699831345,200.8317116300069,1.420094651708791,20000,20000,20,,
walker2d-medium-replay-v2,0,ensemble,12,51,1,17.106774448065476,194.5843826362669,1.3759193647510222,20000,20000,20,,
walker2d-medium-replay-v2,0,ensemble,12,52,1,18.352180677167368,238.61229709914764,1.6872437335330646,20000,20000,20,,
walker2d-medium-replay-v2,0,ensemble,12,53,1,18.529949034929675,205.76216884029776,1.4549582489862587,20000,20000,20,,
walker2d-medium-replay-v2,0,ensemble,12,54,1,19.64789415730452,255.423220529648,1.8061149130902108,20000,20000,20,,
walker2d-medium-replay-v2,0,ensemble,12,55,1,21.06143006789288,327.91103818231926,2.3186811872463884,20000,20000,20,,
walker2d-medium-replay-v2,0,ensemble,12,56,1,23.28444143400886,433.11044869940116,3.0625533527809488,20000,20000,20,,
walker2d-medium-replay-v2,0,ensemble,12,57,1,26.210500816740083,597.203071311882,4.222863414700651,20000,20000,20,,
walker2d-medium-replay-v2,0,ensemble,12,58,1,28.628123735734302,613.9824737882273,4.3415117074534715,20000,20000,20,,
walker2d-medium-replay-v2,0,ensemble,12,59,1,32.584110445498034,820.4489569204999,5.8014502105591506,20000,20000,20,,
walker2d-medium-replay-v2,0,ensemble,12,60,1,34.462248630055846,885.2885440534043,6.259935328069278,20000,20000,20,,
walker2d-medium-replay-v2,0,ensemble,12,61,1,37.338075988387736,917.8800605837689,6.49039215154702,20000,20000,20,,
walker2d-medium-replay-v2,0,ensemble,12,62,1,39.689150252861026,938.6210073798231,6.637052792824214,20000,20000,20,,
walker2d-medium-replay-v2,0,ensemble,12,63,1,43.56755832001575,1140.5703800015606,8.065050501196207,20000,20000,20,,
walker2d-medium-replay-v2,0,ensemble,12,64,1,45.099549603227615,963.4260351522752,6.812450826278429,20000,20000,20,,
walker2d-medium-replay-v2,0,ensemble,12,65,1,49.01818363174868,1183.6099727627502,8.369386380205654,20000,20000,20,,
walker2d-medium-replay-v2,0,ensemble,12,66,1,52.124033980671946,1257.7219967256433,8.89343752732187,20000,20000,20,,
walker2d-medium-replay-v2,0,ensemble,12,67,1,58.93346772079838,1737.9857237983365,12.289414909032137,20000,20000,20,,
walker2d-medium-replay-v2,0,ensemble,12,68,1,73.15433187513314,2462.710541746558,17.413993241685873,20000,20000,20,,
walker2d-medium-replay-v2,0,ensemble,12,69,1,88.81688174412918,3337.4440432726688,23.599293148287533,20000,20000,20,,
walker2d-medium-replay-v2,0,ensemble,12,70,1,91.99847983378272,2894.6544117866606,20.468297637659045,20000,20000,20,,
walker2d-medium-replay-v2,0,ensemble,12,71,1,108.8182464448079,3438.875825783323,24.31652416069876,20000,20000,20,,
walker2d-medium-replay-v2,0,ensemble,12,72,1,122.39718139791617,4087.6482396751567,28.90403789379557,20000,20000,20,,
walker2d-medium-replay-v2,0,ensemble,12,73,1,129.66266787437615,4572.35040860191,32.33139979883492,20000,20000,20,,
walker2d-medium-replay-v2,0,ensemble,12,74,1,155.0332514110892,5982.967274391515,42.305967313394355,20000,20000,20,,
walker2d-medium-replay-v2,0,ensemble,12,75,1,156.43737307304306,4667.771022870316,33.006125432976674,20000,20000,20,,
walker2d-medium-replay-v2,0,ensemble,12,76,1,172.9926278790918,5070.098933416797,35.85101337105699,20000,20000,20,,
walker2d-medium-replay-v2,0,ensemble,12,77,1,183.51416879655963,5378.149890301879,38.029262576701456,20000,20000,20,,
walker2d-medium-replay-v2,0,ensemble,12,78,1,204.1808176565961,6037.771662158954,42.69349285568569,20000,20000,20,,
walker2d-medium-replay-v2,0,ensemble,12,79,1,219.31829807322953,5907.040757042996,41.7690857605042,20000,20000,20,,
walker2d-medium-replay-v2,0,ensemble,12,80,1,256.2753468274567,7506.360824642234,53.07798641137568,20000,20000,20,,
walker2d-medium-replay-v2,0,ensemble,12,81,1,314.80881945693096,10658.479264128484,75.36682964801453,20000,20000,20,,
walker2d-medium-replay-v2,0,ensemble,12,82,1,355.9859317813139,12291.328177599547,86.91281504169929,20000,20000,20,,
walker2d-medium-replay-v2,0,ensemble,12,83,1,411.5025039749414,14316.574352349044,101.23346807907413,20000,20000,20,,
walker2d-medium-replay-v2,0,ensemble,12,84,1,454.2867324255005,14505.044802184757,102.56615541039525,20000,20000,20,,
walker2d-medium-replay-v2,0,ensemble,12,85,1,493.2358257052062,16871.67039018296,119.30072542842655,20000,20000,20,,
walker2d-medium-replay-v2,0,ensemble,12,86,1,558.4635264379529,19265.546824429963,136.22798802821382,20000,20000,20,,
walker2d-medium-replay-v2,0,ensemble,12,87,1,630.533353620376,21109.29720186284,149.26527197519425,20000,20000,20,,
walker2d-medium-replay-v2,0,ensemble,12,88,1,760.1751830629578,30134.149469970624,213.08061435505235,20000,20000,20,,
walker2d-medium-replay-v2,0,ensemble,12,89,1,787.6761874611432,27781.63148838635,196.44580017863703,20000,20000,20,,
walker2d-medium-replay-v2,0,ensemble,12,90,1,869.1945064307458,30885.531246916413,218.393685852436,20000,20000,20,,
walker2d-medium-replay-v2,0,ensemble,12,91,1,1076.390913625176,39738.54790880242,280.9939670082069,20000,20000,20,,
walker2d-medium-replay-v2,0,ensemble,12,92,1,1043.0012220447102,31929.632149412882,225.77659413641848,20000,20000,20,,
walker2d-medium-replay-v2,0,ensemble,12,93,1,1255.0972336483055,42693.33936274665,301.8874977489671,20000,20000,20,,
walker2d-medium-replay-v2,0,ensemble,12,94,1,1713.241152484979,67756.60708532915,479.1115634022871,20000,20000,20,,
walker2d-medium-replay-v2,0,ensemble,12,95,1,1775.2712694878612,64937.91041040739,459.1803680728356,20000,20000,20,,
walker2d-medium-replay-v2,0,ensemble,12,96,1,2027.8701808002847,73500.30341779767,519.7256296599351,20000,20000,20,,
walker2d-medium-replay-v2,0,ensemble,12,97,1,2296.2670258778153,79666.66226331578,563.3283712088902,20000,20000,20,,
walker2d-medium-replay-v2,0,ensemble,12,98,1,3021.0637930728017,111076.43596254048,785.4290109914566,20000,20000,20,,
walker2d-medium-replay-v2,0,ensemble,12,99,1,3140.8985243634625,110453.17524156894,781.0218921689948,20000,20000,20,,
walker2d-medium-replay-v2,0,ensemble,12,100,1,3485.558553202058,124914.96893618324,883.282216064821,20000,20000,20,,
walker2d-medium-replay-v2,0,ensemble,13,1,1,0.9767345376063126,1.9781991760714768,0.013987980519377823,20000,20000,20,,
walker2d-medium-replay-v2,0,ensemble,13,2,1,1.4121028565446878,2.8040631612033655,0.01982772076162287,20000,20000,20,,
walker2d-medium-replay-v2,0,ensemble,13,3,1,1.737590426567817,3.412223656899065,0.02412806486718488,20000,20000,20,,
walker2d-medium-replay-v2,0,ensemble,13,4,1,2.020596826809234,3.8626739104896943,0.02731322915619622,20000,20000,20,,
walker2d-medium-replay-v2,0,ensemble,13,5,1,2.3671068052080124,4.419541083042383,0.03125087469551808,20000,20000,20,,
walker2d-medium-replay-v2,0,ensemble,13,6,1,2.696587096609085,4.993067893172139,0.03530632166186847,20000,20000,20,,
walker2d-medium-replay-v2,0,ensemble,13,7,1,3.0317111488527617,5.61784187176049,0.03972414083155569,20000,20000,20,,
walker2d-medium-replay-v2,0,ensemble,13,8,1,3.265927202192619,6.06619187713931,0.042894454123039584,20000,20000,20,,
walker2d-medium-replay-v2,0,ensemble,13,9,1,3.5917929417739143,6.7068099039240705,0.04742430763193808,20000,20000,20,,
walker2d-medium-replay-v2,0,ensemble,13,10,1,3.850735865978537,7.107235495302711,0.05025574414218278,20000,20000,20,,
walker2d-medium-replay-v2,0,ensemble,13,11,1,4.077622435094518,7.406869311727456,0.0523744751768502,20000,20000,20,,
walker2d-medium-replay-v2,0,ensemble,13,12,1,4.311156963692386,7.786956936461448,0.055062100545795134,20000,20000,20,,
walker2d-medium-replay-v2,0,ensemble,13,13,1,4.529399200032194,8.01379381921147,0.05666607952595271,20000,20000,20,,
walker2d-medium-replay-v2,0,ensemble,13,14,1,4.801085954367555,8.444830784464616,0.05971397113667841,20000,20000,20,,
walker2d-medium-replay-v2,0,ensemble,13,15,1,5.004217650321897,8.7139094845629,0.06161664487180199,20000,20000,20,,
walker2d-medium-replay-v2,0,ensemble,13,16,1,5.2559158224775,9.08775765049386,0.06426015060444135,20000,20000,20,,
walker2d-medium-replay-v2,0,ensemble,13,17,1,5.514491831181354,9.616141978966297,0.06799639202179696,20000,20000,20,,
walker2d-medium-replay-v2,0,ensemble,13,18,1,5.771530099809432,10.149569637307865,0.07176829516665478,20000,20000,20,,
walker2d-medium-replay-v2,0,ensemble,13,19,1,5.988426454814695,10.50821435829967,0.07430429630915542,20000,20000,20,,
walker2d-medium-replay-v2,0,ensemble,13,20,1,6.198767231857939,10.770658010190235,0.07616005316846722,20000,20000,20,,
walker2d-medium-replay-v2,0,ensemble,13,21,1,6.428955410221693,11.108827643425961,0.07855127357699071,20000,20000,20,,
walker2d-medium-replay-v2,0,ensemble,13,22,1,6.621267206338382,11.177232054074508,0.07903496580331729,20000,20000,20,,
walker2d-medium-replay-v2,0,ensemble,13,23,1,6.748769232160211,11.175789423455408,0.07902476486438215,20000,20000,20,,
walker2d-medium-replay-v2,0,ensemble,13,24,1,6.995180161022072,11.723862319423546,0.08290022547761834,20000,20000,20,,
walker2d-medium-replay-v2,0,ensemble,13,25,1,7.237451980337239,12.033863524614235,0.08509226502128173,20000,20000,20,,
walker2d-medium-replay-v2,0,ensemble,13,26,1,7.430344772668203,12.313315196107201,0.08706828674054765,20000,20000,20,,
walker2d-medium-replay-v2,0,ensemble,13,27,1,7.682816442368587,12.7363171250182,0.09005936206442722,20000,20000,20,,
walker2d-medium-replay-v2,0,ensemble,13,28,1,7.887372221632843,13.240170850807772,0.09362214592674635,20000,20000,20,,
walker2d-medium-replay-v2,0,ensemble,13,29,1,8.079785287409681,13.129467450517383,0.09283935467628893,20000,20000,20,,
walker2d-medium-replay-v2,0,ensemble,13,30,1,8.2986185634349,13.415625154264289,0.094862795204371,20000,20000,20,,
walker2d-medium-replay-v2,0,ensemble,13,31,1,8.49891913443467,13.505409096792881,0.09549766355040733,20000,20000,20,,
walker2d-medium-replay-v2,0,ensemble,13,32,1,8.6244836562271,13.593002382882103,0.09611704161620833,20000,20000,20,,
walker2d-medium-replay-v2,0,ensemble,13,33,1,8.884485539647072,14.136377319062344,0.0999592826372069,20000,20000,20,,
walker2d-medium-replay-v2,0,ensemble,13,34,1,9.09595812671311,14.873624977331499,0.10517241082296712,20000,20000,20,,
walker2d-medium-replay-v2,0,ensemble,13,35,1,9.392672947936333,16.13219521187951,0.11407184629745153,20000,20000,20,,
walker2d-medium-replay-v2,0,ensemble,13,36,1,9.703463784165312,16.583161659099986,0.11726066062662358,20000,20000,20,,
walker2d-medium-replay-v2,0,ensemble,13,37,1,9.969167977978671,17.610489117781185,0.12452496275194977,20000,20000,20,,
walker2d-medium-replay-v2,0,ensemble,13,38,1,10.225638919820701,19.290552828189448,0.13640480717650091,20000,20000,20,,
walker2d-medium-replay-v2,0,ensemble,13,39,1,10.415641267736747,19.189240588173043,0.13568842145717291,20000,20000,20,,
walker2d-medium-replay-v2,0,ensemble,13,40,1,10.748999225844603,21.010551743059512,0.14856703613988217,20000,20000,20,,
walker2d-medium-replay-v2,0,ensemble,13,41,1,11.125192642839853,25.10664470738783,0.17753078725435276,20000,20000,20,,
walker2d-medium-replay-v2,0,ensemble,13,42,1,11.318138250832263,24.381797080095343,0.1724053405284978,20000,20000,20,,
walker2d-medium-replay-v2,0,ensemble,13,43,1,11.709869179680757,28.779285885475446,0.20350028207325982,20000,20000,20,,
walker2d-medium-replay-v2,0,ensemble,13,44,1,11.997394860027974,31.505559419107605,0.22277794710326693,20000,20000,20,,
walker2d-medium-replay-v2,0,ensemble,13,45,1,12.477949997485961,36.925419850485866,0.26110214774438906,20000,20000,20,,
walker2d-medium-replay-v2,0,ensemble,13,46,1,12.800645740350252,44.327802358718365,0.31344489642946793,20000,20000,20,,
walker2d-medium-replay-v2,0,ensemble,13,47,1,13.358076562115334,57.23745392432126,0.4047299180774013,20000,20000,20,,
walker2d-medium-replay-v2,0,ensemble,13,48,1,13.85623539930225,72.42569181310297,0.5121269781317213,20000,20000,20,,
walker2d-medium-replay-v2,0,ensemble,13,49,1,14.317192089041782,75.74439679924808,0.5355937661363294,20000,20000,20,,
walker2d-medium-replay-v2,0,ensemble,13,50,1,14.921109796738643,94.06745366497944,0.6651573437545831,20000,20000,20,,
walker2d-medium-replay-v2,0,ensemble,13,51,1,15.628340017158832,102.10106253620884,0.7219635368570503,20000,20000,20,,
walker2d-medium-replay-v2,0,ensemble,13,52,1,16.164461753961834,130.4056257813289,0.9221070229485293,20000,20000,20,,
walker2d-medium-replay-v2,0,ensemble,13,53,1,17.33139717593046,161.87765117606352,1.1446478486914502,20000,20000,20,,
walker2d-medium-replay-v2,0,ensemble,13,54,1,17.527636507472586,151.26943186961478,1.0696364106124105,20000,20000,20,,
walker2d-medium-replay-v2,0,ensemble,13,55,1,18.50772180779265,185.73706461480847,1.3133593790681501,20000,20000,20,,
walker2d-medium-replay-v2,0,ensemble,13,56,1,20.04051712283495,236.8763218528849,1.674968534847021,20000,20000,20,,
walker2d-medium-replay-v2,0,ensemble,13,57,1,21.808946343292078,333.52754049208835,2.3583958559442646,20000,20000,20,,
walker2d-medium-replay-v2,0,ensemble,13,58,1,23.971743070787053,402.4174817355907,2.845521302032498,20000,20000,20,,
walker2d-medium-replay-v2,0,ensemble,13,59,1,25.611830839413432,445.434720184358,3.1496991121829185,20000,20000,20,,
walker2d-medium-replay-v2,0,ensemble,13,60,1,28.857216095473756,563.7381117911569,3.9862304166082705,20000,20000,20,,
walker2d-medium-replay-v2,0,ensemble,13,61,1,32.853545230854024,784.7170333749305,5.5487873561200365,20000,20000,20,,
walker2d-medium-replay-v2,0,ensemble,13,62,1,34.974337643299535,843.7567630956033,5.9662612885691235,20000,20000,20,,
walker2d-medium-replay-v2,0,ensemble,13,63,1,36.24445099557044,760.7605937561502,5.3793897470447805,20000,20000,20,,
walker2d-medium-replay-v2,0,ensemble,13,64,1,39.93045431427462,877.9233321235797,6.207855415064728,20000,20000,20,,
walker2d-medium-replay-v2,0,ensemble,13,65,1,47.955488048480966,1418.1294765074615,10.027689694389547,20000,20000,20,,
walker2d-medium-replay-v2,0,ensemble,13,66,1,52.7708572659784,1437.2019188699508,10.162552227672604,20000,20000,20,,
walker2d-medium-replay-v2,0,ensemble,13,67,1,63.16834825230802,1932.270222879523,13.663213776829522,20000,20000,20,,
walker2d-medium-replay-v2,0,ensemble,13,68,1,70.51159801199464,2314.0826285657977,16.363035188848663,20000,20000,20,,
walker2d-medium-replay-v2,0,ensemble,13,69,1,80.6386971656398,3082.955617964024,21.799788235595244,20000,20000,20,,
walker2d-medium-replay-v2,0,ensemble,13,70,1,94.89902300866875,3859.5946789166424,27.291455700934733,20000,20000,20,,
walker2d-medium-replay-v2,0,ensemble,13,71,1,92.91523113981702,3446.448194202644,24.37006889128821,20000,20000,20,,
walker2d-medium-replay-v2,0,ensemble,13,72,1,104.78419065504967,3873.359385574055,27.388786875119735,20000,20000,20,,
walker2d-medium-replay-v2,0,ensemble,13,73,1,139.83631359505122,5980.782646240769,42.29051965959672,20000,20000,20,,
walker2d-medium-replay-v2,0,ensemble,13,74,1,189.4968703461852,9569.42713648748,67.66606820280863,20000,20000,20,,
walker2d-medium-replay-v2,0,ensemble,13,75,1,177.37462883495363,8144.720841554453,57.59187337934557,20000,20000,20,,
walker2d-medium-replay-v2,0,ensemble,13,76,1,176.75361453484035,7181.391605975994,50.78010702941776,20000,20000,20,,
walker2d-medium-replay-v2,0,ensemble,13,77,1,240.48106846498055,12374.675173513855,87.50216730172463,20000,20000,20,,
walker2d-medium-replay-v2,0,ensemble,13,78,1,301.30256493952135,17502.060353880188,123.75825560964905,20000,20000,20,,
walker2d-medium-replay-v2,0,ensemble,13,79,1,323.10701210379244,18846.255523036732,133.26315080313697,20000,20000,20,,
walker2d-medium-replay-v2,0,ensemble,13,80,1,365.80756970959953,21053.678092684597,148.87198548255935,20000,20000,20,,
walker2d-medium-replay-v2,0,ensemble,13,81,1,388.08879843021657,22024.546720058297,155.73706338313156,20000,20000,20,,
walker2d-medium-replay-v2,0,ensemble,13,82,1,478.7870896493543,28563.65113687025,201.9755141432779,20000,20000,20,,
walker2d-medium-replay-v2,0,ensemble,13,83,1,448.99258783443514,22004.441134724566,155.5948954258395,20000,20000,20,,
walker2d-medium-replay-v2,0,ensemble,13,84,1,651.4614720564019,33770.12571326264,238.79084893370208,20000,20000,20,,
walker2d-medium-replay-v2,0,ensemble,13,85,1,743.9268550510236,37137.22567703819,262.59984110688873,20000,20000,20,,
walker2d-medium-replay-v2,0,ensemble,13,86,1,868.886247552843,42487.36667804427,300.4310509280446,20000,20000,20,,
walker2d-medium-replay-v2,0,ensemble,13,87,1,954.0938623176753,50428.1558276775,356.58090948482675,20000,20000,20,,
walker2d-medium-replay-v2,0,ensemble,13,88,1,937.586103784833,43574.43870962621,308.11781097974284,20000,20000,20,,
walker2d-medium-replay-v2,0,ensemble,13,89,1,1018.9239430109941,46697.59104381472,330.2018329215757,20000,20000,20,,
walker2d-medium-replay-v2,0,ensemble,13,90,1,1196.5403133772054,63033.24524351594,445.71235151884815,20000,20000,20,,
walker2d-medium-replay-v2,0,ensemble,13,91,1,1530.2746711922373,87567.16321300363,619.1933491718405,20000,20000,20,,
walker2d-medium-replay-v2,0,ensemble,13,92,1,1478.9648722454922,74015.16037426953,523.3662181125583,20000,20000,20,,
walker2d-medium-replay-v2,0,ensemble,13,93,1,1593.9444468102217,74870.95249088501,529.4175822020062,20000,20000,20,,
walker2d-medium-replay-v2,0,ensemble,13,94,1,2219.3965831316464,127938.82162237455,904.6640834619714,20000,20000,20,,
walker2d-medium-replay-v2,0,ensemble,13,95,1,2496.281039250735,154305.28275104694,1091.1031180617288,20000,20000,20,,
walker2d-medium-replay-v2,0,ensemble,13,96,1,3169.63621681137,216726.1592973953,1532.4853689970414,20000,20000,20,,
walker2d-medium-replay-v2,0,ensemble,13,97,1,3746.9788530050337,272969.1498287207,1930.1833689861512,20000,20000,20,,
walker2d-medium-replay-v2,0,ensemble,13,98,1,4557.650382587614,338770.860948975,2395.471730454252,20000,20000,20,,
walker2d-medium-replay-v2,0,ensemble,13,99,1,5013.373859673014,406502.2287445222,2874.4048251269674,20000,20000,20,,
walker2d-medium-replay-v2,0,ensemble,13,100,1,5833.253674887002,500270.43276902445,3537.44615438106,20000,20000,20,,
walker2d-medium-replay-v2,0,ensemble,14,1,1,0.9604340047319494,1.904697120697312,0.013468242501515612,20000,20000,20,,
walker2d-medium-replay-v2,0,ensemble,14,2,1,1.396483091599717,2.6990157009373754,0.019084923046617807,20000,20000,20,,
walker2d-medium-replay-v2,0,ensemble,14,3,1,1.768410563158312,3.3677668992562677,0.023813708119196992,20000,20000,20,,
walker2d-medium-replay-v2,0,ensemble,14,4,1,2.0947025029142248,4.008062288223708,0.028341280234210543,20000,20000,20,,
walker2d-medium-replay-v2,0,ensemble,14,5,1,2.39996672691108,4.72270599181274,0.03339457432361128,20000,20000,20,,
walker2d-medium-replay-v2,0,ensemble,14,6,1,2.687823645272909,4.994916908811757,0.03531939617684141,20000,20000,20,,
walker2d-medium-replay-v2,0,ensemble,14,7,1,3.0049636583128816,5.545167388006297,0.03921025462873747,20000,20000,20,,
walker2d-medium-replay-v2,0,ensemble,14,8,1,3.3022989936790634,6.19655429711644,0.04381625563481675,20000,20000,20,,
walker2d-medium-replay-v2,0,ensemble,14,9,1,3.6360954618114034,6.702274060911597,0.0473922343784129,20000,20000,20,,
walker2d-medium-replay-v2,0,ensemble,14,10,1,3.915701021212926,7.309671104194237,0.05168718006019103,20000,20000,20,,
walker2d-medium-replay-v2,0,ensemble,14,11,1,4.157272726931718,7.679930806021426,0.05430531151981218,20000,20000,20,,
walker2d-medium-replay-v2,0,ensemble,14,12,1,4.386965940462908,8.008690597805346,0.05662999430133105,20000,20000,20,,
walker2d-medium-replay-v2,0,ensemble,14,13,1,4.627665043187905,8.4713715515557,0.0599016427005584,20000,20000,20,,
walker2d-medium-replay-v2,0,ensemble,14,14,1,4.846229242214821,8.676704512193743,0.0613535659892411,20000,20000,20,,
walker2d-medium-replay-v2,0,ensemble,14,15,1,5.0050489709084705,8.678489236274455,0.06136618589424129,20000,20000,20,,
walker2d-medium-replay-v2,0,ensemble,14,16,1,5.196668946651335,9.03561523094562,0.063891448019941,20000,20000,20,,
walker2d-medium-replay-v2,0,ensemble,14,17,1,5.41880231074728,9.289023928020004,0.06568331810107045,20000,20000,20,,
walker2d-medium-replay-v2,0,ensemble,14,18,1,5.556222086234262,9.523428775795423,0.06734081067512045,20000,20000,20,,
walker2d-medium-replay-v2,0,ensemble,14,19,1,5.713996993399615,9.553807719950145,0.06755562224929135,20000,20000,20,,
walker2d-medium-replay-v2,0,ensemble,14,20,1,6.011625784030632,10.095195427269756,0.0713838114402587,20000,20000,20,,
walker2d-medium-replay-v2,0,ensemble,14,21,1,6.265660770415314,10.570508585468131,0.07474478301375136,20000,20000,20,,
walker2d-medium-replay-v2,0,ensemble,14,22,1,6.4984357294961,10.929880199568911,0.07728592406671753,20000,20000,20,,
walker2d-medium-replay-v2,0,ensemble,14,23,1,6.714157243338479,11.051405501840142,0.07814523771993484,20000,20000,20,,
walker2d-medium-replay-v2,0,ensemble,14,24,1,6.918245004623324,11.556121113879993,0.08171411603837582,20000,20000,20,,
walker2d-medium-replay-v2,0,ensemble,14,25,1,7.144649556917934,11.778142750120548,0.08328404608393411,20000,20000,20,,
walker2d-medium-replay-v2,0,ensemble,14,26,1,7.301281159622781,11.946396837241991,0.08447378214359336,20000,20000,20,,
walker2d-medium-replay-v2,0,ensemble,14,27,1,7.489904683478333,12.486485621890138,0.08829278656426841,20000,20000,20,,
walker2d-medium-replay-v2,0,ensemble,14,28,1,7.761784957025558,13.100044468157186,0.09263130277279266,20000,20000,20,,
walker2d-medium-replay-v2,0,ensemble,14,29,1,8.023489211799728,13.710646998173802,0.09694891466863677,20000,20000,20,,
walker2d-medium-replay-v2,0,ensemble,14,30,1,8.245118447761955,14.148107338129773,0.10004222639746715,20000,20000,20,,
walker2d-medium-replay-v2,0,ensemble,14,31,1,8.557298157602505,15.44931894872592,0.10924318193357922,20000,20000,20,,
walker2d-medium-replay-v2,0,ensemble,14,32,1,8.751656817655338,15.519804582695228,0.10974159063113852,20000,20000,20,,
walker2d-medium-replay-v2,0,ensemble,14,33,1,9.028801525498741,15.716412462148991,0.11113181827910315,20000,20000,20,,
walker2d-medium-replay-v2,0,ensemble,14,34,1,9.187976607917625,16.42972773107945,0.11617571891694947,20000,20000,20,,
walker2d-medium-replay-v2,0,ensemble,14,35,1,9.335745123733167,16.89327802337467,0.11945351446797904,20000,20000,20,,
walker2d-medium-replay-v2,0,ensemble,14,36,1,9.61017606753282,17.922436266307102,0.12673076219289459,20000,20000,20,,
walker2d-medium-replay-v2,0,ensemble,14,37,1,9.879827514121512,17.922441869770292,0.12673080181536278,20000,20000,20,,
walker2d-medium-replay-v2,0,ensemble,14,38,1,10.225753283867492,21.31663800551123,0.15073139285795872,20000,20000,20,,
walker2d-medium-replay-v2,0,ensemble,14,39,1,10.50304645388128,22.252819025918274,0.15735119233743836,20000,20000,20,,
walker2d-medium-replay-v2,0,ensemble,14,40,1,10.736486663071597,22.864761442754578,0.16167827866384468,20000,20000,20,,
walker2d-medium-replay-v2,0,ensemble,14,41,1,11.135741438342226,29.484705917783362,0.2084883549575574,20000,20000,20,,
walker2d-medium-replay-v2,0,ensemble,14,42,1,11.430447781502938,32.33615818843672,0.2286511673256451,20000,20000,20,,
walker2d-medium-replay-v2,0,ensemble,14,43,1,11.677502606000907,31.866007890069582,0.22532670268412228,20000,20000,20,,
walker2d-medium-replay-v2,0,ensemble,14,44,1,11.958103810352448,33.160844052657,0.23448257699503355,20000,20000,20,,
walker2d-medium-replay-v2,0,ensemble,14,45,1,12.232010216523598,39.14192662420358,0.27677521744680617,20000,20000,20,,
walker2d-medium-replay-v2,0,ensemble,14,46,1,12.87650625139653,55.89098865853538,0.3952089708767078,20000,20000,20,,
walker2d-medium-replay-v2,0,ensemble,14,47,1,13.330752482803632,62.63472410434897,0.4428943815193366,20000,20000,20,,
walker2d-medium-replay-v2,0,ensemble,14,48,1,13.984641361823606,77.79583457209873,0.5500996217399786,20000,20000,20,,
walker2d-medium-replay-v2,0,ensemble,14,49,1,14.366096835767518,83.92741998990878,0.593456478023559,20000,20000,20,,
walker2d-medium-replay-v2,0,ensemble,14,50,1,14.743824131063718,93.86315249350083,0.6637127163170143,20000,20000,20,,
walker2d-medium-replay-v2,0,ensemble,14,51,1,15.987880288794823,129.3283860318166,0.9144897876300908,20000,20000,20,,
walker2d-medium-replay-v2,0,ensemble,14,52,1,16.9897519220409,176.09234047601853,1.2451608806560306,20000,20000,20,,
walker2d-medium-replay-v2,0,ensemble,14,53,1,18.20631676027264,217.48076852512415,1.5378212620177714,20000,20000,20,,
walker2d-medium-replay-v2,0,ensemble,14,54,1,18.3531491100115,192.52737676410928,1.3613741367395902,20000,20000,20,,
walker2d-medium-replay-v2,0,ensemble,14,55,1,19.197918032636064,212.84310762592645,1.5050280473111075,20000,20000,20,,
walker2d-medium-replay-v2,0,ensemble,14,56,1,22.345565699127086,385.2634056844789,2.724223667025189,20000,20000,20,,
walker2d-medium-replay-v2,0,ensemble,14,57,1,24.106414686750245,469.1093238301161,3.3171038399811117,20000,20000,20,,
walker2d-medium-replay-v2,0,ensemble,14,58,1,25.35693400240256,459.9108374818127,3.252060719245739,20000,20000,20,,
walker2d-medium-replay-v2,0,ensemble,14,59,1,28.07975721924419,617.8340153539822,4.368746219045143,20000,20000,20,,
walker2d-medium-replay-v2,0,ensemble,14,60,1,29.55320287856479,612.3661393125396,4.330082496769228,20000,20000,20,,
walker2d-medium-replay-v2,0,ensemble,14,61,1,35.34214084406108,956.8299909637102,6.765809750531025,20000,20000,20,,
walker2d-medium-replay-v2,0,ensemble,14,62,1,38.65135759386346,1056.1776782282575,7.4683039841306424,20000,20000,20,,
walker2d-medium-replay-v2,0,ensemble,14,63,1,41.838729151506236,1244.1331546843649,8.797349903763262,20000,20000,20,,
walker2d-medium-replay-v2,0,ensemble,14,64,1,51.81611751087893,1904.7443119267816,13.468576193899317,20000,20000,20,,
walker2d-medium-replay-v2,0,ensemble,14,65,1,56.32260392839415,2023.3871441832123,14.307507706176319,20000,20000,20,,
walker2d-medium-replay-v2,0,ensemble,14,66,1,58.802350092774056,1832.6133855098997,12.958533521872866,20000,20000,20,,
walker2d-medium-replay-v2,0,ensemble,14,67,1,59.605207577504146,1820.211590276007,12.870839586785142,20000,20000,20,,
walker2d-medium-replay-v2,0,ensemble,14,68,1,69.07408842805538,2298.5676069283827,16.25332741874794,20000,20000,20,,
walker2d-medium-replay-v2,0,ensemble,14,69,1,81.93058854769568,2755.5067025931357,19.484374750085895,20000,20000,20,,
walker2d-medium-replay-v2,0,ensemble,14,70,1,94.48930369835924,3350.1308375784774,23.689002331139097,20000,20000,20,,
walker2d-medium-replay-v2,0,ensemble,14,71,1,104.1161583270313,3657.095833350311,25.85957263211073,20000,20000,20,,
walker2d-medium-replay-v2,0,ensemble,14,72,1,115.27057597171373,4106.560267746697,29.037766126749336,20000,20000,20,,
walker2d-medium-replay-v2,0,ensemble,14,73,1,119.35761754388909,4057.328064966413,28.689641882362434,20000,20000,20,,
walker2d-medium-replay-v2,0,ensemble,14,74,1,143.51673370195712,5636.731030398556,39.85770735319454,20000,20000,20,,
walker2d-medium-replay-v2,0,ensemble,14,75,1,181.22754209371834,7849.828939782841,55.506672744748535,20000,20000,20,,
walker2d-medium-replay-v2,0,ensemble,14,76,1,189.88369390626872,7734.186608952522,54.68895798152517,20000,20000,20,,
walker2d-medium-replay-v2,0,ensemble,14,77,1,198.82088895633837,7648.850694273795,54.08554194204432,20000,20000,20,,
walker2d-medium-replay-v2,0,ensemble,14,78,1,224.08447040810128,7903.786108488751,55.88820754360429,20000,20000,20,,
walker2d-medium-replay-v2,0,ensemble,14,79,1,239.5065793902875,8895.214483780532,62.898664815900084,20000,20000,20,,
walker2d-medium-replay-v2,0,ensemble,14,80,1,344.9698162981455,18037.430110509213,127.54389146319481,20000,20000,20,,
walker2d-medium-replay-v2,0,ensemble,14,81,1,375.50887553607674,17537.841588585674,124.01126714664383,20000,20000,20,,
walker2d-medium-replay-v2,0,ensemble,14,82,1,420.7534230385061,18918.580423963125,133.77456508207393,20000,20000,20,,
walker2d-medium-replay-v2,0,ensemble,14,83,1,473.0223659458535,22441.999974830404,158.68890365590906,20000,20000,20,,
walker2d-medium-replay-v2,0,ensemble,14,84,1,513.6826652004119,21823.422002932464,154.31489686969252,20000,20000,20,,
walker2d-medium-replay-v2,0,ensemble,14,85,1,629.5568176428884,26702.10185152153,188.8123729114474,20000,20000,20,,
walker2d-medium-replay-v2,0,ensemble,14,86,1,714.9434829369708,31466.440522820263,222.5013347348938,20000,20000,20,,
walker2d-medium-replay-v2,0,ensemble,14,87,1,783.8297220427577,32744.231012430704,231.536677936286,20000,20000,20,,
walker2d-medium-replay-v2,0,ensemble,14,88,1,1098.871252311483,48966.297934298804,346.2440131894352,20000,20000,20,,
walker2d-medium-replay-v2,0,ensemble,14,89,1,1292.7504718212851,57619.45549154242,407.43107706346103,20000,20000,20,,
walker2d-medium-replay-v2,0,ensemble,14,90,1,1190.631959098955,54703.397083501695,386.81143031684456,20000,20000,20,,
walker2d-medium-replay-v2,0,ensemble,14,91,1,1423.3741647549002,73505.67837684251,519.7636363598272,20000,20000,20,,
walker2d-medium-replay-v2,0,ensemble,14,92,1,1646.1874876783945,74999.26381443863,530.324880271884,20000,20000,20,,
walker2d-medium-replay-v2,0,ensemble,14,93,1,1697.5370283302132,74080.41966027842,523.827670949281,20000,20000,20,,
walker2d-medium-replay-v2,0,ensemble,14,94,1,1813.5530991056503,81704.62654264773,577.7389548262059,20000,20000,20,,
walker2d-medium-replay-v2,0,ensemble,14,95,1,2074.6015753259076,94119.49365162832,665.525322029106,20000,20000,20,,
walker2d-medium-replay-v2,0,ensemble,14,96,1,2435.1503652334245,119162.26627802175,842.6044654674623,20000,20000,20,,
walker2d-medium-replay-v2,0,ensemble,14,97,1,2781.25212850231,139298.48814535464,984.9890557661416,20000,20000,20,,
walker2d-medium-replay-v2,0,ensemble,14,98,1,2957.439421031213,138331.03503043373,978.1481291857355,20000,20000,20,,
walker2d-medium-replay-v2,0,ensemble,14,99,1,3673.137425720863,184180.95815241878,1302.3560447501104,20000,20000,20,,
walker2d-medium-replay-v2,0,ensemble,14,100,1,4758.536641463247,292787.9997025861,2070.3238003974348,20000,20000,20,,
walker2d-medium-replay-v2,0,ensemble,15,1,1,0.9676628797213087,1.9465094957427707,0.013763900640837202,20000,20000,20,,
walker2d-medium-replay-v2,0,ensemble,15,2,1,1.4068641499674683,2.7747717682525783,0.019620599335763853,20000,20000,20,,
walker2d-medium-replay-v2,0,ensemble,15,3,1,1.7791881666137477,3.5015575940432417,0.024759751194632282,20000,20000,20,,
walker2d-medium-replay-v2,0,ensemble,15,4,1,2.095864820775535,4.071252198167446,0.02878810037244839,20000,20000,20,,
walker2d-medium-replay-v2,0,ensemble,15,5,1,2.3925678667791273,4.63419655570757,0.032768718098921644,20000,20000,20,,
walker2d-medium-replay-v2,0,ensemble,15,6,1,2.678426962105683,5.107112047709369,0.03611273561214809,20000,20000,20,,
walker2d-medium-replay-v2,0,ensemble,15,7,1,3.0016780942211785,5.690576518601048,0.04023845245163737,20000,20000,20,,
walker2d-medium-replay-v2,0,ensemble,15,8,1,3.338561374025365,6.3535910630383565,0.04492667325560667,20000,20000,20,,
walker2d-medium-replay-v2,0,ensemble,15,9,1,3.6236544690076613,6.93494512540134,0.049037467253278795,20000,20000,20,,
walker2d-medium-replay-v2,0,ensemble,15,10,1,3.935512468267499,7.615381885010316,0.05384888172215987,20000,20000,20,,
walker2d-medium-replay-v2,0,ensemble,15,11,1,4.186631205857657,7.89694786964972,0.055839853893059774,20000,20000,20,,
walker2d-medium-replay-v2,0,ensemble,15,12,1,4.4028919958704895,8.042116662645373,0.0568663522724987,20000,20000,20,,
walker2d-medium-replay-v2,0,ensemble,15,13,1,4.637451890398376,8.35388220803315,0.05907086758533889,20000,20000,20,,
walker2d-medium-replay-v2,0,ensemble,15,14,1,4.887834469112307,9.061972381672833,0.06407782122006069,20000,20000,20,,
walker2d-medium-replay-v2,0,ensemble,15,15,1,5.150219629146304,9.42136188314742,0.06661908875586,20000,20000,20,,
walker2d-medium-replay-v2,0,ensemble,15,16,1,5.326505568119602,9.520603741857899,0.06732083466857738,20000,20000,20,,
walker2d-medium-replay-v2,0,ensemble,15,17,1,5.520304690320556,9.816109856083648,0.06941037844108852,20000,20000,20,,
walker2d-medium-replay-v2,0,ensemble,15,18,1,5.730774935786523,10.267876572585022,0.07260485152861354,20000,20000,20,,
walker2d-medium-replay-v2,0,ensemble,15,19,1,5.938911294494948,10.48209529894875,0.07411960666930291,20000,20000,20,,
walker2d-medium-replay-v2,0,ensemble,15,20,1,6.152951536255748,10.742313489344358,0.07595962713947119,20000,20000,20,,
walker2d-medium-replay-v2,0,ensemble,15,21,1,6.36397320425061,11.179579856707091,0.07905156727494116,20000,20000,20,,
walker2d-medium-replay-v2,0,ensemble,15,22,1,6.599500309401937,11.45943932550164,0.08103047255658005,20000,20000,20,,
walker2d-medium-replay-v2,0,ensemble,15,23,1,6.890455417716618,11.975495676030361,0.08467954200591246,20000,20000,20,,
walker2d-medium-replay-v2,0,ensemble,15,24,1,7.13767248597267,12.252429113452914,0.08663775712130034,20000,20000,20,,
walker2d-medium-replay-v2,0,ensemble,15,25,1,7.367490167737338,13.012270104386346,0.0920106442944257,20000,20000,20,,
walker2d-medium-replay-v2,0,ensemble,15,26,1,7.615426230156215,14.134121879198501,0.09994333426898408,20000,20000,20,,
walker2d-medium-replay-v2,0,ensemble,15,27,1,7.7856947617253205,13.733729914473628,0.09711213553508845,20000,20000,20,,
walker2d-medium-replay-v2,0,ensemble,15,28,1,8.006907822866676,14.677672496505316,0.10378681754314191,20000,20000,20,,
walker2d-medium-replay-v2,0,ensemble,15,29,1,8.233410353774387,15.165658370385016,0.1072373987485777,20000,20000,20,,
walker2d-medium-replay-v2,0,ensemble,15,30,1,8.53401827711956,15.615017503647316,0.11041484765175652,20000,20000,20,,
walker2d-medium-replay-v2,0,ensemble,15,31,1,8.829171899489218,17.126724643066588,0.12110423134627137,20000,20000,20,,
walker2d-medium-replay-v2,0,ensemble,15,32,1,8.955892198050119,16.57398408934997,0.11719576540857309,20000,20000,20,,
walker2d-medium-replay-v2,0,ensemble,15,33,1,9.133160324119872,17.359534003392692,0.12275044212037427,20000,20000,20,,
walker2d-medium-replay-v2,0,ensemble,15,34,1,9.303610378486457,18.00463507960041,0.12731199557574643,20000,20000,20,,
walker2d-medium-replay-v2,0,ensemble,15,35,1,9.61823208230526,20.948270450334455,0.14812664089561264,20000,20000,20,,
walker2d-medium-replay-v2,0,ensemble,15,36,1,10.000545604746023,24.638789461339698,0.17422255108340942,20000,20000,20,,
walker2d-medium-replay-v2,0,ensemble,15,37,1,10.355029549929778,30.75685516547597,0.21748380855480548,20000,20000,20,,
walker2d-medium-replay-v2,0,ensemble,15,38,1,10.521726829338927,31.70713003312573,0.22420326658386844,20000,20000,20,,
walker2d-medium-replay-v2,0,ensemble,15,39,1,10.904251353047686,40.188140774590245,0.28417306864992353,20000,20000,20,,
walker2d-medium-replay-v2,0,ensemble,15,40,1,11.280718682319357,40.432944399573266,0.2859040916827689,20000,20000,20,,
walker2d-medium-replay-v2,0,ensemble,15,41,1,11.737545042698835,57.916857585988396,0.4095340274406793,20000,20000,20,,
walker2d-medium-replay-v2,0,ensemble,15,42,1,12.171012463471687,60.600395335715135,0.42850950484469796,20000,20000,20,,
walker2d-medium-replay-v2,0,ensemble,15,43,1,12.696056082689791,82.76456370731219,0.5852338423938648,20000,20000,20,,
walker2d-medium-replay-v2,0,ensemble,15,44,1,13.37995948050905,116.42975939087626,0.8232827239720671,20000,20000,20,,
walker2d-medium-replay-v2,0,ensemble,15,45,1,14.115103449901799,167.7037992605508,1.1858449368788297,20000,20000,20,,
walker2d-medium-replay-v2,0,ensemble,15,46,1,14.289462494115892,143.03457480105914,1.0114071778596339,20000,20000,20,,
walker2d-medium-replay-v2,0,ensemble,15,47,1,14.762915110354909,141.80188129416058,1.0026907184811078,20000,20000,20,,
walker2d-medium-replay-v2,0,ensemble,15,48,1,15.612592537218928,198.1005727738271,1.400782583653123,20000,20000,20,,
walker2d-medium-replay-v2,0,ensemble,15,49,1,16.322810508360618,208.67776351440756,1.4755746166388028,20000,20000,20,,
walker2d-medium-replay-v2,0,ensemble,15,50,1,16.901308624605225,202.0015365421998,1.4283665629909166,20000,20000,20,,
walker2d-medium-replay-v2,0,ensemble,15,51,1,17.738156255339515,224.42902391717482,1.5869528470691217,20000,20000,20,,
walker2d-medium-replay-v2,0,ensemble,15,52,1,18.987741000042647,272.03656887647946,1.9235890258327992,20000,20000,20,,
walker2d-medium-replay-v2,0,ensemble,15,53,1,19.84861167457801,285.43317113780677,2.018317308871235,20000,20000,20,,
walker2d-medium-replay-v2,0,ensemble,15,54,1,22.35492825141786,421.17473829242493,2.9781551351104314,20000,20000,20,,
walker2d-medium-replay-v2,0,ensemble,15,55,1,24.91205860401961,620.9135835886651,4.390522054863853,20000,20000,20,,
walker2d-medium-replay-v2,0,ensemble,15,56,1,27.40634515489927,727.5310851361519,5.144421638237804,20000,20000,20,,
walker2d-medium-replay-v2,0,ensemble,15,57,1,28.731620287736,740.7827609799506,5.238125136750164,20000,20000,20,,
walker2d-medium-replay-v2,0,ensemble,15,58,1,30.098320884240884,714.2531848781389,5.050532705114208,20000,20000,20,,
walker2d-medium-replay-v2,0,ensemble,15,59,1,34.37941737502164,950.4018656081225,6.720356040238492,20000,20000,20,,
walker2d-medium-replay-v2,0,ensemble,15,60,1,38.508942496606984,1232.650320723361,8.716154006152612,20000,20000,20,,
walker2d-medium-replay-v2,0,ensemble,15,61,1,43.66926911068664,1645.7158394432963,11.636968299764662,20000,20000,20,,
walker2d-medium-replay-v2,0,ensemble,15,62,1,56.09798322411451,2549.7582699917057,18.029513630976147,20000,20000,20,,
walker2d-medium-replay-v2,0,ensemble,15,63,1,61.0512870390498,2619.4661126902906,18.522422513716695,20000,20000,20,,
walker2d-medium-replay-v2,0,ensemble,15,64,1,58.42367820981137,2110.4275578437296,14.922976373542658,20000,20000,20,,
walker2d-medium-replay-v2,0,ensemble,15,65,1,61.09152707136091,2028.097811096126,14.340817151356642,20000,20000,20,,
walker2d-medium-replay-v2,0,ensemble,15,66,1,76.04520373061484,3169.9824316341324,22.41516073650716,20000,20000,20,,
walker2d-medium-replay-v2,0,ensemble,15,67,1,82.07976933531705,2969.28726606459,20.996031611251357,20000,20000,20,,
walker2d-medium-replay-v2,0,ensemble,15,68,1,96.6728912693471,3588.8749733608774,25.377178304941665,20000,20000,20,,
walker2d-medium-replay-v2,0,ensemble,15,69,1,107.59540767359326,4391.34215597257,31.05147816998558,20000,20000,20,,
walker2d-medium-replay-v2,0,ensemble,15,70,1,131.41111277765327,5513.499383291012,38.986328019929225,20000,20000,20,,
walker2d-medium-replay-v2,0,ensemble,15,71,1,122.8214827253334,4375.580606833133,30.94002718720057,20000,20000,20,,
walker2d-medium-replay-v2,0,ensemble,15,72,1,156.86586003808353,6554.895315066627,46.350109272515425,20000,20000,20,,
walker2d-medium-replay-v2,0,ensemble,15,73,1,165.85368257593316,6580.389536892505,46.53038064385695,20000,20000,20,,
walker2d-medium-replay-v2,0,ensemble,15,74,1,184.55396162002643,7384.222382852502,52.214337207044906,20000,20000,20,,
walker2d-medium-replay-v2,0,ensemble,15,75,1,220.18340503358831,9491.326227115127,67.11381137646836,20000,20000,20,,
walker2d-medium-replay-v2,0,ensemble,15,76,1,255.36014741263725,10797.046853745947,76.34665047072637,20000,20000,20,,
walker2d-medium-replay-v2,0,ensemble,15,77,1,269.3352121939463,10743.997705209853,75.97153634406592,20000,20000,20,,
walker2d-medium-replay-v2,0,ensemble,15,78,1,313.5105254770129,13306.077478074743,94.08817615740246,20000,20000,20,,
walker2d-medium-replay-v2,0,ensemble,15,79,1,348.2032816059107,15396.415129450113,108.86909543997331,20000,20000,20,,
walker2d-medium-replay-v2,0,ensemble,15,80,1,412.2125909308234,19288.230554156085,136.38838621933326,20000,20000,20,,
walker2d-medium-replay-v2,0,ensemble,15,81,1,403.60502143617936,16706.757700454426,118.13461661631895,20000,20000,20,,
walker2d-medium-replay-v2,0,ensemble,15,82,1,479.5201783522835,21039.07851705408,148.7687508932515,20000,20000,20,,
walker2d-medium-replay-v2,0,ensemble,15,83,1,516.2599118044208,20221.654983187378,142.98869365426535,20000,20000,20,,
walker2d-medium-replay-v2,0,ensemble,15,84,1,604.2049207458084,28179.993568836588,199.26264546317648,20000,20000,20,,
walker2d-medium-replay-v2,0,ensemble,15,85,1,643.1467579159357,27745.26058660013,196.18861906572798,20000,20000,20,,
walker2d-medium-replay-v2,0,ensemble,15,86,1,832.0533883213755,38687.598135009706,273.56262989085394,20000,20000,20,,
walker2d-medium-replay-v2,0,ensemble,15,87,1,1004.1788536498643,50417.604528082666,356.50630052988834,20000,20000,20,,
walker2d-medium-replay-v2,0,ensemble,15,88,1,1244.695321203378,67228.9732148585,475.3806285243521,20000,20000,20,,
walker2d-medium-replay-v2,0,ensemble,15,89,1,1139.9268046213438,50709.439542290624,358.5698857052296,20000,20000,20,,
walker2d-medium-replay-v2,0,ensemble,15,90,1,1206.5477052683036,51198.684356732905,362.02936896475444,20000,20000,20,,
walker2d-medium-replay-v2,0,ensemble,15,91,1,1410.7482521071747,58641.62109946102,414.65887939201014,20000,20000,20,,
walker2d-medium-replay-v2,0,ensemble,15,92,1,1777.5785878723834,76196.5279686196,538.7908162948135,20000,20000,20,,
walker2d-medium-replay-v2,0,ensemble,15,93,1,2140.477320268677,85211.2623354966,602.5346143089549,20000,20000,20,,
walker2d-medium-replay-v2,0,ensemble,15,94,1,2626.572442686323,124173.99111842795,878.0427116683852,20000,20000,20,,
walker2d-medium-replay-v2,0,ensemble,15,95,1,3248.2514557312998,173390.22745006697,1226.054056214202,20000,20000,20,,
walker2d-medium-replay-v2,0,ensemble,15,96,1,3810.28682504723,209285.23564602854,1479.8700932753134,20000,20000,20,,
walker2d-medium-replay-v2,0,ensemble,15,97,1,3753.46995925902,194648.87760484524,1376.3754130473637,20000,20000,20,,
walker2d-medium-replay-v2,0,ensemble,15,98,1,3760.590775115868,180003.84775323974,1272.819413859867,20000,20000,20,,
walker2d-medium-replay-v2,0,ensemble,15,99,1,3858.135917563939,168675.34503109945,1192.7148029047105,20000,20000,20,,
walker2d-medium-replay-v2,0,ensemble,15,100,1,4739.931528656174,223298.31980252484,1578.9575615992765,20000,20000,20,,
walker2d-medium-replay-v2,0,ensemble,16,1,1,0.9782997566647288,1.9706322633735092,0.013934474366564028,20000,20000,20,,
walker2d-medium-replay-v2,0,ensemble,16,2,1,1.4069358475299842,2.743547409914122,0.019399809780570643,20000,20000,20,,
walker2d-medium-replay-v2,0,ensemble,16,3,1,1.7735589088825923,3.5077825379600633,0.02480376819519319,20000,20000,20,,
walker2d-medium-replay-v2,0,ensemble,16,4,1,2.0457589499602435,3.91792959667363,0.02770394586019399,20000,20000,20,,
walker2d-medium-replay-v2,0,ensemble,16,5,1,2.3712312143553436,4.466719197741736,0.03158447434379317,20000,20000,20,,
walker2d-medium-replay-v2,0,ensemble,16,6,1,2.69898666570068,5.044301064828815,0.035668594892869776,20000,20000,20,,
walker2d-medium-replay-v2,0,ensemble,16,7,1,3.000052859199209,5.584182607192855,0.039486133889300425,20000,20000,20,,
walker2d-medium-replay-v2,0,ensemble,16,8,1,3.271265961044043,5.975719445426371,0.04225471742329302,20000,20000,20,,
walker2d-medium-replay-v2,0,ensemble,16,9,1,3.5802073698524204,6.592653665425857,0.04661710112836972,20000,20000,20,,
walker2d-medium-replay-v2,0,ensemble,16,10,1,3.8858374039366326,7.1150523371463485,0.050311017560933764,20000,20000,20,,
walker2d-medium-replay-v2,0,ensemble,16,11,1,4.156687732635737,7.5163595391222175,0.053148687999495126,20000,20000,20,,
walker2d-medium-replay-v2,0,ensemble,16,12,1,4.384787944598602,7.843595091005431,0.05546259277731456,20000,20000,20,,
walker2d-medium-replay-v2,0,ensemble,16,13,1,4.646086287317126,8.271310457355655,0.05848699713695388,20000,20000,20,,
walker2d-medium-replay-v2,0,ensemble,16,14,1,4.8374832589945,8.484025294609264,0.05999111817576407,20000,20000,20,,
walker2d-medium-replay-v2,0,ensemble,16,15,1,5.010568172362098,8.708326104420362,0.061577164412194685,20000,20000,20,,
walker2d-medium-replay-v2,0,ensemble,16,16,1,5.193573207526425,8.879179996286716,0.0627852838675028,20000,20000,20,,
walker2d-medium-replay-v2,0,ensemble,16,17,1,5.428293856121608,9.206929470982708,0.06510282262838145,20000,20000,20,,
walker2d-medium-replay-v2,0,ensemble,16,18,1,5.619533884045264,9.338235044412558,0.06603129324217981,20000,20000,20,,
walker2d-medium-replay-v2,0,ensemble,16,19,1,5.866927954553804,9.84111818162272,0.06958721400683651,20000,20000,20,,
walker2d-medium-replay-v2,0,ensemble,16,20,1,6.054134322144479,10.41748814418473,0.07366276509683485,20000,20000,20,,
walker2d-medium-replay-v2,0,ensemble,16,21,1,6.289242636636518,10.824512722057731,0.07654086348807077,20000,20000,20,,
walker2d-medium-replay-v2,0,ensemble,16,22,1,6.531338635420842,11.065621149129914,0.07824575752591038,20000,20000,20,,
walker2d-medium-replay-v2,0,ensemble,16,23,1,6.729013073363852,11.55109892146722,0.08167860377526087,20000,20000,20,,
walker2d-medium-replay-v2,0,ensemble,16,24,1,6.976236204670035,12.012441706210296,0.08494078989069401,20000,20000,20,,
walker2d-medium-replay-v2,0,ensemble,16,25,1,7.191781202847997,12.067453213273648,0.0853297799875719,20000,20000,20,,
walker2d-medium-replay-v2,0,ensemble,16,26,1,7.439255547986648,12.566539842410522,0.08885885538619408,20000,20000,20,,
walker2d-medium-replay-v2,0,ensemble,16,27,1,7.620742721008716,13.374272129051379,0.09457038515886475,20000,20000,20,,
walker2d-medium-replay-v2,0,ensemble,16,28,1,7.774155529544165,13.324896708941557,0.09422124821502885,20000,20000,20,,
walker2d-medium-replay-v2,0,ensemble,16,29,1,7.983841220106461,13.599713841678037,0.09616449879647093,20000,20000,20,,
walker2d-medium-replay-v2,0,ensemble,16,30,1,8.2791047717277,14.197623881052895,0.1003923612302857,20000,20000,20,,
walker2d-medium-replay-v2,0,ensemble,16,31,1,8.479857721185434,14.209182968941645,0.10047409632459037,20000,20000,20,,
walker2d-medium-replay-v2,0,ensemble,16,32,1,8.814494646207278,15.327553598222485,0.10838217088303385,20000,20000,20,,
walker2d-medium-replay-v2,0,ensemble,16,33,1,9.131402176369829,17.85523680229118,0.126255590225917,20000,20000,20,,
walker2d-medium-replay-v2,0,ensemble,16,34,1,9.401285357543989,21.944387393542222,0.1551702513495829,20000,20000,20,,
walker2d-medium-replay-v2,0,ensemble,16,35,1,9.644014175061338,21.86208844441094,0.15458830989943034,20000,20000,20,,
walker2d-medium-replay-v2,0,ensemble,16,36,1,9.931205100192685,25.117624778908652,0.17760842808465563,20000,20000,20,,
walker2d-medium-replay-v2,0,ensemble,16,37,1,10.144273584184306,24.534705755227584,0.17348656813938038,20000,20000,20,,
walker2d-medium-replay-v2,0,ensemble,16,38,1,10.372607562047339,24.78606173835919,0.1752639233410221,20000,20000,20,,
walker2d-medium-replay-v2,0,ensemble,16,39,1,10.660087951726718,25.40932956674777,0.17967109242051185,20000,20000,20,,
walker2d-medium-replay-v2,0,ensemble,16,40,1,11.138756857493542,31.083008844699595,0.21979006333768517,20000,20000,20,,
walker2d-medium-replay-v2,0,ensemble,16,41,1,11.483881613975319,37.81915936170353,0.26742184043435263,20000,20000,20,,
walker2d-medium-replay-v2,0,ensemble,16,42,1,11.701728411457118,38.08464220070814,0.26929908759184085,20000,20000,20,,
walker2d-medium-replay-v2,0,ensemble,16,43,1,12.150577050259864,48.886371250284725,0.34567884618679406,20000,20000,20,,
walker2d-medium-replay-v2,0,ensemble,16,44,1,12.628831641427121,53.10669700626916,0.3755210557955224,20000,20000,20,,
walker2d-medium-replay-v2,0,ensemble,16,45,1,13.349565447958383,76.55780503746297,0.5413454309474769,20000,20000,20,,
walker2d-medium-replay-v2,0,ensemble,16,46,1,13.844591610302567,90.35532348221598,0.6389086195057901,20000,20000,20,,
walker2d-medium-replay-v2,0,ensemble,16,47,1,14.31549899725426,100.55495721021421,0.7110309212526559,20000,20000,20,,
walker2d-medium-replay-v2,0,ensemble,16,48,1,15.49730108341398,152.02174909939723,1.074956096760237,20000,20000,20,,
walker2d-medium-replay-v2,0,ensemble,16,49,1,16.23971465611263,169.04776168975891,1.1953481863523598,20000,20000,20,,
walker2d-medium-replay-v2,0,ensemble,16,50,1,17.759297710725956,227.18563586408752,1.6064450370767398,20000,20000,20,,
walker2d-medium-replay-v2,0,ensemble,16,51,1,19.15222669936326,310.094834890655,2.1927016056210498,20000,20000,20,,
walker2d-medium-replay-v2,0,ensemble,16,52,1,19.54434444147699,296.2565746184596,2.094850328838112,20000,20000,20,,
walker2d-medium-replay-v2,0,ensemble,16,53,1,20.550787270001972,308.90149406282256,2.184263411704779,20000,20000,20,,
walker2d-medium-replay-v2,0,ensemble,16,54,1,21.87714628954277,322.0567205622429,2.2772849103626296,20000,20000,20,,
walker2d-medium-replay-v2,0,ensemble,16,55,1,22.852855802705196,336.4332925739456,2.3789426259595468,20000,20000,20,,
walker2d-medium-replay-v2,0,ensemble,16,56,1,24.71986892210993,404.12781924926435,2.8576152145728617,20000,20000,20,,
walker2d-medium-replay-v2,0,ensemble,16,57,1,25.13423354814445,407.54319915494807,2.881765597489234,20000,20000,20,,
walker2d-medium-replay-v2,0,ensemble,16,58,1,27.27160336181182,483.540022899561,3.4191442916737804,20000,20000,20,,
walker2d-medium-replay-v2,0,ensemble,16,59,1,30.325754485828366,579.7272122328875,4.099290430082475,20000,20000,20,,
walker2d-medium-replay-v2,0,ensemble,16,60,1,32.99373241851557,703.024469839012,4.9711336996324285,20000,20000,20,,
walker2d-medium-replay-v2,0,ensemble,16,61,1,37.471842660614605,797.7536251827037,5.640969980828411,20000,20000,20,,
walker2d-medium-replay-v2,0,ensemble,16,62,1,42.0645465162486,1043.3547131381115,7.377631928429037,20000,20000,20,,
walker2d-medium-replay-v2,0,ensemble,16,63,1,45.72238664158152,1193.2501251280087,8.437552551297113,20000,20000,20,,
walker2d-medium-replay-v2,0,ensemble,16,64,1,49.10228983039184,1384.2253457154438,9.787951286456835,20000,20000,20,,
walker2d-medium-replay-v2,0,ensemble,16,65,1,57.43046066665419,1741.27116992773,12.31264652140531,20000,20000,20,,
walker2d-medium-replay-v2,0,ensemble,16,66,1,66.89005637277614,2440.7089142367945,17.25841824159293,20000,20000,20,,
walker2d-medium-replay-v2,0,ensemble,16,67,1,71.65331702550839,2459.087620109737,17.38837531711484,20000,20000,20,,
walker2d-medium-replay-v2,0,ensemble,16,68,1,79.35347334676423,2850.2457814076624,20.15428120081708,20000,20000,20,,
walker2d-medium-replay-v2,0,ensemble,16,69,1,100.38267409397953,4454.7749997337305,31.50001610972021,20000,20000,20,,
walker2d-medium-replay-v2,0,ensemble,16,70,1,117.27702262274255,5611.930628582534,39.68234203019194,20000,20000,20,,
walker2d-medium-replay-v2,0,ensemble,16,71,1,138.20287425119017,7463.0866427623605,52.771991736800096,20000,20000,20,,
walker2d-medium-replay-v2,0,ensemble,16,72,1,127.11129494261658,5799.849993411885,41.01113260206297,20000,20000,20,,
walker2d-medium-replay-v2,0,ensemble,16,73,1,161.42132140284815,9113.700726779072,64.44359585610249,20000,20000,20,,
walker2d-medium-replay-v2,0,ensemble,16,74,1,158.81328747208548,7362.662023397628,52.061882443291296,20000,20000,20,,
walker2d-medium-replay-v2,0,ensemble,16,75,1,183.77913988974416,7756.845066191411,54.849177469173604,20000,20000,20,,
walker2d-medium-replay-v2,0,ensemble,16,76,1,219.3348003964518,11199.992504781327,79.19590649369381,20000,20000,20,,
walker2d-medium-replay-v2,0,ensemble,16,77,1,242.1531264010334,10669.080341067458,75.44179058192883,20000,20000,20,,
walker2d-medium-replay-v2,0,ensemble,16,78,1,264.7284592677011,10805.458801929568,76.40613192676264,20000,20000,20,,
walker2d-medium-replay-v2,0,ensemble,16,79,1,275.2356619551491,11644.020743839457,82.33566028245707,20000,20000,20,,
walker2d-medium-replay-v2,0,ensemble,16,80,1,341.47920132676074,20161.672009933445,142.56454998282948,20000,20000,20,,
walker2d-medium-replay-v2,0,ensemble,16,81,1,421.3508105914267,28018.078023481343,198.11772966217438,20000,20000,20,,
walker2d-medium-replay-v2,0,ensemble,16,82,1,427.3956431427779,24251.60035540456,171.4847106593265,20000,20000,20,,
walker2d-medium-replay-v2,0,ensemble,16,83,1,390.1812437965894,16279.374869076353,115.11256363401753,20000,20000,20,,
walker2d-medium-replay-v2,0,ensemble,16,84,1,466.6795189906309,19333.11425405267,136.70576190494944,20000,20000,20,,
walker2d-medium-replay-v2,0,ensemble,16,85,1,549.7302643188953,21546.442766189408,152.35635790420363,20000,20000,20,,
walker2d-medium-replay-v2,0,ensemble,16,86,1,623.1426768845647,21957.629620032178,155.26388803107346,20000,20000,20,,
walker2d-medium-replay-v2,0,ensemble,16,87,1,743.4592782978716,27961.95303862435,197.72086608831066,20000,20000,20,,
walker2d-medium-replay-v2,0,ensemble,16,88,1,842.2911595061537,34006.338724248766,240.4611271524299,20000,20000,20,,
walker2d-medium-replay-v2,0,ensemble,16,89,1,913.1773097754877,33734.5944075639,238.53960466166214,20000,20000,20,,
walker2d-medium-replay-v2,0,ensemble,16,90,1,1004.6415851628066,36151.18280372604,255.62746508429188,20000,20000,20,,
walker2d-medium-replay-v2,0,ensemble,16,91,1,1159.8048841366447,47315.44539938702,334.57072296768393,20000,20000,20,,
walker2d-medium-replay-v2,0,ensemble,16,92,1,1414.2395870896914,64883.44866293241,458.79526536328734,20000,20000,20,,
walker2d-medium-replay-v2,0,ensemble,16,93,1,1894.2411277372587,101871.89974990107,720.343111255112,20000,20000,20,,
walker2d-medium-replay-v2,0,ensemble,16,94,1,1720.071254229974,70969.74834757062,501.83190315669964,20000,20000,20,,
walker2d-medium-replay-v2,0,ensemble,16,95,1,1866.4716671388812,69316.88881384234,490.14442131021855,20000,20000,20,,
walker2d-medium-replay-v2,0,ensemble,16,96,1,2438.983122856889,115547.7653455131,817.0460842676426,20000,20000,20,,
walker2d-medium-replay-v2,0,ensemble,16,97,1,2780.5842022678353,131149.39406262894,927.3662589019166,20000,20000,20,,
walker2d-medium-replay-v2,0,ensemble,16,98,1,2921.475793552932,122426.65224241819,865.6871599858114,20000,20000,20,,
walker2d-medium-replay-v2,0,ensemble,16,99,1,3448.972596574351,175298.21319878392,1239.5455528274526,20000,20000,20,,
walker2d-medium-replay-v2,0,ensemble,16,100,1,4674.481177971589,251590.88210372688,1779.0161882025047,20000,20000,20,,
walker2d-medium-replay-v2,0,ensemble,17,1,1,0.9890897010613897,1.9889430475989651,0.014063951163510663,20000,20000,20,,
walker2d-medium-replay-v2,0,ensemble,17,2,1,1.4223789319047775,2.7667716998911933,0.01956403030988094,20000,20000,20,,
walker2d-medium-replay-v2,0,ensemble,17,3,1,1.7929546641916705,3.4838917438032517,0.024634834769631055,20000,20000,20,,
walker2d-medium-replay-v2,0,ensemble,17,4,1,2.078189492418078,4.048174679863617,0.02862491767559245,20000,20000,20,,
walker2d-medium-replay-v2,0,ensemble,17,5,1,2.37483388623568,4.4173524787787235,0.0312353989263564,20000,20000,20,,
walker2d-medium-replay-v2,0,ensemble,17,6,1,2.690848047797874,5.0232014095255995,0.03551939779941375,20000,20000,20,,
walker2d-medium-replay-v2,0,ensemble,17,7,1,3.033201987411501,5.649435197735582,0.03994753938192794,20000,20000,20,,
walker2d-medium-replay-v2,0,ensemble,17,8,1,3.3222599199670833,6.24149158796976,0.0441340102657221,20000,20000,20,,
walker2d-medium-replay-v2,0,ensemble,17,9,1,3.6108215169370355,6.562048368929571,0.04640068900144223,20000,20000,20,,
walker2d-medium-replay-v2,0,ensemble,17,10,1,3.8855429892636653,7.154313597919763,0.050588636598241914,20000,20000,20,,
walker2d-medium-replay-v2,0,ensemble,17,11,1,4.117759857880289,7.524677491088796,0.05320750480190664,20000,20000,20,,
walker2d-medium-replay-v2,0,ensemble,17,12,1,4.3887257312601475,7.8148006232006155,0.05525898514286013,20000,20000,20,,
walker2d-medium-replay-v2,0,ensemble,17,13,1,4.590168605959547,8.069568026851753,0.057060462730330226,20000,20000,20,,
walker2d-medium-replay-v2,0,ensemble,17,14,1,4.754585555949995,8.282779639707552,0.05856809650311079,20000,20000,20,,
walker2d-medium-replay-v2,0,ensemble,17,15,1,4.98557683387367,8.671580164627192,0.061317331380106456,20000,20000,20,,
walker2d-medium-replay-v2,0,ensemble,17,16,1,5.244657073327944,9.155205422545567,0.06473707837437821,20000,20000,20,,
walker2d-medium-replay-v2,0,ensemble,17,17,1,5.507679940490111,9.540000092014441,0.06745798757583699,20000,20000,20,,
walker2d-medium-replay-v2,0,ensemble,17,18,1,5.724520108619456,10.15241473866881,0.07178841307130966,20000,20000,20,,
walker2d-medium-replay-v2,0,ensemble,17,19,1,5.970883677445753,10.628450771105557,0.0751544961375613,20000,20000,20,,
walker2d-medium-replay-v2,0,ensemble,17,20,1,6.171963822868409,10.94180632892888,0.07737025453615494,20000,20000,20,,
walker2d-medium-replay-v2,0,ensemble,17,21,1,6.426014570235739,11.56402154575312,0.08176998052789372,20000,20000,20,,
walker2d-medium-replay-v2,0,ensemble,17,22,1,6.709588067006276,12.560416076284554,0.08881555382065336,20000,20000,20,,
walker2d-medium-replay-v2,0,ensemble,17,23,1,6.903507329777547,12.739196662246991,0.0900797234674388,20000,20000,20,,
walker2d-medium-replay-v2,0,ensemble,17,24,1,7.0626074609263085,13.45517658169826,0.09514246602981269,20000,20000,20,,
walker2d-medium-replay-v2,0,ensemble,17,25,1,7.291670511510652,13.560002607965604,0.09588369796999748,20000,20000,20,,
walker2d-medium-replay-v2,0,ensemble,17,26,1,7.482688372931141,14.010233512235942,0.09906731122509055,20000,20000,20,,
walker2d-medium-replay-v2,0,ensemble,17,27,1,7.698576713814971,15.930996853558968,0.11264915906213098,20000,20000,20,,
walker2d-medium-replay-v2,0,ensemble,17,28,1,7.903845390343765,16.352684482420493,0.11563094088123559,20000,20000,20,,
walker2d-medium-replay-v2,0,ensemble,17,29,1,8.195710882338894,16.834597023082146,0.11903857713564252,20000,20000,20,,
walker2d-medium-replay-v2,0,ensemble,17,30,1,8.428392605559653,17.526025688948337,0.12392771611905003,20000,20000,20,,
walker2d-medium-replay-v2,0,ensemble,17,31,1,8.664794830078876,18.152757584393047,0.12835937985159854,20000,20000,20,,
walker2d-medium-replay-v2,0,ensemble,17,32,1,9.00186575862477,23.115647307661668,0.16345230962764123,20000,20000,20,,
walker2d-medium-replay-v2,0,ensemble,17,33,1,9.19868760962338,22.59633036709093,0.15978018432501503,20000,20000,20,,
walker2d-medium-replay-v2,0,ensemble,17,34,1,9.502958725806083,34.77356736690559,0.24588625291186178,20000,20000,20,,
walker2d-medium-replay-v2,0,ensemble,17,35,1,9.8422454738323,35.29894282347524,0.24960121839195556,20000,20000,20,,
walker2d-medium-replay-v2,0,ensemble,17,36,1,10.044829075089686,32.10495913041221,0.22701634310831437,20000,20000,20,,
walker2d-medium-replay-v2,0,ensemble,17,37,1,10.360242922284456,37.06464171985063,0.26208659502356196,20000,20000,20,,
walker2d-medium-replay-v2,0,ensemble,17,38,1,10.652035743656494,35.82882608754547,0.2533480588845688,20000,20000,20,,
walker2d-medium-replay-v2,0,ensemble,17,39,1,11.07383516186894,55.634101780066885,0.3933925063390787,20000,20000,20,,
walker2d-medium-replay-v2,0,ensemble,17,40,1,11.33728530231233,64.9546555418573,0.4592987740328366,20000,20000,20,,
walker2d-medium-replay-v2,0,ensemble,17,41,1,11.686400843106048,59.76580265738565,0.4226080434209437,20000,20000,20,,
walker2d-medium-replay-v2,0,ensemble,17,42,1,12.187500096822955,77.62693499731682,0.5489053213933005,20000,20000,20,,
walker2d-medium-replay-v2,0,ensemble,17,43,1,12.612097710251199,99.66416429750994,0.7047320641605949,20000,20000,20,,
walker2d-medium-replay-v2,0,ensemble,17,44,1,12.788970378522539,88.16155165380567,0.6233963101433407,20000,20000,20,,
walker2d-medium-replay-v2,0,ensemble,17,45,1,13.217376846620441,96.50836760872514,0.6824172117737369,20000,20000,20,,
walker2d-medium-replay-v2,0,ensemble,17,46,1,14.205097687076213,145.58267376214715,1.0294249584048312,20000,20000,20,,
walker2d-medium-replay-v2,0,ensemble,17,47,1,14.976936487529235,189.4101631473041,1.3393321078710902,20000,20000,20,,
walker2d-medium-replay-v2,0,ensemble,17,48,1,15.188922049457888,149.65742290047106,1.05823778587826,20000,20000,20,,
walker2d-medium-replay-v2,0,ensemble,17,49,1,16.313651566427364,215.09105781124174,1.5209234555091675,20000,20000,20,,
walker2d-medium-replay-v2,0,ensemble,17,50,1,16.833618576891805,214.55421219988347,1.5171273837867507,20000,20000,20,,
walker2d-medium-replay-v2,0,ensemble,17,51,1,17.89694623970992,247.45366336659302,1.7497616339597108,20000,20000,20,,
walker2d-medium-replay-v2,0,ensemble,17,52,1,18.692415426234373,284.92007184584116,2.014689148983526,20000,20000,20,,
walker2d-medium-replay-v2,0,ensemble,17,53,1,20.63001019134933,368.2069351159552,2.6036162070040705,20000,20000,20,,
walker2d-medium-replay-v2,0,ensemble,17,54,1,22.07831245825824,445.5395453412977,3.1504403379760286,20000,20000,20,,
walker2d-medium-replay-v2,0,ensemble,17,55,1,23.235833142587506,439.9226847175724,3.1107231356158698,20000,20000,20,,
walker2d-medium-replay-v2,0,ensemble,17,56,1,23.919597257983575,448.90429298046377,3.174232696702386,20000,20000,20,,
walker2d-medium-replay-v2,0,ensemble,17,57,1,24.672737779694852,472.53165367821225,3.3413033664115708,20000,20000,20,,
walker2d-medium-replay-v2,0,ensemble,17,58,1,27.673158662405925,748.4170540025902,5.292107740408901,20000,20000,20,,
walker2d-medium-replay-v2,0,ensemble,17,59,1,29.27898688681879,755.4144581978526,5.341586859980633,20000,20000,20,,
walker2d-medium-replay-v2,0,ensemble,17,60,1,32.43522414155721,990.6525079973184,7.0049710620436425,20000,20000,20,,
walker2d-medium-replay-v2,0,ensemble,17,61,1,36.50154621133511,1075.5751493744474,7.605464817984055,20000,20000,20,,
walker2d-medium-replay-v2,0,ensemble,17,62,1,39.484715169307265,1225.8269619694743,8.667905573699194,20000,20000,20,,
walker2d-medium-replay-v2,0,ensemble,17,63,1,43.07224631834228,1304.9332351762366,9.227271395888167,20000,20000,20,,
walker2d-medium-replay-v2,0,ensemble,17,64,1,51.54515248101451,1961.3698671887776,13.868979335041427,20000,20000,20,,
walker2d-medium-replay-v2,0,ensemble,17,65,1,51.04667399969522,1707.5301525398556,12.074061499414318,20000,20000,20,,
walker2d-medium-replay-v2,0,ensemble,17,66,1,66.01470228130736,3166.145011507012,22.388026078565677,20000,20000,20,,
walker2d-medium-replay-v2,0,ensemble,17,67,1,73.93876604441868,3584.3053899897222,25.344866471052253,20000,20000,20,,
walker2d-medium-replay-v2,0,ensemble,17,68,1,103.29569798042645,6823.73838214535,48.25111683057898,20000,20000,20,,
walker2d-medium-replay-v2,0,ensemble,17,69,1,152.35690048789587,12634.55447593784,89.33979147206493,20000,20000,20,,
walker2d-medium-replay-v2,0,ensemble,17,70,1,141.69121104397186,10516.395428230537,74.36214520941019,20000,20000,20,,
walker2d-medium-replay-v2,0,ensemble,17,71,1,168.00858051328865,10661.270559984174,75.3865670902931,20000,20000,20,,
walker2d-medium-replay-v2,0,ensemble,17,72,1,226.1403722705298,17338.445434907542,122.60132342256061,20000,20000,20,,
walker2d-medium-replay-v2,0,ensemble,17,73,1,240.65056598789795,18280.87817439942,129.2653292316298,20000,20000,20,,
walker2d-medium-replay-v2,0,ensemble,17,74,1,250.20522307688537,19415.6494826512,137.28937410323746,20000,20000,20,,
walker2d-medium-replay-v2,0,ensemble,17,75,1,264.8297286157404,16494.475297627003,116.6335533506605,20000,20000,20,,
walker2d-medium-replay-v2,0,ensemble,17,76,1,293.1376354842859,19740.584379787804,139.58701079533193,20000,20000,20,,
walker2d-medium-replay-v2,0,ensemble,17,77,1,402.39578344941316,33058.96091764981,233.7621544385123,20000,20000,20,,
walker2d-medium-replay-v2,0,ensemble,17,78,1,507.50365462406296,47938.23907165686,338.9745392571047,20000,20000,20,,
walker2d-medium-replay-v2,0,ensemble,17,79,1,534.1906082107197,46800.202514392375,330.9274055883056,20000,20000,20,,
walker2d-medium-replay-v2,0,ensemble,17,80,1,443.7341985897569,30754.673965404516,217.468385141189,20000,20000,20,,
walker2d-medium-replay-v2,0,ensemble,17,81,1,433.2119490824951,27394.358530231806,193.70736682982454,20000,20000,20,,
walker2d-medium-replay-v2,0,ensemble,17,82,1,492.4479761891893,31151.07685065871,220.27137682364054,20000,20000,20,,
walker2d-medium-replay-v2,0,ensemble,17,83,1,1450.1880467845685,156931.9062642284,1109.6761510396752,20000,20000,20,,
walker2d-medium-replay-v2,0,ensemble,17,84,1,1282.7934911988773,128147.88656462643,906.1423958457182,20000,20000,20,,
walker2d-medium-replay-v2,0,ensemble,17,85,1,1210.7501427748352,110139.8086367085,778.8060556560525,20000,20000,20,,
walker2d-medium-replay-v2,0,ensemble,17,86,1,1207.6755296615086,100220.65498651192,708.6670475591995,20000,20000,20,,
walker2d-medium-replay-v2,0,ensemble,17,87,1,1326.2108094669532,100546.62321749674,710.971991025007,20000,20000,20,,
walker2d-medium-replay-v2,0,ensemble,17,88,1,1471.031109128495,105663.1629815925,747.1513906590343,20000,20000,20,,
walker2d-medium-replay-v2,0,ensemble,17,89,1,2170.251316465943,148911.69643395356,1052.964703464412,20000,20000,20,,
walker2d-medium-replay-v2,0,ensemble,17,90,1,2462.7121596412676,153358.29132846408,1084.4068774953905,20000,20000,20,,
walker2d-medium-replay-v2,0,ensemble,17,91,1,2460.1804658144115,149406.84945770117,1056.4659640725815,20000,20000,20,,
walker2d-medium-replay-v2,0,ensemble,17,92,1,2414.1444801056905,124989.9316505984,883.8122825018121,20000,20000,20,,
walker2d-medium-replay-v2,0,ensemble,17,93,1,2444.1242172034626,124230.75530097325,878.4440950524482,20000,20000,20,,
walker2d-medium-replay-v2,0,ensemble,17,94,1,2687.3475654362474,131687.34597909515,931.170153382772,20000,20000,20,,
walker2d-medium-replay-v2,0,ensemble,17,95,1,3128.667942250243,162823.25089776155,1151.334248446458,20000,20000,20,,
walker2d-medium-replay-v2,0,ensemble,17,96,1,4323.001361994301,250079.2365775309,1768.3272401792697,20000,20000,20,,
walker2d-medium-replay-v2,0,ensemble,17,97,1,5454.561791393458,344198.93058592966,2433.8539789446863,20000,20000,20,,
walker2d-medium-replay-v2,0,ensemble,17,98,1,5492.624690897733,340328.4010311308,2406.485201994874,20000,20000,20,,
walker2d-medium-replay-v2,0,ensemble,17,99,1,5412.6939443642505,358774.1247725148,2536.916165409137,20000,20000,20,,
walker2d-medium-replay-v2,0,ensemble,17,100,1,7235.829877240911,527572.891309956,3730.5036901546323,20000,20000,20,,
walker2d-medium-replay-v2,0,ensemble,18,1,1,0.9588827448703012,1.9241280817548108,0.013605640144802903,20000,20000,20,,
walker2d-medium-replay-v2,0,ensemble,18,2,1,1.4143093980046124,2.7373622968455984,0.019356074426639055,20000,20000,20,,
walker2d-medium-replay-v2,0,ensemble,18,3,1,1.7871463609507119,3.4761565030236494,0.02458013835753738,20000,20000,20,,
walker2d-medium-replay-v2,0,ensemble,18,4,1,2.0797688633357443,3.9937499917617676,0.02824007701538464,20000,20000,20,,
walker2d-medium-replay-v2,0,ensemble,18,5,1,2.3672757085205394,4.428846764945501,0.03131667580329067,20000,20000,20,,
walker2d-medium-replay-v2,0,ensemble,18,6,1,2.655894812721762,4.940134543025659,0.03493202635347349,20000,20000,20,,
walker2d-medium-replay-v2,0,ensemble,18,7,1,2.961670871422436,5.443570624797863,0.038491857026624596,20000,20000,20,,
walker2d-medium-replay-v2,0,ensemble,18,8,1,3.2819878781653213,5.9783599928978965,0.042273388913524626,20000,20000,20,,
walker2d-medium-replay-v2,0,ensemble,18,9,1,3.5763446768242213,6.541015579373976,0.04625196472022192,20000,20000,20,,
walker2d-medium-replay-v2,0,ensemble,18,10,1,3.8508712915687493,7.0143342512756695,0.0495988331458609,20000,20000,20,,
walker2d-medium-replay-v2,0,ensemble,18,11,1,4.158693829405235,7.644711624106712,0.05405627429621481,20000,20000,20,,
walker2d-medium-replay-v2,0,ensemble,18,12,1,4.411564392860365,7.929479044973861,0.05606988403977645,20000,20000,20,,
walker2d-medium-replay-v2,0,ensemble,18,13,1,4.658779156616631,8.326048303628198,0.05887405215982249,20000,20000,20,,
walker2d-medium-replay-v2,0,ensemble,18,14,1,4.866470787707981,8.70874379715878,0.061580117945872564,20000,20000,20,,
walker2d-medium-replay-v2,0,ensemble,18,15,1,5.073941525526313,8.898980637718337,0.06292529554578423,20000,20000,20,,
walker2d-medium-replay-v2,0,ensemble,18,16,1,5.269403976136161,9.010541753505198,0.0637141517606805,20000,20000,20,,
walker2d-medium-replay-v2,0,ensemble,18,17,1,5.4562696527926375,9.255467597456384,0.06544603901213772,20000,20000,20,,
walker2d-medium-replay-v2,0,ensemble,18,18,1,5.747993803727057,9.860680498471842,0.06972554047583385,20000,20000,20,,
walker2d-medium-replay-v2,0,ensemble,18,19,1,6.003668315813523,10.261855491630033,0.07256227605688009,20000,20000,20,,
walker2d-medium-replay-v2,0,ensemble,18,20,1,6.197761167306912,10.430783293387808,0.07375677599841868,20000,20000,20,,
walker2d-medium-replay-v2,0,ensemble,18,21,1,6.394461931720136,10.734699150162694,0.07590578563077509,20000,20000,20,,
walker2d-medium-replay-v2,0,ensemble,18,22,1,6.612287851585005,11.07153430229534,0.07828756983292506,20000,20000,20,,
walker2d-medium-replay-v2,0,ensemble,18,23,1,6.8121232699943,11.575977726310017,0.08185452349138245,20000,20000,20,,
walker2d-medium-replay-v2,0,ensemble,18,24,1,7.058714690517864,12.131584779782314,0.08578325864323583,20000,20000,20,,
walker2d-medium-replay-v2,0,ensemble,18,25,1,7.272604601201392,12.318669646288608,0.08710614842087563,20000,20000,20,,
walker2d-medium-replay-v2,0,ensemble,18,26,1,7.522295232467892,12.701480154528733,0.08981302748373625,20000,20000,20,,
walker2d-medium-replay-v2,0,ensemble,18,27,1,7.758044575264484,13.166009041739548,0.09309774274577433,20000,20000,20,,
walker2d-medium-replay-v2,0,ensemble,18,28,1,7.893240578081377,13.270520604602503,0.09383675109390231,20000,20000,20,,
walker2d-medium-replay-v2,0,ensemble,18,29,1,8.140220737706674,13.481068029239326,0.09532554621112294,20000,20000,20,,
walker2d-medium-replay-v2,0,ensemble,18,30,1,8.34608465482353,13.81502593081293,0.09768698517945817,20000,20000,20,,
walker2d-medium-replay-v2,0,ensemble,18,31,1,8.535259783836535,13.889960135255862,0.09821685002050234,20000,20000,20,,
walker2d-medium-replay-v2,0,ensemble,18,32,1,8.698216575581254,14.487584645254655,0.10244269345673669,20000,20000,20,,
walker2d-medium-replay-v2,0,ensemble,18,33,1,8.91528979030125,14.872935605123846,0.10516753622533918,20000,20000,20,,
walker2d-medium-replay-v2,0,ensemble,18,34,1,9.222512358401524,15.47260218946667,0.10940781930773705,20000,20000,20,,
walker2d-medium-replay-v2,0,ensemble,18,35,1,9.416375068037183,15.087185633910135,0.10668251270758117,20000,20000,20,,
walker2d-medium-replay-v2,0,ensemble,18,36,1,9.707264596477204,16.239609870328565,0.11483138263133318,20000,20000,20,,
walker2d-medium-replay-v2,0,ensemble,18,37,1,10.00736452635829,18.22363431849952,0.12886055404474897,20000,20000,20,,
walker2d-medium-replay-v2,0,ensemble,18,38,1,10.227209393377297,18.342807095717472,0.12970323283378546,20000,20000,20,,
walker2d-medium-replay-v2,0,ensemble,18,39,1,10.51377010107071,19.098775122181284,0.1350487340125132,20000,20000,20,,
walker2d-medium-replay-v2,0,ensemble,18,40,1,10.679208190018835,19.119480900716145,0.13519514597663065,20000,20000,20,,
walker2d-medium-replay-v2,0,ensemble,18,41,1,10.909318633801252,20.429099763313815,0.1444555497617569,20000,20000,20,,
walker2d-medium-replay-v2,0,ensemble,18,42,1,11.165044064856097,21.838581096810803,0.15442208785047268,20000,20000,20,,
walker2d-medium-replay-v2,0,ensemble,18,43,1,11.587360077989885,26.403570302726393,0.18670143608593576,20000,20000,20,,
walker2d-medium-replay-v2,0,ensemble,18,44,1,12.083515432717087,32.710659704161664,0.23129929293898258,20000,20000,20,,
walker2d-medium-replay-v2,0,ensemble,18,45,1,12.614127641620405,42.7107625093151,0.3020106979998487,20000,20000,20,,
walker2d-medium-replay-v2,0,ensemble,18,46,1,13.224947319165373,58.80417537298115,0.41580831168317944,20000,20000,20,,
walker2d-medium-replay-v2,0,ensemble,18,47,1,13.444520345401187,54.60930886531307,0.3861461261457352,20000,20000,20,,
walker2d-medium-replay-v2,0,ensemble,18,48,1,13.998387883430295,68.71121515003935,0.4858616617616066,20000,20000,20,,
walker2d-medium-replay-v2,0,ensemble,18,49,1,14.527981566655933,89.45978162867738,0.632576182331055,20000,20000,20,,
walker2d-medium-replay-v2,0,ensemble,18,50,1,14.88195575599289,88.02044080667726,0.6223985057743059,20000,20000,20,,
walker2d-medium-replay-v2,0,ensemble,18,51,1,15.846024832163554,115.76693762169899,0.818595866295034,20000,20000,20,,
walker2d-medium-replay-v2,0,ensemble,18,52,1,16.274487064556194,119.59390578841273,0.8456566177157173,20000,20000,20,,
walker2d-medium-replay-v2,0,ensemble,18,53,1,17.31901924024637,152.57803597537443,1.0788896389831226,20000,20000,20,,
walker2d-medium-replay-v2,0,ensemble,18,54,1,18.02720920695632,162.96762716742813,1.1523551428396945,20000,20000,20,,
walker2d-medium-replay-v2,0,ensemble,18,55,1,19.140656687232514,208.53408056903967,1.474558624788698,20000,20000,20,,
walker2d-medium-replay-v2,0,ensemble,18,56,1,20.42397015748924,264.2886090979322,1.8688026768350852,20000,20000,20,,
walker2d-medium-replay-v2,0,ensemble,18,57,1,21.30923665263133,286.6195148937543,2.026706026017723,20000,20000,20,,
walker2d-medium-replay-v2,0,ensemble,18,58,1,22.157597479536182,282.50632988136334,1.997621415872358,20000,20000,20,,
walker2d-medium-replay-v2,0,ensemble,18,59,1,23.046113870925048,277.7238003328701,1.963803825122712,20000,20000,20,,
walker2d-medium-replay-v2,0,ensemble,18,60,1,25.188636119564716,351.58411793699617,2.4860751395074088,20000,20000,20,,
walker2d-medium-replay-v2,0,ensemble,18,61,1,25.449060994596536,316.427869847046,2.2374829252526047,20000,20000,20,,
walker2d-medium-replay-v2,0,ensemble,18,62,1,28.312126601993192,451.648475591824,3.1936369980354566,20000,20000,20,,
walker2d-medium-replay-v2,0,ensemble,18,63,1,31.063446737221,636.2586120363645,4.49902779159254,20000,20000,20,,
walker2d-medium-replay-v2,0,ensemble,18,64,1,33.29480596607277,664.2757872869914,4.6971391376866425,20000,20000,20,,
walker2d-medium-replay-v2,0,ensemble,18,65,1,37.4303455695,792.6493743302696,5.604877476922077,20000,20000,20,,
walker2d-medium-replay-v2,0,ensemble,18,66,1,42.288142263966776,823.6260568791237,5.823915699811654,20000,20000,20,,
walker2d-medium-replay-v2,0,ensemble,18,67,1,47.377844160953934,1061.0123869877075,7.502490537619333,20000,20000,20,,
walker2d-medium-replay-v2,0,ensemble,18,68,1,51.052760102946856,1262.9061172168929,8.930094794860377,20000,20000,20,,
walker2d-medium-replay-v2,0,ensemble,18,69,1,62.905130765963555,1940.858028966156,13.723938736023255,20000,20000,20,,
walker2d-medium-replay-v2,0,ensemble,18,70,1,69.16476946172851,2128.5137807196384,15.050865281958723,20000,20000,20,,
walker2d-medium-replay-v2,0,ensemble,18,71,1,80.52023642231717,2629.1900669469,18.591181253664658,20000,20000,20,,
walker2d-medium-replay-v2,0,ensemble,18,72,1,87.14197773506818,2822.941557759196,19.96121118384843,20000,20000,20,,
walker2d-medium-replay-v2,0,ensemble,18,73,1,96.62255309451783,3130.044469101618,22.13275669517201,20000,20000,20,,
walker2d-medium-replay-v2,0,ensemble,18,74,1,112.66920296020811,4000.2548236231323,28.286073122581133,20000,20000,20,,
walker2d-medium-replay-v2,0,ensemble,18,75,1,113.63981648552974,3480.0292263060073,24.60752264648352,20000,20000,20,,
walker2d-medium-replay-v2,0,ensemble,18,76,1,131.75283833848246,4521.843796107777,31.974264116941292,20000,20000,20,,
walker2d-medium-replay-v2,0,ensemble,18,77,1,155.24273904526956,6210.301853877061,43.91346554091857,20000,20000,20,,
walker2d-medium-replay-v2,0,ensemble,18,78,1,158.63742645918697,5929.770134312942,41.92980672850146,20000,20000,20,,
walker2d-medium-replay-v2,0,ensemble,18,79,1,169.20896596248247,5756.143440235668,40.70208060073103,20000,20000,20,,
walker2d-medium-replay-v2,0,ensemble,18,80,1,200.0735354165886,6899.920953225774,48.78980895677091,20000,20000,20,,
walker2d-medium-replay-v2,0,ensemble,18,81,1,223.65059040988828,7089.661392158405,50.13147646711667,20000,20000,20,,
walker2d-medium-replay-v2,0,ensemble,18,82,1,236.7803369801911,7058.670672823646,49.912338989162095,20000,20000,20,,
walker2d-medium-replay-v2,0,ensemble,18,83,1,270.8182634150828,8773.303708958187,62.03662546013422,20000,20000,20,,
walker2d-medium-replay-v2,0,ensemble,18,84,1,272.8365451997297,7502.362321927227,53.04971272753194,20000,20000,20,,
walker2d-medium-replay-v2,0,ensemble,18,85,1,359.63206613075045,11533.766385571807,81.5560442385928,20000,20000,20,,
walker2d-medium-replay-v2,0,ensemble,18,86,1,394.36761490273744,12812.073390002992,90.59503975130833,20000,20000,20,,
walker2d-medium-replay-v2,0,ensemble,18,87,1,413.52384452463707,12459.693744772303,88.10333938436104,20000,20000,20,,
walker2d-medium-replay-v2,0,ensemble,18,88,1,486.46397687406863,15287.827914433514,108.10126787908932,20000,20000,20,,
walker2d-medium-replay-v2,0,ensemble,18,89,1,551.0551082851453,17901.89190566454,126.5854916256396,20000,20000,20,,
walker2d-medium-replay-v2,0,ensemble,18,90,1,661.4213750029378,24108.84709854414,170.47529269970184,20000,20000,20,,
walker2d-medium-replay-v2,0,ensemble,18,91,1,730.2951405582536,24085.47319863488,170.3100142684157,20000,20000,20,,
walker2d-medium-replay-v2,0,ensemble,18,92,1,727.4677754169066,19477.155283194523,137.72428578970238,20000,20000,20,,
walker2d-medium-replay-v2,0,ensemble,18,93,1,905.749495170513,27149.174142188804,191.97365139556172,20000,20000,20,,
walker2d-medium-replay-v2,0,ensemble,18,94,1,1009.6776888957074,30718.808436535728,217.21477755444937,20000,20000,20,,
walker2d-medium-replay-v2,0,ensemble,18,95,1,1119.2350668296815,34179.03201433048,241.68225311725183,20000,20000,20,,
walker2d-medium-replay-v2,0,ensemble,18,96,1,1321.7794979987782,47090.66483670624,332.98128436617884,20000,20000,20,,
walker2d-medium-replay-v2,0,ensemble,18,97,1,1494.2658403754092,51101.1521350651,361.33971201149956,20000,20000,20,,
walker2d-medium-replay-v2,0,ensemble,18,98,1,1732.3043535516788,64610.00057890691,456.86169541811836,20000,20000,20,,
walker2d-medium-replay-v2,0,ensemble,18,99,1,1988.4888202696395,76558.99176519013,541.3538223797099,20000,20000,20,,
walker2d-medium-replay-v2,0,ensemble,18,100,1,2114.9096757699836,82566.60389990863,583.8340551716904,20000,20000,20,,
walker2d-medium-replay-v2,0,ensemble,19,1,1,0.9692558883707557,1.9318092260296729,0.013659954036843176,20000,20000,20,,
walker2d-medium-replay-v2,0,ensemble,19,2,1,1.4110434278095312,2.7479076620411518,0.0194306414190377,20000,20000,20,,
walker2d-medium-replay-v2,0,ensemble,19,3,1,1.77412362122171,3.514081139344119,0.024848306032699753,20000,20000,20,,
walker2d-medium-replay-v2,0,ensemble,19,4,1,2.0811641040593596,4.069855089226558,0.028778221320386807,20000,20000,20,,
walker2d-medium-replay-v2,0,ensemble,19,5,1,2.366701038809548,4.584306386627546,0.03241594133021136,20000,20000,20,,
walker2d-medium-replay-v2,0,ensemble,19,6,1,2.66544531630526,5.267881170616845,0.037249544982280995,20000,20000,20,,
walker2d-medium-replay-v2,0,ensemble,19,7,1,3.0163638138109685,5.998357496942386,0.04241479262069127,20000,20000,20,,
walker2d-medium-replay-v2,0,ensemble,19,8,1,3.3319910894749007,6.5528316490541565,0.0463355169502002,20000,20000,20,,
walker2d-medium-replay-v2,0,ensemble,19,9,1,3.6176165401959297,6.979272414359726,0.0493509085194197,20000,20000,20,,
walker2d-medium-replay-v2,0,ensemble,19,10,1,3.896632530584504,7.281632787802628,0.05148891922365542,20000,20000,20,,
walker2d-medium-replay-v2,0,ensemble,19,11,1,4.119365194966053,7.756404744069406,0.05484606392158985,20000,20000,20,,
walker2d-medium-replay-v2,0,ensemble,19,12,1,4.401072417863513,8.151553257707777,0.057640185857284615,20000,20000,20,,
walker2d-medium-replay-v2,0,ensemble,19,13,1,4.614079493826609,8.627046778676752,0.061002432788158915,20000,20000,20,,
walker2d-medium-replay-v2,0,ensemble,19,14,1,4.832986792970773,8.729764708296365,0.061728758233993625,20000,20000,20,,
walker2d-medium-replay-v2,0,ensemble,19,15,1,5.001485884169509,9.175007459285371,0.06487709991897843,20000,20000,20,,
walker2d-medium-replay-v2,0,ensemble,19,16,1,5.23558195664043,9.638845760579674,0.06815693200117093,20000,20000,20,,
walker2d-medium-replay-v2,0,ensemble,19,17,1,5.476974987801938,9.789043826810321,0.06921899271269889,20000,20000,20,,
walker2d-medium-replay-v2,0,ensemble,19,18,1,5.687936220820074,10.197221634922256,0.072105245673157,20000,20000,20,,
walker2d-medium-replay-v2,0,ensemble,19,19,1,5.932310950223839,10.484781362330882,0.07413860000562494,20000,20000,20,,
walker2d-medium-replay-v2,0,ensemble,19,20,1,6.227074830306902,11.162646194903427,0.07893182820402425,20000,20000,20,,
walker2d-medium-replay-v2,0,ensemble,19,21,1,6.458967340989041,11.52325880870395,0.0814817444500218,20000,20000,20,,
walker2d-medium-replay-v2,0,ensemble,19,22,1,6.663689230471478,11.795605803200132,0.08340752851646206,20000,20000,20,,
walker2d-medium-replay-v2,0,ensemble,19,23,1,6.879195013389546,12.548611258114677,0.08873208115086742,20000,20000,20,,
walker2d-medium-replay-v2,0,ensemble,19,24,1,7.121130314339511,13.225509826049311,0.09351847682648784,20000,20000,20,,
walker2d-medium-replay-v2,0,ensemble,19,25,1,7.409514344727219,13.716949537134141,0.09699348034901226,20000,20000,20,,
walker2d-medium-replay-v2,0,ensemble,19,26,1,7.610071987590796,14.012258971423433,0.09908163338435547,20000,20000,20,,
walker2d-medium-replay-v2,0,ensemble,19,27,1,7.781129674099824,14.082965198834943,0.09958160191310343,20000,20000,20,,
walker2d-medium-replay-v2,0,ensemble,19,28,1,8.030721324004949,16.059350247564744,0.11355675461502891,20000,20000,20,,
walker2d-medium-replay-v2,0,ensemble,19,29,1,8.320358244712821,19.756274007146395,0.13969795321432743,20000,20000,20,,
walker2d-medium-replay-v2,0,ensemble,19,30,1,8.679280134497816,27.157480503541905,0.19203238623995936,20000,20000,20,,
walker2d-medium-replay-v2,0,ensemble,19,31,1,8.969597792766955,39.29400346029284,0.2778505630674073,20000,20000,20,,
walker2d-medium-replay-v2,0,ensemble,19,32,1,9.127603463575715,38.62864587924053,0.27314577449264765,20000,20000,20,,
walker2d-medium-replay-v2,0,ensemble,19,33,1,9.383241660425076,37.152489097625924,0.26270776978890564,20000,20000,20,,
walker2d-medium-replay-v2,0,ensemble,19,34,1,9.628885756289096,34.06387992570054,0.2408680048898716,20000,20000,20,,
walker2d-medium-replay-v2,0,ensemble,19,35,1,10.076599203400518,56.70859079491408,0.40099029102616773,20000,20000,20,,
walker2d-medium-replay-v2,0,ensemble,19,36,1,10.391918090607023,61.97678498092874,0.4382420493615528,20000,20000,20,,
walker2d-medium-replay-v2,0,ensemble,19,37,1,10.988915976108359,101.52045460404717,0.7178580187966281,20000,20000,20,,
walker2d-medium-replay-v2,0,ensemble,19,38,1,11.332894779992191,95.40281722132896,0.6745997900150245,20000,20000,20,,
walker2d-medium-replay-v2,0,ensemble,19,39,1,11.942290171125812,142.4155665572784,1.0070301285917564,20000,20000,20,,
walker2d-medium-replay-v2,0,ensemble,19,40,1,12.95508710054779,236.46686654299825,1.672073248584884,20000,20000,20,,
walker2d-medium-replay-v2,0,ensemble,19,41,1,14.530849092033844,399.2711993239899,2.823273725744789,20000,20000,20,,
walker2d-medium-replay-v2,0,ensemble,19,42,1,14.579734882351447,379.3865045874844,2.682667700844714,20000,20000,20,,
walker2d-medium-replay-v2,0,ensemble,19,43,1,14.617890638199658,330.13167116893055,2.3343834336799825,20000,20000,20,,
walker2d-medium-replay-v2,0,ensemble,19,44,1,15.109517442376507,327.60277003259637,2.3165014022554598,20000,20000,20,,
walker2d-medium-replay-v2,0,ensemble,19,45,1,15.008577025027535,282.23232904048234,1.9956839373459803,20000,20000,20,,
walker2d-medium-replay-v2,0,ensemble,19,46,1,15.340703674029344,285.3339278833667,2.017615553089219,20000,20000,20,,
walker2d-medium-replay-v2,0,ensemble,19,47,1,16.44561571237378,355.5191318072107,2.513899889424327,20000,20000,20,,
walker2d-medium-replay-v2,0,ensemble,19,48,1,18.00419430115234,466.46673601659023,3.298417922352861,20000,20000,20,,
walker2d-medium-replay-v2,0,ensemble,19,49,1,19.362045603915266,535.3004951720943,3.7851461010870464,20000,20000,20,,
walker2d-medium-replay-v2,0,ensemble,19,50,1,21.295343601555636,720.21361634498,5.092679320204218,20000,20000,20,,
walker2d-medium-replay-v2,0,ensemble,19,51,1,25.666716261089423,1133.6726947816126,8.016276501261054,20000,20000,20,,
walker2d-medium-replay-v2,0,ensemble,19,52,1,33.556218341389794,2051.8261295041743,14.508601699881488,20000,20000,20,,
walker2d-medium-replay-v2,0,ensemble,19,53,1,45.40056194800763,3525.3243122388712,24.927807270659077,20000,20000,20,,
walker2d-medium-replay-v2,0,ensemble,19,54,1,46.00698688925821,3516.0200861250582,24.862016456871373,20000,20000,20,,
walker2d-medium-replay-v2,0,ensemble,19,55,1,44.937611906387374,3216.74259351563,22.745805012065038,20000,20000,20,,
walker2d-medium-replay-v2,0,ensemble,19,56,1,44.14244425306964,2898.3358027162208,20.49432900256395,20000,20000,20,,
walker2d-medium-replay-v2,0,ensemble,19,57,1,48.23418089646256,3322.74251469015,23.495337642742466,20000,20000,20,,
walker2d-medium-replay-v2,0,ensemble,19,58,1,66.58941668975669,5593.605942704649,39.55276693371828,20000,20000,20,,
walker2d-medium-replay-v2,0,ensemble,19,59,1,55.9980659639203,3918.9746582887524,27.711335561742096,20000,20000,20,,
walker2d-medium-replay-v2,0,ensemble,19,60,1,74.12240753578345,5950.345603106049,42.075297263598436,20000,20000,20,,
walker2d-medium-replay-v2,0,ensemble,19,61,1,107.35482344975112,10117.48717412318,71.5414378939042,20000,20000,20,,
walker2d-medium-replay-v2,0,ensemble,19,62,1,103.95082294515016,9221.842235849246,65.20827180001515,20000,20000,20,,
walker2d-medium-replay-v2,0,ensemble,19,63,1,98.52367543526893,7386.5107100225705,52.230518123640195,20000,20000,20,,
walker2d-medium-replay-v2,0,ensemble,19,64,1,106.86064110278713,8370.909661649765,59.19126986452537,20000,20000,20,,
walker2d-medium-replay-v2,0,ensemble,19,65,1,112.76061439118497,8892.841501048206,62.881885294083425,20000,20000,20,,
walker2d-medium-replay-v2,0,ensemble,19,66,1,152.29221733352196,13337.541356399213,94.31065937465907,20000,20000,20,,
walker2d-medium-replay-v2,0,ensemble,19,67,1,160.88797231400096,14170.928107802776,100.20359360734393,20000,20000,20,,
walker2d-medium-replay-v2,0,ensemble,19,68,1,148.00348068637626,11889.806248152134,84.07362625062557,20000,20000,20,,
walker2d-medium-replay-v2,0,ensemble,19,69,1,429.9109023848825,49078.10738477625,347.0346253957686,20000,20000,20,,
walker2d-medium-replay-v2,0,ensemble,19,70,1,369.93305305101154,38793.53579271416,274.3117222523123,20000,20000,20,,
walker2d-medium-replay-v2,0,ensemble,19,71,1,537.7397594866144,61944.20456751245,438.0116710489476,20000,20000,20,,
walker2d-medium-replay-v2,0,ensemble,19,72,1,574.4053120052587,64768.238762934685,457.9806083478052,20000,20000,20,,
walker2d-medium-replay-v2,0,ensemble,19,73,1,520.1422094023034,55550.17277887575,392.799038680274,20000,20000,20,,
walker2d-medium-replay-v2,0,ensemble,19,74,1,588.2945343126514,63385.79082782487,448.20522525227034,20000,20000,20,,
walker2d-medium-replay-v2,0,ensemble,19,75,1,532.26582454843,50892.94599434577,359.86747227162635,20000,20000,20,,
walker2d-medium-replay-v2,0,ensemble,19,76,1,565.0077179162067,51933.50271526616,367.2253194073468,20000,20000,20,,
walker2d-medium-replay-v2,0,ensemble,19,77,1,724.7135382335465,67913.00040646674,480.2174311813739,20000,20000,20,,
walker2d-medium-replay-v2,0,ensemble,19,78,1,640.7302597644208,52849.10248537575,373.6995874703201,20000,20000,20,,
walker2d-medium-replay-v2,0,ensemble,19,79,1,788.0479470362156,70355.89745702174,497.49132188325444,20000,20000,20,,
walker2d-medium-replay-v2,0,ensemble,19,80,1,830.4586745875241,63992.28296500168,452.49377228161075,20000,20000,20,,
walker2d-medium-replay-v2,0,ensemble,19,81,1,1116.6518319381885,86883.36756392782,614.358183767767,20000,20000,20,,
walker2d-medium-replay-v2,0,ensemble,19,82,1,1274.4428497384572,90840.59831641246,642.3400307657852,20000,20000,20,,
walker2d-medium-replay-v2,0,ensemble,19,83,1,1369.3304335192568,93203.85100874589,659.0507508098485,20000,20000,20,,
walker2d-medium-replay-v2,0,ensemble,19,84,1,1727.1556904581464,135486.32483499707,958.0329904886977,20000,20000,20,,
walker2d-medium-replay-v2,0,ensemble,19,85,1,2326.303394687906,190166.99822804134,1344.6837400493819,20000,20000,20,,
walker2d-medium-replay-v2,0,ensemble,19,86,1,2255.7995179213644,175882.22348520227,1243.6751291655437,20000,20000,20,,
walker2d-medium-replay-v2,0,ensemble,19,87,1,2026.302950988613,149833.91226162683,1059.4857541190652,20000,20000,20,,
walker2d-medium-replay-v2,0,ensemble,19,88,1,2288.4690280534214,161870.13447102087,1144.5946975603717,20000,20000,20,,
walker2d-medium-replay-v2,0,ensemble,19,89,1,1975.3972263682456,130144.67269431126,920.261805974512,20000,20000,20,,
walker2d-medium-replay-v2,0,ensemble,19,90,1,2315.706485614213,140325.26634593162,992.2494740501667,20000,20000,20,,
walker2d-medium-replay-v2,0,ensemble,19,91,1,2722.019792377106,159280.48591370851,1126.2831170027164,20000,20000,20,,
walker2d-medium-replay-v2,0,ensemble,19,92,1,3529.3406443789722,230915.25427020367,1632.8174217387689,20000,20000,20,,
walker2d-medium-replay-v2,0,ensemble,19,93,1,3281.835760301409,201890.28606087927,1427.5799032933965,20000,20000,20,,
walker2d-medium-replay-v2,0,ensemble,19,94,1,4573.976089390644,348614.25225550984,2465.0750178814865,20000,20000,20,,
walker2d-medium-replay-v2,0,ensemble,19,95,1,5823.053925852529,444689.4414526708,3144.429195732417,20000,20000,20,,
walker2d-medium-replay-v2,0,ensemble,19,96,1,12537.703285881495,1262508.141975639,8927.280684942027,20000,20000,20,,
walker2d-medium-replay-v2,0,ensemble,19,97,1,13014.114324641743,1124876.5446987129,7954.078327541524,20000,20000,20,,
walker2d-medium-replay-v2,0,ensemble,19,98,1,13165.756829231766,1121647.039834729,7931.242279649544,20000,20000,20,,
walker2d-medium-replay-v2,0,ensemble,19,99,1,16959.48728203621,1443514.8504424794,10207.191394913621,20000,20000,20,,
walker2d-medium-replay-v2,0,ensemble,19,100,1,15663.869589166407,1270344.3974557149,8982.691378832747,20000,20000,20,,
walker2d-medium-replay-v2,0,rnn,0,1,5,0.08232206123489808,0.25254185811145874,0.0017857406040406338,20000,20000,20,,
walker2d-medium-replay-v2,0,rnn,0,2,2,0.14786929575124497,0.4225962068444463,0.0029882064356342086,20000,20000,20,,
walker2d-medium-replay-v2,0,rnn,0,3,2,0.21391298010102136,0.6451121138190715,0.004561631503070533,20000,20000,20,,
walker2d-medium-replay-v2,0,rnn,0,4,5,0.2574424352542777,0.7521143781322122,0.005318251770051904,20000,20000,20,,
walker2d-medium-replay-v2,0,rnn,0,5,3,0.3117815887057377,0.9084827838687413,0.006423943370648196,20000,20000,20,,
walker2d-medium-replay-v2,0,rnn,0,6,4,0.3739190382614204,1.044467360868381,0.00738549953598049,20000,20000,20,,
walker2d-medium-replay-v2,0,rnn,0,7,1,0.5400993193220842,1.411901569166737,0.00998365173925727,20000,20000,20,,
walker2d-medium-replay-v2,0,rnn,0,8,2,0.6024580248026187,1.6045627717625552,0.011345972167527854,20000,20000,20,,
walker2d-medium-replay-v2,0,rnn,0,9,2,0.6704521978847913,1.7044385724263307,0.012052200726785768,20000,20000,20,,
walker2d-medium-replay-v2,0,rnn,0,10,1,0.8132515225208815,1.9315210508767342,0.013657916330795052,20000,20000,20,,
walker2d-medium-replay-v2,0,rnn,0,11,2,0.8910093850355657,2.1683186818057214,0.015332328436783014,20000,20000,20,,
walker2d-medium-replay-v2,0,rnn,0,12,3,0.9631737365817374,2.3528036648708395,0.016636834262307318,20000,20000,20,,
walker2d-medium-replay-v2,0,rnn,0,13,5,1.0439978863193662,2.541096241176499,0.01796826383783549,20000,20000,20,,
walker2d-medium-replay-v2,0,rnn,0,14,2,1.1286094883456035,2.706181249044806,0.019135591123194635,20000,20000,20,,
walker2d-medium-replay-v2,0,rnn,0,15,1,1.2336812252171157,2.825943403064419,0.019982437435562394,20000,20000,20,,
walker2d-medium-replay-v2,0,rnn,0,16,4,1.2738495275167112,2.8621901456448975,0.02023874061030819,20000,20000,20,,
walker2d-medium-replay-v2,0,rnn,0,17,3,1.3362612885258167,2.960574137864827,0.020934420490897356,20000,20000,20,,
walker2d-medium-replay-v2,0,rnn,0,18,5,1.3724029590011821,2.9410532535130582,0.02079638699389842,20000,20000,20,,
walker2d-medium-replay-v2,0,rnn,0,19,5,1.4626391444656381,3.1868442939526176,0.02253439210839551,20000,20000,20,,
walker2d-medium-replay-v2,0,rnn,0,20,2,1.5176502598660444,3.1761482122037976,0.022458759389028346,20000,20000,20,,
walker2d-medium-replay-v2,0,rnn,0,21,3,1.5772122317307644,3.2402507580857822,0.02291203283787308,20000,20000,20,,
walker2d-medium-replay-v2,0,rnn,0,22,2,1.6451301171458907,3.3364608019757456,0.023592340582401564,20000,20000,20,,
walker2d-medium-replay-v2,0,rnn,0,23,1,1.7565524500831096,3.5119049397100532,0.02483291797751512,20000,20000,20,,
walker2d-medium-replay-v2,0,rnn,0,24,1,1.8389011571169154,3.6439969991669465,0.02576694988734378,20000,20000,20,,
walker2d-medium-replay-v2,0,rnn,0,25,5,1.9088527746708306,3.6566709912183115,0.025856568544586022,20000,20000,20,,
walker2d-medium-replay-v2,0,rnn,0,26,2,1.9837693594099892,3.759877622844989,0.026586349635452478,20000,20000,20,,
walker2d-medium-replay-v2,0,rnn,0,27,3,2.0651327230574745,3.9418275537225504,0.027872929935051954,20000,20000,20,,
walker2d-medium-replay-v2,0,rnn,0,28,5,2.1375286057335483,4.0412398061301165,0.02857588071315614,20000,20000,20,,
walker2d-medium-replay-v2,0,rnn,0,29,1,2.2111028836118116,4.055144179021225,0.02867419947675063,20000,20000,20,,
walker2d-medium-replay-v2,0,rnn,0,30,5,2.270876501785196,4.202834447297611,0.02971852737888556,20000,20000,20,,
walker2d-medium-replay-v2,0,rnn,0,31,5,2.3532830512097447,4.345051604274004,0.030724154539876352,20000,20000,20,,
walker2d-medium-replay-v2,0,rnn,0,32,5,2.463678623862333,4.472901078676326,0.031628186843086534,20000,20000,20,,
walker2d-medium-replay-v2,0,rnn,0,33,3,2.5393519523862436,4.645060679712735,0.03284553905647868,20000,20000,20,,
walker2d-medium-replay-v2,0,rnn,0,34,4,2.620365500813567,4.6615029934278125,0.03296180377174197,20000,20000,20,,
walker2d-medium-replay-v2,0,rnn,0,35,1,2.712430465724277,4.70152422442887,0.03324479661006478,20000,20000,20,,
walker2d-medium-replay-v2,0,rnn,0,36,2,2.789398844997579,4.818687921988907,0.034073269060600694,20000,20000,20,,
walker2d-medium-replay-v2,0,rnn,0,37,2,2.8696765279964924,4.917192332284574,0.034769800425569174,20000,20000,20,,
walker2d-medium-replay-v2,0,rnn,0,38,2,2.965274074908801,5.006167075953565,0.035398946871595956,20000,20000,20,,
walker2d-medium-replay-v2,0,rnn,0,39,3,3.1175147365587397,5.226764838906268,0.03695880861258035,20000,20000,20,,
walker2d-medium-replay-v2,0,rnn,0,40,2,3.2201157621724206,5.3693385541877205,0.0379669570215251,20000,20000,20,,
walker2d-medium-replay-v2,0,rnn,0,41,4,3.3060409819822185,5.510014534201801,0.03896168641570529,20000,20000,20,,
walker2d-medium-replay-v2,0,rnn,0,42,3,3.387481586852361,5.622327837029702,0.039755861396175964,20000,20000,20,,
walker2d-medium-replay-v2,0,rnn,0,43,5,3.4410727797126164,5.7141885885598045,0.040405414999494245,20000,20000,20,,
walker2d-medium-replay-v2,0,rnn,0,44,4,3.492933680560287,5.675309726783908,0.04013049993142873,20000,20000,20,,
walker2d-medium-replay-v2,0,rnn,0,45,2,3.569185206764831,5.724226922228326,0.04047639673758249,20000,20000,20,,
walker2d-medium-replay-v2,0,rnn,0,46,1,3.665751563280748,5.781203640019585,0.04087928297278201,20000,20000,20,,
walker2d-medium-replay-v2,0,rnn,0,47,4,3.733882525632995,5.85839208006421,0.04142508766662966,20000,20000,20,,
walker2d-medium-replay-v2,0,rnn,0,48,4,3.8135544775145522,5.976933503113767,0.042263302107528114,20000,20000,20,,
walker2d-medium-replay-v2,0,rnn,0,49,2,3.915772822714065,6.064168812413291,0.0428801488951741,20000,20000,20,,
walker2d-medium-replay-v2,0,rnn,0,50,2,4.036401348756436,6.294813428148521,0.04451105261347957,20000,20000,20,,
walker2d-medium-replay-v2,0,rnn,0,51,1,4.127152018552627,6.368351300918889,0.045031043898579176,20000,20000,20,,
walker2d-medium-replay-v2,0,rnn,0,52,2,4.203745240468042,6.475779822168936,0.04579067825726669,20000,20000,20,,
walker2d-medium-replay-v2,0,rnn,0,53,3,4.251180760630615,6.542007152174824,0.04625897619873712,20000,20000,20,,
walker2d-medium-replay-v2,0,rnn,0,54,2,4.3534794597353,6.607873884247332,0.0467247243277678,20000,20000,20,,
walker2d-medium-replay-v2,0,rnn,0,55,1,4.4766124211106355,6.7856271921910905,0.04798163002202152,20000,20000,20,,
walker2d-medium-replay-v2,0,rnn,0,56,1,4.630456898335352,6.938721523125493,0.04906417041767086,20000,20000,20,,
walker2d-medium-replay-v2,0,rnn,0,57,5,4.678307631207948,6.944782702291854,0.04910702942657606,20000,20000,20,,
walker2d-medium-replay-v2,0,rnn,0,58,1,4.796143980474217,7.018985049987347,0.049631719258930514,20000,20000,20,,
walker2d-medium-replay-v2,0,rnn,0,59,3,4.8781987832532945,7.066223342802914,0.049965744430746147,20000,20000,20,,
walker2d-medium-replay-v2,0,rnn,0,60,2,4.97842934867126,7.244762946330096,0.05122821007439042,20000,20000,20,,
walker2d-medium-replay-v2,0,rnn,0,61,4,5.043281899500265,7.1991144367589115,0.05090542636770199,20000,20000,20,,
walker2d-medium-replay-v2,0,rnn,0,62,1,5.180489574295733,7.286332509272419,0.0515221512728652,20000,20000,20,,
walker2d-medium-replay-v2,0,rnn,0,63,3,5.253989819932785,7.385628787859141,0.0522242819922178,20000,20000,20,,
walker2d-medium-replay-v2,0,rnn,0,64,1,5.370249350700666,7.468284287997544,0.052808744638720095,20000,20000,20,,
walker2d-medium-replay-v2,0,rnn,0,65,1,5.4698863750445454,7.614637561455975,0.05384361855983316,20000,20000,20,,
walker2d-medium-replay-v2,0,rnn,0,66,2,5.5380033882085495,7.686688342470194,0.05435309451828257,20000,20000,20,,
walker2d-medium-replay-v2,0,rnn,0,67,2,5.597768671481727,7.746538147737486,0.05477629654985454,20000,20000,20,,
walker2d-medium-replay-v2,0,rnn,0,68,5,5.713797832492308,7.765454826340653,0.054910057667032795,20000,20000,20,,
walker2d-medium-replay-v2,0,rnn,0,69,1,5.857509268043183,7.928171726263402,0.05606063990052308,20000,20000,20,,
walker2d-medium-replay-v2,0,rnn,0,70,5,5.949054539919709,8.001440969048199,0.056578731684778415,20000,20000,20,,
walker2d-medium-replay-v2,0,rnn,0,71,2,6.0375907456958275,8.135317655549771,0.05752538281345889,20000,20000,20,,
walker2d-medium-replay-v2,0,rnn,0,72,3,6.090791679943517,8.319860077778271,0.05883029479520252,20000,20000,20,,
walker2d-medium-replay-v2,0,rnn,0,73,4,6.2033592689879296,8.475707452042295,0.05993230214692461,20000,20000,20,,
walker2d-medium-replay-v2,0,rnn,0,74,5,6.309354023641784,8.450980237244938,0.059757454334293934,20000,20000,20,,
walker2d-medium-replay-v2,0,rnn,0,75,4,6.3939221307200755,8.618698256239377,0.06094339981987535,20000,20000,20,,
walker2d-medium-replay-v2,0,rnn,0,76,3,6.433769757456026,8.696960672641392,0.06149679867337446,20000,20000,20,,
walker2d-medium-replay-v2,0,rnn,0,77,4,6.509929177960295,8.711080921445195,0.06159664391018656,20000,20000,20,,
walker2d-medium-replay-v2,0,rnn,0,78,5,6.626272096778625,8.928989192003653,0.06313748806807175,20000,20000,20,,
walker2d-medium-replay-v2,0,rnn,0,79,1,6.790282930380668,9.114437708431627,0.0644488071033438,20000,20000,20,,
walker2d-medium-replay-v2,0,rnn,0,80,5,6.865986198118587,9.396464915403376,0.06644304060863206,20000,20000,20,,
walker2d-medium-replay-v2,0,rnn,0,81,5,6.971131106644601,9.531629870083162,0.06739880116896055,20000,20000,20,,
walker2d-medium-replay-v2,0,rnn,0,82,4,7.055784368425728,9.532736988210061,0.0674066296763116,20000,20000,20,,
walker2d-medium-replay-v2,0,rnn,0,83,5,7.200658755709632,9.895981159925482,0.06997515384677624,20000,20000,20,,
walker2d-medium-replay-v2,0,rnn,0,84,3,7.320372404176277,10.023194467034306,0.0708746877679144,20000,20000,20,,
walker2d-medium-replay-v2,0,rnn,0,85,3,7.415163839818343,10.067430321501565,0.0711874824945682,20000,20000,20,,
walker2d-medium-replay-v2,0,rnn,0,86,3,7.5273513291702505,10.373606219782348,0.07335247303367044,20000,20000,20,,
walker2d-medium-replay-v2,0,rnn,0,87,3,7.64165075086104,10.198772354072739,0.07211621091342722,20000,20000,20,,
walker2d-medium-replay-v2,0,rnn,0,88,3,7.76916623887477,10.656162958744067,0.07535045089556834,20000,20000,20,,
walker2d-medium-replay-v2,0,rnn,0,89,1,7.913749550992303,11.052443962823679,0.07815258074796941,20000,20000,20,,
walker2d-medium-replay-v2,0,rnn,0,90,3,7.951421428772433,10.863672569208447,0.07681776542277576,20000,20000,20,,
walker2d-medium-replay-v2,0,rnn,0,91,3,8.07551858605603,10.895055186730133,0.07703967403938543,20000,20000,20,,
walker2d-medium-replay-v2,0,rnn,0,92,4,8.218258967400406,11.092696253385117,0.07843720742411225,20000,20000,20,,
walker2d-medium-replay-v2,0,rnn,0,93,4,8.414600010516338,11.382808170715064,0.08048860846458261,20000,20000,20,,
walker2d-medium-replay-v2,0,rnn,0,94,5,8.582534664771616,11.324377496142292,0.08007544120238551,20000,20000,20,,
walker2d-medium-replay-v2,0,rnn,0,95,5,8.760835346800103,11.514181411996441,0.0814175575623478,20000,20000,20,,
walker2d-medium-replay-v2,0,rnn,0,96,2,8.874645447109963,11.935963432039378,0.08440000682789701,20000,20000,20,,
walker2d-medium-replay-v2,0,rnn,0,97,1,9.02529424346893,12.31849414351057,0.08710490742883095,20000,20000,20,,
walker2d-medium-replay-v2,0,rnn,0,98,5,9.09444788550516,12.453289613383472,0.08805805533703451,20000,20000,20,,
walker2d-medium-replay-v2,0,rnn,0,99,5,9.276012688467535,12.342125246207788,0.08727200455847214,20000,20000,20,,
walker2d-medium-replay-v2,0,rnn,0,100,3,9.315654748167296,12.324874986334349,0.08715002680113475,20000,20000,20,,
walker2d-medium-replay-v2,0,rnn,1,1,5,0.08295938023074287,0.2570761208496914,0.0018178026833394916,20000,20000,20,,
walker2d-medium-replay-v2,0,rnn,1,2,4,0.12980521572400971,0.3984925097241863,0.0028177675587801837,20000,20000,20,,
walker2d-medium-replay-v2,0,rnn,1,3,2,0.19550563032850773,0.5823508945256818,0.004117842665491615,20000,20000,20,,
walker2d-medium-replay-v2,0,rnn,1,4,2,0.26448134380533744,0.7706227444186781,0.005449125683150349,20000,20000,20,,
walker2d-medium-replay-v2,0,rnn,1,5,5,0.3186784013284441,0.9503140152698862,0.006719734844539528,20000,20000,20,,
walker2d-medium-replay-v2,0,rnn,1,6,1,0.4653812129777615,1.1800708440095475,0.008344360960796835,20000,20000,20,,
walker2d-medium-replay-v2,0,rnn,1,7,3,0.5163337360596049,1.394546469129784,0.009860932650014266,20000,20000,20,,
walker2d-medium-replay-v2,0,rnn,1,8,2,0.5841221508073208,1.498465069388509,0.010595748119357852,20000,20000,20,,
walker2d-medium-replay-v2,0,rnn,1,9,3,0.6566900465439586,1.6857963212140796,0.01192038010429811,20000,20000,20,,
walker2d-medium-replay-v2,0,rnn,1,10,2,0.7379087676696827,1.8195902800591963,0.012866446260109868,20000,20000,20,,
walker2d-medium-replay-v2,0,rnn,1,11,4,0.8123705932711629,2.011059867122295,0.014220340694142918,20000,20000,20,,
walker2d-medium-replay-v2,0,rnn,1,12,4,0.8657090141441799,2.106664578350451,0.014896368090371027,20000,20000,20,,
walker2d-medium-replay-v2,0,rnn,1,13,2,0.9462560528949362,2.288966015086255,0.016185433911730402,20000,20000,20,,
walker2d-medium-replay-v2,0,rnn,1,14,2,1.0192005376053275,2.392185808427979,0.01691530806997647,20000,20000,20,,
walker2d-medium-replay-v2,0,rnn,1,15,3,1.0872435464473789,2.5606763875577947,0.018106716380663884,20000,20000,20,,
walker2d-medium-replay-v2,0,rnn,1,16,1,1.1981536461929982,2.6533985557975197,0.01876236111995018,20000,20000,20,,
walker2d-medium-replay-v2,0,rnn,1,17,2,1.2739026959124748,2.842665758778617,0.020100682346791625,20000,20000,20,,
walker2d-medium-replay-v2,0,rnn,1,18,4,1.3156851618771743,2.9112918426729135,0.020585942039670964,20000,20000,20,,
walker2d-medium-replay-v2,0,rnn,1,19,3,1.3932156092166559,3.044184824425667,0.021525637325365686,20000,20000,20,,
walker2d-medium-replay-v2,0,rnn,1,20,1,1.523318300197499,3.1439883605028784,0.02223135489683161,20000,20000,20,,
walker2d-medium-replay-v2,0,rnn,1,21,5,1.5927153374845533,3.3133377810095594,0.023428836133134474,20000,20000,20,,
walker2d-medium-replay-v2,0,rnn,1,22,1,1.7009926379513687,3.477596181369128,0.024590318420745532,20000,20000,20,,
walker2d-medium-replay-v2,0,rnn,1,23,1,1.7855625045827606,3.5443687477358004,0.025062471765496558,20000,20000,20,,
walker2d-medium-replay-v2,0,rnn,1,24,4,1.8676500327148977,3.6745710713429935,0.025983141224985476,20000,20000,20,,
walker2d-medium-replay-v2,0,rnn,1,25,2,1.9535668672537096,3.775433365728857,0.026696345348248253,20000,20000,20,,
walker2d-medium-replay-v2,0,rnn,1,26,2,2.0368292654377185,3.8630532513133833,0.027315911500884332,20000,20000,20,,
walker2d-medium-replay-v2,0,rnn,1,27,4,2.1156368267383745,4.038990682813608,0.028559977009667864,20000,20000,20,,
walker2d-medium-replay-v2,0,rnn,1,28,4,2.1756528684593226,4.110571902363748,0.029066132667162934,20000,20000,20,,
walker2d-medium-replay-v2,0,rnn,1,29,5,2.2232300762923987,4.2498837730463315,0.030051216351757313,20000,20000,20,,
walker2d-medium-replay-v2,0,rnn,1,30,5,2.2612652338031367,4.293735123708779,0.03036129222593337,20000,20000,20,,
walker2d-medium-replay-v2,0,rnn,1,31,2,2.3201077409258075,4.331976354688526,0.03063169856340037,20000,20000,20,,
walker2d-medium-replay-v2,0,rnn,1,32,3,2.4108390119706624,4.48076267312747,0.031683776710559955,20000,20000,20,,
walker2d-medium-replay-v2,0,rnn,1,33,4,2.501954117311744,4.585066084252249,0.03242131320363215,20000,20000,20,,
walker2d-medium-replay-v2,0,rnn,1,34,1,2.6274609859677405,4.698365102202753,0.033222458242577926,20000,20000,20,,
walker2d-medium-replay-v2,0,rnn,1,35,5,2.7174249667703445,4.770051013193018,0.03372935418034544,20000,20000,20,,
walker2d-medium-replay-v2,0,rnn,1,36,2,2.8212439540306335,4.92585680056742,0.034831067468350935,20000,20000,20,,
walker2d-medium-replay-v2,0,rnn,1,37,1,2.9168599942161397,5.029153626654713,0.03556148633036466,20000,20000,20,,
walker2d-medium-replay-v2,0,rnn,1,38,4,2.9674831092832905,5.057880331357223,0.035764614807327545,20000,20000,20,,
walker2d-medium-replay-v2,0,rnn,1,39,5,3.0641010929092203,5.298325059002246,0.03746481578151103,20000,20000,20,,
walker2d-medium-replay-v2,0,rnn,1,40,3,3.1748257527435255,5.291321660793797,0.037415294277865586,20000,20000,20,,
walker2d-medium-replay-v2,0,rnn,1,41,3,3.2394673235909983,5.374172939483497,0.03800114128778022,20000,20000,20,,
walker2d-medium-replay-v2,0,rnn,1,42,2,3.3033601167748827,5.3557060908044765,0.03787056094849941,20000,20000,20,,
walker2d-medium-replay-v2,0,rnn,1,43,3,3.380686207723642,5.470964162260889,0.038685558587632535,20000,20000,20,,
walker2d-medium-replay-v2,0,rnn,1,44,1,3.482864143841388,5.5929450694102965,0.03954809385383886,20000,20000,20,,
walker2d-medium-replay-v2,0,rnn,1,45,4,3.574143752291143,5.74330058240063,0.04061126788208133,20000,20000,20,,
walker2d-medium-replay-v2,0,rnn,1,46,2,3.6408946273582345,5.878399755736635,0.04156656329806719,20000,20000,20,,
walker2d-medium-replay-v2,0,rnn,1,47,4,3.7491461104598747,5.9562512913952395,0.04211705678596705,20000,20000,20,,
walker2d-medium-replay-v2,0,rnn,1,48,5,3.818725188357397,6.017748118990392,0.04255190502410697,20000,20000,20,,
walker2d-medium-replay-v2,0,rnn,1,49,4,3.864506775379295,6.097209189384629,0.04311377964126804,20000,20000,20,,
walker2d-medium-replay-v2,0,rnn,1,50,5,3.9314077798334606,6.125891609757767,0.043316594980734924,20000,20000,20,,
walker2d-medium-replay-v2,0,rnn,1,51,2,3.974310720628624,6.134742164154661,0.043379177851047966,20000,20000,20,,
walker2d-medium-replay-v2,0,rnn,1,52,1,4.0870673414291465,6.250558287245421,0.04419812151113009,20000,20000,20,,
walker2d-medium-replay-v2,0,rnn,1,53,3,4.180419297592328,6.323258273163109,0.044712188041475726,20000,20000,20,,
walker2d-medium-replay-v2,0,rnn,1,54,3,4.2703110893264284,6.457808278589004,0.0456636002539291,20000,20000,20,,
walker2d-medium-replay-v2,0,rnn,1,55,5,4.380509203209373,6.567705243963346,0.0464406891484093,20000,20000,20,,
walker2d-medium-replay-v2,0,rnn,1,56,1,4.5120574037432695,6.73479757193846,0.0476222103303638,20000,20000,20,,
walker2d-medium-replay-v2,0,rnn,1,57,3,4.626784183888572,6.880807275841288,0.0486546548478511,20000,20000,20,,
walker2d-medium-replay-v2,0,rnn,1,58,2,4.688197744694493,6.869042654135613,0.04857146640998932,20000,20000,20,,
walker2d-medium-replay-v2,0,rnn,1,59,2,4.8046206483470035,6.968882350542585,0.049277439673599086,20000,20000,20,,
walker2d-medium-replay-v2,0,rnn,1,60,5,4.861213883003863,7.011349151338537,0.04957772530178024,20000,20000,20,,
walker2d-medium-replay-v2,0,rnn,1,61,4,4.920318616426375,7.089959516505916,0.05013358452459429,20000,20000,20,,
walker2d-medium-replay-v2,0,rnn,1,62,2,5.007260635750418,7.216543261186458,0.051028666767110265,20000,20000,20,,
walker2d-medium-replay-v2,0,rnn,1,63,5,5.156414016140756,7.38317584092134,0.0522069370380817,20000,20000,20,,
walker2d-medium-replay-v2,0,rnn,1,64,1,5.2850590671930755,7.667169763458914,0.05421507732250255,20000,20000,20,,
walker2d-medium-replay-v2,0,rnn,1,65,4,5.3043817848779105,7.672490973527158,0.05425270395973629,20000,20000,20,,
walker2d-medium-replay-v2,0,rnn,1,66,3,5.399214453757969,8.136467119576993,0.05753351075154267,20000,20000,20,,
walker2d-medium-replay-v2,0,rnn,1,67,5,5.473462540730535,8.052472981373244,0.05693958250450476,20000,20000,20,,
walker2d-medium-replay-v2,0,rnn,1,68,2,5.579679416361446,8.257614297742196,0.05839015066356497,20000,20000,20,,
walker2d-medium-replay-v2,0,rnn,1,69,5,5.702373826402218,8.489695384751132,0.060031211767656606,20000,20000,20,,
walker2d-medium-replay-v2,0,rnn,1,70,1,5.832261598799832,8.664980887694863,0.061270667445408676,20000,20000,20,,
walker2d-medium-replay-v2,0,rnn,1,71,5,5.8705681464018955,8.604309016569468,0.06084165253040825,20000,20000,20,,
walker2d-medium-replay-v2,0,rnn,1,72,1,6.010390567158969,9.131205884646969,0.06456737601444379,20000,20000,20,,
walker2d-medium-replay-v2,0,rnn,1,73,3,6.03837610219345,9.087176051487099,0.06425603807842523,20000,20000,20,,
walker2d-medium-replay-v2,0,rnn,1,74,2,6.149883314400779,9.329297325196814,0.06596809402352187,20000,20000,20,,
walker2d-medium-replay-v2,0,rnn,1,75,2,6.313323052587252,9.761555703311958,0.06902462232742103,20000,20000,20,,
walker2d-medium-replay-v2,0,rnn,1,76,4,6.400274533455376,9.870915711049912,0.06979791435804224,20000,20000,20,,
walker2d-medium-replay-v2,0,rnn,1,77,2,6.54829346783067,10.322467375859524,0.07299086680047176,20000,20000,20,,
walker2d-medium-replay-v2,0,rnn,1,78,3,6.634093834322887,10.328933666190704,0.07303659037789474,20000,20000,20,,
walker2d-medium-replay-v2,0,rnn,1,79,3,6.745679645612127,10.556680879987542,0.07464700637061561,20000,20000,20,,
walker2d-medium-replay-v2,0,rnn,1,80,5,6.8053624349704505,10.360169886401719,0.0732574638091932,20000,20000,20,,
walker2d-medium-replay-v2,0,rnn,1,81,4,6.907409457370275,10.16026989144524,0.07184395738926437,20000,20000,20,,
walker2d-medium-replay-v2,0,rnn,1,82,3,7.013863900159366,10.182551626047506,0.07200151304560297,20000,20000,20,,
walker2d-medium-replay-v2,0,rnn,1,83,3,7.110568848659381,10.35089133200732,0.07319185452187431,20000,20000,20,,
walker2d-medium-replay-v2,0,rnn,1,84,4,7.22609724256593,10.697903485217466,0.0756456009887647,20000,20000,20,,
walker2d-medium-replay-v2,0,rnn,1,85,1,7.362408216979656,10.860997246113806,0.0767988480317549,20000,20000,20,,
walker2d-medium-replay-v2,0,rnn,1,86,1,7.472581178709946,11.384178742558802,0.08049829987103073,20000,20000,20,,
walker2d-medium-replay-v2,0,rnn,1,87,3,7.578260043971755,11.345150075764879,0.0802223255215242,20000,20000,20,,
walker2d-medium-replay-v2,0,rnn,1,88,4,7.701854872712193,11.24709928136186,0.07952900170529317,20000,20000,20,,
walker2d-medium-replay-v2,0,rnn,1,89,1,7.938915826143525,12.071125983349091,0.08535575039383274,20000,20000,20,,
walker2d-medium-replay-v2,0,rnn,1,90,2,8.125940463696955,12.341115263029293,0.08726486289892815,20000,20000,20,,
walker2d-medium-replay-v2,0,rnn,1,91,1,8.319499236702706,13.329179430613767,0.09425153163039239,20000,20000,20,,
walker2d-medium-replay-v2,0,rnn,1,92,3,8.415725768796506,13.191528470764482,0.09327819235892972,20000,20000,20,,
walker2d-medium-replay-v2,0,rnn,1,93,5,8.532296958460863,13.08581215884984,0.09253066514856097,20000,20000,20,,
walker2d-medium-replay-v2,0,rnn,1,94,3,8.61686489773574,12.826840158191187,0.09069945657052916,20000,20000,20,,
walker2d-medium-replay-v2,0,rnn,1,95,5,8.747606851004146,12.728486157552693,0.09000398876244611,20000,20000,20,,
walker2d-medium-replay-v2,0,rnn,1,96,2,8.819943827744128,12.812702216884297,0.09059948622882796,20000,20000,20,,
walker2d-medium-replay-v2,0,rnn,1,97,4,8.943314317622992,13.029674503170506,0.09213371197845324,20000,20000,20,,
walker2d-medium-replay-v2,0,rnn,1,98,4,9.122099692736686,13.20323263284053,0.09336095328265052,20000,20000,20,,
walker2d-medium-replay-v2,0,rnn,1,99,5,9.276309762693153,13.078195048996667,0.09247680404825875,20000,20000,20,,
walker2d-medium-replay-v2,0,rnn,1,100,5,9.454356382835636,13.246506971499869,0.09366694906582435,20000,20000,20,,
walker2d-medium-replay-v2,0,rnn,2,1,4,0.08008263017991817,0.2421127938806083,0.0017119959836499896,20000,20000,20,,
walker2d-medium-replay-v2,0,rnn,2,2,4,0.1268552425090393,0.371981646751348,0.0026303074489481704,20000,20000,20,,
walker2d-medium-replay-v2,0,rnn,2,3,5,0.1758220766825385,0.4746106013204354,0.0033560037461670485,20000,20000,20,,
walker2d-medium-replay-v2,0,rnn,2,4,2,0.2395865382676875,0.6723013939065722,0.004753888746325054,20000,20000,20,,
walker2d-medium-replay-v2,0,rnn,2,5,5,0.2918325460659985,0.8059447891603968,0.005698890256772789,20000,20000,20,,
walker2d-medium-replay-v2,0,rnn,2,6,3,0.35915816452563337,1.0024720489532501,0.007088547837648158,20000,20000,20,,
walker2d-medium-replay-v2,0,rnn,2,7,5,0.421230081408751,1.1500361208394443,0.008131983396550429,20000,20000,20,,
walker2d-medium-replay-v2,0,rnn,2,8,2,0.5057123080855722,1.3183473940220853,0.009322123822726298,20000,20000,20,,
walker2d-medium-replay-v2,0,rnn,2,9,4,0.5789489797372034,1.5245145511379568,0.01077994577127215,20000,20000,20,,
walker2d-medium-replay-v2,0,rnn,2,10,2,0.6439971392360533,1.6347916748447866,0.01155972279110062,20000,20000,20,,
walker2d-medium-replay-v2,0,rnn,2,11,3,0.6908674369553972,1.74003387144426,0.012303897499925175,20000,20000,20,,
walker2d-medium-replay-v2,0,rnn,2,12,5,0.7727131792949125,1.9134677251936265,0.013530260040660104,20000,20000,20,,
walker2d-medium-replay-v2,0,rnn,2,13,3,0.8310095598004511,2.018529753071464,0.014273160764236393,20000,20000,20,,
walker2d-medium-replay-v2,0,rnn,2,14,3,0.9122660816217176,2.201772142656667,0.015568880127001637,20000,20000,20,,
walker2d-medium-replay-v2,0,rnn,2,15,2,0.981142692952351,2.3031491178274184,0.01628572359299582,20000,20000,20,,
walker2d-medium-replay-v2,0,rnn,2,16,5,1.0735881728864385,2.5344665036305214,0.017921384514073012,20000,20000,20,,
walker2d-medium-replay-v2,0,rnn,2,17,3,1.1302684885762144,2.522049593342212,0.017833583699410526,20000,20000,20,,
walker2d-medium-replay-v2,0,rnn,2,18,1,1.268040829905899,2.7306961242725865,0.019308937468329693,20000,20000,20,,
walker2d-medium-replay-v2,0,rnn,2,19,3,1.308903153949133,2.7935408574176956,0.019753316838017346,20000,20000,20,,
walker2d-medium-replay-v2,0,rnn,2,20,2,1.3891105593975595,2.978094619699813,0.0210583090060491,20000,20000,20,,
walker2d-medium-replay-v2,0,rnn,2,21,4,1.4760762090968103,3.0928143708229823,0.02186950014560136,20000,20000,20,,
walker2d-medium-replay-v2,0,rnn,2,22,3,1.5358478347490128,3.178219368134524,0.02247340467306346,20000,20000,20,,
walker2d-medium-replay-v2,0,rnn,2,23,1,1.6561493905925262,3.3580970651270596,0.023745332066339872,20000,20000,20,,
walker2d-medium-replay-v2,0,rnn,2,24,5,1.7002158023613345,3.440415104446826,0.024327408504509748,20000,20000,20,,
walker2d-medium-replay-v2,0,rnn,2,25,4,1.764086751013832,3.5884639186882623,0.02537427170947722,20000,20000,20,,
walker2d-medium-replay-v2,0,rnn,2,26,3,1.8289682964334855,3.6736923940820163,0.02597692803848836,20000,20000,20,,
walker2d-medium-replay-v2,0,rnn,2,27,1,1.94490840389972,3.768562733252891,0.026647762640100294,20000,20000,20,,
walker2d-medium-replay-v2,0,rnn,2,28,4,2.0237852783376717,3.9122458867262115,0.027663755961732817,20000,20000,20,,
walker2d-medium-replay-v2,0,rnn,2,29,2,2.0755007160247008,3.8686565412121268,0.02735553274372789,20000,20000,20,,
walker2d-medium-replay-v2,0,rnn,2,30,2,2.1641893973412376,4.03707366977475,0.028546421680473864,20000,20000,20,,
walker2d-medium-replay-v2,0,rnn,2,31,2,2.2696945850043915,4.228440402955368,0.029899588827729178,20000,20000,20,,
walker2d-medium-replay-v2,0,rnn,2,32,3,2.331215875195104,4.354887509896052,0.030793704895520965,20000,20000,20,,
walker2d-medium-replay-v2,0,rnn,2,33,4,2.408473105261552,4.405524658485182,0.031151763606994207,20000,20000,20,,
walker2d-medium-replay-v2,0,rnn,2,34,5,2.525512721985047,4.53002246621007,0.03203209604784549,20000,20000,20,,
walker2d-medium-replay-v2,0,rnn,2,35,5,2.606988658614504,4.685591479578205,0.03313213509079657,20000,20000,20,,
walker2d-medium-replay-v2,0,rnn,2,36,3,2.698941963835847,4.8184734771464806,0.034071752706577994,20000,20000,20,,
walker2d-medium-replay-v2,0,rnn,2,37,5,2.7783521099691972,4.911954012040064,0.03473275990789997,20000,20000,20,,
walker2d-medium-replay-v2,0,rnn,2,38,5,2.814862262805317,4.911589234816933,0.034730180543419,20000,20000,20,,
walker2d-medium-replay-v2,0,rnn,2,39,5,2.8968616191186665,5.026773901907541,0.03554465913530383,20000,20000,20,,
walker2d-medium-replay-v2,0,rnn,2,40,2,2.991928628910168,5.173307645049857,0.036580809169789626,20000,20000,20,,
walker2d-medium-replay-v2,0,rnn,2,41,2,3.0772516793106384,5.22675995603154,0.03695877408544203,20000,20000,20,,
walker2d-medium-replay-v2,0,rnn,2,42,2,3.16999058439516,5.3051239318878,0.03751289107272903,20000,20000,20,,
walker2d-medium-replay-v2,0,rnn,2,43,1,3.281656423144767,5.355152630537979,0.037866647393423825,20000,20000,20,,
walker2d-medium-replay-v2,0,rnn,2,44,5,3.3964590197359845,5.494236641798771,0.03885011986859516,20000,20000,20,,
walker2d-medium-replay-v2,0,rnn,2,45,3,3.485114001269906,5.647348331245369,0.03993278300746133,20000,20000,20,,
walker2d-medium-replay-v2,0,rnn,2,46,1,3.6145033379644453,5.809241422408885,0.041077540033351075,20000,20000,20,,
walker2d-medium-replay-v2,0,rnn,2,47,2,3.7264757108502207,6.008751188348903,0.04248828711744235,20000,20000,20,,
walker2d-medium-replay-v2,0,rnn,2,48,4,3.818158271441742,6.087536940385799,0.04304538651270406,20000,20000,20,,
walker2d-medium-replay-v2,0,rnn,2,49,5,3.887951636654677,6.15255204169835,0.04350511270288041,20000,20000,20,,
walker2d-medium-replay-v2,0,rnn,2,50,5,3.9988912025670578,6.267190566216495,0.04431572948360042,20000,20000,20,,
walker2d-medium-replay-v2,0,rnn,2,51,3,4.053176903786461,6.301864715697085,0.04456091274589643,20000,20000,20,,
walker2d-medium-replay-v2,0,rnn,2,52,3,4.128686965922243,6.352580221754884,0.044919525528344204,20000,20000,20,,
walker2d-medium-replay-v2,0,rnn,2,53,4,4.180918669432533,6.3885977138006895,0.04517420765701342,20000,20000,20,,
walker2d-medium-replay-v2,0,rnn,2,54,5,4.229703802323691,6.445364452344624,0.04557560911471601,20000,20000,20,,
walker2d-medium-replay-v2,0,rnn,2,55,4,4.298768901230696,6.510395479821211,0.04603544791987825,20000,20000,20,,
walker2d-medium-replay-v2,0,rnn,2,56,1,4.3817528963833405,6.523713389646542,0.04612961976336547,20000,20000,20,,
walker2d-medium-replay-v2,0,rnn,2,57,4,4.4569673949233675,6.685679322593537,0.04727489185844573,20000,20000,20,,
walker2d-medium-replay-v2,0,rnn,2,58,1,4.62040599576119,6.987098237639636,0.04940624544651562,20000,20000,20,,
walker2d-medium-replay-v2,0,rnn,2,59,2,4.715190724720441,7.13701605502936,0.05046632449948522,20000,20000,20,,
walker2d-medium-replay-v2,0,rnn,2,60,5,4.806328001733818,7.185112781179332,0.0508064197116204,20000,20000,20,,
walker2d-medium-replay-v2,0,rnn,2,61,1,4.9344298002343585,7.363690798727855,0.0520691569834145,20000,20000,20,,
walker2d-medium-replay-v2,0,rnn,2,62,2,5.076805357046731,7.623607818476273,0.05390704785551355,20000,20000,20,,
walker2d-medium-replay-v2,0,rnn,2,63,2,5.153160218074494,7.620633420806394,0.05388601568789038,20000,20000,20,,
walker2d-medium-replay-v2,0,rnn,2,64,5,5.22690563010444,7.535157703466624,0.05328161109431302,20000,20000,20,,
walker2d-medium-replay-v2,0,rnn,2,65,1,5.378346492042243,7.796716199498391,0.05513110895652319,20000,20000,20,,
walker2d-medium-replay-v2,0,rnn,2,66,4,5.49069353597496,8.164663303522437,0.05773288788025673,20000,20000,20,,
walker2d-medium-replay-v2,0,rnn,2,67,3,5.5599166694082465,8.24874637755087,0.05832744499854189,20000,20000,20,,
walker2d-medium-replay-v2,0,rnn,2,68,2,5.627725275347531,8.371652949024314,0.05919652569995451,20000,20000,20,,
walker2d-medium-replay-v2,0,rnn,2,69,1,5.731789028219405,8.581955789595519,0.06068359134666143,20000,20000,20,,
walker2d-medium-replay-v2,0,rnn,2,70,5,5.856489037932562,8.703047505957844,0.061539839084514616,20000,20000,20,,
walker2d-medium-replay-v2,0,rnn,2,71,4,5.946990997017026,9.047407311953606,0.06397483062439148,20000,20000,20,,
walker2d-medium-replay-v2,0,rnn,2,72,2,6.038133989204116,9.047765898464329,0.06397736621392522,20000,20000,20,,
walker2d-medium-replay-v2,0,rnn,2,73,2,6.158797961818837,9.361429854365923,0.06619530531624337,20000,20000,20,,
walker2d-medium-replay-v2,0,rnn,2,74,1,6.2674867446694185,9.782612299642745,0.0691735149479631,20000,20000,20,,
walker2d-medium-replay-v2,0,rnn,2,75,2,6.363556830527651,9.793030818129019,0.06924718499867873,20000,20000,20,,
walker2d-medium-replay-v2,0,rnn,2,76,2,6.45781248509065,9.860372698515995,0.06972336400147357,20000,20000,20,,
walker2d-medium-replay-v2,0,rnn,2,77,5,6.543465831480507,9.77036181391253,0.06908689093263647,20000,20000,20,,
walker2d-medium-replay-v2,0,rnn,2,78,2,6.659194267036557,9.925394044731762,0.07018313434978404,20000,20000,20,,
walker2d-medium-replay-v2,0,rnn,2,79,5,6.766194072748977,10.302308834729992,0.07284832438915656,20000,20000,20,,
walker2d-medium-replay-v2,0,rnn,2,80,2,6.899557392672493,10.702357382946234,0.07567709480163194,20000,20000,20,,
walker2d-medium-replay-v2,0,rnn,2,81,5,7.008523564237903,11.295683335252216,0.07987254284492719,20000,20000,20,,
walker2d-medium-replay-v2,0,rnn,2,82,5,7.090451951349378,11.06535411656531,0.07824386932053809,20000,20000,20,,
walker2d-medium-replay-v2,0,rnn,2,83,3,7.135239215909106,10.942946819248357,0.07737831902054274,20000,20000,20,,
walker2d-medium-replay-v2,0,rnn,2,84,3,7.291392182579899,11.075985341221037,0.0783190434310019,20000,20000,20,,
walker2d-medium-replay-v2,0,rnn,2,85,3,7.359168073479907,11.269851758809267,0.07968988601621171,20000,20000,20,,
walker2d-medium-replay-v2,0,rnn,2,86,3,7.502464395000691,11.487697168959913,0.08123028568389058,20000,20000,20,,
walker2d-medium-replay-v2,0,rnn,2,87,5,7.6198825501460945,11.739606070588076,0.08301155060971588,20000,20000,20,,
walker2d-medium-replay-v2,0,rnn,2,88,1,7.762037611963629,12.065173251663845,0.08531365822442052,20000,20000,20,,
walker2d-medium-replay-v2,0,rnn,2,89,4,7.80524673020669,12.309801488776948,0.08704344107774438,20000,20000,20,,
walker2d-medium-replay-v2,0,rnn,2,90,1,8.04742205120427,13.30433131079575,0.09407582889016183,20000,20000,20,,
walker2d-medium-replay-v2,0,rnn,2,91,1,8.326957093485461,14.330578036888353,0.10133248908206756,20000,20000,20,,
walker2d-medium-replay-v2,0,rnn,2,92,4,8.393294234272592,14.589819363058934,0.10316560207905767,20000,20000,20,,
walker2d-medium-replay-v2,0,rnn,2,93,1,8.628361230342733,15.419472042375821,0.10903213243480327,20000,20000,20,,
walker2d-medium-replay-v2,0,rnn,2,94,4,8.708651210894242,16.200129870817765,0.1145522168775799,20000,20000,20,,
walker2d-medium-replay-v2,0,rnn,2,95,2,8.93605574272787,16.73129111500752,0.11830809405428049,20000,20000,20,,
walker2d-medium-replay-v2,0,rnn,2,96,2,9.12813510810195,17.389640965671074,0.12296333049225398,20000,20000,20,,
walker2d-medium-replay-v2,0,rnn,2,97,5,9.211210542054081,17.387609234291016,0.1229489639818901,20000,20000,20,,
walker2d-medium-replay-v2,0,rnn,2,98,2,9.347198004168973,18.861231989542823,0.13336905041338368,20000,20000,20,,
walker2d-medium-replay-v2,0,rnn,2,99,5,9.477868613263375,19.220531965033395,0.1359096849048791,20000,20000,20,,
walker2d-medium-replay-v2,0,rnn,2,100,1,9.60522393352302,19.427187593347643,0.13737096086639283,20000,20000,20,,
walker2d-medium-replay-v2,0,rnn,3,1,3,0.08012226526241885,0.2472945405947552,0.0017486364660496336,20000,20000,20,,
walker2d-medium-replay-v2,0,rnn,3,2,5,0.1306811789004184,0.39855309989998144,0.002818195996021964,20000,20000,20,,
walker2d-medium-replay-v2,0,rnn,3,3,2,0.1937942992757002,0.5502269580334052,0.0038906921321706666,20000,20000,20,,
walker2d-medium-replay-v2,0,rnn,3,4,3,0.24230106811600108,0.7001475417211331,0.004950790745821044,20000,20000,20,,
walker2d-medium-replay-v2,0,rnn,3,5,2,0.3126308631841257,0.8892346213137267,0.006287838307967877,20000,20000,20,,
walker2d-medium-replay-v2,0,rnn,3,6,5,0.3679178961709209,1.0019359352729904,0.007084756941460172,20000,20000,20,,
walker2d-medium-replay-v2,0,rnn,3,7,2,0.4518558037174361,1.1492821274932792,0.00812665185847,20000,20000,20,,
walker2d-medium-replay-v2,0,rnn,3,8,1,0.6098844037840727,1.5410668872163737,0.010896988462127423,20000,20000,20,,
walker2d-medium-replay-v2,0,rnn,3,9,4,0.6469131683435724,1.622677176183868,0.011474060349562512,20000,20000,20,,
walker2d-medium-replay-v2,0,rnn,3,10,3,0.7175076421245039,1.8240499917404123,0.012897981183829114,20000,20000,20,,
walker2d-medium-replay-v2,0,rnn,3,11,1,0.8430788627568206,2.0503072456798646,0.01449786156936145,20000,20000,20,,
walker2d-medium-replay-v2,0,rnn,3,12,3,0.9065262725738555,2.154231205726604,0.01523271493812954,20000,20000,20,,
walker2d-medium-replay-v2,0,rnn,3,13,3,0.9715111852382557,2.2874874908608853,0.016174979166671325,20000,20000,20,,
walker2d-medium-replay-v2,0,rnn,3,14,5,1.0464625556066853,2.4484329031577663,0.017313035091031218,20000,20000,20,,
walker2d-medium-replay-v2,0,rnn,3,15,1,1.1900203107579113,2.6686905877408975,0.018870492114803017,20000,20000,20,,
walker2d-medium-replay-v2,0,rnn,3,16,2,1.2519943988517237,2.8170661893710265,0.019919666055555996,20000,20000,20,,
walker2d-medium-replay-v2,0,rnn,3,17,3,1.297885531198865,2.8594676748267904,0.02021948983453753,20000,20000,20,,
walker2d-medium-replay-v2,0,rnn,3,18,1,1.4124617948066482,2.940410361717996,0.02079184106241984,20000,20000,20,,
walker2d-medium-replay-v2,0,rnn,3,19,3,1.4936607013483199,3.1389432763058727,0.022195680764358013,20000,20000,20,,
walker2d-medium-replay-v2,0,rnn,3,20,3,1.551879037641389,3.259846240521822,0.023050593822984536,20000,20000,20,,
walker2d-medium-replay-v2,0,rnn,3,21,3,1.623659048239738,3.3492031062094956,0.02368244227971783,20000,20000,20,,
walker2d-medium-replay-v2,0,rnn,3,22,3,1.6625371856934696,3.427370573906413,0.024235169744484537,20000,20000,20,,
walker2d-medium-replay-v2,0,rnn,3,23,2,1.7386002006759729,3.545126317183566,0.025067828590433907,20000,20000,20,,
walker2d-medium-replay-v2,0,rnn,3,24,4,1.7925865121062161,3.601859508822871,0.025468992835698992,20000,20000,20,,
walker2d-medium-replay-v2,0,rnn,3,25,4,1.8534620390264889,3.6209873245859154,0.02560424691805235,20000,20000,20,,
walker2d-medium-replay-v2,0,rnn,3,26,5,1.922569604064467,3.7293618231456853,0.0263705703464454,20000,20000,20,,
walker2d-medium-replay-v2,0,rnn,3,27,4,1.987354187850056,3.819173390086727,0.027005634026575402,20000,20000,20,,
walker2d-medium-replay-v2,0,rnn,3,28,5,2.045621440321456,3.9745026303080744,0.02810397761734609,20000,20000,20,,
walker2d-medium-replay-v2,0,rnn,3,29,3,2.1141361109208026,4.07203969346793,0.02879366880511964,20000,20000,20,,
walker2d-medium-replay-v2,0,rnn,3,30,1,2.2068239157025413,4.07681985690521,0.028827469664936444,20000,20000,20,,
walker2d-medium-replay-v2,0,rnn,3,31,3,2.288856081809384,4.2157252821078,0.029809679345979966,20000,20000,20,,
walker2d-medium-replay-v2,0,rnn,3,32,1,2.405057406897766,4.315574334733805,0.03051571876804897,20000,20000,20,,
walker2d-medium-replay-v2,0,rnn,3,33,3,2.5048540547880984,4.473085278983406,0.03162948933594886,20000,20000,20,,
walker2d-medium-replay-v2,0,rnn,3,34,2,2.5831277898981204,4.535114549449947,0.03206810251373832,20000,20000,20,,
walker2d-medium-replay-v2,0,rnn,3,35,3,2.675720987386809,4.6045017133237005,0.03255874385476265,20000,20000,20,,
walker2d-medium-replay-v2,0,rnn,3,36,2,2.7933528521451017,4.825600213041157,0.034122146339366506,20000,20000,20,,
walker2d-medium-replay-v2,0,rnn,3,37,1,2.909431934564593,4.954761474076751,0.03503545437481524,20000,20000,20,,
walker2d-medium-replay-v2,0,rnn,3,38,5,3.0047435158381246,5.158661775209226,0.03647724723098277,20000,20000,20,,
walker2d-medium-replay-v2,0,rnn,3,39,4,3.0661982089264397,5.13845660183241,0.0363343750798848,20000,20000,20,,
walker2d-medium-replay-v2,0,rnn,3,40,2,3.13903539764024,5.2629698253200665,0.037214816526639986,20000,20000,20,,
walker2d-medium-replay-v2,0,rnn,3,41,1,3.242338092374995,5.352279482435746,0.03784633116835941,20000,20000,20,,
walker2d-medium-replay-v2,0,rnn,3,42,2,3.338300149513691,5.483373467730795,0.03877330562810839,20000,20000,20,,
walker2d-medium-replay-v2,0,rnn,3,43,5,3.4115519199920463,5.604550392832176,0.0396301558827336,20000,20000,20,,
walker2d-medium-replay-v2,0,rnn,3,44,3,3.528661108453331,5.816937230797991,0.04113195761633756,20000,20000,20,,
walker2d-medium-replay-v2,0,rnn,3,45,1,3.646616107940451,5.881836187645192,0.04159086254112345,20000,20000,20,,
walker2d-medium-replay-v2,0,rnn,3,46,4,3.7170217694291314,5.982742652454255,0.04230437899644396,20000,20000,20,,
walker2d-medium-replay-v2,0,rnn,3,47,1,3.801555254615986,6.101651704179694,0.04314519296463915,20000,20000,20,,
walker2d-medium-replay-v2,0,rnn,3,48,3,3.809868437192922,6.013758600842692,0.04252369487074792,20000,20000,20,,
walker2d-medium-replay-v2,0,rnn,3,49,5,3.9130699291268654,6.200016151520568,0.043840734642063145,20000,20000,20,,
walker2d-medium-replay-v2,0,rnn,3,50,1,4.040371048343462,6.273949560575564,0.04436352279105341,20000,20000,20,,
walker2d-medium-replay-v2,0,rnn,3,51,1,4.190950912076256,6.439566503091401,0.04553461142237672,20000,20000,20,,
walker2d-medium-replay-v2,0,rnn,3,52,3,4.252764250358017,6.471087001809691,0.04575749500627757,20000,20000,20,,
walker2d-medium-replay-v2,0,rnn,3,53,2,4.305857308431776,6.453150347449229,0.04563066370697675,20000,20000,20,,
walker2d-medium-replay-v2,0,rnn,3,54,3,4.406768422168796,6.563782997942899,0.046412954680823904,20000,20000,20,,
walker2d-medium-replay-v2,0,rnn,3,55,2,4.513018123315304,6.737614618690027,0.04764212985897333,20000,20000,20,,
walker2d-medium-replay-v2,0,rnn,3,56,3,4.585711097497164,6.860565874486909,0.0485115265262671,20000,20000,20,,
walker2d-medium-replay-v2,0,rnn,3,57,2,4.649979545344904,6.876761562171546,0.048626047332144956,20000,20000,20,,
walker2d-medium-replay-v2,0,rnn,3,58,1,4.7355565261406625,6.887829844625532,0.048704311907937975,20000,20000,20,,
walker2d-medium-replay-v2,0,rnn,3,59,4,4.802858227421819,6.931600567326438,0.04901381765633044,20000,20000,20,,
walker2d-medium-replay-v2,0,rnn,3,60,5,4.917695673589288,7.087123251798942,0.05011352910451887,20000,20000,20,,
walker2d-medium-replay-v2,0,rnn,3,61,3,4.981715170671113,7.165866376633994,0.05067032707994571,20000,20000,20,,
walker2d-medium-replay-v2,0,rnn,3,62,3,5.0931789463374635,7.231122822638128,0.05113175983480229,20000,20000,20,,
walker2d-medium-replay-v2,0,rnn,3,63,1,5.210948775783133,7.407212664482637,0.05237690304746548,20000,20000,20,,
walker2d-medium-replay-v2,0,rnn,3,64,1,5.3169230124264315,7.437843926908112,0.052593498781239055,20000,20000,20,,
walker2d-medium-replay-v2,0,rnn,3,65,5,5.366221397348751,7.4933068255946385,0.05298568069889411,20000,20000,20,,
walker2d-medium-replay-v2,0,rnn,3,66,2,5.436698280417223,7.523116179492112,0.05319646466173104,20000,20000,20,,
walker2d-medium-replay-v2,0,rnn,3,67,1,5.512011345601414,7.589551211862615,0.05366623128070634,20000,20000,20,,
walker2d-medium-replay-v2,0,rnn,3,68,2,5.620824825715417,7.764763394104406,0.054905168502802984,20000,20000,20,,
walker2d-medium-replay-v2,0,rnn,3,69,4,5.688269210848987,7.846071004631684,0.05548010013046211,20000,20000,20,,
walker2d-medium-replay-v2,0,rnn,3,70,4,5.833415881864022,8.003504013180873,0.05659331960973942,20000,20000,20,,
walker2d-medium-replay-v2,0,rnn,3,71,4,5.908861258406368,8.048395211495052,0.05691074831717488,20000,20000,20,,
walker2d-medium-replay-v2,0,rnn,3,72,4,6.026006573189655,8.313039227075596,0.05878206409734929,20000,20000,20,,
walker2d-medium-replay-v2,0,rnn,3,73,3,6.118299213308119,8.476522041829128,0.05993806216654616,20000,20000,20,,
walker2d-medium-replay-v2,0,rnn,3,74,4,6.201105710519501,8.560599759222745,0.06053258140770329,20000,20000,20,,
walker2d-medium-replay-v2,0,rnn,3,75,3,6.252724759252026,8.56768783684102,0.06058270168519788,20000,20000,20,,
walker2d-medium-replay-v2,0,rnn,3,76,3,6.343013878380564,8.637208045707675,0.061074283796389045,20000,20000,20,,
walker2d-medium-replay-v2,0,rnn,3,77,1,6.46743959483226,9.120004870752336,0.06448817288563319,20000,20000,20,,
walker2d-medium-replay-v2,0,rnn,3,78,1,6.6833085255635885,9.805814676212243,0.06933758052608247,20000,20000,20,,
walker2d-medium-replay-v2,0,rnn,3,79,1,6.870462487826715,10.29229595130332,0.07277752261145426,20000,20000,20,,
walker2d-medium-replay-v2,0,rnn,3,80,1,7.076048873099948,11.180748561991807,0.07905983126926146,20000,20000,20,,
walker2d-medium-replay-v2,0,rnn,3,81,4,7.100739287039914,10.80754507189358,0.07642088408315204,20000,20000,20,,
walker2d-medium-replay-v2,0,rnn,3,82,4,7.2675075439715835,11.205669293299044,0.07923604745025621,20000,20000,20,,
walker2d-medium-replay-v2,0,rnn,3,83,4,7.395281145145552,11.22381581590568,0.07936436274215729,20000,20000,20,,
walker2d-medium-replay-v2,0,rnn,3,84,1,7.488061479309571,11.977279818724828,0.08469215779989107,20000,20000,20,,
walker2d-medium-replay-v2,0,rnn,3,85,5,7.548311896345118,11.838154349615447,0.08370839217346106,20000,20000,20,,
walker2d-medium-replay-v2,0,rnn,3,86,4,7.657635296239084,12.345212653772041,0.08729383582672184,20000,20000,20,,
walker2d-medium-replay-v2,0,rnn,3,87,3,7.752506899710279,12.389682048625398,0.08760828193328254,20000,20000,20,,
walker2d-medium-replay-v2,0,rnn,3,88,1,7.894595501106224,13.797885845563794,0.09756578647436039,20000,20000,20,,
walker2d-medium-replay-v2,0,rnn,3,89,3,8.044866965538624,14.189352452713218,0.10033387339959486,20000,20000,20,,
walker2d-medium-replay-v2,0,rnn,3,90,3,8.154876003295305,14.497779492036258,0.10251478190966098,20000,20000,20,,
walker2d-medium-replay-v2,0,rnn,3,91,2,8.291152439568945,14.948134366516648,0.10569927176651599,20000,20000,20,,
walker2d-medium-replay-v2,0,rnn,3,92,5,8.394812688078185,15.062821202909799,0.10651023016378028,20000,20000,20,,
walker2d-medium-replay-v2,0,rnn,3,93,3,8.533767278377212,15.359178670255396,0.1086057939119337,20000,20000,20,,
walker2d-medium-replay-v2,0,rnn,3,94,1,8.726164323697576,16.320545480183142,0.11540368381700958,20000,20000,20,,
walker2d-medium-replay-v2,0,rnn,3,95,2,8.863741797795383,17.012283946306244,0.12029501341904184,20000,20000,20,,
walker2d-medium-replay-v2,0,rnn,3,96,5,8.950124678218758,17.24360331118105,0.12193068833426925,20000,20000,20,,
walker2d-medium-replay-v2,0,rnn,3,97,4,9.105747411630682,17.69208725442637,0.12510194870948974,20000,20000,20,,
walker2d-medium-replay-v2,0,rnn,3,98,2,9.25420793930818,18.387553151972458,0.130019635231878,20000,20000,20,,
walker2d-medium-replay-v2,0,rnn,3,99,1,9.369553928916256,18.580536443355335,0.1313842331718033,20000,20000,20,,
walker2d-medium-replay-v2,0,rnn,3,100,3,9.475281592475337,19.20992122614148,0.13583465565064037,20000,20000,20,,
walker2d-medium-replay-v2,0,rnn,4,1,4,0.08060962510143628,0.2540756054958365,0.0017965858358018403,20000,20000,20,,
walker2d-medium-replay-v2,0,rnn,4,2,4,0.1273581579048711,0.3896548806992084,0.002755276084648454,20000,20000,20,,
walker2d-medium-replay-v2,0,rnn,4,3,2,0.1904388614225626,0.544411369496151,0.003849569711257835,20000,20000,20,,
walker2d-medium-replay-v2,0,rnn,4,4,1,0.3467918444695838,0.9543465683707677,0.0067482493009708095,20000,20000,20,,
walker2d-medium-replay-v2,0,rnn,4,5,1,0.49411026983381096,1.4566769232596737,0.010300261304348713,20000,20000,20,,
walker2d-medium-replay-v2,0,rnn,4,6,2,0.5375959598686264,1.549528193556671,0.01095681893303663,20000,20000,20,,
walker2d-medium-replay-v2,0,rnn,4,7,3,0.5814629579237515,1.542084024685793,0.010904180710147674,20000,20000,20,,
walker2d-medium-replay-v2,0,rnn,4,8,3,0.65576234940959,1.6573280727699742,0.011719079189064806,20000,20000,20,,
walker2d-medium-replay-v2,0,rnn,4,9,2,0.7520693985031385,1.8801899218132765,0.013294950436327724,20000,20000,20,,
walker2d-medium-replay-v2,0,rnn,4,10,4,0.8317263358994633,2.08236166710253,0.014724520556911229,20000,20000,20,,
walker2d-medium-replay-v2,0,rnn,4,11,2,0.9028616198319289,2.280541220579833,0.01612586161847446,20000,20000,20,,
walker2d-medium-replay-v2,0,rnn,4,12,4,0.9644333366096128,2.4239503334911854,0.017139917180710104,20000,20000,20,,
walker2d-medium-replay-v2,0,rnn,4,13,3,1.0184053233605688,2.4489635381447075,0.017316787247007227,20000,20000,20,,
walker2d-medium-replay-v2,0,rnn,4,14,2,1.0926829616894465,2.608288302174732,0.018443383457572998,20000,20000,20,,
walker2d-medium-replay-v2,0,rnn,4,15,3,1.1495114025141566,2.681915932325015,0.0189640094231926,20000,20000,20,,
walker2d-medium-replay-v2,0,rnn,4,16,1,1.2511709014121586,2.790497185249908,0.019731794825721835,20000,20000,20,,
walker2d-medium-replay-v2,0,rnn,4,17,4,1.323130925629862,2.9127825079977696,0.02059648263526782,20000,20000,20,,
walker2d-medium-replay-v2,0,rnn,4,18,1,1.4419811871686266,3.02391488152065,0.02138230718454167,20000,20000,20,,
walker2d-medium-replay-v2,0,rnn,4,19,3,1.5067084820299832,3.092253873483341,0.02186553683090439,20000,20000,20,,
walker2d-medium-replay-v2,0,rnn,4,20,1,1.6472673788511916,3.3527007639305633,0.023707174454646193,20000,20000,20,,
walker2d-medium-replay-v2,0,rnn,4,21,5,1.7167118524018634,3.4952944063231257,0.0247154637695449,20000,20000,20,,
walker2d-medium-replay-v2,0,rnn,4,22,1,1.8236030097469622,3.6164386382785176,0.025572082848717835,20000,20000,20,,
walker2d-medium-replay-v2,0,rnn,4,23,1,1.9188864499372371,3.712942892033876,0.02625447097115545,20000,20000,20,,
walker2d-medium-replay-v2,0,rnn,4,24,1,2.003674080092974,3.8324449264833125,0.0270994779604033,20000,20000,20,,
walker2d-medium-replay-v2,0,rnn,4,25,1,2.114757641453463,4.046229252057092,0.028611161423649417,20000,20000,20,,
walker2d-medium-replay-v2,0,rnn,4,26,1,2.215685350727334,4.355319630114956,0.030796760446891714,20000,20000,20,,
walker2d-medium-replay-v2,0,rnn,4,27,1,2.320373061462953,4.669328965982123,0.03301714175436729,20000,20000,20,,
walker2d-medium-replay-v2,0,rnn,4,28,3,2.413509178625266,4.619850177013169,0.03266727388231884,20000,20000,20,,
walker2d-medium-replay-v2,0,rnn,4,29,5,2.4661208157334777,4.603936270539387,0.03255474557049104,20000,20000,20,,
walker2d-medium-replay-v2,0,rnn,4,30,5,2.5229171015652048,4.638085313603817,0.03279621576970994,20000,20000,20,,
walker2d-medium-replay-v2,0,rnn,4,31,2,2.5801186929573667,4.696724362807302,0.033210856463051094,20000,20000,20,,
walker2d-medium-replay-v2,0,rnn,4,32,5,2.621556661428186,4.7138950166543605,0.033332271320777714,20000,20000,20,,
walker2d-medium-replay-v2,0,rnn,4,33,1,2.7273394178946857,4.833434411586596,0.03417754248853292,20000,20000,20,,
walker2d-medium-replay-v2,0,rnn,4,34,1,2.8041449109535357,4.965199154852402,0.03510925992337848,20000,20000,20,,
walker2d-medium-replay-v2,0,rnn,4,35,4,2.874929266307887,4.9477304111456055,0.03498573725203962,20000,20000,20,,
walker2d-medium-replay-v2,0,rnn,4,36,2,2.9380983262158615,5.040405327879385,0.03564104787272317,20000,20000,20,,
walker2d-medium-replay-v2,0,rnn,4,37,5,3.024431940066287,5.080005549830803,0.035921063727506565,20000,20000,20,,
walker2d-medium-replay-v2,0,rnn,4,38,2,3.116278667293433,5.185011352851202,0.03666356688130319,20000,20000,20,,
walker2d-medium-replay-v2,0,rnn,4,39,4,3.1799319952587703,5.291543666645725,0.0374168640962992,20000,20000,20,,
walker2d-medium-replay-v2,0,rnn,4,40,2,3.261140111071635,5.399899889687365,0.038183058297264254,20000,20000,20,,
walker2d-medium-replay-v2,0,rnn,4,41,4,3.340971135728438,5.476858890368462,0.03872724060981369,20000,20000,20,,
walker2d-medium-replay-v2,0,rnn,4,42,1,3.4280488068558834,5.530184822956993,0.03910431189527817,20000,20000,20,,
walker2d-medium-replay-v2,0,rnn,4,43,1,3.5432272225026455,5.684463552691222,0.04019522725515736,20000,20000,20,,
walker2d-medium-replay-v2,0,rnn,4,44,5,3.6250596754849655,5.745043540790921,0.04062359245905234,20000,20000,20,,
walker2d-medium-replay-v2,0,rnn,4,45,2,3.7007921880718553,5.837200809011272,0.04127524275199472,20000,20000,20,,
walker2d-medium-replay-v2,0,rnn,4,46,1,3.82039224028912,6.062810693168585,0.04287054554189819,20000,20000,20,,
walker2d-medium-replay-v2,0,rnn,4,47,3,3.9214954537431708,6.238996782037669,0.04411636932379884,20000,20000,20,,
walker2d-medium-replay-v2,0,rnn,4,48,4,3.998192317936892,6.310644256803639,0.04462299347641793,20000,20000,20,,
walker2d-medium-replay-v2,0,rnn,4,49,5,4.0565242069011465,6.338621992096383,0.044820825939895344,20000,20000,20,,
walker2d-medium-replay-v2,0,rnn,4,50,1,4.182010367631193,6.3718094776216665,0.045055496900549934,20000,20000,20,,
walker2d-medium-replay-v2,0,rnn,4,51,1,4.286034744456841,6.466177580015702,0.04572278015185522,20000,20000,20,,
walker2d-medium-replay-v2,0,rnn,4,52,3,4.359030096298205,6.617444303537741,0.046792397411558266,20000,20000,20,,
walker2d-medium-replay-v2,0,rnn,4,53,1,4.440630891297107,6.686807516707718,0.04728286939553206,20000,20000,20,,
walker2d-medium-replay-v2,0,rnn,4,54,5,4.557668212526694,6.877176954990879,0.048628984602939025,20000,20000,20,,
walker2d-medium-replay-v2,0,rnn,4,55,2,4.642931854794916,7.170473993318701,0.05070290784997437,20000,20000,20,,
walker2d-medium-replay-v2,0,rnn,4,56,5,4.77856093298378,7.497754118582534,0.053017127809190746,20000,20000,20,,
walker2d-medium-replay-v2,0,rnn,4,57,3,4.868380342675696,7.613049571481243,0.053832389775037265,20000,20000,20,,
walker2d-medium-replay-v2,0,rnn,4,58,4,4.930846210316648,7.54098902608369,0.053322844771971155,20000,20000,20,,
walker2d-medium-replay-v2,0,rnn,4,59,5,4.979076613522459,7.540361269202011,0.05331840586049144,20000,20000,20,,
walker2d-medium-replay-v2,0,rnn,4,60,3,5.074718448447603,7.661809956931594,0.0541771777670894,20000,20000,20,,
walker2d-medium-replay-v2,0,rnn,4,61,2,5.09537524035177,7.628825959937914,0.053943945687640715,20000,20000,20,,
walker2d-medium-replay-v2,0,rnn,4,62,1,5.194674433763632,7.8217852909972585,0.05530837420249354,20000,20000,20,,
walker2d-medium-replay-v2,0,rnn,4,63,4,5.297244249983589,7.925195899864404,0.056039597630259425,20000,20000,20,,
walker2d-medium-replay-v2,0,rnn,4,64,5,5.377529050459579,7.875541877340189,0.05568849066985881,20000,20000,20,,
walker2d-medium-replay-v2,0,rnn,4,65,2,5.452411458303034,8.143822225318027,0.057585519203000965,20000,20000,20,,
walker2d-medium-replay-v2,0,rnn,4,66,1,5.580884114740824,8.444798873152404,0.0597137454896258,20000,20000,20,,
walker2d-medium-replay-v2,0,rnn,4,67,5,5.705386898143859,8.79541880408171,0.0621930027974185,20000,20000,20,,
walker2d-medium-replay-v2,0,rnn,4,68,3,5.7589947401710715,8.611660898867031,0.06089363818867917,20000,20000,20,,
walker2d-medium-replay-v2,0,rnn,4,69,4,5.848205856254713,8.598971426888093,0.06080391007181933,20000,20000,20,,
walker2d-medium-replay-v2,0,rnn,4,70,2,5.985973341893553,8.874406272113426,0.06275152854015832,20000,20000,20,,
walker2d-medium-replay-v2,0,rnn,4,71,1,6.1216651040164844,9.557159769646216,0.06757932482000101,20000,20000,20,,
walker2d-medium-replay-v2,0,rnn,4,72,5,6.170599154948391,9.462817703901166,0.0669122256756063,20000,20000,20,,
walker2d-medium-replay-v2,0,rnn,4,73,3,6.272029256898464,9.821316547403288,0.06944719530848516,20000,20000,20,,
walker2d-medium-replay-v2,0,rnn,4,74,5,6.4078879593103135,9.790339049520265,0.06922815132031238,20000,20000,20,,
walker2d-medium-replay-v2,0,rnn,4,75,3,6.53552430079184,10.115919985470278,0.07153035619666555,20000,20000,20,,
walker2d-medium-replay-v2,0,rnn,4,76,5,6.663011488977752,10.687139518853344,0.07556948825267937,20000,20000,20,,
walker2d-medium-replay-v2,0,rnn,4,77,3,6.7365217708080385,10.544628047719424,0.07456177997632271,20000,20000,20,,
walker2d-medium-replay-v2,0,rnn,4,78,2,6.825751877922999,11.301399788218594,0.0799129642714958,20000,20000,20,,
walker2d-medium-replay-v2,0,rnn,4,79,5,6.921605731277878,11.183130873625597,0.07907667675637299,20000,20000,20,,
walker2d-medium-replay-v2,0,rnn,4,80,4,7.00744651853846,11.629989062916792,0.08223644131513845,20000,20000,20,,
walker2d-medium-replay-v2,0,rnn,4,81,4,7.130248418425278,11.813908933148408,0.0835369511894957,20000,20000,20,,
walker2d-medium-replay-v2,0,rnn,4,82,4,7.243601399526342,11.918973036194611,0.08427986658672823,20000,20000,20,,
walker2d-medium-replay-v2,0,rnn,4,83,5,7.35820394535222,11.839487662386594,0.08371782011848025,20000,20000,20,,
walker2d-medium-replay-v2,0,rnn,4,84,1,7.472833841358003,12.7658568012731,0.09026823911836618,20000,20000,20,,
walker2d-medium-replay-v2,0,rnn,4,85,5,7.555333600476081,13.312029637005532,0.09413026427682906,20000,20000,20,,
walker2d-medium-replay-v2,0,rnn,4,86,5,7.635814561276921,13.323999179663936,0.09421490172464365,20000,20000,20,,
walker2d-medium-replay-v2,0,rnn,4,87,3,7.757423649784192,13.875141910547356,0.09811206934873704,20000,20000,20,,
walker2d-medium-replay-v2,0,rnn,4,88,2,7.915717131619648,14.178806697390907,0.10025930364858347,20000,20000,20,,
walker2d-medium-replay-v2,0,rnn,4,89,3,8.051714660566871,14.44277522256643,0.10212584299029771,20000,20000,20,,
walker2d-medium-replay-v2,0,rnn,4,90,4,8.143898265988303,14.466008835291863,0.10229012944139386,20000,20000,20,,
walker2d-medium-replay-v2,0,rnn,4,91,2,8.296712648950596,15.384163056107504,0.10878246019853176,20000,20000,20,,
walker2d-medium-replay-v2,0,rnn,4,92,2,8.485186287392596,16.025598841856805,0.11331809613652229,20000,20000,20,,
walker2d-medium-replay-v2,0,rnn,4,93,4,8.576593654844979,15.9956318022295,0.11310619716719676,20000,20000,20,,
walker2d-medium-replay-v2,0,rnn,4,94,5,8.67774286097979,15.718299703681971,0.11114516309196022,20000,20000,20,,
walker2d-medium-replay-v2,0,rnn,4,95,5,8.8413820789697,16.21192027578184,0.11463558763061021,20000,20000,20,,
walker2d-medium-replay-v2,0,rnn,4,96,3,8.980549902724873,16.433026453671378,0.11619904440808954,20000,20000,20,,
walker2d-medium-replay-v2,0,rnn,4,97,3,9.113872437733574,16.620467826235497,0.11752445506423957,20000,20000,20,,
walker2d-medium-replay-v2,0,rnn,4,98,2,9.278569988468776,17.613280712034047,0.12454470230421497,20000,20000,20,,
walker2d-medium-replay-v2,0,rnn,4,99,2,9.50383577020137,18.110519007217672,0.12806070800811475,20000,20000,20,,
walker2d-medium-replay-v2,0,rnn,4,100,1,9.71258053414528,19.034234744061298,0.13459236462222332,20000,20000,20,,
walker2d-medium-replay-v2,0,rnn,5,1,1,0.20553146493766103,0.5815031175866762,0.00411184797726657,20000,20000,20,,
walker2d-medium-replay-v2,0,rnn,5,2,3,0.22558605576816645,0.7373978310581828,0.005214190067734932,20000,20000,20,,
walker2d-medium-replay-v2,0,rnn,5,3,2,0.28189509160858717,0.8433715138021576,0.005963537164690696,20000,20000,20,,
walker2d-medium-replay-v2,0,rnn,5,4,1,0.4420848004028735,1.2086489602284562,0.008546438758516111,20000,20000,20,,
walker2d-medium-replay-v2,0,rnn,5,5,4,0.48673192361657747,1.2982728826657315,0.009180175591635456,20000,20000,20,,
walker2d-medium-replay-v2,0,rnn,5,6,2,0.545347672138612,1.4155353648119982,0.010009346554679372,20000,20000,20,,
walker2d-medium-replay-v2,0,rnn,5,7,1,0.6955514889191964,1.6413713481520604,0.011606248107236275,20000,20000,20,,
walker2d-medium-replay-v2,0,rnn,5,8,1,0.830667527987262,2.015438904614896,0.014251305165203803,20000,20000,20,,
walker2d-medium-replay-v2,0,rnn,5,9,2,0.8955799455039302,2.142988075140532,0.015153213999337767,20000,20000,20,,
walker2d-medium-replay-v2,0,rnn,5,10,5,0.9697728737865102,2.3173098434687174,0.016385855044270668,20000,20000,20,,
walker2d-medium-replay-v2,0,rnn,5,11,2,1.024108676402423,2.428532805866988,0.017172320153625405,20000,20000,20,,
walker2d-medium-replay-v2,0,rnn,5,12,1,1.146235471886896,2.609620572263326,0.018452804029713166,20000,20000,20,,
walker2d-medium-replay-v2,0,rnn,5,13,5,1.1941630863388328,2.7089701139043973,0.019155311375734934,20000,20000,20,,
walker2d-medium-replay-v2,0,rnn,5,14,3,1.246754844110282,2.8671637802033185,0.020273909517542224,20000,20000,20,,
walker2d-medium-replay-v2,0,rnn,5,15,5,1.3038019601723405,2.95471572801677,0.020892995277592048,20000,20000,20,,
walker2d-medium-replay-v2,0,rnn,5,16,1,1.4295969285808,3.082466229867956,0.021796327739181626,20000,20000,20,,
walker2d-medium-replay-v2,0,rnn,5,17,4,1.489689037933203,3.1602347316086905,0.02234623408861754,20000,20000,20,,
walker2d-medium-replay-v2,0,rnn,5,18,5,1.557615418145861,3.2497290643016195,0.02297905458386689,20000,20000,20,,
walker2d-medium-replay-v2,0,rnn,5,19,2,1.6189216366712402,3.3545645592018136,0.02372035347739664,20000,20000,20,,
walker2d-medium-replay-v2,0,rnn,5,20,2,1.6824999421115463,3.4556175997123004,0.02443490637944148,20000,20000,20,,
walker2d-medium-replay-v2,0,rnn,5,21,3,1.7223724153273012,3.486127867163549,0.024650646549547413,20000,20000,20,,
walker2d-medium-replay-v2,0,rnn,5,22,3,1.781570677533627,3.529891170583037,0.024960099835697858,20000,20000,20,,
walker2d-medium-replay-v2,0,rnn,5,23,4,1.8473874470196616,3.6238759897042727,0.025624672864990025,20000,20000,20,,
walker2d-medium-replay-v2,0,rnn,5,24,2,1.900535570652079,3.6266783128577265,0.025644488282038858,20000,20000,20,,
walker2d-medium-replay-v2,0,rnn,5,25,3,1.949972039248576,3.7500079022944868,0.026516560172155715,20000,20000,20,,
walker2d-medium-replay-v2,0,rnn,5,26,4,2.0230221487869167,3.851994692965584,0.027237715684905572,20000,20000,20,,
walker2d-medium-replay-v2,0,rnn,5,27,2,2.0865188507878987,3.913579696754966,0.027673187422894287,20000,20000,20,,
walker2d-medium-replay-v2,0,rnn,5,28,2,2.1633125468406234,3.996135767403659,0.02825694699673235,20000,20000,20,,
walker2d-medium-replay-v2,0,rnn,5,29,5,2.2378138063067703,4.129094210507103,0.02919710516407686,20000,20000,20,,
walker2d-medium-replay-v2,0,rnn,5,30,4,2.3347921592304854,4.333022320925044,0.03063909466158771,20000,20000,20,,
walker2d-medium-replay-v2,0,rnn,5,31,5,2.4128404550231433,4.405165153407164,0.031149221522208833,20000,20000,20,,
walker2d-medium-replay-v2,0,rnn,5,32,5,2.4899060738784335,4.488067656905561,0.031735430746219415,20000,20000,20,,
walker2d-medium-replay-v2,0,rnn,5,33,3,2.5591938509959786,4.610101220621827,0.032598338350580736,20000,20000,20,,
walker2d-medium-replay-v2,0,rnn,5,34,5,2.6524843488186307,4.700605831799686,0.0332383025935059,20000,20000,20,,
walker2d-medium-replay-v2,0,rnn,5,35,4,2.7318929910051466,4.834229534567779,0.03418316485705164,20000,20000,20,,
walker2d-medium-replay-v2,0,rnn,5,36,3,2.832710462267842,4.958132132752505,0.03505928853088216,20000,20000,20,,
walker2d-medium-replay-v2,0,rnn,5,37,5,2.9125520710239075,5.0598738002590675,0.03577871076111333,20000,20000,20,,
walker2d-medium-replay-v2,0,rnn,5,38,4,2.999111865183094,5.134557953840658,0.03630680747556053,20000,20000,20,,
walker2d-medium-replay-v2,0,rnn,5,39,2,3.108703289536621,5.247095351570353,0.03710256704627808,20000,20000,20,,
walker2d-medium-replay-v2,0,rnn,5,40,5,3.217094283293114,5.407242429643403,0.03823497789520473,20000,20000,20,,
walker2d-medium-replay-v2,0,rnn,5,41,5,3.265979457398184,5.430494067882548,0.03839939180593069,20000,20000,20,,
walker2d-medium-replay-v2,0,rnn,5,42,1,3.3614983779101064,5.485137996742078,0.038785782732403185,20000,20000,20,,
walker2d-medium-replay-v2,0,rnn,5,43,4,3.440432914033933,5.5922299695558575,0.03954303733427587,20000,20000,20,,
walker2d-medium-replay-v2,0,rnn,5,44,3,3.506388115370951,5.688955208696251,0.0402269880593565,20000,20000,20,,
walker2d-medium-replay-v2,0,rnn,5,45,2,3.596114256747781,5.715853281657147,0.040417186157271495,20000,20000,20,,
walker2d-medium-replay-v2,0,rnn,5,46,1,3.7218589811719656,5.793803514362348,0.04096837753868066,20000,20000,20,,
walker2d-medium-replay-v2,0,rnn,5,47,3,3.8425992355558454,5.932484323663916,0.04194899894545644,20000,20000,20,,
walker2d-medium-replay-v2,0,rnn,5,48,4,3.9115576467982986,6.05031136547529,0.04278216194817617,20000,20000,20,,
walker2d-medium-replay-v2,0,rnn,5,49,1,4.046511092835244,6.237628769244471,0.04410669601257063,20000,20000,20,,
walker2d-medium-replay-v2,0,rnn,5,50,3,4.138131318767186,6.339058446273713,0.04482391213698002,20000,20000,20,,
walker2d-medium-replay-v2,0,rnn,5,51,4,4.210857909708923,6.425972025117019,0.045438483946752956,20000,20000,20,,
walker2d-medium-replay-v2,0,rnn,5,52,1,4.337323835923923,6.53582754926305,0.04621527980749757,20000,20000,20,,
walker2d-medium-replay-v2,0,rnn,5,53,5,4.399121275622326,6.618105624238867,0.04679707365508132,20000,20000,20,,
walker2d-medium-replay-v2,0,rnn,5,54,1,4.554998425046633,6.752693421923301,0.04774875309915758,20000,20000,20,,
walker2d-medium-replay-v2,0,rnn,5,55,4,4.6305447458297335,6.787568862978569,0.047995359707828096,20000,20000,20,,
walker2d-medium-replay-v2,0,rnn,5,56,3,4.671978889836775,6.824921653259526,0.04825948382086714,20000,20000,20,,
walker2d-medium-replay-v2,0,rnn,5,57,3,4.754933925892648,6.9704355356240075,0.0492884223506342,20000,20000,20,,
walker2d-medium-replay-v2,0,rnn,5,58,4,4.844725410718306,7.101903065664482,0.05021803817060886,20000,20000,20,,
walker2d-medium-replay-v2,0,rnn,5,59,3,4.940794156744542,7.181363268112674,0.05077990665046458,20000,20000,20,,
walker2d-medium-replay-v2,0,rnn,5,60,1,5.062402505323006,7.237526900626499,0.05117704350453053,20000,20000,20,,
walker2d-medium-replay-v2,0,rnn,5,61,5,5.12447572409351,7.414205548504344,0.05242635020458348,20000,20000,20,,
walker2d-medium-replay-v2,0,rnn,5,62,2,5.2419889379956,7.653868862184337,0.05412102574763109,20000,20000,20,,
walker2d-medium-replay-v2,0,rnn,5,63,4,5.339676634167557,7.711028652950876,0.05452520650425333,20000,20000,20,,
walker2d-medium-replay-v2,0,rnn,5,64,2,5.452596799681777,7.943359536606615,0.05616803393737369,20000,20000,20,,
walker2d-medium-replay-v2,0,rnn,5,65,2,5.527648127932574,8.059190586768269,0.05698708314778633,20000,20000,20,,
walker2d-medium-replay-v2,0,rnn,5,66,5,5.621861395179528,8.117728018410867,0.05740100529646359,20000,20000,20,,
walker2d-medium-replay-v2,0,rnn,5,67,3,5.684131604325355,8.096344892922737,0.05724980376610739,20000,20000,20,,
walker2d-medium-replay-v2,0,rnn,5,68,3,5.763851853025416,8.158492902009412,0.0576892565527317,20000,20000,20,,
walker2d-medium-replay-v2,0,rnn,5,69,2,5.843912070560339,8.242381959425526,0.058282441766394515,20000,20000,20,,
walker2d-medium-replay-v2,0,rnn,5,70,4,5.887022879200547,8.168213019293379,0.05775798816118592,20000,20000,20,,
walker2d-medium-replay-v2,0,rnn,5,71,1,6.008936949774771,8.315514251757612,0.058799565164711874,20000,20000,20,,
walker2d-medium-replay-v2,0,rnn,5,72,3,6.060553806943084,8.240276856507188,0.058267556440908,20000,20000,20,,
walker2d-medium-replay-v2,0,rnn,5,73,5,6.193372267284241,8.581677218378205,0.06068162155069337,20000,20000,20,,
walker2d-medium-replay-v2,0,rnn,5,74,2,6.32702059480111,8.61186532178148,0.06089508367696953,20000,20000,20,,
walker2d-medium-replay-v2,0,rnn,5,75,5,6.429253132962806,8.87278621400593,0.06274007299942107,20000,20000,20,,
walker2d-medium-replay-v2,0,rnn,5,76,1,6.566303124136456,9.134699390269718,0.06459207882960338,20000,20000,20,,
walker2d-medium-replay-v2,0,rnn,5,77,3,6.658904772511452,9.173801701176158,0.06486857392162347,20000,20000,20,,
walker2d-medium-replay-v2,0,rnn,5,78,5,6.798655342291606,9.43493621720426,0.06671507379247685,20000,20000,20,,
walker2d-medium-replay-v2,0,rnn,5,79,1,6.89477544422301,9.571365315035687,0.06767977319475449,20000,20000,20,,
walker2d-medium-replay-v2,0,rnn,5,80,1,7.069974175793418,10.096432841067749,0.07139256127713564,20000,20000,20,,
walker2d-medium-replay-v2,0,rnn,5,81,3,7.2085657813914255,10.278267162517366,0.07267832409463043,20000,20000,20,,
walker2d-medium-replay-v2,0,rnn,5,82,1,7.380069876217746,10.997055679031988,0.07776092643729551,20000,20000,20,,
walker2d-medium-replay-v2,0,rnn,5,83,5,7.455698919363702,11.024446950523405,0.07795461197546454,20000,20000,20,,
walker2d-medium-replay-v2,0,rnn,5,84,1,7.692169179079926,11.756755695068838,0.08313281676736738,20000,20000,20,,
walker2d-medium-replay-v2,0,rnn,5,85,3,7.76023583545094,11.972484786173816,0.08465825179956277,20000,20000,20,,
walker2d-medium-replay-v2,0,rnn,5,86,3,7.882003500236977,12.2771420455648,0.0868125039400935,20000,20000,20,,
walker2d-medium-replay-v2,0,rnn,5,87,1,8.027347849209265,12.877110163662172,0.09105491918811734,20000,20000,20,,
walker2d-medium-replay-v2,0,rnn,5,88,5,8.112126880243865,12.897638278057826,0.09120007487705875,20000,20000,20,,
walker2d-medium-replay-v2,0,rnn,5,89,5,8.247026201436107,13.59571655808772,0.09613623373314054,20000,20000,20,,
walker2d-medium-replay-v2,0,rnn,5,90,2,8.40246288239524,13.754863036650477,0.09726156927507738,20000,20000,20,,
walker2d-medium-replay-v2,0,rnn,5,91,1,8.531586459720383,14.069853732082343,0.09948888984258278,20000,20000,20,,
walker2d-medium-replay-v2,0,rnn,5,92,5,8.649464333581154,14.65266508758676,0.10360998845887975,20000,20000,20,,
walker2d-medium-replay-v2,0,rnn,5,93,2,8.787291311998077,15.236041189511639,0.10773508043541231,20000,20000,20,,
walker2d-medium-replay-v2,0,rnn,5,94,1,8.919557667493596,15.796952893666337,0.11170132513195921,20000,20000,20,,
walker2d-medium-replay-v2,0,rnn,5,95,5,9.029421201387299,15.749025547575815,0.11136242761771038,20000,20000,20,,
walker2d-medium-replay-v2,0,rnn,5,96,1,9.295773311534116,17.16569837212128,0.12137981722729836,20000,20000,20,,
walker2d-medium-replay-v2,0,rnn,5,97,5,9.42467238373249,17.88512587209834,0.12646693786535698,20000,20000,20,,
walker2d-medium-replay-v2,0,rnn,5,98,5,9.654867425903856,18.630949704352375,0.13174070875893065,20000,20000,20,,
walker2d-medium-replay-v2,0,rnn,5,99,4,9.833130821400424,18.659916915694005,0.13194553787464797,20000,20000,20,,
walker2d-medium-replay-v2,0,rnn,5,100,3,9.989904738551683,18.880579831447637,0.13350586031550585,20000,20000,20,,
walker2d-medium-replay-v2,0,rnn,6,1,4,0.0791211949634243,0.243267293382792,0.0017201595279186955,20000,20000,20,,
walker2d-medium-replay-v2,0,rnn,6,2,3,0.12866846977974997,0.39044446360745233,0.002760859278935737,20000,20000,20,,
walker2d-medium-replay-v2,0,rnn,6,3,4,0.17532788379468717,0.5186150443899801,0.0036671621471351724,20000,20000,20,,
walker2d-medium-replay-v2,0,rnn,6,4,1,0.34028191564701044,0.9633916287519254,0.006812207536288393,20000,20000,20,,
walker2d-medium-replay-v2,0,rnn,6,5,3,0.36580638427929435,1.061339312246057,0.0075048022482905345,20000,20000,20,,
walker2d-medium-replay-v2,0,rnn,6,6,3,0.4245286445725862,1.1698730175246808,0.008272251438188705,20000,20000,20,,
walker2d-medium-replay-v2,0,rnn,6,7,5,0.4895488218589828,1.3279096578823892,0.009389739238917458,20000,20000,20,,
walker2d-medium-replay-v2,0,rnn,6,8,4,0.5706865515932256,1.492541799310748,0.01055386427497001,20000,20000,20,,
walker2d-medium-replay-v2,0,rnn,6,9,1,0.7180369691830081,1.7686322278112259,0.012506118417103885,20000,20000,20,,
walker2d-medium-replay-v2,0,rnn,6,10,4,0.7583688735115856,1.8912250648984155,0.01337298068139638,20000,20000,20,,
walker2d-medium-replay-v2,0,rnn,6,11,2,0.8103357267315513,1.985623356827756,0.01404047740495302,20000,20000,20,,
walker2d-medium-replay-v2,0,rnn,6,12,5,0.9011761076098185,2.203375713895853,0.015580219087975078,20000,20000,20,,
walker2d-medium-replay-v2,0,rnn,6,13,5,0.9782456608842193,2.374539909240829,0.01679053272022279,20000,20000,20,,
walker2d-medium-replay-v2,0,rnn,6,14,2,1.0525594148582273,2.5059489234969123,0.017719734771117955,20000,20000,20,,
walker2d-medium-replay-v2,0,rnn,6,15,2,1.1137715013100102,2.5680418147901016,0.018158797816086886,20000,20000,20,,
walker2d-medium-replay-v2,0,rnn,6,16,5,1.1707250307485604,2.6617034286002728,0.018821085438707363,20000,20000,20,,
walker2d-medium-replay-v2,0,rnn,6,17,2,1.2241703921969376,2.744041258154771,0.01940330181496904,20000,20000,20,,
walker2d-medium-replay-v2,0,rnn,6,18,5,1.280826504617865,2.8082583013096936,0.01985738488179499,20000,20000,20,,
walker2d-medium-replay-v2,0,rnn,6,19,5,1.36646719034549,2.9569290816312095,0.020908646051091384,20000,20000,20,,
walker2d-medium-replay-v2,0,rnn,6,20,3,1.446023958758262,3.0939449544806763,0.0218774945793119,20000,20000,20,,
walker2d-medium-replay-v2,0,rnn,6,21,3,1.4959504264125734,3.132371456442674,0.02214921098045797,20000,20000,20,,
walker2d-medium-replay-v2,0,rnn,6,22,4,1.552112208630187,3.220402699954973,0.02277168587289628,20000,20000,20,,
walker2d-medium-replay-v2,0,rnn,6,23,4,1.6266816647455833,3.3561485457466667,0.02373155395366838,20000,20000,20,,
walker2d-medium-replay-v2,0,rnn,6,24,3,1.681390657340298,3.4067570277564574,0.024089409961815182,20000,20000,20,,
walker2d-medium-replay-v2,0,rnn,6,25,1,1.77905425885771,3.4376236978659525,0.024307670279285903,20000,20000,20,,
walker2d-medium-replay-v2,0,rnn,6,26,3,1.8538431674512321,3.5578518387302074,0.025157811616231564,20000,20000,20,,
walker2d-medium-replay-v2,0,rnn,6,27,2,1.9206657591830314,3.673365403073122,0.0259746158628906,20000,20000,20,,
walker2d-medium-replay-v2,0,rnn,6,28,3,2.02772905023305,3.8369402598637308,0.027131264767573177,20000,20000,20,,
walker2d-medium-replay-v2,0,rnn,6,29,1,2.10968087313229,3.9123793809113354,0.02766469990816832,20000,20000,20,,
walker2d-medium-replay-v2,0,rnn,6,30,1,2.2300115418663715,4.087613558407051,0.028903792660196995,20000,20000,20,,
walker2d-medium-replay-v2,0,rnn,6,31,2,2.328211332083666,4.220702923231677,0.029844876583910027,20000,20000,20,,
walker2d-medium-replay-v2,0,rnn,6,32,5,2.405702397372893,4.303139242431672,0.03042778938713378,20000,20000,20,,
walker2d-medium-replay-v2,0,rnn,6,33,1,2.5549444566001593,4.522018289519436,0.031975497971687854,20000,20000,20,,
walker2d-medium-replay-v2,0,rnn,6,34,2,2.6424068382092774,4.719660171582712,0.033373037122222,20000,20000,20,,
walker2d-medium-replay-v2,0,rnn,6,35,4,2.745124345642889,4.863092127900961,0.03438725421173686,20000,20000,20,,
walker2d-medium-replay-v2,0,rnn,6,36,4,2.833729738922338,4.866154408136524,0.034408907802941466,20000,20000,20,,
walker2d-medium-replay-v2,0,rnn,6,37,3,2.918017410888642,5.001867430078389,0.03536854378404558,20000,20000,20,,
walker2d-medium-replay-v2,0,rnn,6,38,3,2.9922709462913195,5.163070192662973,0.036508419449741224,20000,20000,20,,
walker2d-medium-replay-v2,0,rnn,6,39,4,3.062914391444473,5.351900109332185,0.037843648595418125,20000,20000,20,,
walker2d-medium-replay-v2,0,rnn,6,40,5,3.1060086813404943,5.3395696462760975,0.03775645905499683,20000,20000,20,,
walker2d-medium-replay-v2,0,rnn,6,41,1,3.2154159254170858,5.394403844224825,0.03814419538710154,20000,20000,20,,
walker2d-medium-replay-v2,0,rnn,6,42,1,3.3364317341849485,5.471957073286659,0.038692579528826904,20000,20000,20,,
walker2d-medium-replay-v2,0,rnn,6,43,5,3.4047826933765553,5.562601038018685,0.0393335291501834,20000,20000,20,,
walker2d-medium-replay-v2,0,rnn,6,44,4,3.4711277943100054,5.6849931216051885,0.04019897187285908,20000,20000,20,,
walker2d-medium-replay-v2,0,rnn,6,45,4,3.5789013315815987,5.838752994583958,0.04128621836143578,20000,20000,20,,
walker2d-medium-replay-v2,0,rnn,6,46,4,3.655397831983127,5.835247286919078,0.04126142926480883,20000,20000,20,,
walker2d-medium-replay-v2,0,rnn,6,47,2,3.7539375320373263,5.980696652577798,0.04228991159257446,20000,20000,20,,
walker2d-medium-replay-v2,0,rnn,6,48,1,3.821305842490084,5.98877179034772,0.04234701143933573,20000,20000,20,,
walker2d-medium-replay-v2,0,rnn,6,49,3,3.901801510633322,6.1502538220082155,0.04348886183560491,20000,20000,20,,
walker2d-medium-replay-v2,0,rnn,6,50,1,4.024640034021597,6.250808840094197,0.044199893187314244,20000,20000,20,,
walker2d-medium-replay-v2,0,rnn,6,51,2,4.117912805521836,6.333879473165703,0.04478729126693745,20000,20000,20,,
walker2d-medium-replay-v2,0,rnn,6,52,2,4.223807764766368,6.4547970170883895,0.045642307419658995,20000,20000,20,,
walker2d-medium-replay-v2,0,rnn,6,53,3,4.306912750947175,6.606708248051621,0.046716482035183964,20000,20000,20,,
walker2d-medium-replay-v2,0,rnn,6,54,4,4.414684402872537,6.742456606229661,0.04767636788121028,20000,20000,20,,
walker2d-medium-replay-v2,0,rnn,6,55,1,4.517643250625753,6.664328637581002,0.04712391971689232,20000,20000,20,,
walker2d-medium-replay-v2,0,rnn,6,56,1,4.63038924264724,6.928318093051803,0.048990607058143794,20000,20000,20,,
walker2d-medium-replay-v2,0,rnn,6,57,2,4.713621090978587,6.982163306895489,0.0493713502165769,20000,20000,20,,
walker2d-medium-replay-v2,0,rnn,6,58,5,4.71814769093631,6.940475415321007,0.049076572308320035,20000,20000,20,,
walker2d-medium-replay-v2,0,rnn,6,59,1,4.860237935268494,7.10315121991221,0.050226863953934206,20000,20000,20,,
walker2d-medium-replay-v2,0,rnn,6,60,5,4.995264217897372,7.234257642217375,0.0511539263566251,20000,20000,20,,
walker2d-medium-replay-v2,0,rnn,6,61,5,5.140895370994636,7.422968053451254,0.052488310471264885,20000,20000,20,,
walker2d-medium-replay-v2,0,rnn,6,62,1,5.232528736867436,7.521137657994078,0.05318247440205121,20000,20000,20,,
walker2d-medium-replay-v2,0,rnn,6,63,1,5.323725789914322,7.747240402637968,0.05478126224187706,20000,20000,20,,
walker2d-medium-replay-v2,0,rnn,6,64,2,5.385895457815179,7.791314705911577,0.05509291462908547,20000,20000,20,,
walker2d-medium-replay-v2,0,rnn,6,65,5,5.4525687828047475,7.751536625024928,0.0548116411217101,20000,20000,20,,
walker2d-medium-replay-v2,0,rnn,6,66,4,5.558895963521521,7.841632239218156,0.05544871331922209,20000,20000,20,,
walker2d-medium-replay-v2,0,rnn,6,67,3,5.6481822234932375,7.9260867064005485,0.05604589658368376,20000,20000,20,,
walker2d-medium-replay-v2,0,rnn,6,68,2,5.713552802132817,8.08403828685834,0.05716278292009212,20000,20000,20,,
walker2d-medium-replay-v2,0,rnn,6,69,1,5.777245370492898,8.115374745657837,0.0573843651452471,20000,20000,20,,
walker2d-medium-replay-v2,0,rnn,6,70,1,5.851109003998159,8.138046713307682,0.05754468016592757,20000,20000,20,,
walker2d-medium-replay-v2,0,rnn,6,71,1,6.011641774680634,8.394489555982382,0.059358004896347925,20000,20000,20,,
walker2d-medium-replay-v2,0,rnn,6,72,4,6.094884282478445,8.562300399250624,0.06054460674866399,20000,20000,20,,
walker2d-medium-replay-v2,0,rnn,6,73,4,6.212364638485354,8.659345560818352,0.061230819666922835,20000,20000,20,,
walker2d-medium-replay-v2,0,rnn,6,74,4,6.320437358844696,8.775155890897327,0.0620497223642258,20000,20000,20,,
walker2d-medium-replay-v2,0,rnn,6,75,2,6.387746999707874,8.856401696733537,0.0626242169667233,20000,20000,20,,
walker2d-medium-replay-v2,0,rnn,6,76,1,6.457662031573691,8.889751027145417,0.06286003234354601,20000,20000,20,,
walker2d-medium-replay-v2,0,rnn,6,77,1,6.592787341640535,9.245283938801805,0.0653740296712183,20000,20000,20,,
walker2d-medium-replay-v2,0,rnn,6,78,3,6.64667297349859,9.154818572856176,0.06473434293399152,20000,20000,20,,
walker2d-medium-replay-v2,0,rnn,6,79,1,6.829884049866567,9.420634246703305,0.06661394358922129,20000,20000,20,,
walker2d-medium-replay-v2,0,rnn,6,80,2,6.954497517763007,9.552408201599095,0.06754572616012712,20000,20000,20,,
walker2d-medium-replay-v2,0,rnn,6,81,4,7.051266027321079,9.749974081798197,0.06894272789632587,20000,20000,20,,
walker2d-medium-replay-v2,0,rnn,6,82,1,7.185583397877849,9.795704737470881,0.0692660924636685,20000,20000,20,,
walker2d-medium-replay-v2,0,rnn,6,83,1,7.410859503190928,10.312319807106151,0.0729191126536911,20000,20000,20,,
walker2d-medium-replay-v2,0,rnn,6,84,5,7.485835350848886,10.193307348047195,0.07207756748522835,20000,20000,20,,
walker2d-medium-replay-v2,0,rnn,6,85,4,7.542001828902665,10.344260528072121,0.07314496765760134,20000,20000,20,,
walker2d-medium-replay-v2,0,rnn,6,86,1,7.677659547180862,10.72271831060818,0.07582106830184204,20000,20000,20,,
walker2d-medium-replay-v2,0,rnn,6,87,1,7.916580845630044,11.58804683425599,0.08193986497209715,20000,20000,20,,
walker2d-medium-replay-v2,0,rnn,6,88,3,7.988706816584448,11.522840867749938,0.08147878916119462,20000,20000,20,,
walker2d-medium-replay-v2,0,rnn,6,89,5,8.096394210318884,11.273722029035058,0.07971725295942853,20000,20000,20,,
walker2d-medium-replay-v2,0,rnn,6,90,2,8.223268369579428,11.70064540777735,0.082736057120986,20000,20000,20,,
walker2d-medium-replay-v2,0,rnn,6,91,3,8.338831333562759,11.693585779991997,0.08268613801418924,20000,20000,20,,
walker2d-medium-replay-v2,0,rnn,6,92,1,8.501063310313762,12.917026790916033,0.09133717236625036,20000,20000,20,,
walker2d-medium-replay-v2,0,rnn,6,93,2,8.629266087127887,12.80713416167893,0.0905601141328906,20000,20000,20,,
walker2d-medium-replay-v2,0,rnn,6,94,4,8.737068315375401,12.766710504511005,0.0902742757118526,20000,20000,20,,
walker2d-medium-replay-v2,0,rnn,6,95,3,8.847846664478546,13.031213122597762,0.09214459166076003,20000,20000,20,,
walker2d-medium-replay-v2,0,rnn,6,96,3,8.982710809340597,13.175388645257037,0.0931640665582949,20000,20000,20,,
walker2d-medium-replay-v2,0,rnn,6,97,3,9.111840943742365,13.614790058694378,0.09627110374933988,20000,20000,20,,
walker2d-medium-replay-v2,0,rnn,6,98,5,9.24157846373972,13.92245000663199,0.09844658810420173,20000,20000,20,,
walker2d-medium-replay-v2,0,rnn,6,99,5,9.396070098269588,14.384598506492255,0.10171447148586557,20000,20000,20,,
walker2d-medium-replay-v2,0,rnn,6,100,5,9.54766154883198,14.710047004147087,0.10401573988205264,20000,20000,20,,
walker2d-medium-replay-v2,0,rnn,7,1,4,0.0796690661401273,0.24602024899985359,0.001739625863769994,20000,20000,20,,
walker2d-medium-replay-v2,0,rnn,7,2,4,0.12762731657499124,0.37743394441188066,0.0026688610154362723,20000,20000,20,,
walker2d-medium-replay-v2,0,rnn,7,3,1,0.29721319693891474,0.8343047096055324,0.005899425177379452,20000,20000,20,,
walker2d-medium-replay-v2,0,rnn,7,4,3,0.3102216746124078,0.9148148582533773,0.006468717898011733,20000,20000,20,,
walker2d-medium-replay-v2,0,rnn,7,5,3,0.37807369555056325,1.1576434013684294,0.008185774993034765,20000,20000,20,,
walker2d-medium-replay-v2,0,rnn,7,6,5,0.4317950640840045,1.1440053596252855,0.008089339475047943,20000,20000,20,,
walker2d-medium-replay-v2,0,rnn,7,7,5,0.521686944360912,1.4147606968708766,0.010003868825136025,20000,20000,20,,
walker2d-medium-replay-v2,0,rnn,7,8,1,0.6636646646002949,1.6641677295396953,0.01176744286589339,20000,20000,20,,
walker2d-medium-replay-v2,0,rnn,7,9,2,0.7370488978552312,1.9086641715543977,0.013496293787139185,20000,20000,20,,
walker2d-medium-replay-v2,0,rnn,7,10,1,0.851420897662638,2.0595098133873555,0.014562933549664401,20000,20000,20,,
walker2d-medium-replay-v2,0,rnn,7,11,4,0.9038710206396254,2.184587991162031,0.015447369826493697,20000,20000,20,,
walker2d-medium-replay-v2,0,rnn,7,12,5,0.9751085844076613,2.347626551381855,0.016600226541756982,20000,20000,20,,
walker2d-medium-replay-v2,0,rnn,7,13,3,1.0425087753042341,2.435018137000408,0.01721817836985222,20000,20000,20,,
walker2d-medium-replay-v2,0,rnn,7,14,5,1.124524996081135,2.6045050126244713,0.018416631560611182,20000,20000,20,,
walker2d-medium-replay-v2,0,rnn,7,15,3,1.201830536964842,2.7764054180294857,0.019632150984117205,20000,20000,20,,
walker2d-medium-replay-v2,0,rnn,7,16,5,1.2558398012548786,2.845548409722364,0.0201210657670928,20000,20000,20,,
walker2d-medium-replay-v2,0,rnn,7,17,4,1.2828656315486002,2.806303330903437,0.01984356115348216,20000,20000,20,,
walker2d-medium-replay-v2,0,rnn,7,18,3,1.343785356722277,2.926336661121996,0.02069232497114163,20000,20000,20,,
walker2d-medium-replay-v2,0,rnn,7,19,1,1.4444802633329648,3.0207408321632467,0.021359863266297262,20000,20000,20,,
walker2d-medium-replay-v2,0,rnn,7,20,3,1.5114018452744182,3.1456767454883954,0.022243293581556738,20000,20000,20,,
walker2d-medium-replay-v2,0,rnn,7,21,1,1.6350966096444943,3.3208921606394894,0.023482253663774284,20000,20000,20,,
walker2d-medium-replay-v2,0,rnn,7,22,5,1.6834237944351196,3.3493330967605575,0.02368336145171929,20000,20000,20,,
walker2d-medium-replay-v2,0,rnn,7,23,3,1.7705934159967456,3.5250701797202013,0.02492601028238636,20000,20000,20,,
walker2d-medium-replay-v2,0,rnn,7,24,1,1.8740886038795375,3.631950710552421,0.025681769763669166,20000,20000,20,,
walker2d-medium-replay-v2,0,rnn,7,25,1,1.9762439949047543,3.792080674022329,0.026814059594076425,20000,20000,20,,
walker2d-medium-replay-v2,0,rnn,7,26,1,2.0826800185904104,3.926403683780213,0.02776386670476829,20000,20000,20,,
walker2d-medium-replay-v2,0,rnn,7,27,4,2.16530485660234,4.033102002501697,0.02851833775185994,20000,20000,20,,
walker2d-medium-replay-v2,0,rnn,7,28,2,2.2707935474427927,4.246801631549042,0.030029422320224212,20000,20000,20,,
walker2d-medium-replay-v2,0,rnn,7,29,1,2.371556222123667,4.355782365161024,0.030800032477781382,20000,20000,20,,
walker2d-medium-replay-v2,0,rnn,7,30,1,2.458432227555536,4.418864314635415,0.031246089220219472,20000,20000,20,,
walker2d-medium-replay-v2,0,rnn,7,31,4,2.5245130956012236,4.495033514720595,0.03178468679919733,20000,20000,20,,
walker2d-medium-replay-v2,0,rnn,7,32,2,2.5774893318891112,4.570098840190459,0.032315478805914497,20000,20000,20,,
walker2d-medium-replay-v2,0,rnn,7,33,2,2.6641494375242107,4.696707122375527,0.03321073455478891,20000,20000,20,,
walker2d-medium-replay-v2,0,rnn,7,34,5,2.7248882422473844,4.82274535536732,0.03410195944716158,20000,20000,20,,
walker2d-medium-replay-v2,0,rnn,7,35,5,2.807322775289366,4.966943682918365,0.035121595599632606,20000,20000,20,,
walker2d-medium-replay-v2,0,rnn,7,36,5,2.9068472241587946,5.176189628458318,0.036601187869903525,20000,20000,20,,
walker2d-medium-replay-v2,0,rnn,7,37,3,2.981370885030843,5.2109087020163996,0.036846688793397864,20000,20000,20,,
walker2d-medium-replay-v2,0,rnn,7,38,4,3.0503549923168776,5.3389008633504895,0.03775173004557844,20000,20000,20,,
walker2d-medium-replay-v2,0,rnn,7,39,4,3.1236496191134733,5.378438587127266,0.03803130397153083,20000,20000,20,,
walker2d-medium-replay-v2,0,rnn,7,40,3,3.168475871515031,5.405392912005701,0.038221899830569304,20000,20000,20,,
walker2d-medium-replay-v2,0,rnn,7,41,2,3.25375001122644,5.526773551346273,0.03908019056239407,20000,20000,20,,
walker2d-medium-replay-v2,0,rnn,7,42,5,3.353985165908417,5.648314997699574,0.03993961837151047,20000,20000,20,,
walker2d-medium-replay-v2,0,rnn,7,43,3,3.425495504355443,5.706143745638873,0.040348529369664536,20000,20000,20,,
walker2d-medium-replay-v2,0,rnn,7,44,5,3.4967137207975254,5.6943254674047346,0.040264961522851445,20000,20000,20,,
walker2d-medium-replay-v2,0,rnn,7,45,1,3.628358790350685,5.8593656494514175,0.04143197184178616,20000,20000,20,,
walker2d-medium-replay-v2,0,rnn,7,46,2,3.7337239904677233,5.96977170476372,0.04221266054574002,20000,20000,20,,
walker2d-medium-replay-v2,0,rnn,7,47,3,3.8035757582197895,5.988565347607388,0.04234555166871958,20000,20000,20,,
walker2d-medium-replay-v2,0,rnn,7,48,5,3.8913442880204645,6.107025149436945,0.04318318896043652,20000,20000,20,,
walker2d-medium-replay-v2,0,rnn,7,49,2,3.990135149916861,6.267704085485341,0.044319360613173125,20000,20000,20,,
walker2d-medium-replay-v2,0,rnn,7,50,4,4.09148360796244,6.38501889385077,0.045148901578461076,20000,20000,20,,
walker2d-medium-replay-v2,0,rnn,7,51,4,4.207191410564176,6.593855241120252,0.04662559755158588,20000,20000,20,,
walker2d-medium-replay-v2,0,rnn,7,52,1,4.26352441581208,6.61480017091623,0.046773700570488,20000,20000,20,,
walker2d-medium-replay-v2,0,rnn,7,53,2,4.32900874631946,6.719198310127789,0.0475119068922855,20000,20000,20,,
walker2d-medium-replay-v2,0,rnn,7,54,5,4.430381730537398,6.784186528632918,0.0479714429923076,20000,20000,20,,
walker2d-medium-replay-v2,0,rnn,7,55,1,4.562569824336895,7.0038217221111125,0.04952449833926411,20000,20000,20,,
walker2d-medium-replay-v2,0,rnn,7,56,1,4.687853038119523,7.216309816773675,0.05102701606583718,20000,20000,20,,
walker2d-medium-replay-v2,0,rnn,7,57,5,4.7797332446705765,7.2187097823462505,0.051043986385147004,20000,20000,20,,
walker2d-medium-replay-v2,0,rnn,7,58,4,4.848406498273226,7.278013910081454,0.05146332989388616,20000,20000,20,,
walker2d-medium-replay-v2,0,rnn,7,59,4,4.920177033799291,7.387255924520315,0.05223578758588813,20000,20000,20,,
walker2d-medium-replay-v2,0,rnn,7,60,1,5.033182692917845,7.617837638598734,0.053866246522312804,20000,20000,20,,
walker2d-medium-replay-v2,0,rnn,7,61,2,5.137725008712209,7.824167740694996,0.0553252206658646,20000,20000,20,,
walker2d-medium-replay-v2,0,rnn,7,62,3,5.195049336417417,7.7714937896923235,0.054952759586405824,20000,20000,20,,
walker2d-medium-replay-v2,0,rnn,7,63,5,5.267475515834025,7.676472835800201,0.05428085997788649,20000,20000,20,,
walker2d-medium-replay-v2,0,rnn,7,64,4,5.370891413552322,7.912061303224253,0.05594672200673542,20000,20000,20,,
walker2d-medium-replay-v2,0,rnn,7,65,1,5.508062691495808,8.102839986710547,0.057295731014725425,20000,20000,20,,
walker2d-medium-replay-v2,0,rnn,7,66,5,5.589233251168305,8.349913556295455,0.05904280497977997,20000,20000,20,,
walker2d-medium-replay-v2,0,rnn,7,67,1,5.694268428627481,8.64525939661642,0.06113121544464191,20000,20000,20,,
walker2d-medium-replay-v2,0,rnn,7,68,1,5.820256678810645,8.80889644218737,0.06228830409040741,20000,20000,20,,
walker2d-medium-replay-v2,0,rnn,7,69,3,5.8882061401757015,8.697328937105699,0.06149940269637427,20000,20000,20,,
walker2d-medium-replay-v2,0,rnn,7,70,4,5.949285212725551,8.691365670635308,0.06145723603478192,20000,20000,20,,
walker2d-medium-replay-v2,0,rnn,7,71,3,6.086601494525577,9.020083569903715,0.06378162259148279,20000,20000,20,,
walker2d-medium-replay-v2,0,rnn,7,72,5,6.228985404996259,9.17003253908059,0.0648419219208518,20000,20000,20,,
walker2d-medium-replay-v2,0,rnn,7,73,3,6.316519889014577,9.270798608279385,0.06555444562929161,20000,20000,20,,
walker2d-medium-replay-v2,0,rnn,7,74,1,6.406145728167188,9.634423039575726,0.06812565864103905,20000,20000,20,,
walker2d-medium-replay-v2,0,rnn,7,75,1,6.503023870533068,9.596803253637642,0.067859646583603,20000,20000,20,,
walker2d-medium-replay-v2,0,rnn,7,76,4,6.57986614150497,10.021957879694074,0.07086594377497633,20000,20000,20,,
walker2d-medium-replay-v2,0,rnn,7,77,4,6.6518515664724385,10.02217103009994,0.07086745097595033,20000,20000,20,,
walker2d-medium-replay-v2,0,rnn,7,78,2,6.85412783442727,10.749209575674803,0.07600838983355024,20000,20000,20,,
walker2d-medium-replay-v2,0,rnn,7,79,2,6.96516643932214,10.750706228702308,0.07601897276859856,20000,20000,20,,
walker2d-medium-replay-v2,0,rnn,7,80,3,7.056314361743702,10.782949848822557,0.07624696959296888,20000,20000,20,,
walker2d-medium-replay-v2,0,rnn,7,81,2,7.121889198778744,11.095853070046886,0.07845952948879724,20000,20000,20,,
walker2d-medium-replay-v2,0,rnn,7,82,2,7.249589696315939,11.089176402741945,0.07841231832152674,20000,20000,20,,
walker2d-medium-replay-v2,0,rnn,7,83,1,7.39422879191986,11.192314123625641,0.07914161213985661,20000,20000,20,,
walker2d-medium-replay-v2,0,rnn,7,84,2,7.4826958843983205,11.224256456374173,0.07936747854079065,20000,20000,20,,
walker2d-medium-replay-v2,0,rnn,7,85,3,7.538699067896669,11.526278428251091,0.08150309638460566,20000,20000,20,,
walker2d-medium-replay-v2,0,rnn,7,86,1,7.667299083052579,11.744783859531895,0.08304816310645315,20000,20000,20,,
walker2d-medium-replay-v2,0,rnn,7,87,5,7.8275373145187945,11.676000382476978,0.08256179047586193,20000,20000,20,,
walker2d-medium-replay-v2,0,rnn,7,88,5,7.974118518500578,12.007400572706691,0.08490514369384136,20000,20000,20,,
walker2d-medium-replay-v2,0,rnn,7,89,5,8.110909864066937,12.332383058518326,0.08720311688868404,20000,20000,20,,
walker2d-medium-replay-v2,0,rnn,7,90,4,8.233070531763584,12.344515409513024,0.0872889055652849,20000,20000,20,,
walker2d-medium-replay-v2,0,rnn,7,91,4,8.281774528148972,11.833570343836648,0.08367597835774919,20000,20000,20,,
walker2d-medium-replay-v2,0,rnn,7,92,4,8.412801840910815,12.152981197129078,0.08593455416122577,20000,20000,20,,
walker2d-medium-replay-v2,0,rnn,7,93,1,8.519461024329217,12.10138769383378,0.08556973300077302,20000,20000,20,,
walker2d-medium-replay-v2,0,rnn,7,94,2,8.613155254880995,12.272800031600813,0.0867818012649141,20000,20000,20,,
walker2d-medium-replay-v2,0,rnn,7,95,1,8.822298355371293,12.50082332822307,0.08839416945801519,20000,20000,20,,
walker2d-medium-replay-v2,0,rnn,7,96,2,8.942646978369472,12.59314827283841,0.08904700540211699,20000,20000,20,,
walker2d-medium-replay-v2,0,rnn,7,97,4,9.1198582496119,12.82361214734296,0.0906766310869239,20000,20000,20,,
walker2d-medium-replay-v2,0,rnn,7,98,2,9.348020559925207,13.065032958910539,0.09238373401671386,20000,20000,20,,
walker2d-medium-replay-v2,0,rnn,7,99,1,9.516070797158218,13.363814298027405,0.09449643712652919,20000,20000,20,,
walker2d-medium-replay-v2,0,rnn,7,100,1,9.77358334054749,14.133275671691266,0.09993735067831751,20000,20000,20,,
walker2d-medium-replay-v2,0,rnn,8,1,2,0.09604630872328723,0.2864326950935274,0.0020253850105417196,20000,20000,20,,
walker2d-medium-replay-v2,0,rnn,8,2,1,0.26244031419792707,0.741068263259708,0.005240143942730771,20000,20000,20,,
walker2d-medium-replay-v2,0,rnn,8,3,4,0.2699919209223985,0.8119111604059925,0.00574107887244116,20000,20000,20,,
walker2d-medium-replay-v2,0,rnn,8,4,4,0.31172572451118546,0.871884543829117,0.0061651547335330814,20000,20000,20,,
walker2d-medium-replay-v2,0,rnn,8,5,2,0.3900622975140601,1.0498337519434622,0.007423445651177379,20000,20000,20,,
walker2d-medium-replay-v2,0,rnn,8,6,2,0.4760560399820917,1.2394244143485178,0.008764054081540022,20000,20000,20,,
walker2d-medium-replay-v2,0,rnn,8,7,2,0.5658879797790572,1.4857868629492912,0.010506099661893312,20000,20000,20,,
walker2d-medium-replay-v2,0,rnn,8,8,2,0.6379296129331282,1.6428307411153933,0.011616567573844161,20000,20000,20,,
walker2d-medium-replay-v2,0,rnn,8,9,3,0.7069091539311261,1.8203055957707468,0.012871504306013134,20000,20000,20,,
walker2d-medium-replay-v2,0,rnn,8,10,3,0.774370710315119,1.976460776033097,0.01397568817482229,20000,20000,20,,
walker2d-medium-replay-v2,0,rnn,8,11,1,0.9022448541791357,2.155823596234587,0.015243974839394459,20000,20000,20,,
walker2d-medium-replay-v2,0,rnn,8,12,1,1.0231962892093,2.3573847305995477,0.016669227288725625,20000,20000,20,,
walker2d-medium-replay-v2,0,rnn,8,13,1,1.1323518021489407,2.5631585091477613,0.018124267630743835,20000,20000,20,,
walker2d-medium-replay-v2,0,rnn,8,14,2,1.1858027285567279,2.6270744356581845,0.018576221481357246,20000,20000,20,,
walker2d-medium-replay-v2,0,rnn,8,15,5,1.2561150524645341,2.76739628638897,0.019568446803361096,20000,20000,20,,
walker2d-medium-replay-v2,0,rnn,8,16,4,1.3449921071176727,2.979474665948974,0.021068067406660427,20000,20000,20,,
walker2d-medium-replay-v2,0,rnn,8,17,5,1.413957922172255,3.096511894886562,0.021895645588990938,20000,20000,20,,
walker2d-medium-replay-v2,0,rnn,8,18,1,1.5261808859783268,3.2317798481970264,0.022852134459621483,20000,20000,20,,
walker2d-medium-replay-v2,0,rnn,8,19,1,1.5957087508547072,3.3181205584173363,0.02346265547651392,20000,20000,20,,
walker2d-medium-replay-v2,0,rnn,8,20,4,1.6225890352457009,3.3278839826086477,0.02353169331104669,20000,20000,20,,
walker2d-medium-replay-v2,0,rnn,8,21,4,1.6860769253821764,3.3890521570084924,0.02396421762015601,20000,20000,20,,
walker2d-medium-replay-v2,0,rnn,8,22,1,1.8085029292492611,3.5662732484619566,0.025217359975516267,20000,20000,20,,
walker2d-medium-replay-v2,0,rnn,8,23,5,1.8717336789537622,3.6419470267833702,0.025752454393607058,20000,20000,20,,
walker2d-medium-replay-v2,0,rnn,8,24,4,1.936215498040566,3.7300245762096678,0.02637525671830334,20000,20000,20,,
walker2d-medium-replay-v2,0,rnn,8,25,1,2.0134093837098406,3.792809902020704,0.026819216014703245,20000,20000,20,,
walker2d-medium-replay-v2,0,rnn,8,26,2,2.0839351775973,3.9265703855711354,0.027765045464436262,20000,20000,20,,
walker2d-medium-replay-v2,0,rnn,8,27,1,2.1968635023698746,4.070790779747127,0.028784837651508667,20000,20000,20,,
walker2d-medium-replay-v2,0,rnn,8,28,3,2.276115730302166,4.1754880910306325,0.029525159439314323,20000,20000,20,,
walker2d-medium-replay-v2,0,rnn,8,29,5,2.371251513917585,4.330321405293939,0.030619996304006046,20000,20000,20,,
walker2d-medium-replay-v2,0,rnn,8,30,2,2.444319100545345,4.389362624484358,0.031037480768596706,20000,20000,20,,
walker2d-medium-replay-v2,0,rnn,8,31,4,2.521698329393511,4.478653218353355,0.031668860612806125,20000,20000,20,,
walker2d-medium-replay-v2,0,rnn,8,32,1,2.6033387050549246,4.543985497105284,0.032130829586164714,20000,20000,20,,
walker2d-medium-replay-v2,0,rnn,8,33,4,2.681695760719199,4.703137619792202,0.033256205038086246,20000,20000,20,,
walker2d-medium-replay-v2,0,rnn,8,34,5,2.7183521349138844,4.750482903415865,0.03359098674916117,20000,20000,20,,
walker2d-medium-replay-v2,0,rnn,8,35,1,2.8244251533260414,4.800756092768439,0.033946471880191974,20000,20000,20,,
walker2d-medium-replay-v2,0,rnn,8,36,1,2.9863953864208104,5.074489374161563,0.03588205847528721,20000,20000,20,,
walker2d-medium-replay-v2,0,rnn,8,37,2,3.0726859111170057,5.181039219099094,0.03663547965418424,20000,20000,20,,
walker2d-medium-replay-v2,0,rnn,8,38,4,3.144615114561173,5.237567919536333,0.03703519792829259,20000,20000,20,,
walker2d-medium-replay-v2,0,rnn,8,39,3,3.2452959732733127,5.368600930194087,0.03796174123224646,20000,20000,20,,
walker2d-medium-replay-v2,0,rnn,8,40,3,3.338016756431515,5.541248928516401,0.03918254693596637,20000,20000,20,,
walker2d-medium-replay-v2,0,rnn,8,41,2,3.368959941675749,5.453588392722454,0.03856269334294292,20000,20000,20,,
walker2d-medium-replay-v2,0,rnn,8,42,1,3.4579281286068837,5.5816712575179,0.03946837596544951,20000,20000,20,,
walker2d-medium-replay-v2,0,rnn,8,43,3,3.552766982444892,5.72513942284428,0.04048284909131627,20000,20000,20,,
walker2d-medium-replay-v2,0,rnn,8,44,4,3.660528928761371,5.830309536998572,0.0412265141002829,20000,20000,20,,
walker2d-medium-replay-v2,0,rnn,8,45,2,3.7281079629113765,5.874413889894687,0.04153837897040978,20000,20000,20,,
walker2d-medium-replay-v2,0,rnn,8,46,2,3.8355705985922666,6.017459831504039,0.04254986652374165,20000,20000,20,,
walker2d-medium-replay-v2,0,rnn,8,47,5,3.9112649931482286,6.0888481859143395,0.043054658418754374,20000,20000,20,,
walker2d-medium-replay-v2,0,rnn,8,48,4,4.003875860510823,6.203719711042942,0.04386692276259113,20000,20000,20,,
walker2d-medium-replay-v2,0,rnn,8,49,3,4.062676823262758,6.190073468050059,0.043770429253011264,20000,20000,20,,
walker2d-medium-replay-v2,0,rnn,8,50,4,4.134769660366652,6.2228702121314035,0.04400233725441885,20000,20000,20,,
walker2d-medium-replay-v2,0,rnn,8,51,2,4.183910257168102,6.278312599035266,0.044394374131867746,20000,20000,20,,
walker2d-medium-replay-v2,0,rnn,8,52,2,4.257562682753477,6.296667523902574,0.04452416305028617,20000,20000,20,,
walker2d-medium-replay-v2,0,rnn,8,53,3,4.311434953976908,6.399788429212598,0.04525333796455431,20000,20000,20,,
walker2d-medium-replay-v2,0,rnn,8,54,2,4.413912463081762,6.539905794225428,0.04624411735417994,20000,20000,20,,
walker2d-medium-replay-v2,0,rnn,8,55,1,4.511753224670862,6.545969423652542,0.04628699368904508,20000,20000,20,,
walker2d-medium-replay-v2,0,rnn,8,56,2,4.6023893860421925,6.739481456703539,0.04765533039716063,20000,20000,20,,
walker2d-medium-replay-v2,0,rnn,8,57,4,4.663048271310366,6.684189616501651,0.04726435804565026,20000,20000,20,,
walker2d-medium-replay-v2,0,rnn,8,58,5,4.758034975548372,6.832804211828978,0.04831522192704273,20000,20000,20,,
walker2d-medium-replay-v2,0,rnn,8,59,4,4.850871390770469,6.949392906436407,0.04913962849270874,20000,20000,20,,
walker2d-medium-replay-v2,0,rnn,8,60,1,5.021958975170309,7.1338410228672435,0.05044387363176204,20000,20000,20,,
walker2d-medium-replay-v2,0,rnn,8,61,4,5.054743552369699,7.115528894147354,0.05031438732780409,20000,20000,20,,
walker2d-medium-replay-v2,0,rnn,8,62,4,5.0995341624374015,7.034679082829595,0.04974269282939969,20000,20000,20,,
walker2d-medium-replay-v2,0,rnn,8,63,3,5.191102927749686,7.124925615577108,0.05038083218224309,20000,20000,20,,
walker2d-medium-replay-v2,0,rnn,8,64,2,5.26977063121314,7.295250138015905,0.05158520843043143,20000,20000,20,,
walker2d-medium-replay-v2,0,rnn,8,65,2,5.427991639863932,7.628553367844418,0.05394201817046263,20000,20000,20,,
walker2d-medium-replay-v2,0,rnn,8,66,4,5.537617779944781,7.706461411732065,0.05449291123188198,20000,20000,20,,
walker2d-medium-replay-v2,0,rnn,8,67,3,5.59086458040341,7.778175001197056,0.05500000288602121,20000,20000,20,,
walker2d-medium-replay-v2,0,rnn,8,68,5,5.711548101246684,8.014161711085542,0.05666868091434171,20000,20000,20,,
walker2d-medium-replay-v2,0,rnn,8,69,4,5.802631475466572,8.141249200987874,0.05756732517348087,20000,20000,20,,
walker2d-medium-replay-v2,0,rnn,8,70,1,5.946747990649923,8.482217450491785,0.05997833478741609,20000,20000,20,,
walker2d-medium-replay-v2,0,rnn,8,71,1,6.081568054777912,8.950516640492596,0.0632897101161535,20000,20000,20,,
walker2d-medium-replay-v2,0,rnn,8,72,3,6.149696565346055,8.918856556195092,0.06306583951315647,20000,20000,20,,
walker2d-medium-replay-v2,0,rnn,8,73,3,6.195392896193532,9.181743377158826,0.06492473005103677,20000,20000,20,,
walker2d-medium-replay-v2,0,rnn,8,74,1,6.33670523764776,9.740794041816914,0.06887781521110257,20000,20000,20,,
walker2d-medium-replay-v2,0,rnn,8,75,5,6.4569241861673525,9.687554539608534,0.06850135508071717,20000,20000,20,,
walker2d-medium-replay-v2,0,rnn,8,76,4,6.548388517804945,9.804576899810938,0.0693288281252129,20000,20000,20,,
walker2d-medium-replay-v2,0,rnn,8,77,4,6.642162212229655,9.819041416708204,0.06943110770505935,20000,20000,20,,
walker2d-medium-replay-v2,0,rnn,8,78,3,6.756665285482321,9.972548224221944,0.07051656475057198,20000,20000,20,,
walker2d-medium-replay-v2,0,rnn,8,79,2,6.843094119175318,10.59673944991856,0.07493026323504419,20000,20000,20,,
walker2d-medium-replay-v2,0,rnn,8,80,4,6.915687546126238,10.389805900207818,0.07346702207248951,20000,20000,20,,
walker2d-medium-replay-v2,0,rnn,8,81,1,7.0493685304619245,10.915966742210054,0.07718754106623554,20000,20000,20,,
walker2d-medium-replay-v2,0,rnn,8,82,1,7.232727963497006,11.643929342715817,0.08233501397891373,20000,20000,20,,
walker2d-medium-replay-v2,0,rnn,8,83,3,7.280264604212085,11.600623620997215,0.08202879628399973,20000,20000,20,,
walker2d-medium-replay-v2,0,rnn,8,84,5,7.399214067966363,11.401678923240093,0.08062204483534803,20000,20000,20,,
walker2d-medium-replay-v2,0,rnn,8,85,5,7.566581517888167,11.492453289001089,0.08126391653122311,20000,20000,20,,
walker2d-medium-replay-v2,0,rnn,8,86,1,7.772718404417509,11.919896138838519,0.08428639390812061,20000,20000,20,,
walker2d-medium-replay-v2,0,rnn,8,87,4,7.844201381180919,11.922929474119849,0.08430784282759102,20000,20000,20,,
walker2d-medium-replay-v2,0,rnn,8,88,4,7.9328841761627364,11.913631037268077,0.08424209295006779,20000,20000,20,,
walker2d-medium-replay-v2,0,rnn,8,89,1,8.073353479798017,12.611882228945996,0.08917947447613823,20000,20000,20,,
walker2d-medium-replay-v2,0,rnn,8,90,2,8.248550097513185,12.329833030595111,0.08718508546831683,20000,20000,20,,
walker2d-medium-replay-v2,0,rnn,8,91,5,8.343413597648908,12.306980595375666,0.08702349434921387,20000,20000,20,,
walker2d-medium-replay-v2,0,rnn,8,92,5,8.505887921574347,12.825680289546442,0.09069125506068931,20000,20000,20,,
walker2d-medium-replay-v2,0,rnn,8,93,5,8.661384223951007,12.266896282192622,0.08674005545250452,20000,20000,20,,
walker2d-medium-replay-v2,0,rnn,8,94,5,8.778869748681874,12.254988726091948,0.08665585631584306,20000,20000,20,,
walker2d-medium-replay-v2,0,rnn,8,95,3,8.87357434359401,11.99066402748193,0.08478679844762071,20000,20000,20,,
walker2d-medium-replay-v2,0,rnn,8,96,5,8.984150829803358,12.068082655678428,0.08533423081749975,20000,20000,20,,
walker2d-medium-replay-v2,0,rnn,8,97,5,9.089141168492558,12.306411015289607,0.08701946680980106,20000,20000,20,,
walker2d-medium-replay-v2,0,rnn,8,98,1,9.223719777844355,12.215499049676499,0.08637662213604079,20000,20000,20,,
walker2d-medium-replay-v2,0,rnn,8,99,4,9.24774260656658,12.610124038268744,0.08916704219063319,20000,20000,20,,
walker2d-medium-replay-v2,0,rnn,8,100,1,9.470690273397311,12.664125369187687,0.08954888926349203,20000,20000,20,,
walker2d-medium-replay-v2,0,rnn,9,1,1,0.20661499385994744,0.5952846628696431,0.004209298218514724,20000,20000,20,,
walker2d-medium-replay-v2,0,rnn,9,2,1,0.3493212713790176,1.0900634042933142,0.007707912250990955,20000,20000,20,,
walker2d-medium-replay-v2,0,rnn,9,3,4,0.33926959948336394,1.0256255195045305,0.007252267597996292,20000,20000,20,,
walker2d-medium-replay-v2,0,rnn,9,4,2,0.4031959827861884,1.1203610506200807,0.007922148962707438,20000,20000,20,,
walker2d-medium-replay-v2,0,rnn,9,5,4,0.47590338705331314,1.2427903700534106,0.008787854982581054,20000,20000,20,,
walker2d-medium-replay-v2,0,rnn,9,6,4,0.5619876549162006,1.4699240437095729,0.0103939325913619,20000,20000,20,,
walker2d-medium-replay-v2,0,rnn,9,7,4,0.6288432496640494,1.6500300186872763,0.011667474153751387,20000,20000,20,,
walker2d-medium-replay-v2,0,rnn,9,8,5,0.6899980268979327,1.7475922674228632,0.01235734343043881,20000,20000,20,,
walker2d-medium-replay-v2,0,rnn,9,9,5,0.7590432581780621,1.91294806478362,0.013526585486661805,20000,20000,20,,
walker2d-medium-replay-v2,0,rnn,9,10,2,0.8202427599938337,2.031164947564413,0.014362505081312147,20000,20000,20,,
walker2d-medium-replay-v2,0,rnn,9,11,5,0.8781550454446134,2.1382885860943195,0.01511998359361088,20000,20000,20,,
walker2d-medium-replay-v2,0,rnn,9,12,4,0.9451938635698157,2.27976304515806,0.016120359087297576,20000,20000,20,,
walker2d-medium-replay-v2,0,rnn,9,13,1,1.0631601632552268,2.491857105074746,0.017620090567462318,20000,20000,20,,
walker2d-medium-replay-v2,0,rnn,9,14,1,1.1618813969267126,2.5993329619314465,0.0183800596394344,20000,20000,20,,
walker2d-medium-replay-v2,0,rnn,9,15,4,1.2079138242634326,2.6616775018255043,0.01882090210872483,20000,20000,20,,
walker2d-medium-replay-v2,0,rnn,9,16,4,1.294561633993185,2.8168913693950257,0.019918429891650827,20000,20000,20,,
walker2d-medium-replay-v2,0,rnn,9,17,3,1.359668886743076,2.9022321585444297,0.020521880398844373,20000,20000,20,,
walker2d-medium-replay-v2,0,rnn,9,18,1,1.4856400997212782,3.061386588014362,0.021647272162185024,20000,20000,20,,
walker2d-medium-replay-v2,0,rnn,9,19,4,1.5572022627178488,3.2339943953171475,0.022867793672480433,20000,20000,20,,
walker2d-medium-replay-v2,0,rnn,9,20,1,1.6486203279490532,3.310700969016201,0.023410191056722294,20000,20000,20,,
walker2d-medium-replay-v2,0,rnn,9,21,1,1.7272754016256375,3.356594500701643,0.023734707331396054,20000,20000,20,,
walker2d-medium-replay-v2,0,rnn,9,22,3,1.7947708760118064,3.536666982602723,0.02500801206196951,20000,20000,20,,
walker2d-medium-replay-v2,0,rnn,9,23,4,1.8677263968455249,3.626350752641293,0.025642172081535984,20000,20000,20,,
walker2d-medium-replay-v2,0,rnn,9,24,2,1.9505840257631575,3.7697771285482644,0.02665634971158429,20000,20000,20,,
walker2d-medium-replay-v2,0,rnn,9,25,1,2.0388366237181645,3.8049567091297414,0.0269051069114689,20000,20000,20,,
walker2d-medium-replay-v2,0,rnn,9,26,1,2.1479284324276327,4.03108415500679,0.028504069415389452,20000,20000,20,,
walker2d-medium-replay-v2,0,rnn,9,27,2,2.2088303543419685,4.197795566625098,0.029682897111954324,20000,20000,20,,
walker2d-medium-replay-v2,0,rnn,9,28,1,2.29743031382244,4.3052581000217875,0.030442771972837172,20000,20000,20,,
walker2d-medium-replay-v2,0,rnn,9,29,1,2.409199330914384,4.455204912643948,0.03150305605306156,20000,20000,20,,
walker2d-medium-replay-v2,0,rnn,9,30,1,2.527047451042811,4.634618448340038,0.032771701330335155,20000,20000,20,,
walker2d-medium-replay-v2,0,rnn,9,31,1,2.635663884028496,4.715759621391681,0.03334545606731763,20000,20000,20,,
walker2d-medium-replay-v2,0,rnn,9,32,2,2.7001020125742774,4.762747856434517,0.033677713063665404,20000,20000,20,,
walker2d-medium-replay-v2,0,rnn,9,33,3,2.792079344205954,4.910847860916334,0.03472493823829391,20000,20000,20,,
walker2d-medium-replay-v2,0,rnn,9,34,5,2.8982073752700415,5.125980420744106,0.036246155157376295,20000,20000,20,,
walker2d-medium-replay-v2,0,rnn,9,35,4,2.983193388487222,5.215001751726513,0.036875631025455415,20000,20000,20,,
walker2d-medium-replay-v2,0,rnn,9,36,3,3.0379335806624197,5.239153430125284,0.03704640918118349,20000,20000,20,,
walker2d-medium-replay-v2,0,rnn,9,37,2,3.0838205394559854,5.245433392930975,0.03709081522403852,20000,20000,20,,
walker2d-medium-replay-v2,0,rnn,9,38,3,3.1386487545053345,5.306409249965162,0.037521979644013874,20000,20000,20,,
walker2d-medium-replay-v2,0,rnn,9,39,3,3.1814413015621628,5.374462887263854,0.03800319152819702,20000,20000,20,,
walker2d-medium-replay-v2,0,rnn,9,40,4,3.2573615893776564,5.4677152199439645,0.03866258509619272,20000,20000,20,,
walker2d-medium-replay-v2,0,rnn,9,41,2,3.318680768598584,5.469034502704949,0.03867191383405867,20000,20000,20,,
walker2d-medium-replay-v2,0,rnn,9,42,1,3.417689833318891,5.569653652204746,0.03938339866334396,20000,20000,20,,
walker2d-medium-replay-v2,0,rnn,9,43,5,3.4973417175774966,5.657434307459037,0.04000410162921704,20000,20000,20,,
walker2d-medium-replay-v2,0,rnn,9,44,3,3.5619890629208726,5.691274472070963,0.04024338772795266,20000,20000,20,,
walker2d-medium-replay-v2,0,rnn,9,45,5,3.687482882614544,5.8717736939638945,0.04151970996594653,20000,20000,20,,
walker2d-medium-replay-v2,0,rnn,9,46,4,3.826089899620048,6.108099269556865,0.04319078413664257,20000,20000,20,,
walker2d-medium-replay-v2,0,rnn,9,47,4,3.8838691283227162,6.154848463691914,0.04352135085852156,20000,20000,20,,
walker2d-medium-replay-v2,0,rnn,9,48,1,3.9594909493992536,6.225672977636875,0.044022155799368794,20000,20000,20,,
walker2d-medium-replay-v2,0,rnn,9,49,1,4.068201923290028,6.450903535816505,0.04561477634956127,20000,20000,20,,
walker2d-medium-replay-v2,0,rnn,9,50,4,4.128110270721086,6.408098936965014,0.045312102128422675,20000,20000,20,,
walker2d-medium-replay-v2,0,rnn,9,51,1,4.290499869684811,6.7997749994991885,0.048081670126886286,20000,20000,20,,
walker2d-medium-replay-v2,0,rnn,9,52,1,4.414273982925719,7.064777832100019,0.0499555231265432,20000,20000,20,,
walker2d-medium-replay-v2,0,rnn,9,53,1,4.550219911556383,7.552821462223912,0.053406512730298235,20000,20000,20,,
walker2d-medium-replay-v2,0,rnn,9,54,4,4.617931079585624,7.545616207285725,0.05335556388402854,20000,20000,20,,
walker2d-medium-replay-v2,0,rnn,9,55,2,4.716075337683495,7.729744923144229,0.05465755051997573,20000,20000,20,,
walker2d-medium-replay-v2,0,rnn,9,56,2,4.837059180321615,8.025863535292219,0.05675142530682965,20000,20000,20,,
walker2d-medium-replay-v2,0,rnn,9,57,1,4.955103162586826,8.157308405850202,0.05768088090006703,20000,20000,20,,
walker2d-medium-replay-v2,0,rnn,9,58,3,5.038499635178185,8.266363868437756,0.05845201947127798,20000,20000,20,,
walker2d-medium-replay-v2,0,rnn,9,59,4,5.089246677523049,8.445212065306974,0.05971666719937009,20000,20000,20,,
walker2d-medium-replay-v2,0,rnn,9,60,4,5.1691095286530375,8.537814162387207,0.060371462907345366,20000,20000,20,,
walker2d-medium-replay-v2,0,rnn,9,61,5,5.27807624315188,8.5576174223727,0.0605114931015988,20000,20000,20,,
walker2d-medium-replay-v2,0,rnn,9,62,1,5.40261957244314,9.172219590591883,0.06485738671039619,20000,20000,20,,
walker2d-medium-replay-v2,0,rnn,9,63,4,5.431799870591714,8.99946115986063,0.06363580013162404,20000,20000,20,,
walker2d-medium-replay-v2,0,rnn,9,64,1,5.540986500805701,10.012425916237556,0.07079854261499506,20000,20000,20,,
walker2d-medium-replay-v2,0,rnn,9,65,3,5.589389820652329,9.371156585035514,0.06626408368839581,20000,20000,20,,
walker2d-medium-replay-v2,0,rnn,9,66,1,5.7254632852139995,9.931521005857869,0.0702264585073874,20000,20000,20,,
walker2d-medium-replay-v2,0,rnn,9,67,1,5.865487463312777,10.305897893469261,0.0728737028668827,20000,20000,20,,
walker2d-medium-replay-v2,0,rnn,9,68,5,5.91527685553041,10.07506092546223,0.07124143901261956,20000,20000,20,,
walker2d-medium-replay-v2,0,rnn,9,69,3,5.994858813595684,9.925444188590427,0.07018348892040902,20000,20000,20,,
walker2d-medium-replay-v2,0,rnn,9,70,3,6.078660116717495,9.850514909759672,0.06965365890870256,20000,20000,20,,
walker2d-medium-replay-v2,0,rnn,9,71,5,6.2154338792203765,9.798408727350745,0.0692852125594716,20000,20000,20,,
walker2d-medium-replay-v2,0,rnn,9,72,2,6.313741702007778,10.030505706376287,0.07092638603709034,20000,20000,20,,
walker2d-medium-replay-v2,0,rnn,9,73,3,6.417244721032912,9.986328115735272,0.07061400329790288,20000,20000,20,,
walker2d-medium-replay-v2,0,rnn,9,74,1,6.514025325302623,10.241796396496,0.07242043683494268,20000,20000,20,,
walker2d-medium-replay-v2,0,rnn,9,75,3,6.563047277470709,10.07033166658533,0.07120799810240114,20000,20000,20,,
walker2d-medium-replay-v2,0,rnn,9,76,5,6.672602489212592,10.084268326146972,0.0713065451672324,20000,20000,20,,
walker2d-medium-replay-v2,0,rnn,9,77,2,6.7600813654032015,10.377866850254033,0.07338260024065704,20000,20000,20,,
walker2d-medium-replay-v2,0,rnn,9,78,2,6.917085830275053,10.577269122467706,0.07479258722931997,20000,20000,20,,
walker2d-medium-replay-v2,0,rnn,9,79,2,7.018320612682223,10.776082196394109,0.076198407956939,20000,20000,20,,
walker2d-medium-replay-v2,0,rnn,9,80,2,7.105245467782757,10.608263055080556,0.07501174742858183,20000,20000,20,,
walker2d-medium-replay-v2,0,rnn,9,81,4,7.225347162974708,10.733393129194484,0.07589655066794516,20000,20000,20,,
walker2d-medium-replay-v2,0,rnn,9,82,2,7.334108360301155,10.970751138140825,0.07757492524489411,20000,20000,20,,
walker2d-medium-replay-v2,0,rnn,9,83,4,7.450082563862539,11.039589620451384,0.07806168682137797,20000,20000,20,,
walker2d-medium-replay-v2,0,rnn,9,84,2,7.526891020988894,11.487861013480973,0.08123144423960961,20000,20000,20,,
walker2d-medium-replay-v2,0,rnn,9,85,4,7.588009365342016,11.535875163894387,0.08157095555311196,20000,20000,20,,
walker2d-medium-replay-v2,0,rnn,9,86,1,7.736125506563147,12.067759475729208,0.08533194559016338,20000,20000,20,,
walker2d-medium-replay-v2,0,rnn,9,87,1,7.961965029403276,12.41803327988097,0.08780875541204057,20000,20000,20,,
walker2d-medium-replay-v2,0,rnn,9,88,4,8.026017012859072,12.606295208821205,0.08913996827796958,20000,20000,20,,
walker2d-medium-replay-v2,0,rnn,9,89,5,8.190288659425168,12.52358243050281,0.08855510061357241,20000,20000,20,,
walker2d-medium-replay-v2,0,rnn,9,90,3,8.265298667283867,12.491210437040559,0.08832619605259556,20000,20000,20,,
walker2d-medium-replay-v2,0,rnn,9,91,5,8.444340892160346,12.388619060803478,0.08760076547431056,20000,20000,20,,
walker2d-medium-replay-v2,0,rnn,9,92,3,8.566360976497556,12.598352880786065,0.08908380753784902,20000,20000,20,,
walker2d-medium-replay-v2,0,rnn,9,93,2,8.670561603164627,12.880860522866335,0.09108143823236883,20000,20000,20,,
walker2d-medium-replay-v2,0,rnn,9,94,1,8.817337639526633,12.904274393098998,0.0912469992965222,20000,20000,20,,
walker2d-medium-replay-v2,0,rnn,9,95,2,8.919114457409183,13.559563469896174,0.09588059279492976,20000,20000,20,,
walker2d-medium-replay-v2,0,rnn,9,96,1,9.08136928079033,14.000783513107761,0.0990004896404331,20000,20000,20,,
walker2d-medium-replay-v2,0,rnn,9,97,4,9.17179874885173,14.254483233407907,0.10079441756652675,20000,20000,20,,
walker2d-medium-replay-v2,0,rnn,9,98,1,9.480901180726521,14.801575412001133,0.10466294346070067,20000,20000,20,,
walker2d-medium-replay-v2,0,rnn,9,99,5,9.674765707301994,15.013996836800386,0.10616498976014926,20000,20000,20,,
walker2d-medium-replay-v2,0,rnn,9,100,1,9.970322286802814,15.98063773691753,0.11300017311460027,20000,20000,20,,
walker2d-medium-replay-v2,0,rnn,10,1,4,0.07882071996137588,0.25265637253496787,0.0017865503432947035,20000,20000,20,,
walker2d-medium-replay-v2,0,rnn,10,2,4,0.12737558921082476,0.37691366374186236,0.00266518207553737,20000,20000,20,,
walker2d-medium-replay-v2,0,rnn,10,3,4,0.17141959724659683,0.48637654912432776,0.003439201560959241,20000,20000,20,,
walker2d-medium-replay-v2,0,rnn,10,4,4,0.2242359278517466,0.6388731272719439,0.004517515206118477,20000,20000,20,,
walker2d-medium-replay-v2,0,rnn,10,5,3,0.2850882366252566,0.7985070786359869,0.005646297701289661,20000,20000,20,,
walker2d-medium-replay-v2,0,rnn,10,6,3,0.3396856165827914,0.9562000039016123,0.006761355069294333,20000,20000,20,,
walker2d-medium-replay-v2,0,rnn,10,7,3,0.4128554924841165,1.1633631815814025,0.008226219946789666,20000,20000,20,,
walker2d-medium-replay-v2,0,rnn,10,8,3,0.4832409646735189,1.274256360811045,0.00901035313699582,20000,20000,20,,
walker2d-medium-replay-v2,0,rnn,10,9,2,0.5615723005950913,1.4665398517896362,0.010370002740807661,20000,20000,20,,
walker2d-medium-replay-v2,0,rnn,10,10,4,0.6338097393782399,1.6786027497175355,0.011869513872436543,20000,20000,20,,
walker2d-medium-replay-v2,0,rnn,10,11,3,0.6899686979651473,1.7166887419374013,0.012138822506105396,20000,20000,20,,
walker2d-medium-replay-v2,0,rnn,10,12,1,0.8248219572139018,1.939297135907408,0.013712901555357778,20000,20000,20,,
walker2d-medium-replay-v2,0,rnn,10,13,1,0.9395924469312835,2.1213287803749092,0.015000059657292866,20000,20000,20,,
walker2d-medium-replay-v2,0,rnn,10,14,5,0.9776420374251673,2.196728125506646,0.015533213539689627,20000,20000,20,,
walker2d-medium-replay-v2,0,rnn,10,15,4,1.0705316470069235,2.4056285084519815,0.01701036231342076,20000,20000,20,,
walker2d-medium-replay-v2,0,rnn,10,16,3,1.1594354935868934,2.61351981665192,0.01848037585119995,20000,20000,20,,
walker2d-medium-replay-v2,0,rnn,10,17,3,1.2386446856176923,2.731330316151302,0.019313421882109823,20000,20000,20,,
walker2d-medium-replay-v2,0,rnn,10,18,4,1.2972252998409854,2.8590930465356412,0.02021684081248657,20000,20000,20,,
walker2d-medium-replay-v2,0,rnn,10,19,4,1.3446022579352448,2.9591089156451713,0.02092405980522272,20000,20000,20,,
walker2d-medium-replay-v2,0,rnn,10,20,2,1.393738035159456,2.964695347270932,0.02096356184207482,20000,20000,20,,
walker2d-medium-replay-v2,0,rnn,10,21,3,1.4642111483654852,3.077293441379447,0.021759750601002943,20000,20000,20,,
walker2d-medium-replay-v2,0,rnn,10,22,5,1.5203110944696745,3.1438975901124038,0.022230713053245255,20000,20000,20,,
walker2d-medium-replay-v2,0,rnn,10,23,3,1.5748305831395133,3.198082094968852,0.022613855361437556,20000,20000,20,,
walker2d-medium-replay-v2,0,rnn,10,24,1,1.6835343158919367,3.323557831523275,0.023501102803357647,20000,20000,20,,
walker2d-medium-replay-v2,0,rnn,10,25,3,1.7580393318617253,3.4716752417042915,0.02454845105486551,20000,20000,20,,
walker2d-medium-replay-v2,0,rnn,10,26,4,1.8147705532097662,3.563549013614493,0.025198096726174405,20000,20000,20,,
walker2d-medium-replay-v2,0,rnn,10,27,2,1.8886357888720668,3.625733436889392,0.025637806999992963,20000,20000,20,,
walker2d-medium-replay-v2,0,rnn,10,28,2,1.9901514476774886,3.812221162053536,0.026956474350709154,20000,20000,20,,
walker2d-medium-replay-v2,0,rnn,10,29,4,2.0754626790603785,3.995162137999149,0.028250062397189437,20000,20000,20,,
walker2d-medium-replay-v2,0,rnn,10,30,1,2.2052088780784054,4.148823632250894,0.029336613243116098,20000,20000,20,,
walker2d-medium-replay-v2,0,rnn,10,31,1,2.303154453968945,4.235978358849201,0.029952890225017327,20000,20000,20,,
walker2d-medium-replay-v2,0,rnn,10,32,1,2.417683802841403,4.330279185355544,0.03061969776395864,20000,20000,20,,
walker2d-medium-replay-v2,0,rnn,10,33,2,2.5261982631851714,4.478717366329399,0.03166931420749473,20000,20000,20,,
walker2d-medium-replay-v2,0,rnn,10,34,4,2.595801149001545,4.621844830424852,0.03268137821185402,20000,20000,20,,
walker2d-medium-replay-v2,0,rnn,10,35,1,2.7192773031406987,4.766477729228766,0.03370408724712317,20000,20000,20,,
walker2d-medium-replay-v2,0,rnn,10,36,3,2.8062071804839728,4.944179401007433,0.034960627818551984,20000,20000,20,,
walker2d-medium-replay-v2,0,rnn,10,37,1,2.9243530847470582,5.087856760124234,0.035976580167896635,20000,20000,20,,
walker2d-medium-replay-v2,0,rnn,10,38,3,2.9758299612695374,5.141219894873588,0.03635391451236303,20000,20000,20,,
walker2d-medium-replay-v2,0,rnn,10,39,5,3.0595196785992407,5.355944392457999,0.037872245995651144,20000,20000,20,,
walker2d-medium-replay-v2,0,rnn,10,40,4,3.1443641432832816,5.375659797434744,0.03801165496118009,20000,20000,20,,
walker2d-medium-replay-v2,0,rnn,10,41,3,3.2216583671539194,5.411357868083756,0.038264078439492026,20000,20000,20,,
walker2d-medium-replay-v2,0,rnn,10,42,5,3.2649321868098515,5.476202068397979,0.03872259617712008,20000,20000,20,,
walker2d-medium-replay-v2,0,rnn,10,43,3,3.3664844491578223,5.683221861154441,0.040186447170099365,20000,20000,20,,
walker2d-medium-replay-v2,0,rnn,10,44,4,3.4042769414215392,5.689085498454327,0.040227909347071045,20000,20000,20,,
walker2d-medium-replay-v2,0,rnn,10,45,5,3.4843523510938152,5.8079672300898855,0.04106853013305807,20000,20000,20,,
walker2d-medium-replay-v2,0,rnn,10,46,2,3.560765665617589,5.813854178774512,0.04111015714641204,20000,20000,20,,
walker2d-medium-replay-v2,0,rnn,10,47,4,3.6374958685759076,5.820765082121723,0.041159024612621414,20000,20000,20,,
walker2d-medium-replay-v2,0,rnn,10,48,5,3.739816461187906,5.927439210215642,0.041913324606145136,20000,20000,20,,
walker2d-medium-replay-v2,0,rnn,10,49,4,3.8126056598486335,5.989524894906257,0.04235233669273857,20000,20000,20,,
walker2d-medium-replay-v2,0,rnn,10,50,3,3.90498720228908,6.10680191541536,0.04318161045753199,20000,20000,20,,
walker2d-medium-replay-v2,0,rnn,10,51,1,3.99950658639897,6.132197363299542,0.04336118339163373,20000,20000,20,,
walker2d-medium-replay-v2,0,rnn,10,52,5,4.091015620535138,6.2665586310160535,0.044311261026945395,20000,20000,20,,
walker2d-medium-replay-v2,0,rnn,10,53,3,4.14762384127465,6.187195636174866,0.04375007990867062,20000,20000,20,,
walker2d-medium-replay-v2,0,rnn,10,54,5,4.22951292922403,6.379097285394225,0.04510702948350954,20000,20000,20,,
walker2d-medium-replay-v2,0,rnn,10,55,2,4.29439637687874,6.418678153007827,0.04538690848245778,20000,20000,20,,
walker2d-medium-replay-v2,0,rnn,10,56,5,4.422920350852577,6.54838318345705,0.04630406154830431,20000,20000,20,,
walker2d-medium-replay-v2,0,rnn,10,57,2,4.486088471735773,6.631464404672431,0.04689153449741087,20000,20000,20,,
walker2d-medium-replay-v2,0,rnn,10,58,4,4.5675846651985745,6.746151223676907,0.04770249277171866,20000,20000,20,,
walker2d-medium-replay-v2,0,rnn,10,59,5,4.682088870557604,6.888615610616233,0.04870986811254248,20000,20000,20,,
walker2d-medium-replay-v2,0,rnn,10,60,3,4.770941231902401,6.881575123217071,0.04866008434871442,20000,20000,20,,
walker2d-medium-replay-v2,0,rnn,10,61,5,4.873593228123887,7.067913844357776,0.04997769808187663,20000,20000,20,,
walker2d-medium-replay-v2,0,rnn,10,62,5,4.954447297935799,7.187803138735153,0.05082544341233577,20000,20000,20,,
walker2d-medium-replay-v2,0,rnn,10,63,1,5.074989655431942,7.276474301749425,0.051452443218966665,20000,20000,20,,
walker2d-medium-replay-v2,0,rnn,10,64,1,5.193231586877897,7.463347317775739,0.052773834987496555,20000,20000,20,,
walker2d-medium-replay-v2,0,rnn,10,65,3,5.232713880083848,7.4683759056135415,0.05280939247309558,20000,20000,20,,
walker2d-medium-replay-v2,0,rnn,10,66,2,5.322592677961284,7.477667737464872,0.05287509564621279,20000,20000,20,,
walker2d-medium-replay-v2,0,rnn,10,67,3,5.426222217288911,7.603191104149127,0.05376267988401082,20000,20000,20,,
walker2d-medium-replay-v2,0,rnn,10,68,5,5.5540974918510955,7.767160708272822,0.0549221200738542,20000,20000,20,,
walker2d-medium-replay-v2,0,rnn,10,69,3,5.665789644986942,7.800237254023962,0.055156006571842775,20000,20000,20,,
walker2d-medium-replay-v2,0,rnn,10,70,3,5.733760882192057,7.886026406157241,0.05576262748409964,20000,20000,20,,
walker2d-medium-replay-v2,0,rnn,10,71,5,5.806378940521151,8.013344354022193,0.05666290132712026,20000,20000,20,,
walker2d-medium-replay-v2,0,rnn,10,72,2,5.852195875508894,8.013047320670955,0.05666080098415128,20000,20000,20,,
walker2d-medium-replay-v2,0,rnn,10,73,5,5.958469141240809,8.07385976284915,0.05709080988659844,20000,20000,20,,
walker2d-medium-replay-v2,0,rnn,10,74,2,6.041753229800513,8.200416787151406,0.0579857031875076,20000,20000,20,,
walker2d-medium-replay-v2,0,rnn,10,75,4,6.146794095946525,8.400397142703433,0.05939977784265695,20000,20000,20,,
walker2d-medium-replay-v2,0,rnn,10,76,2,6.264135052266317,8.614555377600537,0.06091410524408379,20000,20000,20,,
walker2d-medium-replay-v2,0,rnn,10,77,3,6.347918676415667,8.797455326480346,0.06220740318539965,20000,20000,20,,
walker2d-medium-replay-v2,0,rnn,10,78,1,6.495193604853109,9.02588202396314,0.06382262385334096,20000,20000,20,,
walker2d-medium-replay-v2,0,rnn,10,79,4,6.5671188591634255,9.258304632027555,0.06546609987597507,20000,20000,20,,
walker2d-medium-replay-v2,0,rnn,10,80,3,6.6736202781642655,9.26299022100299,0.06549923199335891,20000,20000,20,,
walker2d-medium-replay-v2,0,rnn,10,81,5,6.79048835384731,9.545536418171691,0.0674971353135235,20000,20000,20,,
walker2d-medium-replay-v2,0,rnn,10,82,2,6.909602411477489,9.507558195452479,0.06722858872530182,20000,20000,20,,
walker2d-medium-replay-v2,0,rnn,10,83,2,7.059406293378226,9.757860557491137,0.06899849370074727,20000,20000,20,,
walker2d-medium-replay-v2,0,rnn,10,84,4,7.192292655127612,10.027517214832615,0.07090525421072984,20000,20000,20,,
walker2d-medium-replay-v2,0,rnn,10,85,1,7.313580425056125,10.100421195481545,0.07142076320165335,20000,20000,20,,
walker2d-medium-replay-v2,0,rnn,10,86,4,7.385339580925123,10.25152121993743,0.07248920172095545,20000,20000,20,,
walker2d-medium-replay-v2,0,rnn,10,87,4,7.5210557967561735,10.288853460246457,0.07275318052374943,20000,20000,20,,
walker2d-medium-replay-v2,0,rnn,10,88,3,7.593800271238366,10.19093572089044,0.07206079754877848,20000,20000,20,,
walker2d-medium-replay-v2,0,rnn,10,89,5,7.745255987187958,10.442741207680935,0.07384133122127386,20000,20000,20,,
walker2d-medium-replay-v2,0,rnn,10,90,3,7.832395215583857,10.523108281931393,0.07440961225314006,20000,20000,20,,
walker2d-medium-replay-v2,0,rnn,10,91,5,7.961837704502668,10.699832182282824,0.0756592389365024,20000,20000,20,,
walker2d-medium-replay-v2,0,rnn,10,92,3,8.072744107013246,10.869848875256112,0.07686143850166563,20000,20000,20,,
walker2d-medium-replay-v2,0,rnn,10,93,2,8.210043827814392,10.900904435867236,0.0770810344766824,20000,20000,20,,
walker2d-medium-replay-v2,0,rnn,10,94,4,8.381220711577228,11.326171340971609,0.08008812560081757,20000,20000,20,,
walker2d-medium-replay-v2,0,rnn,10,95,3,8.491935458014304,11.460845798841829,0.08104041782494412,20000,20000,20,,
walker2d-medium-replay-v2,0,rnn,10,96,5,8.599479877970932,11.696262451347627,0.08270506493885497,20000,20000,20,,
walker2d-medium-replay-v2,0,rnn,10,97,1,8.859250220452088,11.983505038599226,0.08473617675176673,20000,20000,20,,
walker2d-medium-replay-v2,0,rnn,10,98,4,8.939366745627835,12.436258092521092,0.08793762429807742,20000,20000,20,,
walker2d-medium-replay-v2,0,rnn,10,99,5,9.06533588012315,12.48299746746702,0.0882681215878043,20000,20000,20,,
walker2d-medium-replay-v2,0,rnn,10,100,2,9.20413815057303,12.456722886222005,0.08808233224209241,20000,20000,20,,
walker2d-medium-replay-v2,0,rnn,11,1,2,0.09707032621983364,0.28907415630264954,0.0020440629618738346,20000,20000,20,,
walker2d-medium-replay-v2,0,rnn,11,2,5,0.14088491037677167,0.42000007108741905,0.00296984898364746,20000,20000,20,,
walker2d-medium-replay-v2,0,rnn,11,3,5,0.19000696518428825,0.5500943505026313,0.003889754455328201,20000,20000,20,,
walker2d-medium-replay-v2,0,rnn,11,4,4,0.23381608507527618,0.6358546824063792,0.004496171577787692,20000,20000,20,,
walker2d-medium-replay-v2,0,rnn,11,5,1,0.40544201727633555,1.080730358531868,0.007641917651520526,20000,20000,20,,
walker2d-medium-replay-v2,0,rnn,11,6,3,0.436693999871218,1.2186838696876279,0.008617396283787845,20000,20000,20,,
walker2d-medium-replay-v2,0,rnn,11,7,5,0.48383343942017437,1.28700461094196,0.009100496878154141,20000,20000,20,,
walker2d-medium-replay-v2,0,rnn,11,8,3,0.5581251949399294,1.449224232802493,0.010247562824745145,20000,20000,20,,
walker2d-medium-replay-v2,0,rnn,11,9,3,0.6514765345112978,1.6905697089356162,0.01195413305256942,20000,20000,20,,
walker2d-medium-replay-v2,0,rnn,11,10,4,0.7253342943358664,1.8374866014082532,0.012992992361951984,20000,20000,20,,
walker2d-medium-replay-v2,0,rnn,11,11,1,0.8614056281005489,2.031872413425617,0.0143675076203913,20000,20000,20,,
walker2d-medium-replay-v2,0,rnn,11,12,2,0.917014704400387,2.1835925914496177,0.01544033128762731,20000,20000,20,,
walker2d-medium-replay-v2,0,rnn,11,13,2,0.9957438331685127,2.304122644274801,0.01629260746452191,20000,20000,20,,
walker2d-medium-replay-v2,0,rnn,11,14,3,1.0732951697293376,2.507657674789575,0.017731817467381984,20000,20000,20,,
walker2d-medium-replay-v2,0,rnn,11,15,3,1.1773534016121932,2.7220453596051764,0.019247767324741944,20000,20000,20,,
walker2d-medium-replay-v2,0,rnn,11,16,1,1.2784387467412115,2.7892263312743304,0.019722808531081545,20000,20000,20,,
walker2d-medium-replay-v2,0,rnn,11,17,4,1.3182390987913593,2.8539207871294074,0.020180267415484534,20000,20000,20,,
walker2d-medium-replay-v2,0,rnn,11,18,1,1.4330801999962635,3.0168971871350907,0.02133268459165843,20000,20000,20,,
walker2d-medium-replay-v2,0,rnn,11,19,4,1.4839086049987127,3.1037686784166856,0.02194695879742847,20000,20000,20,,
walker2d-medium-replay-v2,0,rnn,11,20,1,1.6276941327475098,3.39900058155394,0.024034563604738095,20000,20000,20,,
walker2d-medium-replay-v2,0,rnn,11,21,3,1.6843589178744947,3.4237137937842115,0.02420931240426737,20000,20000,20,,
walker2d-medium-replay-v2,0,rnn,11,22,5,1.7466736332126078,3.513900197605103,0.024847026581393174,20000,20000,20,,
walker2d-medium-replay-v2,0,rnn,11,23,5,1.818961455658314,3.5868761868759345,0.02536304475016519,20000,20000,20,,
walker2d-medium-replay-v2,0,rnn,11,24,2,1.8907152194964059,3.7546132620051167,0.026549124982967614,20000,20000,20,,
walker2d-medium-replay-v2,0,rnn,11,25,2,1.929897594242085,3.838071619677724,0.027139264689537545,20000,20000,20,,
walker2d-medium-replay-v2,0,rnn,11,26,1,2.000388663989623,3.8786771699833684,0.02742638928928687,20000,20000,20,,
walker2d-medium-replay-v2,0,rnn,11,27,5,2.0732690686044752,3.9783910775389697,0.02813147309139861,20000,20000,20,,
walker2d-medium-replay-v2,0,rnn,11,28,4,2.132983562075411,4.056952124643882,0.028686983582848602,20000,20000,20,,
walker2d-medium-replay-v2,0,rnn,11,29,1,2.2544751528748073,4.206509038907376,0.02974451066533912,20000,20000,20,,
walker2d-medium-replay-v2,0,rnn,11,30,1,2.3761780077971735,4.388149593361002,0.03102890334326556,20000,20000,20,,
walker2d-medium-replay-v2,0,rnn,11,31,5,2.4685997143184006,4.50691695916421,0.031868715440696666,20000,20000,20,,
walker2d-medium-replay-v2,0,rnn,11,32,4,2.541119487501054,4.577480645886289,0.03236767605456372,20000,20000,20,,
walker2d-medium-replay-v2,0,rnn,11,33,1,2.6345284395251283,4.7090873905340285,0.033298276270466755,20000,20000,20,,
walker2d-medium-replay-v2,0,rnn,11,34,2,2.721984853591569,4.850880933097116,0.03430090802521498,20000,20000,20,,
walker2d-medium-replay-v2,0,rnn,11,35,5,2.7951732569767684,4.931244235920091,0.034869162389061716,20000,20000,20,,
walker2d-medium-replay-v2,0,rnn,11,36,1,2.913819485342941,5.014281091446915,0.035456321625375965,20000,20000,20,,
walker2d-medium-replay-v2,0,rnn,11,37,3,2.9836067414599268,5.106142330200534,0.03610587867388477,20000,20000,20,,
walker2d-medium-replay-v2,0,rnn,11,38,3,3.0530571269440068,5.245990521675224,0.037094754719169044,20000,20000,20,,
walker2d-medium-replay-v2,0,rnn,11,39,5,3.1407513419873343,5.36302362023442,0.03792230369531386,20000,20000,20,,
walker2d-medium-replay-v2,0,rnn,11,40,1,3.2601746553208484,5.477423287154816,0.0387312314977628,20000,20000,20,,
walker2d-medium-replay-v2,0,rnn,11,41,2,3.3205187678701047,5.561807194592889,0.039327915829487595,20000,20000,20,,
walker2d-medium-replay-v2,0,rnn,11,42,4,3.3751601224053833,5.56463111962205,0.03934788399486442,20000,20000,20,,
walker2d-medium-replay-v2,0,rnn,11,43,4,3.467825861741336,5.630857455220291,0.03981617490481094,20000,20000,20,,
walker2d-medium-replay-v2,0,rnn,11,44,4,3.5919209765714752,5.854848005949494,0.041400027278234226,20000,20000,20,,
walker2d-medium-replay-v2,0,rnn,11,45,5,3.664263841513298,5.962723220887269,0.042162820238278796,20000,20000,20,,
walker2d-medium-replay-v2,0,rnn,11,46,5,3.741186192897254,6.1340285043896605,0.04337413151445505,20000,20000,20,,
walker2d-medium-replay-v2,0,rnn,11,47,2,3.7916562527560163,6.143011340712369,0.04343764975923581,20000,20000,20,,
walker2d-medium-replay-v2,0,rnn,11,48,1,3.888063241038185,6.1841963138225875,0.04372887149692802,20000,20000,20,,
walker2d-medium-replay-v2,0,rnn,11,49,2,3.966243091085129,6.278664015397937,0.04439685902079839,20000,20000,20,,
walker2d-medium-replay-v2,0,rnn,11,50,2,4.063911351417633,6.352315967715124,0.0449176569701095,20000,20000,20,,
walker2d-medium-replay-v2,0,rnn,11,51,2,4.165879219640332,6.5683190478710705,0.04644502939746401,20000,20000,20,,
walker2d-medium-replay-v2,0,rnn,11,52,1,4.2864331612185325,6.621392594919675,0.046820316047660925,20000,20000,20,,
walker2d-medium-replay-v2,0,rnn,11,53,3,4.353754056741851,6.614104630767333,0.04676878235892927,20000,20000,20,,
walker2d-medium-replay-v2,0,rnn,11,54,5,4.474398969171934,6.879394738925132,0.048644666703530196,20000,20000,20,,
walker2d-medium-replay-v2,0,rnn,11,55,3,4.564407691840629,7.062263261495289,0.04993774242727943,20000,20000,20,,
walker2d-medium-replay-v2,0,rnn,11,56,4,4.652809519000147,7.0692063096258835,0.049986837191431904,20000,20000,20,,
walker2d-medium-replay-v2,0,rnn,11,57,3,4.696952070857349,7.05172122551257,0.049863198975970496,20000,20000,20,,
walker2d-medium-replay-v2,0,rnn,11,58,2,4.746260258286445,7.261281393484728,0.05134501313436754,20000,20000,20,,
walker2d-medium-replay-v2,0,rnn,11,59,5,4.802813669134212,7.218646610294473,0.05104353969128507,20000,20000,20,,
walker2d-medium-replay-v2,0,rnn,11,60,5,4.892358381837664,7.32833408849688,0.051819147287766806,20000,20000,20,,
walker2d-medium-replay-v2,0,rnn,11,61,4,4.993261036809316,7.339353200546766,0.05189706417629809,20000,20000,20,,
walker2d-medium-replay-v2,0,rnn,11,62,1,5.157862866451817,7.915600302327029,0.05597174650937727,20000,20000,20,,
walker2d-medium-replay-v2,0,rnn,11,63,3,5.18204939266896,7.757881473560897,0.05485650597596396,20000,20000,20,,
walker2d-medium-replay-v2,0,rnn,11,64,5,5.258513199945168,7.904082231914736,0.05589030145243011,20000,20000,20,,
walker2d-medium-replay-v2,0,rnn,11,65,2,5.348561229621548,8.130265597010462,0.05748965936493792,20000,20000,20,,
walker2d-medium-replay-v2,0,rnn,11,66,3,5.443786251142982,8.159682929696658,0.057697671319206216,20000,20000,20,,
walker2d-medium-replay-v2,0,rnn,11,67,4,5.5357017684042225,8.27829882975843,0.05853641239210847,20000,20000,20,,
walker2d-medium-replay-v2,0,rnn,11,68,3,5.552689858271915,8.335996463182715,0.05894439627063574,20000,20000,20,,
walker2d-medium-replay-v2,0,rnn,11,69,4,5.6689377786417445,8.547782744225008,0.060441951425508594,20000,20000,20,,
walker2d-medium-replay-v2,0,rnn,11,70,3,5.758918509357926,8.65569847998742,0.061205030911051964,20000,20000,20,,
walker2d-medium-replay-v2,0,rnn,11,71,2,5.856782169011379,8.96420442969962,0.06338649740183089,20000,20000,20,,
walker2d-medium-replay-v2,0,rnn,11,72,4,5.978901830019438,9.05626159910097,0.06403743988923623,20000,20000,20,,
walker2d-medium-replay-v2,0,rnn,11,73,5,6.07402068640329,9.32190359479715,0.06591581245448318,20000,20000,20,,
walker2d-medium-replay-v2,0,rnn,11,74,1,6.223218666655232,9.69800550178443,0.06857525454296216,20000,20000,20,,
walker2d-medium-replay-v2,0,rnn,11,75,1,6.398514147395096,10.999414123263954,0.07777760315639025,20000,20000,20,,
walker2d-medium-replay-v2,0,rnn,11,76,4,6.424530280504834,10.990654008963494,0.077715659794132,20000,20000,20,,
walker2d-medium-replay-v2,0,rnn,11,77,5,6.548535907606279,11.575825594427473,0.08185344775652463,20000,20000,20,,
walker2d-medium-replay-v2,0,rnn,11,78,1,6.679546556453576,12.880710904784458,0.09108038027276599,20000,20000,20,,
walker2d-medium-replay-v2,0,rnn,11,79,4,6.835885080680862,13.012372533931824,0.09201136858068772,20000,20000,20,,
walker2d-medium-replay-v2,0,rnn,11,80,3,6.979410429084276,12.943976591762603,0.09152773623555271,20000,20000,20,,
walker2d-medium-replay-v2,0,rnn,11,81,3,7.083537805401307,13.109939153512602,0.09270126876391788,20000,20000,20,,
walker2d-medium-replay-v2,0,rnn,11,82,5,7.213396570746992,13.303207250192223,0.09406788058140965,20000,20000,20,,
walker2d-medium-replay-v2,0,rnn,11,83,1,7.370798928193013,14.13720721205999,0.09996515086686984,20000,20000,20,,
walker2d-medium-replay-v2,0,rnn,11,84,4,7.443431319935586,14.092444110162939,0.09964862793788636,20000,20000,20,,
walker2d-medium-replay-v2,0,rnn,11,85,4,7.493363295357727,14.185619005997205,0.10030747394469396,20000,20000,20,,
walker2d-medium-replay-v2,0,rnn,11,86,1,7.66207458107302,15.286365357935129,0.10809092604291055,20000,20000,20,,
walker2d-medium-replay-v2,0,rnn,11,87,5,7.794204587089764,15.762972403529242,0.11146104678191938,20000,20000,20,,
walker2d-medium-replay-v2,0,rnn,11,88,1,7.937209370618855,16.480445939316233,0.11653435080668809,20000,20000,20,,
walker2d-medium-replay-v2,0,rnn,11,89,2,8.032447985452446,16.58602005734813,0.11728087255446952,20000,20000,20,,
walker2d-medium-replay-v2,0,rnn,11,90,4,8.154386381866445,16.958398939866033,0.1199139888844603,20000,20000,20,,
walker2d-medium-replay-v2,0,rnn,11,91,4,8.286078196002265,16.881965071882913,0.11937351982082849,20000,20000,20,,
walker2d-medium-replay-v2,0,rnn,11,92,2,8.497139938923352,17.163085598987553,0.12136134213129277,20000,20000,20,,
walker2d-medium-replay-v2,0,rnn,11,93,2,8.667745357346007,17.503216521599445,0.12376643094999382,20000,20000,20,,
walker2d-medium-replay-v2,0,rnn,11,94,4,8.83987722326039,17.95999358891828,0.12699633256791035,20000,20000,20,,
walker2d-medium-replay-v2,0,rnn,11,95,5,8.93852199618245,17.66321778395655,0.124897810726105,20000,20000,20,,
walker2d-medium-replay-v2,0,rnn,11,96,3,9.038066669456162,17.58844526950978,0.12436908920598819,20000,20000,20,,
walker2d-medium-replay-v2,0,rnn,11,97,4,9.173485794385199,17.97268244706427,0.12708605634431577,20000,20000,20,,
walker2d-medium-replay-v2,0,rnn,11,98,5,9.359171171181677,18.601139061721884,0.1315299156833752,20000,20000,20,,
walker2d-medium-replay-v2,0,rnn,11,99,4,9.506492625117122,18.74330705719386,0.1325351952200345,20000,20000,20,,
walker2d-medium-replay-v2,0,rnn,11,100,5,9.665946197269752,18.82785638303593,0.13313304923651129,20000,20000,20,,
walker2d-medium-replay-v2,0,rnn,12,1,4,0.0808840467455529,0.25032122786120903,0.0017700383769560383,20000,20000,20,,
walker2d-medium-replay-v2,0,rnn,12,2,1,0.2511997580898727,0.6969880929091957,0.004928450069023717,20000,20000,20,,
walker2d-medium-replay-v2,0,rnn,12,3,3,0.27243062857362527,0.8334497712249144,0.005893379850115136,20000,20000,20,,
walker2d-medium-replay-v2,0,rnn,12,4,4,0.31085298909062603,0.9335693131678681,0.0066013319204866715,20000,20000,20,,
walker2d-medium-replay-v2,0,rnn,12,5,4,0.3736173779535955,1.0489435008859214,0.007417150625579923,20000,20000,20,,
walker2d-medium-replay-v2,0,rnn,12,6,3,0.4502816986755075,1.2129246533713312,0.008576672474672108,20000,20000,20,,
walker2d-medium-replay-v2,0,rnn,12,7,5,0.5239958830846132,1.4243111514418691,0.010071400737041653,20000,20000,20,,
walker2d-medium-replay-v2,0,rnn,12,8,5,0.5892996417740527,1.5437360798605368,0.010915862504317232,20000,20000,20,,
walker2d-medium-replay-v2,0,rnn,12,9,1,0.7364871025355455,1.8035253976988885,0.01275285038755049,20000,20000,20,,
walker2d-medium-replay-v2,0,rnn,12,10,4,0.776832349998225,1.9195616484721119,0.01357335058540258,20000,20000,20,,
walker2d-medium-replay-v2,0,rnn,12,11,1,0.8961208711473333,2.0755404396619914,0.014676287195119023,20000,20000,20,,
walker2d-medium-replay-v2,0,rnn,12,12,5,0.9587250148032787,2.2404053652383795,0.01584205826366782,20000,20000,20,,
walker2d-medium-replay-v2,0,rnn,12,13,3,1.0380180225405509,2.435570738973522,0.017222085855877083,20000,20000,20,,
walker2d-medium-replay-v2,0,rnn,12,14,3,1.1320054841776048,2.602951689308666,0.01840564790611137,20000,20000,20,,
walker2d-medium-replay-v2,0,rnn,12,15,4,1.1872878954684218,2.7301016183584914,0.01930473367669657,20000,20000,20,,
walker2d-medium-replay-v2,0,rnn,12,16,3,1.2402228219003748,2.734856456247198,0.01933835545784204,20000,20000,20,,
walker2d-medium-replay-v2,0,rnn,12,17,4,1.3068401676456223,2.9066301590192074,0.020552978958438144,20000,20000,20,,
walker2d-medium-replay-v2,0,rnn,12,18,5,1.369483755924844,3.014230646333197,0.021313829300825135,20000,20000,20,,
walker2d-medium-replay-v2,0,rnn,12,19,2,1.4271445993368983,3.082950034111881,0.02179974875179809,20000,20000,20,,
walker2d-medium-replay-v2,0,rnn,12,20,2,1.4858829494380945,3.1176481332391397,0.022045101363669765,20000,20000,20,,
walker2d-medium-replay-v2,0,rnn,12,21,4,1.5543871287514188,3.2488205151288514,0.022972630171055834,20000,20000,20,,
walker2d-medium-replay-v2,0,rnn,12,22,1,1.6665919704187822,3.3196922801101567,0.023473769227185234,20000,20000,20,,
walker2d-medium-replay-v2,0,rnn,12,23,4,1.7189560512010142,3.379098459634807,0.02389383435104789,20000,20000,20,,
walker2d-medium-replay-v2,0,rnn,12,24,4,1.8001745895592478,3.5356708419887353,0.025000968284137847,20000,20000,20,,
walker2d-medium-replay-v2,0,rnn,12,25,1,1.897880414673828,3.6313716066470696,0.025677674880684308,20000,20000,20,,
walker2d-medium-replay-v2,0,rnn,12,26,3,1.957161050117157,3.7356041019781174,0.0264147099233701,20000,20000,20,,
walker2d-medium-replay-v2,0,rnn,12,27,4,2.03869738213855,3.8617022293582814,0.02730635833302449,20000,20000,20,,
walker2d-medium-replay-v2,0,rnn,12,28,2,2.13319720924717,3.9946096205692485,0.02824615550897537,20000,20000,20,,
walker2d-medium-replay-v2,0,rnn,12,29,4,2.2249174585866585,4.1617059926634195,0.02942770528716996,20000,20000,20,,
walker2d-medium-replay-v2,0,rnn,12,30,1,2.3330383121218277,4.34001376478008,0.030688531635189524,20000,20000,20,,
walker2d-medium-replay-v2,0,rnn,12,31,1,2.4400989009350313,4.4641100107484,0.031566024605629454,20000,20000,20,,
walker2d-medium-replay-v2,0,rnn,12,32,5,2.5133061511695587,4.53022424977374,0.03203352287310751,20000,20000,20,,
walker2d-medium-replay-v2,0,rnn,12,33,5,2.5898781445093655,4.656083377354353,0.032923481298972254,20000,20000,20,,
walker2d-medium-replay-v2,0,rnn,12,34,3,2.688985078067837,4.795919463365084,0.03391227174569999,20000,20000,20,,
walker2d-medium-replay-v2,0,rnn,12,35,1,2.792659353303421,4.866583269834105,0.03441194031308697,20000,20000,20,,
walker2d-medium-replay-v2,0,rnn,12,36,3,2.871421677147261,4.985678807133058,0.03525407293341842,20000,20000,20,,
walker2d-medium-replay-v2,0,rnn,12,37,5,2.9496008739241764,5.087437523819283,0.035973615719555124,20000,20000,20,,
walker2d-medium-replay-v2,0,rnn,12,38,5,3.0250632043512726,5.203976025132097,0.03679766736503121,20000,20000,20,,
walker2d-medium-replay-v2,0,rnn,12,39,5,3.1093188852660782,5.272943525543181,0.03728534123725284,20000,20000,20,,
walker2d-medium-replay-v2,0,rnn,12,40,4,3.2061131208030194,5.406187898086354,0.038227521231055085,20000,20000,20,,
walker2d-medium-replay-v2,0,rnn,12,41,2,3.2626699108317267,5.511804765677411,0.03897434526386827,20000,20000,20,,
walker2d-medium-replay-v2,0,rnn,12,42,2,3.32873827886678,5.6188632961224885,0.03973136339248407,20000,20000,20,,
walker2d-medium-replay-v2,0,rnn,12,43,4,3.4162965416461883,5.756926650571009,0.04070761873412318,20000,20000,20,,
walker2d-medium-replay-v2,0,rnn,12,44,3,3.5000565252235973,5.747147634239966,0.04063847064651304,20000,20000,20,,
walker2d-medium-replay-v2,0,rnn,12,45,2,3.590838330224275,5.889936227899352,0.04164813847503946,20000,20000,20,,
walker2d-medium-replay-v2,0,rnn,12,46,3,3.6801380575527682,5.956908504393319,0.04212170398364331,20000,20000,20,,
walker2d-medium-replay-v2,0,rnn,12,47,3,3.7546663237650986,6.107661297239237,0.0431876872046849,20000,20000,20,,
walker2d-medium-replay-v2,0,rnn,12,48,3,3.8281384287403037,6.195114773495118,0.0438060766656736,20000,20000,20,,
walker2d-medium-replay-v2,0,rnn,12,49,4,3.9230638519369423,6.331137564357975,0.04476790304382405,20000,20000,20,,
walker2d-medium-replay-v2,0,rnn,12,50,1,3.999431634803238,6.245721129706774,0.04416391764215764,20000,20000,20,,
walker2d-medium-replay-v2,0,rnn,12,51,2,4.107279448558089,6.336258825989663,0.04480411583210403,20000,20000,20,,
walker2d-medium-replay-v2,0,rnn,12,52,5,4.204635013179829,6.459069126221602,0.045672515793039624,20000,20000,20,,
walker2d-medium-replay-v2,0,rnn,12,53,3,4.3029042942746,6.579973004360079,0.04652743531407432,20000,20000,20,,
walker2d-medium-replay-v2,0,rnn,12,54,2,4.407749337812709,6.7473219089087815,0.0477107707663796,20000,20000,20,,
walker2d-medium-replay-v2,0,rnn,12,55,2,4.512502143083939,6.8676930492170225,0.048561923262090745,20000,20000,20,,
walker2d-medium-replay-v2,0,rnn,12,56,4,4.552718423864538,6.930814274957519,0.04900825772966986,20000,20000,20,,
walker2d-medium-replay-v2,0,rnn,12,57,2,4.663834063014247,7.218884812882283,0.05104522403793644,20000,20000,20,,
walker2d-medium-replay-v2,0,rnn,12,58,4,4.771372307231621,7.4835079632029515,0.05291639227844335,20000,20000,20,,
walker2d-medium-replay-v2,0,rnn,12,59,1,4.900351181055724,7.78148213752878,0.05502338787128591,20000,20000,20,,
walker2d-medium-replay-v2,0,rnn,12,60,3,4.969715248086708,8.360557591890776,0.0591180696772664,20000,20000,20,,
walker2d-medium-replay-v2,0,rnn,12,61,1,5.121577514644897,8.59134570053189,0.060749988043639895,20000,20000,20,,
walker2d-medium-replay-v2,0,rnn,12,62,4,5.182003290501562,8.809790690960847,0.06229462738412535,20000,20000,20,,
walker2d-medium-replay-v2,0,rnn,12,63,4,5.262589265998136,8.901726825513041,0.0629447140259047,20000,20000,20,,
walker2d-medium-replay-v2,0,rnn,12,64,2,5.388217860730739,9.628739652242295,0.06808547102380326,20000,20000,20,,
walker2d-medium-replay-v2,0,rnn,12,65,4,5.482529631947118,9.835901233527663,0.06955032461308537,20000,20000,20,,
walker2d-medium-replay-v2,0,rnn,12,66,2,5.567507121637531,10.363228879776235,0.07327909415878044,20000,20000,20,,
walker2d-medium-replay-v2,0,rnn,12,67,3,5.62057682666275,10.28337761436262,0.07271446044617749,20000,20000,20,,
walker2d-medium-replay-v2,0,rnn,12,68,5,5.70457631114865,10.462114124001305,0.07397831842628878,20000,20000,20,,
walker2d-medium-replay-v2,0,rnn,12,69,1,5.83806385886346,11.379553291766172,0.0804655929948156,20000,20000,20,,
walker2d-medium-replay-v2,0,rnn,12,70,5,5.904539783224147,11.391856611321721,0.08055259060170393,20000,20000,20,,
walker2d-medium-replay-v2,0,rnn,12,71,5,5.984290224706273,11.206143939303344,0.07923940370433925,20000,20000,20,,
walker2d-medium-replay-v2,0,rnn,12,72,1,6.108763969173734,12.164200886612514,0.08601388934639122,20000,20000,20,,
walker2d-medium-replay-v2,0,rnn,12,73,4,6.20162099170657,12.346587320242191,0.08730355618655097,20000,20000,20,,
walker2d-medium-replay-v2,0,rnn,12,74,4,6.262901510652579,12.158694805920769,0.0859749554764423,20000,20000,20,,
walker2d-medium-replay-v2,0,rnn,12,75,5,6.325339699160802,12.105304087389221,0.08559742608518149,20000,20000,20,,
walker2d-medium-replay-v2,0,rnn,12,76,5,6.464284555076619,11.94306411753964,0.08445021625658009,20000,20000,20,,
walker2d-medium-replay-v2,0,rnn,12,77,1,6.584922504323929,13.16492316197134,0.09309006441629779,20000,20000,20,,
walker2d-medium-replay-v2,0,rnn,12,78,4,6.692111414005208,13.472395895254468,0.09526422496364242,20000,20000,20,,
walker2d-medium-replay-v2,0,rnn,12,79,3,6.797604105354435,13.109444546375999,0.09269777136331471,20000,20000,20,,
walker2d-medium-replay-v2,0,rnn,12,80,1,6.9495902959484095,13.49986253308286,0.09545844342229093,20000,20000,20,,
walker2d-medium-replay-v2,0,rnn,12,81,5,7.058293337024484,13.134548156277157,0.09287528069124842,20000,20000,20,,
walker2d-medium-replay-v2,0,rnn,12,82,2,7.1922403651967715,13.538353115458595,0.09573061294038794,20000,20000,20,,
walker2d-medium-replay-v2,0,rnn,12,83,2,7.366186778865554,13.886472622425522,0.09819218958078427,20000,20000,20,,
walker2d-medium-replay-v2,0,rnn,12,84,3,7.456509536720383,13.659824200517189,0.09658954322001814,20000,20000,20,,
walker2d-medium-replay-v2,0,rnn,12,85,1,7.627041493856884,13.702946890502076,0.09689446668513133,20000,20000,20,,
walker2d-medium-replay-v2,0,rnn,12,86,4,7.681265537066122,13.499154178105197,0.095453434596209,20000,20000,20,,
walker2d-medium-replay-v2,0,rnn,12,87,5,7.812891407495513,13.130397193425038,0.09284592895143656,20000,20000,20,,
walker2d-medium-replay-v2,0,rnn,12,88,3,7.903897715773886,13.271904311273195,0.09384653537760251,20000,20000,20,,
walker2d-medium-replay-v2,0,rnn,12,89,4,8.046026391773001,13.148971336069508,0.09297726797362287,20000,20000,20,,
walker2d-medium-replay-v2,0,rnn,12,90,3,8.15201746034265,13.355050885060704,0.09443447043917827,20000,20000,20,,
walker2d-medium-replay-v2,0,rnn,12,91,4,8.265076835063613,13.208447238384228,0.09339782611206214,20000,20000,20,,
walker2d-medium-replay-v2,0,rnn,12,92,5,8.385341182623172,13.325426737430973,0.09422499608241973,20000,20000,20,,
walker2d-medium-replay-v2,0,rnn,12,93,4,8.526352941932007,13.611960985326345,0.09625109917970977,20000,20000,20,,
walker2d-medium-replay-v2,0,rnn,12,94,5,8.657100890307897,13.814758378863639,0.09768509330148155,20000,20000,20,,
walker2d-medium-replay-v2,0,rnn,12,95,2,8.802318261444464,14.314019180364513,0.10121540028470054,20000,20000,20,,
walker2d-medium-replay-v2,0,rnn,12,96,1,8.956975639684854,14.410875239068519,0.10190027604378658,20000,20000,20,,
walker2d-medium-replay-v2,0,rnn,12,97,4,9.055066287693261,14.921653057415304,0.10551202063411341,20000,20000,20,,
walker2d-medium-replay-v2,0,rnn,12,98,2,9.226655447745713,15.196661119085208,0.10745662128699099,20000,20000,20,,
walker2d-medium-replay-v2,0,rnn,12,99,4,9.380451500891686,15.192650688487722,0.10742826326028138,20000,20000,20,,
walker2d-medium-replay-v2,0,rnn,12,100,2,9.60038951777426,15.466383713990487,0.10936384804595853,20000,20000,20,,
walker2d-medium-replay-v2,0,rnn,13,1,2,0.09651834361282806,0.2851916053679985,0.0020166091809318953,20000,20000,20,,
walker2d-medium-replay-v2,0,rnn,13,2,1,0.2621655423450863,0.7541803605049526,0.005332860471507671,20000,20000,20,,
walker2d-medium-replay-v2,0,rnn,13,3,1,0.4040525644082095,1.2242765898868306,0.008656942787569196,20000,20000,20,,
walker2d-medium-replay-v2,0,rnn,13,4,2,0.4365495150884544,1.3281207943829647,0.009391232199430586,20000,20000,20,,
walker2d-medium-replay-v2,0,rnn,13,5,5,0.4771025600453203,1.3242651101758196,0.009363968394940725,20000,20000,20,,
walker2d-medium-replay-v2,0,rnn,13,6,4,0.547951203482847,1.4337291370863012,0.010137995952184608,20000,20000,20,,
walker2d-medium-replay-v2,0,rnn,13,7,1,0.713426513321936,1.768146745500039,0.012502685538760022,20000,20000,20,,
walker2d-medium-replay-v2,0,rnn,13,8,4,0.7612790038671273,1.909537423641164,0.013502468611861562,20000,20000,20,,
walker2d-medium-replay-v2,0,rnn,13,9,5,0.8164373415058095,2.0508944457310334,0.014502013700742394,20000,20000,20,,
walker2d-medium-replay-v2,0,rnn,13,10,3,0.8995147543670157,2.2175372063676395,0.015680355961560304,20000,20000,20,,
walker2d-medium-replay-v2,0,rnn,13,11,2,0.9667873482579944,2.368081095808774,0.016744862012460542,20000,20000,20,,
walker2d-medium-replay-v2,0,rnn,13,12,3,1.0224392987738278,2.5016961499360617,0.01768966312088067,20000,20000,20,,
walker2d-medium-replay-v2,0,rnn,13,13,2,1.0823355776063697,2.532151475901049,0.017905014796011563,20000,20000,20,,
walker2d-medium-replay-v2,0,rnn,13,14,4,1.1426259544772985,2.7271226460125515,0.019283669161228756,20000,20000,20,,
walker2d-medium-replay-v2,0,rnn,13,15,1,1.2538876577229454,2.8242391719357824,0.019970386701684713,20000,20000,20,,
walker2d-medium-replay-v2,0,rnn,13,16,2,1.3017108147940188,2.9134357237427055,0.02060110156809604,20000,20000,20,,
walker2d-medium-replay-v2,0,rnn,13,17,2,1.3816443395847033,3.0305837590325484,0.021429463269657327,20000,20000,20,,
walker2d-medium-replay-v2,0,rnn,13,18,2,1.4413657447509305,3.044142408278476,0.02152533739791258,20000,20000,20,,
walker2d-medium-replay-v2,0,rnn,13,19,4,1.5514352149081228,3.250722292335839,0.022986077766649505,20000,20000,20,,
walker2d-medium-replay-v2,0,rnn,13,20,3,1.6223824662594133,3.363602614252008,0.02378426217754394,20000,20000,20,,
walker2d-medium-replay-v2,0,rnn,13,21,5,1.6707743274631972,3.4262237110682614,0.02422706019958506,20000,20000,20,,
walker2d-medium-replay-v2,0,rnn,13,22,2,1.7042242219944606,3.415071067211664,0.024148199098593472,20000,20000,20,,
walker2d-medium-replay-v2,0,rnn,13,23,4,1.7725077396457622,3.570438668606717,0.02524681394382478,20000,20000,20,,
walker2d-medium-replay-v2,0,rnn,13,24,2,1.8399070977821301,3.640005108737956,0.02573872295942285,20000,20000,20,,
walker2d-medium-replay-v2,0,rnn,13,25,1,1.9592916517487537,3.7891175794195626,0.026793107351207292,20000,20000,20,,
walker2d-medium-replay-v2,0,rnn,13,26,2,2.019543036660118,3.908631162896237,0.027638196004409903,20000,20000,20,,
walker2d-medium-replay-v2,0,rnn,13,27,5,2.0868204994882182,4.008028255512321,0.028341039586600506,20000,20000,20,,
walker2d-medium-replay-v2,0,rnn,13,28,4,2.1855228613446065,4.0888384158788815,0.028912453710440177,20000,20000,20,,
walker2d-medium-replay-v2,0,rnn,13,29,3,2.2450979413112715,4.128637136328466,0.029193873161564667,20000,20000,20,,
walker2d-medium-replay-v2,0,rnn,13,30,3,2.3256139877519932,4.259563095820067,0.030119659499463332,20000,20000,20,,
walker2d-medium-replay-v2,0,rnn,13,31,5,2.388751673939914,4.347396219991614,0.03074073347660834,20000,20000,20,,
walker2d-medium-replay-v2,0,rnn,13,32,3,2.4396553303852073,4.378684029391294,0.030961971698558195,20000,20000,20,,
walker2d-medium-replay-v2,0,rnn,13,33,4,2.527819232727689,4.557511494394408,0.03222647283021922,20000,20000,20,,
walker2d-medium-replay-v2,0,rnn,13,34,1,2.638035657082538,4.651089083338004,0.03288816630731026,20000,20000,20,,
walker2d-medium-replay-v2,0,rnn,13,35,3,2.73029732125448,4.852996739586381,0.03431586903637735,20000,20000,20,,
walker2d-medium-replay-v2,0,rnn,13,36,3,2.819625405244576,4.877442336902148,0.0344887255126987,20000,20000,20,,
walker2d-medium-replay-v2,0,rnn,13,37,4,2.932337924661817,5.018532215900701,0.035486381614665365,20000,20000,20,,
walker2d-medium-replay-v2,0,rnn,13,38,3,3.023123891746129,5.133287554195626,0.036297824393522346,20000,20000,20,,
walker2d-medium-replay-v2,0,rnn,13,39,5,3.1092637878613765,5.249842960136693,0.037121995572771134,20000,20000,20,,
walker2d-medium-replay-v2,0,rnn,13,40,3,3.17270273774329,5.257430945959582,0.03717565073508026,20000,20000,20,,
walker2d-medium-replay-v2,0,rnn,13,41,2,3.239591867914634,5.3071478615883825,0.0375272024168883,20000,20000,20,,
walker2d-medium-replay-v2,0,rnn,13,42,2,3.2999660194493,5.3565505759346745,0.037876532360121146,20000,20000,20,,
walker2d-medium-replay-v2,0,rnn,13,43,4,3.382564885408208,5.5179823221799245,0.03901802718480917,20000,20000,20,,
walker2d-medium-replay-v2,0,rnn,13,44,3,3.464380500222657,5.574707669033848,0.039419135959064856,20000,20000,20,,
walker2d-medium-replay-v2,0,rnn,13,45,5,3.552843105604111,5.685347019488688,0.04020147430879178,20000,20000,20,,
walker2d-medium-replay-v2,0,rnn,13,46,3,3.6311262280487595,5.818137066989311,0.04114044173940952,20000,20000,20,,
walker2d-medium-replay-v2,0,rnn,13,47,1,3.753689601145676,5.9062184764017704,0.041763271358329704,20000,20000,20,,
walker2d-medium-replay-v2,0,rnn,13,48,1,3.8898769062851772,6.031152094423498,0.04264668544334304,20000,20000,20,,
walker2d-medium-replay-v2,0,rnn,13,49,1,4.01416081762309,6.138784145577315,0.043407758975781856,20000,20000,20,,
walker2d-medium-replay-v2,0,rnn,13,50,3,4.092431247446477,6.221738729605988,0.043994336464753696,20000,20000,20,,
walker2d-medium-replay-v2,0,rnn,13,51,3,4.204486296657719,6.35775955128408,0.044956148918665145,20000,20000,20,,
walker2d-medium-replay-v2,0,rnn,13,52,1,4.329251781915908,6.419892215614907,0.0453954932014803,20000,20000,20,,
walker2d-medium-replay-v2,0,rnn,13,53,1,4.459323959042516,6.63804189608003,0.046938044385185965,20000,20000,20,,
walker2d-medium-replay-v2,0,rnn,13,54,3,4.5120604335762,6.692064246732624,0.047320040090006836,20000,20000,20,,
walker2d-medium-replay-v2,0,rnn,13,55,2,4.589839351533017,6.73486095854009,0.04762265854132229,20000,20000,20,,
walker2d-medium-replay-v2,0,rnn,13,56,1,4.706629916825886,6.8069514450110935,0.04813241525974912,20000,20000,20,,
walker2d-medium-replay-v2,0,rnn,13,57,3,4.81983756849253,6.922425889303407,0.04894894288587756,20000,20000,20,,
walker2d-medium-replay-v2,0,rnn,13,58,2,4.888985320621026,7.01366897391825,0.049594128924552894,20000,20000,20,,
walker2d-medium-replay-v2,0,rnn,13,59,4,4.938326711641488,7.0673725757556864,0.04997387073488683,20000,20000,20,,
walker2d-medium-replay-v2,0,rnn,13,60,4,5.021385091610085,7.179156586824019,0.050764303057433326,20000,20000,20,,
walker2d-medium-replay-v2,0,rnn,13,61,3,5.093738123376885,7.24732585514664,0.051246332576427835,20000,20000,20,,
walker2d-medium-replay-v2,0,rnn,13,62,1,5.189429484504055,7.2646881705348765,0.05136910268590905,20000,20000,20,,
walker2d-medium-replay-v2,0,rnn,13,63,5,5.263742489404383,7.445606148436918,0.05264838597603996,20000,20000,20,,
walker2d-medium-replay-v2,0,rnn,13,64,4,5.327046078112943,7.48681833233848,0.052939800123082977,20000,20000,20,,
walker2d-medium-replay-v2,0,rnn,13,65,3,5.399913834157814,7.561682310718738,0.053469168390875815,20000,20000,20,,
walker2d-medium-replay-v2,0,rnn,13,66,3,5.504006540412908,7.661053635322885,0.054171829765706635,20000,20000,20,,
walker2d-medium-replay-v2,0,rnn,13,67,4,5.61396019466482,7.876964549759086,0.0556985504830069,20000,20000,20,,
walker2d-medium-replay-v2,0,rnn,13,68,2,5.6971105112377005,8.029576644442907,0.05677768095342703,20000,20000,20,,
walker2d-medium-replay-v2,0,rnn,13,69,5,5.77354993528386,8.12228102510718,0.05743319991556109,20000,20000,20,,
walker2d-medium-replay-v2,0,rnn,13,70,3,5.8452146231392,8.112585745283313,0.05736464393447152,20000,20000,20,,
walker2d-medium-replay-v2,0,rnn,13,71,2,5.953824832904247,8.338734372995864,0.05896375621658729,20000,20000,20,,
walker2d-medium-replay-v2,0,rnn,13,72,4,6.05525623495685,8.504162596441363,0.06013351040256684,20000,20000,20,,
walker2d-medium-replay-v2,0,rnn,13,73,5,6.1610556747762795,8.827329864424946,0.06241864806905407,20000,20000,20,,
walker2d-medium-replay-v2,0,rnn,13,74,2,6.251463829553801,8.95035066981838,0.06328853652626135,20000,20000,20,,
walker2d-medium-replay-v2,0,rnn,13,75,1,6.382264591838805,9.29788469150546,0.06574597316054101,20000,20000,20,,
walker2d-medium-replay-v2,0,rnn,13,76,3,6.448060904550657,9.27124966556115,0.065557635085918,20000,20000,20,,
walker2d-medium-replay-v2,0,rnn,13,77,1,6.645564594900733,9.90523466535058,0.07004058601113458,20000,20000,20,,
walker2d-medium-replay-v2,0,rnn,13,78,1,6.893987295651356,11.009677821065873,0.07785017845954811,20000,20000,20,,
walker2d-medium-replay-v2,0,rnn,13,79,5,6.931084738010235,10.793038448400525,0.07631830676471144,20000,20000,20,,
walker2d-medium-replay-v2,0,rnn,13,80,3,6.993599022076637,10.728193809212017,0.07585978592377356,20000,20000,20,,
walker2d-medium-replay-v2,0,rnn,13,81,1,7.162805473564986,11.344499699078904,0.0802177266638744,20000,20000,20,,
walker2d-medium-replay-v2,0,rnn,13,82,4,7.238659509068311,11.363333803690791,0.08035090389476082,20000,20000,20,,
walker2d-medium-replay-v2,0,rnn,13,83,1,7.442492728027572,11.989755726590888,0.08478037579042658,20000,20000,20,,
walker2d-medium-replay-v2,0,rnn,13,84,4,7.533586191989541,12.43972755521313,0.08796215710404356,20000,20000,20,,
walker2d-medium-replay-v2,0,rnn,13,85,4,7.632622960227879,12.758646467000606,0.09021725435577915,20000,20000,20,,
walker2d-medium-replay-v2,0,rnn,13,86,1,7.727825085249013,12.693417303173439,0.08975601451504596,20000,20000,20,,
walker2d-medium-replay-v2,0,rnn,13,87,2,7.855784061046579,13.211701786312116,0.0934208392411572,20000,20000,20,,
walker2d-medium-replay-v2,0,rnn,13,88,5,7.9436005589381775,13.358088288166929,0.09445594812251436,20000,20000,20,,
walker2d-medium-replay-v2,0,rnn,13,89,1,8.088360457695707,13.914751555387006,0.09839215183340211,20000,20000,20,,
walker2d-medium-replay-v2,0,rnn,13,90,4,8.176094161880496,13.583489756910062,0.09604977719289112,20000,20000,20,,
walker2d-medium-replay-v2,0,rnn,13,91,4,8.342703309065376,13.990785884531011,0.09892979573080907,20000,20000,20,,
walker2d-medium-replay-v2,0,rnn,13,92,2,8.473652336215999,14.596634597093239,0.10321379306106798,20000,20000,20,,
walker2d-medium-replay-v2,0,rnn,13,93,1,8.601674868622496,14.93155498834604,0.10558203785919305,20000,20000,20,,
walker2d-medium-replay-v2,0,rnn,13,94,1,8.864391792889226,15.519125885584149,0.10973679151784237,20000,20000,20,,
walker2d-medium-replay-v2,0,rnn,13,95,4,8.901962660576647,15.281734046623889,0.1080581777265709,20000,20000,20,,
walker2d-medium-replay-v2,0,rnn,13,96,4,9.02199541545157,15.591585592642712,0.11024915902008137,20000,20000,20,,
walker2d-medium-replay-v2,0,rnn,13,97,3,9.141324167535164,15.543949293847707,0.1099123195209956,20000,20000,20,,
walker2d-medium-replay-v2,0,rnn,13,98,4,9.332116426780779,15.744280284005855,0.11132887353722203,20000,20000,20,,
walker2d-medium-replay-v2,0,rnn,13,99,5,9.459095961673446,15.63935659613773,0.11058695102523551,20000,20000,20,,
walker2d-medium-replay-v2,0,rnn,13,100,5,9.58725421791347,15.610901976718738,0.11038574648176298,20000,20000,20,,
walker2d-medium-replay-v2,0,rnn,14,1,5,0.08314697735351108,0.25666348701065084,0.0018148849214821656,20000,20000,20,,
walker2d-medium-replay-v2,0,rnn,14,2,1,0.25359536555936163,0.7291712439768219,0.005156019312622412,20000,20000,20,,
walker2d-medium-replay-v2,0,rnn,14,3,5,0.26557006136263506,0.8342410660101071,0.005898975149200409,20000,20000,20,,
walker2d-medium-replay-v2,0,rnn,14,4,3,0.3131599673496582,0.9053846323308746,0.006402036131032505,20000,20000,20,,
walker2d-medium-replay-v2,0,rnn,14,5,2,0.38778521932164484,1.093424151179836,0.007731676320124067,20000,20000,20,,
walker2d-medium-replay-v2,0,rnn,14,6,4,0.45547743915741984,1.2039924586058839,0.008513512319776841,20000,20000,20,,
walker2d-medium-replay-v2,0,rnn,14,7,4,0.528279572866873,1.4180312962768526,0.010026995455321128,20000,20000,20,,
walker2d-medium-replay-v2,0,rnn,14,8,3,0.6008136614103269,1.5993612195499214,0.01130919163910536,20000,20000,20,,
walker2d-medium-replay-v2,0,rnn,14,9,2,0.6650008416807682,1.7041535424274432,0.012050185260335218,20000,20000,20,,
walker2d-medium-replay-v2,0,rnn,14,10,3,0.7428228781310059,1.8760911631797337,0.013265967836085473,20000,20000,20,,
walker2d-medium-replay-v2,0,rnn,14,11,4,0.7987899187432231,1.982424362538673,0.014017857099405144,20000,20000,20,,
walker2d-medium-replay-v2,0,rnn,14,12,2,0.8480525506739854,2.0463292481534987,0.014469732879097082,20000,20000,20,,
walker2d-medium-replay-v2,0,rnn,14,13,5,0.9232195588154231,2.1995118178114956,0.015552897216744585,20000,20000,20,,
walker2d-medium-replay-v2,0,rnn,14,14,3,1.003741341751294,2.346076215549461,0.01658926401195496,20000,20000,20,,
walker2d-medium-replay-v2,0,rnn,14,15,2,1.0635022426667808,2.4284919331103,0.017172031139591204,20000,20000,20,,
walker2d-medium-replay-v2,0,rnn,14,16,3,1.1242722186571052,2.508724282979264,0.017739359526219967,20000,20000,20,,
walker2d-medium-replay-v2,0,rnn,14,17,1,1.250260037248686,2.669991885646693,0.018879693680538333,20000,20000,20,,
walker2d-medium-replay-v2,0,rnn,14,18,2,1.344248426799341,2.8938803587433717,0.02046282425609997,20000,20000,20,,
walker2d-medium-replay-v2,0,rnn,14,19,5,1.3887221310823394,2.9034806766608425,0.020530708755109872,20000,20000,20,,
walker2d-medium-replay-v2,0,rnn,14,20,2,1.4847459770633855,3.0850856638402293,0.021814849934428275,20000,20000,20,,
walker2d-medium-replay-v2,0,rnn,14,21,5,1.5696152760550113,3.290102586161887,0.023264538494744677,20000,20000,20,,
walker2d-medium-replay-v2,0,rnn,14,22,5,1.6379645709162614,3.380089583979698,0.023900842658500607,20000,20000,20,,
walker2d-medium-replay-v2,0,rnn,14,23,1,1.730525023024295,3.5098009700835497,0.024818040665612006,20000,20000,20,,
walker2d-medium-replay-v2,0,rnn,14,24,1,1.8272753310337289,3.5935502690132273,0.02541023763753995,20000,20000,20,,
walker2d-medium-replay-v2,0,rnn,14,25,3,1.8820733905184992,3.7250428398409072,0.026340030522619,20000,20000,20,,
walker2d-medium-replay-v2,0,rnn,14,26,2,1.9541216760036564,3.8173804689170243,0.026992956159403104,20000,20000,20,,
walker2d-medium-replay-v2,0,rnn,14,27,3,2.0202933919319026,3.8393138862036795,0.027148048840382986,20000,20000,20,,
walker2d-medium-replay-v2,0,rnn,14,28,1,2.1341269703835177,3.957723670329847,0.027985332453527467,20000,20000,20,,
walker2d-medium-replay-v2,0,rnn,14,29,3,2.2234246541711764,4.185696868634837,0.029597346398029908,20000,20000,20,,
walker2d-medium-replay-v2,0,rnn,14,30,5,2.2865237700226824,4.2895326497679,0.03033157624771982,20000,20000,20,,
walker2d-medium-replay-v2,0,rnn,14,31,5,2.3714218184101115,4.374165545387732,0.03093002119176218,20000,20000,20,,
walker2d-medium-replay-v2,0,rnn,14,32,1,2.479742846730251,4.503067482321344,0.03184149552890056,20000,20000,20,,
walker2d-medium-replay-v2,0,rnn,14,33,4,2.5508575343954996,4.591920450781054,0.03246978089416472,20000,20000,20,,
walker2d-medium-replay-v2,0,rnn,14,34,5,2.625718984391875,4.766009491484594,0.03370077630628205,20000,20000,20,,
walker2d-medium-replay-v2,0,rnn,14,35,1,2.7494914667609986,4.929453824275064,0.034856502266908576,20000,20000,20,,
walker2d-medium-replay-v2,0,rnn,14,36,2,2.838593975422184,4.980717206928287,0.03521898912191512,20000,20000,20,,
walker2d-medium-replay-v2,0,rnn,14,37,1,2.947447449807998,5.021674928561296,0.03550860394900164,20000,20000,20,,
walker2d-medium-replay-v2,0,rnn,14,38,1,3.051090295016339,5.127363330376375,0.036255933805163745,20000,20000,20,,
walker2d-medium-replay-v2,0,rnn,14,39,1,3.2035944807270753,5.379469126293658,0.03803859098385917,20000,20000,20,,
walker2d-medium-replay-v2,0,rnn,14,40,4,3.3271383124151415,5.524608586422358,0.03906488194860676,20000,20000,20,,
walker2d-medium-replay-v2,0,rnn,14,41,3,3.414695525417741,5.6846220178661016,0.040196347773154756,20000,20000,20,,
walker2d-medium-replay-v2,0,rnn,14,42,3,3.50384484049677,5.776973367462781,0.04084937042867017,20000,20000,20,,
walker2d-medium-replay-v2,0,rnn,14,43,4,3.5371350072866536,5.859672445952584,0.04143414122065035,20000,20000,20,,
walker2d-medium-replay-v2,0,rnn,14,44,1,3.5829348175756213,5.996483085985524,0.04240153853370799,20000,20000,20,,
walker2d-medium-replay-v2,0,rnn,14,45,2,3.6371889203540215,6.035670225243395,0.04267863345275341,20000,20000,20,,
walker2d-medium-replay-v2,0,rnn,14,46,3,3.7010845020890817,5.944333718546051,0.04203278682019759,20000,20000,20,,
walker2d-medium-replay-v2,0,rnn,14,47,5,3.7834220078017955,5.925898140018905,0.041902427594281165,20000,20000,20,,
walker2d-medium-replay-v2,0,rnn,14,48,5,3.915509135324504,6.243171925373125,0.04414589204544811,20000,20000,20,,
walker2d-medium-replay-v2,0,rnn,14,49,1,4.0246839320625725,6.505925491362731,0.046003840328370085,20000,20000,20,,
walker2d-medium-replay-v2,0,rnn,14,50,1,4.140834629916502,6.651571479821373,0.04703371298928732,20000,20000,20,,
walker2d-medium-replay-v2,0,rnn,14,51,3,4.186548468207893,6.7872485014087705,0.047993094409443736,20000,20000,20,,
walker2d-medium-replay-v2,0,rnn,14,52,4,4.247713596326108,6.767614630627097,0.04785426197773712,20000,20000,20,,
walker2d-medium-replay-v2,0,rnn,14,53,5,4.364704812646413,6.858099678264621,0.04849408788554193,20000,20000,20,,
walker2d-medium-replay-v2,0,rnn,14,54,2,4.476990517043807,6.99596266735203,0.04946892643012547,20000,20000,20,,
walker2d-medium-replay-v2,0,rnn,14,55,3,4.55488044998771,7.054728564711497,0.04988446407537939,20000,20000,20,,
walker2d-medium-replay-v2,0,rnn,14,56,4,4.616281636475089,6.995003777410942,0.04946214605432792,20000,20000,20,,
walker2d-medium-replay-v2,0,rnn,14,57,2,4.673789670175787,7.243794109825053,0.051221359365764656,20000,20000,20,,
walker2d-medium-replay-v2,0,rnn,14,58,3,4.74564156649014,7.212320899520429,0.05099881016144355,20000,20000,20,,
walker2d-medium-replay-v2,0,rnn,14,59,4,4.821770533210825,7.373866875598585,0.0521411127130262,20000,20000,20,,
walker2d-medium-replay-v2,0,rnn,14,60,3,4.914129325231412,7.750984960067429,0.0548077402613862,20000,20000,20,,
walker2d-medium-replay-v2,0,rnn,14,61,3,5.010335954028366,7.9248200402446685,0.05603693990140053,20000,20000,20,,
walker2d-medium-replay-v2,0,rnn,14,62,1,5.101130385047884,8.023721027283026,0.056736275487409185,20000,20000,20,,
walker2d-medium-replay-v2,0,rnn,14,63,4,5.208600686398306,8.051326646648302,0.0569314766939296,20000,20000,20,,
walker2d-medium-replay-v2,0,rnn,14,64,5,5.282356985863497,8.23661347275803,0.05824165240599682,20000,20000,20,,
walker2d-medium-replay-v2,0,rnn,14,65,1,5.424213941851339,8.598713992602423,0.06080208973652826,20000,20000,20,,
walker2d-medium-replay-v2,0,rnn,14,66,3,5.430000528102639,8.307704585016515,0.058744342481597496,20000,20000,20,,
walker2d-medium-replay-v2,0,rnn,14,67,5,5.53189689033287,8.335836911717742,0.05894326807140743,20000,20000,20,,
walker2d-medium-replay-v2,0,rnn,14,68,3,5.617064054393981,8.465078077260426,0.05985714111704428,20000,20000,20,,
walker2d-medium-replay-v2,0,rnn,14,69,3,5.73174337753693,8.48906497624433,0.06002675410635584,20000,20000,20,,
walker2d-medium-replay-v2,0,rnn,14,70,4,5.863266560750655,8.741146970637791,0.06180924298286229,20000,20000,20,,
walker2d-medium-replay-v2,0,rnn,14,71,1,5.9403941574932535,8.69566030394728,0.06148760367815796,20000,20000,20,,
walker2d-medium-replay-v2,0,rnn,14,72,3,6.059382421553744,9.173301149533712,0.06486503448701639,20000,20000,20,,
walker2d-medium-replay-v2,0,rnn,14,73,1,6.205929736973255,9.357430469514044,0.06616702539475,20000,20000,20,,
walker2d-medium-replay-v2,0,rnn,14,74,2,6.350551625175215,9.699494147634427,0.06858578085871535,20000,20000,20,,
walker2d-medium-replay-v2,0,rnn,14,75,2,6.459206317448607,9.724152098113104,0.0687601388986517,20000,20000,20,,
walker2d-medium-replay-v2,0,rnn,14,76,4,6.515567176519284,9.608122233130118,0.0679396838551554,20000,20000,20,,
walker2d-medium-replay-v2,0,rnn,14,77,1,6.6606218615851684,9.855148957970236,0.06968642657784291,20000,20000,20,,
walker2d-medium-replay-v2,0,rnn,14,78,3,6.752082392645872,9.996368263970668,0.07068499786691655,20000,20000,20,,
walker2d-medium-replay-v2,0,rnn,14,79,1,6.893989616624646,10.384454620766078,0.07342918281267671,20000,20000,20,,
walker2d-medium-replay-v2,0,rnn,14,80,1,7.046740447665349,10.977304301315089,0.07762126310608156,20000,20000,20,,
walker2d-medium-replay-v2,0,rnn,14,81,1,7.240541977209672,11.584439847310612,0.08191435972280987,20000,20000,20,,
walker2d-medium-replay-v2,0,rnn,14,82,4,7.2863300048563575,11.360104374474245,0.08032806838177702,20000,20000,20,,
walker2d-medium-replay-v2,0,rnn,14,83,1,7.496792447645698,11.98279196025872,0.08473113452646583,20000,20000,20,,
walker2d-medium-replay-v2,0,rnn,14,84,2,7.683865308768868,12.2344066641026,0.08651031915980836,20000,20000,20,,
walker2d-medium-replay-v2,0,rnn,14,85,2,7.846339206669801,12.698640354224844,0.08979294706321529,20000,20000,20,,
walker2d-medium-replay-v2,0,rnn,14,86,4,7.915292582477323,12.85237876572232,0.09088004179620242,20000,20000,20,,
walker2d-medium-replay-v2,0,rnn,14,87,4,8.033946219375343,12.953014483297258,0.09159164377947054,20000,20000,20,,
walker2d-medium-replay-v2,0,rnn,14,88,4,8.108574398335664,12.912298324385862,0.09130373705876937,20000,20000,20,,
walker2d-medium-replay-v2,0,rnn,14,89,4,8.238279213893112,13.36250749957849,0.09448719666608046,20000,20000,20,,
walker2d-medium-replay-v2,0,rnn,14,90,3,8.27788387960184,13.273845232731134,0.0938602597648491,20000,20000,20,,
walker2d-medium-replay-v2,0,rnn,14,91,5,8.363343774465667,13.087087008983978,0.09253967970030942,20000,20000,20,,
walker2d-medium-replay-v2,0,rnn,14,92,3,8.435108108088425,12.95897603128491,0.09163379828955492,20000,20000,20,,
walker2d-medium-replay-v2,0,rnn,14,93,1,8.592986229926554,13.370413455999397,0.09454310022005036,20000,20000,20,,
walker2d-medium-replay-v2,0,rnn,14,94,2,8.728401818748099,13.957521234625109,0.09869457913558646,20000,20000,20,,
walker2d-medium-replay-v2,0,rnn,14,95,1,8.954987662273172,14.645834737977859,0.10356169059361646,20000,20000,20,,
walker2d-medium-replay-v2,0,rnn,14,96,4,9.042819792284082,14.68812514847738,0.1038607289540502,20000,20000,20,,
walker2d-medium-replay-v2,0,rnn,14,97,1,9.328827318030307,15.5605500449153,0.11002970455752244,20000,20000,20,,
walker2d-medium-replay-v2,0,rnn,14,98,2,9.48687831347426,16.410728847958467,0.1160413765260513,20000,20000,20,,
walker2d-medium-replay-v2,0,rnn,14,99,3,9.630757171067486,16.263487778034847,0.11500022493592976,20000,20000,20,,
walker2d-medium-replay-v2,0,rnn,14,100,2,9.795695026669858,16.85753645818797,0.11920078343684166,20000,20000,20,,
walker2d-medium-replay-v2,0,rnn,15,1,2,0.09754177959962812,0.28220256101865143,0.0019954734456449886,20000,20000,20,,
walker2d-medium-replay-v2,0,rnn,15,2,2,0.16027752995863595,0.49142067365893044,0.003474868907594911,20000,20000,20,,
walker2d-medium-replay-v2,0,rnn,15,3,5,0.2039295972524552,0.5995456377333298,0.0042394278607205075,20000,20000,20,,
walker2d-medium-replay-v2,0,rnn,15,4,3,0.2489606490313236,0.6987378208422926,0.00494082251389096,20000,20000,20,,
walker2d-medium-replay-v2,0,rnn,15,5,2,0.32289487349023777,0.9297851094168982,0.006574573559149648,20000,20000,20,,
walker2d-medium-replay-v2,0,rnn,15,6,1,0.4811622095492088,1.2749219452576663,0.009015059529752402,20000,20000,20,,
walker2d-medium-replay-v2,0,rnn,15,7,1,0.6024394139125412,1.5538221685202847,0.010987181921186797,20000,20000,20,,
walker2d-medium-replay-v2,0,rnn,15,8,1,0.7237787855801588,1.7513751534423938,0.012384092474007468,20000,20000,20,,
walker2d-medium-replay-v2,0,rnn,15,9,2,0.786551353153072,1.9177347648124974,0.013560432567161057,20000,20000,20,,
walker2d-medium-replay-v2,0,rnn,15,10,3,0.8628694168756199,2.055017412555871,0.014531167478746894,20000,20000,20,,
walker2d-medium-replay-v2,0,rnn,15,11,5,0.9556527503133533,2.2488960500007336,0.015902096471391597,20000,20000,20,,
walker2d-medium-replay-v2,0,rnn,15,12,4,1.0480826169720974,2.505337860746121,0.017715413904969803,20000,20000,20,,
walker2d-medium-replay-v2,0,rnn,15,13,1,1.165546083331235,2.6988519259384645,0.01908376498249462,20000,20000,20,,
walker2d-medium-replay-v2,0,rnn,15,14,5,1.1943985412300397,2.750655516415064,0.019450071683652766,20000,20000,20,,
walker2d-medium-replay-v2,0,rnn,15,15,5,1.2483174903323122,2.8377739896530607,0.020066092315584826,20000,20000,20,,
walker2d-medium-replay-v2,0,rnn,15,16,2,1.2934755783342018,2.88133673086752,0.020374127412783015,20000,20000,20,,
walker2d-medium-replay-v2,0,rnn,15,17,3,1.3517436662970543,2.931051758019764,0.020725665741045264,20000,20000,20,,
walker2d-medium-replay-v2,0,rnn,15,18,3,1.4244680547661073,3.10792821374827,0.021976371153823955,20000,20000,20,,
walker2d-medium-replay-v2,0,rnn,15,19,3,1.4675034982114274,3.1085166414515433,0.021980531966016178,20000,20000,20,,
walker2d-medium-replay-v2,0,rnn,15,20,2,1.5264197824537797,3.1640009489761245,0.02237286526701689,20000,20000,20,,
walker2d-medium-replay-v2,0,rnn,15,21,2,1.6027733839549332,3.2768744275469834,0.02317100128815258,20000,20000,20,,
walker2d-medium-replay-v2,0,rnn,15,22,3,1.6908459159443494,3.46394159830164,0.024493765937932573,20000,20000,20,,
walker2d-medium-replay-v2,0,rnn,15,23,5,1.7385818469157108,3.5567339392538875,0.025149906873227657,20000,20000,20,,
walker2d-medium-replay-v2,0,rnn,15,24,3,1.7860807937781065,3.548792656681893,0.0250937535256479,20000,20000,20,,
walker2d-medium-replay-v2,0,rnn,15,25,3,1.8345312390796709,3.6319739945990817,0.025681934406742036,20000,20000,20,,
walker2d-medium-replay-v2,0,rnn,15,26,4,1.9311470092423229,3.7498531039419833,0.026515465582508,20000,20000,20,,
walker2d-medium-replay-v2,0,rnn,15,27,3,1.9920849453427163,3.7704512381269173,0.026661116386127573,20000,20000,20,,
walker2d-medium-replay-v2,0,rnn,15,28,1,2.090705035270504,3.8344391698983706,0.02711357939082454,20000,20000,20,,
walker2d-medium-replay-v2,0,rnn,15,29,4,2.1790041921901735,4.046516198065705,0.028613190438334664,20000,20000,20,,
walker2d-medium-replay-v2,0,rnn,15,30,4,2.2514284134075395,4.1410434652197265,0.029281599154451075,20000,20000,20,,
walker2d-medium-replay-v2,0,rnn,15,31,3,2.3495242918178367,4.245920905869978,0.0300231946492239,20000,20000,20,,
walker2d-medium-replay-v2,0,rnn,15,32,1,2.479065692337199,4.378975806714427,0.030964034875796038,20000,20000,20,,
walker2d-medium-replay-v2,0,rnn,15,33,3,2.5475591985050823,4.546823113812416,0.03215089456632493,20000,20000,20,,
walker2d-medium-replay-v2,0,rnn,15,34,4,2.617060696427134,4.6890910665140515,0.03315688090733346,20000,20000,20,,
walker2d-medium-replay-v2,0,rnn,15,35,3,2.6882572971231107,4.705723160332375,0.03327448757057613,20000,20000,20,,
walker2d-medium-replay-v2,0,rnn,15,36,3,2.7865274148077073,4.845853951669594,0.03426536189865198,20000,20000,20,,
walker2d-medium-replay-v2,0,rnn,15,37,4,2.8716762722780333,4.974436075211764,0.03517457481361233,20000,20000,20,,
walker2d-medium-replay-v2,0,rnn,15,38,2,2.950484223321567,5.058049778204765,0.03576581297747702,20000,20000,20,,
walker2d-medium-replay-v2,0,rnn,15,39,5,3.0344713782920443,5.161810221023975,0.03649951010484084,20000,20000,20,,
walker2d-medium-replay-v2,0,rnn,15,40,4,3.12120721676618,5.2347990849584125,0.037015619311232276,20000,20000,20,,
walker2d-medium-replay-v2,0,rnn,15,41,5,3.2158868841714643,5.42287744036408,0.038345534116249885,20000,20000,20,,
walker2d-medium-replay-v2,0,rnn,15,42,2,3.272837816014514,5.435729881329335,0.0384364145978632,20000,20000,20,,
walker2d-medium-replay-v2,0,rnn,15,43,1,3.3967786205883583,5.549604261505633,0.03924162806212395,20000,20000,20,,
walker2d-medium-replay-v2,0,rnn,15,44,3,3.484774167637776,5.601003226053161,0.03960507362589919,20000,20000,20,,
walker2d-medium-replay-v2,0,rnn,15,45,3,3.568671447004782,5.691377353025877,0.040244115206161404,20000,20000,20,,
walker2d-medium-replay-v2,0,rnn,15,46,3,3.644449666592862,5.795174302178947,0.04097807047228752,20000,20000,20,,
walker2d-medium-replay-v2,0,rnn,15,47,2,3.7215682110775865,5.822800383002466,0.041173416363166696,20000,20000,20,,
walker2d-medium-replay-v2,0,rnn,15,48,5,3.8299874605110715,5.9974003408160685,0.04240802450481553,20000,20000,20,,
walker2d-medium-replay-v2,0,rnn,15,49,4,3.926895698617231,6.060672164990049,0.042855423864130174,20000,20000,20,,
walker2d-medium-replay-v2,0,rnn,15,50,3,3.9568589213345775,6.047496148483528,0.04276225535792231,20000,20000,20,,
walker2d-medium-replay-v2,0,rnn,15,51,2,4.059088769049915,6.176976146468438,0.04367781720395381,20000,20000,20,,
walker2d-medium-replay-v2,0,rnn,15,52,4,4.149988240421423,6.313282654347315,0.044641649764363925,20000,20000,20,,
walker2d-medium-replay-v2,0,rnn,15,53,1,4.265769842438048,6.411735261790926,0.04533781482785267,20000,20000,20,,
walker2d-medium-replay-v2,0,rnn,15,54,1,4.400150053993551,6.5103533560528035,0.04603515005985535,20000,20000,20,,
walker2d-medium-replay-v2,0,rnn,15,55,4,4.440336382034117,6.527586934220378,0.04615700985971935,20000,20000,20,,
walker2d-medium-replay-v2,0,rnn,15,56,3,4.500992085854258,6.5180447751271435,0.046089536605699484,20000,20000,20,,
walker2d-medium-replay-v2,0,rnn,15,57,3,4.63474906710814,6.677933483699633,0.04722012050636715,20000,20000,20,,
walker2d-medium-replay-v2,0,rnn,15,58,5,4.790133391709575,6.9240650163559225,0.048960533264418155,20000,20000,20,,
walker2d-medium-replay-v2,0,rnn,15,59,4,4.874376744744405,7.052951776333053,0.04987190028426808,20000,20000,20,,
walker2d-medium-replay-v2,0,rnn,15,60,5,4.9544988173439535,7.1302247508284635,0.05041830272694967,20000,20000,20,,
walker2d-medium-replay-v2,0,rnn,15,61,3,5.016831799520958,7.208527722875589,0.05097198835216551,20000,20000,20,,
walker2d-medium-replay-v2,0,rnn,15,62,3,5.0657588226156065,7.234029447434618,0.05115231277584192,20000,20000,20,,
walker2d-medium-replay-v2,0,rnn,15,63,1,5.1704629402393065,7.2600853542690595,0.0513365558599679,20000,20000,20,,
walker2d-medium-replay-v2,0,rnn,15,64,2,5.260805814441316,7.405279599233441,0.052363234212003645,20000,20000,20,,
walker2d-medium-replay-v2,0,rnn,15,65,5,5.32395648901049,7.456970977110906,0.052728747450263964,20000,20000,20,,
walker2d-medium-replay-v2,0,rnn,15,66,1,5.443128913456604,7.52135787534287,0.05318403157385787,20000,20000,20,,
walker2d-medium-replay-v2,0,rnn,15,67,1,5.61038801332742,7.881210769549046,0.05572857579108579,20000,20000,20,,
walker2d-medium-replay-v2,0,rnn,15,68,5,5.6628488294912955,7.894665123998718,0.055823712443764294,20000,20000,20,,
walker2d-medium-replay-v2,0,rnn,15,69,4,5.729166185504674,7.855342959676477,0.05554566275333241,20000,20000,20,,
walker2d-medium-replay-v2,0,rnn,15,70,5,5.829297036219285,7.904905676068155,0.05589612408187822,20000,20000,20,,
walker2d-medium-replay-v2,0,rnn,15,71,2,5.93353091100396,7.9966309916507905,0.0565447200084278,20000,20000,20,,
walker2d-medium-replay-v2,0,rnn,15,72,2,6.046653909070513,8.190751669731323,0.05791736048682056,20000,20000,20,,
walker2d-medium-replay-v2,0,rnn,15,73,4,6.142229636809921,8.253287009985256,0.05835955211839419,20000,20000,20,,
walker2d-medium-replay-v2,0,rnn,15,74,2,6.278962390105309,8.572529965234922,0.06061694070342492,20000,20000,20,,
walker2d-medium-replay-v2,0,rnn,15,75,1,6.400711148297132,8.591347342394295,0.06074999965336029,20000,20000,20,,
walker2d-medium-replay-v2,0,rnn,15,76,1,6.558027079387531,8.964180145114508,0.06338632568388278,20000,20000,20,,
walker2d-medium-replay-v2,0,rnn,15,77,5,6.5585900159699015,8.864559286337771,0.0626818998359962,20000,20000,20,,
walker2d-medium-replay-v2,0,rnn,15,78,3,6.631690810633038,8.89428526725778,0.0628920942628558,20000,20000,20,,
walker2d-medium-replay-v2,0,rnn,15,79,2,6.748439477888784,9.074948310901053,0.0641695748955554,20000,20000,20,,
walker2d-medium-replay-v2,0,rnn,15,80,1,6.922071303449304,9.545846240938149,0.06749932609131479,20000,20000,20,,
walker2d-medium-replay-v2,0,rnn,15,81,2,7.056921847148935,9.789929299507508,0.06922525395018625,20000,20000,20,,
walker2d-medium-replay-v2,0,rnn,15,82,4,7.146143955894165,9.963312489085355,0.07045125824112874,20000,20000,20,,
walker2d-medium-replay-v2,0,rnn,15,83,2,7.292768503887109,10.426824800124407,0.07372878522412037,20000,20000,20,,
walker2d-medium-replay-v2,0,rnn,15,84,1,7.455037482423141,10.724019059568645,0.0758302659859477,20000,20000,20,,
walker2d-medium-replay-v2,0,rnn,15,85,5,7.572359525888713,10.824101521388384,0.07653795586025351,20000,20000,20,,
walker2d-medium-replay-v2,0,rnn,15,86,4,7.72057114048597,11.325100663723331,0.08008055476939037,20000,20000,20,,
walker2d-medium-replay-v2,0,rnn,15,87,3,7.80266962503882,11.175600311477904,0.07902342764076518,20000,20000,20,,
walker2d-medium-replay-v2,0,rnn,15,88,2,7.9166005968979825,11.479521215941688,0.0811724729656721,20000,20000,20,,
walker2d-medium-replay-v2,0,rnn,15,89,3,8.007353258028704,11.885721566575125,0.08404474319020465,20000,20000,20,,
walker2d-medium-replay-v2,0,rnn,15,90,2,8.156561199357139,12.395921704598242,0.08765240296378925,20000,20000,20,,
walker2d-medium-replay-v2,0,rnn,15,91,5,8.195652240616893,12.227557683399388,0.08646188955281378,20000,20000,20,,
walker2d-medium-replay-v2,0,rnn,15,92,4,8.29316590338008,11.952731114633469,0.08451857224856767,20000,20000,20,,
walker2d-medium-replay-v2,0,rnn,15,93,4,8.42541256663524,12.13023637679947,0.08577372399430641,20000,20000,20,,
walker2d-medium-replay-v2,0,rnn,15,94,4,8.589681000330618,12.46162136854929,0.08811696974280388,20000,20000,20,,
walker2d-medium-replay-v2,0,rnn,15,95,2,8.713907034921977,12.784633592159484,0.09040101108001301,20000,20000,20,,
walker2d-medium-replay-v2,0,rnn,15,96,3,8.778495630135087,12.472948839795423,0.08819706706012223,20000,20000,20,,
walker2d-medium-replay-v2,0,rnn,15,97,1,8.953442061114886,12.92145298673517,0.09136847029703607,20000,20000,20,,
walker2d-medium-replay-v2,0,rnn,15,98,5,9.036572311739377,12.953418872464548,0.09159450324269484,20000,20000,20,,
walker2d-medium-replay-v2,0,rnn,15,99,2,9.227062861462706,13.55512408599466,0.09584920161031925,20000,20000,20,,
walker2d-medium-replay-v2,0,rnn,15,100,4,9.423839983467937,13.68157503998194,0.0967433448808384,20000,20000,20,,
walker2d-medium-replay-v2,0,rnn,16,1,5,0.08325205573107805,0.2496750677419394,0.0017654693349353596,20000,20000,20,,
walker2d-medium-replay-v2,0,rnn,16,2,2,0.14710148089208414,0.41863608553440707,0.0029602041493077074,20000,20000,20,,
walker2d-medium-replay-v2,0,rnn,16,3,5,0.19181021850154345,0.5472284404666083,0.0038694894111207766,20000,20000,20,,
walker2d-medium-replay-v2,0,rnn,16,4,2,0.2589697264671627,0.7315726057570275,0.005172999504611068,20000,20000,20,,
walker2d-medium-replay-v2,0,rnn,16,5,5,0.3143596516329955,0.884706788333275,0.006255821693922302,20000,20000,20,,
walker2d-medium-replay-v2,0,rnn,16,6,3,0.37275247074273954,0.9955191375677942,0.0070393833297517075,20000,20000,20,,
walker2d-medium-replay-v2,0,rnn,16,7,1,0.5290946455784071,1.3288436673767616,0.009396343683389092,20000,20000,20,,
walker2d-medium-replay-v2,0,rnn,16,8,3,0.5834117573625104,1.5778093652901797,0.011156797016163286,20000,20000,20,,
walker2d-medium-replay-v2,0,rnn,16,9,2,0.6550731321294092,1.675861281820872,0.011850128767035183,20000,20000,20,,
walker2d-medium-replay-v2,0,rnn,16,10,4,0.7352589400631918,1.8724291849860641,0.013240073739952464,20000,20000,20,,
walker2d-medium-replay-v2,0,rnn,16,11,4,0.8157930663185085,2.0308626816772115,0.01436036773872653,20000,20000,20,,
walker2d-medium-replay-v2,0,rnn,16,12,1,0.9507589269377078,2.2861097981635186,0.016165237408184333,20000,20000,20,,
walker2d-medium-replay-v2,0,rnn,16,13,3,0.9934026313869799,2.389461858275171,0.016896046833729826,20000,20000,20,,
walker2d-medium-replay-v2,0,rnn,16,14,2,1.0585294328266608,2.4685992473276213,0.017455632678173683,20000,20000,20,,
walker2d-medium-replay-v2,0,rnn,16,15,1,1.1687495762182,2.5949061438976924,0.018348757308926933,20000,20000,20,,
walker2d-medium-replay-v2,0,rnn,16,16,4,1.2176293881192708,2.7088020153050203,0.01915412273913966,20000,20000,20,,
walker2d-medium-replay-v2,0,rnn,16,17,4,1.2852952860962357,2.796688928653465,0.019775577063202054,20000,20000,20,,
walker2d-medium-replay-v2,0,rnn,16,18,1,1.3993291688313072,2.9072654094986166,0.020557470857655566,20000,20000,20,,
walker2d-medium-replay-v2,0,rnn,16,19,1,1.5014584301753224,3.0969140623071887,0.021898489342093912,20000,20000,20,,
walker2d-medium-replay-v2,0,rnn,16,20,1,1.5997064424184333,3.2638305236945695,0.023078766959480707,20000,20000,20,,
walker2d-medium-replay-v2,0,rnn,16,21,5,1.654341519471286,3.2888849850239237,0.023255928754530333,20000,20000,20,,
walker2d-medium-replay-v2,0,rnn,16,22,3,1.7284896753829044,3.4000054679433394,0.02404166922454076,20000,20000,20,,
walker2d-medium-replay-v2,0,rnn,16,23,3,1.8020931348308074,3.593209354204113,0.025407827005806634,20000,20000,20,,
walker2d-medium-replay-v2,0,rnn,16,24,3,1.8750804032282928,3.7277769426169085,0.026359363548752714,20000,20000,20,,
walker2d-medium-replay-v2,0,rnn,16,25,2,1.9108662449203944,3.8173600317897405,0.0269928116470902,20000,20000,20,,
walker2d-medium-replay-v2,0,rnn,16,26,2,1.953931575333052,3.795239101168724,0.026836393046607423,20000,20000,20,,
walker2d-medium-replay-v2,0,rnn,16,27,1,2.0462864158324443,3.820535168504671,0.02701526325411342,20000,20000,20,,
walker2d-medium-replay-v2,0,rnn,16,28,2,2.1184416517926747,3.990949809110836,0.028220276733974297,20000,20000,20,,
walker2d-medium-replay-v2,0,rnn,16,29,3,2.2010975948956277,4.137484319119642,0.029256432191025045,20000,20000,20,,
walker2d-medium-replay-v2,0,rnn,16,30,4,2.298382379386147,4.281705477665586,0.03027622978300921,20000,20000,20,,
walker2d-medium-replay-v2,0,rnn,16,31,3,2.406872133288413,4.48173288547606,0.031690637147868746,20000,20000,20,,
walker2d-medium-replay-v2,0,rnn,16,32,4,2.4905758721010787,4.557786991454737,0.03222842088861477,20000,20000,20,,
walker2d-medium-replay-v2,0,rnn,16,33,3,2.5419558863120657,4.5427079820899605,0.03212179619086068,20000,20000,20,,
walker2d-medium-replay-v2,0,rnn,16,34,1,2.611341299246198,4.604544413542638,0.03255904579090634,20000,20000,20,,
walker2d-medium-replay-v2,0,rnn,16,35,4,2.6876691512280098,4.730626983651003,0.033450584194036875,20000,20000,20,,
walker2d-medium-replay-v2,0,rnn,16,36,1,2.8070474653919515,4.838991533242088,0.03421683727259769,20000,20000,20,,
walker2d-medium-replay-v2,0,rnn,16,37,4,2.8925075466192953,5.003436641176249,0.03537963978212968,20000,20000,20,,
walker2d-medium-replay-v2,0,rnn,16,38,3,2.98927938690874,5.078028477996764,0.03590708371849914,20000,20000,20,,
walker2d-medium-replay-v2,0,rnn,16,39,5,3.068788656700662,5.091583017350735,0.036002928785429676,20000,20000,20,,
walker2d-medium-replay-v2,0,rnn,16,40,2,3.162801350274955,5.246255805820645,0.037096630561350735,20000,20000,20,,
walker2d-medium-replay-v2,0,rnn,16,41,2,3.257951109672874,5.401283175089841,0.038192839602148324,20000,20000,20,,
walker2d-medium-replay-v2,0,rnn,16,42,3,3.338656590390773,5.504691228861613,0.03892404496266156,20000,20000,20,,
walker2d-medium-replay-v2,0,rnn,16,43,2,3.415034291368712,5.603722368945276,0.03962430086967949,20000,20000,20,,
walker2d-medium-replay-v2,0,rnn,16,44,5,3.506509769611915,5.715942954185886,0.04041782023780307,20000,20000,20,,
walker2d-medium-replay-v2,0,rnn,16,45,1,3.6114852045936088,5.781668477584445,0.04088256987072463,20000,20000,20,,
walker2d-medium-replay-v2,0,rnn,16,46,5,3.6660955918795954,5.822076993046536,0.04116830122373389,20000,20000,20,,
walker2d-medium-replay-v2,0,rnn,16,47,4,3.7431434058576123,5.913021669415672,0.04181137719746821,20000,20000,20,,
walker2d-medium-replay-v2,0,rnn,16,48,5,3.829534280179387,6.044053359245194,0.04273791116175609,20000,20000,20,,
walker2d-medium-replay-v2,0,rnn,16,49,2,3.935877209333764,6.164191746428809,0.04358741784433958,20000,20000,20,,
walker2d-medium-replay-v2,0,rnn,16,50,5,3.9811291472753174,6.211882824167176,0.043924644689048525,20000,20000,20,,
walker2d-medium-replay-v2,0,rnn,16,51,5,4.0525933033970345,6.339811452415204,0.044829236694469254,20000,20000,20,,
walker2d-medium-replay-v2,0,rnn,16,52,5,4.124382121703714,6.415199213850571,0.045362308667763473,20000,20000,20,,
walker2d-medium-replay-v2,0,rnn,16,53,4,4.220219104338488,6.508321328983588,0.04602078145865338,20000,20000,20,,
walker2d-medium-replay-v2,0,rnn,16,54,4,4.329584805911247,6.618077888058259,0.0467968775306674,20000,20000,20,,
walker2d-medium-replay-v2,0,rnn,16,55,4,4.392629685865574,6.653192902282877,0.047045178177464286,20000,20000,20,,
walker2d-medium-replay-v2,0,rnn,16,56,5,4.495097139212141,6.787343669093057,0.04799376734659283,20000,20000,20,,
walker2d-medium-replay-v2,0,rnn,16,57,4,4.57755362016408,6.8700431345613024,0.04857854087492382,20000,20000,20,,
walker2d-medium-replay-v2,0,rnn,16,58,1,4.699757336058943,7.004443190096841,0.04952889278153409,20000,20000,20,,
walker2d-medium-replay-v2,0,rnn,16,59,3,4.808877696365753,7.1240852893280096,0.05037489017835163,20000,20000,20,,
walker2d-medium-replay-v2,0,rnn,16,60,3,4.914140063846866,7.266049609013453,0.05137872950971274,20000,20000,20,,
walker2d-medium-replay-v2,0,rnn,16,61,3,4.997710209824953,7.419631046791885,0.052464714270887836,20000,20000,20,,
walker2d-medium-replay-v2,0,rnn,16,62,3,5.081571128910805,7.40701158075693,0.05237548117080514,20000,20000,20,,
walker2d-medium-replay-v2,0,rnn,16,63,3,5.141151782237871,7.514728664565387,0.05313715597491113,20000,20000,20,,
walker2d-medium-replay-v2,0,rnn,16,64,5,5.223534061332426,7.62396864799146,0.05390959930548396,20000,20000,20,,
walker2d-medium-replay-v2,0,rnn,16,65,1,5.371479737846588,7.812857462065288,0.05524524491870285,20000,20000,20,,
walker2d-medium-replay-v2,0,rnn,16,66,3,5.4409883221563184,7.888019084803014,0.05577671784993116,20000,20000,20,,
walker2d-medium-replay-v2,0,rnn,16,67,5,5.528447043090071,7.974592596194277,0.05638888501969009,20000,20000,20,,
walker2d-medium-replay-v2,0,rnn,16,68,3,5.62164711805352,8.036591529938311,0.056827283684457504,20000,20000,20,,
walker2d-medium-replay-v2,0,rnn,16,69,4,5.702897159002819,8.219697843083352,0.05812204084148677,20000,20000,20,,
walker2d-medium-replay-v2,0,rnn,16,70,4,5.795277787913225,8.52460143899975,0.06027803484429325,20000,20000,20,,
walker2d-medium-replay-v2,0,rnn,16,71,5,5.899932904894931,8.640258711956328,0.06109585526430464,20000,20000,20,,
walker2d-medium-replay-v2,0,rnn,16,72,4,6.005524828210865,8.94491702005611,0.0632501148203264,20000,20000,20,,
walker2d-medium-replay-v2,0,rnn,16,73,2,6.0992870966811585,9.376915496918896,0.06630480534484576,20000,20000,20,,
walker2d-medium-replay-v2,0,rnn,16,74,5,6.181812280424098,9.393777313027755,0.0664240363899827,20000,20000,20,,
walker2d-medium-replay-v2,0,rnn,16,75,3,6.305746648899261,9.512653737898628,0.06726461965147679,20000,20000,20,,
walker2d-medium-replay-v2,0,rnn,16,76,5,6.42806506785127,9.610377372609213,0.06795563009933729,20000,20000,20,,
walker2d-medium-replay-v2,0,rnn,16,77,5,6.532301738823823,9.581176118681714,0.06774914605262446,20000,20000,20,,
walker2d-medium-replay-v2,0,rnn,16,78,4,6.635676054724013,9.600033977546781,0.06788249125144594,20000,20000,20,,
walker2d-medium-replay-v2,0,rnn,16,79,4,6.712961515170954,9.643840919651758,0.06819225310970069,20000,20000,20,,
walker2d-medium-replay-v2,0,rnn,16,80,2,6.859872065929795,10.085792685165277,0.07131732401322045,20000,20000,20,,
walker2d-medium-replay-v2,0,rnn,16,81,3,6.9520124465842486,10.096874464455658,0.07139568402605885,20000,20000,20,,
walker2d-medium-replay-v2,0,rnn,16,82,3,7.014585203944625,10.1265757170424,0.07160570359719705,20000,20000,20,,
walker2d-medium-replay-v2,0,rnn,16,83,3,7.13132570781851,10.331624386531397,0.07305561664388655,20000,20000,20,,
walker2d-medium-replay-v2,0,rnn,16,84,4,7.25214563355475,10.440385518770436,0.07382467398524406,20000,20000,20,,
walker2d-medium-replay-v2,0,rnn,16,85,1,7.431117048697674,10.3060040646693,0.07287445361063784,20000,20000,20,,
walker2d-medium-replay-v2,0,rnn,16,86,4,7.475951470497517,10.340512581751003,0.07311846567500949,20000,20000,20,,
walker2d-medium-replay-v2,0,rnn,16,87,2,7.621882166762008,10.692187356165796,0.07560518185261897,20000,20000,20,,
walker2d-medium-replay-v2,0,rnn,16,88,4,7.765651128529836,10.791609044152485,0.07630819935034298,20000,20000,20,,
walker2d-medium-replay-v2,0,rnn,16,89,2,7.9248382012587735,11.178034159308329,0.07904063754381788,20000,20000,20,,
walker2d-medium-replay-v2,0,rnn,16,90,4,7.972749737778751,11.233114437575662,0.0794301139265426,20000,20000,20,,
walker2d-medium-replay-v2,0,rnn,16,91,4,8.086264782514116,11.41112892203197,0.08068886641762744,20000,20000,20,,
walker2d-medium-replay-v2,0,rnn,16,92,3,8.185085213166465,11.631670284502137,0.0822483293469752,20000,20000,20,,
walker2d-medium-replay-v2,0,rnn,16,93,1,8.3265930498512,11.806476625428507,0.08348439683760964,20000,20000,20,,
walker2d-medium-replay-v2,0,rnn,16,94,1,8.579282766948868,12.239595669666704,0.08654701097002829,20000,20000,20,,
walker2d-medium-replay-v2,0,rnn,16,95,3,8.638894617855216,12.202789174033564,0.08628674974348922,20000,20000,20,,
walker2d-medium-replay-v2,0,rnn,16,96,5,8.717005545808371,12.4947460486231,0.08835119660185213,20000,20000,20,,
walker2d-medium-replay-v2,0,rnn,16,97,5,8.941331562335959,13.422585250681182,0.09491201051811199,20000,20000,20,,
walker2d-medium-replay-v2,0,rnn,16,98,4,9.132818099870834,13.375344705935225,0.09457796942274385,20000,20000,20,,
walker2d-medium-replay-v2,0,rnn,16,99,5,9.293341746730722,13.838543779905972,0.0978532814851843,20000,20000,20,,
walker2d-medium-replay-v2,0,rnn,16,100,4,9.447959781548626,14.22227305919969,0.10056665724046844,20000,20000,20,,
walker2d-medium-replay-v2,0,rnn,17,1,1,0.20371342119502855,0.5814580764352721,0.004111529488230668,20000,20000,20,,
walker2d-medium-replay-v2,0,rnn,17,2,5,0.21327347163419721,0.6837592096194425,0.004834907738206618,20000,20000,20,,
walker2d-medium-replay-v2,0,rnn,17,3,2,0.27321667510189224,0.8077349939059715,0.00571154891592587,20000,20000,20,,
walker2d-medium-replay-v2,0,rnn,17,4,4,0.3217427607274922,0.8741986877661073,0.006181518202237958,20000,20000,20,,
walker2d-medium-replay-v2,0,rnn,17,5,1,0.48958498452654015,1.2661026813124052,0.00895269791634472,20000,20000,20,,
walker2d-medium-replay-v2,0,rnn,17,6,4,0.5292086769682661,1.3818072960185452,0.009770853093077604,20000,20000,20,,
walker2d-medium-replay-v2,0,rnn,17,7,4,0.5900136596231994,1.5240894891743322,0.010776940129303114,20000,20000,20,,
walker2d-medium-replay-v2,0,rnn,17,8,3,0.6637436523702968,1.6717836556932935,0.01182129559617564,20000,20000,20,,
walker2d-medium-replay-v2,0,rnn,17,9,5,0.7546005968221214,1.8980975982403747,0.01342157683069668,20000,20000,20,,
walker2d-medium-replay-v2,0,rnn,17,10,1,0.8694187105806219,2.061228001652152,0.014575082975398328,20000,20000,20,,
walker2d-medium-replay-v2,0,rnn,17,11,3,0.9201197040498067,2.2253115206209793,0.015735328664836422,20000,20000,20,,
walker2d-medium-replay-v2,0,rnn,17,12,1,1.0418636261057257,2.42652107914288,0.017158095097540293,20000,20000,20,,
walker2d-medium-replay-v2,0,rnn,17,13,1,1.165389003707487,2.6748772017334526,0.01891423808187021,20000,20000,20,,
walker2d-medium-replay-v2,0,rnn,17,14,4,1.194475910688972,2.6664219989298337,0.018854450769482743,20000,20000,20,,
walker2d-medium-replay-v2,0,rnn,17,15,4,1.2750933592028408,2.777522540574642,0.01964005023338817,20000,20000,20,,
walker2d-medium-replay-v2,0,rnn,17,16,5,1.3312562502168461,2.8505827880795573,0.0201566641978471,20000,20000,20,,
walker2d-medium-replay-v2,0,rnn,17,17,1,1.4579047908617286,3.0283762752478265,0.021413854002121965,20000,20000,20,,
walker2d-medium-replay-v2,0,rnn,17,18,2,1.5308334897014104,3.278489535240438,0.023182421824176465,20000,20000,20,,
walker2d-medium-replay-v2,0,rnn,17,19,5,1.572794110413923,3.2780410525352477,0.023179250572555612,20000,20000,20,,
walker2d-medium-replay-v2,0,rnn,17,20,4,1.642298081591366,3.3612193111188087,0.023767409679472853,20000,20000,20,,
walker2d-medium-replay-v2,0,rnn,17,21,2,1.7122094594331903,3.4937493776571173,0.02470453876707628,20000,20000,20,,
walker2d-medium-replay-v2,0,rnn,17,22,1,1.8033491643237423,3.576043107645788,0.025286443312317518,20000,20000,20,,
walker2d-medium-replay-v2,0,rnn,17,23,1,1.8900613475459003,3.7205972730212884,0.026308595618175296,20000,20000,20,,
walker2d-medium-replay-v2,0,rnn,17,24,1,1.9705714459458512,3.859406771085268,0.027290126991916703,20000,20000,20,,
walker2d-medium-replay-v2,0,rnn,17,25,1,2.068445999614286,4.01425501068917,0.028385069394703887,20000,20000,20,,
walker2d-medium-replay-v2,0,rnn,17,26,3,2.145582054666974,4.101093359692247,0.02899910924917509,20000,20000,20,,
walker2d-medium-replay-v2,0,rnn,17,27,1,2.2590731406946696,4.169804430723539,0.029484969891863257,20000,20000,20,,
walker2d-medium-replay-v2,0,rnn,17,28,2,2.344332828110147,4.283833595557743,0.0302912778489363,20000,20000,20,,
walker2d-medium-replay-v2,0,rnn,17,29,3,2.446400697441605,4.437160923047921,0.031375465779031456,20000,20000,20,,
walker2d-medium-replay-v2,0,rnn,17,30,3,2.4987110704679423,4.519075962967929,0.0319546925811175,20000,20000,20,,
walker2d-medium-replay-v2,0,rnn,17,31,3,2.568696059838756,4.599739453736889,0.0325250695942866,20000,20000,20,,
walker2d-medium-replay-v2,0,rnn,17,32,1,2.6399266283521854,4.634465469294516,0.032770619605130474,20000,20000,20,,
walker2d-medium-replay-v2,0,rnn,17,33,1,2.7405164736997003,4.782520814606165,0.0338175289917383,20000,20000,20,,
walker2d-medium-replay-v2,0,rnn,17,34,3,2.8002072496230452,4.811325013413817,0.03402120543477367,20000,20000,20,,
walker2d-medium-replay-v2,0,rnn,17,35,4,2.8740462023083526,4.973053222601109,0.03516479656902857,20000,20000,20,,
walker2d-medium-replay-v2,0,rnn,17,36,4,2.9954560137042945,5.128449230073033,0.036263612275555704,20000,20000,20,,
walker2d-medium-replay-v2,0,rnn,17,37,1,3.1058447011906747,5.201390535460754,0.036779385192238265,20000,20000,20,,
walker2d-medium-replay-v2,0,rnn,17,38,2,3.210585236759272,5.3425266406520775,0.037777368162748695,20000,20000,20,,
walker2d-medium-replay-v2,0,rnn,17,39,1,3.32639650003087,5.493701707596662,0.03884633731257715,20000,20000,20,,
walker2d-medium-replay-v2,0,rnn,17,40,1,3.4038685483110807,5.579313424589656,0.03945170356892485,20000,20000,20,,
walker2d-medium-replay-v2,0,rnn,17,41,5,3.4625204837087034,5.607578331488444,0.039651566642302245,20000,20000,20,,
walker2d-medium-replay-v2,0,rnn,17,42,3,3.5350868353168727,5.677681516111053,0.04014727101459644,20000,20000,20,,
walker2d-medium-replay-v2,0,rnn,17,43,3,3.5954125638741288,5.811417352979687,0.04109292618597112,20000,20000,20,,
walker2d-medium-replay-v2,0,rnn,17,44,3,3.656555038328884,5.891706772531983,0.04166065811620073,20000,20000,20,,
walker2d-medium-replay-v2,0,rnn,17,45,4,3.708052550124963,5.905874385921732,0.041760838271211936,20000,20000,20,,
walker2d-medium-replay-v2,0,rnn,17,46,2,3.7818121805513396,5.959780597562845,0.042142012749207015,20000,20000,20,,
walker2d-medium-replay-v2,0,rnn,17,47,2,3.8889426018763347,6.064554085380805,0.04288287318645347,20000,20000,20,,
walker2d-medium-replay-v2,0,rnn,17,48,5,4.018824960328594,6.3125306776596775,0.0446363324862127,20000,20000,20,,
walker2d-medium-replay-v2,0,rnn,17,49,1,4.117979404656297,6.433188961726527,0.04548951539491272,20000,20000,20,,
walker2d-medium-replay-v2,0,rnn,17,50,4,4.18231230560112,6.562602231099303,0.04640460539840283,20000,20000,20,,
walker2d-medium-replay-v2,0,rnn,17,51,5,4.227116893257679,6.518078616461795,0.04608977590007165,20000,20000,20,,
walker2d-medium-replay-v2,0,rnn,17,52,5,4.332954716302657,6.694374340507454,0.04733637491974042,20000,20000,20,,
walker2d-medium-replay-v2,0,rnn,17,53,3,4.455159781006215,6.887421353576076,0.04870142344002673,20000,20000,20,,
walker2d-medium-replay-v2,0,rnn,17,54,2,4.541236226717091,7.0934790428984975,0.05015847133438188,20000,20000,20,,
walker2d-medium-replay-v2,0,rnn,17,55,4,4.6153945448143485,7.048805513962109,0.049842581781877345,20000,20000,20,,
walker2d-medium-replay-v2,0,rnn,17,56,4,4.673618099692011,7.025671613201467,0.04967900040084588,20000,20000,20,,
walker2d-medium-replay-v2,0,rnn,17,57,1,4.780333262812272,7.254277991956514,0.05129549160724782,20000,20000,20,,
walker2d-medium-replay-v2,0,rnn,17,58,3,4.843818977453609,7.323274011932233,0.05178336714324495,20000,20000,20,,
walker2d-medium-replay-v2,0,rnn,17,59,3,4.916809080714031,7.425415775603405,0.052505618480587345,20000,20000,20,,
walker2d-medium-replay-v2,0,rnn,17,60,5,5.030346530200361,7.5821766149458,0.05361408500582237,20000,20000,20,,
walker2d-medium-replay-v2,0,rnn,17,61,5,5.1224175887397605,7.75142961575393,0.054810884451898384,20000,20000,20,,
walker2d-medium-replay-v2,0,rnn,17,62,4,5.216936484697838,8.08784183500337,0.057189678066951334,20000,20000,20,,
walker2d-medium-replay-v2,0,rnn,17,63,2,5.294849659807078,8.219606750960079,0.05812139672290597,20000,20000,20,,
walker2d-medium-replay-v2,0,rnn,17,64,5,5.38196633070323,9.269070838912809,0.06554222845493728,20000,20000,20,,
walker2d-medium-replay-v2,0,rnn,17,65,4,5.448697782273847,8.942670730826922,0.06323423115686175,20000,20000,20,,
walker2d-medium-replay-v2,0,rnn,17,66,2,5.516909074138186,9.229385415795877,0.06526161013693488,20000,20000,20,,
walker2d-medium-replay-v2,0,rnn,17,67,5,5.627877959294527,9.468218699940099,0.06695041648484922,20000,20000,20,,
walker2d-medium-replay-v2,0,rnn,17,68,1,5.75400756233192,9.83331506958154,0.06953203767244974,20000,20000,20,,
walker2d-medium-replay-v2,0,rnn,17,69,3,5.831295984502224,9.991030270183897,0.07064725255087097,20000,20000,20,,
walker2d-medium-replay-v2,0,rnn,17,70,3,5.911702495941487,9.906048577911742,0.07004634124204748,20000,20000,20,,
walker2d-medium-replay-v2,0,rnn,17,71,5,6.011151265309436,10.12497908389655,0.07159441369595208,20000,20000,20,,
walker2d-medium-replay-v2,0,rnn,17,72,2,6.149750996964293,10.55146104094988,0.07461009653481328,20000,20000,20,,
walker2d-medium-replay-v2,0,rnn,17,73,4,6.229089241393736,10.703209093744189,0.07568311730644037,20000,20000,20,,
walker2d-medium-replay-v2,0,rnn,17,74,3,6.313822258780333,10.604075401505504,0.07498213624618004,20000,20000,20,,
walker2d-medium-replay-v2,0,rnn,17,75,3,6.415628529371249,10.89840616597408,0.07706336904085553,20000,20000,20,,
walker2d-medium-replay-v2,0,rnn,17,76,3,6.505916035318743,11.242714897596162,0.07949799943037267,20000,20000,20,,
walker2d-medium-replay-v2,0,rnn,17,77,1,6.637469333668379,11.956142446967519,0.08454269401083053,20000,20000,20,,
walker2d-medium-replay-v2,0,rnn,17,78,3,6.724393021915409,11.98659988788851,0.08475806064095875,20000,20000,20,,
walker2d-medium-replay-v2,0,rnn,17,79,2,6.840705870006524,12.192943421775741,0.08621712976161533,20000,20000,20,,
walker2d-medium-replay-v2,0,rnn,17,80,2,7.002614545237639,12.256884615688485,0.08666926227974397,20000,20000,20,,
walker2d-medium-replay-v2,0,rnn,17,81,4,7.124890650380646,12.733956598129746,0.09004267061872723,20000,20000,20,,
walker2d-medium-replay-v2,0,rnn,17,82,2,7.311628408853218,13.227346979704837,0.09353146746456688,20000,20000,20,,
walker2d-medium-replay-v2,0,rnn,17,83,1,7.445489046969986,13.42125862323483,0.09490262984547775,20000,20000,20,,
walker2d-medium-replay-v2,0,rnn,17,84,4,7.48694134944971,13.535822437064823,0.09571271834185556,20000,20000,20,,
walker2d-medium-replay-v2,0,rnn,17,85,4,7.6447957183019755,13.881983881980162,0.09816044939270525,20000,20000,20,,
walker2d-medium-replay-v2,0,rnn,17,86,5,7.766075337045883,13.926774588090788,0.09847716751295484,20000,20000,20,,
walker2d-medium-replay-v2,0,rnn,17,87,5,7.926339863424285,13.954735968883808,0.09867488433265567,20000,20000,20,,
walker2d-medium-replay-v2,0,rnn,17,88,3,8.017287126634544,13.697997594722853,0.09685946987905547,20000,20000,20,,
walker2d-medium-replay-v2,0,rnn,17,89,4,8.12427885414523,14.14766128924083,0.10003907235552605,20000,20000,20,,
walker2d-medium-replay-v2,0,rnn,17,90,3,8.199923684275783,14.185474015343344,0.1003064487059484,20000,20000,20,,
walker2d-medium-replay-v2,0,rnn,17,91,3,8.284699022655447,14.230488765863477,0.10062475105941047,20000,20000,20,,
walker2d-medium-replay-v2,0,rnn,17,92,4,8.407220782285686,14.078999165928579,0.09955355782547845,20000,20000,20,,
walker2d-medium-replay-v2,0,rnn,17,93,3,8.478718462944668,14.364718963305512,0.1015739018879232,20000,20000,20,,
walker2d-medium-replay-v2,0,rnn,17,94,1,8.668011684402293,14.953563728483509,0.10573766315315881,20000,20000,20,,
walker2d-medium-replay-v2,0,rnn,17,95,5,8.774826725628493,15.282142346401189,0.10806106484198377,20000,20000,20,,
walker2d-medium-replay-v2,0,rnn,17,96,2,8.95682534064808,15.722996259192925,0.11117837275446037,20000,20000,20,,
walker2d-medium-replay-v2,0,rnn,17,97,2,9.144530694941489,16.3403180591069,0.11554349706339492,20000,20000,20,,
walker2d-medium-replay-v2,0,rnn,17,98,2,9.367004197860211,17.132162112489905,0.12114268006128859,20000,20000,20,,
walker2d-medium-replay-v2,0,rnn,17,99,3,9.433464287374873,17.208014666127834,0.12167903861176554,20000,20000,20,,
walker2d-medium-replay-v2,0,rnn,17,100,5,9.588398062325721,17.196080837877393,0.12159465370295151,20000,20000,20,,
walker2d-medium-replay-v2,0,rnn,18,1,2,0.09661686133495911,0.2859691990081621,0.0020221075982915673,20000,20000,20,,
walker2d-medium-replay-v2,0,rnn,18,2,3,0.1420851052237042,0.44829075384000455,0.0031698943198349653,20000,20000,20,,
walker2d-medium-replay-v2,0,rnn,18,3,1,0.31305847756841404,0.8690230288176931,0.006144920766842633,20000,20000,20,,
walker2d-medium-replay-v2,0,rnn,18,4,4,0.31861781504540976,0.9067338444195517,0.00641157650120413,20000,20000,20,,
walker2d-medium-replay-v2,0,rnn,18,5,3,0.37858320602742895,1.131679128129445,0.008002179856276102,20000,20000,20,,
walker2d-medium-replay-v2,0,rnn,18,6,1,0.5275986344570139,1.3337999907754798,0.009431390182238963,20000,20000,20,,
walker2d-medium-replay-v2,0,rnn,18,7,3,0.5872627261479529,1.5228161803635285,0.010767936476356476,20000,20000,20,,
walker2d-medium-replay-v2,0,rnn,18,8,1,0.7270177818179993,1.7927902456566267,0.01267694139948897,20000,20000,20,,
walker2d-medium-replay-v2,0,rnn,18,9,4,0.7821138413668907,1.9195529453721372,0.013573289045192486,20000,20000,20,,
walker2d-medium-replay-v2,0,rnn,18,10,2,0.8651188885347155,2.047389498273514,0.014477229979593248,20000,20000,20,,
walker2d-medium-replay-v2,0,rnn,18,11,5,0.9406689939751537,2.218380286982152,0.01568631744175639,20000,20000,20,,
walker2d-medium-replay-v2,0,rnn,18,12,2,1.0094922590523718,2.4018739645509526,0.01698381367889396,20000,20000,20,,
walker2d-medium-replay-v2,0,rnn,18,13,1,1.1115164197087783,2.4922398768277425,0.017622797172484227,20000,20000,20,,
walker2d-medium-replay-v2,0,rnn,18,14,3,1.183804986157869,2.6774121494832306,0.018932162869308426,20000,20000,20,,
walker2d-medium-replay-v2,0,rnn,18,15,4,1.2295211483936113,2.732443609849172,0.019321294057341985,20000,20000,20,,
walker2d-medium-replay-v2,0,rnn,18,16,3,1.2812525671829709,2.80111843898443,0.019806898431125666,20000,20000,20,,
walker2d-medium-replay-v2,0,rnn,18,17,3,1.3576948499176855,2.937844124686336,0.02077369502634765,20000,20000,20,,
walker2d-medium-replay-v2,0,rnn,18,18,3,1.4402398807483678,3.1115008823053163,0.022001633735460147,20000,20000,20,,
walker2d-medium-replay-v2,0,rnn,18,19,2,1.4916477695921053,3.186492891889888,0.02253190732058072,20000,20000,20,,
walker2d-medium-replay-v2,0,rnn,18,20,4,1.5333515929991028,3.155152186218753,0.02231029506550841,20000,20000,20,,
walker2d-medium-replay-v2,0,rnn,18,21,3,1.6022317859701896,3.2763973532107866,0.02316762786317003,20000,20000,20,,
walker2d-medium-replay-v2,0,rnn,18,22,3,1.6363819799970587,3.2970417532985725,0.023313605816126046,20000,20000,20,,
walker2d-medium-replay-v2,0,rnn,18,23,1,1.7478896039507164,3.369182244929061,0.023823716124426544,20000,20000,20,,
walker2d-medium-replay-v2,0,rnn,18,24,1,1.8644555005126466,3.5596867848121274,0.025170786644407937,20000,20000,20,,
walker2d-medium-replay-v2,0,rnn,18,25,1,1.9799828033143843,3.7088585173359303,0.026225590080697206,20000,20000,20,,
walker2d-medium-replay-v2,0,rnn,18,26,5,2.056832366581966,3.857495360235246,0.027276611276179863,20000,20000,20,,
walker2d-medium-replay-v2,0,rnn,18,27,2,2.135935619410896,3.985223006435708,0.02817978212391329,20000,20000,20,,
walker2d-medium-replay-v2,0,rnn,18,28,1,2.256909078007553,4.196784546869582,0.029675748122703932,20000,20000,20,,
walker2d-medium-replay-v2,0,rnn,18,29,3,2.313554982675762,4.230140107365602,0.029911607552874073,20000,20000,20,,
walker2d-medium-replay-v2,0,rnn,18,30,3,2.3686500079624557,4.288290041428706,0.030322789679889786,20000,20000,20,,
walker2d-medium-replay-v2,0,rnn,18,31,4,2.450635098469226,4.41387486355051,0.031210808473254126,20000,20000,20,,
walker2d-medium-replay-v2,0,rnn,18,32,2,2.5342405433124213,4.518544648348824,0.03195093561941637,20000,20000,20,,
walker2d-medium-replay-v2,0,rnn,18,33,3,2.611313671599165,4.62630716453431,0.032712931678941196,20000,20000,20,,
walker2d-medium-replay-v2,0,rnn,18,34,3,2.6614602790621977,4.645759211381324,0.032850478421276016,20000,20000,20,,
walker2d-medium-replay-v2,0,rnn,18,35,1,2.7484305536083795,4.7348432602587405,0.033480397771843765,20000,20000,20,,
walker2d-medium-replay-v2,0,rnn,18,36,4,2.8425040115664175,4.836426981292972,0.03419870315185844,20000,20000,20,,
walker2d-medium-replay-v2,0,rnn,18,37,4,2.9100122076686556,4.952563689569552,0.03501991369152898,20000,20000,20,,
walker2d-medium-replay-v2,0,rnn,18,38,3,3.004743635730707,5.023308027202693,0.03552015170023842,20000,20000,20,,
walker2d-medium-replay-v2,0,rnn,18,39,4,3.116749294641485,5.170608843712416,0.03656172576252183,20000,20000,20,,
walker2d-medium-replay-v2,0,rnn,18,40,1,3.241057070109895,5.3000556109278625,0.03747705263152901,20000,20000,20,,
walker2d-medium-replay-v2,0,rnn,18,41,2,3.336162568142902,5.469100634874228,0.038672381459112184,20000,20000,20,,
walker2d-medium-replay-v2,0,rnn,18,42,2,3.3889026610538147,5.519032780619808,0.03902545504767113,20000,20000,20,,
walker2d-medium-replay-v2,0,rnn,18,43,3,3.4845570929756344,5.608726787848007,0.03965968745509968,20000,20000,20,,
walker2d-medium-replay-v2,0,rnn,18,44,4,3.5700562910128917,5.74811170609107,0.040645287663947705,20000,20000,20,,
walker2d-medium-replay-v2,0,rnn,18,45,1,3.6724019778274393,5.830320909585229,0.04122659451661435,20000,20000,20,,
walker2d-medium-replay-v2,0,rnn,18,46,5,3.7783796296596,6.03822357288129,0.042696688347048234,20000,20000,20,,
walker2d-medium-replay-v2,0,rnn,18,47,4,3.8208880587672085,6.012297816430196,0.04251336556510864,20000,20000,20,,
walker2d-medium-replay-v2,0,rnn,18,48,2,3.900592615328341,6.151676861871628,0.043498924246978085,20000,20000,20,,
walker2d-medium-replay-v2,0,rnn,18,49,2,4.016742265298713,6.327925505096168,0.044745190354968094,20000,20000,20,,
walker2d-medium-replay-v2,0,rnn,18,50,4,4.095816769259054,6.509831208544626,0.04603145791941723,20000,20000,20,,
walker2d-medium-replay-v2,0,rnn,18,51,4,4.1896733294360295,6.621401536807966,0.046820379276359396,20000,20000,20,,
walker2d-medium-replay-v2,0,rnn,18,52,3,4.2691054751431095,6.650002304380863,0.047022617243338755,20000,20000,20,,
walker2d-medium-replay-v2,0,rnn,18,53,4,4.345827068489159,6.7764661987648855,0.04791685201628077,20000,20000,20,,
walker2d-medium-replay-v2,0,rnn,18,54,4,4.404073670252695,6.880436209215132,0.048652031010574824,20000,20000,20,,
walker2d-medium-replay-v2,0,rnn,18,55,4,4.518399606825721,7.0947016673971675,0.05016711659512042,20000,20000,20,,
walker2d-medium-replay-v2,0,rnn,18,56,3,4.584743903906106,6.952786592255079,0.04916362547526473,20000,20000,20,,
walker2d-medium-replay-v2,0,rnn,18,57,1,4.727403036910536,7.320548029495921,0.05176409153658384,20000,20000,20,,
walker2d-medium-replay-v2,0,rnn,18,58,3,4.831491099250655,7.526544309394423,0.05322070520073817,20000,20000,20,,
walker2d-medium-replay-v2,0,rnn,18,59,1,4.946594701593282,7.7496338247196155,0.0547981862917188,20000,20000,20,,
walker2d-medium-replay-v2,0,rnn,18,60,4,5.022256822304803,7.79176357671424,0.05509608862496987,20000,20000,20,,
walker2d-medium-replay-v2,0,rnn,18,61,1,5.157355786785894,8.039918334353356,0.0568508077440731,20000,20000,20,,
walker2d-medium-replay-v2,0,rnn,18,62,4,5.205713886977745,7.8764682464209965,0.055695041088448013,20000,20000,20,,
walker2d-medium-replay-v2,0,rnn,18,63,1,5.3677444858108,8.070256347347083,0.057065329891229,20000,20000,20,,
walker2d-medium-replay-v2,0,rnn,18,64,5,5.420738950093818,8.217038575408617,0.05810323697942881,20000,20000,20,,
walker2d-medium-replay-v2,0,rnn,18,65,3,5.516452812738905,8.312512065636271,0.05877833650306403,20000,20000,20,,
walker2d-medium-replay-v2,0,rnn,18,66,2,5.584670245268871,8.383092731837925,0.05927741717998256,20000,20000,20,,
walker2d-medium-replay-v2,0,rnn,18,67,2,5.697198994355216,8.55933968687797,0.06052367135070552,20000,20000,20,,
walker2d-medium-replay-v2,0,rnn,18,68,2,5.799333923352792,8.80017921078539,0.06222666395603228,20000,20000,20,,
walker2d-medium-replay-v2,0,rnn,18,69,3,5.856815321986799,8.899072169122173,0.06292594277054767,20000,20000,20,,
walker2d-medium-replay-v2,0,rnn,18,70,2,5.959425664097453,9.112811010650306,0.06443730461302268,20000,20000,20,,
walker2d-medium-replay-v2,0,rnn,18,71,2,6.039858115888944,9.316429171429064,0.06587710243561659,20000,20000,20,,
walker2d-medium-replay-v2,0,rnn,18,72,5,6.118036819464322,9.549660202542999,0.06752629487245453,20000,20000,20,,
walker2d-medium-replay-v2,0,rnn,18,73,4,6.233415688646114,9.66627044340851,0.06835085379317253,20000,20000,20,,
walker2d-medium-replay-v2,0,rnn,18,74,1,6.354192374298208,9.554262702239571,0.06755883945991309,20000,20000,20,,
walker2d-medium-replay-v2,0,rnn,18,75,4,6.4520439420875135,9.73472843726673,0.06883492491000827,20000,20000,20,,
walker2d-medium-replay-v2,0,rnn,18,76,2,6.562415689253248,10.03849249779819,0.07098286118083383,20000,20000,20,,
walker2d-medium-replay-v2,0,rnn,18,77,5,6.624244882303066,10.087020503733498,0.07132600600157701,20000,20000,20,,
walker2d-medium-replay-v2,0,rnn,18,78,2,6.76343511299628,10.687699596038438,0.07557344859643504,20000,20000,20,,
walker2d-medium-replay-v2,0,rnn,18,79,4,6.796876509952965,10.628062139690638,0.07515174809847258,20000,20000,20,,
walker2d-medium-replay-v2,0,rnn,18,80,2,6.918615729503378,11.264914756954752,0.07965497614131115,20000,20000,20,,
walker2d-medium-replay-v2,0,rnn,18,81,3,7.030558756931508,11.383669932575494,0.08049470204113539,20000,20000,20,,
walker2d-medium-replay-v2,0,rnn,18,82,3,7.138444995600305,11.706202853924855,0.08277535419955581,20000,20000,20,,
walker2d-medium-replay-v2,0,rnn,18,83,3,7.235547670750488,11.815192211741238,0.08354602533944712,20000,20000,20,,
walker2d-medium-replay-v2,0,rnn,18,84,4,7.322009487167768,11.86032596887918,0.08386516919677377,20000,20000,20,,
walker2d-medium-replay-v2,0,rnn,18,85,2,7.499043489450484,12.536006030300038,0.08864294873020609,20000,20000,20,,
walker2d-medium-replay-v2,0,rnn,18,86,1,7.659793091261816,12.658649112655842,0.08951016628220018,20000,20000,20,,
walker2d-medium-replay-v2,0,rnn,18,87,1,7.872609639200443,13.439361302168631,0.09503063511579508,20000,20000,20,,
walker2d-medium-replay-v2,0,rnn,18,88,5,7.932805720395631,13.68594232002449,0.09677422621417267,20000,20000,20,,
walker2d-medium-replay-v2,0,rnn,18,89,2,8.087104853770976,14.290032693793238,0.10104579021158665,20000,20000,20,,
walker2d-medium-replay-v2,0,rnn,18,90,5,8.26887977086374,14.309879012633312,0.10118612487792071,20000,20000,20,,
walker2d-medium-replay-v2,0,rnn,18,91,3,8.375980101458069,14.319580354802852,0.10125472372626765,20000,20000,20,,
walker2d-medium-replay-v2,0,rnn,18,92,5,8.528144872304303,14.436857598722353,0.10208399907081113,20000,20000,20,,
walker2d-medium-replay-v2,0,rnn,18,93,5,8.662978207171367,14.473644507987412,0.1023441218008133,20000,20000,20,,
walker2d-medium-replay-v2,0,rnn,18,94,1,8.79557890184896,14.904264259431502,0.10538906326440312,20000,20000,20,,
walker2d-medium-replay-v2,0,rnn,18,95,5,8.862104670933025,15.20547856109105,0.10751897001734148,20000,20000,20,,
walker2d-medium-replay-v2,0,rnn,18,96,5,8.957743355304542,15.355505263024558,0.10857981900030385,20000,20000,20,,
walker2d-medium-replay-v2,0,rnn,18,97,3,9.066960741268673,15.670756840386993,0.11080898428163118,20000,20000,20,,
walker2d-medium-replay-v2,0,rnn,18,98,2,9.244850725578052,16.666363677483922,0.11784898774070046,20000,20000,20,,
walker2d-medium-replay-v2,0,rnn,18,99,4,9.389219591422322,16.900911205535454,0.11950748921665827,20000,20000,20,,
walker2d-medium-replay-v2,0,rnn,18,100,4,9.479408794902609,17.027304563803156,0.1204012252239386,20000,20000,20,,
walker2d-medium-replay-v2,0,rnn,19,1,1,0.20621219900004303,0.5817338191627616,0.004113479283755374,20000,20000,20,,
walker2d-medium-replay-v2,0,rnn,19,2,4,0.21675021570488176,0.7012509987327683,0.004958593365177795,20000,20000,20,,
walker2d-medium-replay-v2,0,rnn,19,3,2,0.27679543950919494,0.813504954759118,0.005752348700390279,20000,20000,20,,
walker2d-medium-replay-v2,0,rnn,19,4,4,0.33022847363155494,0.9295350662770061,0.006572805487151579,20000,20000,20,,
walker2d-medium-replay-v2,0,rnn,19,5,3,0.4077506051050211,1.095481564763728,0.007746224431092821,20000,20000,20,,
walker2d-medium-replay-v2,0,rnn,19,6,2,0.47662924281131525,1.2556924542146732,0.008879086494599737,20000,20000,20,,
walker2d-medium-replay-v2,0,rnn,19,7,5,0.5401191057618564,1.41149720462944,0.00998079245019333,20000,20000,20,,
walker2d-medium-replay-v2,0,rnn,19,8,5,0.6153629583024244,1.5956985327631088,0.011283292532462184,20000,20000,20,,
walker2d-medium-replay-v2,0,rnn,19,9,3,0.6817980624367513,1.720989295508153,0.01216923201203274,20000,20000,20,,
walker2d-medium-replay-v2,0,rnn,19,10,2,0.7523421184385137,1.899541838549937,0.013431789151862224,20000,20000,20,,
walker2d-medium-replay-v2,0,rnn,19,11,4,0.8136564866560648,2.053955107986258,0.014523655851098305,20000,20000,20,,
walker2d-medium-replay-v2,0,rnn,19,12,5,0.8811838062910669,2.157749569036516,0.01525759352368071,20000,20000,20,,
walker2d-medium-replay-v2,0,rnn,19,13,2,0.9486559989762904,2.2207104860610207,0.015702794437458218,20000,20000,20,,
walker2d-medium-replay-v2,0,rnn,19,14,4,1.0173243984516127,2.4390160207731153,0.01724644767711299,20000,20000,20,,
walker2d-medium-replay-v2,0,rnn,19,15,5,1.0657695791841835,2.4547870996825067,0.01735796604554758,20000,20000,20,,
walker2d-medium-replay-v2,0,rnn,19,16,1,1.1935414784798126,2.6010303979027145,0.018392062324293534,20000,20000,20,,
walker2d-medium-replay-v2,0,rnn,19,17,4,1.2530274556127856,2.759336317262323,0.019511454215105032,20000,20000,20,,
walker2d-medium-replay-v2,0,rnn,19,18,2,1.3342577520953844,2.8565976720305284,0.02019919585014492,20000,20000,20,,
walker2d-medium-replay-v2,0,rnn,19,19,3,1.4112046350129648,2.9332905229614123,0.02074149619976249,20000,20000,20,,
walker2d-medium-replay-v2,0,rnn,19,20,3,1.489378871443574,3.0810655199444903,0.02178642322432805,20000,20000,20,,
walker2d-medium-replay-v2,0,rnn,19,21,1,1.5908743344211846,3.182688205978688,0.022505004128499775,20000,20000,20,,
walker2d-medium-replay-v2,0,rnn,19,22,4,1.65468185662193,3.2826274957858477,0.023211681623795877,20000,20000,20,,
walker2d-medium-replay-v2,0,rnn,19,23,3,1.7213705713518244,3.400489206863556,0.02404508977524885,20000,20000,20,,
walker2d-medium-replay-v2,0,rnn,19,24,5,1.781226155907259,3.4877726011844343,0.024662276575341573,20000,20000,20,,
walker2d-medium-replay-v2,0,rnn,19,25,3,1.8615046407339153,3.677193854574313,0.026001687103069958,20000,20000,20,,
walker2d-medium-replay-v2,0,rnn,19,26,2,1.9288168331086035,3.777144718351483,0.026708446438692857,20000,20000,20,,
walker2d-medium-replay-v2,0,rnn,19,27,5,1.9944953230034557,3.8328632444425677,0.027102435915060112,20000,20000,20,,
walker2d-medium-replay-v2,0,rnn,19,28,1,2.090334943055471,3.935580993075685,0.027828760081127037,20000,20000,20,,
walker2d-medium-replay-v2,0,rnn,19,29,1,2.205185317509158,4.108377913762986,0.029050618824988484,20000,20000,20,,
walker2d-medium-replay-v2,0,rnn,19,30,3,2.291363458550229,4.224662422392469,0.02987287447097701,20000,20000,20,,
walker2d-medium-replay-v2,0,rnn,19,31,4,2.3488024094867934,4.2770307243117465,0.030243174285040468,20000,20000,20,,
walker2d-medium-replay-v2,0,rnn,19,32,3,2.4407709530625743,4.369619529439458,0.030897876004718113,20000,20000,20,,
walker2d-medium-replay-v2,0,rnn,19,33,5,2.55550908821383,4.613538878622219,0.03262264626341551,20000,20000,20,,
walker2d-medium-replay-v2,0,rnn,19,34,5,2.6483284856100004,4.7712528771605855,0.033737852641960754,20000,20000,20,,
walker2d-medium-replay-v2,0,rnn,19,35,1,2.757902770032385,4.8997221426843085,0.03464626753021955,20000,20000,20,,
walker2d-medium-replay-v2,0,rnn,19,36,1,2.8529159225992795,4.969957038652503,0.035142903242369974,20000,20000,20,,
walker2d-medium-replay-v2,0,rnn,19,37,5,2.9273215110580932,5.086893938495313,0.0359697719908678,20000,20000,20,,
walker2d-medium-replay-v2,0,rnn,19,38,2,3.003909713019449,5.137879707848919,0.03633029582340728,20000,20000,20,,
walker2d-medium-replay-v2,0,rnn,19,39,3,3.084050445817262,5.175611168706889,0.03659709754177474,20000,20000,20,,
walker2d-medium-replay-v2,0,rnn,19,40,2,3.195327818702176,5.28667558528193,0.03738244156286213,20000,20000,20,,
walker2d-medium-replay-v2,0,rnn,19,41,1,3.3095533209941634,5.417140284044315,0.03830496629486555,20000,20000,20,,
walker2d-medium-replay-v2,0,rnn,19,42,1,3.4297887020072406,5.593848459037866,0.03955448178315594,20000,20000,20,,
walker2d-medium-replay-v2,0,rnn,19,43,5,3.5002872800129166,5.669164103463136,0.040087043812181374,20000,20000,20,,
walker2d-medium-replay-v2,0,rnn,19,44,3,3.577543212368449,5.755528769050728,0.04069773421910032,20000,20000,20,,
walker2d-medium-replay-v2,0,rnn,19,45,3,3.684721492794062,5.886472077946672,0.041623643235813586,20000,20000,20,,
walker2d-medium-replay-v2,0,rnn,19,46,3,3.7540205424634485,6.040817417058455,0.04271502959511838,20000,20000,20,,
walker2d-medium-replay-v2,0,rnn,19,47,3,3.816379139229122,6.018188260850332,0.042555017297045444,20000,20000,20,,
walker2d-medium-replay-v2,0,rnn,19,48,3,3.8776517438335882,6.105475649786358,0.04317223234333276,20000,20000,20,,
walker2d-medium-replay-v2,0,rnn,19,49,2,3.9742513929646264,6.248796676587249,0.04418566504270805,20000,20000,20,,
walker2d-medium-replay-v2,0,rnn,19,50,1,4.048853538890307,6.473365666885658,0.04577360760155026,20000,20000,20,,
walker2d-medium-replay-v2,0,rnn,19,51,4,4.1102514683287215,6.458206957588059,0.04566641934016658,20000,20000,20,,
walker2d-medium-replay-v2,0,rnn,19,52,4,4.175795203554495,6.511531424821627,0.046043480264006745,20000,20000,20,,
walker2d-medium-replay-v2,0,rnn,19,53,3,4.2981938471666075,6.676502329576036,0.04721000071850997,20000,20000,20,,
walker2d-medium-replay-v2,0,rnn,19,54,4,4.396939619863219,6.789841170250427,0.048011427346636805,20000,20000,20,,
walker2d-medium-replay-v2,0,rnn,19,55,2,4.475242101927122,6.910614627866473,0.04886542465531333,20000,20000,20,,
walker2d-medium-replay-v2,0,rnn,19,56,1,4.55535097827743,6.932571524546007,0.04902068336067243,20000,20000,20,,
walker2d-medium-replay-v2,0,rnn,19,57,4,4.582605703409625,6.93033506823219,0.04900486922641916,20000,20000,20,,
walker2d-medium-replay-v2,0,rnn,19,58,1,4.666209984267327,6.924401763129181,0.04896291442368729,20000,20000,20,,
walker2d-medium-replay-v2,0,rnn,19,59,2,4.811461199430287,7.188312312429647,0.05082904381405756,20000,20000,20,,
walker2d-medium-replay-v2,0,rnn,19,60,2,4.8852298719449525,7.3011008388256755,0.05162657913260425,20000,20000,20,,
walker2d-medium-replay-v2,0,rnn,19,61,1,5.017105844412249,7.335831375377533,0.05187216111170491,20000,20000,20,,
walker2d-medium-replay-v2,0,rnn,19,62,5,5.14356303641096,7.4543459860225845,0.0527101859602729,20000,20000,20,,
walker2d-medium-replay-v2,0,rnn,19,63,1,5.302706140561485,7.527694217864103,0.05322883628150471,20000,20000,20,,
walker2d-medium-replay-v2,0,rnn,19,64,5,5.4040639301,7.663922151819954,0.054192113240376864,20000,20000,20,,
walker2d-medium-replay-v2,0,rnn,19,65,1,5.538177273267371,7.745628286849144,0.054769862861813706,20000,20000,20,,
walker2d-medium-replay-v2,0,rnn,19,66,3,5.634285626518887,7.800422470621538,0.05515731625096412,20000,20000,20,,
walker2d-medium-replay-v2,0,rnn,19,67,4,5.71020245032361,7.995606991771913,0.056537479235844915,20000,20000,20,,
walker2d-medium-replay-v2,0,rnn,19,68,1,5.825846659822856,8.019928578090653,0.056709458821996864,20000,20000,20,,
walker2d-medium-replay-v2,0,rnn,19,69,5,5.88943456975025,8.054072425362806,0.056950892281416234,20000,20000,20,,
walker2d-medium-replay-v2,0,rnn,19,70,3,5.911419513379535,8.047128939463304,0.056901794421770124,20000,20000,20,,
walker2d-medium-replay-v2,0,rnn,19,71,4,6.030645445230839,8.214651276696992,0.05808635622835173,20000,20000,20,,
walker2d-medium-replay-v2,0,rnn,19,72,4,6.116110265456377,8.368357541182245,0.059173223647635484,20000,20000,20,,
walker2d-medium-replay-v2,0,rnn,19,73,2,6.281510289008427,8.67535339704257,0.061344012162385525,20000,20000,20,,
walker2d-medium-replay-v2,0,rnn,19,74,3,6.286938673680274,8.651820699732497,0.06117761086390989,20000,20000,20,,
walker2d-medium-replay-v2,0,rnn,19,75,3,6.32739906147435,8.737786058333917,0.06178547774405187,20000,20000,20,,
walker2d-medium-replay-v2,0,rnn,19,76,4,6.406753356361696,8.908169400320185,0.06299026990924902,20000,20000,20,,
walker2d-medium-replay-v2,0,rnn,19,77,1,6.555713555882566,8.842322491994127,0.06252466195527379,20000,20000,20,,
walker2d-medium-replay-v2,0,rnn,19,78,2,6.681405130753388,9.122019991768473,0.06450242194298741,20000,20000,20,,
walker2d-medium-replay-v2,0,rnn,19,79,3,6.726931046467082,9.055797286708811,0.06403415670482539,20000,20000,20,,
walker2d-medium-replay-v2,0,rnn,19,80,4,6.830393317627246,9.3514685862903,0.06612486851418849,20000,20000,20,,
walker2d-medium-replay-v2,0,rnn,19,81,1,7.018330979300908,9.577113766039998,0.06772042088161917,20000,20000,20,,
walker2d-medium-replay-v2,0,rnn,19,82,2,7.137732372800449,9.81419047803706,0.0693968063887645,20000,20000,20,,
walker2d-medium-replay-v2,0,rnn,19,83,5,7.228050302789777,9.759871084277036,0.06901271027198794,20000,20000,20,,
walker2d-medium-replay-v2,0,rnn,19,84,3,7.336764020125469,9.900551441992958,0.07000747062119472,20000,20000,20,,
walker2d-medium-replay-v2,0,rnn,19,85,3,7.481954648223701,10.206334349724255,0.07216968229747213,20000,20000,20,,
walker2d-medium-replay-v2,0,rnn,19,86,2,7.610260347002356,10.556155730571726,0.074643293003485,20000,20000,20,,
walker2d-medium-replay-v2,0,rnn,19,87,4,7.755178962397958,11.007299265303722,0.07783335953045964,20000,20000,20,,
walker2d-medium-replay-v2,0,rnn,19,88,2,7.848311834591813,11.535112848851401,0.08156556517174901,20000,20000,20,,
walker2d-medium-replay-v2,0,rnn,19,89,1,7.960340412652551,11.866869789082804,0.08391144099318225,20000,20000,20,,
walker2d-medium-replay-v2,0,rnn,19,90,5,8.040748551574827,11.500696929258488,0.0813222078704998,20000,20000,20,,
walker2d-medium-replay-v2,0,rnn,19,91,3,8.109475373386038,11.525561562918504,0.08149802738122697,20000,20000,20,,
walker2d-medium-replay-v2,0,rnn,19,92,4,8.263551904905892,11.790182590748614,0.08336918061345922,20000,20000,20,,
walker2d-medium-replay-v2,0,rnn,19,93,2,8.453855277744747,12.321687178921037,0.08712748559874406,20000,20000,20,,
walker2d-medium-replay-v2,0,rnn,19,94,4,8.582498308511328,12.709051860742338,0.08986656753182418,20000,20000,20,,
walker2d-medium-replay-v2,0,rnn,19,95,2,8.756943649899696,13.010385404727817,0.09199731745533524,20000,20000,20,,
walker2d-medium-replay-v2,0,rnn,19,96,5,8.833265366936347,12.850290270860981,0.09086527390741315,20000,20000,20,,
walker2d-medium-replay-v2,0,rnn,19,97,4,8.97905552663352,13.27086365476299,0.09383917682485,20000,20000,20,,
walker2d-medium-replay-v2,0,rnn,19,98,4,9.124041431327159,13.673385018706487,0.09668543268501904,20000,20000,20,,
walker2d-medium-replay-v2,0,rnn,19,99,2,9.324622941968311,14.46997693789039,0.10231818816395248,20000,20000,20,,
walker2d-medium-replay-v2,0,rnn,19,100,4,9.477119767349773,14.44451724586153,0.1021381609551472,20000,20000,20,,
