task,seed,model,repeat,rollout_length,backtrack_k,error_mean,error_std,error_sem,n_windows,n_samples,rollout_repeats,repeat_mean_std,repeat_mean_sem
walker2d-medium-replay-v2,1,adm,0,1,1,0.25874952594446665,0.6788876846510286,0.004800460854807767,20000,20000,20,,
walker2d-medium-replay-v2,1,adm,0,2,1,0.4262130420145682,1.1882436720865177,0.00840215158234381,20000,20000,20,,
walker2d-medium-replay-v2,1,adm,0,3,1,0.5646408260949867,1.46215091554332,0.010338968274988005,20000,20000,20,,
walker2d-medium-replay-v2,1,adm,0,4,4,0.33006447182079074,0.8120283525567552,0.0057419075460862215,20000,20000,20,,
walker2d-medium-replay-v2,1,adm,0,5,3,0.5738127956452053,1.4347577065405424,0.01014526903654476,20000,20000,20,,
walker2d-medium-replay-v2,1,adm,0,6,1,0.7623698073580174,1.764902981611578,0.012479748664339034,20000,20000,20,,
walker2d-medium-replay-v2,1,adm,0,7,5,0.7109714754790695,1.7264740629344366,0.012208015174436303,20000,20000,20,,
walker2d-medium-replay-v2,1,adm,0,8,1,0.8837094143245451,2.036056116998905,0.014397090872062764,20000,20000,20,,
walker2d-medium-replay-v2,1,adm,0,9,4,0.8626063043689762,2.0626379064533675,0.014585052507855998,20000,20000,20,,
walker2d-medium-replay-v2,1,adm,0,10,3,0.9042872639333602,2.1733503476992833,0.01536790768752304,20000,20000,20,,
walker2d-medium-replay-v2,1,adm,0,11,3,0.9905515850588199,2.299154706121623,0.016257478836955636,20000,20000,20,,
walker2d-medium-replay-v2,1,adm,0,12,1,1.1588560967212649,2.5345379321014994,0.017921889589634993,20000,20000,20,,
walker2d-medium-replay-v2,1,adm,0,13,5,1.1048541066757664,2.5004668044797076,0.017680970335794584,20000,20000,20,,
walker2d-medium-replay-v2,1,adm,0,14,3,1.2027692230383096,2.7047825863278687,0.019125701084277243,20000,20000,20,,
walker2d-medium-replay-v2,1,adm,0,15,4,1.2250555378475223,2.689079244564365,0.01901466168979461,20000,20000,20,,
walker2d-medium-replay-v2,1,adm,0,16,1,1.3820179540541404,2.896064205804204,0.020478266386757857,20000,20000,20,,
walker2d-medium-replay-v2,1,adm,0,17,4,1.3073287923179413,2.766051545402595,0.019558938048657045,20000,20000,20,,
walker2d-medium-replay-v2,1,adm,0,18,3,1.4139457793272787,2.961355498912799,0.020939945547853115,20000,20000,20,,
walker2d-medium-replay-v2,1,adm,0,19,2,1.5204530332773996,3.1412395058905758,0.02221191755946306,20000,20000,20,,
walker2d-medium-replay-v2,1,adm,0,20,5,1.4893567657630353,3.098246472393916,0.021907910904170373,20000,20000,20,,
walker2d-medium-replay-v2,1,adm,0,21,3,1.5975408309352201,3.255403957830296,0.023019182140833278,20000,20000,20,,
walker2d-medium-replay-v2,1,adm,0,22,1,1.7485462260343583,3.3984252369009513,0.024030495303681617,20000,20000,20,,
walker2d-medium-replay-v2,1,adm,0,23,2,1.7605753882609472,3.406139159209403,0.02408504097142014,20000,20000,20,,
walker2d-medium-replay-v2,1,adm,0,24,4,1.757398776557469,3.3616255220100664,0.023770282024230854,20000,20000,20,,
walker2d-medium-replay-v2,1,adm,0,25,1,1.9221998786132783,3.6000907566682483,0.025456485869271274,20000,20000,20,,
walker2d-medium-replay-v2,1,adm,0,26,5,1.8688171364980484,3.53156850515831,0.024971960382222796,20000,20000,20,,
walker2d-medium-replay-v2,1,adm,0,27,3,1.951236842451489,3.6090526038144595,0.025519855698161707,20000,20000,20,,
walker2d-medium-replay-v2,1,adm,0,28,1,2.094662991732877,3.858731171124711,0.02728534977878191,20000,20000,20,,
walker2d-medium-replay-v2,1,adm,0,29,3,2.0814110769098524,3.809749580116589,0.02693899762723042,20000,20000,20,,
walker2d-medium-replay-v2,1,adm,0,30,2,2.2878943282125164,4.103710920329086,0.029017618197939847,20000,20000,20,,
walker2d-medium-replay-v2,1,adm,0,31,4,2.227875780134414,3.945691948479027,0.027900255332426814,20000,20000,20,,
walker2d-medium-replay-v2,1,adm,0,32,2,2.460750090694953,4.295736458525933,0.030375443800139717,20000,20000,20,,
walker2d-medium-replay-v2,1,adm,0,33,1,2.599609059104528,4.433270510049536,0.03134795640490371,20000,20000,20,,
walker2d-medium-replay-v2,1,adm,0,34,1,2.7206834798870245,4.5811805274226,0.03239383816780284,20000,20000,20,,
walker2d-medium-replay-v2,1,adm,0,35,4,2.5023346589265807,4.226085566271445,0.029882937617851296,20000,20000,20,,
walker2d-medium-replay-v2,1,adm,0,36,2,2.882062486550168,4.772427890878802,0.03374616124364214,20000,20000,20,,
walker2d-medium-replay-v2,1,adm,0,37,2,2.8438258706730672,4.7542682986506035,0.03361775353556072,20000,20000,20,,
walker2d-medium-replay-v2,1,adm,0,38,3,2.857471646943996,4.7213730840751,0.03338514924261146,20000,20000,20,,
walker2d-medium-replay-v2,1,adm,0,39,1,3.0085907874658786,4.824948419683513,0.03411753746433528,20000,20000,20,,
walker2d-medium-replay-v2,1,adm,0,40,5,2.9104550136997376,4.765178932276862,0.03369490336580241,20000,20000,20,,
walker2d-medium-replay-v2,1,adm,0,41,2,3.1957512611042334,5.097633487865762,0.036045712072735124,20000,20000,20,,
walker2d-medium-replay-v2,1,adm,0,42,3,3.178627316294026,5.064710980742708,0.03581291479233138,20000,20000,20,,
walker2d-medium-replay-v2,1,adm,0,43,4,3.234151393162015,5.098228405514504,0.03604991877577186,20000,20000,20,,
walker2d-medium-replay-v2,1,adm,0,44,1,3.382186571066552,5.235873179804005,0.03702321430872183,20000,20000,20,,
walker2d-medium-replay-v2,1,adm,0,45,5,3.2207956267796005,5.020836921322501,0.035502678342989286,20000,20000,20,,
walker2d-medium-replay-v2,1,adm,0,46,1,3.408937808312031,5.252877017779232,0.03714344960010663,20000,20000,20,,
walker2d-medium-replay-v2,1,adm,0,47,1,3.5974209408415248,5.462027642650028,0.03862236785146207,20000,20000,20,,
walker2d-medium-replay-v2,1,adm,0,48,5,3.474297114960441,5.192443643507696,0.03671612111253276,20000,20000,20,,
walker2d-medium-replay-v2,1,adm,0,49,1,3.6867749344121963,5.439825079984687,0.03846537202525825,20000,20000,20,,
walker2d-medium-replay-v2,1,adm,0,50,5,3.5793905580366374,5.2935482124317,0.03743103837548382,20000,20000,20,,
walker2d-medium-replay-v2,1,adm,0,51,1,3.788381973129029,5.5590454201190465,0.03930838713490198,20000,20000,20,,
walker2d-medium-replay-v2,1,adm,0,52,5,3.710399184857113,5.408621926226683,0.03824473240909134,20000,20000,20,,
walker2d-medium-replay-v2,1,adm,0,53,3,3.8126974748976643,5.5339571512414,0.03913098628438582,20000,20000,20,,
walker2d-medium-replay-v2,1,adm,0,54,5,3.857957716878075,5.513349821231863,0.038985270456466894,20000,20000,20,,
walker2d-medium-replay-v2,1,adm,0,55,4,3.9365928597735134,5.6267153042680285,0.039786885474540505,20000,20000,20,,
walker2d-medium-replay-v2,1,adm,0,56,2,4.21876588817064,5.956004595911989,0.042115312385476104,20000,20000,20,,
walker2d-medium-replay-v2,1,adm,0,57,3,4.206313564362263,5.917631923648384,0.04184397661777766,20000,20000,20,,
walker2d-medium-replay-v2,1,adm,0,58,5,4.126552410555572,5.758975230202949,0.04072210437961864,20000,20000,20,,
walker2d-medium-replay-v2,1,adm,0,59,1,4.388469789979012,6.0600150316155705,0.0428507772294778,20000,20000,20,,
walker2d-medium-replay-v2,1,adm,0,60,2,4.495155624696773,6.159885289241646,0.043556966593540254,20000,20000,20,,
walker2d-medium-replay-v2,1,adm,0,61,3,4.5130894781497375,6.128771229464383,0.04333695696695279,20000,20000,20,,
walker2d-medium-replay-v2,1,adm,0,62,1,4.616755228745621,6.256345359253598,0.04423904228973206,20000,20000,20,,
walker2d-medium-replay-v2,1,adm,0,63,3,4.629517627446922,6.2293686155783305,0.044048287905860926,20000,20000,20,,
walker2d-medium-replay-v2,1,adm,0,64,2,4.8214674317883475,6.470669716062082,0.045754544350459295,20000,20000,20,,
walker2d-medium-replay-v2,1,adm,0,65,4,4.664746458974332,6.154470049229896,0.04351867506419964,20000,20000,20,,
walker2d-medium-replay-v2,1,adm,0,66,1,4.855206200251264,6.3831014396371035,0.0451353431296901,20000,20000,20,,
walker2d-medium-replay-v2,1,adm,0,67,2,4.967703059170109,6.559097676085184,0.04637982445224758,20000,20000,20,,
walker2d-medium-replay-v2,1,adm,0,68,5,4.8751756968790545,6.30396764829808,0.04457578272492185,20000,20000,20,,
walker2d-medium-replay-v2,1,adm,0,69,3,5.104904215337504,6.646162695877976,0.046995467111243826,20000,20000,20,,
walker2d-medium-replay-v2,1,adm,0,70,2,5.235193450753199,6.768157972701454,0.04785810398638994,20000,20000,20,,
walker2d-medium-replay-v2,1,adm,0,71,3,5.164379349403786,6.617465115021725,0.04679254457097278,20000,20000,20,,
walker2d-medium-replay-v2,1,adm,0,72,3,5.266416931569705,6.698895400943503,0.047368343644665266,20000,20000,20,,
walker2d-medium-replay-v2,1,adm,0,73,2,5.445705818656156,6.957281651460332,0.04919541034372343,20000,20000,20,,
walker2d-medium-replay-v2,1,adm,0,74,1,5.584535820028761,7.016031160817248,0.04961083210830001,20000,20000,20,,
walker2d-medium-replay-v2,1,adm,0,75,3,5.519781197517703,6.9054744361258615,0.04882907801094947,20000,20000,20,,
walker2d-medium-replay-v2,1,adm,0,76,3,5.644984166891631,7.027179397473871,0.04968966204568171,20000,20000,20,,
walker2d-medium-replay-v2,1,adm,0,77,2,5.785981515990448,7.1957796177015885,0.05088184563600735,20000,20000,20,,
walker2d-medium-replay-v2,1,adm,0,78,1,5.948753153476592,7.2467644667886,0.05124236296127935,20000,20000,20,,
walker2d-medium-replay-v2,1,adm,0,79,5,5.82441907749004,7.080292155752131,0.05006522596114251,20000,20000,20,,
walker2d-medium-replay-v2,1,adm,0,80,3,5.997202376413894,7.251960701875682,0.051279105891946494,20000,20000,20,,
walker2d-medium-replay-v2,1,adm,0,81,3,6.143800490637484,7.315957872599082,0.05173163422589919,20000,20000,20,,
walker2d-medium-replay-v2,1,adm,0,82,3,6.149283657409677,7.290534777133203,0.05155186579387243,20000,20000,20,,
walker2d-medium-replay-v2,1,adm,0,83,3,6.25502128474102,7.4033622602851885,0.052349676578282225,20000,20000,20,,
walker2d-medium-replay-v2,1,adm,0,84,4,6.247832655111319,7.335003761778777,0.05186630899982609,20000,20000,20,,
walker2d-medium-replay-v2,1,adm,0,85,2,6.576826181922177,7.784759972638505,0.05504656566562289,20000,20000,20,,
walker2d-medium-replay-v2,1,adm,0,86,1,6.716707171621372,7.874893655975894,0.055683907052634776,20000,20000,20,,
walker2d-medium-replay-v2,1,adm,0,87,4,6.504943434538532,7.5089514060182205,0.053096304587957444,20000,20000,20,,
walker2d-medium-replay-v2,1,adm,0,88,2,6.903437349287357,8.051914739085628,0.05693563513543358,20000,20000,20,,
walker2d-medium-replay-v2,1,adm,0,89,1,7.065705156129019,8.162500469851866,0.05771759433670634,20000,20000,20,,
walker2d-medium-replay-v2,1,adm,0,90,3,6.853777273233892,7.855221287908773,0.05554480240401218,20000,20000,20,,
walker2d-medium-replay-v2,1,adm,0,91,2,7.325707860706195,8.466670696430393,0.05986840263519359,20000,20000,20,,
walker2d-medium-replay-v2,1,adm,0,92,1,7.445510236851873,8.582201845217945,0.06068533122265309,20000,20000,20,,
walker2d-medium-replay-v2,1,adm,0,93,5,7.0483060416209975,7.846023401347686,0.055479763524412896,20000,20000,20,,
walker2d-medium-replay-v2,1,adm,0,94,5,7.115160185561845,7.870644116617786,0.0556538582716644,20000,20000,20,,
walker2d-medium-replay-v2,1,adm,0,95,3,7.621670317275403,8.564774193560037,0.06056209911597846,20000,20000,20,,
walker2d-medium-replay-v2,1,adm,0,96,1,7.787353993957584,8.760338605756393,0.06194494833620651,20000,20000,20,,
walker2d-medium-replay-v2,1,adm,0,97,5,7.508408084179438,8.221827976534254,0.05813710315956641,20000,20000,20,,
walker2d-medium-replay-v2,1,adm,0,98,1,7.817959557833674,8.518973419506194,0.06023823873680781,20000,20000,20,,
walker2d-medium-replay-v2,1,adm,0,99,5,7.501073964665283,8.030639801354187,0.05678519860804135,20000,20000,20,,
walker2d-medium-replay-v2,1,adm,0,100,2,8.23388949715858,8.906600196777541,0.06297917396458838,20000,20000,20,,
walker2d-medium-replay-v2,1,adm,1,1,1,0.26179704437164203,0.6844073550173185,0.004839490818266948,20000,20000,20,,
walker2d-medium-replay-v2,1,adm,1,2,3,0.2769036701625064,0.7395336326456203,0.005229292465592393,20000,20000,20,,
walker2d-medium-replay-v2,1,adm,1,3,4,0.332454284510667,0.8202582676659596,0.005800101833909302,20000,20000,20,,
walker2d-medium-replay-v2,1,adm,1,4,2,0.4932987847207922,1.2856241855837556,0.00909073579683706,20000,20000,20,,
walker2d-medium-replay-v2,1,adm,1,5,3,0.5039587588180429,1.2633095135942765,0.008932947237999918,20000,20000,20,,
walker2d-medium-replay-v2,1,adm,1,6,5,0.5685307585527222,1.3909373027597771,0.009835411989867643,20000,20000,20,,
walker2d-medium-replay-v2,1,adm,1,7,3,0.6839741455225964,1.6732756510842683,0.011831845596760215,20000,20000,20,,
walker2d-medium-replay-v2,1,adm,1,8,3,0.7320585593451652,1.8360812256955181,0.012983054854986086,20000,20000,20,,
walker2d-medium-replay-v2,1,adm,1,9,5,0.8136059996837434,2.013446486223796,0.014237216639650727,20000,20000,20,,
walker2d-medium-replay-v2,1,adm,1,10,1,0.9896205575037893,2.2514980412773196,0.01592049532815422,20000,20000,20,,
walker2d-medium-replay-v2,1,adm,1,11,2,1.0268027716783448,2.463502507556022,0.01741959328562927,20000,20000,20,,
walker2d-medium-replay-v2,1,adm,1,12,1,1.1253221739419264,2.4973866343900912,0.017659190244218824,20000,20000,20,,
walker2d-medium-replay-v2,1,adm,1,13,2,1.1546344668775643,2.626320703838421,0.01857089179254774,20000,20000,20,,
walker2d-medium-replay-v2,1,adm,1,14,2,1.2591757719216476,2.7702934403604718,0.019588932775555,20000,20000,20,,
walker2d-medium-replay-v2,1,adm,1,15,3,1.2676751586868589,2.8296808012048054,0.02000886483125301,20000,20000,20,,
walker2d-medium-replay-v2,1,adm,1,16,2,1.4158111212922857,3.084931693622015,0.021813761200574277,20000,20000,20,,
walker2d-medium-replay-v2,1,adm,1,17,1,1.5279315755306784,3.1823728305605177,0.022502774087531697,20000,20000,20,,
walker2d-medium-replay-v2,1,adm,1,18,2,1.5491050736232865,3.267410680572855,0.02310408249154418,20000,20000,20,,
walker2d-medium-replay-v2,1,adm,1,19,5,1.4752498291904736,3.091541010513612,0.021860496128504867,20000,20000,20,,
walker2d-medium-replay-v2,1,adm,1,20,1,1.6395060140659414,3.299755777641749,0.0233327968662997,20000,20000,20,,
walker2d-medium-replay-v2,1,adm,1,21,1,1.7711899182123148,3.5101907426864245,0.024820796774118144,20000,20000,20,,
walker2d-medium-replay-v2,1,adm,1,22,1,1.864622841890828,3.622001482490338,0.02561141809736646,20000,20000,20,,
walker2d-medium-replay-v2,1,adm,1,23,2,1.8688055430799593,3.663029262122834,0.025901528309318113,20000,20000,20,,
walker2d-medium-replay-v2,1,adm,1,24,4,1.7794366420600722,3.4489995624369825,0.024388109789086253,20000,20000,20,,
walker2d-medium-replay-v2,1,adm,1,25,5,1.8342152346672709,3.5654340871588177,0.02521142620903668,20000,20000,20,,
walker2d-medium-replay-v2,1,adm,1,26,3,2.0004673263014516,3.7730155884421857,0.026679249081100212,20000,20000,20,,
walker2d-medium-replay-v2,1,adm,1,27,2,2.0457642451618,3.8567961715288077,0.027271667265423346,20000,20000,20,,
walker2d-medium-replay-v2,1,adm,1,28,4,2.0234459851877102,3.6842853488058913,0.0260518315396689,20000,20000,20,,
walker2d-medium-replay-v2,1,adm,1,29,2,2.2247163433600767,3.9696433802795714,0.028069617530879738,20000,20000,20,,
walker2d-medium-replay-v2,1,adm,1,30,5,2.1553883659993858,3.8673478644188366,0.02734627900137872,20000,20000,20,,
walker2d-medium-replay-v2,1,adm,1,31,1,2.369209093061319,4.161841070265094,0.029428660430051264,20000,20000,20,,
walker2d-medium-replay-v2,1,adm,1,32,5,2.3550301520494648,4.173157753169696,0.029508681462275085,20000,20000,20,,
walker2d-medium-replay-v2,1,adm,1,33,2,2.552935196407475,4.446934114148948,0.031444572676045134,20000,20000,20,,
walker2d-medium-replay-v2,1,adm,1,34,4,2.461094532229332,4.244113086772394,0.0300104114377933,20000,20000,20,,
walker2d-medium-replay-v2,1,adm,1,35,2,2.724552665919991,4.64193298156207,0.03282342289076028,20000,20000,20,,
walker2d-medium-replay-v2,1,adm,1,36,4,2.646393963684783,4.526704318412675,0.032008633199760314,20000,20000,20,,
walker2d-medium-replay-v2,1,adm,1,37,5,2.7029240383783293,4.57336804617049,0.03233859558309025,20000,20000,20,,
walker2d-medium-replay-v2,1,adm,1,38,5,2.8495756984634792,4.688495099541148,0.03315266678445443,20000,20000,20,,
walker2d-medium-replay-v2,1,adm,1,39,3,2.9522514440021705,4.902802279088378,0.03466804738360252,20000,20000,20,,
walker2d-medium-replay-v2,1,adm,1,40,5,3.002613139820415,4.866242926318716,0.03440953372101033,20000,20000,20,,
walker2d-medium-replay-v2,1,adm,1,41,3,3.091607751260941,4.900710271376663,0.03465325465521003,20000,20000,20,,
walker2d-medium-replay-v2,1,adm,1,42,3,3.1694121580317955,5.156189184519458,0.03645976337454443,20000,20000,20,,
walker2d-medium-replay-v2,1,adm,1,43,2,3.365378426154378,5.235888092168713,0.03702331975506391,20000,20000,20,,
walker2d-medium-replay-v2,1,adm,1,44,2,3.36747235336159,5.26894937579403,0.03725709833352585,20000,20000,20,,
walker2d-medium-replay-v2,1,adm,1,45,3,3.372915487318828,5.228751186277109,0.036972854209537484,20000,20000,20,,
walker2d-medium-replay-v2,1,adm,1,46,4,3.40167942908285,5.264024537952272,0.03722227447118434,20000,20000,20,,
walker2d-medium-replay-v2,1,adm,1,47,5,3.4268089470907275,5.223939536766201,0.036938830709558924,20000,20000,20,,
walker2d-medium-replay-v2,1,adm,1,48,5,3.5313312589850883,5.32320755352321,0.03764076158759713,20000,20000,20,,
walker2d-medium-replay-v2,1,adm,1,49,1,3.732429719570816,5.598774296265491,0.03958931271222269,20000,20000,20,,
walker2d-medium-replay-v2,1,adm,1,50,5,3.662000616434579,5.419246725128425,0.038319861082612997,20000,20000,20,,
walker2d-medium-replay-v2,1,adm,1,51,5,3.7032286281658444,5.453954957148156,0.03856528534485447,20000,20000,20,,
walker2d-medium-replay-v2,1,adm,1,52,2,3.9459587215229943,5.829599325859437,0.04122149214915734,20000,20000,20,,
walker2d-medium-replay-v2,1,adm,1,53,5,3.8681313957066914,5.613552912046515,0.039693813306575815,20000,20000,20,,
walker2d-medium-replay-v2,1,adm,1,54,3,3.9499546708439746,5.6515625609190305,0.03996258211125857,20000,20000,20,,
walker2d-medium-replay-v2,1,adm,1,55,5,3.9242561917175802,5.575181625416846,0.0394224873367889,20000,20000,20,,
walker2d-medium-replay-v2,1,adm,1,56,3,4.143438908749298,5.95194712912382,0.04208662176267256,20000,20000,20,,
walker2d-medium-replay-v2,1,adm,1,57,4,4.125607750737347,5.819309028327332,0.04114872875750355,20000,20000,20,,
walker2d-medium-replay-v2,1,adm,1,58,4,4.194753379539973,5.858203174224629,0.04142375190062793,20000,20000,20,,
walker2d-medium-replay-v2,1,adm,1,59,4,4.242766141846639,5.857860387543296,0.04142132803275921,20000,20000,20,,
walker2d-medium-replay-v2,1,adm,1,60,5,4.276022894981845,5.881102784668412,0.041585676598941225,20000,20000,20,,
walker2d-medium-replay-v2,1,adm,1,61,1,4.513895953162456,6.2039262755262365,0.04386838339406003,20000,20000,20,,
walker2d-medium-replay-v2,1,adm,1,62,2,4.613998399265765,6.374845667316752,0.04507696600377357,20000,20000,20,,
walker2d-medium-replay-v2,1,adm,1,63,4,4.534131308185865,6.132306007576544,0.043361951622683775,20000,20000,20,,
walker2d-medium-replay-v2,1,adm,1,64,1,4.749619393015647,6.299097536268539,0.04454134583250958,20000,20000,20,,
walker2d-medium-replay-v2,1,adm,1,65,5,4.679198675039191,6.20558530875171,0.04388011453049949,20000,20000,20,,
walker2d-medium-replay-v2,1,adm,1,66,4,4.814159243128316,6.3174249966938225,0.044670940547996044,20000,20000,20,,
walker2d-medium-replay-v2,1,adm,1,67,5,4.813896721235808,6.312402163958813,0.04463542375711913,20000,20000,20,,
walker2d-medium-replay-v2,1,adm,1,68,3,5.040495095491617,6.55544463933343,0.0463539935816567,20000,20000,20,,
walker2d-medium-replay-v2,1,adm,1,69,5,5.062296059131132,6.523596062343865,0.04612879013405206,20000,20000,20,,
walker2d-medium-replay-v2,1,adm,1,70,5,5.05352763041221,6.541540663552708,0.046255677626056674,20000,20000,20,,
walker2d-medium-replay-v2,1,adm,1,71,4,5.178520977480084,6.619368724867438,0.04680600512527915,20000,20000,20,,
walker2d-medium-replay-v2,1,adm,1,72,2,5.3908105945277,6.935333341519354,0.04904021235577493,20000,20000,20,,
walker2d-medium-replay-v2,1,adm,1,73,2,5.4712540715249345,6.994248113082106,0.04945680270061571,20000,20000,20,,
walker2d-medium-replay-v2,1,adm,1,74,4,5.348106556126266,6.755692605430274,0.04776996052911561,20000,20000,20,,
walker2d-medium-replay-v2,1,adm,1,75,2,5.672187805974216,7.098528158663417,0.050194173974345585,20000,20000,20,,
walker2d-medium-replay-v2,1,adm,1,76,3,5.649264497225829,7.009706012747493,0.049566106557378684,20000,20000,20,,
walker2d-medium-replay-v2,1,adm,1,77,3,5.6233377757141145,6.996926196249172,0.04947573960829585,20000,20000,20,,
walker2d-medium-replay-v2,1,adm,1,78,4,5.631410464608497,6.901605343952876,0.048801719397823934,20000,20000,20,,
walker2d-medium-replay-v2,1,adm,1,79,1,5.841903070860157,7.144033860940057,0.050515947880970274,20000,20000,20,,
walker2d-medium-replay-v2,1,adm,1,80,2,6.011252525073422,7.3880529951195575,0.052241423726146215,20000,20000,20,,
walker2d-medium-replay-v2,1,adm,1,81,1,6.157045754918964,7.431354040295666,0.05254760835291113,20000,20000,20,,
walker2d-medium-replay-v2,1,adm,1,82,1,6.301563603356053,7.644445578366082,0.05405439306874176,20000,20000,20,,
walker2d-medium-replay-v2,1,adm,1,83,3,6.152376502406331,7.271343100407476,0.05141616014632141,20000,20000,20,,
walker2d-medium-replay-v2,1,adm,1,84,3,6.240925424515162,7.374217437081071,0.052143591557041076,20000,20000,20,,
walker2d-medium-replay-v2,1,adm,1,85,5,6.114685183869146,7.158252534678795,0.05061648908717167,20000,20000,20,,
walker2d-medium-replay-v2,1,adm,1,86,1,6.4140776106917405,7.486643431354254,0.05293856338636315,20000,20000,20,,
walker2d-medium-replay-v2,1,adm,1,87,5,6.332971565001451,7.30835165571414,0.051677850150514,20000,20000,20,,
walker2d-medium-replay-v2,1,adm,1,88,2,6.785321510724869,7.9482903675814285,0.05620290017756544,20000,20000,20,,
walker2d-medium-replay-v2,1,adm,1,89,2,6.7863587305216075,7.845121086412904,0.05547338319432139,20000,20000,20,,
walker2d-medium-replay-v2,1,adm,1,90,5,6.524806349573562,7.42328555068207,0.05249055551571406,20000,20000,20,,
walker2d-medium-replay-v2,1,adm,1,91,1,6.800349967391553,7.677038260073378,0.054284858131264595,20000,20000,20,,
walker2d-medium-replay-v2,1,adm,1,92,1,7.15033086587543,8.135099490917765,0.05752384015655182,20000,20000,20,,
walker2d-medium-replay-v2,1,adm,1,93,3,6.968548454177703,7.862474665404614,0.055596091528150336,20000,20000,20,,
walker2d-medium-replay-v2,1,adm,1,94,1,7.171106954975981,8.01299557877673,0.056660435113708496,20000,20000,20,,
walker2d-medium-replay-v2,1,adm,1,95,3,7.280029971465436,8.178878821466183,0.05783340677161776,20000,20000,20,,
walker2d-medium-replay-v2,1,adm,1,96,3,7.30533902216021,8.172245660596364,0.057786503241300254,20000,20000,20,,
walker2d-medium-replay-v2,1,adm,1,97,4,7.275116335660283,8.047920370155033,0.05690739068185974,20000,20000,20,,
walker2d-medium-replay-v2,1,adm,1,98,4,7.415733274438623,8.136906945639076,0.05753662079145309,20000,20000,20,,
walker2d-medium-replay-v2,1,adm,1,99,5,7.450017179243708,8.120131611024798,0.05741800126282879,20000,20000,20,,
walker2d-medium-replay-v2,1,adm,1,100,3,7.658846686481334,8.288771888106481,0.05861046809788516,20000,20000,20,,
walker2d-medium-replay-v2,1,adm,2,1,5,0.4227341994362802,1.0046105375080265,0.00710366923523388,20000,20000,20,,
walker2d-medium-replay-v2,1,adm,2,2,2,0.24371512468572146,0.7099069398233858,0.005019800111605064,20000,20000,20,,
walker2d-medium-replay-v2,1,adm,2,3,1,0.423806686393633,1.090411659687572,0.0077103747884996006,20000,20000,20,,
walker2d-medium-replay-v2,1,adm,2,4,2,0.4337606619666618,1.1720864456262872,0.008287902738391853,20000,20000,20,,
walker2d-medium-replay-v2,1,adm,2,5,4,0.6706920336728556,1.5650324087710292,0.011066450290187116,20000,20000,20,,
walker2d-medium-replay-v2,1,adm,2,6,2,0.6212979471458009,1.5724215595475048,0.011118699476399672,20000,20000,20,,
walker2d-medium-replay-v2,1,adm,2,7,1,0.7786755299880601,1.8834245382211257,0.013317822628292997,20000,20000,20,,
walker2d-medium-replay-v2,1,adm,2,8,2,0.8231163289732761,2.0448317225565105,0.014459143774050774,20000,20000,20,,
walker2d-medium-replay-v2,1,adm,2,9,1,0.9702293281427051,2.251664973160211,0.015921675714818107,20000,20000,20,,
walker2d-medium-replay-v2,1,adm,2,10,2,0.9889809070054394,2.370507065458733,0.01676201620836493,20000,20000,20,,
walker2d-medium-replay-v2,1,adm,2,11,1,1.1277758823412984,2.6180601373582952,0.018512480766802345,20000,20000,20,,
walker2d-medium-replay-v2,1,adm,2,12,3,1.1055290451069,2.6045119337049436,0.01841668050004053,20000,20000,20,,
walker2d-medium-replay-v2,1,adm,2,13,4,1.1402593488128918,2.6091393405237926,0.018449401207449704,20000,20000,20,,
walker2d-medium-replay-v2,1,adm,2,14,2,1.2798956520164715,2.900073151287097,0.020506613912121465,20000,20000,20,,
walker2d-medium-replay-v2,1,adm,2,15,1,1.386025802459848,2.959840450763006,0.02092923253964769,20000,20000,20,,
walker2d-medium-replay-v2,1,adm,2,16,1,1.4941054602177677,3.187747772637361,0.022540780667441907,20000,20000,20,,
walker2d-medium-replay-v2,1,adm,2,17,2,1.4915644771034868,3.1707179270803048,0.022420361474682366,20000,20000,20,,
walker2d-medium-replay-v2,1,adm,2,18,4,1.4180255460125657,2.9750057849663007,0.02103646764618879,20000,20000,20,,
walker2d-medium-replay-v2,1,adm,2,19,1,1.5621930648510256,3.196610150038162,0.022603447139017314,20000,20000,20,,
walker2d-medium-replay-v2,1,adm,2,20,2,1.6182298192780733,3.33273555777569,0.023565999128047212,20000,20000,20,,
walker2d-medium-replay-v2,1,adm,2,21,2,1.7244996862296154,3.518473588053071,0.024879365335380894,20000,20000,20,,
walker2d-medium-replay-v2,1,adm,2,22,3,1.7185758880584638,3.4004165918652576,0.024044576309671724,20000,20000,20,,
walker2d-medium-replay-v2,1,adm,2,23,3,1.7679348538887083,3.430016187416544,0.02425387705701866,20000,20000,20,,
walker2d-medium-replay-v2,1,adm,2,24,2,1.881968819803372,3.6050777918835575,0.025491749533458886,20000,20000,20,,
walker2d-medium-replay-v2,1,adm,2,25,5,1.8470276611386118,3.506341431320094,0.024793578032417832,20000,20000,20,,
walker2d-medium-replay-v2,1,adm,2,26,1,2.033582289041204,3.810673450960614,0.02694553038061793,20000,20000,20,,
walker2d-medium-replay-v2,1,adm,2,27,3,2.0701134069159965,3.8423599579879224,0.027169587820529178,20000,20000,20,,
walker2d-medium-replay-v2,1,adm,2,28,1,2.2100819937153697,3.975310626182854,0.028109691010968364,20000,20000,20,,
walker2d-medium-replay-v2,1,adm,2,29,1,2.3416124299718786,4.163275951964808,0.029438806575851947,20000,20000,20,,
walker2d-medium-replay-v2,1,adm,2,30,3,2.288218805300047,4.152939035647662,0.029365713539607825,20000,20000,20,,
walker2d-medium-replay-v2,1,adm,2,31,2,2.5009295136475855,4.4526483321594545,0.03148497829908921,20000,20000,20,,
walker2d-medium-replay-v2,1,adm,2,32,3,2.4918458476128373,4.344381227852016,0.030719414262737,20000,20000,20,,
walker2d-medium-replay-v2,1,adm,2,33,2,2.6441625735572134,4.516620237104822,0.03193732797701211,20000,20000,20,,
walker2d-medium-replay-v2,1,adm,2,34,1,2.7938657440765637,4.688062622861912,0.0331496087125285,20000,20000,20,,
walker2d-medium-replay-v2,1,adm,2,35,2,2.880310467268242,4.852902963509008,0.03431520593937512,20000,20000,20,,
walker2d-medium-replay-v2,1,adm,2,36,1,2.9834767500166097,4.920291733630429,0.034791716502661905,20000,20000,20,,
walker2d-medium-replay-v2,1,adm,2,37,1,3.0849937622478327,5.007003086606906,0.035404858359617174,20000,20000,20,,
walker2d-medium-replay-v2,1,adm,2,38,2,3.107733306933181,5.029104088096799,0.03556113603986235,20000,20000,20,,
walker2d-medium-replay-v2,1,adm,2,39,1,3.262167425299086,5.27664768407935,0.037311533593448,20000,20000,20,,
walker2d-medium-replay-v2,1,adm,2,40,4,3.1794959803560405,5.024051355297815,0.0355254078236055,20000,20000,20,,
walker2d-medium-replay-v2,1,adm,2,41,1,3.3559807758489035,5.247152826986628,0.03710297345884408,20000,20000,20,,
walker2d-medium-replay-v2,1,adm,2,42,5,3.3253674968939237,5.174311038680804,0.03658790423419604,20000,20000,20,,
walker2d-medium-replay-v2,1,adm,2,43,5,3.3671393740113302,5.23867688342819,0.037043039487172816,20000,20000,20,,
walker2d-medium-replay-v2,1,adm,2,44,1,3.5706786115314237,5.397130017817885,0.03816347234544498,20000,20000,20,,
walker2d-medium-replay-v2,1,adm,2,45,4,3.5349255424257584,5.342154468917977,0.037774736511179206,20000,20000,20,,
walker2d-medium-replay-v2,1,adm,2,46,3,3.6651614282856246,5.550336372682454,0.03924680486990108,20000,20000,20,,
walker2d-medium-replay-v2,1,adm,2,47,4,3.659951593493529,5.463108342630126,0.03863000955430563,20000,20000,20,,
walker2d-medium-replay-v2,1,adm,2,48,3,3.74188477888607,5.495744540127467,0.03886078231993076,20000,20000,20,,
walker2d-medium-replay-v2,1,adm,2,49,3,3.865978618933841,5.656008527913022,0.0399940198453624,20000,20000,20,,
walker2d-medium-replay-v2,1,adm,2,50,4,3.87121426944847,5.618645395417355,0.03972982260182182,20000,20000,20,,
walker2d-medium-replay-v2,1,adm,2,51,3,3.9556537887547196,5.724998905870043,0.04048185548626272,20000,20000,20,,
walker2d-medium-replay-v2,1,adm,2,52,1,4.127358288362772,5.913940934259805,0.04181787738151814,20000,20000,20,,
walker2d-medium-replay-v2,1,adm,2,53,5,4.012920424150053,5.720359013510022,0.04044904649274526,20000,20000,20,,
walker2d-medium-replay-v2,1,adm,2,54,5,4.130219943495355,5.863346493704258,0.04146012066144647,20000,20000,20,,
walker2d-medium-replay-v2,1,adm,2,55,5,4.20794398797888,5.918070854733297,0.041847080329243815,20000,20000,20,,
walker2d-medium-replay-v2,1,adm,2,56,5,4.269026059027613,5.9811767517888,0.042293306406651875,20000,20000,20,,
walker2d-medium-replay-v2,1,adm,2,57,4,4.399706717088011,6.086750638182057,0.04303982651650078,20000,20000,20,,
walker2d-medium-replay-v2,1,adm,2,58,1,4.572520967989526,6.278754175185937,0.04439749654677324,20000,20000,20,,
walker2d-medium-replay-v2,1,adm,2,59,3,4.576326082110551,6.263873646624713,0.04429227532024042,20000,20000,20,,
walker2d-medium-replay-v2,1,adm,2,60,3,4.649992751107316,6.298448795757745,0.04453675854436545,20000,20000,20,,
walker2d-medium-replay-v2,1,adm,2,61,4,4.640707692960705,6.239950798639588,0.04412311523988465,20000,20000,20,,
walker2d-medium-replay-v2,1,adm,2,62,2,4.894289071711984,6.656767712708763,0.0470704559044003,20000,20000,20,,
walker2d-medium-replay-v2,1,adm,2,63,1,5.0279993400406156,6.6965385851917985,0.047351678440664895,20000,20000,20,,
walker2d-medium-replay-v2,1,adm,2,64,5,4.819774442166948,6.349186908364591,0.04489553117925453,20000,20000,20,,
walker2d-medium-replay-v2,1,adm,2,65,5,4.893907261105129,6.469015938243551,0.04574285037535871,20000,20000,20,,
walker2d-medium-replay-v2,1,adm,2,66,3,5.118733262263541,6.736477170893643,0.047634086888472635,20000,20000,20,,
walker2d-medium-replay-v2,1,adm,2,67,3,5.118792488420001,6.699101367676065,0.047369800049398204,20000,20000,20,,
walker2d-medium-replay-v2,1,adm,2,68,5,5.170823843241503,6.734743059947714,0.047621824872380675,20000,20000,20,,
walker2d-medium-replay-v2,1,adm,2,69,2,5.423203464655865,6.985189650325825,0.049392749696194796,20000,20000,20,,
walker2d-medium-replay-v2,1,adm,2,70,4,5.370696004962124,6.781007251891585,0.047948962110876944,20000,20000,20,,
walker2d-medium-replay-v2,1,adm,2,71,1,5.547673272530282,6.9175800251329855,0.04891467745172142,20000,20000,20,,
walker2d-medium-replay-v2,1,adm,2,72,3,5.590678086397211,6.990040036030827,0.04942704710242857,20000,20000,20,,
walker2d-medium-replay-v2,1,adm,2,73,2,5.796140911785273,7.248959068270942,0.051257881137181,20000,20000,20,,
walker2d-medium-replay-v2,1,adm,2,74,1,5.89102015441947,7.243740540245721,0.05122098057163654,20000,20000,20,,
walker2d-medium-replay-v2,1,adm,2,75,1,6.094220359648825,7.475860459727494,0.05286231626277692,20000,20000,20,,
walker2d-medium-replay-v2,1,adm,2,76,4,5.779590445227643,6.993167081397366,0.049449158652266144,20000,20000,20,,
walker2d-medium-replay-v2,1,adm,2,77,4,5.896762698021926,7.126277552034255,0.05039039181660891,20000,20000,20,,
walker2d-medium-replay-v2,1,adm,2,78,1,6.122202948131517,7.310137576113094,0.051690478514761606,20000,20000,20,,
walker2d-medium-replay-v2,1,adm,2,79,4,6.1750195795519485,7.278639562934363,0.051467753927635765,20000,20000,20,,
walker2d-medium-replay-v2,1,adm,2,80,4,6.15197739494868,7.2440633906114575,0.05122326346846575,20000,20000,20,,
walker2d-medium-replay-v2,1,adm,2,81,5,6.13242586351846,7.2164492472517106,0.051028001988202405,20000,20000,20,,
walker2d-medium-replay-v2,1,adm,2,82,3,6.41420313893577,7.505742211713789,0.053073612157409356,20000,20000,20,,
walker2d-medium-replay-v2,1,adm,2,83,3,6.3778340085275795,7.426499098690423,0.05251327873159781,20000,20000,20,,
walker2d-medium-replay-v2,1,adm,2,84,2,6.710333878552054,7.804800685228787,0.05518827490334688,20000,20000,20,,
walker2d-medium-replay-v2,1,adm,2,85,2,6.709234097391201,7.847260585518515,0.05548851173758059,20000,20000,20,,
walker2d-medium-replay-v2,1,adm,2,86,3,6.679768444949804,7.694572070302573,0.05440884089239561,20000,20000,20,,
walker2d-medium-replay-v2,1,adm,2,87,2,7.065709542069764,8.169782993860608,0.057769089557813694,20000,20000,20,,
walker2d-medium-replay-v2,1,adm,2,88,2,7.101511898772122,8.167644172989085,0.05775396581039373,20000,20000,20,,
walker2d-medium-replay-v2,1,adm,2,89,2,7.352200854272544,8.429230566564327,0.05960366093802559,20000,20000,20,,
walker2d-medium-replay-v2,1,adm,2,90,1,7.439458345733608,8.445491802943577,0.05971864524316804,20000,20000,20,,
walker2d-medium-replay-v2,1,adm,2,91,2,7.515153630339954,8.510898393569454,0.06018113968082654,20000,20000,20,,
walker2d-medium-replay-v2,1,adm,2,92,2,7.643300350589643,8.609753516735292,0.0608801509602825,20000,20000,20,,
walker2d-medium-replay-v2,1,adm,2,93,2,7.690704770255908,8.623905364255508,0.06098021963376113,20000,20000,20,,
walker2d-medium-replay-v2,1,adm,2,94,3,7.5886144304928544,8.362236904811828,0.0591299442128085,20000,20000,20,,
walker2d-medium-replay-v2,1,adm,2,95,4,7.510764409831743,8.160509976003976,0.05770351941972881,20000,20000,20,,
walker2d-medium-replay-v2,1,adm,2,96,4,7.630353637334745,8.271638886238783,0.058489319479857846,20000,20000,20,,
walker2d-medium-replay-v2,1,adm,2,97,5,7.590942280110245,8.19525145065243,0.057949178742852235,20000,20000,20,,
walker2d-medium-replay-v2,1,adm,2,98,3,7.830388344652309,8.431882560900364,0.059622413369812395,20000,20000,20,,
walker2d-medium-replay-v2,1,adm,2,99,3,7.892902535453511,8.42462108037724,0.05957106694861884,20000,20000,20,,
walker2d-medium-replay-v2,1,adm,2,100,1,8.165727410022983,8.71152297384965,0.06159976969271486,20000,20000,20,,
walker2d-medium-replay-v2,1,adm,3,1,4,0.34030337400350746,0.8493284431068027,0.006005659015754329,20000,20000,20,,
walker2d-medium-replay-v2,1,adm,3,2,1,0.5308281476456724,1.2425578195517126,0.008786210602213865,20000,20000,20,,
walker2d-medium-replay-v2,1,adm,3,3,2,0.5531172618226897,1.4156390807238552,0.010010079936925284,20000,20000,20,,
walker2d-medium-replay-v2,1,adm,3,4,4,0.33234182343490426,0.8232748785144911,0.005821432493781278,20000,20000,20,,
walker2d-medium-replay-v2,1,adm,3,5,1,0.5189375279573171,1.2320164092437456,0.00871167157509353,20000,20000,20,,
walker2d-medium-replay-v2,1,adm,3,6,2,0.5311625135021535,1.3802722241292997,0.00975999849565266,20000,20000,20,,
walker2d-medium-replay-v2,1,adm,3,7,3,0.5447437570533832,1.4113112171171815,0.00997947731988199,20000,20000,20,,
walker2d-medium-replay-v2,1,adm,3,8,3,0.6641275258672961,1.6804708619031499,0.011882723420381195,20000,20000,20,,
walker2d-medium-replay-v2,1,adm,3,9,1,0.8407320394543786,1.9524549225595134,0.013805941157028873,20000,20000,20,,
walker2d-medium-replay-v2,1,adm,3,10,1,0.9803461332067974,2.283249437643439,0.01614501160498047,20000,20000,20,,
walker2d-medium-replay-v2,1,adm,3,11,4,0.8085746253446844,1.920365775650536,0.013579036623210581,20000,20000,20,,
walker2d-medium-replay-v2,1,adm,3,12,1,0.968844880571178,2.1693901121497396,0.015339904593401257,20000,20000,20,,
walker2d-medium-replay-v2,1,adm,3,13,3,1.1000217243958508,2.4800116206531815,0.017536330343853043,20000,20000,20,,
walker2d-medium-replay-v2,1,adm,3,14,3,1.0259561035947538,2.4824309518707675,0.017553437598951956,20000,20000,20,,
walker2d-medium-replay-v2,1,adm,3,15,3,1.1004120610970698,2.476322478637615,0.01751024417049337,20000,20000,20,,
walker2d-medium-replay-v2,1,adm,3,16,4,1.1385022461232905,2.515570250905184,0.017787767829662005,20000,20000,20,,
walker2d-medium-replay-v2,1,adm,3,17,1,1.2912802858572383,2.7747360093729734,0.01962034648230129,20000,20000,20,,
walker2d-medium-replay-v2,1,adm,3,18,4,1.2244131728101688,2.6643693637295227,0.018839936446788323,20000,20000,20,,
walker2d-medium-replay-v2,1,adm,3,19,1,1.3771419538607725,2.88908884217572,0.020428943117528426,20000,20000,20,,
walker2d-medium-replay-v2,1,adm,3,20,2,1.435208958214952,3.092023273754014,0.021863906244580917,20000,20000,20,,
walker2d-medium-replay-v2,1,adm,3,21,4,1.4600260335552773,2.9973213641061673,0.02119426261954784,20000,20000,20,,
walker2d-medium-replay-v2,1,adm,3,22,1,1.6143257591005378,3.1898946804066193,0.022555961597864153,20000,20000,20,,
walker2d-medium-replay-v2,1,adm,3,23,4,1.5397823005546432,3.1026841171166177,0.021939289790929566,20000,20000,20,,
walker2d-medium-replay-v2,1,adm,3,24,5,1.5863107085763832,3.1442887947701568,0.022233479287908545,20000,20000,20,,
walker2d-medium-replay-v2,1,adm,3,25,4,1.6812447620767912,3.3124146103446606,0.02342230833076105,20000,20000,20,,
walker2d-medium-replay-v2,1,adm,3,26,3,1.7500600022015038,3.4389734079811567,0.024317214171036872,20000,20000,20,,
walker2d-medium-replay-v2,1,adm,3,27,2,1.8924161153549424,3.628552374270072,0.02565773989736915,20000,20000,20,,
walker2d-medium-replay-v2,1,adm,3,28,4,1.8759031713736145,3.617194510991654,0.025577427675929562,20000,20000,20,,
walker2d-medium-replay-v2,1,adm,3,29,1,2.0324366233180213,3.780054258103486,0.026729019991580588,20000,20000,20,,
walker2d-medium-replay-v2,1,adm,3,30,4,2.034977315766034,3.826897111018127,0.027060248981041254,20000,20000,20,,
walker2d-medium-replay-v2,1,adm,3,31,1,2.189742511358323,4.016947609175503,0.028404108941190876,20000,20000,20,,
walker2d-medium-replay-v2,1,adm,3,32,4,2.1325676158767957,3.9057238027923065,0.027617637863961497,20000,20000,20,,
walker2d-medium-replay-v2,1,adm,3,33,1,2.3033212996000993,4.037302575752236,0.028548040290163206,20000,20000,20,,
walker2d-medium-replay-v2,1,adm,3,34,2,2.3790009549820446,4.238084919286267,0.029967785856717614,20000,20000,20,,
walker2d-medium-replay-v2,1,adm,3,35,4,2.4213447221452253,4.237449402648495,0.029963292075476357,20000,20000,20,,
walker2d-medium-replay-v2,1,adm,3,36,3,2.5081488595003023,4.351854911050598,0.030772261183438572,20000,20000,20,,
walker2d-medium-replay-v2,1,adm,3,37,3,2.607689710213464,4.464699172946608,0.031570190611485166,20000,20000,20,,
walker2d-medium-replay-v2,1,adm,3,38,2,2.750709882987974,4.606485942857843,0.03257277447635287,20000,20000,20,,
walker2d-medium-replay-v2,1,adm,3,39,1,2.8870705479207026,4.732727851839192,0.033465439575459346,20000,20000,20,,
walker2d-medium-replay-v2,1,adm,3,40,3,2.8459698203599424,4.714439666478254,0.03333612257661619,20000,20000,20,,
walker2d-medium-replay-v2,1,adm,3,41,1,2.978451369701127,4.8275451873953745,0.03413589938491752,20000,20000,20,,
walker2d-medium-replay-v2,1,adm,3,42,5,2.8898727681284173,4.691529269390447,0.033174121605211535,20000,20000,20,,
walker2d-medium-replay-v2,1,adm,3,43,1,3.0694741579848674,4.888417283733697,0.034566330105976206,20000,20000,20,,
walker2d-medium-replay-v2,1,adm,3,44,3,3.140974468623119,5.021969832472629,0.03551068923455666,20000,20000,20,,
walker2d-medium-replay-v2,1,adm,3,45,2,3.2554525495753146,5.123400090081688,0.0362279094642853,20000,20000,20,,
walker2d-medium-replay-v2,1,adm,3,46,1,3.3663760211955887,5.150847680215296,0.03642199323539233,20000,20000,20,,
walker2d-medium-replay-v2,1,adm,3,47,2,3.425453495110139,5.328701925381517,0.03767961266359083,20000,20000,20,,
walker2d-medium-replay-v2,1,adm,3,48,5,3.307788830662536,5.105198433586506,0.036099204316919584,20000,20000,20,,
walker2d-medium-replay-v2,1,adm,3,49,3,3.5519217319862086,5.431112287995694,0.038403763282273407,20000,20000,20,,
walker2d-medium-replay-v2,1,adm,3,50,2,3.607220952978864,5.45123870105736,0.03854607851384206,20000,20000,20,,
walker2d-medium-replay-v2,1,adm,3,51,5,3.5769860091002017,5.334778294580648,0.03772257908224781,20000,20000,20,,
walker2d-medium-replay-v2,1,adm,3,52,2,3.7834364614939573,5.643310708748807,0.039904232704989426,20000,20000,20,,
walker2d-medium-replay-v2,1,adm,3,53,5,3.647884017737743,5.3871368528900945,0.03809280999858542,20000,20000,20,,
walker2d-medium-replay-v2,1,adm,3,54,3,3.8489451381753708,5.654790548767094,0.03998540743222811,20000,20000,20,,
walker2d-medium-replay-v2,1,adm,3,55,1,3.9856622280167984,5.809095501860992,0.04107650821926178,20000,20000,20,,
walker2d-medium-replay-v2,1,adm,3,56,2,4.087026004637661,5.988272484368926,0.04234348081290081,20000,20000,20,,
walker2d-medium-replay-v2,1,adm,3,57,4,3.9138134738174535,5.684421236338368,0.04019492803335678,20000,20000,20,,
walker2d-medium-replay-v2,1,adm,3,58,4,4.021533057880579,5.680542186128055,0.04016749900627403,20000,20000,20,,
walker2d-medium-replay-v2,1,adm,3,59,4,4.1503062339868215,5.85668471973619,0.04141301480597095,20000,20000,20,,
walker2d-medium-replay-v2,1,adm,3,60,3,4.177225665958638,5.869723634102304,0.04150521385364684,20000,20000,20,,
walker2d-medium-replay-v2,1,adm,3,61,5,4.285117595151009,5.972502940917516,0.042231973301793735,20000,20000,20,,
walker2d-medium-replay-v2,1,adm,3,62,4,4.329829538589114,5.900881082778445,0.04172553028608055,20000,20000,20,,
walker2d-medium-replay-v2,1,adm,3,63,4,4.419073817176232,6.025679354255955,0.042607987326501624,20000,20000,20,,
walker2d-medium-replay-v2,1,adm,3,64,5,4.426361240390716,5.962690234239868,0.04216258698745814,20000,20000,20,,
walker2d-medium-replay-v2,1,adm,3,65,2,4.702735250395248,6.341872341647511,0.04484380938198364,20000,20000,20,,
walker2d-medium-replay-v2,1,adm,3,66,1,4.817972509937083,6.419354976403321,0.04539169434658398,20000,20000,20,,
walker2d-medium-replay-v2,1,adm,3,67,2,4.892978960499483,6.53767925707713,0.046228373359018686,20000,20000,20,,
walker2d-medium-replay-v2,1,adm,3,68,1,5.001498718208681,6.585209818668582,0.04656446518316789,20000,20000,20,,
walker2d-medium-replay-v2,1,adm,3,69,1,5.173681510309472,6.788054689463809,0.047998795019850035,20000,20000,20,,
walker2d-medium-replay-v2,1,adm,3,70,1,5.32932596583819,6.9939581225878245,0.04945475215816585,20000,20000,20,,
walker2d-medium-replay-v2,1,adm,3,71,2,5.385841909208844,7.009310359028731,0.0495633088631033,20000,20000,20,,
walker2d-medium-replay-v2,1,adm,3,72,2,5.538106599434615,7.198126933748627,0.05089844366695184,20000,20000,20,,
walker2d-medium-replay-v2,1,adm,3,73,4,5.330172233144479,6.823282275214919,0.04824789166754444,20000,20000,20,,
walker2d-medium-replay-v2,1,adm,3,74,4,5.468772526232561,6.9372456887433644,0.049053734692675745,20000,20000,20,,
walker2d-medium-replay-v2,1,adm,3,75,3,5.602868094688617,7.077143572783791,0.050042962117462085,20000,20000,20,,
walker2d-medium-replay-v2,1,adm,3,76,2,5.749808647103657,7.161540693790809,0.05063973988322893,20000,20000,20,,
walker2d-medium-replay-v2,1,adm,3,77,4,5.578930884436272,6.8691319238108015,0.048572097641916126,20000,20000,20,,
walker2d-medium-replay-v2,1,adm,3,78,5,5.5740119634894665,6.838768628347419,0.04835739672070284,20000,20000,20,,
walker2d-medium-replay-v2,1,adm,3,79,3,5.858503139237624,7.26286835529576,0.051356234648948194,20000,20000,20,,
walker2d-medium-replay-v2,1,adm,3,80,2,6.010015694996589,7.385439480040963,0.05222294338379815,20000,20000,20,,
walker2d-medium-replay-v2,1,adm,3,81,4,5.859458703819057,7.06684137703886,0.04997011459273857,20000,20000,20,,
walker2d-medium-replay-v2,1,adm,3,82,5,5.891308406835106,7.078208691740664,0.05005049364583384,20000,20000,20,,
walker2d-medium-replay-v2,1,adm,3,83,5,5.94733461708746,7.032722333996167,0.049728856525707736,20000,20000,20,,
walker2d-medium-replay-v2,1,adm,3,84,3,6.220927979066719,7.3981252449292025,0.052312645287568266,20000,20000,20,,
walker2d-medium-replay-v2,1,adm,3,85,3,6.304300568623826,7.455709864998015,0.05271983004099535,20000,20000,20,,
walker2d-medium-replay-v2,1,adm,3,86,2,6.560995563641378,7.836022199548893,0.055409044348293475,20000,20000,20,,
walker2d-medium-replay-v2,1,adm,3,87,3,6.482936970882006,7.642182459303521,0.05403839040038406,20000,20000,20,,
walker2d-medium-replay-v2,1,adm,3,88,4,6.479720120253519,7.513562092306691,0.05312890706336245,20000,20000,20,,
walker2d-medium-replay-v2,1,adm,3,89,3,6.775400780852585,7.848638731081027,0.055498256698307734,20000,20000,20,,
walker2d-medium-replay-v2,1,adm,3,90,4,6.736164237500661,7.6400609456606485,0.054023389033551514,20000,20000,20,,
walker2d-medium-replay-v2,1,adm,3,91,4,6.774063716038686,7.616691415471801,0.05385814150085474,20000,20000,20,,
walker2d-medium-replay-v2,1,adm,3,92,2,7.129268458562698,8.06030370021459,0.05699495404844757,20000,20000,20,,
walker2d-medium-replay-v2,1,adm,3,93,3,7.033795101351226,7.905116788592743,0.055897616872855514,20000,20000,20,,
walker2d-medium-replay-v2,1,adm,3,94,3,7.07485790066419,7.945565322030034,0.05618363119568111,20000,20000,20,,
walker2d-medium-replay-v2,1,adm,3,95,5,6.9808592863470285,7.7213373853076535,0.054598100249802474,20000,20000,20,,
walker2d-medium-replay-v2,1,adm,3,96,4,7.240292058605883,7.98095882545152,0.05643390105847393,20000,20000,20,,
walker2d-medium-replay-v2,1,adm,3,97,5,7.2544914763702835,7.9007959408224195,0.05586706386526681,20000,20000,20,,
walker2d-medium-replay-v2,1,adm,3,98,3,7.459997504302442,8.171564308699317,0.05778168535583249,20000,20000,20,,
walker2d-medium-replay-v2,1,adm,3,99,1,7.682430905072106,8.399883199734388,0.05939614371707141,20000,20000,20,,
walker2d-medium-replay-v2,1,adm,3,100,2,7.840249381399696,8.580555847934667,0.06067369226424489,20000,20000,20,,
walker2d-medium-replay-v2,1,adm,4,1,2,0.25440736032734285,0.7423365695625755,0.005249112222604564,20000,20000,20,,
walker2d-medium-replay-v2,1,adm,4,2,3,0.2767073144859427,0.7607882562361145,0.005379585350316452,20000,20000,20,,
walker2d-medium-replay-v2,1,adm,4,3,3,0.2771154789630034,0.7748327232410758,0.005478894728890041,20000,20000,20,,
walker2d-medium-replay-v2,1,adm,4,4,3,0.4689180323638284,1.1961070420977424,0.00845775400492297,20000,20000,20,,
walker2d-medium-replay-v2,1,adm,4,5,2,0.484205872894599,1.2776445761688229,0.009034311437551871,20000,20000,20,,
walker2d-medium-replay-v2,1,adm,4,6,3,0.5016974378960214,1.2871146520200272,0.009101274986079246,20000,20000,20,,
walker2d-medium-replay-v2,1,adm,4,7,4,0.5595057509364438,1.4030050875588105,0.009920744114520607,20000,20000,20,,
walker2d-medium-replay-v2,1,adm,4,8,1,0.7350231268321279,1.6989180178588044,0.012013164511079685,20000,20000,20,,
walker2d-medium-replay-v2,1,adm,4,9,5,0.806816285597742,1.934591312530072,0.013679626359145974,20000,20000,20,,
walker2d-medium-replay-v2,1,adm,4,10,4,0.7744678350247866,1.8919407418251035,0.013378041281476379,20000,20000,20,,
walker2d-medium-replay-v2,1,adm,4,11,2,1.0110859001515962,2.3948579095530307,0.016934202678231876,20000,20000,20,,
walker2d-medium-replay-v2,1,adm,4,12,1,1.128049290787128,2.521975205340971,0.017833057696809363,20000,20000,20,,
walker2d-medium-replay-v2,1,adm,4,13,4,1.0400863720266076,2.3534143360845654,0.016641152359870327,20000,20000,20,,
walker2d-medium-replay-v2,1,adm,4,14,4,1.0050923364403093,2.306536575880876,0.01630967653860167,20000,20000,20,,
walker2d-medium-replay-v2,1,adm,4,15,1,1.1710348449021986,2.5833920960920915,0.01826734069610447,20000,20000,20,,
walker2d-medium-replay-v2,1,adm,4,16,1,1.3048281224449712,2.8596802664364036,0.020220993084225338,20000,20000,20,,
walker2d-medium-replay-v2,1,adm,4,17,3,1.2060530804654839,2.6915177548180913,0.019031904561158636,20000,20000,20,,
walker2d-medium-replay-v2,1,adm,4,18,3,1.297293802950983,2.7732612189650476,0.01960991813931856,20000,20000,20,,
walker2d-medium-replay-v2,1,adm,4,19,5,1.2874557514048213,2.738063210793028,0.01936103063669161,20000,20000,20,,
walker2d-medium-replay-v2,1,adm,4,20,4,1.4518765460329381,3.0414421319741995,0.021506243561054267,20000,20000,20,,
walker2d-medium-replay-v2,1,adm,4,21,2,1.5081349545216558,3.158298441802791,0.0223325424520966,20000,20000,20,,
walker2d-medium-replay-v2,1,adm,4,22,1,1.6193415577720955,3.2331906571040325,0.02286211038507251,20000,20000,20,,
walker2d-medium-replay-v2,1,adm,4,23,4,1.5232011967605128,3.0468068473996572,0.02154417782761904,20000,20000,20,,
walker2d-medium-replay-v2,1,adm,4,24,4,1.6691800741448704,3.3427426954362005,0.023636760277047354,20000,20000,20,,
walker2d-medium-replay-v2,1,adm,4,25,4,1.719389469150939,3.4240352917050654,0.0242115857378671,20000,20000,20,,
walker2d-medium-replay-v2,1,adm,4,26,2,1.8797598615994524,3.656316225913337,0.02585405997505725,20000,20000,20,,
walker2d-medium-replay-v2,1,adm,4,27,5,1.8725639113941448,3.57889891664371,0.02530663693139956,20000,20000,20,,
walker2d-medium-replay-v2,1,adm,4,28,4,1.9306500289414719,3.6659155292900323,0.025921937300180532,20000,20000,20,,
walker2d-medium-replay-v2,1,adm,4,29,4,1.9425158988230748,3.670623024898873,0.025955224320854706,20000,20000,20,,
walker2d-medium-replay-v2,1,adm,4,30,3,2.0850767713507685,3.870013156291532,0.027365125460948964,20000,20000,20,,
walker2d-medium-replay-v2,1,adm,4,31,3,2.1722203465345067,3.935409309850992,0.027827546097403073,20000,20000,20,,
walker2d-medium-replay-v2,1,adm,4,32,5,2.1605547884916123,3.8544696037865434,0.027255215947148897,20000,20000,20,,
walker2d-medium-replay-v2,1,adm,4,33,5,2.254254341103952,3.990184247609854,0.028214863396686697,20000,20000,20,,
walker2d-medium-replay-v2,1,adm,4,34,3,2.3895697285655717,4.182736000020251,0.029576409895274144,20000,20000,20,,
walker2d-medium-replay-v2,1,adm,4,35,1,2.544058267124509,4.317036183578925,0.030526055600363512,20000,20000,20,,
walker2d-medium-replay-v2,1,adm,4,36,4,2.5109131655682293,4.312757482256004,0.03049580061316242,20000,20000,20,,
walker2d-medium-replay-v2,1,adm,4,37,5,2.5647473379973045,4.396099406290216,0.031085117009579673,20000,20000,20,,
walker2d-medium-replay-v2,1,adm,4,38,2,2.7604769957911484,4.675450638686405,0.033060428517181314,20000,20000,20,,
walker2d-medium-replay-v2,1,adm,4,39,4,2.7973583705884,4.63742330342981,0.03279153465087739,20000,20000,20,,
walker2d-medium-replay-v2,1,adm,4,40,5,2.8196199338308956,4.6340440214677585,0.03276763951896831,20000,20000,20,,
walker2d-medium-replay-v2,1,adm,4,41,2,3.0323465839885353,4.98645542949326,0.03525956448279162,20000,20000,20,,
walker2d-medium-replay-v2,1,adm,4,42,2,3.0997510630940437,5.006683066680589,0.03540259547701704,20000,20000,20,,
walker2d-medium-replay-v2,1,adm,4,43,1,3.218550723421685,5.112312141533101,0.03614950582820377,20000,20000,20,,
walker2d-medium-replay-v2,1,adm,4,44,5,3.0788273784231452,4.8961541353797955,0.034621037908616106,20000,20000,20,,
walker2d-medium-replay-v2,1,adm,4,45,1,3.2911105443125437,5.100081498639545,0.03606302212292072,20000,20000,20,,
walker2d-medium-replay-v2,1,adm,4,46,3,3.3553431892128427,5.176264451681145,0.036601716949986034,20000,20000,20,,
walker2d-medium-replay-v2,1,adm,4,47,1,3.5348292787978157,5.362688640018318,0.037919935027490165,20000,20000,20,,
walker2d-medium-replay-v2,1,adm,4,48,5,3.384275603800585,5.1362937285801635,0.0363190812564497,20000,20000,20,,
walker2d-medium-replay-v2,1,adm,4,49,3,3.534700737470879,5.341631437110186,0.037771038117798555,20000,20000,20,,
walker2d-medium-replay-v2,1,adm,4,50,3,3.6519592287008096,5.408897272737201,0.03824667940293898,20000,20000,20,,
walker2d-medium-replay-v2,1,adm,4,51,1,3.82496131149039,5.636255465213846,0.0398543445995245,20000,20000,20,,
walker2d-medium-replay-v2,1,adm,4,52,2,3.852431062985179,5.683618261088483,0.040189250140913596,20000,20000,20,,
walker2d-medium-replay-v2,1,adm,4,53,3,3.8290690529311533,5.643047715205008,0.03990237305980714,20000,20000,20,,
walker2d-medium-replay-v2,1,adm,4,54,5,3.7834543025672063,5.481509286601179,0.03876012387692728,20000,20000,20,,
walker2d-medium-replay-v2,1,adm,4,55,5,3.9082777350659663,5.56579383666765,0.039356105645939866,20000,20000,20,,
walker2d-medium-replay-v2,1,adm,4,56,3,4.091648120277285,5.785916160110368,0.04091260552190871,20000,20000,20,,
walker2d-medium-replay-v2,1,adm,4,57,5,4.086111013768472,5.717131734219398,0.04042622618203343,20000,20000,20,,
walker2d-medium-replay-v2,1,adm,4,58,5,4.111732366787827,5.748456076623859,0.04064772273133747,20000,20000,20,,
walker2d-medium-replay-v2,1,adm,4,59,4,4.183409697292479,5.776202872607358,0.04084392220729879,20000,20000,20,,
walker2d-medium-replay-v2,1,adm,4,60,2,4.485734447090985,6.226441176607559,0.04402758778638351,20000,20000,20,,
walker2d-medium-replay-v2,1,adm,4,61,3,4.4619374908542495,6.158292071694841,0.043545700844227736,20000,20000,20,,
walker2d-medium-replay-v2,1,adm,4,62,2,4.656337348892198,6.418569713992158,0.04538614170282453,20000,20000,20,,
walker2d-medium-replay-v2,1,adm,4,63,4,4.504831830467827,6.108656078296627,0.04319472136899966,20000,20000,20,,
walker2d-medium-replay-v2,1,adm,4,64,3,4.67171133727825,6.340859383360125,0.04483664668524295,20000,20000,20,,
walker2d-medium-replay-v2,1,adm,4,65,3,4.804335106970996,6.437853987406178,0.04552250210783763,20000,20000,20,,
walker2d-medium-replay-v2,1,adm,4,66,3,4.7884426795310135,6.392376540963225,0.04520092800012902,20000,20000,20,,
walker2d-medium-replay-v2,1,adm,4,67,3,4.860514016937756,6.456856202701594,0.04565686806076718,20000,20000,20,,
walker2d-medium-replay-v2,1,adm,4,68,2,5.030492219041734,6.618008449010902,0.04679638652245474,20000,20000,20,,
walker2d-medium-replay-v2,1,adm,4,69,1,5.1624295169528,6.719281433681271,0.04751249466456894,20000,20000,20,,
walker2d-medium-replay-v2,1,adm,4,70,5,5.018670934495105,6.496922181903985,0.045940177316656075,20000,20000,20,,
walker2d-medium-replay-v2,1,adm,4,71,3,5.226882537512219,6.774539312590102,0.047903226873473134,20000,20000,20,,
walker2d-medium-replay-v2,1,adm,4,72,1,5.416308944475119,6.905350826403759,0.04882820395822228,20000,20000,20,,
walker2d-medium-replay-v2,1,adm,4,73,4,5.328098905472293,6.763192175645782,0.04782299049866932,20000,20000,20,,
walker2d-medium-replay-v2,1,adm,4,74,1,5.493255905653752,6.947444184753102,0.049125848949539634,20000,20000,20,,
walker2d-medium-replay-v2,1,adm,4,75,4,5.426010267346906,6.772867566819515,0.04789140584576511,20000,20000,20,,
walker2d-medium-replay-v2,1,adm,4,76,4,5.5351023086231,6.8794954846522405,0.04864537908339833,20000,20000,20,,
walker2d-medium-replay-v2,1,adm,4,77,5,5.519780432288816,6.772561952291254,0.04788924482471149,20000,20000,20,,
walker2d-medium-replay-v2,1,adm,4,78,5,5.578775215519258,6.786740048039543,0.04798949910119076,20000,20000,20,,
walker2d-medium-replay-v2,1,adm,4,79,4,5.7708981681044635,7.000631994199062,0.0495019435568966,20000,20000,20,,
walker2d-medium-replay-v2,1,adm,4,80,3,5.899907641984468,7.1431047442209925,0.05050937803364463,20000,20000,20,,
walker2d-medium-replay-v2,1,adm,4,81,5,5.805834690262782,6.933162787001711,0.04902486421759133,20000,20000,20,,
walker2d-medium-replay-v2,1,adm,4,82,3,6.055357752424338,7.23195366317668,0.05113763476459123,20000,20000,20,,
walker2d-medium-replay-v2,1,adm,4,83,1,6.2151255777266305,7.390973865414534,0.052262077398071656,20000,20000,20,,
walker2d-medium-replay-v2,1,adm,4,84,3,6.23078650562517,7.406565743000424,0.0523723286217958,20000,20000,20,,
walker2d-medium-replay-v2,1,adm,4,85,3,6.376332863327573,7.480489881001187,0.05289505121453289,20000,20000,20,,
walker2d-medium-replay-v2,1,adm,4,86,4,6.338355260882735,7.31840715568585,0.05174895327269618,20000,20000,20,,
walker2d-medium-replay-v2,1,adm,4,87,1,6.556876015870656,7.566069918773599,0.053500193464963625,20000,20000,20,,
walker2d-medium-replay-v2,1,adm,4,88,4,6.516655201123294,7.493943648665349,0.052990183718011265,20000,20000,20,,
walker2d-medium-replay-v2,1,adm,4,89,2,6.872529189165085,7.9220393112042045,0.05601727717778899,20000,20000,20,,
walker2d-medium-replay-v2,1,adm,4,90,4,6.678130889045609,7.584380653324431,0.05362966991065763,20000,20000,20,,
walker2d-medium-replay-v2,1,adm,4,91,1,6.953066098668738,7.8638821378470665,0.05560604386123425,20000,20000,20,,
walker2d-medium-replay-v2,1,adm,4,92,3,7.070990296308388,8.004950613679938,0.05660354861996499,20000,20000,20,,
walker2d-medium-replay-v2,1,adm,4,93,4,7.003179392371292,7.844584347009115,0.0554695878735999,20000,20000,20,,
walker2d-medium-replay-v2,1,adm,4,94,4,6.988592777492128,7.772920308021183,0.05496284659424406,20000,20000,20,,
walker2d-medium-replay-v2,1,adm,4,95,1,7.233861529224791,8.035602423484226,0.05682028964564752,20000,20000,20,,
walker2d-medium-replay-v2,1,adm,4,96,2,7.428511419453318,8.303433919777842,0.05871414431809307,20000,20000,20,,
walker2d-medium-replay-v2,1,adm,4,97,2,7.583988526543224,8.471799152500683,0.05990466629583679,20000,20000,20,,
walker2d-medium-replay-v2,1,adm,4,98,2,7.667654457657677,8.430839847422481,0.05961504027210194,20000,20000,20,,
walker2d-medium-replay-v2,1,adm,4,99,1,7.849143350449765,8.612553276810544,0.06089994825363156,20000,20000,20,,
walker2d-medium-replay-v2,1,adm,4,100,3,7.725414354583269,8.297766447439402,0.05867406923686609,20000,20000,20,,
walker2d-medium-replay-v2,1,adm,5,1,1,0.26051216210127015,0.6717450860768007,0.004749955055936468,20000,20000,20,,
walker2d-medium-replay-v2,1,adm,5,2,3,0.27688300568167307,0.7604758443658658,0.005377376264796692,20000,20000,20,,
walker2d-medium-replay-v2,1,adm,5,3,4,0.3325771258515528,0.8187002154499252,0.0057890847410352955,20000,20000,20,,
walker2d-medium-replay-v2,1,adm,5,4,2,0.4821139673053825,1.2423280062475992,0.00878458557675641,20000,20000,20,,
walker2d-medium-replay-v2,1,adm,5,5,4,0.48354100492090557,1.2051177486690245,0.008521469322121326,20000,20000,20,,
walker2d-medium-replay-v2,1,adm,5,6,3,0.5513942701537607,1.4034204141111577,0.009923680916736323,20000,20000,20,,
walker2d-medium-replay-v2,1,adm,5,7,3,0.6830491319574056,1.661509507671185,0.011748646398802168,20000,20000,20,,
walker2d-medium-replay-v2,1,adm,5,8,2,0.7695071902268633,1.874834367598281,0.01325708094930337,20000,20000,20,,
walker2d-medium-replay-v2,1,adm,5,9,2,0.8830729699145579,2.1133216166859237,0.014943440459867343,20000,20000,20,,
walker2d-medium-replay-v2,1,adm,5,10,1,1.0227422168417466,2.3106830894842134,0.01633899681747369,20000,20000,20,,
walker2d-medium-replay-v2,1,adm,5,11,2,1.0419436027585847,2.429920418149231,0.017182132054169724,20000,20000,20,,
walker2d-medium-replay-v2,1,adm,5,12,3,1.0596381545754885,2.45356344914087,0.01734931352958964,20000,20000,20,,
walker2d-medium-replay-v2,1,adm,5,13,2,1.1967259483995214,2.748174374061692,0.01943252735782118,20000,20000,20,,
walker2d-medium-replay-v2,1,adm,5,14,3,1.21030500405602,2.7222467445201883,0.01924919133113228,20000,20000,20,,
walker2d-medium-replay-v2,1,adm,5,15,4,1.219902719504034,2.6303104506767077,0.01859910356299344,20000,20000,20,,
walker2d-medium-replay-v2,1,adm,5,16,1,1.3797803384119798,2.873962453698023,0.02032198339885401,20000,20000,20,,
walker2d-medium-replay-v2,1,adm,5,17,1,1.491745106592211,3.081364301075859,0.021788535925968865,20000,20000,20,,
walker2d-medium-replay-v2,1,adm,5,18,4,1.395596418277079,2.968957881251864,0.020993702508904373,20000,20000,20,,
walker2d-medium-replay-v2,1,adm,5,19,2,1.617773880645815,3.278923855020289,0.023185492928791823,20000,20000,20,,
walker2d-medium-replay-v2,1,adm,5,20,4,1.546537970316219,3.1504847923207984,0.022277291606751282,20000,20000,20,,
walker2d-medium-replay-v2,1,adm,5,21,3,1.5955300692918828,3.2402378635155697,0.0229119416594927,20000,20000,20,,
walker2d-medium-replay-v2,1,adm,5,22,5,1.6748578467257034,3.2354172746243837,0.02287785494855,20000,20000,20,,
walker2d-medium-replay-v2,1,adm,5,23,1,1.8186782107393407,3.4363988811471238,0.02429900951720996,20000,20000,20,,
walker2d-medium-replay-v2,1,adm,5,24,5,1.8274559915437703,3.476869288522725,0.024585178512136655,20000,20000,20,,
walker2d-medium-replay-v2,1,adm,5,25,3,1.8962476564624244,3.6459611562595797,0.025780838575338944,20000,20000,20,,
walker2d-medium-replay-v2,1,adm,5,26,5,1.886405972968114,3.557992912865167,0.025158809161006365,20000,20000,20,,
walker2d-medium-replay-v2,1,adm,5,27,2,2.056723476606366,3.801877800585227,0.026883335740364108,20000,20000,20,,
walker2d-medium-replay-v2,1,adm,5,28,5,2.034049345053682,3.7387225304073115,0.02643676054225938,20000,20000,20,,
walker2d-medium-replay-v2,1,adm,5,29,4,2.0773977472479013,3.7374738764079685,0.026427931225156468,20000,20000,20,,
walker2d-medium-replay-v2,1,adm,5,30,2,2.257202792757634,4.014757845017748,0.028388624970339393,20000,20000,20,,
walker2d-medium-replay-v2,1,adm,5,31,1,2.4125768896243684,4.150131096360158,0.029345858410494287,20000,20000,20,,
walker2d-medium-replay-v2,1,adm,5,32,4,2.3638585788623443,4.177716027996208,0.02954091333267847,20000,20000,20,,
walker2d-medium-replay-v2,1,adm,5,33,2,2.621163858277869,4.581627777937208,0.03239700070652053,20000,20000,20,,
walker2d-medium-replay-v2,1,adm,5,34,3,2.625434521832506,4.497581177863878,0.031802701498045274,20000,20000,20,,
walker2d-medium-replay-v2,1,adm,5,35,2,2.8050191071955037,4.784771954866529,0.03383344695717336,20000,20000,20,,
walker2d-medium-replay-v2,1,adm,5,36,1,2.9299395162357085,4.889056479827122,0.03457084990489789,20000,20000,20,,
walker2d-medium-replay-v2,1,adm,5,37,5,2.6998905929583046,4.50348793947475,0.031844468609944276,20000,20000,20,,
walker2d-medium-replay-v2,1,adm,5,38,2,3.085315430344198,5.071579940478968,0.035861485672423456,20000,20000,20,,
walker2d-medium-replay-v2,1,adm,5,39,5,2.918571360574067,4.794568111037777,0.03390271624175588,20000,20000,20,,
walker2d-medium-replay-v2,1,adm,5,40,3,2.99734522866028,4.894602150206039,0.03461006371620946,20000,20000,20,,
walker2d-medium-replay-v2,1,adm,5,41,1,3.1494822094110995,5.007247134322562,0.03540658403756391,20000,20000,20,,
walker2d-medium-replay-v2,1,adm,5,42,5,3.052869603945535,4.7780283534995,0.033785762494610905,20000,20000,20,,
walker2d-medium-replay-v2,1,adm,5,43,3,3.2039031980413424,5.0065418874282654,0.03540159718895023,20000,20000,20,,
walker2d-medium-replay-v2,1,adm,5,44,2,3.372663200747846,5.257719727072127,0.037177692725909844,20000,20000,20,,
walker2d-medium-replay-v2,1,adm,5,45,5,3.2852741490691866,5.063778845473858,0.035806323600635515,20000,20000,20,,
walker2d-medium-replay-v2,1,adm,5,46,1,3.5036049065480164,5.33508613711133,0.03772475585765764,20000,20000,20,,
walker2d-medium-replay-v2,1,adm,5,47,5,3.397758089496077,5.138280715229821,0.0363331313737907,20000,20000,20,,
walker2d-medium-replay-v2,1,adm,5,48,3,3.554554476433855,5.343158158754282,0.037781833670073796,20000,20000,20,,
walker2d-medium-replay-v2,1,adm,5,49,1,3.694515393043003,5.418732640678743,0.03831622595660827,20000,20000,20,,
walker2d-medium-replay-v2,1,adm,5,50,4,3.662983772433628,5.3518434644984465,0.037843248055957575,20000,20000,20,,
walker2d-medium-replay-v2,1,adm,5,51,5,3.7029689295478385,5.377852274657945,0.03802715811630132,20000,20000,20,,
walker2d-medium-replay-v2,1,adm,5,52,4,3.821375772373106,5.513360635932576,0.038985346927949006,20000,20000,20,,
walker2d-medium-replay-v2,1,adm,5,53,5,3.8363441926508863,5.540287982758967,0.03917575202335204,20000,20000,20,,
walker2d-medium-replay-v2,1,adm,5,54,2,4.079080069694468,5.918008011392125,0.04184663595971686,20000,20000,20,,
walker2d-medium-replay-v2,1,adm,5,55,1,4.199008765069592,5.99503214356361,0.04239127882145152,20000,20000,20,,
walker2d-medium-replay-v2,1,adm,5,56,3,4.15305401920665,5.973508038771289,0.042239080416875324,20000,20000,20,,
walker2d-medium-replay-v2,1,adm,5,57,1,4.281892583229403,6.049462063475429,0.0427761564761424,20000,20000,20,,
walker2d-medium-replay-v2,1,adm,5,58,5,4.1721213751151165,5.894662007525154,0.04168155478323744,20000,20000,20,,
walker2d-medium-replay-v2,1,adm,5,59,3,4.379117693385347,6.165866159151259,0.04359925773024507,20000,20000,20,,
walker2d-medium-replay-v2,1,adm,5,60,4,4.357182598436345,6.058602744439405,0.0428407908510853,20000,20000,20,,
walker2d-medium-replay-v2,1,adm,5,61,3,4.509513724417158,6.190494071747395,0.04377340337027705,20000,20000,20,,
walker2d-medium-replay-v2,1,adm,5,62,4,4.526769418741673,6.128296537095066,0.04333360038501958,20000,20000,20,,
walker2d-medium-replay-v2,1,adm,5,63,1,4.731379914304852,6.302701793379925,0.044566831778955596,20000,20000,20,,
walker2d-medium-replay-v2,1,adm,5,64,1,4.9241840634540655,6.616470985276379,0.04678551501212965,20000,20000,20,,
walker2d-medium-replay-v2,1,adm,5,65,2,4.946338851003464,6.572568281801342,0.046475076018733436,20000,20000,20,,
walker2d-medium-replay-v2,1,adm,5,66,2,5.070470498318171,6.737868526125664,0.04764392525566865,20000,20000,20,,
walker2d-medium-replay-v2,1,adm,5,67,1,5.220001053054339,6.86886482351397,0.04857020895760466,20000,20000,20,,
walker2d-medium-replay-v2,1,adm,5,68,2,5.29505889868434,6.96399815156816,0.04924290317144428,20000,20000,20,,
walker2d-medium-replay-v2,1,adm,5,69,4,5.123874708227386,6.6284090008227885,0.04686992952959741,20000,20000,20,,
walker2d-medium-replay-v2,1,adm,5,70,3,5.321656129803935,6.8816724706249754,0.04866077269883702,20000,20000,20,,
walker2d-medium-replay-v2,1,adm,5,71,3,5.366249306194224,6.853453075441791,0.048461231441886896,20000,20000,20,,
walker2d-medium-replay-v2,1,adm,5,72,3,5.403832033653826,6.945272694945041,0.049110494197854064,20000,20000,20,,
walker2d-medium-replay-v2,1,adm,5,73,3,5.534079336565142,6.980040992473403,0.04935634318738022,20000,20000,20,,
walker2d-medium-replay-v2,1,adm,5,74,1,5.709998535526566,7.137254092454603,0.05046800767826087,20000,20000,20,,
walker2d-medium-replay-v2,1,adm,5,75,1,5.883273462869693,7.416599739800493,0.05244327969359312,20000,20000,20,,
walker2d-medium-replay-v2,1,adm,5,76,1,6.030998856448086,7.508904532915724,0.05309597314507113,20000,20000,20,,
walker2d-medium-replay-v2,1,adm,5,77,5,5.644291656746804,6.89450288551075,0.0487514974325487,20000,20000,20,,
walker2d-medium-replay-v2,1,adm,5,78,2,6.208171383109918,7.625163694192902,0.053918049558212666,20000,20000,20,,
walker2d-medium-replay-v2,1,adm,5,79,1,6.254573957645602,7.59851232973413,0.053729595952845946,20000,20000,20,,
walker2d-medium-replay-v2,1,adm,5,80,2,6.303100249032629,7.69650423136967,0.0544225033343245,20000,20000,20,,
walker2d-medium-replay-v2,1,adm,5,81,1,6.4316910344400355,7.78692318050998,0.05506186185517325,20000,20000,20,,
walker2d-medium-replay-v2,1,adm,5,82,4,6.204647893825417,7.399580514993199,0.052322935600875364,20000,20000,20,,
walker2d-medium-replay-v2,1,adm,5,83,2,6.690933564508871,7.998620759024514,0.056558789788457235,20000,20000,20,,
walker2d-medium-replay-v2,1,adm,5,84,3,6.589469791305768,7.754842024344479,0.054835013824443946,20000,20000,20,,
walker2d-medium-replay-v2,1,adm,5,85,2,6.872560965956094,8.087819999141072,0.05718952366408828,20000,20000,20,,
walker2d-medium-replay-v2,1,adm,5,86,3,6.806771592801136,7.95381950215741,0.05624199706309314,20000,20000,20,,
walker2d-medium-replay-v2,1,adm,5,87,5,6.536049275294802,7.4534120169602955,0.052703581801699276,20000,20000,20,,
walker2d-medium-replay-v2,1,adm,5,88,5,6.7300473912785925,7.733926466671172,0.05468711849781301,20000,20000,20,,
walker2d-medium-replay-v2,1,adm,5,89,1,6.990632979506609,7.978718794256119,0.05641806164599056,20000,20000,20,,
walker2d-medium-replay-v2,1,adm,5,90,5,6.878989320550757,7.772901084411235,0.05496271066279453,20000,20000,20,,
walker2d-medium-replay-v2,1,adm,5,91,5,6.90072998725232,7.751842333480493,0.054813802806930066,20000,20000,20,,
walker2d-medium-replay-v2,1,adm,5,92,2,7.371010307535163,8.299662709587313,0.05868747783510304,20000,20000,20,,
walker2d-medium-replay-v2,1,adm,5,93,3,7.295238792089403,8.152640245332083,0.05764787202048675,20000,20000,20,,
walker2d-medium-replay-v2,1,adm,5,94,5,7.169556473976472,7.926402333473524,0.056048128404120025,20000,20000,20,,
walker2d-medium-replay-v2,1,adm,5,95,3,7.5060255271472345,8.254323030042093,0.05836687788647054,20000,20000,20,,
walker2d-medium-replay-v2,1,adm,5,96,5,7.317456322455336,7.953182080264606,0.05623748980966435,20000,20000,20,,
walker2d-medium-replay-v2,1,adm,5,97,2,7.935479290810524,8.754403077374432,0.061902977812518405,20000,20000,20,,
walker2d-medium-replay-v2,1,adm,5,98,1,8.124258392185176,8.94775488340027,0.06327018154447377,20000,20000,20,,
walker2d-medium-replay-v2,1,adm,5,99,4,7.846845251820468,8.468577421010412,0.05988188521399746,20000,20000,20,,
walker2d-medium-replay-v2,1,adm,5,100,1,8.143563212905367,8.799260810920876,0.0622201698883119,20000,20000,20,,
walker2d-medium-replay-v2,1,adm,6,1,4,0.33824854151431105,0.8404359153773178,0.005942779349160248,20000,20000,20,,
walker2d-medium-replay-v2,1,adm,6,2,4,0.3368290092613731,0.8278268017237442,0.005853619451468311,20000,20000,20,,
walker2d-medium-replay-v2,1,adm,6,3,5,0.416899395765973,0.9942432383720023,0.007030361360017158,20000,20000,20,,
walker2d-medium-replay-v2,1,adm,6,4,2,0.542218943685121,1.4153121289332418,0.010007768038642645,20000,20000,20,,
walker2d-medium-replay-v2,1,adm,6,5,2,0.6185953271194105,1.6114453188894484,0.011394639124980475,20000,20000,20,,
walker2d-medium-replay-v2,1,adm,6,6,4,0.6084973672861008,1.473911716330375,0.010422129694875111,20000,20000,20,,
walker2d-medium-replay-v2,1,adm,6,7,2,0.7840728081785197,1.9197241812647985,0.01357449986580132,20000,20000,20,,
walker2d-medium-replay-v2,1,adm,6,8,5,0.7479760107041022,1.734302255234724,0.012263368853035958,20000,20000,20,,
walker2d-medium-replay-v2,1,adm,6,9,1,0.921777496909622,2.056056842952825,0.01453851736156947,20000,20000,20,,
walker2d-medium-replay-v2,1,adm,6,10,3,0.9574458131595996,2.1962270554385035,0.015529670439259294,20000,20000,20,,
walker2d-medium-replay-v2,1,adm,6,11,5,0.9217316369479267,2.1126582643552116,0.014938749850553719,20000,20000,20,,
walker2d-medium-replay-v2,1,adm,6,12,3,1.0138234606480123,2.2582621321503353,0.015968324673402933,20000,20000,20,,
walker2d-medium-replay-v2,1,adm,6,13,1,1.196039603732538,2.550001671025706,0.018031234736193044,20000,20000,20,,
walker2d-medium-replay-v2,1,adm,6,14,1,1.3530120426029366,2.918690044973167,0.020638255229821958,20000,20000,20,,
walker2d-medium-replay-v2,1,adm,6,15,3,1.2402688659735701,2.70296836197878,0.0191128725808789,20000,20000,20,,
walker2d-medium-replay-v2,1,adm,6,16,2,1.4133816148356815,3.013094987218946,0.021305798978217102,20000,20000,20,,
walker2d-medium-replay-v2,1,adm,6,17,4,1.3613003438582,2.9408613044387795,0.02079502970897777,20000,20000,20,,
walker2d-medium-replay-v2,1,adm,6,18,3,1.4247077629170302,3.0351469578717647,0.02146172995808845,20000,20000,20,,
walker2d-medium-replay-v2,1,adm,6,19,1,1.5601596914891451,3.114006903564285,0.02201935398172029,20000,20000,20,,
walker2d-medium-replay-v2,1,adm,6,20,2,1.599409126285543,3.242998925613428,0.02293146531681943,20000,20000,20,,
walker2d-medium-replay-v2,1,adm,6,21,1,1.7037095973358054,3.3256029931431583,0.023515564279858066,20000,20000,20,,
walker2d-medium-replay-v2,1,adm,6,22,1,1.8100720514835764,3.4502566820544947,0.024396998967149308,20000,20000,20,,
walker2d-medium-replay-v2,1,adm,6,23,3,1.7513188203799568,3.3978273573049136,0.024026267656514704,20000,20000,20,,
walker2d-medium-replay-v2,1,adm,6,24,2,1.9469052891797292,3.665621121112725,0.025919855519994425,20000,20000,20,,
walker2d-medium-replay-v2,1,adm,6,25,1,2.087580264296366,3.837431538254081,0.027134738630385846,20000,20000,20,,
walker2d-medium-replay-v2,1,adm,6,26,5,1.9490405750458846,3.650499646330819,0.025812930546396155,20000,20000,20,,
walker2d-medium-replay-v2,1,adm,6,27,1,2.1003152003462904,3.7866467676987425,0.02677563607397902,20000,20000,20,,
walker2d-medium-replay-v2,1,adm,6,28,3,2.207413876297183,3.9217256400113087,0.027730787940051495,20000,20000,20,,
walker2d-medium-replay-v2,1,adm,6,29,3,2.1674226816303235,3.876539606507649,0.027411274432997894,20000,20000,20,,
walker2d-medium-replay-v2,1,adm,6,30,2,2.4164796291194515,4.223558687593311,0.02986506988736585,20000,20000,20,,
walker2d-medium-replay-v2,1,adm,6,31,5,2.266144171207082,3.969507744554769,0.02806865844147195,20000,20000,20,,
walker2d-medium-replay-v2,1,adm,6,32,3,2.405658511453291,4.24230885390883,0.029997653584866644,20000,20000,20,,
walker2d-medium-replay-v2,1,adm,6,33,4,2.435251988094447,4.204148331758868,0.02972781794500807,20000,20000,20,,
walker2d-medium-replay-v2,1,adm,6,34,4,2.612846013990802,4.4711813068583,0.031616026219940335,20000,20000,20,,
walker2d-medium-replay-v2,1,adm,6,35,4,2.565762498582567,4.41928753047049,0.031249081808088348,20000,20000,20,,
walker2d-medium-replay-v2,1,adm,6,36,3,2.716554814845374,4.569586759459541,0.03231185784834102,20000,20000,20,,
walker2d-medium-replay-v2,1,adm,6,37,1,2.870387341576987,4.6859450539368845,0.033134635239063334,20000,20000,20,,
walker2d-medium-replay-v2,1,adm,6,38,5,2.8301938996609146,4.668851144368709,0.03301376304533687,20000,20000,20,,
walker2d-medium-replay-v2,1,adm,6,39,2,3.105393451839036,5.090814302477506,0.03599749315043308,20000,20000,20,,
walker2d-medium-replay-v2,1,adm,6,40,4,2.997786074193398,4.871609537953732,0.03444748139580147,20000,20000,20,,
walker2d-medium-replay-v2,1,adm,6,41,4,3.096546548844219,4.9598134989374865,0.03507117758519274,20000,20000,20,,
walker2d-medium-replay-v2,1,adm,6,42,2,3.244186050688597,5.141131350801512,0.03635328841122504,20000,20000,20,,
walker2d-medium-replay-v2,1,adm,6,43,3,3.237383078921798,5.08994180720859,0.03599132367722105,20000,20000,20,,
walker2d-medium-replay-v2,1,adm,6,44,1,3.4025519986799626,5.299035080193553,0.03746983638950262,20000,20000,20,,
walker2d-medium-replay-v2,1,adm,6,45,2,3.456760618136194,5.410870262130125,0.03826063054472843,20000,20000,20,,
walker2d-medium-replay-v2,1,adm,6,46,5,3.3740751273089677,5.193140284499013,0.03672104710822289,20000,20000,20,,
walker2d-medium-replay-v2,1,adm,6,47,4,3.468582343982805,5.204209468211118,0.03679931805687318,20000,20000,20,,
walker2d-medium-replay-v2,1,adm,6,48,5,3.507869059097781,5.258617165405345,0.037184038573220994,20000,20000,20,,
walker2d-medium-replay-v2,1,adm,6,49,2,3.7113263316149996,5.592922209374155,0.039547932208973124,20000,20000,20,,
walker2d-medium-replay-v2,1,adm,6,50,1,3.815609409511213,5.625212825171535,0.03977626134296329,20000,20000,20,,
walker2d-medium-replay-v2,1,adm,6,51,3,3.7932315069374374,5.6261682776061,0.039783017411919114,20000,20000,20,,
walker2d-medium-replay-v2,1,adm,6,52,5,3.7493729639603277,5.4413144563701605,0.03847590350667733,20000,20000,20,,
walker2d-medium-replay-v2,1,adm,6,53,3,3.9630262982343467,5.701857603045693,0.04031822176473683,20000,20000,20,,
walker2d-medium-replay-v2,1,adm,6,54,2,4.045561916927537,5.845750781736894,0.04133570018892719,20000,20000,20,,
walker2d-medium-replay-v2,1,adm,6,55,4,4.032034281183114,5.737569610504495,0.04057074379117586,20000,20000,20,,
walker2d-medium-replay-v2,1,adm,6,56,5,4.082966526413067,5.793536610800675,0.04096649024549685,20000,20000,20,,
walker2d-medium-replay-v2,1,adm,6,57,1,4.308186997119822,6.025022230953151,0.04260334076306674,20000,20000,20,,
walker2d-medium-replay-v2,1,adm,6,58,3,4.304110948267435,6.027841261071048,0.04262327431619408,20000,20000,20,,
walker2d-medium-replay-v2,1,adm,6,59,4,4.301699351199357,5.95817978035001,0.04213069326214066,20000,20000,20,,
walker2d-medium-replay-v2,1,adm,6,60,1,4.487021881034609,6.163886170420221,0.043585257095661176,20000,20000,20,,
walker2d-medium-replay-v2,1,adm,6,61,3,4.484484912737974,6.146306685005222,0.043460951362194016,20000,20000,20,,
walker2d-medium-replay-v2,1,adm,6,62,5,4.491296753291529,6.107661154899718,0.04318768619819251,20000,20000,20,,
walker2d-medium-replay-v2,1,adm,6,63,3,4.656838075187114,6.28193577325883,0.044419993842496765,20000,20000,20,,
walker2d-medium-replay-v2,1,adm,6,64,1,4.829033165550777,6.438823814410456,0.045529359820350654,20000,20000,20,,
walker2d-medium-replay-v2,1,adm,6,65,4,4.733067534745805,6.216666620598316,0.04395847123801127,20000,20000,20,,
walker2d-medium-replay-v2,1,adm,6,66,3,4.926455248621966,6.461728892978306,0.04569132318414003,20000,20000,20,,
walker2d-medium-replay-v2,1,adm,6,67,2,5.086892504325686,6.699799233687891,0.04737473470729142,20000,20000,20,,
walker2d-medium-replay-v2,1,adm,6,68,4,4.993992410236222,6.453113290412777,0.04563040167415909,20000,20000,20,,
walker2d-medium-replay-v2,1,adm,6,69,5,4.999603485911061,6.4148563755650185,0.045359884434997826,20000,20000,20,,
walker2d-medium-replay-v2,1,adm,6,70,4,5.123456383971479,6.477250005071151,0.0458010740202641,20000,20000,20,,
walker2d-medium-replay-v2,1,adm,6,71,2,5.385431379942887,6.873734775046662,0.04860464471513282,20000,20000,20,,
walker2d-medium-replay-v2,1,adm,6,72,4,5.264837248044861,6.636818199577231,0.046929391544233534,20000,20000,20,,
walker2d-medium-replay-v2,1,adm,6,73,2,5.553316736778483,6.98922375177356,0.04942127510109167,20000,20000,20,,
walker2d-medium-replay-v2,1,adm,6,74,1,5.702034957049712,7.11745497414696,0.05032800677009239,20000,20000,20,,
walker2d-medium-replay-v2,1,adm,6,75,3,5.625232786951725,7.069103598470636,0.04998611091388811,20000,20000,20,,
walker2d-medium-replay-v2,1,adm,6,76,4,5.59656482419208,6.880402207018562,0.04865179057873713,20000,20000,20,,
walker2d-medium-replay-v2,1,adm,6,77,1,5.824325615745446,7.15508012433055,0.05059405675847217,20000,20000,20,,
walker2d-medium-replay-v2,1,adm,6,78,1,6.023335640926583,7.344922898947759,0.05193644789138315,20000,20000,20,,
walker2d-medium-replay-v2,1,adm,6,79,5,5.840681275121804,7.060310988971517,0.049923937775876594,20000,20000,20,,
walker2d-medium-replay-v2,1,adm,6,80,3,5.972557173714493,7.101753680653792,0.05021698185906819,20000,20000,20,,
walker2d-medium-replay-v2,1,adm,6,81,5,5.85089780784398,7.056367491071185,0.049896053034807396,20000,20000,20,,
walker2d-medium-replay-v2,1,adm,6,82,5,5.958338662273468,7.108078597593995,0.05026170577565678,20000,20000,20,,
walker2d-medium-replay-v2,1,adm,6,83,1,6.253525328684558,7.359326657234186,0.052038297842972196,20000,20000,20,,
walker2d-medium-replay-v2,1,adm,6,84,5,6.159291781145071,7.248947278100614,0.0512577977680871,20000,20000,20,,
walker2d-medium-replay-v2,1,adm,6,85,4,6.210475759721732,7.256450864245562,0.051310856134550206,20000,20000,20,,
walker2d-medium-replay-v2,1,adm,6,86,5,6.23686892150211,7.309561172256898,0.05168640272400742,20000,20000,20,,
walker2d-medium-replay-v2,1,adm,6,87,4,6.433489367944604,7.445858776531623,0.05265017232642881,20000,20000,20,,
walker2d-medium-replay-v2,1,adm,6,88,5,6.458566540720827,7.429629643181507,0.05253541502398233,20000,20000,20,,
walker2d-medium-replay-v2,1,adm,6,89,4,6.628463590922199,7.601657925117119,0.053751838671107756,20000,20000,20,,
walker2d-medium-replay-v2,1,adm,6,90,2,6.930234652173738,7.905377055328189,0.05589945723659103,20000,20000,20,,
walker2d-medium-replay-v2,1,adm,6,91,5,6.667426484045143,7.581112356515592,0.05360655956229302,20000,20000,20,,
walker2d-medium-replay-v2,1,adm,6,92,2,7.193512114582796,8.22544863017874,0.05816270504700985,20000,20000,20,,
walker2d-medium-replay-v2,1,adm,6,93,1,7.387609799633916,8.367289777172347,0.05916567341591443,20000,20000,20,,
walker2d-medium-replay-v2,1,adm,6,94,1,7.650188685133081,8.800686372306268,0.06223025012953799,20000,20000,20,,
walker2d-medium-replay-v2,1,adm,6,95,3,7.391646466241156,8.263397402309979,0.05843104338812687,20000,20000,20,,
walker2d-medium-replay-v2,1,adm,6,96,4,7.314647221271886,8.030400749733275,0.05678350825781934,20000,20000,20,,
walker2d-medium-replay-v2,1,adm,6,97,4,7.484327379490381,8.190283035810557,0.057914046744587874,20000,20000,20,,
walker2d-medium-replay-v2,1,adm,6,98,3,7.654574921881832,8.361227905542444,0.05912280951055256,20000,20000,20,,
walker2d-medium-replay-v2,1,adm,6,99,4,7.607362771326657,8.174025816903098,0.05779909084726089,20000,20000,20,,
walker2d-medium-replay-v2,1,adm,6,100,4,7.7151813373714,8.261880262879645,0.058420315592334925,20000,20000,20,,
walker2d-medium-replay-v2,1,adm,7,1,4,0.33759841049403994,0.8268986836232988,0.005847056665442641,20000,20000,20,,
walker2d-medium-replay-v2,1,adm,7,2,1,0.5355236278141727,1.2727832980252052,0.00899993701014601,20000,20000,20,,
walker2d-medium-replay-v2,1,adm,7,3,2,0.5476223038442058,1.4332012812045325,0.01013426344744973,20000,20000,20,,
walker2d-medium-replay-v2,1,adm,7,4,5,0.41936012573450154,0.9993669126161742,0.007066591208043606,20000,20000,20,,
walker2d-medium-replay-v2,1,adm,7,5,1,0.5996618262934208,1.4323789496141315,0.010128448685010165,20000,20000,20,,
walker2d-medium-replay-v2,1,adm,7,6,2,0.617102506583719,1.6442425954268072,0.011626550891420643,20000,20000,20,,
walker2d-medium-replay-v2,1,adm,7,7,3,0.623440602541317,1.5568121811677087,0.011008324503375067,20000,20000,20,,
walker2d-medium-replay-v2,1,adm,7,8,4,0.6729908219157331,1.6043537262033485,0.011344493992202933,20000,20000,20,,
walker2d-medium-replay-v2,1,adm,7,9,1,0.8505469613238007,1.9947217149700942,0.014104812512354131,20000,20000,20,,
walker2d-medium-replay-v2,1,adm,7,10,1,1.0098592618298523,2.3698530338291803,0.01675739150636126,20000,20000,20,,
walker2d-medium-replay-v2,1,adm,7,11,4,0.8766188585301563,2.0914353949503157,0.014788681501829335,20000,20000,20,,
walker2d-medium-replay-v2,1,adm,7,12,4,0.917354125784385,2.1475631024458344,0.015185564327654697,20000,20000,20,,
walker2d-medium-replay-v2,1,adm,7,13,2,1.0771347568399374,2.5337687347130715,0.01791645054274071,20000,20000,20,,
walker2d-medium-replay-v2,1,adm,7,14,1,1.2099753471235195,2.7080889308488323,0.019149080470594364,20000,20000,20,,
walker2d-medium-replay-v2,1,adm,7,15,5,1.1871139031231506,2.6473392387926236,0.01871951527851497,20000,20000,20,,
walker2d-medium-replay-v2,1,adm,7,16,5,1.1749839486021343,2.589303844217239,0.018309143067984056,20000,20000,20,,
walker2d-medium-replay-v2,1,adm,7,17,1,1.3275069107275617,2.830077616099118,0.02001167073627945,20000,20000,20,,
walker2d-medium-replay-v2,1,adm,7,18,2,1.3698608409719437,2.985625654705117,0.021111561465265136,20000,20000,20,,
walker2d-medium-replay-v2,1,adm,7,19,3,1.3730550908656955,2.902194895489129,0.020521616909253464,20000,20000,20,,
walker2d-medium-replay-v2,1,adm,7,20,3,1.4406954689249742,2.964105013565777,0.02095938755241404,20000,20000,20,,
walker2d-medium-replay-v2,1,adm,7,21,3,1.5125242993736319,3.0517857734157974,0.021579384151109427,20000,20000,20,,
walker2d-medium-replay-v2,1,adm,7,22,2,1.6353541593466219,3.283804369012635,0.02322000337418846,20000,20000,20,,
walker2d-medium-replay-v2,1,adm,7,23,1,1.7610901266185366,3.3957580598049955,0.02401163551356986,20000,20000,20,,
walker2d-medium-replay-v2,1,adm,7,24,4,1.6704913507896748,3.2649625887092277,0.023086771867966795,20000,20000,20,,
walker2d-medium-replay-v2,1,adm,7,25,2,1.889884461829342,3.6338448237368257,0.02569516316643944,20000,20000,20,,
walker2d-medium-replay-v2,1,adm,7,26,1,2.0152169937345747,3.781894819664661,0.02674203472719157,20000,20000,20,,
walker2d-medium-replay-v2,1,adm,7,27,4,1.945237568472245,3.614278814627935,0.025556810589222895,20000,20000,20,,
walker2d-medium-replay-v2,1,adm,7,28,2,2.175231907429271,3.9624687766164897,0.028018885421854826,20000,20000,20,,
walker2d-medium-replay-v2,1,adm,7,29,3,2.1506440319506455,3.895556705622616,0.02754574563042479,20000,20000,20,,
walker2d-medium-replay-v2,1,adm,7,30,3,2.106906692588695,3.7937588299503933,0.02682592594844265,20000,20000,20,,
walker2d-medium-replay-v2,1,adm,7,31,4,2.1478789090910757,3.8210290000209004,0.02701875517025231,20000,20000,20,,
walker2d-medium-replay-v2,1,adm,7,32,4,2.375387155277912,4.256731867357275,0.030099639691012044,20000,20000,20,,
walker2d-medium-replay-v2,1,adm,7,33,3,2.3495400630445666,4.144625731586021,0.029306929602847306,20000,20000,20,,
walker2d-medium-replay-v2,1,adm,7,34,1,2.5235301287651857,4.327408224829035,0.030599397007390502,20000,20000,20,,
walker2d-medium-replay-v2,1,adm,7,35,3,2.5672687010971758,4.3970748050769055,0.031092014120543965,20000,20000,20,,
walker2d-medium-replay-v2,1,adm,7,36,4,2.6125123401804875,4.422578176811609,0.03127235019151126,20000,20000,20,,
walker2d-medium-replay-v2,1,adm,7,37,2,2.7819064396474595,4.667260433831647,0.03300251502326025,20000,20000,20,,
walker2d-medium-replay-v2,1,adm,7,38,5,2.681042402467036,4.475537498110522,0.03164682914368625,20000,20000,20,,
walker2d-medium-replay-v2,1,adm,7,39,1,2.904792635488267,4.7513444984809805,0.03359707914629297,20000,20000,20,,
walker2d-medium-replay-v2,1,adm,7,40,2,3.004418457295559,4.955420076099029,0.0350401113943758,20000,20000,20,,
walker2d-medium-replay-v2,1,adm,7,41,2,3.1074496016173043,5.004158961360342,0.03538474735713328,20000,20000,20,,
walker2d-medium-replay-v2,1,adm,7,42,3,3.0883140568845175,4.956238562836505,0.035045898969599615,20000,20000,20,,
walker2d-medium-replay-v2,1,adm,7,43,5,3.047888094286818,4.870933078685292,0.03444269810644237,20000,20000,20,,
walker2d-medium-replay-v2,1,adm,7,44,4,3.1924282508922293,5.038015170888378,0.03562414691055875,20000,20000,20,,
walker2d-medium-replay-v2,1,adm,7,45,4,3.2796610131053594,5.1178228664823555,0.03618847253801248,20000,20000,20,,
walker2d-medium-replay-v2,1,adm,7,46,5,3.306825943893419,5.148244489676487,0.036403585898565204,20000,20000,20,,
walker2d-medium-replay-v2,1,adm,7,47,2,3.5271426230917866,5.46762763972888,0.03866196581055288,20000,20000,20,,
walker2d-medium-replay-v2,1,adm,7,48,2,3.5802882056081455,5.4588207685208365,0.03859969182703044,20000,20000,20,,
walker2d-medium-replay-v2,1,adm,7,49,2,3.697127313648745,5.6032842774507055,0.03962120309501358,20000,20000,20,,
walker2d-medium-replay-v2,1,adm,7,50,1,3.8263058334966007,5.67222863378868,0.040108713313924814,20000,20000,20,,
walker2d-medium-replay-v2,1,adm,7,51,4,3.6935866271510545,5.469330844219402,0.038674009285002836,20000,20000,20,,
walker2d-medium-replay-v2,1,adm,7,52,4,3.7825302634793436,5.545078660827633,0.03920962723284039,20000,20000,20,,
walker2d-medium-replay-v2,1,adm,7,53,1,3.9352945186132646,5.734922552439184,0.040552026264094106,20000,20000,20,,
walker2d-medium-replay-v2,1,adm,7,54,5,3.8524613919935566,5.572015657991072,0.03940010056643109,20000,20000,20,,
walker2d-medium-replay-v2,1,adm,7,55,4,3.931056074599346,5.577176847383017,0.03943659568661142,20000,20000,20,,
walker2d-medium-replay-v2,1,adm,7,56,2,4.217015064928883,6.0103742958467965,0.0424997642206259,20000,20000,20,,
walker2d-medium-replay-v2,1,adm,7,57,4,4.155973364766835,5.821196888992056,0.041162077948283166,20000,20000,20,,
walker2d-medium-replay-v2,1,adm,7,58,3,4.241243169179122,5.916498634799158,0.04183596305547435,20000,20000,20,,
walker2d-medium-replay-v2,1,adm,7,59,4,4.268578203493986,5.867993978916346,0.04149298334453579,20000,20000,20,,
walker2d-medium-replay-v2,1,adm,7,60,5,4.282158865790659,5.855888374023538,0.04140738379143509,20000,20000,20,,
walker2d-medium-replay-v2,1,adm,7,61,1,4.4917446550119005,6.089494275590824,0.043059226962669346,20000,20000,20,,
walker2d-medium-replay-v2,1,adm,7,62,1,4.699973728176671,6.396669873275217,0.04523128644404599,20000,20000,20,,
walker2d-medium-replay-v2,1,adm,7,63,3,4.589629507952971,6.193037474846815,0.04379138794606595,20000,20000,20,,
walker2d-medium-replay-v2,1,adm,7,64,4,4.593314305741577,6.128221579348682,0.04333307035371187,20000,20000,20,,
walker2d-medium-replay-v2,1,adm,7,65,2,4.85201275824689,6.494451112956135,0.04592270422055803,20000,20000,20,,
walker2d-medium-replay-v2,1,adm,7,66,4,4.83064471005602,6.424671008261414,0.04542928436834259,20000,20000,20,,
walker2d-medium-replay-v2,1,adm,7,67,2,5.0871392331027065,6.677261370007365,0.04721536794487184,20000,20000,20,,
walker2d-medium-replay-v2,1,adm,7,68,3,5.104279430424427,6.659338372549882,0.04708863321445808,20000,20000,20,,
walker2d-medium-replay-v2,1,adm,7,69,2,5.324871105528256,6.914086995163521,0.04888997799993845,20000,20000,20,,
walker2d-medium-replay-v2,1,adm,7,70,3,5.276768740317464,6.823065544251892,0.04824635914820794,20000,20000,20,,
walker2d-medium-replay-v2,1,adm,7,71,4,5.283427486776949,6.75104918153275,0.04773712656385699,20000,20000,20,,
walker2d-medium-replay-v2,1,adm,7,72,3,5.4732208676945096,6.979899356616534,0.049355341670631714,20000,20000,20,,
walker2d-medium-replay-v2,1,adm,7,73,2,5.5831173881992315,7.09703844840878,0.050183640132115015,20000,20000,20,,
walker2d-medium-replay-v2,1,adm,7,74,2,5.706306947749626,7.183452287160592,0.05079467824581269,20000,20000,20,,
walker2d-medium-replay-v2,1,adm,7,75,4,5.4675854364664245,6.837259858124369,0.04834672810414313,20000,20000,20,,
walker2d-medium-replay-v2,1,adm,7,76,3,5.694305929253037,7.076767712779838,0.05004030438588637,20000,20000,20,,
walker2d-medium-replay-v2,1,adm,7,77,3,5.820425988772119,7.165177505214838,0.05066545602342721,20000,20000,20,,
walker2d-medium-replay-v2,1,adm,7,78,5,5.655685145363056,6.856433285776139,0.04848230471125469,20000,20000,20,,
walker2d-medium-replay-v2,1,adm,7,79,4,5.797835465110254,7.035610575980939,0.04974927948063913,20000,20000,20,,
walker2d-medium-replay-v2,1,adm,7,80,4,5.887581291660785,7.04757932522032,0.04983391131813401,20000,20000,20,,
walker2d-medium-replay-v2,1,adm,7,81,4,5.959594342460572,7.049593925088622,0.04984815669041655,20000,20000,20,,
walker2d-medium-replay-v2,1,adm,7,82,1,6.169311009485185,7.267571387555024,0.05138949010897484,20000,20000,20,,
walker2d-medium-replay-v2,1,adm,7,83,5,6.0588564930701,7.1690999171091505,0.05069319166391796,20000,20000,20,,
walker2d-medium-replay-v2,1,adm,7,84,1,6.353176065790435,7.469726298630758,0.052818941193692986,20000,20000,20,,
walker2d-medium-replay-v2,1,adm,7,85,3,6.460059573423658,7.570931066575097,0.05353456697071152,20000,20000,20,,
walker2d-medium-replay-v2,1,adm,7,86,1,6.679980812171752,7.80887415389984,0.0552170786765494,20000,20000,20,,
walker2d-medium-replay-v2,1,adm,7,87,1,6.924582760465858,8.147788620363439,0.05761356585133572,20000,20000,20,,
walker2d-medium-replay-v2,1,adm,7,88,4,6.59670890154214,7.6346092643905505,0.053984839825601975,20000,20000,20,,
walker2d-medium-replay-v2,1,adm,7,89,3,6.902193879065154,7.9156753662890935,0.05597227729174326,20000,20000,20,,
walker2d-medium-replay-v2,1,adm,7,90,5,6.774659984941244,7.71726642999678,0.05456931424874022,20000,20000,20,,
walker2d-medium-replay-v2,1,adm,7,91,1,7.070134722490286,7.966345190964626,0.05633056705803929,20000,20000,20,,
walker2d-medium-replay-v2,1,adm,7,92,1,7.36495954937342,8.33440372128079,0.05893313388464043,20000,20000,20,,
walker2d-medium-replay-v2,1,adm,7,93,1,7.566349178118835,8.58643681876864,0.06071527700781151,20000,20000,20,,
walker2d-medium-replay-v2,1,adm,7,94,1,7.7207915203864514,8.760495116412036,0.061946055033665834,20000,20000,20,,
walker2d-medium-replay-v2,1,adm,7,95,5,7.144918724498886,7.891414890078933,0.05580072981931307,20000,20000,20,,
walker2d-medium-replay-v2,1,adm,7,96,4,7.41879794940897,8.229806777922228,0.05819352180523818,20000,20000,20,,
walker2d-medium-replay-v2,1,adm,7,97,5,7.378036064276297,8.03633679679023,0.056825482449093495,20000,20000,20,,
walker2d-medium-replay-v2,1,adm,7,98,1,7.701668258968409,8.2948060994837,0.05865313641572461,20000,20000,20,,
walker2d-medium-replay-v2,1,adm,7,99,3,7.741416625213441,8.386901005371753,0.05930434574038639,20000,20000,20,,
walker2d-medium-replay-v2,1,adm,7,100,1,7.950923225485858,8.604031627838111,0.06083969109587858,20000,20000,20,,
walker2d-medium-replay-v2,1,adm,8,1,4,0.3378146947666749,0.8302344742937128,0.005870644267479326,20000,20000,20,,
walker2d-medium-replay-v2,1,adm,8,2,5,0.4241260911671161,1.0002296054650908,0.007072691367679107,20000,20000,20,,
walker2d-medium-replay-v2,1,adm,8,3,2,0.5488894649647045,1.4125184115584053,0.009988013473637989,20000,20000,20,,
walker2d-medium-replay-v2,1,adm,8,4,4,0.3319054413914112,0.8318640690021052,0.005882167242168226,20000,20000,20,,
walker2d-medium-replay-v2,1,adm,8,5,3,0.6311883002488854,1.5610544241091022,0.01103832169088807,20000,20000,20,,
walker2d-medium-replay-v2,1,adm,8,6,5,0.7016725408358864,1.6643423406946898,0.011768677553211064,20000,20000,20,,
walker2d-medium-replay-v2,1,adm,8,7,1,0.8823903480651283,1.9951571147934288,0.014107891254030206,20000,20000,20,,
walker2d-medium-replay-v2,1,adm,8,8,5,0.882737148874822,2.112282429334842,0.01493609229563861,20000,20000,20,,
walker2d-medium-replay-v2,1,adm,8,9,4,0.8955487367817856,2.0912491188972275,0.01478736433122622,20000,20000,20,,
walker2d-medium-replay-v2,1,adm,8,10,2,1.072508041013988,2.5300226879914423,0.017889961992345656,20000,20000,20,,
walker2d-medium-replay-v2,1,adm,8,11,5,1.001642800272099,2.2818744642545776,0.01613528907490832,20000,20000,20,,
walker2d-medium-replay-v2,1,adm,8,12,5,1.1108625778535048,2.4900271820282045,0.01760715105750973,20000,20000,20,,
walker2d-medium-replay-v2,1,adm,8,13,3,1.230288181933206,2.7175609004933126,0.019216057410262416,20000,20000,20,,
walker2d-medium-replay-v2,1,adm,8,14,4,1.2649505323350605,2.7714843312683217,0.01959735364592094,20000,20000,20,,
walker2d-medium-replay-v2,1,adm,8,15,5,1.2931031521308682,2.765132998203702,0.01955244293912527,20000,20000,20,,
walker2d-medium-replay-v2,1,adm,8,16,2,1.4420084367857366,3.040924726326367,0.021502584950632203,20000,20000,20,,
walker2d-medium-replay-v2,1,adm,8,17,2,1.5145920830741766,3.2269781388094296,0.022818181246928918,20000,20000,20,,
walker2d-medium-replay-v2,1,adm,8,18,1,1.6265231515529919,3.3019796411913704,0.02334852195626341,20000,20000,20,,
walker2d-medium-replay-v2,1,adm,8,19,2,1.6649116850527346,3.4504454477738093,0.02439833374235114,20000,20000,20,,
walker2d-medium-replay-v2,1,adm,8,20,5,1.59120228446324,3.185854978317688,0.022527396590453587,20000,20000,20,,
walker2d-medium-replay-v2,1,adm,8,21,3,1.7352604305640917,3.3788216638919923,0.023891877109580413,20000,20000,20,,
walker2d-medium-replay-v2,1,adm,8,22,2,1.761393168228812,3.4313110871804366,0.024263033381058716,20000,20000,20,,
walker2d-medium-replay-v2,1,adm,8,23,2,1.9175589201914398,3.682839097701601,0.02604160500003748,20000,20000,20,,
walker2d-medium-replay-v2,1,adm,8,24,5,1.8723891465876474,3.581840085888583,0.025327434138576226,20000,20000,20,,
walker2d-medium-replay-v2,1,adm,8,25,5,1.8844743358183353,3.537284456834906,0.025012378264137353,20000,20000,20,,
walker2d-medium-replay-v2,1,adm,8,26,1,2.0653110183444037,3.7832533501472763,0.026751640988358628,20000,20000,20,,
walker2d-medium-replay-v2,1,adm,8,27,3,2.0902166965819378,3.833120899478404,0.02710425781129058,20000,20000,20,,
walker2d-medium-replay-v2,1,adm,8,28,1,2.2383628419127217,3.9714620043552946,0.028082477145043465,20000,20000,20,,
walker2d-medium-replay-v2,1,adm,8,29,4,2.1503356263276983,3.921390468028273,0.02772841791623081,20000,20000,20,,
walker2d-medium-replay-v2,1,adm,8,30,5,2.2089616205079503,3.953139413799801,0.027952916864736523,20000,20000,20,,
walker2d-medium-replay-v2,1,adm,8,31,2,2.422387533081111,4.339094589030162,0.03068203208113083,20000,20000,20,,
walker2d-medium-replay-v2,1,adm,8,32,4,2.4597356187617554,4.285522057134992,0.030303217075246757,20000,20000,20,,
walker2d-medium-replay-v2,1,adm,8,33,5,2.5382436999881532,4.384134419898855,0.031000511779438307,20000,20000,20,,
walker2d-medium-replay-v2,1,adm,8,34,4,2.5333033533407083,4.376126371335998,0.030943886325009634,20000,20000,20,,
walker2d-medium-replay-v2,1,adm,8,35,3,2.723895934775188,4.60346404471349,0.0325514064296536,20000,20000,20,,
walker2d-medium-replay-v2,1,adm,8,36,4,2.750871430485932,4.583838435868121,0.032412632418658854,20000,20000,20,,
walker2d-medium-replay-v2,1,adm,8,37,5,2.808167143205703,4.671790894574569,0.033034550218392446,20000,20000,20,,
walker2d-medium-replay-v2,1,adm,8,38,2,3.003564295878804,4.965352917357673,0.03511034718848017,20000,20000,20,,
walker2d-medium-replay-v2,1,adm,8,39,3,3.0343576487532387,4.985427125853836,0.03525229327802607,20000,20000,20,,
walker2d-medium-replay-v2,1,adm,8,40,4,3.087994800620636,4.982020031368793,0.0352282014818809,20000,20000,20,,
walker2d-medium-replay-v2,1,adm,8,41,5,3.1312969408708033,4.969856495408858,0.035142192294276134,20000,20000,20,,
walker2d-medium-replay-v2,1,adm,8,42,2,3.3193993814261327,5.227864385944558,0.03696658358425043,20000,20000,20,,
walker2d-medium-replay-v2,1,adm,8,43,4,3.299254772576374,5.106064585826635,0.036105328938144936,20000,20000,20,,
walker2d-medium-replay-v2,1,adm,8,44,2,3.498293406522252,5.522818313855665,0.03905222280988595,20000,20000,20,,
walker2d-medium-replay-v2,1,adm,8,45,2,3.565589592924996,5.571042264395691,0.03939321763431052,20000,20000,20,,
walker2d-medium-replay-v2,1,adm,8,46,5,3.401886325008799,5.191742754754654,0.03671116508063142,20000,20000,20,,
walker2d-medium-replay-v2,1,adm,8,47,1,3.604112625690557,5.440114442000984,0.038467418123697666,20000,20000,20,,
walker2d-medium-replay-v2,1,adm,8,48,3,3.6757625920269863,5.502970266190927,0.03891187591891545,20000,20000,20,,
walker2d-medium-replay-v2,1,adm,8,49,5,3.693760145870366,5.432090872077078,0.03841068291667248,20000,20000,20,,
walker2d-medium-replay-v2,1,adm,8,50,2,3.9239002836695,5.7187438854835735,0.040437625812945396,20000,20000,20,,
walker2d-medium-replay-v2,1,adm,8,51,3,3.9416152088864576,5.735546117863488,0.040556435537494495,20000,20000,20,,
walker2d-medium-replay-v2,1,adm,8,52,2,4.082514900990103,5.910627890115655,0.04179445062171115,20000,20000,20,,
walker2d-medium-replay-v2,1,adm,8,53,2,4.108102990246701,5.926849228978193,0.04190915280880741,20000,20000,20,,
walker2d-medium-replay-v2,1,adm,8,54,4,4.089784062310642,5.783080678437995,0.04089255563872406,20000,20000,20,,
walker2d-medium-replay-v2,1,adm,8,55,2,4.341854872637131,6.169043722399272,0.043621726495448265,20000,20000,20,,
walker2d-medium-replay-v2,1,adm,8,56,5,4.158462184506668,5.8306752495900716,0.04122910007881705,20000,20000,20,,
walker2d-medium-replay-v2,1,adm,8,57,4,4.314337599958327,6.017933008018798,0.0425532123869645,20000,20000,20,,
walker2d-medium-replay-v2,1,adm,8,58,3,4.481519746856261,6.30491497128478,0.04458248131000054,20000,20000,20,,
walker2d-medium-replay-v2,1,adm,8,59,1,4.6402010749610225,6.376037792041205,0.04508539559854038,20000,20000,20,,
walker2d-medium-replay-v2,1,adm,8,60,2,4.710742742996948,6.481586423755036,0.04583173713083849,20000,20000,20,,
walker2d-medium-replay-v2,1,adm,8,61,4,4.542470486736983,6.153062701059657,0.04350872360985298,20000,20000,20,,
walker2d-medium-replay-v2,1,adm,8,62,2,4.843394055423962,6.5008764161729795,0.04596813797531614,20000,20000,20,,
walker2d-medium-replay-v2,1,adm,8,63,4,4.760025275431608,6.309473251428383,0.04461471321800144,20000,20000,20,,
walker2d-medium-replay-v2,1,adm,8,64,1,4.940552342141045,6.435463447619591,0.0455055984388997,20000,20000,20,,
walker2d-medium-replay-v2,1,adm,8,65,1,5.145965352417457,6.749057267109451,0.0477230416018944,20000,20000,20,,
walker2d-medium-replay-v2,1,adm,8,66,2,5.18200350008826,6.737499366911062,0.047641314905828826,20000,20000,20,,
walker2d-medium-replay-v2,1,adm,8,67,4,5.003644858640432,6.455950605666785,0.04565046452272382,20000,20000,20,,
walker2d-medium-replay-v2,1,adm,8,68,5,5.005902919803458,6.46897637554911,0.04574257062486349,20000,20000,20,,
walker2d-medium-replay-v2,1,adm,8,69,3,5.3223414109051514,6.8407984141805,0.04837174947397212,20000,20000,20,,
walker2d-medium-replay-v2,1,adm,8,70,2,5.420379440627925,6.99171805957829,0.049438912520722585,20000,20000,20,,
walker2d-medium-replay-v2,1,adm,8,71,1,5.527660811747494,7.0237525084759485,0.04966543028119367,20000,20000,20,,
walker2d-medium-replay-v2,1,adm,8,72,1,5.689764302110099,7.158774558178393,0.05062018035073672,20000,20000,20,,
walker2d-medium-replay-v2,1,adm,8,73,5,5.3805164687532905,6.761313092429794,0.04780970337382493,20000,20000,20,,
walker2d-medium-replay-v2,1,adm,8,74,4,5.578888355769406,6.952869362001569,0.04916421074575494,20000,20000,20,,
walker2d-medium-replay-v2,1,adm,8,75,4,5.702710734354489,7.0609799780543625,0.04992866824304679,20000,20000,20,,
walker2d-medium-replay-v2,1,adm,8,76,3,5.783022056552282,7.1851660006953555,0.050806796030427114,20000,20000,20,,
walker2d-medium-replay-v2,1,adm,8,77,3,5.8854697915030405,7.169660760848071,0.050697157428027724,20000,20000,20,,
walker2d-medium-replay-v2,1,adm,8,78,4,5.850371254253671,6.984138174483756,0.04938531463921299,20000,20000,20,,
walker2d-medium-replay-v2,1,adm,8,79,2,6.1466088232730725,7.378486659319018,0.052173779516989524,20000,20000,20,,
walker2d-medium-replay-v2,1,adm,8,80,3,6.152620723248666,7.297600109420406,0.051601825237588606,20000,20000,20,,
walker2d-medium-replay-v2,1,adm,8,81,2,6.4211913059766434,7.6329684569347265,0.053973237564815625,20000,20000,20,,
walker2d-medium-replay-v2,1,adm,8,82,5,6.183878652029353,7.2227902539737014,0.0510728396767291,20000,20000,20,,
walker2d-medium-replay-v2,1,adm,8,83,4,6.442234801077594,7.544304299798743,0.05334628729722519,20000,20000,20,,
walker2d-medium-replay-v2,1,adm,8,84,3,6.665293781663412,7.8033970102017145,0.05517834942204463,20000,20000,20,,
walker2d-medium-replay-v2,1,adm,8,85,2,6.780003431816651,7.954427625712226,0.05624629714598724,20000,20000,20,,
walker2d-medium-replay-v2,1,adm,8,86,4,6.567606929965512,7.607287559030909,0.05379164619426814,20000,20000,20,,
walker2d-medium-replay-v2,1,adm,8,87,2,6.944461473863591,8.026831729918168,0.05675827147668483,20000,20000,20,,
walker2d-medium-replay-v2,1,adm,8,88,4,6.773384069118471,7.714970655344566,0.05455308067049365,20000,20000,20,,
walker2d-medium-replay-v2,1,adm,8,89,2,7.194425167623607,8.276285408772576,0.05852217535578366,20000,20000,20,,
walker2d-medium-replay-v2,1,adm,8,90,3,7.118557211066835,8.02303447076176,0.05673142079969063,20000,20000,20,,
walker2d-medium-replay-v2,1,adm,8,91,3,7.087115241750874,7.939231487007655,0.0561388442187287,20000,20000,20,,
walker2d-medium-replay-v2,1,adm,8,92,5,7.073098809744166,7.809283187329594,0.05521997097966851,20000,20000,20,,
walker2d-medium-replay-v2,1,adm,8,93,2,7.478547611856301,8.38583337726223,0.05929679646962611,20000,20000,20,,
walker2d-medium-replay-v2,1,adm,8,94,1,7.680649052653617,8.57941407873704,0.06066561873682297,20000,20000,20,,
walker2d-medium-replay-v2,1,adm,8,95,3,7.457278006085634,8.174901940449024,0.057805285976265705,20000,20000,20,,
walker2d-medium-replay-v2,1,adm,8,96,5,7.334546642492263,7.979409627246668,0.056422946572913406,20000,20000,20,,
walker2d-medium-replay-v2,1,adm,8,97,5,7.4397095200589884,8.08939254110465,0.05720064321494975,20000,20000,20,,
walker2d-medium-replay-v2,1,adm,8,98,5,7.617654908550866,8.163422657713244,0.05772411518960943,20000,20000,20,,
walker2d-medium-replay-v2,1,adm,8,99,2,8.012738252909179,8.603995233719413,0.060839433750597305,20000,20000,20,,
walker2d-medium-replay-v2,1,adm,8,100,5,7.748784032842342,8.176698538657023,0.05781798984402514,20000,20000,20,,
walker2d-medium-replay-v2,1,adm,9,1,5,0.4243218851168598,0.9992160407861149,0.007065524383102357,20000,20000,20,,
walker2d-medium-replay-v2,1,adm,9,2,5,0.4235271927784417,0.9913613868740757,0.007009983592651593,20000,20000,20,,
walker2d-medium-replay-v2,1,adm,9,3,2,0.6257587743035461,1.6242185138677228,0.011484959252846032,20000,20000,20,,
walker2d-medium-replay-v2,1,adm,9,4,3,0.6315499264508679,1.5746775933667343,0.011134652044521307,20000,20000,20,,
walker2d-medium-replay-v2,1,adm,9,5,1,0.8124093989148742,1.8369133907230186,0.012988939150326206,20000,20000,20,,
walker2d-medium-replay-v2,1,adm,9,6,5,0.7573607389998106,1.7968443227013364,0.012705608053186641,20000,20000,20,,
walker2d-medium-replay-v2,1,adm,9,7,1,0.9400714676706251,2.1133789776305445,0.01494384606299651,20000,20000,20,,
walker2d-medium-replay-v2,1,adm,9,8,4,0.8846434321266419,2.044364042365976,0.014455836775709238,20000,20000,20,,
walker2d-medium-replay-v2,1,adm,9,9,4,0.9989216047481742,2.239499102134258,0.01583565001580318,20000,20000,20,,
walker2d-medium-replay-v2,1,adm,9,10,4,0.9766081771114523,2.1826891880014876,0.015433943260584108,20000,20000,20,,
walker2d-medium-replay-v2,1,adm,9,11,1,1.1646193929085722,2.525356725683548,0.017856968656458926,20000,20000,20,,
walker2d-medium-replay-v2,1,adm,9,12,3,1.2252580703849862,2.781688917024614,0.01966951096379568,20000,20000,20,,
walker2d-medium-replay-v2,1,adm,9,13,1,1.3442139382672154,2.8611778414723052,0.020231582538857557,20000,20000,20,,
walker2d-medium-replay-v2,1,adm,9,14,2,1.3685268671935436,2.9242798817588542,0.02067778134479081,20000,20000,20,,
walker2d-medium-replay-v2,1,adm,9,15,1,1.493383399283476,3.1199217318885193,0.022061178133896495,20000,20000,20,,
walker2d-medium-replay-v2,1,adm,9,16,5,1.366473400836647,2.866930336395945,0.020272258820550025,20000,20000,20,,
walker2d-medium-replay-v2,1,adm,9,17,2,1.621300412498697,3.328908308965233,0.02353893639217559,20000,20000,20,,
walker2d-medium-replay-v2,1,adm,9,18,4,1.5776732708755303,3.21411819235611,0.022727247693500537,20000,20000,20,,
walker2d-medium-replay-v2,1,adm,9,19,3,1.566253402060099,3.144070982316354,0.02223193912127744,20000,20000,20,,
walker2d-medium-replay-v2,1,adm,9,20,4,1.5674019681551397,3.0756295871821666,0.021747985375144916,20000,20000,20,,
walker2d-medium-replay-v2,1,adm,9,21,3,1.772955955641895,3.488698263531278,0.024668821996566996,20000,20000,20,,
walker2d-medium-replay-v2,1,adm,9,22,4,1.7949496043228814,3.4465308481321193,0.024370653342828445,20000,20000,20,,
walker2d-medium-replay-v2,1,adm,9,23,5,1.8461068391512325,3.4774747315378858,0.024589459640753077,20000,20000,20,,
walker2d-medium-replay-v2,1,adm,9,24,3,1.9513855477557422,3.6723120842415464,0.025967167774005012,20000,20000,20,,
walker2d-medium-replay-v2,1,adm,9,25,1,2.107517618602463,3.830980397830183,0.027089122178984598,20000,20000,20,,
walker2d-medium-replay-v2,1,adm,9,26,2,2.1644775382003667,4.013800947921505,0.028381858686082884,20000,20000,20,,
walker2d-medium-replay-v2,1,adm,9,27,5,2.103335442764046,3.7972071203592717,0.026850309043758836,20000,20000,20,,
walker2d-medium-replay-v2,1,adm,9,28,4,2.215428714975656,4.0033103939985955,0.02830767926790996,20000,20000,20,,
walker2d-medium-replay-v2,1,adm,9,29,5,2.2796721355936853,4.027702451715067,0.028480157162094066,20000,20000,20,,
walker2d-medium-replay-v2,1,adm,9,30,4,2.400620425266192,4.18210034989504,0.02957191517013416,20000,20000,20,,
walker2d-medium-replay-v2,1,adm,9,31,5,2.447427919890365,4.268869655094363,0.030185466811187025,20000,20000,20,,
walker2d-medium-replay-v2,1,adm,9,32,3,2.538950441329061,4.3837318441648385,0.030997665139123668,20000,20000,20,,
walker2d-medium-replay-v2,1,adm,9,33,4,2.5673930258675948,4.373455522894402,0.030925000574563898,20000,20000,20,,
walker2d-medium-replay-v2,1,adm,9,34,3,2.7324384446449987,4.670055422658999,0.033022278578791864,20000,20000,20,,
walker2d-medium-replay-v2,1,adm,9,35,3,2.820270814058978,4.764720780405644,0.033691663742852894,20000,20000,20,,
walker2d-medium-replay-v2,1,adm,9,36,4,2.855329475205881,4.785629187372178,0.03383950850635134,20000,20000,20,,
walker2d-medium-replay-v2,1,adm,9,37,4,2.9007168710534406,4.825737933106116,0.03412312016728489,20000,20000,20,,
walker2d-medium-replay-v2,1,adm,9,38,1,3.085961588564681,5.002793271829018,0.035375090473847334,20000,20000,20,,
walker2d-medium-replay-v2,1,adm,9,39,1,3.2614854106301405,5.231641519681575,0.03699329195303936,20000,20000,20,,
walker2d-medium-replay-v2,1,adm,9,40,3,3.160744408015944,5.081188128012655,0.03592942581802327,20000,20000,20,,
walker2d-medium-replay-v2,1,adm,9,41,2,3.3817085848432207,5.373340517896454,0.03799525517829018,20000,20000,20,,
walker2d-medium-replay-v2,1,adm,9,42,5,3.1998542447218874,5.055372305653045,0.0357468803874994,20000,20000,20,,
walker2d-medium-replay-v2,1,adm,9,43,4,3.378889994560105,5.240706061045605,0.03705738793970788,20000,20000,20,,
walker2d-medium-replay-v2,1,adm,9,44,3,3.518280944024221,5.4380781371417255,0.03845301927395222,20000,20000,20,,
walker2d-medium-replay-v2,1,adm,9,45,5,3.4090726867324177,5.220528280276348,0.03691470948359551,20000,20000,20,,
walker2d-medium-replay-v2,1,adm,9,46,4,3.4864656999017445,5.278294712656877,0.03732317984420777,20000,20000,20,,
walker2d-medium-replay-v2,1,adm,9,47,3,3.737833014592967,5.574238797596339,0.03941582053733518,20000,20000,20,,
walker2d-medium-replay-v2,1,adm,9,48,4,3.7344136955754657,5.520562108493831,0.039036269028774925,20000,20000,20,,
walker2d-medium-replay-v2,1,adm,9,49,5,3.748169752184612,5.48017102907312,0.038750660967196635,20000,20000,20,,
walker2d-medium-replay-v2,1,adm,9,50,2,3.993280743455582,5.892245728986114,0.041664469113835534,20000,20000,20,,
walker2d-medium-replay-v2,1,adm,9,51,1,4.102128398704872,5.924039418815289,0.041889284450607044,20000,20000,20,,
walker2d-medium-replay-v2,1,adm,9,52,4,3.982722663903531,5.759451499288512,0.040725472110619346,20000,20000,20,,
walker2d-medium-replay-v2,1,adm,9,53,4,4.064326231747688,5.839556062833593,0.041291896911486506,20000,20000,20,,
walker2d-medium-replay-v2,1,adm,9,54,4,4.192597676354989,5.959603092595954,0.042140757599549196,20000,20000,20,,
walker2d-medium-replay-v2,1,adm,9,55,5,4.194929276015462,5.849747183137442,0.0413639590142339,20000,20000,20,,
walker2d-medium-replay-v2,1,adm,9,56,3,4.312519383844255,5.93596254400859,0.04197359367737824,20000,20000,20,,
walker2d-medium-replay-v2,1,adm,9,57,4,4.339237111345922,5.981739735272969,0.0422972873010454,20000,20000,20,,
walker2d-medium-replay-v2,1,adm,9,58,1,4.523293503197354,6.158368543425921,0.0435462415810239,20000,20000,20,,
walker2d-medium-replay-v2,1,adm,9,59,1,4.719303549886159,6.390105230550216,0.04518486741017685,20000,20000,20,,
walker2d-medium-replay-v2,1,adm,9,60,4,4.520283071487934,6.094359569247014,0.0430936297840369,20000,20000,20,,
walker2d-medium-replay-v2,1,adm,9,61,3,4.703916914964032,6.247524100434424,0.04417666657043566,20000,20000,20,,
walker2d-medium-replay-v2,1,adm,9,62,2,4.851895965407997,6.427309563635715,0.04544794177231964,20000,20000,20,,
walker2d-medium-replay-v2,1,adm,9,63,2,4.9788958754924915,6.596985541489189,0.046647732117766134,20000,20000,20,,
walker2d-medium-replay-v2,1,adm,9,64,3,4.967312639592542,6.494490402632427,0.045922982040523405,20000,20000,20,,
walker2d-medium-replay-v2,1,adm,9,65,3,5.0060054404278995,6.518968792712232,0.046096070396703,20000,20000,20,,
walker2d-medium-replay-v2,1,adm,9,66,3,5.092426399170698,6.5599562029625345,0.04638589515401564,20000,20000,20,,
walker2d-medium-replay-v2,1,adm,9,67,2,5.2799577251167795,6.874009552911663,0.048606587688049444,20000,20000,20,,
walker2d-medium-replay-v2,1,adm,9,68,4,5.1482062285816355,6.564036921554616,0.04641475019190139,20000,20000,20,,
walker2d-medium-replay-v2,1,adm,9,69,5,5.155913136546014,6.575432664151791,0.04649533026057257,20000,20000,20,,
walker2d-medium-replay-v2,1,adm,9,70,1,5.427596937200844,6.890250800985242,0.04872143065452705,20000,20000,20,,
walker2d-medium-replay-v2,1,adm,9,71,4,5.419957798620085,6.830498176999132,0.04829891579838437,20000,20000,20,,
walker2d-medium-replay-v2,1,adm,9,72,1,5.634313408912954,7.055898847572368,0.04989273922484767,20000,20000,20,,
walker2d-medium-replay-v2,1,adm,9,73,4,5.574624788470105,6.884898555201713,0.04868358456164595,20000,20000,20,,
walker2d-medium-replay-v2,1,adm,9,74,3,5.779537578419281,7.138686003701431,0.05047813281978777,20000,20000,20,,
walker2d-medium-replay-v2,1,adm,9,75,4,5.724726224543542,6.995581633701943,0.049466232115347106,20000,20000,20,,
walker2d-medium-replay-v2,1,adm,9,76,4,5.836295036832363,7.096521086769955,0.05017998183288363,20000,20000,20,,
walker2d-medium-replay-v2,1,adm,9,77,5,5.80796542702217,7.03790620334069,0.0497655120173707,20000,20000,20,,
walker2d-medium-replay-v2,1,adm,9,78,1,6.089555371884152,7.369495739171197,0.052110204110933214,20000,20000,20,,
walker2d-medium-replay-v2,1,adm,9,79,2,6.236909652055375,7.5470494867579525,0.05336569870037001,20000,20000,20,,
walker2d-medium-replay-v2,1,adm,9,80,4,6.123465070013572,7.278230892615976,0.05146486419210176,20000,20000,20,,
walker2d-medium-replay-v2,1,adm,9,81,4,6.220272840817416,7.380069229657383,0.05218496997916915,20000,20000,20,,
walker2d-medium-replay-v2,1,adm,9,82,2,6.516710233450826,7.714363368882294,0.054548786506737695,20000,20000,20,,
walker2d-medium-replay-v2,1,adm,9,83,3,6.474146215947975,7.580280217440205,0.05360067545046206,20000,20000,20,,
walker2d-medium-replay-v2,1,adm,9,84,3,6.53983429418683,7.603169775309606,0.053762529066340214,20000,20000,20,,
walker2d-medium-replay-v2,1,adm,9,85,3,6.595619399586675,7.635326484737029,0.05398991133930797,20000,20000,20,,
walker2d-medium-replay-v2,1,adm,9,86,3,6.671716560278027,7.657997559419721,0.054150220045757154,20000,20000,20,,
walker2d-medium-replay-v2,1,adm,9,87,2,6.905236229334463,7.915907776263015,0.05597392067842901,20000,20000,20,,
walker2d-medium-replay-v2,1,adm,9,88,3,6.866303598631003,7.834764449101112,0.05540015070958681,20000,20000,20,,
walker2d-medium-replay-v2,1,adm,9,89,2,7.154514043936605,8.173850617490059,0.05779785200033069,20000,20000,20,,
walker2d-medium-replay-v2,1,adm,9,90,5,6.846174374608231,7.665657865263681,0.05420438658783942,20000,20000,20,,
walker2d-medium-replay-v2,1,adm,9,91,4,7.063172799896462,7.826796736450013,0.055343810473125435,20000,20000,20,,
walker2d-medium-replay-v2,1,adm,9,92,2,7.399865087597304,8.232168038184215,0.05821021843667215,20000,20000,20,,
walker2d-medium-replay-v2,1,adm,9,93,4,7.2905492690655835,8.020033721545436,0.05671020229849561,20000,20000,20,,
walker2d-medium-replay-v2,1,adm,9,94,3,7.425255217028824,8.091362500511035,0.057214572931498925,20000,20000,20,,
walker2d-medium-replay-v2,1,adm,9,95,1,7.631965050196705,8.330161735690732,0.05890313851687617,20000,20000,20,,
walker2d-medium-replay-v2,1,adm,9,96,2,7.8065830123741256,8.52904007885617,0.06030942076771043,20000,20000,20,,
walker2d-medium-replay-v2,1,adm,9,97,5,7.5173286931450845,8.046968929056984,0.05690066297733643,20000,20000,20,,
walker2d-medium-replay-v2,1,adm,9,98,1,7.8985521864937605,8.398145581028018,0.0593838568973675,20000,20000,20,,
walker2d-medium-replay-v2,1,adm,9,99,1,8.313363730179804,8.942889727750194,0.0632357796989568,20000,20000,20,,
walker2d-medium-replay-v2,1,adm,9,100,1,8.646942309257147,9.376592938931907,0.0663025245154465,20000,20000,20,,
walker2d-medium-replay-v2,1,adm,10,1,1,0.2647241691873819,0.6898647025288834,0.004878080092594139,20000,20000,20,,
walker2d-medium-replay-v2,1,adm,10,2,1,0.42792882137224425,1.1891714889438574,0.00840871223825905,20000,20000,20,,
walker2d-medium-replay-v2,1,adm,10,3,5,0.41888161450022887,0.9886154402291009,0.006990566817717212,20000,20000,20,,
walker2d-medium-replay-v2,1,adm,10,4,5,0.4180699984090953,1.0127387410812199,0.007161144313888577,20000,20000,20,,
walker2d-medium-replay-v2,1,adm,10,5,2,0.6148781563390087,1.583926852239062,0.011200054181217034,20000,20000,20,,
walker2d-medium-replay-v2,1,adm,10,6,2,0.6094573807664736,1.601935214266512,0.011327392530293755,20000,20000,20,,
walker2d-medium-replay-v2,1,adm,10,7,2,0.7843043803585833,1.891807845940334,0.013377101565663255,20000,20000,20,,
walker2d-medium-replay-v2,1,adm,10,8,3,0.7876421220292907,1.8378808493250225,0.012995780115706148,20000,20000,20,,
walker2d-medium-replay-v2,1,adm,10,9,4,0.8376801889318094,1.9463293331254898,0.013762626698753246,20000,20000,20,,
walker2d-medium-replay-v2,1,adm,10,10,3,0.9651538787455815,2.2367272190999925,0.015816049842901334,20000,20000,20,,
walker2d-medium-replay-v2,1,adm,10,11,1,1.1166738784939245,2.4753721562154807,0.01750352437620332,20000,20000,20,,
walker2d-medium-replay-v2,1,adm,10,12,1,1.2534099574246433,2.8035544084072272,0.0198241233361019,20000,20000,20,,
walker2d-medium-replay-v2,1,adm,10,13,2,1.2364963385618397,2.792621226888706,0.019746814068185,20000,20000,20,,
walker2d-medium-replay-v2,1,adm,10,14,4,1.1802239309960658,2.6501854227898267,0.018739640838564237,20000,20000,20,,
walker2d-medium-replay-v2,1,adm,10,15,3,1.3267698697839532,2.8623469151617393,0.02023984913819261,20000,20000,20,,
walker2d-medium-replay-v2,1,adm,10,16,3,1.3851402220107314,3.00508558913258,0.021249163981216183,20000,20000,20,,
walker2d-medium-replay-v2,1,adm,10,17,2,1.4955426860634764,3.1830111404023436,0.02250728761970823,20000,20000,20,,
walker2d-medium-replay-v2,1,adm,10,18,3,1.525500165302763,3.1979337297765382,0.022612806261101782,20000,20000,20,,
walker2d-medium-replay-v2,1,adm,10,19,4,1.5550147239950376,3.1582635737671745,0.02233229589785229,20000,20000,20,,
walker2d-medium-replay-v2,1,adm,10,20,1,1.7029831575910281,3.3442519170405443,0.023647432085354803,20000,20000,20,,
walker2d-medium-replay-v2,1,adm,10,21,3,1.6693208215874757,3.301585858360529,0.023345737491163383,20000,20000,20,,
walker2d-medium-replay-v2,1,adm,10,22,5,1.7100675363754585,3.3508430551190584,0.023694038469665345,20000,20000,20,,
walker2d-medium-replay-v2,1,adm,10,23,5,1.7310713190825562,3.3861469726460727,0.023943674864523368,20000,20000,20,,
walker2d-medium-replay-v2,1,adm,10,24,5,1.802753338252436,3.4883582208282267,0.02466641753155479,20000,20000,20,,
walker2d-medium-replay-v2,1,adm,10,25,2,1.9753227356952447,3.812474026795101,0.026958262374443993,20000,20000,20,,
walker2d-medium-replay-v2,1,adm,10,26,3,2.017209200193389,3.796172747163033,0.026842994920745458,20000,20000,20,,
walker2d-medium-replay-v2,1,adm,10,27,4,2.044749956150346,3.751842975023472,0.026529536095862078,20000,20000,20,,
walker2d-medium-replay-v2,1,adm,10,28,3,2.1758005947154784,3.954982891227339,0.02796595221863629,20000,20000,20,,
walker2d-medium-replay-v2,1,adm,10,29,2,2.2866446286607367,4.122935936230181,0.02915355958906068,20000,20000,20,,
walker2d-medium-replay-v2,1,adm,10,30,3,2.2910986174502814,4.076840048953704,0.028827612444280604,20000,20000,20,,
walker2d-medium-replay-v2,1,adm,10,31,5,2.3098503326273643,4.110731614634924,0.029067262003462803,20000,20000,20,,
walker2d-medium-replay-v2,1,adm,10,32,4,2.418049469917466,4.224124164294555,0.029869068411466373,20000,20000,20,,
walker2d-medium-replay-v2,1,adm,10,33,3,2.5128528951602647,4.324049151342103,0.030575644770979366,20000,20000,20,,
walker2d-medium-replay-v2,1,adm,10,34,3,2.5974632617050935,4.443450948485157,0.03141994297543651,20000,20000,20,,
walker2d-medium-replay-v2,1,adm,10,35,2,2.7716248613855017,4.709693621501748,0.033302562970749156,20000,20000,20,,
walker2d-medium-replay-v2,1,adm,10,36,3,2.8002244280263247,4.719668230938385,0.033373094110472484,20000,20000,20,,
walker2d-medium-replay-v2,1,adm,10,37,5,2.7930384926526077,4.642585500509011,0.03282803689648263,20000,20000,20,,
walker2d-medium-replay-v2,1,adm,10,38,4,2.8818128657879822,4.704566973732392,0.03326631209672449,20000,20000,20,,
walker2d-medium-replay-v2,1,adm,10,39,2,3.053473462707435,4.998228145325121,0.035342810154768534,20000,20000,20,,
walker2d-medium-replay-v2,1,adm,10,40,3,3.0810198391071135,4.972707463361135,0.035162351681996135,20000,20000,20,,
walker2d-medium-replay-v2,1,adm,10,41,1,3.2181278423271973,5.058746388771915,0.0357707387580358,20000,20000,20,,
walker2d-medium-replay-v2,1,adm,10,42,1,3.370169570342531,5.241432774626039,0.03706252658071493,20000,20000,20,,
walker2d-medium-replay-v2,1,adm,10,43,2,3.4269937387617824,5.327578636519566,0.037671669811875655,20000,20000,20,,
walker2d-medium-replay-v2,1,adm,10,44,1,3.5386327481727946,5.374898962660806,0.038006275046899955,20000,20000,20,,
walker2d-medium-replay-v2,1,adm,10,45,5,3.358662595119381,5.196368570239664,0.03674387453561111,20000,20000,20,,
walker2d-medium-replay-v2,1,adm,10,46,5,3.454202467428616,5.319119584102312,0.03761185527860913,20000,20000,20,,
walker2d-medium-replay-v2,1,adm,10,47,5,3.540285348487228,5.354441459408531,0.037861618654141664,20000,20000,20,,
walker2d-medium-replay-v2,1,adm,10,48,4,3.680635141767133,5.526021306564214,0.03907487138852901,20000,20000,20,,
walker2d-medium-replay-v2,1,adm,10,49,2,3.817944083825942,5.729669844922296,0.040514884013046294,20000,20000,20,,
walker2d-medium-replay-v2,1,adm,10,50,4,3.7352247736810997,5.591402174699042,0.039537183940709014,20000,20000,20,,
walker2d-medium-replay-v2,1,adm,10,51,2,4.027266320371149,5.939062755445207,0.04199551548267767,20000,20000,20,,
walker2d-medium-replay-v2,1,adm,10,52,4,3.9637544300391854,5.7695116538617865,0.04079660814580482,20000,20000,20,,
walker2d-medium-replay-v2,1,adm,10,53,4,4.013546240962196,5.830504618669507,0.041227893536006935,20000,20000,20,,
walker2d-medium-replay-v2,1,adm,10,54,4,3.981998955018798,5.680818933209158,0.040169455903651244,20000,20000,20,,
walker2d-medium-replay-v2,1,adm,10,55,5,4.0124151292556745,5.65958598235817,0.0400193162683379,20000,20000,20,,
walker2d-medium-replay-v2,1,adm,10,56,5,4.201631520930835,5.885307260585941,0.04161540673326743,20000,20000,20,,
walker2d-medium-replay-v2,1,adm,10,57,2,4.405075523166937,6.175580302070552,0.043667947093561546,20000,20000,20,,
walker2d-medium-replay-v2,1,adm,10,58,1,4.511931542327821,6.207847767532524,0.043896112529960174,20000,20000,20,,
walker2d-medium-replay-v2,1,adm,10,59,5,4.362968823000143,6.035956597380339,0.042680658409553165,20000,20000,20,,
walker2d-medium-replay-v2,1,adm,10,60,2,4.746078684029603,6.52133280995913,0.04611278652296424,20000,20000,20,,
walker2d-medium-replay-v2,1,adm,10,61,2,4.71971824876398,6.4974692066982165,0.045944045366070864,20000,20000,20,,
walker2d-medium-replay-v2,1,adm,10,62,2,4.9284650545059385,6.668277851957243,0.04715184487955031,20000,20000,20,,
walker2d-medium-replay-v2,1,adm,10,63,1,5.007718843825272,6.646659768270006,0.046998981943835276,20000,20000,20,,
walker2d-medium-replay-v2,1,adm,10,64,4,4.884292088813447,6.45163317006889,0.04561993564283774,20000,20000,20,,
walker2d-medium-replay-v2,1,adm,10,65,5,4.862079200698902,6.44959619601072,0.045605532061141416,20000,20000,20,,
walker2d-medium-replay-v2,1,adm,10,66,4,5.007448267702088,6.533651616036762,0.04619989363610039,20000,20000,20,,
walker2d-medium-replay-v2,1,adm,10,67,1,5.1534333876418215,6.660339069970483,0.047095709213778314,20000,20000,20,,
walker2d-medium-replay-v2,1,adm,10,68,1,5.3409593422454895,6.922765528905794,0.04895134450053763,20000,20000,20,,
walker2d-medium-replay-v2,1,adm,10,69,2,5.397006314630605,6.9044437908508005,0.048821790248319535,20000,20000,20,,
walker2d-medium-replay-v2,1,adm,10,70,1,5.482723750412748,6.974007681293453,0.04931368123489671,20000,20000,20,,
walker2d-medium-replay-v2,1,adm,10,71,3,5.4696171803526035,6.944976066324004,0.04910839671675977,20000,20000,20,,
walker2d-medium-replay-v2,1,adm,10,72,3,5.545531112258381,6.955411082665938,0.04918218342493151,20000,20000,20,,
walker2d-medium-replay-v2,1,adm,10,73,4,5.544375900340411,6.906488323531352,0.04883624727754729,20000,20000,20,,
walker2d-medium-replay-v2,1,adm,10,74,1,5.710206196625862,7.098291113867439,0.050192497814518774,20000,20000,20,,
walker2d-medium-replay-v2,1,adm,10,75,4,5.6457845188422695,6.964715673050481,0.04924797681450224,20000,20000,20,,
walker2d-medium-replay-v2,1,adm,10,76,4,5.711124479689829,6.942565131904656,0.0490913488359906,20000,20000,20,,
walker2d-medium-replay-v2,1,adm,10,77,3,5.9500482027128845,7.213104945490938,0.051004354203668646,20000,20000,20,,
walker2d-medium-replay-v2,1,adm,10,78,3,5.95636299963507,7.226312244264784,0.05109774390891007,20000,20000,20,,
walker2d-medium-replay-v2,1,adm,10,79,2,6.264763237705671,7.59572957404239,0.0537099188986458,20000,20000,20,,
walker2d-medium-replay-v2,1,adm,10,80,2,6.235943292159996,7.4415702385440525,0.05261984778350493,20000,20000,20,,
walker2d-medium-replay-v2,1,adm,10,81,5,6.002585725026946,7.08151208109886,0.05007385213599464,20000,20000,20,,
walker2d-medium-replay-v2,1,adm,10,82,4,6.19893117309812,7.299401556589324,0.051614563392679516,20000,20000,20,,
walker2d-medium-replay-v2,1,adm,10,83,1,6.433333813290148,7.477819749709181,0.05287617053510053,20000,20000,20,,
walker2d-medium-replay-v2,1,adm,10,84,3,6.417942285022272,7.4686488475742285,0.052811322464208305,20000,20000,20,,
walker2d-medium-replay-v2,1,adm,10,85,2,6.774894514756631,7.865772880790693,0.05561941343280344,20000,20000,20,,
walker2d-medium-replay-v2,1,adm,10,86,3,6.698129178187273,7.686186034979676,0.05434954266795471,20000,20000,20,,
walker2d-medium-replay-v2,1,adm,10,87,5,6.538207057945415,7.418516892959786,0.052456836013588214,20000,20000,20,,
walker2d-medium-replay-v2,1,adm,10,88,4,6.734109147937104,7.6756917441270005,0.054275336825698,20000,20000,20,,
walker2d-medium-replay-v2,1,adm,10,89,4,6.813427161819081,7.698580333201586,0.05443718359116232,20000,20000,20,,
walker2d-medium-replay-v2,1,adm,10,90,4,6.84745412522875,7.74174619403628,0.05474241232028199,20000,20000,20,,
walker2d-medium-replay-v2,1,adm,10,91,4,6.91945406398529,7.727608317496391,0.05464244243655265,20000,20000,20,,
walker2d-medium-replay-v2,1,adm,10,92,1,7.197660232536163,8.05104547512481,0.056929488511020226,20000,20000,20,,
walker2d-medium-replay-v2,1,adm,10,93,2,7.323369096436551,8.219743124220315,0.058122361027476824,20000,20000,20,,
walker2d-medium-replay-v2,1,adm,10,94,5,7.071523653500113,7.711303877144423,0.05452715263318937,20000,20000,20,,
walker2d-medium-replay-v2,1,adm,10,95,3,7.381942356570417,8.037376945051005,0.05683283740797982,20000,20000,20,,
walker2d-medium-replay-v2,1,adm,10,96,4,7.335293995839903,7.927600651044611,0.05605660178892533,20000,20000,20,,
walker2d-medium-replay-v2,1,adm,10,97,4,7.479795278059807,8.053691246755694,0.056948196941636914,20000,20000,20,,
walker2d-medium-replay-v2,1,adm,10,98,2,7.875089793659724,8.557171649966065,0.060508341014682825,20000,20000,20,,
walker2d-medium-replay-v2,1,adm,10,99,3,7.793371165457851,8.340605321091939,0.05897698581744711,20000,20000,20,,
walker2d-medium-replay-v2,1,adm,10,100,2,8.218141275648557,8.862378448940165,0.06266647898687107,20000,20000,20,,
walker2d-medium-replay-v2,1,adm,11,1,4,0.33971614290653385,0.8449241916380088,0.00597451625495798,20000,20000,20,,
walker2d-medium-replay-v2,1,adm,11,2,2,0.24910474347714198,0.7452384657154619,0.005269631727084615,20000,20000,20,,
walker2d-medium-replay-v2,1,adm,11,3,4,0.33887806760039274,0.8349986971348792,0.0059043324102600525,20000,20000,20,,
walker2d-medium-replay-v2,1,adm,11,4,3,0.5611895208003842,1.4032751549554783,0.00992265377939622,20000,20000,20,,
walker2d-medium-replay-v2,1,adm,11,5,1,0.7395724287249252,1.6902446910363342,0.011951834828963528,20000,20000,20,,
walker2d-medium-replay-v2,1,adm,11,6,1,0.8984481694704988,2.087567056392559,0.014761328217568183,20000,20000,20,,
walker2d-medium-replay-v2,1,adm,11,7,2,0.8822719345447213,2.104518247722184,0.014881191240951868,20000,20000,20,,
walker2d-medium-replay-v2,1,adm,11,8,2,0.9979680167711389,2.3090637028609264,0.016327546024846804,20000,20000,20,,
walker2d-medium-replay-v2,1,adm,11,9,5,0.8910489647715618,2.0759232341159564,0.014678993960661016,20000,20000,20,,
walker2d-medium-replay-v2,1,adm,11,10,1,1.0522902332680466,2.348069942886126,0.01660336179315089,20000,20000,20,,
walker2d-medium-replay-v2,1,adm,11,11,1,1.181333117257445,2.596533239489379,0.018360262612192136,20000,20000,20,,
walker2d-medium-replay-v2,1,adm,11,12,4,1.222944700760186,2.707840567117675,0.019147324273809347,20000,20000,20,,
walker2d-medium-replay-v2,1,adm,11,13,5,1.2742900487863418,2.833207850082959,0.020033804833046197,20000,20000,20,,
walker2d-medium-replay-v2,1,adm,11,14,4,1.22322560284572,2.6565633571857306,0.018784739645177306,20000,20000,20,,
walker2d-medium-replay-v2,1,adm,11,15,1,1.3794645375375163,2.8848791047124442,0.020399175778455455,20000,20000,20,,
walker2d-medium-replay-v2,1,adm,11,16,3,1.431958242958752,3.013806000370593,0.02131082660042753,20000,20000,20,,
walker2d-medium-replay-v2,1,adm,11,17,1,1.5702017741336263,3.147255037017002,0.022254453787982405,20000,20000,20,,
walker2d-medium-replay-v2,1,adm,11,18,5,1.516695433360842,3.052813655734476,0.021586652376687422,20000,20000,20,,
walker2d-medium-replay-v2,1,adm,11,19,4,1.5486798527832801,3.1578941091127475,0.02232968338822675,20000,20000,20,,
walker2d-medium-replay-v2,1,adm,11,20,5,1.6007218259384712,3.201279706327729,0.022636465888192167,20000,20000,20,,
walker2d-medium-replay-v2,1,adm,11,21,3,1.7240392786833318,3.337166376798241,0.023597329749817774,20000,20000,20,,
walker2d-medium-replay-v2,1,adm,11,22,5,1.8026614779072323,3.4637913414603014,0.024492703461618272,20000,20000,20,,
walker2d-medium-replay-v2,1,adm,11,23,1,1.95934130944906,3.6247532266038847,0.025630875866594252,20000,20000,20,,
walker2d-medium-replay-v2,1,adm,11,24,5,1.8289175588885114,3.414832714429483,0.024146513689907525,20000,20000,20,,
walker2d-medium-replay-v2,1,adm,11,25,5,1.884390962646772,3.5300366297486176,0.024961128387321535,20000,20000,20,,
walker2d-medium-replay-v2,1,adm,11,26,2,2.0374652031948215,3.826300073756506,0.02705602729007812,20000,20000,20,,
walker2d-medium-replay-v2,1,adm,11,27,5,2.075264967581595,3.7042447087580435,0.026192965527372002,20000,20000,20,,
walker2d-medium-replay-v2,1,adm,11,28,4,2.0877405385232692,3.8072266616608745,0.026921157899746258,20000,20000,20,,
walker2d-medium-replay-v2,1,adm,11,29,1,2.249730026915728,4.0116854200381065,0.02836689964496148,20000,20000,20,,
walker2d-medium-replay-v2,1,adm,11,30,2,2.3388801309088034,4.185594619712552,0.029596623388966743,20000,20000,20,,
walker2d-medium-replay-v2,1,adm,11,31,5,2.321434645558421,4.046652081190615,0.028614151277125393,20000,20000,20,,
walker2d-medium-replay-v2,1,adm,11,32,2,2.5385667766913387,4.405223767311069,0.031149635985098068,20000,20000,20,,
walker2d-medium-replay-v2,1,adm,11,33,5,2.4611440130307836,4.250324534029315,0.03005433300255681,20000,20000,20,,
walker2d-medium-replay-v2,1,adm,11,34,4,2.603601313942063,4.416767648159214,0.031231263549387395,20000,20000,20,,
walker2d-medium-replay-v2,1,adm,11,35,4,2.6647446645926953,4.461259377308743,0.03154586758327086,20000,20000,20,,
walker2d-medium-replay-v2,1,adm,11,36,1,2.8481550711323567,4.715541883423067,0.03334391642737635,20000,20000,20,,
walker2d-medium-replay-v2,1,adm,11,37,3,2.8668572557411136,4.788548730829206,0.03386015279611567,20000,20000,20,,
walker2d-medium-replay-v2,1,adm,11,38,1,2.9932241802746553,4.812156445596728,0.03402708454812,20000,20000,20,,
walker2d-medium-replay-v2,1,adm,11,39,3,3.013589827674279,4.878189629293504,0.03449400966787327,20000,20000,20,,
walker2d-medium-replay-v2,1,adm,11,40,1,3.161277788807484,5.065859389813805,0.03582103527074887,20000,20000,20,,
walker2d-medium-replay-v2,1,adm,11,41,5,3.0764284692124932,4.944049704265841,0.03495971072409721,20000,20000,20,,
walker2d-medium-replay-v2,1,adm,11,42,4,3.1706132316832885,4.961076335173165,0.0350801071858505,20000,20000,20,,
walker2d-medium-replay-v2,1,adm,11,43,2,3.351895305025109,5.287223054217241,0.0373863127528286,20000,20000,20,,
walker2d-medium-replay-v2,1,adm,11,44,5,3.2569380525822433,5.064528877618112,0.03581162712878861,20000,20000,20,,
walker2d-medium-replay-v2,1,adm,11,45,2,3.5293824660049222,5.509564209912148,0.038958502142115825,20000,20000,20,,
walker2d-medium-replay-v2,1,adm,11,46,3,3.524322107247899,5.371507113747662,0.037982291053227514,20000,20000,20,,
walker2d-medium-replay-v2,1,adm,11,47,5,3.496852656215338,5.314502696928697,0.037579208956324765,20000,20000,20,,
walker2d-medium-replay-v2,1,adm,11,48,3,3.6873972350997333,5.545455345808463,0.03921229079788355,20000,20000,20,,
walker2d-medium-replay-v2,1,adm,11,49,1,3.8352200869635364,5.631612346574973,0.039821512792770485,20000,20000,20,,
walker2d-medium-replay-v2,1,adm,11,50,1,4.009654149098772,5.846526291043486,0.04134118386782283,20000,20000,20,,
walker2d-medium-replay-v2,1,adm,11,51,5,3.7606100190973657,5.4313772580685376,0.0384056369036266,20000,20000,20,,
walker2d-medium-replay-v2,1,adm,11,52,5,3.8141302966332717,5.56865552279082,0.039376340822573075,20000,20000,20,,
walker2d-medium-replay-v2,1,adm,11,53,4,4.00470084894907,5.774461906257797,0.04083161171618286,20000,20000,20,,
walker2d-medium-replay-v2,1,adm,11,54,2,4.117405502775039,5.943618360538723,0.04202772847521801,20000,20000,20,,
walker2d-medium-replay-v2,1,adm,11,55,3,4.113184202152738,5.9592249678630065,0.04213808385392118,20000,20000,20,,
walker2d-medium-replay-v2,1,adm,11,56,2,4.316727501413197,6.222154236161852,0.04399727453978648,20000,20000,20,,
walker2d-medium-replay-v2,1,adm,11,57,4,4.27410178279024,5.9845831185847445,0.04231739305725809,20000,20000,20,,
walker2d-medium-replay-v2,1,adm,11,58,3,4.301924430845101,6.025411830740921,0.04260609564958555,20000,20000,20,,
walker2d-medium-replay-v2,1,adm,11,59,2,4.5631546544109955,6.290152556692736,0.04447809527535333,20000,20000,20,,
walker2d-medium-replay-v2,1,adm,11,60,5,4.348738372387918,5.984609089186714,0.04231757669714573,20000,20000,20,,
walker2d-medium-replay-v2,1,adm,11,61,2,4.72588696142802,6.434608333859351,0.045499551871514186,20000,20000,20,,
walker2d-medium-replay-v2,1,adm,11,62,3,4.704663477388347,6.334162716203053,0.044789294097661796,20000,20000,20,,
walker2d-medium-replay-v2,1,adm,11,63,4,4.711517175961976,6.2680018282954215,0.044321465972773706,20000,20000,20,,
walker2d-medium-replay-v2,1,adm,11,64,1,4.927020485255889,6.528262687935222,0.04616178816006114,20000,20000,20,,
walker2d-medium-replay-v2,1,adm,11,65,4,4.93652832911006,6.542529207692909,0.04626266768870706,20000,20000,20,,
walker2d-medium-replay-v2,1,adm,11,66,1,5.12508134795813,6.728269517794739,0.047576050016834015,20000,20000,20,,
walker2d-medium-replay-v2,1,adm,11,67,3,5.139721597494448,6.717094502804034,0.047497030728036134,20000,20000,20,,
walker2d-medium-replay-v2,1,adm,11,68,3,5.191522521643412,6.697291238613549,0.047357000504048924,20000,20000,20,,
walker2d-medium-replay-v2,1,adm,11,69,2,5.39059184815466,7.068114131421759,0.0499791143252879,20000,20000,20,,
walker2d-medium-replay-v2,1,adm,11,70,5,5.198044296662511,6.633189110690322,0.046903730010618906,20000,20000,20,,
walker2d-medium-replay-v2,1,adm,11,71,2,5.565236888385173,7.115989224923908,0.05031764235794099,20000,20000,20,,
walker2d-medium-replay-v2,1,adm,11,72,1,5.6630104373465,7.187806563812453,0.05082546763128962,20000,20000,20,,
walker2d-medium-replay-v2,1,adm,11,73,3,5.550330059158526,6.90522982115568,0.048827348321907514,20000,20000,20,,
walker2d-medium-replay-v2,1,adm,11,74,2,5.8876717497514175,7.416890621540059,0.052445336538098825,20000,20000,20,,
walker2d-medium-replay-v2,1,adm,11,75,1,5.987070966134725,7.461370420295376,0.0527598562113558,20000,20000,20,,
walker2d-medium-replay-v2,1,adm,11,76,1,6.1558978347026105,7.6590780879243505,0.054157860536086046,20000,20000,20,,
walker2d-medium-replay-v2,1,adm,11,77,2,6.168116626991151,7.610967882534666,0.05381767001133281,20000,20000,20,,
walker2d-medium-replay-v2,1,adm,11,78,4,5.9502279069095785,7.2002539941926225,0.05091348425559127,20000,20000,20,,
walker2d-medium-replay-v2,1,adm,11,79,1,6.148338577004242,7.440774465788868,0.05261422082039019,20000,20000,20,,
walker2d-medium-replay-v2,1,adm,11,80,1,6.377997613703714,7.7137214287998965,0.05454424730488391,20000,20000,20,,
walker2d-medium-replay-v2,1,adm,11,81,2,6.468128362571406,7.815531867541636,0.05526415582118253,20000,20000,20,,
walker2d-medium-replay-v2,1,adm,11,82,5,6.297744529717338,7.476870193803473,0.052869456160900115,20000,20000,20,,
walker2d-medium-replay-v2,1,adm,11,83,1,6.521595931809438,7.689107101574726,0.05437019772793129,20000,20000,20,,
walker2d-medium-replay-v2,1,adm,11,84,3,6.6476857423144695,7.8277888170346595,0.05535082554221431,20000,20000,20,,
walker2d-medium-replay-v2,1,adm,11,85,5,6.488766439890979,7.515246873671653,0.05314082026664226,20000,20000,20,,
walker2d-medium-replay-v2,1,adm,11,86,5,6.610136638455038,7.566581354536152,0.05350380986192205,20000,20000,20,,
walker2d-medium-replay-v2,1,adm,11,87,4,6.759696325290091,7.736866755393967,0.05470790947875836,20000,20000,20,,
walker2d-medium-replay-v2,1,adm,11,88,4,6.801377014786037,7.705895864450525,0.05448891220870339,20000,20000,20,,
walker2d-medium-replay-v2,1,adm,11,89,1,7.022976702697747,7.9458318800083765,0.05618551604522176,20000,20000,20,,
walker2d-medium-replay-v2,1,adm,11,90,4,6.898232838518573,7.720083371388412,0.0545892330323425,20000,20000,20,,
walker2d-medium-replay-v2,1,adm,11,91,2,7.3269388043464465,8.263810331604004,0.05843396323916643,20000,20000,20,,
walker2d-medium-replay-v2,1,adm,11,92,2,7.398054833106795,8.330119506897287,0.058902839914214106,20000,20000,20,,
walker2d-medium-replay-v2,1,adm,11,93,2,7.631319781036838,8.589458587594542,0.06073664414009126,20000,20000,20,,
walker2d-medium-replay-v2,1,adm,11,94,1,7.7709056486086014,8.664206819737897,0.06126519395839398,20000,20000,20,,
walker2d-medium-replay-v2,1,adm,11,95,1,8.016383998533879,9.022709326615395,0.06380018949524853,20000,20000,20,,
walker2d-medium-replay-v2,1,adm,11,96,2,8.047522640100162,8.907259162845486,0.06298383355834053,20000,20000,20,,
walker2d-medium-replay-v2,1,adm,11,97,2,8.288448770653789,9.234225971447382,0.06529583803419378,20000,20000,20,,
walker2d-medium-replay-v2,1,adm,11,98,1,8.409405703666197,9.296205470428038,0.06573409927443145,20000,20000,20,,
walker2d-medium-replay-v2,1,adm,11,99,4,8.037302696329219,8.725702226122673,0.06170003214705895,20000,20000,20,,
walker2d-medium-replay-v2,1,adm,11,100,2,8.627977399109794,9.562787686356417,0.06761912020069838,20000,20000,20,,
walker2d-medium-replay-v2,1,adm,12,1,2,0.25096806093695573,0.747462424089452,0.005285357487557865,20000,20000,20,,
walker2d-medium-replay-v2,1,adm,12,2,3,0.2739265932049665,0.7504525847566738,0.005306501116404163,20000,20000,20,,
walker2d-medium-replay-v2,1,adm,12,3,3,0.270898910489069,0.7299083091252294,0.005161231150268565,20000,20000,20,,
walker2d-medium-replay-v2,1,adm,12,4,2,0.49321696799340325,1.2978114884225938,0.009176913041654225,20000,20000,20,,
walker2d-medium-replay-v2,1,adm,12,5,3,0.4971149861020717,1.2428425166814974,0.008788223714924416,20000,20000,20,,
walker2d-medium-replay-v2,1,adm,12,6,5,0.6044536707705019,1.4687244851955081,0.010385450431764648,20000,20000,20,,
walker2d-medium-replay-v2,1,adm,12,7,1,0.7758667118047353,1.792764018685993,0.01267675594680112,20000,20000,20,,
walker2d-medium-replay-v2,1,adm,12,8,3,0.7510113599540135,1.8877411972221412,0.013348346016809879,20000,20000,20,,
walker2d-medium-replay-v2,1,adm,12,9,2,0.8964724723482134,2.1106885666062953,0.014924821984202252,20000,20000,20,,
walker2d-medium-replay-v2,1,adm,12,10,3,0.9110463069417507,2.1275656608490876,0.01504416106206028,20000,20000,20,,
walker2d-medium-replay-v2,1,adm,12,11,2,1.070426296824524,2.438032720515715,0.017239494694313486,20000,20000,20,,
walker2d-medium-replay-v2,1,adm,12,12,4,0.9708062846928084,2.2730413811041297,0.016072829744963657,20000,20000,20,,
walker2d-medium-replay-v2,1,adm,12,13,5,1.0362269247836626,2.39283655101163,0.016919909514913536,20000,20000,20,,
walker2d-medium-replay-v2,1,adm,12,14,5,1.1774887020711675,2.637254824199522,0.018648207699084183,20000,20000,20,,
walker2d-medium-replay-v2,1,adm,12,15,1,1.3198911584978323,2.8458947122622047,0.020123514495835434,20000,20000,20,,
walker2d-medium-replay-v2,1,adm,12,16,5,1.3073790065705344,2.8785075642931344,0.020354122184084472,20000,20000,20,,
walker2d-medium-replay-v2,1,adm,12,17,4,1.2501993124504618,2.6540627381741646,0.01876705759857488,20000,20000,20,,
walker2d-medium-replay-v2,1,adm,12,18,5,1.3131338497025653,2.778229107542261,0.019645046416329828,20000,20000,20,,
walker2d-medium-replay-v2,1,adm,12,19,5,1.434008043467981,3.00026013484895,0.021215042866753582,20000,20000,20,,
walker2d-medium-replay-v2,1,adm,12,20,5,1.5130330448904783,3.097388379181751,0.021901843268878254,20000,20000,20,,
walker2d-medium-replay-v2,1,adm,12,21,5,1.5460295899882903,3.079519568747463,0.02177549169858003,20000,20000,20,,
walker2d-medium-replay-v2,1,adm,12,22,4,1.5566220749021098,3.0916302426232134,0.021861127094802854,20000,20000,20,,
walker2d-medium-replay-v2,1,adm,12,23,2,1.7683662007267784,3.493184281473156,0.024700542933639262,20000,20000,20,,
walker2d-medium-replay-v2,1,adm,12,24,3,1.7641361707706822,3.4244093421065323,0.024214230673620926,20000,20000,20,,
walker2d-medium-replay-v2,1,adm,12,25,4,1.8159979389270622,3.4799999897689986,0.02460731591294775,20000,20000,20,,
walker2d-medium-replay-v2,1,adm,12,26,1,1.9619541558938631,3.6090463000976474,0.02551981112415266,20000,20000,20,,
walker2d-medium-replay-v2,1,adm,12,27,1,2.1239956861171443,3.889113265020874,0.027500183624988146,20000,20000,20,,
walker2d-medium-replay-v2,1,adm,12,28,4,2.030871139235844,3.733412585326843,0.026399213560518105,20000,20000,20,,
walker2d-medium-replay-v2,1,adm,12,29,2,2.2293706519911995,4.008664454461279,0.028345538192510424,20000,20000,20,,
walker2d-medium-replay-v2,1,adm,12,30,5,2.1478247584825243,3.8767544973557038,0.027412793940756637,20000,20000,20,,
walker2d-medium-replay-v2,1,adm,12,31,1,2.322253685536425,4.0691126278573035,0.028772971325697116,20000,20000,20,,
walker2d-medium-replay-v2,1,adm,12,32,2,2.401308896406498,4.26074778956753,0.03012803654928793,20000,20000,20,,
walker2d-medium-replay-v2,1,adm,12,33,4,2.47725264206413,4.289891363776862,0.030334112738802252,20000,20000,20,,
walker2d-medium-replay-v2,1,adm,12,34,3,2.524331247871329,4.385433215098201,0.031009695648366614,20000,20000,20,,
walker2d-medium-replay-v2,1,adm,12,35,4,2.5779206249531694,4.372817572511831,0.03092048958414813,20000,20000,20,,
walker2d-medium-replay-v2,1,adm,12,36,3,2.7484362929977455,4.6988808139468174,0.03322610487529158,20000,20000,20,,
walker2d-medium-replay-v2,1,adm,12,37,4,2.790906258491841,4.649647104231518,0.03287796997526501,20000,20000,20,,
walker2d-medium-replay-v2,1,adm,12,38,2,2.985132775951219,4.907838619023743,0.034703659684809096,20000,20000,20,,
walker2d-medium-replay-v2,1,adm,12,39,1,3.0860665045372566,4.937600835987662,0.034914110339192415,20000,20000,20,,
walker2d-medium-replay-v2,1,adm,12,40,1,3.208853589292488,5.101209834654934,0.03607100066340011,20000,20000,20,,
walker2d-medium-replay-v2,1,adm,12,41,3,3.1068477090636843,4.975944257088502,0.035185239269935366,20000,20000,20,,
walker2d-medium-replay-v2,1,adm,12,42,1,3.293019254318816,5.133700788057597,0.036300746398182496,20000,20000,20,,
walker2d-medium-replay-v2,1,adm,12,43,3,3.3730042093683914,5.270034181383784,0.037264769067413696,20000,20000,20,,
walker2d-medium-replay-v2,1,adm,12,44,5,3.3063266125210844,5.122708294503426,0.03622301773083946,20000,20000,20,,
walker2d-medium-replay-v2,1,adm,12,45,3,3.4939330320882203,5.3599704227377964,0.03790071432877221,20000,20000,20,,
walker2d-medium-replay-v2,1,adm,12,46,2,3.6118099715355405,5.5016091157469775,0.038902251131824134,20000,20000,20,,
walker2d-medium-replay-v2,1,adm,12,47,3,3.5951725076839796,5.416571389599238,0.038300943603666614,20000,20000,20,,
walker2d-medium-replay-v2,1,adm,12,48,5,3.5908864055352576,5.359184139133336,0.037895154464085715,20000,20000,20,,
walker2d-medium-replay-v2,1,adm,12,49,2,3.7749162950138024,5.562107653019153,0.03933004039139435,20000,20000,20,,
walker2d-medium-replay-v2,1,adm,12,50,2,3.8408586748805043,5.558467416699293,0.03930430003352541,20000,20000,20,,
walker2d-medium-replay-v2,1,adm,12,51,5,3.761837655615317,5.440440584729013,0.03846972430104391,20000,20000,20,,
walker2d-medium-replay-v2,1,adm,12,52,1,3.986689176841138,5.699355592143877,0.04030052987598406,20000,20000,20,,
walker2d-medium-replay-v2,1,adm,12,53,1,4.17203293003819,5.973999384082272,0.04224255475288832,20000,20000,20,,
walker2d-medium-replay-v2,1,adm,12,54,1,4.309861133499278,6.204935400081067,0.04387551898221786,20000,20000,20,,
walker2d-medium-replay-v2,1,adm,12,55,2,4.322139487054288,6.186289243307886,0.04374367074324402,20000,20000,20,,
walker2d-medium-replay-v2,1,adm,12,56,4,4.1769997326785715,5.839870709207154,0.04129412179733071,20000,20000,20,,
walker2d-medium-replay-v2,1,adm,12,57,3,4.430631569961486,6.196711523220098,0.043817367391257515,20000,20000,20,,
walker2d-medium-replay-v2,1,adm,12,58,2,4.44821855965575,6.1331264229228415,0.043367752835231345,20000,20000,20,,
walker2d-medium-replay-v2,1,adm,12,59,3,4.428293359400157,6.01565796222208,0.042537125383860806,20000,20000,20,,
walker2d-medium-replay-v2,1,adm,12,60,3,4.6053574597575375,6.26546157074177,0.044303503639352225,20000,20000,20,,
walker2d-medium-replay-v2,1,adm,12,61,3,4.6513449109754434,6.2953149645042625,0.04451459901106113,20000,20000,20,,
walker2d-medium-replay-v2,1,adm,12,62,3,4.7018798490502665,6.36496427351517,0.045007093998126836,20000,20000,20,,
walker2d-medium-replay-v2,1,adm,12,63,1,4.858001701540795,6.436808672205277,0.045515110613167285,20000,20000,20,,
walker2d-medium-replay-v2,1,adm,12,64,1,5.050188130483721,6.671536317125186,0.04717488570771544,20000,20000,20,,
walker2d-medium-replay-v2,1,adm,12,65,2,5.059943888890981,6.697475076558942,0.047358300434627194,20000,20000,20,,
walker2d-medium-replay-v2,1,adm,12,66,4,4.888541057694636,6.453075123278319,0.04563013179176315,20000,20000,20,,
walker2d-medium-replay-v2,1,adm,12,67,1,5.077004684663008,6.609965311521363,0.04673951295184606,20000,20000,20,,
walker2d-medium-replay-v2,1,adm,12,68,3,5.19003038278795,6.719730743331029,0.0475156717635709,20000,20000,20,,
walker2d-medium-replay-v2,1,adm,12,69,4,5.205972310470084,6.769818854931192,0.04786984819726394,20000,20000,20,,
walker2d-medium-replay-v2,1,adm,12,70,3,5.286034370596731,6.751153374898193,0.047737863322209584,20000,20000,20,,
walker2d-medium-replay-v2,1,adm,12,71,4,5.308962258271861,6.692189785459476,0.047320927782857417,20000,20000,20,,
walker2d-medium-replay-v2,1,adm,12,72,3,5.435750326774681,6.897140234974586,0.04877014630945107,20000,20000,20,,
walker2d-medium-replay-v2,1,adm,12,73,4,5.426748590831588,6.802086329571152,0.048098013698560746,20000,20000,20,,
walker2d-medium-replay-v2,1,adm,12,74,2,5.71707398154103,7.173201214124269,0.05072219221322846,20000,20000,20,,
walker2d-medium-replay-v2,1,adm,12,75,2,5.7416835480107755,7.145379746965522,0.050525464732323375,20000,20000,20,,
walker2d-medium-replay-v2,1,adm,12,76,4,5.662798606497128,6.953644881146779,0.049169694494220116,20000,20000,20,,
walker2d-medium-replay-v2,1,adm,12,77,5,5.646880456800087,6.850134903617252,0.04843776842390416,20000,20000,20,,
walker2d-medium-replay-v2,1,adm,12,78,4,5.859380107184325,7.107470156681739,0.05025740344870671,20000,20000,20,,
walker2d-medium-replay-v2,1,adm,12,79,5,5.856307086465144,7.079328973529252,0.05005841523432935,20000,20000,20,,
walker2d-medium-replay-v2,1,adm,12,80,2,6.251165877158272,7.54808322372368,0.0533730083245543,20000,20000,20,,
walker2d-medium-replay-v2,1,adm,12,81,1,6.379618915291701,7.560542996320035,0.05346111222150356,20000,20000,20,,
walker2d-medium-replay-v2,1,adm,12,82,3,6.244817512236319,7.34825884818774,0.051960036614676,20000,20000,20,,
walker2d-medium-replay-v2,1,adm,12,83,5,6.175197506607343,7.195241504358988,0.05087804060007135,20000,20000,20,,
walker2d-medium-replay-v2,1,adm,12,84,5,6.248992308523844,7.270456120182961,0.05140988824900608,20000,20000,20,,
walker2d-medium-replay-v2,1,adm,12,85,2,6.641355517293117,7.748598108854642,0.05479086267460375,20000,20000,20,,
walker2d-medium-replay-v2,1,adm,12,86,4,6.502662161450712,7.445315205200782,0.05264632869668784,20000,20000,20,,
walker2d-medium-replay-v2,1,adm,12,87,2,6.8567012250945405,7.838641002337277,0.055427562080396044,20000,20000,20,,
walker2d-medium-replay-v2,1,adm,12,88,5,6.573562921129304,7.375646688652971,0.052153697891826195,20000,20000,20,,
walker2d-medium-replay-v2,1,adm,12,89,4,6.820805842420356,7.631213598452504,0.053960828841487604,20000,20000,20,,
walker2d-medium-replay-v2,1,adm,12,90,5,6.810240324935883,7.569982653854002,0.053527860680047015,20000,20000,20,,
walker2d-medium-replay-v2,1,adm,12,91,4,6.999867202709528,7.749792930641409,0.05479931134048107,20000,20000,20,,
walker2d-medium-replay-v2,1,adm,12,92,1,7.2537374746556775,8.046349256302888,0.056896281229271053,20000,20000,20,,
walker2d-medium-replay-v2,1,adm,12,93,4,7.12818543365545,7.8739438572255205,0.05567719096126326,20000,20000,20,,
walker2d-medium-replay-v2,1,adm,12,94,1,7.352389366776761,8.11938359206354,0.05741271197002918,20000,20000,20,,
walker2d-medium-replay-v2,1,adm,12,95,1,7.666677883404908,8.46142055233271,0.05983127851025681,20000,20000,20,,
walker2d-medium-replay-v2,1,adm,12,96,1,7.938726423898783,8.780965872273025,0.06209080513651903,20000,20000,20,,
walker2d-medium-replay-v2,1,adm,12,97,4,7.48063371758752,8.00866884829362,0.05662984050905876,20000,20000,20,,
walker2d-medium-replay-v2,1,adm,12,98,1,7.787032386753229,8.394421373795288,0.05935752277547942,20000,20000,20,,
walker2d-medium-replay-v2,1,adm,12,99,3,8.037865187917955,8.759551996897397,0.061939386171623124,20000,20000,20,,
walker2d-medium-replay-v2,1,adm,12,100,5,7.792751727998441,8.265429499945828,0.05844541248831029,20000,20000,20,,
walker2d-medium-replay-v2,1,adm,13,1,3,0.2783178995045975,0.7522305304227253,0.005319073090774625,20000,20000,20,,
walker2d-medium-replay-v2,1,adm,13,2,3,0.2765208785433061,0.7439587954620528,0.005260583091945932,20000,20000,20,,
walker2d-medium-replay-v2,1,adm,13,3,3,0.27345935277334055,0.7552369689558193,0.005340331821514339,20000,20000,20,,
walker2d-medium-replay-v2,1,adm,13,4,3,0.5014313216224602,1.229714588171501,0.00869539524220091,20000,20000,20,,
walker2d-medium-replay-v2,1,adm,13,5,4,0.5644246510700738,1.3792293983574986,0.009752624603904293,20000,20000,20,,
walker2d-medium-replay-v2,1,adm,13,6,3,0.4988905403640683,1.2654057677469295,0.008947769993264233,20000,20000,20,,
walker2d-medium-replay-v2,1,adm,13,7,2,0.7892905142466721,1.938982272255923,0.013710675133126635,20000,20000,20,,
walker2d-medium-replay-v2,1,adm,13,8,2,0.710637680275188,1.7623480963116378,0.012461682897131617,20000,20000,20,,
walker2d-medium-replay-v2,1,adm,13,9,4,0.8321010226514097,1.937342727062097,0.013699081797880475,20000,20000,20,,
walker2d-medium-replay-v2,1,adm,13,10,2,0.8629476271885371,2.0338280177125636,0.014381335830917474,20000,20000,20,,
walker2d-medium-replay-v2,1,adm,13,11,2,1.0359726885324982,2.379574483081897,0.016826132533256828,20000,20000,20,,
walker2d-medium-replay-v2,1,adm,13,12,1,1.1531461161491423,2.568151538696003,0.0181595736812661,20000,20000,20,,
walker2d-medium-replay-v2,1,adm,13,13,3,1.0484906886670409,2.474483303832835,0.017497239240730898,20000,20000,20,,
walker2d-medium-replay-v2,1,adm,13,14,3,1.1957321637531553,2.722116425192937,0.01924826983433209,20000,20000,20,,
walker2d-medium-replay-v2,1,adm,13,15,4,1.236552824494313,2.741007430176301,0.019381849411603744,20000,20000,20,,
walker2d-medium-replay-v2,1,adm,13,16,5,1.2806032734644293,2.7826432396821854,0.019676259044021767,20000,20000,20,,
walker2d-medium-replay-v2,1,adm,13,17,2,1.4276357339561538,3.1046044688932803,0.021952868728564983,20000,20000,20,,
walker2d-medium-replay-v2,1,adm,13,18,1,1.5395800723355981,3.1889582055237424,0.022549339720463222,20000,20000,20,,
walker2d-medium-replay-v2,1,adm,13,19,5,1.4723648556835631,3.065819932462808,0.02167862064141335,20000,20000,20,,
walker2d-medium-replay-v2,1,adm,13,20,3,1.5472856600299656,3.1731881467214076,0.022437828565274806,20000,20000,20,,
walker2d-medium-replay-v2,1,adm,13,21,4,1.587082211536058,3.1844388243060884,0.02251738286940552,20000,20000,20,,
walker2d-medium-replay-v2,1,adm,13,22,2,1.7493266059632298,3.5258491242709926,0.024931518252126687,20000,20000,20,,
walker2d-medium-replay-v2,1,adm,13,23,3,1.7444008829775293,3.396661960710402,0.024018027058167194,20000,20000,20,,
walker2d-medium-replay-v2,1,adm,13,24,1,1.8617443987534352,3.5191935430791967,0.024884456186192123,20000,20000,20,,
walker2d-medium-replay-v2,1,adm,13,25,3,1.8880902472797436,3.5877683617497693,0.02536935337919812,20000,20000,20,,
walker2d-medium-replay-v2,1,adm,13,26,2,2.027498786822328,3.8088155925662135,0.026932393337926276,20000,20000,20,,
walker2d-medium-replay-v2,1,adm,13,27,4,1.984682533689564,3.6727050511990327,0.02596994647000922,20000,20000,20,,
walker2d-medium-replay-v2,1,adm,13,28,1,2.1332423263809432,3.8077106682410227,0.026924580343095875,20000,20000,20,,
walker2d-medium-replay-v2,1,adm,13,29,3,2.2161962506855044,3.9774326635393358,0.02812469608101536,20000,20000,20,,
walker2d-medium-replay-v2,1,adm,13,30,2,2.307925913536175,4.153763540152109,0.029371543666869965,20000,20000,20,,
walker2d-medium-replay-v2,1,adm,13,31,2,2.406422420608047,4.2853469512429125,0.030301978889609605,20000,20000,20,,
walker2d-medium-replay-v2,1,adm,13,32,4,2.33774578993381,4.099397551787328,0.028987118076483503,20000,20000,20,,
walker2d-medium-replay-v2,1,adm,13,33,2,2.579551059336917,4.451169169149178,0.03147451903713874,20000,20000,20,,
walker2d-medium-replay-v2,1,adm,13,34,1,2.7157158827618924,4.527542868009533,0.03201456264082331,20000,20000,20,,
walker2d-medium-replay-v2,1,adm,13,35,3,2.62677681159074,4.416611615785926,0.031230160233895028,20000,20000,20,,
walker2d-medium-replay-v2,1,adm,13,36,2,2.865767491454319,4.746780913103275,0.033564809724621975,20000,20000,20,,
walker2d-medium-replay-v2,1,adm,13,37,2,2.8520101360055734,4.826097269325448,0.03412566105805904,20000,20000,20,,
walker2d-medium-replay-v2,1,adm,13,38,5,2.8410095655958227,4.689370811954281,0.03315885900631138,20000,20000,20,,
walker2d-medium-replay-v2,1,adm,13,39,4,2.94534224729231,4.8152049645037645,0.03404864083203741,20000,20000,20,,
walker2d-medium-replay-v2,1,adm,13,40,5,2.967195699933583,4.804638322904705,0.03397392339274678,20000,20000,20,,
walker2d-medium-replay-v2,1,adm,13,41,5,3.1244012134520873,4.9837830053038745,0.03524066759012641,20000,20000,20,,
walker2d-medium-replay-v2,1,adm,13,42,3,3.1628669266978635,5.097950957041583,0.03604795691880553,20000,20000,20,,
walker2d-medium-replay-v2,1,adm,13,43,1,3.301643694943789,5.18156717570301,0.03663921287113225,20000,20000,20,,
walker2d-medium-replay-v2,1,adm,13,44,2,3.3341452826404105,5.241300838399516,0.037061593650710344,20000,20000,20,,
walker2d-medium-replay-v2,1,adm,13,45,5,3.2387841850799477,5.0332298763441585,0.035590309768336825,20000,20000,20,,
walker2d-medium-replay-v2,1,adm,13,46,3,3.46408492077809,5.330692880167689,0.037693690839894205,20000,20000,20,,
walker2d-medium-replay-v2,1,adm,13,47,2,3.5675701046803887,5.518812803559889,0.0390238995749634,20000,20000,20,,
walker2d-medium-replay-v2,1,adm,13,48,3,3.571163482061069,5.430072071272056,0.03839640783928153,20000,20000,20,,
walker2d-medium-replay-v2,1,adm,13,49,5,3.578784148932015,5.420399184971867,0.03832801020431642,20000,20000,20,,
walker2d-medium-replay-v2,1,adm,13,50,1,3.7960085344853085,5.631827696352199,0.039823035545648526,20000,20000,20,,
walker2d-medium-replay-v2,1,adm,13,51,1,3.991280931512839,5.85698249240759,0.04141512037672293,20000,20000,20,,
walker2d-medium-replay-v2,1,adm,13,52,5,3.8042377292222844,5.585822073336988,0.03949772666558085,20000,20000,20,,
walker2d-medium-replay-v2,1,adm,13,53,5,3.850920359729082,5.609805230456837,0.03966731319591792,20000,20000,20,,
walker2d-medium-replay-v2,1,adm,13,54,5,3.9053316744766473,5.592795095682576,0.039547033379440155,20000,20000,20,,
walker2d-medium-replay-v2,1,adm,13,55,3,4.065571015038517,5.822700019434007,0.04117270668556828,20000,20000,20,,
walker2d-medium-replay-v2,1,adm,13,56,2,4.243202919492853,6.008274540332771,0.04248491670699789,20000,20000,20,,
walker2d-medium-replay-v2,1,adm,13,57,5,4.110092973678862,5.693202700668694,0.04025702236312399,20000,20000,20,,
walker2d-medium-replay-v2,1,adm,13,58,3,4.300208383841065,6.002976631599115,0.04244745483508113,20000,20000,20,,
walker2d-medium-replay-v2,1,adm,13,59,3,4.4140566693187315,6.087195464011395,0.0430429719101045,20000,20000,20,,
walker2d-medium-replay-v2,1,adm,13,60,1,4.5382062343722955,6.183439050008211,0.04372351683314509,20000,20000,20,,
walker2d-medium-replay-v2,1,adm,13,61,4,4.391066972525922,5.953879609299102,0.04210028646103707,20000,20000,20,,
walker2d-medium-replay-v2,1,adm,13,62,1,4.582479158356095,6.236595598174002,0.0440993903898701,20000,20000,20,,
walker2d-medium-replay-v2,1,adm,13,63,5,4.552019828314275,6.17119244293652,0.043636920244075894,20000,20000,20,,
walker2d-medium-replay-v2,1,adm,13,64,3,4.718544148780872,6.358609636015374,0.04496215992544596,20000,20000,20,,
walker2d-medium-replay-v2,1,adm,13,65,4,4.748664820928981,6.370127332412619,0.04504360233770736,20000,20000,20,,
walker2d-medium-replay-v2,1,adm,13,66,4,4.817247805514429,6.353589822540084,0.04492666448395927,20000,20000,20,,
walker2d-medium-replay-v2,1,adm,13,67,4,4.891913005225623,6.406952569706621,0.04530399608780128,20000,20000,20,,
walker2d-medium-replay-v2,1,adm,13,68,3,5.019067289537352,6.596421136870958,0.04664374117443729,20000,20000,20,,
walker2d-medium-replay-v2,1,adm,13,69,3,5.080856857576014,6.58639497454092,0.04657284550070882,20000,20000,20,,
walker2d-medium-replay-v2,1,adm,13,70,5,5.011125757689397,6.476707419303979,0.045797237359510676,20000,20000,20,,
walker2d-medium-replay-v2,1,adm,13,71,2,5.309714359600494,6.807584537442448,0.048136891899262416,20000,20000,20,,
walker2d-medium-replay-v2,1,adm,13,72,1,5.4486078596450405,6.931360561106078,0.049012120556071,20000,20000,20,,
walker2d-medium-replay-v2,1,adm,13,73,3,5.337062343091077,6.779543405034881,0.047938611150487004,20000,20000,20,,
walker2d-medium-replay-v2,1,adm,13,74,1,5.489132110179887,6.926180173285011,0.04897548968249648,20000,20000,20,,
walker2d-medium-replay-v2,1,adm,13,75,5,5.3177959728077795,6.624650052274616,0.04684334974951197,20000,20000,20,,
walker2d-medium-replay-v2,1,adm,13,76,4,5.610744064567027,6.894953119026261,0.04875468106426806,20000,20000,20,,
walker2d-medium-replay-v2,1,adm,13,77,5,5.585651071905191,6.814327950977052,0.04818457503364905,20000,20000,20,,
walker2d-medium-replay-v2,1,adm,13,78,4,5.705990724165014,6.9190732534794055,0.04892523617061755,20000,20000,20,,
walker2d-medium-replay-v2,1,adm,13,79,4,5.687597614194609,6.842914741740432,0.04838671416966052,20000,20000,20,,
walker2d-medium-replay-v2,1,adm,13,80,3,5.929895325683259,7.052031852473472,0.049865395440275226,20000,20000,20,,
walker2d-medium-replay-v2,1,adm,13,81,3,6.0132761644249655,7.205834526434358,0.05095294457749888,20000,20000,20,,
walker2d-medium-replay-v2,1,adm,13,82,1,6.184707187983985,7.337047972818872,0.05188076375471236,20000,20000,20,,
walker2d-medium-replay-v2,1,adm,13,83,1,6.397240326412796,7.599138555040746,0.053734024034454535,20000,20000,20,,
walker2d-medium-replay-v2,1,adm,13,84,3,6.248065650022191,7.369771176480924,0.05211215174682821,20000,20000,20,,
walker2d-medium-replay-v2,1,adm,13,85,4,6.2497605089479285,7.310747072337371,0.05169478830389454,20000,20000,20,,
walker2d-medium-replay-v2,1,adm,13,86,1,6.4881893245744475,7.604433610944212,0.05377146573381556,20000,20000,20,,
walker2d-medium-replay-v2,1,adm,13,87,4,6.469591458028271,7.509756348860563,0.05310199639338032,20000,20000,20,,
walker2d-medium-replay-v2,1,adm,13,88,3,6.5591671223112495,7.627631946775415,0.053935502739600426,20000,20000,20,,
walker2d-medium-replay-v2,1,adm,13,89,4,6.549503962182775,7.49061053925841,0.05296661507537043,20000,20000,20,,
walker2d-medium-replay-v2,1,adm,13,90,4,6.670529730775635,7.545078579351555,0.05335176228044847,20000,20000,20,,
walker2d-medium-replay-v2,1,adm,13,91,4,6.807827862522933,7.654855578305592,0.05412800288423555,20000,20000,20,,
walker2d-medium-replay-v2,1,adm,13,92,4,6.884191206589035,7.714531061896344,0.05454997227541162,20000,20000,20,,
walker2d-medium-replay-v2,1,adm,13,93,2,7.260505403511046,8.216286921196291,0.05809792198152238,20000,20000,20,,
walker2d-medium-replay-v2,1,adm,13,94,3,7.215020134258345,8.058341434158393,0.05698107873209928,20000,20000,20,,
walker2d-medium-replay-v2,1,adm,13,95,5,7.077770558075736,7.7802261594929725,0.0550145067654245,20000,20000,20,,
walker2d-medium-replay-v2,1,adm,13,96,1,7.37401711286224,8.075584013277519,0.057103002178302074,20000,20000,20,,
walker2d-medium-replay-v2,1,adm,13,97,1,7.751200488406884,8.611605947350622,0.060893249622780275,20000,20000,20,,
walker2d-medium-replay-v2,1,adm,13,98,4,7.514712635544888,8.173225365861903,0.05779343080366852,20000,20000,20,,
walker2d-medium-replay-v2,1,adm,13,99,4,7.526371230472923,8.212171165397795,0.05806881919317413,20000,20000,20,,
walker2d-medium-replay-v2,1,adm,13,100,4,7.638499342204575,8.259168898067264,0.05840114334788388,20000,20000,20,,
walker2d-medium-replay-v2,1,adm,14,1,4,0.337086510936739,0.8129985331537087,0.005748767758877036,20000,20000,20,,
walker2d-medium-replay-v2,1,adm,14,2,5,0.42503421263133595,0.995438907447092,0.007038816017127668,20000,20000,20,,
walker2d-medium-replay-v2,1,adm,14,3,3,0.275787548138213,0.7563514132848764,0.005348212132937651,20000,20000,20,,
walker2d-medium-replay-v2,1,adm,14,4,2,0.6196790646366933,1.585073477447145,0.011208162045818183,20000,20000,20,,
walker2d-medium-replay-v2,1,adm,14,5,5,0.4132068177019079,0.9980976269321087,0.0070576160028989485,20000,20000,20,,
walker2d-medium-replay-v2,1,adm,14,6,3,0.5041018492194654,1.275382994608584,0.009018319640977357,20000,20000,20,,
walker2d-medium-replay-v2,1,adm,14,7,4,0.5590551432722854,1.3707555578543953,0.009692705503079917,20000,20000,20,,
walker2d-medium-replay-v2,1,adm,14,8,2,0.705352488651117,1.741068138009225,0.012311210868941587,20000,20000,20,,
walker2d-medium-replay-v2,1,adm,14,9,3,0.7264253551785324,1.801100516267004,0.012735703886509901,20000,20000,20,,
walker2d-medium-replay-v2,1,adm,14,10,1,0.8831202663592712,2.0078106926281873,0.0141973655609625,20000,20000,20,,
walker2d-medium-replay-v2,1,adm,14,11,3,0.8909309106056528,2.0962308345762835,0.014822590380612259,20000,20000,20,,
walker2d-medium-replay-v2,1,adm,14,12,4,0.9370171208994498,2.242386972446382,0.015856070342612084,20000,20000,20,,
walker2d-medium-replay-v2,1,adm,14,13,4,0.9814510611716669,2.3214674145443444,0.01641525351127908,20000,20000,20,,
walker2d-medium-replay-v2,1,adm,14,14,3,1.0760314069282124,2.5494656690320503,0.018027444629748608,20000,20000,20,,
walker2d-medium-replay-v2,1,adm,14,15,4,1.1024842657236584,2.543443932481954,0.01798486452225769,20000,20000,20,,
walker2d-medium-replay-v2,1,adm,14,16,2,1.246504996854189,2.772917446649921,0.01960748730196646,20000,20000,20,,
walker2d-medium-replay-v2,1,adm,14,17,4,1.1945699239273844,2.665246669846703,0.018846139937834672,20000,20000,20,,
walker2d-medium-replay-v2,1,adm,14,18,3,1.2971454139037508,2.806744572353886,0.019846681201699693,20000,20000,20,,
walker2d-medium-replay-v2,1,adm,14,19,2,1.4024295604296344,3.059663570840088,0.021635088590904728,20000,20000,20,,
walker2d-medium-replay-v2,1,adm,14,20,2,1.4807623685489413,3.1625928462402504,0.022362908477085452,20000,20000,20,,
walker2d-medium-replay-v2,1,adm,14,21,3,1.4971118543567299,3.1609234042181305,0.022351103739339063,20000,20000,20,,
walker2d-medium-replay-v2,1,adm,14,22,3,1.5557074504629158,3.2218004983966253,0.022781569800464523,20000,20000,20,,
walker2d-medium-replay-v2,1,adm,14,23,4,1.5904446494750166,3.221223291539757,0.022777488331638132,20000,20000,20,,
walker2d-medium-replay-v2,1,adm,14,24,2,1.7453303108215925,3.500258027273084,0.02475056186987445,20000,20000,20,,
walker2d-medium-replay-v2,1,adm,14,25,4,1.7360608449298198,3.4932401375746287,0.02470093789592048,20000,20000,20,,
walker2d-medium-replay-v2,1,adm,14,26,2,1.8969489216193474,3.7143285504635988,0.026264269055876102,20000,20000,20,,
walker2d-medium-replay-v2,1,adm,14,27,5,1.86483748989293,3.6431940857078984,0.025761272431827787,20000,20000,20,,
walker2d-medium-replay-v2,1,adm,14,28,3,1.944266727166607,3.757245823738754,0.026567740005505085,20000,20000,20,,
walker2d-medium-replay-v2,1,adm,14,29,3,2.0515725901624946,3.912002067464132,0.027662031899196814,20000,20000,20,,
walker2d-medium-replay-v2,1,adm,14,30,5,2.0313141871116978,3.79554765983354,0.026838574885850272,20000,20000,20,,
walker2d-medium-replay-v2,1,adm,14,31,3,2.173245787442932,4.0067837218496205,0.0283322394046774,20000,20000,20,,
walker2d-medium-replay-v2,1,adm,14,32,3,2.2530571890045614,4.1384749578742595,0.029263437064836004,20000,20000,20,,
walker2d-medium-replay-v2,1,adm,14,33,1,2.4272685363523596,4.30966899006907,0.03047396167547219,20000,20000,20,,
walker2d-medium-replay-v2,1,adm,14,34,5,2.3681918767261645,4.235920381734244,0.02995248026490593,20000,20000,20,,
walker2d-medium-replay-v2,1,adm,14,35,1,2.547898618452398,4.424261024523124,0.031284249721796435,20000,20000,20,,
walker2d-medium-replay-v2,1,adm,14,36,5,2.514591133391177,4.372836587641865,0.030920624041422054,20000,20000,20,,
walker2d-medium-replay-v2,1,adm,14,37,1,2.6949369177891347,4.595279833437543,0.03249353531673475,20000,20000,20,,
walker2d-medium-replay-v2,1,adm,14,38,3,2.7582999356558213,4.737840679230262,0.03350159272465196,20000,20000,20,,
walker2d-medium-replay-v2,1,adm,14,39,3,2.757843259329584,4.710371341825047,0.033307355177112676,20000,20000,20,,
walker2d-medium-replay-v2,1,adm,14,40,2,2.9802825716959265,4.925911595469966,0.03483145492682258,20000,20000,20,,
walker2d-medium-replay-v2,1,adm,14,41,5,2.8443009291206245,4.68150662352576,0.03310325079664802,20000,20000,20,,
walker2d-medium-replay-v2,1,adm,14,42,2,3.1506249440817933,5.01581575302007,0.03546717332142801,20000,20000,20,,
walker2d-medium-replay-v2,1,adm,14,43,1,3.260786147817108,5.09939436208092,0.036058163333718675,20000,20000,20,,
walker2d-medium-replay-v2,1,adm,14,44,2,3.3463439269467963,5.307445513470002,0.03752930713352756,20000,20000,20,,
walker2d-medium-replay-v2,1,adm,14,45,1,3.458073823360476,5.383251706548899,0.038065337865347805,20000,20000,20,,
walker2d-medium-replay-v2,1,adm,14,46,1,3.6078835958922895,5.605500496396177,0.03963687412946295,20000,20000,20,,
walker2d-medium-replay-v2,1,adm,14,47,3,3.4987522625477454,5.422451684740183,0.038342523569362026,20000,20000,20,,
walker2d-medium-replay-v2,1,adm,14,48,4,3.5009677489266724,5.307939229435695,0.03753279823260077,20000,20000,20,,
walker2d-medium-replay-v2,1,adm,14,49,5,3.526615857256866,5.363955448852803,0.03792889271866348,20000,20000,20,,
walker2d-medium-replay-v2,1,adm,14,50,4,3.6857838199516926,5.48423412466456,0.0387793913916498,20000,20000,20,,
walker2d-medium-replay-v2,1,adm,14,51,1,3.8675554048173755,5.720124928196291,0.040447391259618104,20000,20000,20,,
walker2d-medium-replay-v2,1,adm,14,52,1,4.012007960605979,5.927151101654847,0.041911287370974576,20000,20000,20,,
walker2d-medium-replay-v2,1,adm,14,53,2,3.995263647590971,5.876122609295704,0.04155046144116582,20000,20000,20,,
walker2d-medium-replay-v2,1,adm,14,54,3,3.9715797071719776,5.7158673462420575,0.040417285608905146,20000,20000,20,,
walker2d-medium-replay-v2,1,adm,14,55,4,3.999930628046444,5.757321540170337,0.040710411025258235,20000,20000,20,,
walker2d-medium-replay-v2,1,adm,14,56,3,4.176768564918655,5.989168623715362,0.042349817474988345,20000,20000,20,,
walker2d-medium-replay-v2,1,adm,14,57,4,4.1940224378472575,5.9712293142251385,0.04222296740108493,20000,20000,20,,
walker2d-medium-replay-v2,1,adm,14,58,3,4.251319967705152,6.004139752089116,0.042455679338939296,20000,20000,20,,
walker2d-medium-replay-v2,1,adm,14,59,2,4.4883602062763,6.324567347374802,0.04472144459399737,20000,20000,20,,
walker2d-medium-replay-v2,1,adm,14,60,1,4.5747517289222985,6.305457452810959,0.04458631723365884,20000,20000,20,,
walker2d-medium-replay-v2,1,adm,14,61,3,4.503970347254037,6.211855044586626,0.043924448257750666,20000,20000,20,,
walker2d-medium-replay-v2,1,adm,14,62,3,4.621293150151104,6.359514982537611,0.04496856169209793,20000,20000,20,,
walker2d-medium-replay-v2,1,adm,14,63,5,4.518989777091516,6.158038696337496,0.043543909209894094,20000,20000,20,,
walker2d-medium-replay-v2,1,adm,14,64,3,4.709968984667262,6.34190128849847,0.04484401406712971,20000,20000,20,,
walker2d-medium-replay-v2,1,adm,14,65,2,4.883326647911955,6.556572934310084,0.0463619718319484,20000,20000,20,,
walker2d-medium-replay-v2,1,adm,14,66,1,5.007820095449255,6.613272614052968,0.04676289911232139,20000,20000,20,,
walker2d-medium-replay-v2,1,adm,14,67,5,4.851434809827921,6.347675036071248,0.04488484062774542,20000,20000,20,,
walker2d-medium-replay-v2,1,adm,14,68,1,5.08336225399972,6.628214754064871,0.046868555997599946,20000,20000,20,,
walker2d-medium-replay-v2,1,adm,14,69,2,5.254813888987743,6.845398476461543,0.048404276826300184,20000,20000,20,,
walker2d-medium-replay-v2,1,adm,14,70,1,5.358800463145863,6.884968768372063,0.04868408104373478,20000,20000,20,,
walker2d-medium-replay-v2,1,adm,14,71,2,5.3935083528335115,6.875240145699312,0.0486152892930997,20000,20000,20,,
walker2d-medium-replay-v2,1,adm,14,72,5,5.16419998662461,6.5360747111211355,0.0462170275057566,20000,20000,20,,
walker2d-medium-replay-v2,1,adm,14,73,1,5.437524733530344,6.831519657762906,0.04830613875813353,20000,20000,20,,
walker2d-medium-replay-v2,1,adm,14,74,5,5.385682075829462,6.7882000616971006,0.0479998229567696,20000,20000,20,,
walker2d-medium-replay-v2,1,adm,14,75,2,5.747299453897311,7.212439027899337,0.050999645455221315,20000,20000,20,,
walker2d-medium-replay-v2,1,adm,14,76,2,5.7923435985434555,7.256685113587894,0.051312512527534715,20000,20000,20,,
walker2d-medium-replay-v2,1,adm,14,77,2,5.943631327756963,7.457002812136916,0.052728972557891676,20000,20000,20,,
walker2d-medium-replay-v2,1,adm,14,78,1,6.056092998752947,7.5172963484773705,0.0531553122419722,20000,20000,20,,
walker2d-medium-replay-v2,1,adm,14,79,4,5.822497695293913,7.107909899885162,0.05026051290271792,20000,20000,20,,
walker2d-medium-replay-v2,1,adm,14,80,2,6.238612356141316,7.669285940362663,0.054230040952890864,20000,20000,20,,
walker2d-medium-replay-v2,1,adm,14,81,5,5.920883396072456,7.072537268706167,0.05001039062896714,20000,20000,20,,
walker2d-medium-replay-v2,1,adm,14,82,1,6.1677624429389075,7.288478712062982,0.05153732721833529,20000,20000,20,,
walker2d-medium-replay-v2,1,adm,14,83,2,6.338254765611982,7.52073185840334,0.05317960496562707,20000,20000,20,,
walker2d-medium-replay-v2,1,adm,14,84,1,6.49822050284197,7.646738009930567,0.054070603007788286,20000,20000,20,,
walker2d-medium-replay-v2,1,adm,14,85,4,6.316220740265488,7.330509421486356,0.051834529214848775,20000,20000,20,,
walker2d-medium-replay-v2,1,adm,14,86,2,6.772978470291973,7.903252698638734,0.0558844357663833,20000,20000,20,,
walker2d-medium-replay-v2,1,adm,14,87,1,6.883259308795159,7.992680572528269,0.05651678632692716,20000,20000,20,,
walker2d-medium-replay-v2,1,adm,14,88,3,6.638623993333586,7.5702381113652795,0.05352966703743231,20000,20000,20,,
walker2d-medium-replay-v2,1,adm,14,89,1,6.8916699627478035,7.846591413359009,0.055483779975862915,20000,20000,20,,
walker2d-medium-replay-v2,1,adm,14,90,5,6.665027823958542,7.517237620638524,0.05315489697344128,20000,20000,20,,
walker2d-medium-replay-v2,1,adm,14,91,5,6.824391574431878,7.674093628208001,0.054264036439663536,20000,20000,20,,
walker2d-medium-replay-v2,1,adm,14,92,2,7.12098327382335,8.024823005750656,0.05674406765188102,20000,20000,20,,
walker2d-medium-replay-v2,1,adm,14,93,5,6.885891772337252,7.695965220197964,0.05441869194977802,20000,20000,20,,
walker2d-medium-replay-v2,1,adm,14,94,3,7.235206707360762,8.080929835592155,0.057140802850399054,20000,20000,20,,
walker2d-medium-replay-v2,1,adm,14,95,3,7.317261008347149,8.141923406830653,0.05757209252871432,20000,20000,20,,
walker2d-medium-replay-v2,1,adm,14,96,3,7.320224220322261,8.088571593403495,0.05719483823808489,20000,20000,20,,
walker2d-medium-replay-v2,1,adm,14,97,2,7.742704015918515,8.5973503804082,0.06079244754223382,20000,20000,20,,
walker2d-medium-replay-v2,1,adm,14,98,5,7.353850560883198,7.973167195175723,0.05637880591242878,20000,20000,20,,
walker2d-medium-replay-v2,1,adm,14,99,3,7.642292660334587,8.32555137624719,0.05887053835261381,20000,20000,20,,
walker2d-medium-replay-v2,1,adm,14,100,1,7.930817833902713,8.592341672065155,0.060757030625890295,20000,20000,20,,
walker2d-medium-replay-v2,1,adm,15,1,3,0.28002748212555384,0.7690127992133695,0.005437741651430224,20000,20000,20,,
walker2d-medium-replay-v2,1,adm,15,2,1,0.4704924205444779,1.1297096789586127,0.007988253747637127,20000,20000,20,,
walker2d-medium-replay-v2,1,adm,15,3,4,0.33320444058389564,0.8313073680924082,0.005878230772284832,20000,20000,20,,
walker2d-medium-replay-v2,1,adm,15,4,1,0.5315891633992833,1.262990200936368,0.00893068935654266,20000,20000,20,,
walker2d-medium-replay-v2,1,adm,15,5,5,0.4134571712428613,0.9832958760243893,0.006952951818496124,20000,20000,20,,
walker2d-medium-replay-v2,1,adm,15,6,4,0.6967595113568615,1.637405589465456,0.0115782059586378,20000,20000,20,,
walker2d-medium-replay-v2,1,adm,15,7,3,0.6712098961431703,1.6131587445481326,0.011406754874003621,20000,20000,20,,
walker2d-medium-replay-v2,1,adm,15,8,4,0.7372414964206787,1.7647137920821523,0.012478410892347169,20000,20000,20,,
walker2d-medium-replay-v2,1,adm,15,9,1,0.9048169394442531,2.0349397511351897,0.014389196973337579,20000,20000,20,,
walker2d-medium-replay-v2,1,adm,15,10,5,0.726117405350642,1.72318606361327,0.012184765508270967,20000,20000,20,,
walker2d-medium-replay-v2,1,adm,15,11,4,0.9346658150335144,2.1802075331719637,0.015416395310998903,20000,20000,20,,
walker2d-medium-replay-v2,1,adm,15,12,4,0.9640340407196625,2.2110940733946993,0.015634796131387775,20000,20000,20,,
walker2d-medium-replay-v2,1,adm,15,13,2,1.1224013455330766,2.58129287404478,0.018252496954655764,20000,20000,20,,
walker2d-medium-replay-v2,1,adm,15,14,2,1.1683497503400941,2.6254470239714878,0.01856471394296279,20000,20000,20,,
walker2d-medium-replay-v2,1,adm,15,15,4,1.1568436246664515,2.5674363667712656,0.01815451665208914,20000,20000,20,,
walker2d-medium-replay-v2,1,adm,15,16,5,1.1953780682469657,2.5643286037756257,0.018132541449203763,20000,20000,20,,
walker2d-medium-replay-v2,1,adm,15,17,2,1.3356587365474515,2.9090431588977257,0.02057004144420917,20000,20000,20,,
walker2d-medium-replay-v2,1,adm,15,18,4,1.3696456950971485,2.8902229832998105,0.020436962706325095,20000,20000,20,,
walker2d-medium-replay-v2,1,adm,15,19,3,1.4206041163066856,2.993870097153361,0.021169858476887696,20000,20000,20,,
walker2d-medium-replay-v2,1,adm,15,20,3,1.501662768686147,3.1722284081443304,0.02243104218871463,20000,20000,20,,
walker2d-medium-replay-v2,1,adm,15,21,4,1.5499572824218297,3.1610871787717603,0.02235226180031364,20000,20000,20,,
walker2d-medium-replay-v2,1,adm,15,22,3,1.615043568980038,3.301864305638787,0.02334770641074997,20000,20000,20,,
walker2d-medium-replay-v2,1,adm,15,23,5,1.651181710396094,3.2888761460046987,0.023255866253226003,20000,20000,20,,
walker2d-medium-replay-v2,1,adm,15,24,2,1.8066619172832337,3.5549745040818173,0.025137465787815366,20000,20000,20,,
walker2d-medium-replay-v2,1,adm,15,25,3,1.8102625721625645,3.553604813382604,0.02512778061199995,20000,20000,20,,
walker2d-medium-replay-v2,1,adm,15,26,5,1.828005084979826,3.5609405269866836,0.025179651940342822,20000,20000,20,,
walker2d-medium-replay-v2,1,adm,15,27,5,1.9085354395854537,3.63906429449336,0.025732070398100944,20000,20000,20,,
walker2d-medium-replay-v2,1,adm,15,28,4,2.009582659142286,3.803646145715047,0.026895839828691842,20000,20000,20,,
walker2d-medium-replay-v2,1,adm,15,29,2,2.1610769352556365,4.059141431849578,0.028702464322561086,20000,20000,20,,
walker2d-medium-replay-v2,1,adm,15,30,2,2.2219941511176473,4.071317561654034,0.028788562562094472,20000,20000,20,,
walker2d-medium-replay-v2,1,adm,15,31,1,2.323950787390611,4.14768945684658,0.029328593411921646,20000,20000,20,,
walker2d-medium-replay-v2,1,adm,15,32,4,2.2586559869335514,4.064425458482256,0.028739828033200455,20000,20000,20,,
walker2d-medium-replay-v2,1,adm,15,33,4,2.366898088919061,4.20090209998066,0.029704863619971326,20000,20000,20,,
walker2d-medium-replay-v2,1,adm,15,34,1,2.550776036799981,4.3923953650996275,0.031058925483143075,20000,20000,20,,
walker2d-medium-replay-v2,1,adm,15,35,4,2.5669058551053516,4.447985974898686,0.031452010454735176,20000,20000,20,,
walker2d-medium-replay-v2,1,adm,15,36,2,2.7628521590679753,4.788368444284864,0.03385887797773506,20000,20000,20,,
walker2d-medium-replay-v2,1,adm,15,37,5,2.6680821136518125,4.606187703139159,0.03257066560307787,20000,20000,20,,
walker2d-medium-replay-v2,1,adm,15,38,1,2.8413538555879048,4.734523865373137,0.0334781393089489,20000,20000,20,,
walker2d-medium-replay-v2,1,adm,15,39,1,3.007204453991349,4.9468918072956365,0.0349798074273492,20000,20000,20,,
walker2d-medium-replay-v2,1,adm,15,40,1,3.1357367854441227,5.136081588168018,0.036317581197209785,20000,20000,20,,
walker2d-medium-replay-v2,1,adm,15,41,2,3.112995379476319,5.08437149439104,0.035951935617554845,20000,20000,20,,
walker2d-medium-replay-v2,1,adm,15,42,1,3.206027422962865,5.087692253296518,0.035975416928962334,20000,20000,20,,
walker2d-medium-replay-v2,1,adm,15,43,2,3.271418974644447,5.22148055530226,0.036921443084879275,20000,20000,20,,
walker2d-medium-replay-v2,1,adm,15,44,1,3.400625425084412,5.2821350037427015,0.03735033480289294,20000,20000,20,,
walker2d-medium-replay-v2,1,adm,15,45,3,3.383061622815144,5.183868546468703,0.03665548601987671,20000,20000,20,,
walker2d-medium-replay-v2,1,adm,15,46,4,3.4211322934959028,5.223172368984708,0.0369334060141529,20000,20000,20,,
walker2d-medium-replay-v2,1,adm,15,47,5,3.45399680147917,5.2775048393662285,0.037317594596606815,20000,20000,20,,
walker2d-medium-replay-v2,1,adm,15,48,1,3.6417100334121786,5.424807835242188,0.03835918406933666,20000,20000,20,,
walker2d-medium-replay-v2,1,adm,15,49,1,3.804385827897465,5.6467360141626495,0.03992845327184706,20000,20000,20,,
walker2d-medium-replay-v2,1,adm,15,50,4,3.6663233719986352,5.467869797330167,0.03866367812337274,20000,20000,20,,
walker2d-medium-replay-v2,1,adm,15,51,1,3.8008700867542795,5.618347150368016,0.03972771369085339,20000,20000,20,,
walker2d-medium-replay-v2,1,adm,15,52,3,3.8488741944481646,5.671607679331273,0.04010432250284841,20000,20000,20,,
walker2d-medium-replay-v2,1,adm,15,53,5,3.7930905483517097,5.5331477939021045,0.039125263263755636,20000,20000,20,,
walker2d-medium-replay-v2,1,adm,15,54,1,4.015221194986478,5.754878106376206,0.04069313333920613,20000,20000,20,,
walker2d-medium-replay-v2,1,adm,15,55,5,3.9280309064015935,5.642347563393324,0.03989742223886813,20000,20000,20,,
walker2d-medium-replay-v2,1,adm,15,56,5,4.0334029138055385,5.75284224695485,0.04067873763918229,20000,20000,20,,
walker2d-medium-replay-v2,1,adm,15,57,1,4.241695663450761,5.89524900722715,0.0416857054979358,20000,20000,20,,
walker2d-medium-replay-v2,1,adm,15,58,2,4.369754453689173,6.149436416650392,0.04348308190688996,20000,20000,20,,
walker2d-medium-replay-v2,1,adm,15,59,3,4.326710877339681,6.058688749943241,0.042841399001835125,20000,20000,20,,
walker2d-medium-replay-v2,1,adm,15,60,1,4.473732577468544,6.148878913672802,0.0434791397655301,20000,20000,20,,
walker2d-medium-replay-v2,1,adm,15,61,5,4.38432422914549,5.989652696643479,0.04235324038748895,20000,20000,20,,
walker2d-medium-replay-v2,1,adm,15,62,4,4.56306812486119,6.218192329870133,0.04396925963173348,20000,20000,20,,
walker2d-medium-replay-v2,1,adm,15,63,3,4.694653350990723,6.375300327062553,0.04508018093366745,20000,20000,20,,
walker2d-medium-replay-v2,1,adm,15,64,4,4.716333310947757,6.341389227158725,0.04484039324667254,20000,20000,20,,
walker2d-medium-replay-v2,1,adm,15,65,4,4.718031323886599,6.3396950568372015,0.0448284136534442,20000,20000,20,,
walker2d-medium-replay-v2,1,adm,15,66,5,4.744668826355649,6.327250888262379,0.04474042009358934,20000,20000,20,,
walker2d-medium-replay-v2,1,adm,15,67,4,4.907259575641355,6.502095506936469,0.0459767582487736,20000,20000,20,,
walker2d-medium-replay-v2,1,adm,15,68,1,5.059509491882305,6.623346214952938,0.046834130227394744,20000,20000,20,,
walker2d-medium-replay-v2,1,adm,15,69,4,4.968675943027195,6.489150232199667,0.04588522133326644,20000,20000,20,,
walker2d-medium-replay-v2,1,adm,15,70,3,5.148341179756318,6.717749931073391,0.04750166530577457,20000,20000,20,,
walker2d-medium-replay-v2,1,adm,15,71,2,5.323960463052857,6.954387855885374,0.049174948118979225,20000,20000,20,,
walker2d-medium-replay-v2,1,adm,15,72,4,5.281994667540156,6.73153914529678,0.04759916977462049,20000,20000,20,,
walker2d-medium-replay-v2,1,adm,15,73,1,5.481698646567481,6.965720195700844,0.04925507986228152,20000,20000,20,,
walker2d-medium-replay-v2,1,adm,15,74,4,5.3891207969643995,6.811582346450126,0.04816516067785459,20000,20000,20,,
walker2d-medium-replay-v2,1,adm,15,75,3,5.568232297510788,6.993900036354126,0.049454341426468436,20000,20000,20,,
walker2d-medium-replay-v2,1,adm,15,76,3,5.6612332633894225,7.045565942119072,0.04981967454969382,20000,20000,20,,
walker2d-medium-replay-v2,1,adm,15,77,5,5.5384476829480995,6.783261015120465,0.04796489862350025,20000,20000,20,,
walker2d-medium-replay-v2,1,adm,15,78,2,5.944252862047281,7.326259787931331,0.05180447976780562,20000,20000,20,,
walker2d-medium-replay-v2,1,adm,15,79,3,5.901257574496998,7.175998081498654,0.050741969052093536,20000,20000,20,,
walker2d-medium-replay-v2,1,adm,15,80,2,6.179794181187995,7.583212500997784,0.05362140982634132,20000,20000,20,,
walker2d-medium-replay-v2,1,adm,15,81,2,6.247799511591145,7.613850588086624,0.05383805381777235,20000,20000,20,,
walker2d-medium-replay-v2,1,adm,15,82,2,6.468385256425507,7.901037261968369,0.055868770263454264,20000,20000,20,,
walker2d-medium-replay-v2,1,adm,15,83,4,6.1748438929830245,7.385048619447855,0.05222017958203929,20000,20000,20,,
walker2d-medium-replay-v2,1,adm,15,84,1,6.421443491437251,7.6528634499895345,0.05411391640982277,20000,20000,20,,
walker2d-medium-replay-v2,1,adm,15,85,1,6.675592843610553,7.92592474226865,0.056044751324324016,20000,20000,20,,
walker2d-medium-replay-v2,1,adm,15,86,4,6.605419082025989,7.753560180919366,0.05482594982266078,20000,20000,20,,
walker2d-medium-replay-v2,1,adm,15,87,5,6.568962888879914,7.643597100657661,0.054048393425328654,20000,20000,20,,
walker2d-medium-replay-v2,1,adm,15,88,2,6.90767655700912,8.013754810649361,0.0566658036937648,20000,20000,20,,
walker2d-medium-replay-v2,1,adm,15,89,1,7.0439853876943435,8.165444798871707,0.05773841388686609,20000,20000,20,,
walker2d-medium-replay-v2,1,adm,15,90,5,6.725116016936005,7.707918945446963,0.05450321755161809,20000,20000,20,,
walker2d-medium-replay-v2,1,adm,15,91,2,7.288628010604328,8.407790734174922,0.059452058429325084,20000,20000,20,,
walker2d-medium-replay-v2,1,adm,15,92,4,7.009526845001264,7.8991618750227355,0.055855509275188196,20000,20000,20,,
walker2d-medium-replay-v2,1,adm,15,93,1,7.267626430634304,8.146679667804309,0.05760572437258997,20000,20000,20,,
walker2d-medium-replay-v2,1,adm,15,94,3,7.4283373185922015,8.362751576731588,0.05913358349285398,20000,20000,20,,
walker2d-medium-replay-v2,1,adm,15,95,5,7.131795037139584,7.856718045779157,0.05555538608041161,20000,20000,20,,
walker2d-medium-replay-v2,1,adm,15,96,4,7.37280658973574,8.101502302629685,0.05728627215987879,20000,20000,20,,
walker2d-medium-replay-v2,1,adm,15,97,5,7.357579565531984,8.032618241053983,0.05679918828932029,20000,20000,20,,
walker2d-medium-replay-v2,1,adm,15,98,5,7.513373088067261,8.136786004690931,0.05753576560980752,20000,20000,20,,
walker2d-medium-replay-v2,1,adm,15,99,1,7.802781923097001,8.337121842651275,0.058952353905172006,20000,20000,20,,
walker2d-medium-replay-v2,1,adm,15,100,5,7.657084356532668,8.079994906784368,0.05713419190539992,20000,20000,20,,
walker2d-medium-replay-v2,1,adm,16,1,3,0.2773999795930298,0.7730313882081093,0.005466157366720046,20000,20000,20,,
walker2d-medium-replay-v2,1,adm,16,2,3,0.2765076912523278,0.7704940684140484,0.005448215806395853,20000,20000,20,,
walker2d-medium-replay-v2,1,adm,16,3,1,0.46635393572390793,1.1581789641519795,0.00818956199379476,20000,20000,20,,
walker2d-medium-replay-v2,1,adm,16,4,2,0.48175724399117226,1.2301164356082865,0.008698236732676444,20000,20000,20,,
walker2d-medium-replay-v2,1,adm,16,5,4,0.5599802360323055,1.3699137580908873,0.009686753079868141,20000,20000,20,,
walker2d-medium-replay-v2,1,adm,16,6,5,0.6351273084921087,1.5081189924967233,0.01066401166430657,20000,20000,20,,
walker2d-medium-replay-v2,1,adm,16,7,5,0.6350333912675952,1.5087335256253775,0.010668357069731921,20000,20000,20,,
walker2d-medium-replay-v2,1,adm,16,8,3,0.7930524699629248,1.9430434863871717,0.013739392253647202,20000,20000,20,,
walker2d-medium-replay-v2,1,adm,16,9,3,0.8492292980148702,2.0064798828037578,0.014187955314449262,20000,20000,20,,
walker2d-medium-replay-v2,1,adm,16,10,5,0.8972770528442928,2.089728534544451,0.014776612176154077,20000,20000,20,,
walker2d-medium-replay-v2,1,adm,16,11,1,1.0657869482961704,2.3677267669264177,0.0167423565289057,20000,20000,20,,
walker2d-medium-replay-v2,1,adm,16,12,2,1.1065485642639152,2.616643419532876,0.018502463058988526,20000,20000,20,,
walker2d-medium-replay-v2,1,adm,16,13,5,1.0856036736599985,2.4095176862405228,0.017037862953295936,20000,20000,20,,
walker2d-medium-replay-v2,1,adm,16,14,2,1.2443100968452476,2.762346761247157,0.019532741268665613,20000,20000,20,,
walker2d-medium-replay-v2,1,adm,16,15,5,1.1932696614635656,2.689577809736576,0.019018187077935948,20000,20000,20,,
walker2d-medium-replay-v2,1,adm,16,16,5,1.2884977579018746,2.7990713028627106,0.019792422992788872,20000,20000,20,,
walker2d-medium-replay-v2,1,adm,16,17,1,1.4576521965961886,2.9823271136003617,0.02108823725743319,20000,20000,20,,
walker2d-medium-replay-v2,1,adm,16,18,4,1.4519269312380694,3.0853634689949834,0.02181681431351603,20000,20000,20,,
walker2d-medium-replay-v2,1,adm,16,19,5,1.4812414671023488,3.132627151040146,0.022151019014295822,20000,20000,20,,
walker2d-medium-replay-v2,1,adm,16,20,3,1.5606025314089869,3.134871408766782,0.022166888312868168,20000,20000,20,,
walker2d-medium-replay-v2,1,adm,16,21,5,1.5777057362033857,3.1297949421848803,0.022130992273422873,20000,20000,20,,
walker2d-medium-replay-v2,1,adm,16,22,1,1.7426303367803582,3.3847695422532924,0.023933934960809894,20000,20000,20,,
walker2d-medium-replay-v2,1,adm,16,23,5,1.7079230638284193,3.3110131909594243,0.02341239879925518,20000,20000,20,,
walker2d-medium-replay-v2,1,adm,16,24,5,1.7588745690742134,3.398558016246727,0.024031434195439613,20000,20000,20,,
walker2d-medium-replay-v2,1,adm,16,25,3,1.8928462095761116,3.632396330407968,0.02568492077188605,20000,20000,20,,
walker2d-medium-replay-v2,1,adm,16,26,4,1.96246471103138,3.7081039506470503,0.02622025448847156,20000,20000,20,,
walker2d-medium-replay-v2,1,adm,16,27,4,1.9325253069718216,3.6262178694382747,0.025641232455396387,20000,20000,20,,
walker2d-medium-replay-v2,1,adm,16,28,4,1.9857512515260964,3.6336753561182813,0.025693964849416797,20000,20000,20,,
walker2d-medium-replay-v2,1,adm,16,29,4,2.110777991261465,3.7690461727176996,0.026651181073338887,20000,20000,20,,
walker2d-medium-replay-v2,1,adm,16,30,4,2.173458678558577,3.884734604697208,0.02746922182091438,20000,20000,20,,
walker2d-medium-replay-v2,1,adm,16,31,5,2.2292919501871618,3.9385493151203974,0.027849749287592655,20000,20000,20,,
walker2d-medium-replay-v2,1,adm,16,32,3,2.3885651633121934,4.281925030799935,0.030277782258110505,20000,20000,20,,
walker2d-medium-replay-v2,1,adm,16,33,1,2.51996400224767,4.315989230588388,0.030518652524771584,20000,20000,20,,
walker2d-medium-replay-v2,1,adm,16,34,5,2.488749826419159,4.275751220591279,0.03023412682746751,20000,20000,20,,
walker2d-medium-replay-v2,1,adm,16,35,1,2.661129611453943,4.469424868524589,0.0316036063253753,20000,20000,20,,
walker2d-medium-replay-v2,1,adm,16,36,4,2.6641560607845682,4.491300064596412,0.03175828732019702,20000,20000,20,,
walker2d-medium-replay-v2,1,adm,16,37,4,2.7956263953328335,4.619164935371166,0.03266242849220072,20000,20000,20,,
walker2d-medium-replay-v2,1,adm,16,38,3,2.8663781686527217,4.689266632022364,0.03315812234294816,20000,20000,20,,
walker2d-medium-replay-v2,1,adm,16,39,5,2.8553628082801175,4.662229214370731,0.032966938929275734,20000,20000,20,,
walker2d-medium-replay-v2,1,adm,16,40,5,2.9786134002422857,4.779275077605466,0.033794578165306885,20000,20000,20,,
walker2d-medium-replay-v2,1,adm,16,41,5,3.0518322621831664,4.8994494488500075,0.03464433929362533,20000,20000,20,,
walker2d-medium-replay-v2,1,adm,16,42,2,3.2871281478100296,5.214997477746931,0.03687560080385596,20000,20000,20,,
walker2d-medium-replay-v2,1,adm,16,43,4,3.1828932946185597,4.949834868210859,0.03500061801065519,20000,20000,20,,
walker2d-medium-replay-v2,1,adm,16,44,3,3.2994747457792406,5.11814571944378,0.03619075545319598,20000,20000,20,,
walker2d-medium-replay-v2,1,adm,16,45,5,3.2887664303980286,5.059834047200389,0.03577842966453969,20000,20000,20,,
walker2d-medium-replay-v2,1,adm,16,46,2,3.516282938333533,5.390120822411377,0.038113909849418946,20000,20000,20,,
walker2d-medium-replay-v2,1,adm,16,47,2,3.5889795047261184,5.48748242116341,0.03880236031646621,20000,20000,20,,
walker2d-medium-replay-v2,1,adm,16,48,3,3.5677533215709154,5.381860955027649,0.03805550376703159,20000,20000,20,,
walker2d-medium-replay-v2,1,adm,16,49,5,3.5504998090415647,5.285261722263461,0.03737244404158184,20000,20000,20,,
walker2d-medium-replay-v2,1,adm,16,50,1,3.771013923620581,5.55583239241768,0.03928566759814421,20000,20000,20,,
walker2d-medium-replay-v2,1,adm,16,51,4,3.7346074243445146,5.49647553609956,0.03886595124201963,20000,20000,20,,
walker2d-medium-replay-v2,1,adm,16,52,2,3.9298837876413004,5.759448055814598,0.040725447761581796,20000,20000,20,,
walker2d-medium-replay-v2,1,adm,16,53,1,4.060809678430137,5.875555933639205,0.04154645443917138,20000,20000,20,,
walker2d-medium-replay-v2,1,adm,16,54,2,4.164072950418138,6.037046643279025,0.04268836619802083,20000,20000,20,,
walker2d-medium-replay-v2,1,adm,16,55,3,4.110330061125956,5.857323724414062,0.04141753325138028,20000,20000,20,,
walker2d-medium-replay-v2,1,adm,16,56,2,4.326657355811915,6.146444066421444,0.04346192279550421,20000,20000,20,,
walker2d-medium-replay-v2,1,adm,16,57,3,4.3090751094278925,6.02701211588135,0.042617411374331844,20000,20000,20,,
walker2d-medium-replay-v2,1,adm,16,58,1,4.465047298176006,6.179421263960054,0.04369510679554501,20000,20000,20,,
walker2d-medium-replay-v2,1,adm,16,59,4,4.356498408744915,6.022386262285693,0.04258470164986919,20000,20000,20,,
walker2d-medium-replay-v2,1,adm,16,60,2,4.663970285769075,6.410681831232715,0.04533036594894047,20000,20000,20,,
walker2d-medium-replay-v2,1,adm,16,61,3,4.633836334355182,6.280095621036367,0.04440698200134758,20000,20000,20,,
walker2d-medium-replay-v2,1,adm,16,62,3,4.620726424433262,6.255133596247954,0.04423047383134724,20000,20000,20,,
walker2d-medium-replay-v2,1,adm,16,63,5,4.5922268597135965,6.132589570889121,0.04336395671809597,20000,20000,20,,
walker2d-medium-replay-v2,1,adm,16,64,1,4.814999007518361,6.395027807826355,0.04521967528790557,20000,20000,20,,
walker2d-medium-replay-v2,1,adm,16,65,5,4.810423741199294,6.458123028015491,0.045665825868467534,20000,20000,20,,
walker2d-medium-replay-v2,1,adm,16,66,2,5.105948788512859,6.727142825579206,0.04756808309977488,20000,20000,20,,
walker2d-medium-replay-v2,1,adm,16,67,5,4.888771643443718,6.375981766092812,0.045084999435260065,20000,20000,20,,
walker2d-medium-replay-v2,1,adm,16,68,2,5.2573041587238185,6.812841621716386,0.04817406509865612,20000,20000,20,,
walker2d-medium-replay-v2,1,adm,16,69,5,5.010441744371249,6.47043250404997,0.04575286700823587,20000,20000,20,,
walker2d-medium-replay-v2,1,adm,16,70,5,5.121485884699868,6.596189868608349,0.04664210586086965,20000,20000,20,,
walker2d-medium-replay-v2,1,adm,16,71,1,5.359425331268938,6.8244237533697385,0.04825596313698293,20000,20000,20,,
walker2d-medium-replay-v2,1,adm,16,72,4,5.40246179612614,6.824246208539999,0.0482547077054522,20000,20000,20,,
walker2d-medium-replay-v2,1,adm,16,73,1,5.568347500072878,6.9715776703887915,0.04929649846300628,20000,20000,20,,
walker2d-medium-replay-v2,1,adm,16,74,4,5.5157425590164095,6.921656046015118,0.04894349927178156,20000,20000,20,,
walker2d-medium-replay-v2,1,adm,16,75,2,5.854241110040671,7.294852420121629,0.05158239614023101,20000,20000,20,,
walker2d-medium-replay-v2,1,adm,16,76,4,5.664670181928744,6.914032006730066,0.04888958917299663,20000,20000,20,,
walker2d-medium-replay-v2,1,adm,16,77,5,5.698722402563489,6.942518719123709,0.04909102064806918,20000,20000,20,,
walker2d-medium-replay-v2,1,adm,16,78,3,6.021416804826507,7.294278872263504,0.05157834054443286,20000,20000,20,,
walker2d-medium-replay-v2,1,adm,16,79,3,6.01184451744076,7.316436080306362,0.051735015665025516,20000,20000,20,,
walker2d-medium-replay-v2,1,adm,16,80,1,6.1740361425799035,7.4195360246892985,0.05246404236315682,20000,20000,20,,
walker2d-medium-replay-v2,1,adm,16,81,1,6.410729364650596,7.726093537854395,0.05463173132698407,20000,20000,20,,
walker2d-medium-replay-v2,1,adm,16,82,3,6.229322739341417,7.407404258353889,0.05237825782072143,20000,20000,20,,
walker2d-medium-replay-v2,1,adm,16,83,1,6.410144290885292,7.59039398284358,0.053672190571462615,20000,20000,20,,
walker2d-medium-replay-v2,1,adm,16,84,5,6.217924390041067,7.3140427216686446,0.051718092063800104,20000,20000,20,,
walker2d-medium-replay-v2,1,adm,16,85,1,6.486235587701011,7.544121505115126,0.05334499474362169,20000,20000,20,,
walker2d-medium-replay-v2,1,adm,16,86,5,6.429968588811012,7.41481414972087,0.052430653665055914,20000,20000,20,,
walker2d-medium-replay-v2,1,adm,16,87,2,6.787478465692976,7.909640167452192,0.05592960199150944,20000,20000,20,,
walker2d-medium-replay-v2,1,adm,16,88,4,6.579438662408978,7.505159672723992,0.05306949298470944,20000,20000,20,,
walker2d-medium-replay-v2,1,adm,16,89,3,6.851339047184885,7.831034188919852,0.05537377378688922,20000,20000,20,,
walker2d-medium-replay-v2,1,adm,16,90,2,6.973811935288864,7.97299631432905,0.056377597602374215,20000,20000,20,,
walker2d-medium-replay-v2,1,adm,16,91,2,7.2194104776750185,8.253216880218785,0.058359056226059844,20000,20000,20,,
walker2d-medium-replay-v2,1,adm,16,92,4,6.963821819965926,7.849907963012597,0.05550723152336485,20000,20000,20,,
walker2d-medium-replay-v2,1,adm,16,93,2,7.45299890088106,8.412790346659394,0.059487411028235834,20000,20000,20,,
walker2d-medium-replay-v2,1,adm,16,94,5,7.063864677803492,7.8405435240591865,0.05544101494050521,20000,20000,20,,
walker2d-medium-replay-v2,1,adm,16,95,4,7.302221151754882,8.075746183999238,0.05710414889847245,20000,20000,20,,
walker2d-medium-replay-v2,1,adm,16,96,4,7.228002319799681,7.881837939140747,0.05573301054979825,20000,20000,20,,
walker2d-medium-replay-v2,1,adm,16,97,1,7.497665643646847,8.14080923474919,0.05756421414237221,20000,20000,20,,
walker2d-medium-replay-v2,1,adm,16,98,3,7.708020853670203,8.403786868047632,0.059423746820429384,20000,20000,20,,
walker2d-medium-replay-v2,1,adm,16,99,3,7.691779142494938,8.220755741265869,0.058129521311273386,20000,20000,20,,
walker2d-medium-replay-v2,1,adm,16,100,1,7.9960023673027285,8.521359212403459,0.06025510884016943,20000,20000,20,,
walker2d-medium-replay-v2,1,adm,17,1,1,0.2592272711298609,0.6723875506546676,0.0047544979665332865,20000,20000,20,,
walker2d-medium-replay-v2,1,adm,17,2,3,0.2772778130864626,0.7472611794143142,0.005283934472813189,20000,20000,20,,
walker2d-medium-replay-v2,1,adm,17,3,5,0.42181074819484904,0.9871335935740851,0.0069800885795328095,20000,20000,20,,
walker2d-medium-replay-v2,1,adm,17,4,1,0.5943508066492701,1.4158357330904567,0.010011470479144887,20000,20000,20,,
walker2d-medium-replay-v2,1,adm,17,5,2,0.6227698365507415,1.6440531867276944,0.01162521156966506,20000,20000,20,,
walker2d-medium-replay-v2,1,adm,17,6,1,0.7582759482977555,1.7391023781406334,0.012297310847608933,20000,20000,20,,
walker2d-medium-replay-v2,1,adm,17,7,1,0.9129081039393363,2.1041709235650075,0.014878735288283772,20000,20000,20,,
walker2d-medium-replay-v2,1,adm,17,8,5,0.7386297654782901,1.7178594811571504,0.012147100882518252,20000,20000,20,,
walker2d-medium-replay-v2,1,adm,17,9,3,0.912314107399931,2.158476128275609,0.015262731073329674,20000,20000,20,,
walker2d-medium-replay-v2,1,adm,17,10,5,0.9056428580516392,2.109399819520456,0.01491570916616594,20000,20000,20,,
walker2d-medium-replay-v2,1,adm,17,11,5,1.0019038117640802,2.2846837698736455,0.016155153865445002,20000,20000,20,,
walker2d-medium-replay-v2,1,adm,17,12,4,0.9712575995391464,2.2256938750564714,0.015738032318977954,20000,20000,20,,
walker2d-medium-replay-v2,1,adm,17,13,2,1.2047834435350346,2.7891330415050026,0.019722148872796476,20000,20000,20,,
walker2d-medium-replay-v2,1,adm,17,14,4,1.1307578488404073,2.4845701378521694,0.01756856392808864,20000,20000,20,,
walker2d-medium-replay-v2,1,adm,17,15,4,1.2246824212250231,2.6447306991469297,0.01870107011779033,20000,20000,20,,
walker2d-medium-replay-v2,1,adm,17,16,2,1.3278570556641998,2.882647002873156,0.020383392434986856,20000,20000,20,,
walker2d-medium-replay-v2,1,adm,17,17,3,1.315595339573589,2.814064378614683,0.019898440048139503,20000,20000,20,,
walker2d-medium-replay-v2,1,adm,17,18,4,1.3712706141335544,2.8780753375834824,0.020351065879710424,20000,20000,20,,
walker2d-medium-replay-v2,1,adm,17,19,1,1.5289119655453092,3.060158584796557,0.02163858886815874,20000,20000,20,,
walker2d-medium-replay-v2,1,adm,17,20,1,1.6545690596459453,3.2773718716722744,0.023174518749295124,20000,20000,20,,
walker2d-medium-replay-v2,1,adm,17,21,2,1.635571915897336,3.2393778110844536,0.02290586017043052,20000,20000,20,,
walker2d-medium-replay-v2,1,adm,17,22,4,1.5800474962305218,3.0911226140649664,0.02185753761884425,20000,20000,20,,
walker2d-medium-replay-v2,1,adm,17,23,3,1.7434277206048432,3.3593299664766274,0.023754049995388004,20000,20000,20,,
walker2d-medium-replay-v2,1,adm,17,24,3,1.8022483858970968,3.4756033008235843,0.024576226627267043,20000,20000,20,,
walker2d-medium-replay-v2,1,adm,17,25,3,1.8127110995687625,3.5062279013523767,0.024792775254317428,20000,20000,20,,
walker2d-medium-replay-v2,1,adm,17,26,5,1.8596380567571038,3.4690505978049355,0.024529892019871165,20000,20000,20,,
walker2d-medium-replay-v2,1,adm,17,27,4,1.9570070487063838,3.5767108150805513,0.025291164716867213,20000,20000,20,,
walker2d-medium-replay-v2,1,adm,17,28,4,2.017442211124034,3.737618503529309,0.0264289538933389,20000,20000,20,,
walker2d-medium-replay-v2,1,adm,17,29,1,2.197621928357345,4.028971249455977,0.028489128916959584,20000,20000,20,,
walker2d-medium-replay-v2,1,adm,17,30,3,2.1995807197764714,3.9501224125313614,0.027931583444178905,20000,20000,20,,
walker2d-medium-replay-v2,1,adm,17,31,1,2.344581487116274,4.11004266224749,0.02906239037441211,20000,20000,20,,
walker2d-medium-replay-v2,1,adm,17,32,4,2.2794854128664555,4.037753444140884,0.028551228411113568,20000,20000,20,,
walker2d-medium-replay-v2,1,adm,17,33,5,2.355945090395226,4.10996274875738,0.02906182530070446,20000,20000,20,,
walker2d-medium-replay-v2,1,adm,17,34,5,2.493405024724726,4.339142197724635,0.03068236872543788,20000,20000,20,,
walker2d-medium-replay-v2,1,adm,17,35,3,2.5842552113167736,4.496528090040764,0.03179525504263619,20000,20000,20,,
walker2d-medium-replay-v2,1,adm,17,36,5,2.644241014782001,4.441027558050549,0.03140280701733877,20000,20000,20,,
walker2d-medium-replay-v2,1,adm,17,37,2,2.815036926069495,4.760477221658002,0.03366165725118468,20000,20000,20,,
walker2d-medium-replay-v2,1,adm,17,38,2,2.922729993513946,4.829271965707077,0.03414810955145563,20000,20000,20,,
walker2d-medium-replay-v2,1,adm,17,39,2,3.0197672540720144,5.001715029889401,0.035367466151974704,20000,20000,20,,
walker2d-medium-replay-v2,1,adm,17,40,3,3.0302845880757676,4.930508468807932,0.0348639597299179,20000,20000,20,,
walker2d-medium-replay-v2,1,adm,17,41,2,3.2001697058997096,5.194356727918599,0.036729648662132075,20000,20000,20,,
walker2d-medium-replay-v2,1,adm,17,42,1,3.347506900483187,5.355303584032099,0.037867714795817194,20000,20000,20,,
walker2d-medium-replay-v2,1,adm,17,43,3,3.235245661916598,5.125424005698651,0.03624222070885834,20000,20000,20,,
walker2d-medium-replay-v2,1,adm,17,44,3,3.3425205636145807,5.265456894853907,0.037232402763966596,20000,20000,20,,
walker2d-medium-replay-v2,1,adm,17,45,5,3.2606927358717717,5.09394863124193,0.036019656201671,20000,20000,20,,
walker2d-medium-replay-v2,1,adm,17,46,2,3.570010048884018,5.535104687577697,0.039139100591636354,20000,20000,20,,
walker2d-medium-replay-v2,1,adm,17,47,3,3.558659617698122,5.377080299476201,0.03802169942744213,20000,20000,20,,
walker2d-medium-replay-v2,1,adm,17,48,2,3.730920987409594,5.536967536057697,0.039152272919561665,20000,20000,20,,
walker2d-medium-replay-v2,1,adm,17,49,5,3.587789001079463,5.392813514185909,0.03813295005555312,20000,20000,20,,
walker2d-medium-replay-v2,1,adm,17,50,3,3.7585637614644742,5.600040487994981,0.039598266039804736,20000,20000,20,,
walker2d-medium-replay-v2,1,adm,17,51,5,3.7448381793607806,5.558393396770379,0.03930377663358863,20000,20000,20,,
walker2d-medium-replay-v2,1,adm,17,52,1,3.98049502108954,5.787252582958843,0.0409220554584956,20000,20000,20,,
walker2d-medium-replay-v2,1,adm,17,53,3,3.9920052757862985,5.831320016330938,0.04123365926816455,20000,20000,20,,
walker2d-medium-replay-v2,1,adm,17,54,3,4.051629538779147,5.829486303851164,0.041220692962872604,20000,20000,20,,
walker2d-medium-replay-v2,1,adm,17,55,1,4.2228797249105,5.989267524951101,0.042350516812332935,20000,20000,20,,
walker2d-medium-replay-v2,1,adm,17,56,4,4.2021533131591955,5.913268692188693,0.04181312391224732,20000,20000,20,,
walker2d-medium-replay-v2,1,adm,17,57,1,4.379798002342703,6.106542587976004,0.043179776735622816,20000,20000,20,,
walker2d-medium-replay-v2,1,adm,17,58,3,4.404445046176718,6.123010201755268,0.0432962203493556,20000,20000,20,,
walker2d-medium-replay-v2,1,adm,17,59,1,4.541229466525807,6.253016662632201,0.044215504850197034,20000,20000,20,,
walker2d-medium-replay-v2,1,adm,17,60,1,4.699341566009674,6.474099273531049,0.04577879498388706,20000,20000,20,,
walker2d-medium-replay-v2,1,adm,17,61,4,4.5492463961118785,6.195518853733007,0.04380893394443715,20000,20000,20,,
walker2d-medium-replay-v2,1,adm,17,62,2,4.839731555809497,6.601049863140289,0.04667647121177029,20000,20000,20,,
walker2d-medium-replay-v2,1,adm,17,63,3,4.787986524909855,6.41299046386488,0.04534669044683519,20000,20000,20,,
walker2d-medium-replay-v2,1,adm,17,64,1,4.90035981606449,6.425264499846689,0.04543348098758784,20000,20000,20,,
walker2d-medium-replay-v2,1,adm,17,65,4,4.7325573227943245,6.286568957985544,0.04445275540588426,20000,20000,20,,
walker2d-medium-replay-v2,1,adm,17,66,1,4.947044193863739,6.499506130545931,0.04595844859272565,20000,20000,20,,
walker2d-medium-replay-v2,1,adm,17,67,3,5.099901322386224,6.675887597991561,0.04720565390979005,20000,20000,20,,
walker2d-medium-replay-v2,1,adm,17,68,3,5.084878132680402,6.616145635022823,0.04678321443842415,20000,20000,20,,
walker2d-medium-replay-v2,1,adm,17,69,5,5.120226464112544,6.601246345786615,0.04667786055388632,20000,20000,20,,
walker2d-medium-replay-v2,1,adm,17,70,3,5.348070157583963,6.937815354448818,0.0490577628375091,20000,20000,20,,
walker2d-medium-replay-v2,1,adm,17,71,3,5.304197491454772,6.767028254670648,0.047850115673585825,20000,20000,20,,
walker2d-medium-replay-v2,1,adm,17,72,4,5.28731266063773,6.608291156397907,0.04672767488744052,20000,20000,20,,
walker2d-medium-replay-v2,1,adm,17,73,1,5.486157331652139,6.787894844911057,0.04799766474817817,20000,20000,20,,
walker2d-medium-replay-v2,1,adm,17,74,2,5.648764123983304,7.11128379779739,0.050284369963645596,20000,20000,20,,
walker2d-medium-replay-v2,1,adm,17,75,5,5.494398846227318,6.7781157201713444,0.04792851589400297,20000,20000,20,,
walker2d-medium-replay-v2,1,adm,17,76,5,5.567736488181395,6.917718241999638,0.04891565479255826,20000,20000,20,,
walker2d-medium-replay-v2,1,adm,17,77,1,5.849690864684694,7.136235316592746,0.05046080384505659,20000,20000,20,,
walker2d-medium-replay-v2,1,adm,17,78,2,5.987981997926524,7.4000454586424125,0.05232622324894765,20000,20000,20,,
walker2d-medium-replay-v2,1,adm,17,79,1,6.095531619633769,7.448442147490825,0.05266843951766453,20000,20000,20,,
walker2d-medium-replay-v2,1,adm,17,80,3,6.024461551284202,7.231744397868825,0.05113615503540872,20000,20000,20,,
walker2d-medium-replay-v2,1,adm,17,81,5,5.883727256768974,7.029784318741459,0.0497080816206094,20000,20000,20,,
walker2d-medium-replay-v2,1,adm,17,82,1,6.177546453113322,7.3071227456418955,0.051669160444058476,20000,20000,20,,
walker2d-medium-replay-v2,1,adm,17,83,5,6.16415612439042,7.246620185875123,0.05124134274115619,20000,20000,20,,
walker2d-medium-replay-v2,1,adm,17,84,2,6.5581237610245156,7.742741864059884,0.05474945277053713,20000,20000,20,,
walker2d-medium-replay-v2,1,adm,17,85,3,6.444147409960705,7.505871829814711,0.053074528695790615,20000,20000,20,,
walker2d-medium-replay-v2,1,adm,17,86,4,6.4423074457840235,7.493471494597893,0.05298684508458263,20000,20000,20,,
walker2d-medium-replay-v2,1,adm,17,87,4,6.496760813418777,7.461017542166187,0.05275736098617498,20000,20000,20,,
walker2d-medium-replay-v2,1,adm,17,88,4,6.698843627412815,7.700721499716368,0.05445232392478484,20000,20000,20,,
walker2d-medium-replay-v2,1,adm,17,89,5,6.652019753924651,7.52318411673166,0.05319694505055884,20000,20000,20,,
walker2d-medium-replay-v2,1,adm,17,90,4,6.756944239029483,7.623781027033288,0.053908272624965795,20000,20000,20,,
walker2d-medium-replay-v2,1,adm,17,91,2,7.150787975078464,8.08811613451234,0.05719161765738002,20000,20000,20,,
walker2d-medium-replay-v2,1,adm,17,92,2,7.163412663116164,8.099400667128393,0.05727141135273333,20000,20000,20,,
walker2d-medium-replay-v2,1,adm,17,93,1,7.397859986325488,8.342158955638455,0.058987971672680384,20000,20000,20,,
walker2d-medium-replay-v2,1,adm,17,94,3,7.356293712540019,8.228730729280363,0.05818591299232269,20000,20000,20,,
walker2d-medium-replay-v2,1,adm,17,95,4,7.293339004010073,8.070993637679418,0.05707054332116598,20000,20000,20,,
walker2d-medium-replay-v2,1,adm,17,96,4,7.36909280176177,8.103100490126655,0.05729757305204595,20000,20000,20,,
walker2d-medium-replay-v2,1,adm,17,97,5,7.376085607304197,8.01786147467089,0.056694842193541574,20000,20000,20,,
walker2d-medium-replay-v2,1,adm,17,98,1,7.677180555856564,8.298978809470281,0.058682641930998966,20000,20000,20,,
walker2d-medium-replay-v2,1,adm,17,99,2,7.875592709558594,8.49471062197551,0.06006667485016278,20000,20000,20,,
walker2d-medium-replay-v2,1,adm,17,100,4,7.706275140143698,8.242068858257852,0.058280227806805925,20000,20000,20,,
walker2d-medium-replay-v2,1,adm,18,1,4,0.3395722206347167,0.8413789274642659,0.005949447451574467,20000,20000,20,,
walker2d-medium-replay-v2,1,adm,18,2,1,0.5331590848840868,1.2571090720417462,0.008889103495318467,20000,20000,20,,
walker2d-medium-replay-v2,1,adm,18,3,2,0.5434749852493298,1.401497925285343,0.009910086867881434,20000,20000,20,,
walker2d-medium-replay-v2,1,adm,18,4,4,0.33425528923768,0.8417554373133652,0.005952109778249283,20000,20000,20,,
walker2d-medium-replay-v2,1,adm,18,5,4,0.6162714532738632,1.4645026513633814,0.010355597558447251,20000,20000,20,,
walker2d-medium-replay-v2,1,adm,18,6,3,0.7428618988616137,1.7571957479725158,0.012425250292635333,20000,20000,20,,
walker2d-medium-replay-v2,1,adm,18,7,4,0.7935508339060607,1.8855901786689335,0.013333136018755565,20000,20000,20,,
walker2d-medium-replay-v2,1,adm,18,8,3,0.8336270053986223,1.9797833260765438,0.01399918215148782,20000,20000,20,,
walker2d-medium-replay-v2,1,adm,18,9,3,0.952324745448145,2.2191883415874565,0.015692031250666188,20000,20000,20,,
walker2d-medium-replay-v2,1,adm,18,10,5,0.9509701912701904,2.1688980923091155,0.01533642548774342,20000,20000,20,,
walker2d-medium-replay-v2,1,adm,18,11,5,1.0525754201577766,2.387674810170671,0.01688341049539984,20000,20000,20,,
walker2d-medium-replay-v2,1,adm,18,12,4,1.0907290821965294,2.5142742006637833,0.017778603370517475,20000,20000,20,,
walker2d-medium-replay-v2,1,adm,18,13,2,1.259470438668466,2.8788580253833698,0.020356600318218947,20000,20000,20,,
walker2d-medium-replay-v2,1,adm,18,14,1,1.3519534529750257,2.879043845571842,0.020357914265372447,20000,20000,20,,
walker2d-medium-replay-v2,1,adm,18,15,5,1.2212529287919316,2.680970281376516,0.01895732266120941,20000,20000,20,,
walker2d-medium-replay-v2,1,adm,18,16,1,1.391378877044883,2.9355068200143903,0.020757167786515335,20000,20000,20,,
walker2d-medium-replay-v2,1,adm,18,17,5,1.3771396970722778,2.9656947795245236,0.020970628895313335,20000,20000,20,,
walker2d-medium-replay-v2,1,adm,18,18,3,1.4405587887828772,3.0205704452643185,0.02135865844898069,20000,20000,20,,
walker2d-medium-replay-v2,1,adm,18,19,5,1.5931732082837018,3.2949512300542025,0.023298823584502824,20000,20000,20,,
walker2d-medium-replay-v2,1,adm,18,20,5,1.5471067301990546,3.188496448665834,0.022546074606408357,20000,20000,20,,
walker2d-medium-replay-v2,1,adm,18,21,2,1.759053690204028,3.572326833945759,0.02526016528897716,20000,20000,20,,
walker2d-medium-replay-v2,1,adm,18,22,4,1.6658660251896833,3.3335338104143277,0.02357164362658602,20000,20000,20,,
walker2d-medium-replay-v2,1,adm,18,23,3,1.724730671508499,3.3376656164588674,0.023600859907312435,20000,20000,20,,
walker2d-medium-replay-v2,1,adm,18,24,4,1.7505127064209625,3.3605299682963095,0.02376253528962934,20000,20000,20,,
walker2d-medium-replay-v2,1,adm,18,25,2,1.9114063253321623,3.6403702108797598,0.0257413046214258,20000,20000,20,,
walker2d-medium-replay-v2,1,adm,18,26,3,1.9449252510588522,3.648197943929142,0.025796655052631165,20000,20000,20,,
walker2d-medium-replay-v2,1,adm,18,27,3,1.994637634961505,3.7551363680382996,0.026552823901201048,20000,20000,20,,
walker2d-medium-replay-v2,1,adm,18,28,2,2.1727368271605076,4.006303487907521,0.028328843637907258,20000,20000,20,,
walker2d-medium-replay-v2,1,adm,18,29,4,2.156505460704795,3.9296314134787607,0.027786690200345094,20000,20000,20,,
walker2d-medium-replay-v2,1,adm,18,30,1,2.3480867511873353,4.20272109334075,0.02971772584536985,20000,20000,20,,
walker2d-medium-replay-v2,1,adm,18,31,5,2.2698714450842234,4.05271164541062,0.0286569988666354,20000,20000,20,,
walker2d-medium-replay-v2,1,adm,18,32,2,2.50668032434265,4.453206323620669,0.0314889238945499,20000,20000,20,,
walker2d-medium-replay-v2,1,adm,18,33,2,2.510252070488784,4.361057041743622,0.03083733007358259,20000,20000,20,,
walker2d-medium-replay-v2,1,adm,18,34,1,2.6306327337484907,4.47186644858146,0.03162087090352554,20000,20000,20,,
walker2d-medium-replay-v2,1,adm,18,35,2,2.6840147455010834,4.555108867629843,0.03220948369344038,20000,20000,20,,
walker2d-medium-replay-v2,1,adm,18,36,1,2.7990633211401446,4.650159282699296,0.03288159162394244,20000,20000,20,,
walker2d-medium-replay-v2,1,adm,18,37,2,2.881288844826242,4.824655336781831,0.034115465055262986,20000,20000,20,,
walker2d-medium-replay-v2,1,adm,18,38,5,2.771113757307847,4.602276500538474,0.03254300922426248,20000,20000,20,,
walker2d-medium-replay-v2,1,adm,18,39,5,2.8915113162235344,4.729197575312982,0.03344047675074788,20000,20000,20,,
walker2d-medium-replay-v2,1,adm,18,40,4,3.0535257625421632,4.954538309989546,0.03503387636642145,20000,20000,20,,
walker2d-medium-replay-v2,1,adm,18,41,5,3.0702079919483336,4.905898920015965,0.03468994394159049,20000,20000,20,,
walker2d-medium-replay-v2,1,adm,18,42,3,3.190251730602524,5.076966900104368,0.03589957722923443,20000,20000,20,,
walker2d-medium-replay-v2,1,adm,18,43,4,3.1434129285275807,4.921623362295143,0.034801132539250317,20000,20000,20,,
walker2d-medium-replay-v2,1,adm,18,44,5,3.1932493987523687,4.942684583038586,0.03495005785932787,20000,20000,20,,
walker2d-medium-replay-v2,1,adm,18,45,5,3.2897725762384056,5.016251751845206,0.035470256298686435,20000,20000,20,,
walker2d-medium-replay-v2,1,adm,18,46,4,3.3806475193102217,5.101521153061004,0.03607320201696051,20000,20000,20,,
walker2d-medium-replay-v2,1,adm,18,47,2,3.57220050049067,5.367940440158415,0.03795707086241516,20000,20000,20,,
walker2d-medium-replay-v2,1,adm,18,48,2,3.657969732161177,5.561533314253075,0.039325979203032435,20000,20000,20,,
walker2d-medium-replay-v2,1,adm,18,49,4,3.6125351475624012,5.40306313753907,0.0382054258373294,20000,20000,20,,
walker2d-medium-replay-v2,1,adm,18,50,4,3.656508425384703,5.399298183104166,0.038178803589211614,20000,20000,20,,
walker2d-medium-replay-v2,1,adm,18,51,1,3.7970479278163185,5.502979235786765,0.038911939343535866,20000,20000,20,,
walker2d-medium-replay-v2,1,adm,18,52,5,3.7749891128208537,5.545913034667442,0.03921552714684212,20000,20000,20,,
walker2d-medium-replay-v2,1,adm,18,53,4,3.852194288272444,5.591575174159383,0.039538407231624495,20000,20000,20,,
walker2d-medium-replay-v2,1,adm,18,54,5,3.867793630919326,5.581663296857101,0.039468319675077176,20000,20000,20,,
walker2d-medium-replay-v2,1,adm,18,55,4,3.99886511966061,5.7115670378542625,0.04038687783668311,20000,20000,20,,
walker2d-medium-replay-v2,1,adm,18,56,5,4.0128322799323,5.660510958113292,0.0400258568346267,20000,20000,20,,
walker2d-medium-replay-v2,1,adm,18,57,2,4.278276178156227,6.031102191662643,0.042646332577537034,20000,20000,20,,
walker2d-medium-replay-v2,1,adm,18,58,1,4.367386184905037,6.005421597427633,0.04246474335425228,20000,20000,20,,
walker2d-medium-replay-v2,1,adm,18,59,4,4.276205942118471,5.908801965027955,0.04178153938159664,20000,20000,20,,
walker2d-medium-replay-v2,1,adm,18,60,2,4.591833154700864,6.324778139650838,0.04472293512047544,20000,20000,20,,
walker2d-medium-replay-v2,1,adm,18,61,3,4.577863917715467,6.239928498956518,0.044122957557313484,20000,20000,20,,
walker2d-medium-replay-v2,1,adm,18,62,5,4.497322009108591,6.078791544757339,0.042983547227173624,20000,20000,20,,
walker2d-medium-replay-v2,1,adm,18,63,1,4.724842797195192,6.299917773810856,0.044547145787793146,20000,20000,20,,
walker2d-medium-replay-v2,1,adm,18,64,3,4.746998611192442,6.335670415060166,0.044799955138520316,20000,20000,20,,
walker2d-medium-replay-v2,1,adm,18,65,4,4.745205084639789,6.313827290257601,0.044645500921818335,20000,20000,20,,
walker2d-medium-replay-v2,1,adm,18,66,5,4.762441197322223,6.260529929680423,0.04426863167098367,20000,20000,20,,
walker2d-medium-replay-v2,1,adm,18,67,3,4.932679810129964,6.500759317520542,0.04596730996280408,20000,20000,20,,
walker2d-medium-replay-v2,1,adm,18,68,5,4.909590519930068,6.317274959542086,0.04466987962512182,20000,20000,20,,
walker2d-medium-replay-v2,1,adm,18,69,4,4.980123427967716,6.412061169080005,0.04534011934039413,20000,20000,20,,
walker2d-medium-replay-v2,1,adm,18,70,3,5.1738125160879544,6.601512077067361,0.04667973955779221,20000,20000,20,,
walker2d-medium-replay-v2,1,adm,18,71,3,5.194262978304833,6.610630425981402,0.046744216021295644,20000,20000,20,,
walker2d-medium-replay-v2,1,adm,18,72,3,5.288593252650469,6.728721278775933,0.0475792444493668,20000,20000,20,,
walker2d-medium-replay-v2,1,adm,18,73,4,5.337323189730013,6.706701265571538,0.04742353944278035,20000,20000,20,,
walker2d-medium-replay-v2,1,adm,18,74,4,5.43097819999506,6.714198512884245,0.04747655298693083,20000,20000,20,,
walker2d-medium-replay-v2,1,adm,18,75,2,5.714383948328954,7.165586908413102,0.05066835094120453,20000,20000,20,,
walker2d-medium-replay-v2,1,adm,18,76,1,5.828511403603612,7.2142909258669,0.05101274035133061,20000,20000,20,,
walker2d-medium-replay-v2,1,adm,18,77,1,6.03191881276398,7.445629356428277,0.05264855008132065,20000,20000,20,,
walker2d-medium-replay-v2,1,adm,18,78,1,6.205833165533301,7.671663803543058,0.05424685498468678,20000,20000,20,,
walker2d-medium-replay-v2,1,adm,18,79,4,5.840741866240619,7.04486590860522,0.04981472456524679,20000,20000,20,,
walker2d-medium-replay-v2,1,adm,18,80,4,5.963563341100374,7.151246492790219,0.050566948889884784,20000,20000,20,,
walker2d-medium-replay-v2,1,adm,18,81,5,5.957400679081626,7.1092487483573805,0.050269979991054786,20000,20000,20,,
walker2d-medium-replay-v2,1,adm,18,82,5,6.062715176869869,7.199571055661235,0.0509086551509245,20000,20000,20,,
walker2d-medium-replay-v2,1,adm,18,83,4,6.1043830002961625,7.200143329083296,0.05091270173509882,20000,20000,20,,
walker2d-medium-replay-v2,1,adm,18,84,2,6.490099368903348,7.632021145096767,0.053966539058570434,20000,20000,20,,
walker2d-medium-replay-v2,1,adm,18,85,4,6.292112960005554,7.310964484539939,0.051696325640322026,20000,20000,20,,
walker2d-medium-replay-v2,1,adm,18,86,4,6.402483888976894,7.4267713942959945,0.052515204152289684,20000,20000,20,,
walker2d-medium-replay-v2,1,adm,18,87,1,6.658702319031999,7.663434442046014,0.054188664611492826,20000,20000,20,,
walker2d-medium-replay-v2,1,adm,18,88,5,6.489185655802355,7.3919419846508,0.05226892303484127,20000,20000,20,,
walker2d-medium-replay-v2,1,adm,18,89,2,6.978115306132487,8.037661485179152,0.05683484941052115,20000,20000,20,,
walker2d-medium-replay-v2,1,adm,18,90,4,6.759003180869281,7.619531431267968,0.0538782234451362,20000,20000,20,,
walker2d-medium-replay-v2,1,adm,18,91,5,6.763651359718155,7.563086917028943,0.05347910045734425,20000,20000,20,,
walker2d-medium-replay-v2,1,adm,18,92,5,6.9027084095597555,7.703675501516574,0.05447321187183046,20000,20000,20,,
walker2d-medium-replay-v2,1,adm,18,93,1,7.200805736255774,7.943540081255238,0.05616931058082717,20000,20000,20,,
walker2d-medium-replay-v2,1,adm,18,94,4,7.153455675972272,7.852851295159393,0.055528044024567694,20000,20000,20,,
walker2d-medium-replay-v2,1,adm,18,95,3,7.365197575344362,8.128877850792366,0.057479846517324094,20000,20000,20,,
walker2d-medium-replay-v2,1,adm,18,96,2,7.626304076672916,8.519458304409326,0.060241667390838805,20000,20000,20,,
walker2d-medium-replay-v2,1,adm,18,97,5,7.348848426612095,8.006806956083244,0.05661667494298081,20000,20000,20,,
walker2d-medium-replay-v2,1,adm,18,98,1,7.729465220527192,8.371215966542817,0.05919343576719524,20000,20000,20,,
walker2d-medium-replay-v2,1,adm,18,99,3,7.858405347062344,8.57260423988903,0.06061746590454081,20000,20000,20,,
walker2d-medium-replay-v2,1,adm,18,100,4,7.741715894656716,8.281534284122008,0.05855929050931552,20000,20000,20,,
walker2d-medium-replay-v2,1,adm,19,1,5,0.4211772543089297,0.9827002153512688,0.006948739861483627,20000,20000,20,,
walker2d-medium-replay-v2,1,adm,19,2,5,0.42728704762154684,1.0109764194887747,0.007148682818402083,20000,20000,20,,
walker2d-medium-replay-v2,1,adm,19,3,3,0.2763628302802957,0.781394195270991,0.00552529134255923,20000,20000,20,,
walker2d-medium-replay-v2,1,adm,19,4,4,0.3302533153071192,0.823444819244885,0.005822634156209891,20000,20000,20,,
walker2d-medium-replay-v2,1,adm,19,5,4,0.6817464772647752,1.615161524133691,0.011420916664265323,20000,20000,20,,
walker2d-medium-replay-v2,1,adm,19,6,3,0.49209073248542656,1.230006491537245,0.008697459310694598,20000,20000,20,,
walker2d-medium-replay-v2,1,adm,19,7,3,0.5572026489465071,1.425587491877898,0.010080425826815839,20000,20000,20,,
walker2d-medium-replay-v2,1,adm,19,8,2,0.6980826649103717,1.6890518551064262,0.011943400205214718,20000,20000,20,,
walker2d-medium-replay-v2,1,adm,19,9,5,0.6757867631877612,1.610155491977967,0.01138551867142382,20000,20000,20,,
walker2d-medium-replay-v2,1,adm,19,10,4,0.7683393401551635,1.8437175624851476,0.0130370519102598,20000,20000,20,,
walker2d-medium-replay-v2,1,adm,19,11,2,0.8604144929320644,2.059364789878651,0.014561908078600036,20000,20000,20,,
walker2d-medium-replay-v2,1,adm,19,12,1,0.9908780176910125,2.219478600859663,0.015694083693662982,20000,20000,20,,
walker2d-medium-replay-v2,1,adm,19,13,4,0.9066543905447255,2.0852233489965015,0.01474475570363949,20000,20000,20,,
walker2d-medium-replay-v2,1,adm,19,14,3,1.0246360745063663,2.3829045035270897,0.016849679333639685,20000,20000,20,,
walker2d-medium-replay-v2,1,adm,19,15,4,1.0698719659762543,2.4147048946127625,0.01707454205545032,20000,20000,20,,
walker2d-medium-replay-v2,1,adm,19,16,4,1.170430769050516,2.6211136910422455,0.018534072651968728,20000,20000,20,,
walker2d-medium-replay-v2,1,adm,19,17,4,1.1236217573629845,2.5227349935566656,0.017838430210805195,20000,20000,20,,
walker2d-medium-replay-v2,1,adm,19,18,4,1.2199141025689255,2.666767116635111,0.018856891120179835,20000,20000,20,,
walker2d-medium-replay-v2,1,adm,19,19,5,1.2868441722387292,2.801596705118933,0.01981028028339486,20000,20000,20,,
walker2d-medium-replay-v2,1,adm,19,20,1,1.4494111356206894,3.0156110920258548,0.021323590525928516,20000,20000,20,,
walker2d-medium-replay-v2,1,adm,19,21,5,1.4321614650011227,2.966603474880781,0.02097705434179776,20000,20000,20,,
walker2d-medium-replay-v2,1,adm,19,22,5,1.4052606832877883,2.866677668828804,0.02027047219104891,20000,20000,20,,
walker2d-medium-replay-v2,1,adm,19,23,3,1.5873497110999797,3.239508458807387,0.022906783989338847,20000,20000,20,,
walker2d-medium-replay-v2,1,adm,19,24,2,1.6340181718818225,3.3603596273928384,0.02376133079754976,20000,20000,20,,
walker2d-medium-replay-v2,1,adm,19,25,3,1.6515967217260505,3.299784233197134,0.02333299807746145,20000,20000,20,,
walker2d-medium-replay-v2,1,adm,19,26,3,1.8029612244342021,3.538534601646229,0.025021218122872873,20000,20000,20,,
walker2d-medium-replay-v2,1,adm,19,27,1,1.9192850855918402,3.6276915921959687,0.02565165324895193,20000,20000,20,,
walker2d-medium-replay-v2,1,adm,19,28,3,1.864937961596548,3.546195531170745,0.025075389075042646,20000,20000,20,,
walker2d-medium-replay-v2,1,adm,19,29,5,1.9217399849061556,3.6435712391893755,0.025763939309670796,20000,20000,20,,
walker2d-medium-replay-v2,1,adm,19,30,4,2.0401739995261012,3.7501514453744633,0.026517575175008155,20000,20000,20,,
walker2d-medium-replay-v2,1,adm,19,31,5,2.0945450403185837,3.8015828720863385,0.02688125028094881,20000,20000,20,,
walker2d-medium-replay-v2,1,adm,19,32,2,2.291343847726945,4.1933260896998865,0.029651293137532585,20000,20000,20,,
walker2d-medium-replay-v2,1,adm,19,33,4,2.2119193245914466,4.010731303020565,0.028360153018829992,20000,20000,20,,
walker2d-medium-replay-v2,1,adm,19,34,3,2.3706435964623234,4.2010942166961005,0.029706222090293995,20000,20000,20,,
walker2d-medium-replay-v2,1,adm,19,35,3,2.485334014588537,4.4200260133302125,0.031254303670467345,20000,20000,20,,
walker2d-medium-replay-v2,1,adm,19,36,1,2.640935150306601,4.608355275016933,0.0325859926508127,20000,20000,20,,
walker2d-medium-replay-v2,1,adm,19,37,3,2.610019551358362,4.559546262109026,0.032240860810710675,20000,20000,20,,
walker2d-medium-replay-v2,1,adm,19,38,2,2.7788483858596074,4.720128262466743,0.0333763470246051,20000,20000,20,,
walker2d-medium-replay-v2,1,adm,19,39,4,2.7192277674165295,4.572021623768686,0.032329074938983675,20000,20000,20,,
walker2d-medium-replay-v2,1,adm,19,40,5,2.8008105776467636,4.707653273381745,0.0332881355308328,20000,20000,20,,
walker2d-medium-replay-v2,1,adm,19,41,5,2.900910892982689,4.820035169623855,0.03408279553998679,20000,20000,20,,
walker2d-medium-replay-v2,1,adm,19,42,5,2.9243030120807236,4.811660871782019,0.0340235803120704,20000,20000,20,,
walker2d-medium-replay-v2,1,adm,19,43,2,3.157221978139906,5.086388156743185,0.0359661955738005,20000,20000,20,,
walker2d-medium-replay-v2,1,adm,19,44,2,3.2143451919134627,5.1570116516654565,0.036465579095506816,20000,20000,20,,
walker2d-medium-replay-v2,1,adm,19,45,2,3.2973067865463186,5.241538025323621,0.03706327081553478,20000,20000,20,,
walker2d-medium-replay-v2,1,adm,19,46,5,3.165596905896974,4.992813443852333,0.03530452243347344,20000,20000,20,,
walker2d-medium-replay-v2,1,adm,19,47,3,3.3349319449658585,5.173890168579903,0.03658492823317259,20000,20000,20,,
walker2d-medium-replay-v2,1,adm,19,48,2,3.470479689288965,5.417425574461724,0.03830698360275313,20000,20000,20,,
walker2d-medium-replay-v2,1,adm,19,49,2,3.535683893758881,5.413274850541207,0.03827763355244282,20000,20000,20,,
walker2d-medium-replay-v2,1,adm,19,50,4,3.5137245789921,5.324443841437849,0.037649503463276536,20000,20000,20,,
walker2d-medium-replay-v2,1,adm,19,51,4,3.573305331132427,5.313613270049114,0.03757291975854554,20000,20000,20,,
walker2d-medium-replay-v2,1,adm,19,52,3,3.741699216319182,5.596568925451604,0.03957371838564738,20000,20000,20,,
walker2d-medium-replay-v2,1,adm,19,53,2,3.828967952638553,5.695534342632946,0.040273509561566216,20000,20000,20,,
walker2d-medium-replay-v2,1,adm,19,54,3,3.826001908826457,5.598799080538952,0.039589487963501,20000,20000,20,,
walker2d-medium-replay-v2,1,adm,19,55,5,3.780325859876768,5.44752634915993,0.03851982822183383,20000,20000,20,,
walker2d-medium-replay-v2,1,adm,19,56,5,3.8974484763859016,5.66085585832445,0.040028295647408126,20000,20000,20,,
walker2d-medium-replay-v2,1,adm,19,57,4,4.053317663237,5.795570399801831,0.04098087130543905,20000,20000,20,,
walker2d-medium-replay-v2,1,adm,19,58,3,4.114075301880672,5.836945505138121,0.04127343748099503,20000,20000,20,,
walker2d-medium-replay-v2,1,adm,19,59,2,4.346739576284282,6.199744672594587,0.04383881499616804,20000,20000,20,,
walker2d-medium-replay-v2,1,adm,19,60,3,4.323405535390797,6.055603339419265,0.04281958185479264,20000,20000,20,,
walker2d-medium-replay-v2,1,adm,19,61,2,4.531469672817984,6.3502176781061195,0.044902819821995295,20000,20000,20,,
walker2d-medium-replay-v2,1,adm,19,62,5,4.3269888804598695,5.979214010167084,0.04227942772754755,20000,20000,20,,
walker2d-medium-replay-v2,1,adm,19,63,2,4.6783321394961455,6.4566322445836795,0.045655284437728386,20000,20000,20,,
walker2d-medium-replay-v2,1,adm,19,64,5,4.5182423513320416,6.145205391992384,0.043453164044619505,20000,20000,20,,
walker2d-medium-replay-v2,1,adm,19,65,5,4.5471484408016964,6.145814586390337,0.04345747169951804,20000,20000,20,,
walker2d-medium-replay-v2,1,adm,19,66,3,4.852060825758826,6.525960909377931,0.04614551212779463,20000,20000,20,,
walker2d-medium-replay-v2,1,adm,19,67,2,4.894965325572554,6.539999266191872,0.046244778300793175,20000,20000,20,,
walker2d-medium-replay-v2,1,adm,19,68,4,4.755868129669226,6.216715800377395,0.04395881899156411,20000,20000,20,,
walker2d-medium-replay-v2,1,adm,19,69,4,4.820484770110512,6.228747061119991,0.044043892852137244,20000,20000,20,,
walker2d-medium-replay-v2,1,adm,19,70,1,5.020984443000336,6.447656660479943,0.04559181747387977,20000,20000,20,,
walker2d-medium-replay-v2,1,adm,19,71,1,5.2022623651183135,6.671375814554566,0.04717375078315461,20000,20000,20,,
walker2d-medium-replay-v2,1,adm,19,72,3,5.093448038858023,6.576651381309079,0.04650394789223524,20000,20000,20,,
walker2d-medium-replay-v2,1,adm,19,73,4,5.109694848736298,6.531298283244706,0.046183253060343876,20000,20000,20,,
walker2d-medium-replay-v2,1,adm,19,74,3,5.352837421121251,6.7710054384450995,0.04787823860975522,20000,20000,20,,
walker2d-medium-replay-v2,1,adm,19,75,1,5.521759611554236,6.958842866639955,0.049206449802127454,20000,20000,20,,
walker2d-medium-replay-v2,1,adm,19,76,5,5.36448273655025,6.72394713311271,0.04754548614163842,20000,20000,20,,
walker2d-medium-replay-v2,1,adm,19,77,2,5.742156102851764,7.198678974714558,0.05090234718605687,20000,20000,20,,
walker2d-medium-replay-v2,1,adm,19,78,3,5.6681670578271754,7.08830501161441,0.05012188540831138,20000,20000,20,,
walker2d-medium-replay-v2,1,adm,19,79,1,5.832149641143991,7.097007290754651,0.050183419814229815,20000,20000,20,,
walker2d-medium-replay-v2,1,adm,19,80,1,6.0464765951471415,7.336038771588137,0.051873627624374016,20000,20000,20,,
walker2d-medium-replay-v2,1,adm,19,81,5,5.700960327586436,6.83223429258023,0.04831119198938755,20000,20000,20,,
walker2d-medium-replay-v2,1,adm,19,82,2,6.2084779676190625,7.472291907616444,0.052837082788809504,20000,20000,20,,
walker2d-medium-replay-v2,1,adm,19,83,4,6.023277950216905,7.143584870850606,0.0505127730416009,20000,20000,20,,
walker2d-medium-replay-v2,1,adm,19,84,1,6.2755414345003615,7.412215819213709,0.05241228069384214,20000,20000,20,,
walker2d-medium-replay-v2,1,adm,19,85,1,6.488095107893377,7.697563494112563,0.054429993453010084,20000,20000,20,,
walker2d-medium-replay-v2,1,adm,19,86,3,6.3719702560418225,7.442445569592584,0.05262603730870693,20000,20000,20,,
walker2d-medium-replay-v2,1,adm,19,87,1,6.5783306772174575,7.615805293425849,0.05385187567177822,20000,20000,20,,
walker2d-medium-replay-v2,1,adm,19,88,3,6.6879184144657895,7.71357725953575,0.05454322787424074,20000,20000,20,,
walker2d-medium-replay-v2,1,adm,19,89,2,6.8902688619255805,7.927464468905951,0.0560556388357881,20000,20000,20,,
walker2d-medium-replay-v2,1,adm,19,90,2,7.009465430133062,8.119236237770082,0.057411670017827765,20000,20000,20,,
walker2d-medium-replay-v2,1,adm,19,91,1,7.145346417854894,8.212864192946219,0.05807371963796453,20000,20000,20,,
walker2d-medium-replay-v2,1,adm,19,92,4,6.86556734776735,7.780378634749386,0.05501558492830223,20000,20000,20,,
walker2d-medium-replay-v2,1,adm,19,93,1,7.096524253665955,8.01882259987787,0.05670163837505583,20000,20000,20,,
walker2d-medium-replay-v2,1,adm,19,94,4,7.080156101266146,7.880451425816758,0.05572320642006226,20000,20000,20,,
walker2d-medium-replay-v2,1,adm,19,95,2,7.416752002136233,8.212164286816074,0.05806877055425634,20000,20000,20,,
walker2d-medium-replay-v2,1,adm,19,96,1,7.60167276455384,8.38255732336761,0.05927363127038192,20000,20000,20,,
walker2d-medium-replay-v2,1,adm,19,97,2,7.720574959457712,8.561717427208544,0.060540484513822025,20000,20000,20,,
walker2d-medium-replay-v2,1,adm,19,98,2,7.8996031723194,8.810152515556998,0.06229718587038074,20000,20000,20,,
walker2d-medium-replay-v2,1,adm,19,99,5,7.491087189357706,8.179989002157006,0.05784125693456599,20000,20000,20,,
walker2d-medium-replay-v2,1,adm,19,100,4,7.739011915253711,8.378192694428831,0.059242768683182186,20000,20000,20,,
walker2d-medium-replay-v2,1,ensemble,0,1,1,0.771260611201851,1.6678340979804611,0.011793368005761327,20000,20000,20,,
walker2d-medium-replay-v2,1,ensemble,0,2,1,1.1624351333452458,2.456192328383007,0.017367902512979996,20000,20000,20,,
walker2d-medium-replay-v2,1,ensemble,0,3,1,1.4534242820290426,3.0508734610718373,0.021572933128659686,20000,20000,20,,
walker2d-medium-replay-v2,1,ensemble,0,4,1,1.731455951867876,3.6596147290371652,0.025877383914323492,20000,20000,20,,
walker2d-medium-replay-v2,1,ensemble,0,5,1,2.041698634337979,4.299222135917396,0.030400091261345033,20000,20000,20,,
walker2d-medium-replay-v2,1,ensemble,0,6,1,2.3504489588291717,4.867642202266517,0.03441942809612474,20000,20000,20,,
walker2d-medium-replay-v2,1,ensemble,0,7,1,2.6613734587620574,5.653981484863676,0.03997968648650291,20000,20000,20,,
walker2d-medium-replay-v2,1,ensemble,0,8,1,2.9329351532292005,6.115942222116867,0.043246242186039584,20000,20000,20,,
walker2d-medium-replay-v2,1,ensemble,0,9,1,3.199743018912786,6.405484109210365,0.045293612504053206,20000,20000,20,,
walker2d-medium-replay-v2,1,ensemble,0,10,1,3.459436721750829,6.78152959104937,0.04795265560648244,20000,20000,20,,
walker2d-medium-replay-v2,1,ensemble,0,11,1,3.7451390615592084,7.455163131062083,0.052715964048259324,20000,20000,20,,
walker2d-medium-replay-v2,1,ensemble,0,12,1,3.9598983205048586,7.9605973202447196,0.05628992347440499,20000,20000,20,,
walker2d-medium-replay-v2,1,ensemble,0,13,1,4.190156696970656,8.46245539260743,0.0598385959360138,20000,20000,20,,
walker2d-medium-replay-v2,1,ensemble,0,14,1,4.38622237308546,8.862030400892491,0.06266401791552419,20000,20000,20,,
walker2d-medium-replay-v2,1,ensemble,0,15,1,4.556339354977991,9.120869374658334,0.06449428585137612,20000,20000,20,,
walker2d-medium-replay-v2,1,ensemble,0,16,1,4.7390311619484535,9.648242100077184,0.06822337415494113,20000,20000,20,,
walker2d-medium-replay-v2,1,ensemble,0,17,1,4.932214833017748,9.746091797278945,0.06891527599922528,20000,20000,20,,
walker2d-medium-replay-v2,1,ensemble,0,18,1,5.166733418262791,9.93169712666856,0.07022770386958288,20000,20000,20,,
walker2d-medium-replay-v2,1,ensemble,0,19,1,5.388908816885629,10.27107705351348,0.07262748234628925,20000,20000,20,,
walker2d-medium-replay-v2,1,ensemble,0,20,1,5.606643181097843,10.220898840937666,0.07227266880248748,20000,20000,20,,
walker2d-medium-replay-v2,1,ensemble,0,21,1,5.7686241199524,10.269420710639185,0.07261577023350542,20000,20000,20,,
walker2d-medium-replay-v2,1,ensemble,0,22,1,5.94914011168073,10.459100532849865,0.07395700911889971,20000,20000,20,,
walker2d-medium-replay-v2,1,ensemble,0,23,1,6.207832121246733,11.528281190736918,0.081517258053954,20000,20000,20,,
walker2d-medium-replay-v2,1,ensemble,0,24,1,6.510549019570789,12.536421391433146,0.08864588577694471,20000,20000,20,,
walker2d-medium-replay-v2,1,ensemble,0,25,1,6.704887369287893,13.763443337349232,0.09732224116316449,20000,20000,20,,
walker2d-medium-replay-v2,1,ensemble,0,26,1,6.850042545369564,13.063732610447316,0.09237453916455135,20000,20000,20,,
walker2d-medium-replay-v2,1,ensemble,0,27,1,6.945345269128836,12.973891363888132,0.09173926561782884,20000,20000,20,,
walker2d-medium-replay-v2,1,ensemble,0,28,1,7.212507656384524,14.342637443288547,0.10141776196249418,20000,20000,20,,
walker2d-medium-replay-v2,1,ensemble,0,29,1,7.446745818928689,15.808610396687849,0.11178375612634134,20000,20000,20,,
walker2d-medium-replay-v2,1,ensemble,0,30,1,7.785045430403917,17.721112112975884,0.12530718545252315,20000,20000,20,,
walker2d-medium-replay-v2,1,ensemble,0,31,1,8.161247351628466,20.42070555366696,0.14439619373611698,20000,20000,20,,
walker2d-medium-replay-v2,1,ensemble,0,32,1,8.541807804019403,23.99611678750661,0.16967816902590277,20000,20000,20,,
walker2d-medium-replay-v2,1,ensemble,0,33,1,9.002990454036944,30.777650209961603,0.21763085172451416,20000,20000,20,,
walker2d-medium-replay-v2,1,ensemble,0,34,1,9.333442358311746,31.8655736740394,0.22532363231312785,20000,20000,20,,
walker2d-medium-replay-v2,1,ensemble,0,35,1,9.58540359045764,33.137376829328005,0.23431663866751806,20000,20000,20,,
walker2d-medium-replay-v2,1,ensemble,0,36,1,9.846310201909413,34.95598387437939,0.24717613240621272,20000,20000,20,,
walker2d-medium-replay-v2,1,ensemble,0,37,1,10.220202063600132,37.10774740264328,0.26239139822966556,20000,20000,20,,
walker2d-medium-replay-v2,1,ensemble,0,38,1,10.759912310565708,40.02649267218668,0.28303004395616854,20000,20000,20,,
walker2d-medium-replay-v2,1,ensemble,0,39,1,11.299574704666757,44.822340272372564,0.3169418075524552,20000,20000,20,,
walker2d-medium-replay-v2,1,ensemble,0,40,1,11.686751373898774,47.18065656890389,0.3336176220070557,20000,20000,20,,
walker2d-medium-replay-v2,1,ensemble,0,41,1,12.194578898403932,53.321364233946426,0.3770389823194136,20000,20000,20,,
walker2d-medium-replay-v2,1,ensemble,0,42,1,12.86695564246196,65.21215472265712,0.46111956820177186,20000,20000,20,,
walker2d-medium-replay-v2,1,ensemble,0,43,1,13.68507004392056,87.25591996948502,0.6169925270909354,20000,20000,20,,
walker2d-medium-replay-v2,1,ensemble,0,44,1,14.559447813922924,104.68630623443252,0.7402439703573878,20000,20000,20,,
walker2d-medium-replay-v2,1,ensemble,0,45,1,15.3205829598873,113.5936831708832,0.8032286367008771,20000,20000,20,,
walker2d-medium-replay-v2,1,ensemble,0,46,1,16.605694973346537,145.74287403872785,1.030557745424013,20000,20000,20,,
walker2d-medium-replay-v2,1,ensemble,0,47,1,18.246768425484902,195.47078062327364,1.382187145025448,20000,20000,20,,
walker2d-medium-replay-v2,1,ensemble,0,48,1,21.012416508266142,324.1265916053936,2.2919211088705653,20000,20000,20,,
walker2d-medium-replay-v2,1,ensemble,0,49,1,22.894567630358242,354.40331885161623,2.50600990034996,20000,20000,20,,
walker2d-medium-replay-v2,1,ensemble,0,50,1,24.93604087147644,416.850025808094,2.947574799866906,20000,20000,20,,
walker2d-medium-replay-v2,1,ensemble,0,51,1,27.61022288977594,465.64995057109644,3.2926423770800293,20000,20000,20,,
walker2d-medium-replay-v2,1,ensemble,0,52,1,31.120278609236575,551.8886536684914,3.9024420946890426,20000,20000,20,,
walker2d-medium-replay-v2,1,ensemble,0,53,1,33.948282332708956,618.8066441716236,4.37562374337046,20000,20000,20,,
walker2d-medium-replay-v2,1,ensemble,0,54,1,37.780703457683636,747.7157409826835,5.287148708487797,20000,20000,20,,
walker2d-medium-replay-v2,1,ensemble,0,55,1,43.754319935617964,960.9972597793777,6.795276790916882,20000,20000,20,,
walker2d-medium-replay-v2,1,ensemble,0,56,1,48.04878468081935,1021.6986768197588,7.224500627085743,20000,20000,20,,
walker2d-medium-replay-v2,1,ensemble,0,57,1,53.21217506481511,1080.168900153365,7.637947541252592,20000,20000,20,,
walker2d-medium-replay-v2,1,ensemble,0,58,1,59.91024279985786,1305.4698689979052,9.231065970031326,20000,20000,20,,
walker2d-medium-replay-v2,1,ensemble,0,59,1,68.10309284133108,1481.7771972391838,10.477747043754231,20000,20000,20,,
walker2d-medium-replay-v2,1,ensemble,0,60,1,72.56949890989736,1418.7410431875473,10.032014123855912,20000,20000,20,,
walker2d-medium-replay-v2,1,ensemble,0,61,1,80.5273105224815,1643.145015332518,11.618789828144969,20000,20000,20,,
walker2d-medium-replay-v2,1,ensemble,0,62,1,98.7199731953203,2155.2412903922527,15.239857315296069,20000,20000,20,,
walker2d-medium-replay-v2,1,ensemble,0,63,1,99.73823525050635,1795.040508796473,12.692853162745365,20000,20000,20,,
walker2d-medium-replay-v2,1,ensemble,0,64,1,110.42191739219311,1880.6277731250605,13.298046512644863,20000,20000,20,,
walker2d-medium-replay-v2,1,ensemble,0,65,1,126.74317915688188,2337.189338844638,16.526424304139468,20000,20000,20,,
walker2d-medium-replay-v2,1,ensemble,0,66,1,154.58187111660527,3162.0267883815677,22.35890584358127,20000,20000,20,,
walker2d-medium-replay-v2,1,ensemble,0,67,1,192.9228145761116,4570.330907975687,32.317119772960794,20000,20000,20,,
walker2d-medium-replay-v2,1,ensemble,0,68,1,238.80167014408704,6092.667857171514,43.08166757323289,20000,20000,20,,
walker2d-medium-replay-v2,1,ensemble,0,69,1,312.69467246104756,9011.267518904126,63.71928369703182,20000,20000,20,,
walker2d-medium-replay-v2,1,ensemble,0,70,1,376.24986150468334,11268.278693422919,79.67876276419236,20000,20000,20,,
walker2d-medium-replay-v2,1,ensemble,0,71,1,429.3355586420011,13484.789707964386,95.35186245376181,20000,20000,20,,
walker2d-medium-replay-v2,1,ensemble,0,72,1,529.5352935244845,16226.647964267127,114.73972811460172,20000,20000,20,,
walker2d-medium-replay-v2,1,ensemble,0,73,1,619.6626664380569,18552.703045127593,131.1874213255003,20000,20000,20,,
walker2d-medium-replay-v2,1,ensemble,0,74,1,778.3550244741266,23610.43337830009,166.950975485492,20000,20000,20,,
walker2d-medium-replay-v2,1,ensemble,0,75,1,962.232823751658,31976.207520127027,226.10593174110096,20000,20000,20,,
walker2d-medium-replay-v2,1,ensemble,0,76,1,1024.122281060127,33543.089042095904,237.18545723610188,20000,20000,20,,
walker2d-medium-replay-v2,1,ensemble,0,77,1,1204.268455889067,39725.39603875186,280.90096924322654,20000,20000,20,,
walker2d-medium-replay-v2,1,ensemble,0,78,1,1707.1472842382975,64785.68953505108,458.10400394080966,20000,20000,20,,
walker2d-medium-replay-v2,1,ensemble,0,79,1,1573.3252412878235,47558.539843443774,336.28966026629695,20000,20000,20,,
walker2d-medium-replay-v2,1,ensemble,0,80,1,1741.5054701708682,50249.99663699495,355.32113376620333,20000,20000,20,,
walker2d-medium-replay-v2,1,ensemble,0,81,1,1943.459138347119,56061.7847109522,396.4166813453461,20000,20000,20,,
walker2d-medium-replay-v2,1,ensemble,0,82,1,2257.066238249532,65037.70959173988,459.8860548516063,20000,20000,20,,
walker2d-medium-replay-v2,1,ensemble,0,83,1,2656.407963452176,86226.99312281638,609.7169155846925,20000,20000,20,,
walker2d-medium-replay-v2,1,ensemble,0,84,1,3018.4791424794003,98224.53355711827,694.5523375712391,20000,20000,20,,
walker2d-medium-replay-v2,1,ensemble,0,85,1,3582.9295173457062,127834.51353009949,903.9265138681681,20000,20000,20,,
walker2d-medium-replay-v2,1,ensemble,0,86,1,4488.2408024095885,193882.76262386108,1370.9581620651386,20000,20000,20,,
walker2d-medium-replay-v2,1,ensemble,0,87,1,6300.865920789733,348364.4887290769,2463.3089230491487,20000,20000,20,,
walker2d-medium-replay-v2,1,ensemble,0,88,1,8003.783590441796,524599.1481237729,3709.476150430059,20000,20000,20,,
walker2d-medium-replay-v2,1,ensemble,0,89,1,9381.460374109913,643670.7450473678,4551.4394867439105,20000,20000,20,,
walker2d-medium-replay-v2,1,ensemble,0,90,1,11186.441552183634,864412.2822571138,6112.317865249452,20000,20000,20,,
walker2d-medium-replay-v2,1,ensemble,0,91,1,16411.934009737135,1538635.3985517188,10879.795240895864,20000,20000,20,,
walker2d-medium-replay-v2,1,ensemble,0,92,1,22198.999545607538,2264815.311901519,16014.662651806897,20000,20000,20,,
walker2d-medium-replay-v2,1,ensemble,0,93,1,26740.059221658797,2661335.6281624297,18818.484696870142,20000,20000,20,,
walker2d-medium-replay-v2,1,ensemble,0,94,1,42263.669022339986,4827067.322428216,34132.520369329824,20000,20000,20,,
walker2d-medium-replay-v2,1,ensemble,0,95,1,66327.20614758787,8081501.299218284,57144.84370845142,20000,20000,20,,
walker2d-medium-replay-v2,1,ensemble,0,96,1,63777.10114555003,7531806.634344492,53257.915457308176,20000,20000,20,,
walker2d-medium-replay-v2,1,ensemble,0,97,1,104030.99885477664,13003626.093262224,91949.5219056005,20000,20000,20,,
walker2d-medium-replay-v2,1,ensemble,0,98,1,131912.82032895501,16509437.052146262,116739.34893145066,20000,20000,20,,
walker2d-medium-replay-v2,1,ensemble,0,99,1,161517.48791185586,20434537.23275691,144493.99847691398,20000,20000,20,,
walker2d-medium-replay-v2,1,ensemble,0,100,1,168639.40752935843,21188055.217865366,149822.1752470761,20000,20000,20,,
walker2d-medium-replay-v2,1,ensemble,1,1,1,0.7679937830862611,1.6731592041428838,0.0118310221925412,20000,20000,20,,
walker2d-medium-replay-v2,1,ensemble,1,2,1,1.1357871990615118,2.410676699786741,0.017046058416676117,20000,20000,20,,
walker2d-medium-replay-v2,1,ensemble,1,3,1,1.436904459027338,3.0602307843670964,0.02163909939621801,20000,20000,20,,
walker2d-medium-replay-v2,1,ensemble,1,4,1,1.7203971994476557,3.670695255715428,0.025955735069856673,20000,20000,20,,
walker2d-medium-replay-v2,1,ensemble,1,5,1,2.0363451950448384,4.259149789376928,0.030116736981576814,20000,20000,20,,
walker2d-medium-replay-v2,1,ensemble,1,6,1,2.321467958253566,4.980221081238276,0.035215480983517844,20000,20000,20,,
walker2d-medium-replay-v2,1,ensemble,1,7,1,2.5909579253163244,5.562297468525833,0.03933138258971383,20000,20000,20,,
walker2d-medium-replay-v2,1,ensemble,1,8,1,2.9128087919774748,6.31027136813662,0.044620356755367165,20000,20000,20,,
walker2d-medium-replay-v2,1,ensemble,1,9,1,3.2160043755487617,6.739047405386883,0.04765226119086673,20000,20000,20,,
walker2d-medium-replay-v2,1,ensemble,1,10,1,3.5256533997763406,7.4591988808678416,0.052744501108807566,20000,20000,20,,
walker2d-medium-replay-v2,1,ensemble,1,11,1,3.7133041638778335,7.840827169821761,0.055443020618926926,20000,20000,20,,
walker2d-medium-replay-v2,1,ensemble,1,12,1,3.957814533245501,8.3204041608508,0.05883414204350366,20000,20000,20,,
walker2d-medium-replay-v2,1,ensemble,1,13,1,4.175429727952939,8.632554595235892,0.061041378932543904,20000,20000,20,,
walker2d-medium-replay-v2,1,ensemble,1,14,1,4.460721282547608,9.993937172028419,0.07066780745093602,20000,20000,20,,
walker2d-medium-replay-v2,1,ensemble,1,15,1,4.711668825854261,11.945970052562542,0.08447076432018391,20000,20000,20,,
walker2d-medium-replay-v2,1,ensemble,1,16,1,4.91728320406428,13.205490406138896,0.09337691815074708,20000,20000,20,,
walker2d-medium-replay-v2,1,ensemble,1,17,1,5.093938067236061,11.845000411577981,0.08375680114184236,20000,20000,20,,
walker2d-medium-replay-v2,1,ensemble,1,18,1,5.3528228127727155,12.758930897792828,0.09021926558519873,20000,20000,20,,
walker2d-medium-replay-v2,1,ensemble,1,19,1,5.5672231141247295,13.080780640111891,0.09249508693836826,20000,20000,20,,
walker2d-medium-replay-v2,1,ensemble,1,20,1,5.801969549602593,13.780650007796053,0.09744391069671038,20000,20000,20,,
walker2d-medium-replay-v2,1,ensemble,1,21,1,6.042559449736414,16.173633095847695,0.11436485638497079,20000,20000,20,,
walker2d-medium-replay-v2,1,ensemble,1,22,1,6.253355141746682,16.307186567499595,0.11530922203953144,20000,20000,20,,
walker2d-medium-replay-v2,1,ensemble,1,23,1,6.485250187872129,17.537547935754084,0.1240091907075585,20000,20000,20,,
walker2d-medium-replay-v2,1,ensemble,1,24,1,6.738689078129736,18.094394364274525,0.12794668956442165,20000,20000,20,,
walker2d-medium-replay-v2,1,ensemble,1,25,1,6.994886861643957,19.2898572736632,0.13639988886327895,20000,20000,20,,
walker2d-medium-replay-v2,1,ensemble,1,26,1,7.200654108913953,19.525424458372022,0.13806560040060528,20000,20000,20,,
walker2d-medium-replay-v2,1,ensemble,1,27,1,7.376945036745766,19.636542491548628,0.13885132354831817,20000,20000,20,,
walker2d-medium-replay-v2,1,ensemble,1,28,1,7.677223494449831,20.261139689449422,0.14326789268977586,20000,20000,20,,
walker2d-medium-replay-v2,1,ensemble,1,29,1,7.978039660008799,22.893498856440356,0.16188148286475446,20000,20000,20,,
walker2d-medium-replay-v2,1,ensemble,1,30,1,8.247805175773944,23.9030233656737,0.16901989912728366,20000,20000,20,,
walker2d-medium-replay-v2,1,ensemble,1,31,1,8.525205852583944,24.951742927639973,0.17643546626557702,20000,20000,20,,
walker2d-medium-replay-v2,1,ensemble,1,32,1,8.928005442109123,31.494531523252554,0.22269996810385367,20000,20000,20,,
walker2d-medium-replay-v2,1,ensemble,1,33,1,9.36279946591474,36.31523980228237,0.25678752324609483,20000,20000,20,,
walker2d-medium-replay-v2,1,ensemble,1,34,1,9.73400557977211,39.64546228139558,0.2803357522245031,20000,20000,20,,
walker2d-medium-replay-v2,1,ensemble,1,35,1,10.432227517641659,53.05541447562134,0.3751584335437476,20000,20000,20,,
walker2d-medium-replay-v2,1,ensemble,1,36,1,11.014776206647912,63.06931962001537,0.44596743588134635,20000,20000,20,,
walker2d-medium-replay-v2,1,ensemble,1,37,1,11.563598922085584,70.51558089847762,0.49862045432622104,20000,20000,20,,
walker2d-medium-replay-v2,1,ensemble,1,38,1,12.387029413250248,88.86568942031533,0.628375316039226,20000,20000,20,,
walker2d-medium-replay-v2,1,ensemble,1,39,1,13.018565649185234,106.07584467541753,0.7500694909007866,20000,20000,20,,
walker2d-medium-replay-v2,1,ensemble,1,40,1,14.03524904482544,129.13740368148817,0.913139338480049,20000,20000,20,,
walker2d-medium-replay-v2,1,ensemble,1,41,1,14.90955444852347,146.5543262288241,1.0362955788862702,20000,20000,20,,
walker2d-medium-replay-v2,1,ensemble,1,42,1,15.9090375466241,156.6273150921312,1.1075223662068805,20000,20000,20,,
walker2d-medium-replay-v2,1,ensemble,1,43,1,16.73999297371404,174.36922382292693,1.232976605954265,20000,20000,20,,
walker2d-medium-replay-v2,1,ensemble,1,44,1,18.771065942880465,229.31703995648945,1.6215163399486017,20000,20000,20,,
walker2d-medium-replay-v2,1,ensemble,1,45,1,20.830679207988688,289.71963972075275,2.048627218894677,20000,20000,20,,
walker2d-medium-replay-v2,1,ensemble,1,46,1,23.396338790349738,372.5482280441569,2.634313783690556,20000,20000,20,,
walker2d-medium-replay-v2,1,ensemble,1,47,1,26.82049205919995,524.936363581192,3.711860623796679,20000,20000,20,,
walker2d-medium-replay-v2,1,ensemble,1,48,1,29.801720396667335,616.8020271359497,4.361448960374389,20000,20000,20,,
walker2d-medium-replay-v2,1,ensemble,1,49,1,33.78203531241268,833.7975821312947,5.895839244619857,20000,20000,20,,
walker2d-medium-replay-v2,1,ensemble,1,50,1,36.230668134500476,831.5623069929104,5.880033462538165,20000,20000,20,,
walker2d-medium-replay-v2,1,ensemble,1,51,1,42.93682668337874,1110.8316388639728,7.854765845972811,20000,20000,20,,
walker2d-medium-replay-v2,1,ensemble,1,52,1,45.7190632718186,1191.8765903014412,8.427840193396495,20000,20000,20,,
walker2d-medium-replay-v2,1,ensemble,1,53,1,49.33839736253138,1234.0773444356857,8.7262445875916,20000,20000,20,,
walker2d-medium-replay-v2,1,ensemble,1,54,1,52.1915512144678,1199.3968215708405,8.48101625866333,20000,20000,20,,
walker2d-medium-replay-v2,1,ensemble,1,55,1,58.599388229359164,1341.5878427179493,9.486458611432933,20000,20000,20,,
walker2d-medium-replay-v2,1,ensemble,1,56,1,71.28571892599625,1894.782031117358,13.398132230735037,20000,20000,20,,
walker2d-medium-replay-v2,1,ensemble,1,57,1,89.10691190942818,2727.4279372184687,19.285827896048165,20000,20000,20,,
walker2d-medium-replay-v2,1,ensemble,1,58,1,101.40743299633154,3166.728888868222,22.392154714980606,20000,20000,20,,
walker2d-medium-replay-v2,1,ensemble,1,59,1,111.26692646083187,3209.1739358370723,22.692286520375163,20000,20000,20,,
walker2d-medium-replay-v2,1,ensemble,1,60,1,126.11531443571667,3642.3142984759143,25.755051396650416,20000,20000,20,,
walker2d-medium-replay-v2,1,ensemble,1,61,1,149.8642543297153,4367.4936725003345,30.88284392614325,20000,20000,20,,
walker2d-medium-replay-v2,1,ensemble,1,62,1,168.66117095071792,5000.46399487246,35.3586199985349,20000,20000,20,,
walker2d-medium-replay-v2,1,ensemble,1,63,1,195.88252115995385,5458.040332687763,38.59417331233197,20000,20000,20,,
walker2d-medium-replay-v2,1,ensemble,1,64,1,230.93698016065835,6512.275241809885,46.04873984437033,20000,20000,20,,
walker2d-medium-replay-v2,1,ensemble,1,65,1,273.70948486396,8834.903956738364,62.47220498941557,20000,20000,20,,
walker2d-medium-replay-v2,1,ensemble,1,66,1,304.6767514402353,10287.02986839464,72.74028578210408,20000,20000,20,,
walker2d-medium-replay-v2,1,ensemble,1,67,1,336.9311050681627,10707.937747484242,75.71655393769512,20000,20000,20,,
walker2d-medium-replay-v2,1,ensemble,1,68,1,434.152875844117,17937.580955718513,126.83785131871232,20000,20000,20,,
walker2d-medium-replay-v2,1,ensemble,1,69,1,496.40502030064187,18102.42985139623,128.0035090387606,20000,20000,20,,
walker2d-medium-replay-v2,1,ensemble,1,70,1,660.5175289601158,29631.493712759882,209.5263014097906,20000,20000,20,,
walker2d-medium-replay-v2,1,ensemble,1,71,1,944.0413569551241,53849.64043530722,380.7744591626304,20000,20000,20,,
walker2d-medium-replay-v2,1,ensemble,1,72,1,1078.6161894433749,67465.16991529388,477.05079141006956,20000,20000,20,,
walker2d-medium-replay-v2,1,ensemble,1,73,1,1087.1276026960873,58123.253858562195,410.9934694801649,20000,20000,20,,
walker2d-medium-replay-v2,1,ensemble,1,74,1,1096.0575899008177,49143.32761159465,347.49580204230676,20000,20000,20,,
walker2d-medium-replay-v2,1,ensemble,1,75,1,1335.952628786339,50954.598576367905,360.30342185988144,20000,20000,20,,
walker2d-medium-replay-v2,1,ensemble,1,76,1,1684.1733356463928,65944.018416615,466.2946260107904,20000,20000,20,,
walker2d-medium-replay-v2,1,ensemble,1,77,1,2973.92884686857,211101.2758553275,1492.7114367443405,20000,20000,20,,
walker2d-medium-replay-v2,1,ensemble,1,78,1,2880.0443025338336,170926.05023642175,1208.629692036063,20000,20000,20,,
walker2d-medium-replay-v2,1,ensemble,1,79,1,3010.327604335894,153621.66670299234,1086.2692226286554,20000,20000,20,,
walker2d-medium-replay-v2,1,ensemble,1,80,1,3722.2727825008765,205693.63933824463,1454.4736722301277,20000,20000,20,,
walker2d-medium-replay-v2,1,ensemble,1,81,1,4250.319543378014,218061.68885505942,1541.928989064035,20000,20000,20,,
walker2d-medium-replay-v2,1,ensemble,1,82,1,4741.135338173602,281390.77788277646,1989.733272042688,20000,20000,20,,
walker2d-medium-replay-v2,1,ensemble,1,83,1,6061.384721324471,361643.67804705614,2557.2069712031794,20000,20000,20,,
walker2d-medium-replay-v2,1,ensemble,1,84,1,5453.5625359239775,219032.95179776914,1548.7968551950876,20000,20000,20,,
walker2d-medium-replay-v2,1,ensemble,1,85,1,6109.13650739044,254199.97987576673,1797.4652954763856,20000,20000,20,,
walker2d-medium-replay-v2,1,ensemble,1,86,1,6059.963296997512,215220.0964632085,1521.8358965675761,20000,20000,20,,
walker2d-medium-replay-v2,1,ensemble,1,87,1,6382.929486610495,212055.68460906786,1499.4601257622767,20000,20000,20,,
walker2d-medium-replay-v2,1,ensemble,1,88,1,7680.276151912411,271865.58799731475,1922.3800084416932,20000,20000,20,,
walker2d-medium-replay-v2,1,ensemble,1,89,1,7863.574791271704,253279.23705522655,1790.9546605550577,20000,20000,20,,
walker2d-medium-replay-v2,1,ensemble,1,90,1,8927.585098460419,286993.5501061541,2029.3508543686278,20000,20000,20,,
walker2d-medium-replay-v2,1,ensemble,1,91,1,9563.334540389853,289494.24258610135,2047.0334204709566,20000,20000,20,,
walker2d-medium-replay-v2,1,ensemble,1,92,1,10812.913400519581,333498.898994363,2358.193329971615,20000,20000,20,,
walker2d-medium-replay-v2,1,ensemble,1,93,1,12111.21194422008,365177.3197489869,2582.1935913003676,20000,20000,20,,
walker2d-medium-replay-v2,1,ensemble,1,94,1,13871.407895637712,407830.9593575135,2883.8003693951305,20000,20000,20,,
walker2d-medium-replay-v2,1,ensemble,1,95,1,15926.451895101816,461902.8090856272,3266.146085535622,20000,20000,20,,
walker2d-medium-replay-v2,1,ensemble,1,96,1,16638.969197504965,451150.845665121,3190.1182230785257,20000,20000,20,,
walker2d-medium-replay-v2,1,ensemble,1,97,1,19309.764440774667,555495.3591171391,3927.9453534938552,20000,20000,20,,
walker2d-medium-replay-v2,1,ensemble,1,98,1,23349.934778273757,671727.1155359958,4749.827985023821,20000,20000,20,,
walker2d-medium-replay-v2,1,ensemble,1,99,1,24742.69187017686,725406.2401758838,5129.396715434047,20000,20000,20,,
walker2d-medium-replay-v2,1,ensemble,1,100,1,24990.354608484,659985.3504897376,4666.801168150737,20000,20000,20,,
walker2d-medium-replay-v2,1,ensemble,2,1,1,0.7794097450940619,1.7056147745263865,0.012060517731595721,20000,20000,20,,
walker2d-medium-replay-v2,1,ensemble,2,2,1,1.165059502316338,2.527159977609619,0.01786971957311005,20000,20000,20,,
walker2d-medium-replay-v2,1,ensemble,2,3,1,1.4678963983743532,3.099196634818697,0.021914629567108285,20000,20000,20,,
walker2d-medium-replay-v2,1,ensemble,2,4,1,1.7716041202344768,3.80247831371353,0.026887582009416253,20000,20000,20,,
walker2d-medium-replay-v2,1,ensemble,2,5,1,2.049449825217822,4.495697795789256,0.03178938397567997,20000,20000,20,,
walker2d-medium-replay-v2,1,ensemble,2,6,1,2.3432829235637525,5.168988105698551,0.03655026541412052,20000,20000,20,,
walker2d-medium-replay-v2,1,ensemble,2,7,1,2.612323051663499,5.5659556352930535,0.03935724973499196,20000,20000,20,,
walker2d-medium-replay-v2,1,ensemble,2,8,1,2.948532657145626,6.191071483479093,0.04377748628778725,20000,20000,20,,
walker2d-medium-replay-v2,1,ensemble,2,9,1,3.2431061192339374,6.64482694930294,0.04698602195663228,20000,20000,20,,
walker2d-medium-replay-v2,1,ensemble,2,10,1,3.5275877150797883,7.099894053028409,0.05020383230602429,20000,20000,20,,
walker2d-medium-replay-v2,1,ensemble,2,11,1,3.7589300060474127,7.4203844973854505,0.05247004197112783,20000,20000,20,,
walker2d-medium-replay-v2,1,ensemble,2,12,1,4.006444399923136,8.372654544444035,0.05920360804908741,20000,20000,20,,
walker2d-medium-replay-v2,1,ensemble,2,13,1,4.269174115608124,9.511631294495597,0.06725738988484016,20000,20000,20,,
walker2d-medium-replay-v2,1,ensemble,2,14,1,4.47441942088198,9.593572188075028,0.06783679949990516,20000,20000,20,,
walker2d-medium-replay-v2,1,ensemble,2,15,1,4.642648259983772,9.898746728387115,0.06999470936890681,20000,20000,20,,
walker2d-medium-replay-v2,1,ensemble,2,16,1,4.878269932821323,10.020106034525309,0.07085284925221091,20000,20000,20,,
walker2d-medium-replay-v2,1,ensemble,2,17,1,5.142688801112884,10.937963786966954,0.07734308366137223,20000,20000,20,,
walker2d-medium-replay-v2,1,ensemble,2,18,1,5.399935537543,11.415639333112399,0.08072075984023654,20000,20000,20,,
walker2d-medium-replay-v2,1,ensemble,2,19,1,5.5092612066877065,11.352845425583475,0.0802767398619275,20000,20000,20,,
walker2d-medium-replay-v2,1,ensemble,2,20,1,5.716634972177168,12.080658718272902,0.08542315700891154,20000,20000,20,,
walker2d-medium-replay-v2,1,ensemble,2,21,1,5.9080940873158605,12.219135550491082,0.08640233607989861,20000,20000,20,,
walker2d-medium-replay-v2,1,ensemble,2,22,1,6.1304816405972495,12.569995209070742,0.08888328851816335,20000,20000,20,,
walker2d-medium-replay-v2,1,ensemble,2,23,1,6.362518805426331,12.901806555239435,0.09122954904766856,20000,20000,20,,
walker2d-medium-replay-v2,1,ensemble,2,24,1,6.59320509048807,13.238944749833086,0.09361347608361016,20000,20000,20,,
walker2d-medium-replay-v2,1,ensemble,2,25,1,6.817755798556225,13.968976611104665,0.09877558087948386,20000,20000,20,,
walker2d-medium-replay-v2,1,ensemble,2,26,1,7.043826307145062,15.840639347788377,0.11201023501151611,20000,20000,20,,
walker2d-medium-replay-v2,1,ensemble,2,27,1,7.322577761108014,17.190954179850443,0.12155840275639472,20000,20000,20,,
walker2d-medium-replay-v2,1,ensemble,2,28,1,7.601611059223747,18.69506250008833,0.13219405468518788,20000,20000,20,,
walker2d-medium-replay-v2,1,ensemble,2,29,1,7.875318264714502,20.611756477140588,0.14574712777151852,20000,20000,20,,
walker2d-medium-replay-v2,1,ensemble,2,30,1,8.141592183615112,22.911748552496576,0.16201052770311392,20000,20000,20,,
walker2d-medium-replay-v2,1,ensemble,2,31,1,8.40676680205032,25.931644945836908,0.1833644198852314,20000,20000,20,,
walker2d-medium-replay-v2,1,ensemble,2,32,1,8.70794668579599,27.593304749796687,0.19511412903928207,20000,20000,20,,
walker2d-medium-replay-v2,1,ensemble,2,33,1,9.315607469860376,40.785436335127045,0.2883965860622054,20000,20000,20,,
walker2d-medium-replay-v2,1,ensemble,2,34,1,9.742900820408089,43.55459745574649,0.3079775121280869,20000,20000,20,,
walker2d-medium-replay-v2,1,ensemble,2,35,1,10.144826744667352,50.02428484363197,0.35372511036939597,20000,20000,20,,
walker2d-medium-replay-v2,1,ensemble,2,36,1,10.542634694090099,53.58734948968168,0.3789197820996739,20000,20000,20,,
walker2d-medium-replay-v2,1,ensemble,2,37,1,11.287550675774407,78.21460742320224,0.5530607929678998,20000,20000,20,,
walker2d-medium-replay-v2,1,ensemble,2,38,1,12.220223311371571,99.68453717508524,0.7048761221594526,20000,20000,20,,
walker2d-medium-replay-v2,1,ensemble,2,39,1,12.894707240614936,118.98054520164101,0.8413195034135289,20000,20000,20,,
walker2d-medium-replay-v2,1,ensemble,2,40,1,13.824536854542,123.23457616121527,0.8714000448024537,20000,20000,20,,
walker2d-medium-replay-v2,1,ensemble,2,41,1,14.894278688002721,152.0254412824845,1.074982204437221,20000,20000,20,,
walker2d-medium-replay-v2,1,ensemble,2,42,1,15.569625602117277,165.53320086590412,1.1704964884379567,20000,20000,20,,
walker2d-medium-replay-v2,1,ensemble,2,43,1,17.293672595591847,226.1087922741042,1.5988306030291952,20000,20000,20,,
walker2d-medium-replay-v2,1,ensemble,2,44,1,19.292674308936544,279.22442156337206,1.9744148196035163,20000,20000,20,,
walker2d-medium-replay-v2,1,ensemble,2,45,1,20.375664945991947,297.86420332713476,2.1062179804534558,20000,20000,20,,
walker2d-medium-replay-v2,1,ensemble,2,46,1,21.81372217318994,321.0002839251032,2.2698147752624758,20000,20000,20,,
walker2d-medium-replay-v2,1,ensemble,2,47,1,23.874603163969947,375.0301934941458,2.651863929694135,20000,20000,20,,
walker2d-medium-replay-v2,1,ensemble,2,48,1,25.86650077599717,404.62592993249643,2.8611373889918106,20000,20000,20,,
walker2d-medium-replay-v2,1,ensemble,2,49,1,29.627033583245392,521.3648076063689,3.6866059093048316,20000,20000,20,,
walker2d-medium-replay-v2,1,ensemble,2,50,1,33.75804599296817,614.1686760177888,4.3428283560454215,20000,20000,20,,
walker2d-medium-replay-v2,1,ensemble,2,51,1,38.10526036021479,756.390895713379,5.348491315866969,20000,20000,20,,
walker2d-medium-replay-v2,1,ensemble,2,52,1,41.481920424885054,775.8101541346557,5.485806209019957,20000,20000,20,,
walker2d-medium-replay-v2,1,ensemble,2,53,1,46.316994874230595,943.9853586517037,6.674984484434348,20000,20000,20,,
walker2d-medium-replay-v2,1,ensemble,2,54,1,50.07323366727218,972.9652383527716,6.879903178980303,20000,20000,20,,
walker2d-medium-replay-v2,1,ensemble,2,55,1,56.92306950625237,1137.4972060646362,8.043319879890559,20000,20000,20,,
walker2d-medium-replay-v2,1,ensemble,2,56,1,69.37460236232324,1792.0404177982105,12.671639315854884,20000,20000,20,,
walker2d-medium-replay-v2,1,ensemble,2,57,1,77.29206337816011,1966.4307836416501,13.904765418469875,20000,20000,20,,
walker2d-medium-replay-v2,1,ensemble,2,58,1,95.77272159015385,3064.5451982105774,21.669606909073714,20000,20000,20,,
walker2d-medium-replay-v2,1,ensemble,2,59,1,111.50457258183337,3969.2892649284236,28.067113557218548,20000,20000,20,,
walker2d-medium-replay-v2,1,ensemble,2,60,1,127.43125573713044,4428.2908225358415,31.312744696812477,20000,20000,20,,
walker2d-medium-replay-v2,1,ensemble,2,61,1,162.3838257016938,7483.735612831993,52.918002004407654,20000,20000,20,,
walker2d-medium-replay-v2,1,ensemble,2,62,1,163.67522098995963,5620.932496874247,39.74599485131612,20000,20000,20,,
walker2d-medium-replay-v2,1,ensemble,2,63,1,172.89334613676033,4841.666436958487,34.23575169816656,20000,20000,20,,
walker2d-medium-replay-v2,1,ensemble,2,64,1,203.07691167089484,6589.050539382451,46.59162317978209,20000,20000,20,,
walker2d-medium-replay-v2,1,ensemble,2,65,1,262.30036607980446,11339.32232234165,80.1811170818777,20000,20000,20,,
walker2d-medium-replay-v2,1,ensemble,2,66,1,344.56924109923733,16896.588768324513,119.47692497002717,20000,20000,20,,
walker2d-medium-replay-v2,1,ensemble,2,67,1,412.21153443280633,22897.463295135705,161.90951567960525,20000,20000,20,,
walker2d-medium-replay-v2,1,ensemble,2,68,1,379.469461374319,14823.085914532,104.81504568276372,20000,20000,20,,
walker2d-medium-replay-v2,1,ensemble,2,69,1,393.68110927197273,12427.055484959823,87.87255203596571,20000,20000,20,,
walker2d-medium-replay-v2,1,ensemble,2,70,1,412.9124131918898,11162.77151356991,78.93271434081305,20000,20000,20,,
walker2d-medium-replay-v2,1,ensemble,2,71,1,422.7289961081039,11294.939030796715,79.86727981764967,20000,20000,20,,
walker2d-medium-replay-v2,1,ensemble,2,72,1,486.4134527554722,13414.900346537102,94.85767003978151,20000,20000,20,,
walker2d-medium-replay-v2,1,ensemble,2,73,1,527.570140264755,13452.266006483724,95.12188515509918,20000,20000,20,,
walker2d-medium-replay-v2,1,ensemble,2,74,1,625.1427600556681,18026.945413970112,127.46975346298,20000,20000,20,,
walker2d-medium-replay-v2,1,ensemble,2,75,1,702.8437525717485,20820.220156381172,147.22118858373966,20000,20000,20,,
walker2d-medium-replay-v2,1,ensemble,2,76,1,850.8682508002348,26130.03366587963,184.76723997776267,20000,20000,20,,
walker2d-medium-replay-v2,1,ensemble,2,77,1,901.5182174283555,26644.63274095685,188.40600493355694,20000,20000,20,,
walker2d-medium-replay-v2,1,ensemble,2,78,1,1015.7926229577813,28691.571151286316,202.88004523970872,20000,20000,20,,
walker2d-medium-replay-v2,1,ensemble,2,79,1,1186.6721876831775,35749.77734915759,252.7890998949857,20000,20000,20,,
walker2d-medium-replay-v2,1,ensemble,2,80,1,1394.7625651970473,44886.66135538548,317.3966262921722,20000,20000,20,,
walker2d-medium-replay-v2,1,ensemble,2,81,1,1782.551698218397,80723.98420225043,570.8047663380702,20000,20000,20,,
walker2d-medium-replay-v2,1,ensemble,2,82,1,2106.3234672867457,105997.48147789734,749.5153794171667,20000,20000,20,,
walker2d-medium-replay-v2,1,ensemble,2,83,1,2233.591367066514,99870.46805955331,706.1908520518465,20000,20000,20,,
walker2d-medium-replay-v2,1,ensemble,2,84,1,2432.521144913023,89350.90867450823,631.8063342892468,20000,20000,20,,
walker2d-medium-replay-v2,1,ensemble,2,85,1,2674.734030072774,89161.15022596884,630.4645394317504,20000,20000,20,,
walker2d-medium-replay-v2,1,ensemble,2,86,1,4022.7834330874925,216150.2986283436,1528.4134191559906,20000,20000,20,,
walker2d-medium-replay-v2,1,ensemble,2,87,1,3549.5441592940606,107691.41122520727,761.4932715289314,20000,20000,20,,
walker2d-medium-replay-v2,1,ensemble,2,88,1,5133.068530053138,245547.0467670626,1736.2798186932027,20000,20000,20,,
walker2d-medium-replay-v2,1,ensemble,2,89,1,5035.120761946374,178667.0693662715,1263.3669632361784,20000,20000,20,,
walker2d-medium-replay-v2,1,ensemble,2,90,1,5638.475068556849,191647.99339316966,1355.1559572910492,20000,20000,20,,
walker2d-medium-replay-v2,1,ensemble,2,91,1,6601.083509846234,213668.20034268234,1510.8623338623647,20000,20000,20,,
walker2d-medium-replay-v2,1,ensemble,2,92,1,7747.985148088573,269564.5956362916,1906.1095354223141,20000,20000,20,,
walker2d-medium-replay-v2,1,ensemble,2,93,1,8615.80377506162,308591.8482416675,2182.0738851057304,20000,20000,20,,
walker2d-medium-replay-v2,1,ensemble,2,94,1,9989.302195863094,354099.4303120408,2503.8610838793734,20000,20000,20,,
walker2d-medium-replay-v2,1,ensemble,2,95,1,12491.37176872783,449907.2769438216,3181.324864321503,20000,20000,20,,
walker2d-medium-replay-v2,1,ensemble,2,96,1,13649.318153783235,467965.961767868,3309.019049305441,20000,20000,20,,
walker2d-medium-replay-v2,1,ensemble,2,97,1,16410.310985824006,593571.0474876796,4197.181127945405,20000,20000,20,,
walker2d-medium-replay-v2,1,ensemble,2,98,1,18586.381725529372,649838.5295004592,4595.05230886069,20000,20000,20,,
walker2d-medium-replay-v2,1,ensemble,2,99,1,24480.685454850194,1064912.8254958682,7530.070802806549,20000,20000,20,,
walker2d-medium-replay-v2,1,ensemble,2,100,1,35862.60456303092,2225573.845854515,15737.183584351516,20000,20000,20,,
walker2d-medium-replay-v2,1,ensemble,3,1,1,0.7885783890692539,1.7538318736842464,0.012401464109432391,20000,20000,20,,
walker2d-medium-replay-v2,1,ensemble,3,2,1,1.1334393681642754,2.3796038066879386,0.016826339882463636,20000,20000,20,,
walker2d-medium-replay-v2,1,ensemble,3,3,1,1.4739495711517203,3.1324770803304127,0.022149957854130722,20000,20000,20,,
walker2d-medium-replay-v2,1,ensemble,3,4,1,1.7580098098941783,3.6015853083277443,0.025467053945403904,20000,20000,20,,
walker2d-medium-replay-v2,1,ensemble,3,5,1,2.0827416747557854,4.352442685496457,0.030776417376403322,20000,20000,20,,
walker2d-medium-replay-v2,1,ensemble,3,6,1,2.3779677983666456,4.949141514811306,0.03499571526174936,20000,20000,20,,
walker2d-medium-replay-v2,1,ensemble,3,7,1,2.657368968275986,5.402789616432061,0.03820349175103376,20000,20000,20,,
walker2d-medium-replay-v2,1,ensemble,3,8,1,2.9520832076359715,6.080845389213643,0.042998070100599174,20000,20000,20,,
walker2d-medium-replay-v2,1,ensemble,3,9,1,3.2891084019119656,6.856493112249799,0.048482727748306885,20000,20000,20,,
walker2d-medium-replay-v2,1,ensemble,3,10,1,3.534831228218638,7.268882729619379,0.05139876269763644,20000,20000,20,,
walker2d-medium-replay-v2,1,ensemble,3,11,1,3.794446349998872,7.828759518177418,0.055357689435819805,20000,20000,20,,
walker2d-medium-replay-v2,1,ensemble,3,12,1,4.010037787299702,8.105892326155546,0.057317314313925845,20000,20000,20,,
walker2d-medium-replay-v2,1,ensemble,3,13,1,4.206572006776894,8.475863738887627,0.05993340726180606,20000,20000,20,,
walker2d-medium-replay-v2,1,ensemble,3,14,1,4.365269808365422,8.601759952819016,0.06082362792777203,20000,20000,20,,
walker2d-medium-replay-v2,1,ensemble,3,15,1,4.55263666278048,8.92978603463963,0.06314312259638612,20000,20000,20,,
walker2d-medium-replay-v2,1,ensemble,3,16,1,4.787623512525913,9.449248699470035,0.06681627832513426,20000,20000,20,,
walker2d-medium-replay-v2,1,ensemble,3,17,1,4.984383172518415,9.650703841988019,0.06824078129892795,20000,20000,20,,
walker2d-medium-replay-v2,1,ensemble,3,18,1,5.167674030692318,10.135003226725383,0.07166529508965058,20000,20000,20,,
walker2d-medium-replay-v2,1,ensemble,3,19,1,5.402702105446583,10.58685305244264,0.0748603558480769,20000,20000,20,,
walker2d-medium-replay-v2,1,ensemble,3,20,1,5.626317968981644,10.860017105085658,0.07679191738807968,20000,20000,20,,
walker2d-medium-replay-v2,1,ensemble,3,21,1,5.875799065263925,11.43043054313985,0.0808253494893602,20000,20000,20,,
walker2d-medium-replay-v2,1,ensemble,3,22,1,6.11707406462824,12.112217903423334,0.08564631414719746,20000,20000,20,,
walker2d-medium-replay-v2,1,ensemble,3,23,1,6.3491691616712815,12.79667968015644,0.09048618978510718,20000,20000,20,,
walker2d-medium-replay-v2,1,ensemble,3,24,1,6.566912492897974,13.317808819980492,0.09417112927154218,20000,20000,20,,
walker2d-medium-replay-v2,1,ensemble,3,25,1,6.745747064087808,14.200563499040516,0.10041314746841716,20000,20000,20,,
walker2d-medium-replay-v2,1,ensemble,3,26,1,6.980024707015466,14.761107269459014,0.10437679048056511,20000,20000,20,,
walker2d-medium-replay-v2,1,ensemble,3,27,1,7.24493395498743,15.63174073399212,0.11053309874755807,20000,20000,20,,
walker2d-medium-replay-v2,1,ensemble,3,28,1,7.553775080683551,16.901656858183586,0.1195127617770973,20000,20000,20,,
walker2d-medium-replay-v2,1,ensemble,3,29,1,7.939897612432949,19.26398309612137,0.13621693079930441,20000,20000,20,,
walker2d-medium-replay-v2,1,ensemble,3,30,1,8.27340384116594,21.233118764143793,0.150140822638654,20000,20000,20,,
walker2d-medium-replay-v2,1,ensemble,3,31,1,8.53500622678593,23.08996631554064,0.16327071759087747,20000,20000,20,,
walker2d-medium-replay-v2,1,ensemble,3,32,1,8.894109618485292,27.409469126242403,0.19381421487889317,20000,20000,20,,
walker2d-medium-replay-v2,1,ensemble,3,33,1,9.268497149746706,32.32603240071572,0.22857956719402134,20000,20000,20,,
walker2d-medium-replay-v2,1,ensemble,3,34,1,9.75443911094458,36.02149928394439,0.2547104641218344,20000,20000,20,,
walker2d-medium-replay-v2,1,ensemble,3,35,1,10.242842380776603,43.27722349459317,0.3060161820395261,20000,20000,20,,
walker2d-medium-replay-v2,1,ensemble,3,36,1,10.664296086699128,47.2700580814325,0.33424978616462886,20000,20000,20,,
walker2d-medium-replay-v2,1,ensemble,3,37,1,11.217025327055097,54.72810948292675,0.386986173368973,20000,20000,20,,
walker2d-medium-replay-v2,1,ensemble,3,38,1,11.838196892781536,61.73039664628505,0.4364998207392347,20000,20000,20,,
walker2d-medium-replay-v2,1,ensemble,3,39,1,12.394641414458546,68.47832840459951,0.48421490379211685,20000,20000,20,,
walker2d-medium-replay-v2,1,ensemble,3,40,1,13.500631281905301,94.41138605131631,0.6675893129810678,20000,20000,20,,
walker2d-medium-replay-v2,1,ensemble,3,41,1,14.387193645985375,111.98646385295604,0.791863879915274,20000,20000,20,,
walker2d-medium-replay-v2,1,ensemble,3,42,1,15.14134678788154,124.75564740983937,0.8821556427481536,20000,20000,20,,
walker2d-medium-replay-v2,1,ensemble,3,43,1,16.7956274541802,177.89312276281126,1.2578943343203481,20000,20000,20,,
walker2d-medium-replay-v2,1,ensemble,3,44,1,19.283783014922953,251.88123927085348,1.781069323420918,20000,20000,20,,
walker2d-medium-replay-v2,1,ensemble,3,45,1,20.30554827776566,255.21358855921548,1.8046325912117474,20000,20000,20,,
walker2d-medium-replay-v2,1,ensemble,3,46,1,22.99860948358688,347.56492362185475,2.4576551439559795,20000,20000,20,,
walker2d-medium-replay-v2,1,ensemble,3,47,1,26.134465554309667,466.9103595629313,3.301554814531979,20000,20000,20,,
walker2d-medium-replay-v2,1,ensemble,3,48,1,29.57744675022334,558.4567429134888,3.9488854991348035,20000,20000,20,,
walker2d-medium-replay-v2,1,ensemble,3,49,1,35.71617995502872,828.7247020947916,5.859968565880286,20000,20000,20,,
walker2d-medium-replay-v2,1,ensemble,3,50,1,43.72136319967693,1154.5422240969335,8.163846358251403,20000,20000,20,,
walker2d-medium-replay-v2,1,ensemble,3,51,1,55.12509513143202,1759.6656032211727,12.442714806584078,20000,20000,20,,
walker2d-medium-replay-v2,1,ensemble,3,52,1,66.54371637130136,2217.5933692226413,15.680753092916529,20000,20000,20,,
walker2d-medium-replay-v2,1,ensemble,3,53,1,81.78990561889343,3115.8216105794677,22.032185898083316,20000,20000,20,,
walker2d-medium-replay-v2,1,ensemble,3,54,1,102.7565654323956,4916.603268602907,34.7656351163306,20000,20000,20,,
walker2d-medium-replay-v2,1,ensemble,3,55,1,120.34703014462418,5514.541714944388,38.9936984177327,20000,20000,20,,
walker2d-medium-replay-v2,1,ensemble,3,56,1,143.9453593748702,7335.51344389671,51.86991299664448,20000,20000,20,,
walker2d-medium-replay-v2,1,ensemble,3,57,1,167.07278676314553,8919.473040580955,63.070198716053866,20000,20000,20,,
walker2d-medium-replay-v2,1,ensemble,3,58,1,190.24643494907022,10022.719582787531,70.87132982920268,20000,20000,20,,
walker2d-medium-replay-v2,1,ensemble,3,59,1,214.8226822748427,9574.577799945897,67.70248889339919,20000,20000,20,,
walker2d-medium-replay-v2,1,ensemble,3,60,1,263.04593906839324,13561.581932692869,95.89486548224092,20000,20000,20,,
walker2d-medium-replay-v2,1,ensemble,3,61,1,301.01445691517665,16518.901699718284,116.80627409624785,20000,20000,20,,
walker2d-medium-replay-v2,1,ensemble,3,62,1,379.79539509755136,20395.69881091174,144.21936936234096,20000,20000,20,,
walker2d-medium-replay-v2,1,ensemble,3,63,1,451.89299568919614,23209.53858303589,164.1162212027549,20000,20000,20,,
walker2d-medium-replay-v2,1,ensemble,3,64,1,583.2515970805164,31036.234097912813,219.459315931273,20000,20000,20,,
walker2d-medium-replay-v2,1,ensemble,3,65,1,654.1683169768619,33608.95948710362,237.65123161954918,20000,20000,20,,
walker2d-medium-replay-v2,1,ensemble,3,66,1,656.5442477059559,32727.31718639182,231.41707912540696,20000,20000,20,,
walker2d-medium-replay-v2,1,ensemble,3,67,1,682.4002205532943,32477.514003917913,229.65070388251416,20000,20000,20,,
walker2d-medium-replay-v2,1,ensemble,3,68,1,704.2182665429277,32308.445545300394,228.4552093467821,20000,20000,20,,
walker2d-medium-replay-v2,1,ensemble,3,69,1,893.5966382040899,55097.74592962597,389.5998977493202,20000,20000,20,,
walker2d-medium-replay-v2,1,ensemble,3,70,1,904.1606010527967,56199.33595757595,397.3893155378293,20000,20000,20,,
walker2d-medium-replay-v2,1,ensemble,3,71,1,878.2288383925686,54166.52262432698,383.01515460956153,20000,20000,20,,
walker2d-medium-replay-v2,1,ensemble,3,72,1,869.939114331783,43178.59622056154,305.318781896749,20000,20000,20,,
walker2d-medium-replay-v2,1,ensemble,3,73,1,762.0030070860394,23759.24252293581,168.00321503823685,20000,20000,20,,
walker2d-medium-replay-v2,1,ensemble,3,74,1,841.8387258748637,23117.416253068866,163.46481796057103,20000,20000,20,,
walker2d-medium-replay-v2,1,ensemble,3,75,1,964.3511885634236,24918.223455204476,176.19844780296768,20000,20000,20,,
walker2d-medium-replay-v2,1,ensemble,3,76,1,1045.11926216215,26190.62915404602,185.1957147836803,20000,20000,20,,
walker2d-medium-replay-v2,1,ensemble,3,77,1,1141.1284543490283,26748.721105462642,189.14202081740356,20000,20000,20,,
walker2d-medium-replay-v2,1,ensemble,3,78,1,1214.4698850887273,28327.679477367306,200.30694253725417,20000,20000,20,,
walker2d-medium-replay-v2,1,ensemble,3,79,1,1422.1033395965705,34102.57264416723,241.141603725975,20000,20000,20,,
walker2d-medium-replay-v2,1,ensemble,3,80,1,1566.8489820145905,34956.66554920896,247.18095257515824,20000,20000,20,,
walker2d-medium-replay-v2,1,ensemble,3,81,1,1918.1274277728967,46890.97594815116,331.5692706939298,20000,20000,20,,
walker2d-medium-replay-v2,1,ensemble,3,82,1,2168.1745044678514,54911.97509113762,388.28629955290194,20000,20000,20,,
walker2d-medium-replay-v2,1,ensemble,3,83,1,2351.6843449991566,52050.51946523241,368.0527527814823,20000,20000,20,,
walker2d-medium-replay-v2,1,ensemble,3,84,1,2690.195659583625,64297.30315214221,454.65059070886934,20000,20000,20,,
walker2d-medium-replay-v2,1,ensemble,3,85,1,3242.3178925909947,85791.8730258425,606.6401518726848,20000,20000,20,,
walker2d-medium-replay-v2,1,ensemble,3,86,1,3931.174075534992,104874.882080312,741.5774029512816,20000,20000,20,,
walker2d-medium-replay-v2,1,ensemble,3,87,1,4744.263431328627,141536.04078725123,1000.8109422296112,20000,20000,20,,
walker2d-medium-replay-v2,1,ensemble,3,88,1,5495.694416111349,169385.40241319037,1197.735666803791,20000,20000,20,,
walker2d-medium-replay-v2,1,ensemble,3,89,1,6452.346206853779,224760.93321824184,1589.2998002443555,20000,20000,20,,
walker2d-medium-replay-v2,1,ensemble,3,90,1,7052.066151335457,249152.17330944538,1761.7719129447476,20000,20000,20,,
walker2d-medium-replay-v2,1,ensemble,3,91,1,8720.627005416993,352162.55237383913,2490.1652886350435,20000,20000,20,,
walker2d-medium-replay-v2,1,ensemble,3,92,1,9942.904852208363,364235.0406115853,2575.530671622095,20000,20000,20,,
walker2d-medium-replay-v2,1,ensemble,3,93,1,12273.264275998235,529956.9975268221,3747.361866884783,20000,20000,20,,
walker2d-medium-replay-v2,1,ensemble,3,94,1,15506.014976723722,791427.6778946148,5596.238778580047,20000,20000,20,,
walker2d-medium-replay-v2,1,ensemble,3,95,1,18736.8598591091,959013.5814718857,6781.250067087679,20000,20000,20,,
walker2d-medium-replay-v2,1,ensemble,3,96,1,23973.840820366095,1314165.821751196,9292.555641638623,20000,20000,20,,
walker2d-medium-replay-v2,1,ensemble,3,97,1,28737.79299980898,1706916.2328205695,12069.720431448204,20000,20000,20,,
walker2d-medium-replay-v2,1,ensemble,3,98,1,31792.440728823036,1804529.8318132358,12759.95280928559,20000,20000,20,,
walker2d-medium-replay-v2,1,ensemble,3,99,1,35857.50314023902,2075448.7252224353,14675.638676097595,20000,20000,20,,
walker2d-medium-replay-v2,1,ensemble,3,100,1,42788.911771141684,2624893.512622433,18560.800026678986,20000,20000,20,,
walker2d-medium-replay-v2,1,ensemble,4,1,1,0.7613227228316057,1.6384078631329821,0.011585293103706925,20000,20000,20,,
walker2d-medium-replay-v2,1,ensemble,4,2,1,1.139857673190398,2.3984310816967795,0.016959468820763792,20000,20000,20,,
walker2d-medium-replay-v2,1,ensemble,4,3,1,1.4384047294244544,2.9751523715661414,0.021037504169976573,20000,20000,20,,
walker2d-medium-replay-v2,1,ensemble,4,4,1,1.6778614962029879,3.4317891717833744,0.024266413949705894,20000,20000,20,,
walker2d-medium-replay-v2,1,ensemble,4,5,1,2.0091914906465203,4.076453078552718,0.028824876150334047,20000,20000,20,,
walker2d-medium-replay-v2,1,ensemble,4,6,1,2.3150788968968614,4.691253615779929,0.03317217243983898,20000,20000,20,,
walker2d-medium-replay-v2,1,ensemble,4,7,1,2.6132026174222656,5.491397653906456,0.03883004519269153,20000,20000,20,,
walker2d-medium-replay-v2,1,ensemble,4,8,1,2.9148127077280614,5.943933650706432,0.04202995791337429,20000,20000,20,,
walker2d-medium-replay-v2,1,ensemble,4,9,1,3.219634509428628,6.471458575172429,0.045760122426722574,20000,20000,20,,
walker2d-medium-replay-v2,1,ensemble,4,10,1,3.531840658485276,7.221560998367775,0.051064147526981477,20000,20000,20,,
walker2d-medium-replay-v2,1,ensemble,4,11,1,3.769444604230874,7.89069487776738,0.055795638563432705,20000,20000,20,,
walker2d-medium-replay-v2,1,ensemble,4,12,1,4.001368065561584,8.386290674786409,0.05930003005142977,20000,20000,20,,
walker2d-medium-replay-v2,1,ensemble,4,13,1,4.172246472101245,8.509491516363068,0.06017119155669722,20000,20000,20,,
walker2d-medium-replay-v2,1,ensemble,4,14,1,4.423605264412942,9.072815636933315,0.06415449461330892,20000,20000,20,,
walker2d-medium-replay-v2,1,ensemble,4,15,1,4.680932616593576,9.673896580222644,0.06840477872372784,20000,20000,20,,
walker2d-medium-replay-v2,1,ensemble,4,16,1,4.868141062070169,10.263506696409989,0.07257395183785043,20000,20000,20,,
walker2d-medium-replay-v2,1,ensemble,4,17,1,5.053607299331747,10.274576176851323,0.07265222488469322,20000,20000,20,,
walker2d-medium-replay-v2,1,ensemble,4,18,1,5.217322796795448,10.356438743647496,0.07323108064576234,20000,20000,20,,
walker2d-medium-replay-v2,1,ensemble,4,19,1,5.4549011514275,11.041043570793905,0.07807196780284503,20000,20000,20,,
walker2d-medium-replay-v2,1,ensemble,4,20,1,5.698055910108328,12.305203239494592,0.08701092654525298,20000,20000,20,,
walker2d-medium-replay-v2,1,ensemble,4,21,1,5.945317836497485,12.949082644502592,0.09156384148072814,20000,20000,20,,
walker2d-medium-replay-v2,1,ensemble,4,22,1,6.189197525785509,13.125459567807667,0.09281101466586653,20000,20000,20,,
walker2d-medium-replay-v2,1,ensemble,4,23,1,6.4117960125336,14.168639797750746,0.10018741281179146,20000,20000,20,,
walker2d-medium-replay-v2,1,ensemble,4,24,1,6.66385512603799,14.710117816821855,0.10401624060327785,20000,20000,20,,
walker2d-medium-replay-v2,1,ensemble,4,25,1,6.835844704419689,15.297682646978096,0.10817095136117985,20000,20000,20,,
walker2d-medium-replay-v2,1,ensemble,4,26,1,7.073040924063889,17.556341533654496,0.12414208151274125,20000,20000,20,,
walker2d-medium-replay-v2,1,ensemble,4,27,1,7.298840444580243,18.230648878837865,0.12891015447657184,20000,20000,20,,
walker2d-medium-replay-v2,1,ensemble,4,28,1,7.575680738050405,22.055674341875473,0.1559571689078229,20000,20000,20,,
walker2d-medium-replay-v2,1,ensemble,4,29,1,7.95651294996561,30.572661639101284,0.21618136363930346,20000,20000,20,,
walker2d-medium-replay-v2,1,ensemble,4,30,1,8.226744079891759,28.782133541036288,0.20352041803883536,20000,20000,20,,
walker2d-medium-replay-v2,1,ensemble,4,31,1,8.584559306899601,30.01918450037936,0.21226768925908346,20000,20000,20,,
walker2d-medium-replay-v2,1,ensemble,4,32,1,8.992232580103273,35.232973526924326,0.24913474502254299,20000,20000,20,,
walker2d-medium-replay-v2,1,ensemble,4,33,1,9.433931317086834,46.15810283733486,0.326387075229855,20000,20000,20,,
walker2d-medium-replay-v2,1,ensemble,4,34,1,9.988091169417338,82.25726746723596,0.5816467162795813,20000,20000,20,,
walker2d-medium-replay-v2,1,ensemble,4,35,1,10.676961377588352,119.4806248358583,0.8448556004184122,20000,20000,20,,
walker2d-medium-replay-v2,1,ensemble,4,36,1,11.153681563049634,124.26386981801166,0.8786782500479839,20000,20000,20,,
walker2d-medium-replay-v2,1,ensemble,4,37,1,11.8078899067503,153.44435567563178,1.0850154443303972,20000,20000,20,,
walker2d-medium-replay-v2,1,ensemble,4,38,1,13.062821988122524,270.00778164590406,1.9092433337495538,20000,20000,20,,
walker2d-medium-replay-v2,1,ensemble,4,39,1,13.349133610080017,220.45251410334257,1.5588346765209653,20000,20000,20,,
walker2d-medium-replay-v2,1,ensemble,4,40,1,13.727643540690815,187.29310820330636,1.3243622688006371,20000,20000,20,,
walker2d-medium-replay-v2,1,ensemble,4,41,1,14.864019968050403,268.86303234103866,1.9011487337872648,20000,20000,20,,
walker2d-medium-replay-v2,1,ensemble,4,42,1,15.684490351596471,250.9361262221314,1.7743863649635254,20000,20000,20,,
walker2d-medium-replay-v2,1,ensemble,4,43,1,17.05130591208298,292.0233285574052,2.064916758876084,20000,20000,20,,
walker2d-medium-replay-v2,1,ensemble,4,44,1,19.73188589419123,450.98603539177225,3.1889528384595844,20000,20000,20,,
walker2d-medium-replay-v2,1,ensemble,4,45,1,21.215941505763784,478.928546823739,3.3865362316288476,20000,20000,20,,
walker2d-medium-replay-v2,1,ensemble,4,46,1,24.09569461730572,626.5888765782643,4.430652436445513,20000,20000,20,,
walker2d-medium-replay-v2,1,ensemble,4,47,1,26.005892221698094,707.2139827723419,5.000758029682691,20000,20000,20,,
walker2d-medium-replay-v2,1,ensemble,4,48,1,26.477838562770717,544.92157981145,3.8531774429956274,20000,20000,20,,
walker2d-medium-replay-v2,1,ensemble,4,49,1,30.559814228013217,687.0139896050001,4.857922508197198,20000,20000,20,,
walker2d-medium-replay-v2,1,ensemble,4,50,1,34.37737832387099,831.4930669983304,5.879543861841197,20000,20000,20,,
walker2d-medium-replay-v2,1,ensemble,4,51,1,37.30549313599834,873.7995575089539,6.178695925123859,20000,20000,20,,
walker2d-medium-replay-v2,1,ensemble,4,52,1,39.26054903158885,795.0676909979761,5.621977558069995,20000,20000,20,,
walker2d-medium-replay-v2,1,ensemble,4,53,1,43.063174529602094,750.4853154017046,5.306732557014702,20000,20000,20,,
walker2d-medium-replay-v2,1,ensemble,4,54,1,47.325093780393765,796.7859832348585,5.634127718997592,20000,20000,20,,
walker2d-medium-replay-v2,1,ensemble,4,55,1,53.596825987280205,913.1249016221296,6.456768100073069,20000,20000,20,,
walker2d-medium-replay-v2,1,ensemble,4,56,1,64.13896724059268,1215.894197717767,8.597670324116097,20000,20000,20,,
walker2d-medium-replay-v2,1,ensemble,4,57,1,69.74237059008139,1389.3794438573645,9.824396263927365,20000,20000,20,,
walker2d-medium-replay-v2,1,ensemble,4,58,1,77.1646149153912,1457.5049298421886,10.306116195042348,20000,20000,20,,
walker2d-medium-replay-v2,1,ensemble,4,59,1,94.48606276201437,1878.3144342497371,13.281688736585627,20000,20000,20,,
walker2d-medium-replay-v2,1,ensemble,4,60,1,107.54431357492315,2135.8897242967023,15.103021079168636,20000,20000,20,,
walker2d-medium-replay-v2,1,ensemble,4,61,1,116.29604647868821,2192.7860745663206,15.505339030172758,20000,20000,20,,
walker2d-medium-replay-v2,1,ensemble,4,62,1,127.25032297543406,2362.694523461251,16.706773194117687,20000,20000,20,,
walker2d-medium-replay-v2,1,ensemble,4,63,1,151.56264129455423,3301.744375884551,23.346858379325113,20000,20000,20,,
walker2d-medium-replay-v2,1,ensemble,4,64,1,177.21923621787596,3862.166766452127,27.309643106316198,20000,20000,20,,
walker2d-medium-replay-v2,1,ensemble,4,65,1,203.0922663244675,4237.598689982221,29.96434769633659,20000,20000,20,,
walker2d-medium-replay-v2,1,ensemble,4,66,1,254.05078075962462,6578.874723282684,46.519669294099565,20000,20000,20,,
walker2d-medium-replay-v2,1,ensemble,4,67,1,282.74539896443537,7283.378013777012,51.50125983486733,20000,20000,20,,
walker2d-medium-replay-v2,1,ensemble,4,68,1,300.9660392922904,6290.491458192011,44.480491670836244,20000,20000,20,,
walker2d-medium-replay-v2,1,ensemble,4,69,1,370.1243799396137,8051.764911510188,56.93457569448755,20000,20000,20,,
walker2d-medium-replay-v2,1,ensemble,4,70,1,513.9244441299016,17167.68991861967,121.39389958763897,20000,20000,20,,
walker2d-medium-replay-v2,1,ensemble,4,71,1,636.661114805042,26899.8917186324,190.21095847428822,20000,20000,20,,
walker2d-medium-replay-v2,1,ensemble,4,72,1,681.7969674655801,24368.28910412349,172.30982471439978,20000,20000,20,,
walker2d-medium-replay-v2,1,ensemble,4,73,1,748.5755935989552,22977.43273907678,162.47498504058976,20000,20000,20,,
walker2d-medium-replay-v2,1,ensemble,4,74,1,837.8068208224322,23920.855305474764,169.14598998283407,20000,20000,20,,
walker2d-medium-replay-v2,1,ensemble,4,75,1,1077.509975842952,36229.832472595765,256.18360222625046,20000,20000,20,,
walker2d-medium-replay-v2,1,ensemble,4,76,1,1206.356766877478,40024.0399507458,283.01270059653643,20000,20000,20,,
walker2d-medium-replay-v2,1,ensemble,4,77,1,1355.108327819186,45923.11946789977,324.7254918899188,20000,20000,20,,
walker2d-medium-replay-v2,1,ensemble,4,78,1,1432.1513442228847,39281.39741633649,277.7614248757526,20000,20000,20,,
walker2d-medium-replay-v2,1,ensemble,4,79,1,1529.059547312824,40545.9903456832,286.7034472335688,20000,20000,20,,
walker2d-medium-replay-v2,1,ensemble,4,80,1,1827.8008134492088,51359.55554329875,363.1669000339368,20000,20000,20,,
walker2d-medium-replay-v2,1,ensemble,4,81,1,2058.5663069173243,57003.69757297756,403.0770110655957,20000,20000,20,,
walker2d-medium-replay-v2,1,ensemble,4,82,1,2409.125661072924,73986.02489729856,523.1601991791655,20000,20000,20,,
walker2d-medium-replay-v2,1,ensemble,4,83,1,3156.9387504504157,132131.46429539914,934.3105441138491,20000,20000,20,,
walker2d-medium-replay-v2,1,ensemble,4,84,1,3254.624145571547,109751.67045833009,776.0615042763649,20000,20000,20,,
walker2d-medium-replay-v2,1,ensemble,4,85,1,3062.1290613608858,78618.37573143108,555.9158660556682,20000,20000,20,,
walker2d-medium-replay-v2,1,ensemble,4,86,1,3571.714380463092,105246.5950135267,744.2058103085901,20000,20000,20,,
walker2d-medium-replay-v2,1,ensemble,4,87,1,6103.330224282876,370819.87884547503,2622.0925093040937,20000,20000,20,,
walker2d-medium-replay-v2,1,ensemble,4,88,1,5456.407734967911,216960.0012637778,1534.138881398592,20000,20000,20,,
walker2d-medium-replay-v2,1,ensemble,4,89,1,5776.005698673326,210037.42215137833,1485.1888550618119,20000,20000,20,,
walker2d-medium-replay-v2,1,ensemble,4,90,1,5811.103368877666,188468.52273960953,1332.6737046938892,20000,20000,20,,
walker2d-medium-replay-v2,1,ensemble,4,91,1,6335.77572320102,201623.72138533762,1425.6950063963934,20000,20000,20,,
walker2d-medium-replay-v2,1,ensemble,4,92,1,6267.318508704199,163824.294739502,1158.4126973340549,20000,20000,20,,
walker2d-medium-replay-v2,1,ensemble,4,93,1,7933.1237159713655,252575.24819528643,1785.9767075876232,20000,20000,20,,
walker2d-medium-replay-v2,1,ensemble,4,94,1,10278.986855637382,430980.3873387957,3047.491544456673,20000,20000,20,,
walker2d-medium-replay-v2,1,ensemble,4,95,1,11924.324525615952,413702.7883634473,2925.320470475767,20000,20000,20,,
walker2d-medium-replay-v2,1,ensemble,4,96,1,13570.49634512099,484094.3810404581,3423.0641956801237,20000,20000,20,,
walker2d-medium-replay-v2,1,ensemble,4,97,1,18618.628346532427,886843.038427116,6270.927263198956,20000,20000,20,,
walker2d-medium-replay-v2,1,ensemble,4,98,1,24310.56120828277,1418333.6845573287,10029.133663357887,20000,20000,20,,
walker2d-medium-replay-v2,1,ensemble,4,99,1,32272.45185867752,2301327.2076236825,16272.840742398075,20000,20000,20,,
walker2d-medium-replay-v2,1,ensemble,4,100,1,37442.775133878735,2576430.993452529,18218.118267294765,20000,20000,20,,
walker2d-medium-replay-v2,1,ensemble,5,1,1,0.7674920479588759,1.640065412170203,0.011597013745350606,20000,20000,20,,
walker2d-medium-replay-v2,1,ensemble,5,2,1,1.145520640034484,2.3943377161454813,0.016930524355371807,20000,20000,20,,
walker2d-medium-replay-v2,1,ensemble,5,3,1,1.4798830208215086,3.082177673676348,0.021794287338783237,20000,20000,20,,
walker2d-medium-replay-v2,1,ensemble,5,4,1,1.7254179224912156,3.581795856223897,0.02532712138761794,20000,20000,20,,
walker2d-medium-replay-v2,1,ensemble,5,5,1,2.0071432765846393,4.211353992697469,0.029778769662134223,20000,20000,20,,
walker2d-medium-replay-v2,1,ensemble,5,6,1,2.3105711008307983,4.787640619161583,0.033853731476933165,20000,20000,20,,
walker2d-medium-replay-v2,1,ensemble,5,7,1,2.6212203186648475,5.427039410226576,0.038374963687378534,20000,20000,20,,
walker2d-medium-replay-v2,1,ensemble,5,8,1,2.9933746416679887,6.645417449746939,0.04699019742531473,20000,20000,20,,
walker2d-medium-replay-v2,1,ensemble,5,9,1,3.3244306215950608,7.7728211078316445,0.054962145142976884,20000,20000,20,,
walker2d-medium-replay-v2,1,ensemble,5,10,1,3.5932745674834865,8.413262350586441,0.059490748600011446,20000,20000,20,,
walker2d-medium-replay-v2,1,ensemble,5,11,1,3.8174693029374573,8.086754465958524,0.0571819892066987,20000,20000,20,,
walker2d-medium-replay-v2,1,ensemble,5,12,1,4.08110116781642,9.154671473485447,0.06473330278436602,20000,20000,20,,
walker2d-medium-replay-v2,1,ensemble,5,13,1,4.289480549247026,9.750977501800785,0.06894982314720795,20000,20000,20,,
walker2d-medium-replay-v2,1,ensemble,5,14,1,4.468229639411929,9.92154728620782,0.07015593365940538,20000,20000,20,,
walker2d-medium-replay-v2,1,ensemble,5,15,1,4.693556606577018,9.784668055707643,0.06918805133850266,20000,20000,20,,
walker2d-medium-replay-v2,1,ensemble,5,16,1,4.9068764239161275,10.68493334981592,0.0755538882818113,20000,20000,20,,
walker2d-medium-replay-v2,1,ensemble,5,17,1,5.047616021388982,10.2756858970029,0.07266007179113722,20000,20000,20,,
walker2d-medium-replay-v2,1,ensemble,5,18,1,5.295945822148736,10.814872684074544,0.07647269812578268,20000,20000,20,,
walker2d-medium-replay-v2,1,ensemble,5,19,1,5.522075505756796,11.648352684152236,0.08236629172616569,20000,20000,20,,
walker2d-medium-replay-v2,1,ensemble,5,20,1,5.739673220464514,12.877250239976167,0.09105590967723244,20000,20000,20,,
walker2d-medium-replay-v2,1,ensemble,5,21,1,5.99580603705057,15.881189065632459,0.11229696481614361,20000,20000,20,,
walker2d-medium-replay-v2,1,ensemble,5,22,1,6.257109930715924,17.69608568540296,0.12513022188606626,20000,20000,20,,
walker2d-medium-replay-v2,1,ensemble,5,23,1,6.344476474912183,14.862449066929837,0.10509338520265764,20000,20000,20,,
walker2d-medium-replay-v2,1,ensemble,5,24,1,6.62445574180315,22.026812130191995,0.15575308225180862,20000,20000,20,,
walker2d-medium-replay-v2,1,ensemble,5,25,1,6.842992325314399,20.206227905042223,0.142879607738562,20000,20000,20,,
walker2d-medium-replay-v2,1,ensemble,5,26,1,7.0372850625174,20.08166929823628,0.14199884538328572,20000,20000,20,,
walker2d-medium-replay-v2,1,ensemble,5,27,1,7.270466460836454,22.442532025497446,0.15869266582225508,20000,20000,20,,
walker2d-medium-replay-v2,1,ensemble,5,28,1,7.614564684922055,29.04991001400182,0.2054138836375968,20000,20000,20,,
walker2d-medium-replay-v2,1,ensemble,5,29,1,7.942540386597638,47.25282315511125,0.33412791683187876,20000,20000,20,,
walker2d-medium-replay-v2,1,ensemble,5,30,1,8.372302777592118,66.20999601214356,0.46817537162520984,20000,20000,20,,
walker2d-medium-replay-v2,1,ensemble,5,31,1,8.572727744798188,57.862574782423046,0.40915019005565056,20000,20000,20,,
walker2d-medium-replay-v2,1,ensemble,5,32,1,9.038560814653483,83.43523464755853,0.5899762020917941,20000,20000,20,,
walker2d-medium-replay-v2,1,ensemble,5,33,1,9.925837399469453,138.4353003578062,0.9788853963860125,20000,20000,20,,
walker2d-medium-replay-v2,1,ensemble,5,34,1,10.52761090953904,168.29433082900007,1.190020625644382,20000,20000,20,,
walker2d-medium-replay-v2,1,ensemble,5,35,1,11.395344025986164,244.46899227646895,1.7286568222853291,20000,20000,20,,
walker2d-medium-replay-v2,1,ensemble,5,36,1,11.8293666203726,262.1486695954533,1.8536710194997674,20000,20000,20,,
walker2d-medium-replay-v2,1,ensemble,5,37,1,11.780022096642739,215.79568180150622,1.525905899526195,20000,20000,20,,
walker2d-medium-replay-v2,1,ensemble,5,38,1,12.813792569264711,280.83371054001356,1.9857942110862359,20000,20000,20,,
walker2d-medium-replay-v2,1,ensemble,5,39,1,19.640100379879602,1198.9416231968899,8.477797520093272,20000,20000,20,,
walker2d-medium-replay-v2,1,ensemble,5,40,1,15.009704284335749,463.32902665788504,3.2762309667035314,20000,20000,20,,
walker2d-medium-replay-v2,1,ensemble,5,41,1,15.47654551591677,460.13572089791046,3.2536508851307304,20000,20000,20,,
walker2d-medium-replay-v2,1,ensemble,5,42,1,16.768223551147404,528.5305249389719,3.7372751824843267,20000,20000,20,,
walker2d-medium-replay-v2,1,ensemble,5,43,1,19.443185685312468,785.9230433620639,5.557315134520844,20000,20000,20,,
walker2d-medium-replay-v2,1,ensemble,5,44,1,21.952398326917862,1043.114041700009,7.375930124369835,20000,20000,20,,
walker2d-medium-replay-v2,1,ensemble,5,45,1,25.99063977108871,1456.9324172672273,10.30206791980165,20000,20000,20,,
walker2d-medium-replay-v2,1,ensemble,5,46,1,25.55701929559748,1272.211406760978,8.995893128235647,20000,20000,20,,
walker2d-medium-replay-v2,1,ensemble,5,47,1,23.6014673877475,781.2049337132212,5.523953061250061,20000,20000,20,,
walker2d-medium-replay-v2,1,ensemble,5,48,1,25.90829396711406,845.7733396163302,5.980520637894999,20000,20000,20,,
walker2d-medium-replay-v2,1,ensemble,5,49,1,31.067180525008617,1368.1438979160796,9.674238278554554,20000,20000,20,,
walker2d-medium-replay-v2,1,ensemble,5,50,1,33.39686864944847,1462.7214900729582,10.3430028461788,20000,20000,20,,
walker2d-medium-replay-v2,1,ensemble,5,51,1,38.967266096983685,1864.1907798687423,13.181819418706262,20000,20000,20,,
walker2d-medium-replay-v2,1,ensemble,5,52,1,43.67077133285196,2271.299724739105,16.060514374701597,20000,20000,20,,
walker2d-medium-replay-v2,1,ensemble,5,53,1,41.67902185300537,1495.6539706815047,10.575870649774776,20000,20000,20,,
walker2d-medium-replay-v2,1,ensemble,5,54,1,45.82661788132802,1640.6377277580405,11.601060627681992,20000,20000,20,,
walker2d-medium-replay-v2,1,ensemble,5,55,1,49.65499324954023,1699.8397953429303,12.019682462177391,20000,20000,20,,
walker2d-medium-replay-v2,1,ensemble,5,56,1,54.737887224912924,1951.655774568717,13.800290327394237,20000,20000,20,,
walker2d-medium-replay-v2,1,ensemble,5,57,1,59.41016905735377,2068.7798118884925,14.628482337681833,20000,20000,20,,
walker2d-medium-replay-v2,1,ensemble,5,58,1,69.74813879742547,2490.238603118725,17.60864603037766,20000,20000,20,,
walker2d-medium-replay-v2,1,ensemble,5,59,1,75.8774052118076,2540.522508088585,17.964206932264936,20000,20000,20,,
walker2d-medium-replay-v2,1,ensemble,5,60,1,86.22629631246643,3157.5013289803514,22.326906013275423,20000,20000,20,,
walker2d-medium-replay-v2,1,ensemble,5,61,1,103.14724462193347,3976.2522126232225,28.116349032538942,20000,20000,20,,
walker2d-medium-replay-v2,1,ensemble,5,62,1,119.62502817079171,4660.646765864039,32.95574932857613,20000,20000,20,,
walker2d-medium-replay-v2,1,ensemble,5,63,1,136.4004609925634,5134.207413456971,36.30432878073668,20000,20000,20,,
walker2d-medium-replay-v2,1,ensemble,5,64,1,159.34392853345486,5560.731620039476,39.320310368883696,20000,20000,20,,
walker2d-medium-replay-v2,1,ensemble,5,65,1,205.04374123068214,8166.591176155873,57.7465199983804,20000,20000,20,,
walker2d-medium-replay-v2,1,ensemble,5,66,1,237.46670141505663,8904.06286057143,62.961232288213466,20000,20000,20,,
walker2d-medium-replay-v2,1,ensemble,5,67,1,268.0433322296918,8608.7548190882,60.87308910149637,20000,20000,20,,
walker2d-medium-replay-v2,1,ensemble,5,68,1,290.51021476794944,9050.497336686552,63.99668039881849,20000,20000,20,,
walker2d-medium-replay-v2,1,ensemble,5,69,1,356.0569923652466,10826.962628973606,76.55818694600566,20000,20000,20,,
walker2d-medium-replay-v2,1,ensemble,5,70,1,389.8199704966886,11064.673592595602,78.23905728940069,20000,20000,20,,
walker2d-medium-replay-v2,1,ensemble,5,71,1,469.06456868145557,14068.643318800498,99.48033092818646,20000,20000,20,,
walker2d-medium-replay-v2,1,ensemble,5,72,1,574.1815913219654,20027.566142541946,141.61627830053516,20000,20000,20,,
walker2d-medium-replay-v2,1,ensemble,5,73,1,660.891326584152,23256.215141665056,164.44627431404626,20000,20000,20,,
walker2d-medium-replay-v2,1,ensemble,5,74,1,820.855909881873,29084.745516158557,205.66020783560748,20000,20000,20,,
walker2d-medium-replay-v2,1,ensemble,5,75,1,887.8015582209028,27285.828249859125,192.93994185766852,20000,20000,20,,
walker2d-medium-replay-v2,1,ensemble,5,76,1,994.0130949326772,29771.065999174127,210.51322651168283,20000,20000,20,,
walker2d-medium-replay-v2,1,ensemble,5,77,1,1178.1497915882242,36243.959643723705,256.28349641128597,20000,20000,20,,
walker2d-medium-replay-v2,1,ensemble,5,78,1,1247.317217843069,35512.06207041652,251.10819903909106,20000,20000,20,,
walker2d-medium-replay-v2,1,ensemble,5,79,1,1397.7135583925399,41489.4837810066,293.3749532947905,20000,20000,20,,
walker2d-medium-replay-v2,1,ensemble,5,80,1,1732.852567856526,54136.899695885695,382.80568887376717,20000,20000,20,,
walker2d-medium-replay-v2,1,ensemble,5,81,1,2005.1558071378577,64995.52615796369,459.58777293083756,20000,20000,20,,
walker2d-medium-replay-v2,1,ensemble,5,82,1,2002.2069416713218,62410.973931142864,441.31222887167957,20000,20000,20,,
walker2d-medium-replay-v2,1,ensemble,5,83,1,2068.1287035599867,64825.14316794405,458.38298325442025,20000,20000,20,,
walker2d-medium-replay-v2,1,ensemble,5,84,1,2520.1474169601397,96692.35497666696,683.7181989289802,20000,20000,20,,
walker2d-medium-replay-v2,1,ensemble,5,85,1,3647.3720793371594,214319.04161003086,1515.4644765985465,20000,20000,20,,
walker2d-medium-replay-v2,1,ensemble,5,86,1,4012.6973116762147,217324.77356350876,1536.7182110658798,20000,20000,20,,
walker2d-medium-replay-v2,1,ensemble,5,87,1,5298.786576742875,332354.0356731054,2350.0979237916854,20000,20000,20,,
walker2d-medium-replay-v2,1,ensemble,5,88,1,6748.730687411368,480806.07671666675,3399.8123728205446,20000,20000,20,,
walker2d-medium-replay-v2,1,ensemble,5,89,1,7541.692613909745,477669.6347828303,3377.6343792184084,20000,20000,20,,
walker2d-medium-replay-v2,1,ensemble,5,90,1,8066.29093526114,510846.37958622765,3612.2293915001865,20000,20000,20,,
walker2d-medium-replay-v2,1,ensemble,5,91,1,9120.294620839166,627641.2467421104,4438.093817237253,20000,20000,20,,
walker2d-medium-replay-v2,1,ensemble,5,92,1,12018.41526133353,921188.3887903704,6513.7855646398075,20000,20000,20,,
walker2d-medium-replay-v2,1,ensemble,5,93,1,13553.369742636352,983429.2230157912,6953.894724114834,20000,20000,20,,
walker2d-medium-replay-v2,1,ensemble,5,94,1,16349.977017373305,1260705.868749544,8914.536688744802,20000,20000,20,,
walker2d-medium-replay-v2,1,ensemble,5,95,1,19295.694253917834,1407298.1129392316,9951.100388103625,20000,20000,20,,
walker2d-medium-replay-v2,1,ensemble,5,96,1,23212.190600223465,1689261.8546738653,11944.885126396543,20000,20000,20,,
walker2d-medium-replay-v2,1,ensemble,5,97,1,27464.342096533495,2059204.5458222374,14560.774982010687,20000,20000,20,,
walker2d-medium-replay-v2,1,ensemble,5,98,1,28337.229822922407,2446341.265881962,17298.244982016182,20000,20000,20,,
walker2d-medium-replay-v2,1,ensemble,5,99,1,34654.32286235578,3146292.550685573,22247.647981864877,20000,20000,20,,
walker2d-medium-replay-v2,1,ensemble,5,100,1,43947.78919247232,4426742.231957582,31301.79450782079,20000,20000,20,,
walker2d-medium-replay-v2,1,ensemble,6,1,1,0.764647616108768,1.6376271140496252,0.011579772373994456,20000,20000,20,,
walker2d-medium-replay-v2,1,ensemble,6,2,1,1.1445263260082357,2.4309535267348226,0.01718943723503546,20000,20000,20,,
walker2d-medium-replay-v2,1,ensemble,6,3,1,1.4511584817678225,2.9892464967793324,0.02113716468510797,20000,20000,20,,
walker2d-medium-replay-v2,1,ensemble,6,4,1,1.7103889923800266,3.5165638315049743,0.02486586131732515,20000,20000,20,,
walker2d-medium-replay-v2,1,ensemble,6,5,1,2.029834261762582,4.095594381574998,0.028960225602012057,20000,20000,20,,
walker2d-medium-replay-v2,1,ensemble,6,6,1,2.3165382935382732,4.5985127977719,0.03251639582677633,20000,20000,20,,
walker2d-medium-replay-v2,1,ensemble,6,7,1,2.5914937237402866,5.0566727233789805,0.03575607572942324,20000,20000,20,,
walker2d-medium-replay-v2,1,ensemble,6,8,1,2.860837157474569,5.757262179100498,0.040709991279108015,20000,20000,20,,
walker2d-medium-replay-v2,1,ensemble,6,9,1,3.1919616310200496,6.820772210787249,0.04823014283176423,20000,20000,20,,
walker2d-medium-replay-v2,1,ensemble,6,10,1,3.4690311063331114,7.258370924510547,0.05132443301088678,20000,20000,20,,
walker2d-medium-replay-v2,1,ensemble,6,11,1,3.703282939414697,7.436360703268559,0.052583010806303614,20000,20000,20,,
walker2d-medium-replay-v2,1,ensemble,6,12,1,3.8617053544258977,7.552490226713146,0.05340417054153991,20000,20000,20,,
walker2d-medium-replay-v2,1,ensemble,6,13,1,4.072645597516612,7.943205086654922,0.05616694181129173,20000,20000,20,,
walker2d-medium-replay-v2,1,ensemble,6,14,1,4.2380364895882785,8.211615304695176,0.05806488866445196,20000,20000,20,,
walker2d-medium-replay-v2,1,ensemble,6,15,1,4.5055759756682,8.975539013774222,0.06346664501444169,20000,20000,20,,
walker2d-medium-replay-v2,1,ensemble,6,16,1,4.725808119956252,9.308649724893685,0.06582209344162615,20000,20000,20,,
walker2d-medium-replay-v2,1,ensemble,6,17,1,4.990275746823816,10.167313955732652,0.07189376644551179,20000,20000,20,,
walker2d-medium-replay-v2,1,ensemble,6,18,1,5.203380459580216,10.62140033066672,0.07510464199511475,20000,20000,20,,
walker2d-medium-replay-v2,1,ensemble,6,19,1,5.461174134928621,11.870607795493191,0.08393787268999128,20000,20000,20,,
walker2d-medium-replay-v2,1,ensemble,6,20,1,5.713434164364224,12.71116903442139,0.08988153821047824,20000,20000,20,,
walker2d-medium-replay-v2,1,ensemble,6,21,1,5.932541407917675,13.080616761538334,0.09249392814186172,20000,20000,20,,
walker2d-medium-replay-v2,1,ensemble,6,22,1,6.163306672925469,13.458231107940538,0.09516406479200497,20000,20000,20,,
walker2d-medium-replay-v2,1,ensemble,6,23,1,6.350312818929611,13.875301331737393,0.09811319662678245,20000,20000,20,,
walker2d-medium-replay-v2,1,ensemble,6,24,1,6.576254553969267,14.569486036830066,0.10302182375045256,20000,20000,20,,
walker2d-medium-replay-v2,1,ensemble,6,25,1,6.774719731380582,15.9182713454909,0.11255917613164124,20000,20000,20,,
walker2d-medium-replay-v2,1,ensemble,6,26,1,6.933430584392625,16.176073872725432,0.1143821152837869,20000,20000,20,,
walker2d-medium-replay-v2,1,ensemble,6,27,1,7.140489484365665,16.456741778040445,0.1163667370748836,20000,20000,20,,
walker2d-medium-replay-v2,1,ensemble,6,28,1,7.33212868181814,16.662496485366887,0.1178216425629994,20000,20000,20,,
walker2d-medium-replay-v2,1,ensemble,6,29,1,7.6860148263895125,19.76646151445833,0.139769989769364,20000,20000,20,,
walker2d-medium-replay-v2,1,ensemble,6,30,1,8.059551852853089,21.912642528151785,0.1549457812537286,20000,20000,20,,
walker2d-medium-replay-v2,1,ensemble,6,31,1,8.319662677005784,22.922795163804345,0.16208863904076248,20000,20000,20,,
walker2d-medium-replay-v2,1,ensemble,6,32,1,8.594825772200917,23.327130025502132,0.1649477182665288,20000,20000,20,,
walker2d-medium-replay-v2,1,ensemble,6,33,1,8.912400974336096,26.707035395468555,0.18884725833524962,20000,20000,20,,
walker2d-medium-replay-v2,1,ensemble,6,34,1,9.338095706056837,27.299395704756925,0.1930358782512853,20000,20000,20,,
walker2d-medium-replay-v2,1,ensemble,6,35,1,9.753287563361043,33.25776535395434,0.23516791408892132,20000,20000,20,,
walker2d-medium-replay-v2,1,ensemble,6,36,1,10.08853968720283,34.72811495366733,0.24556485581564114,20000,20000,20,,
walker2d-medium-replay-v2,1,ensemble,6,37,1,10.511804098190803,39.16710239038329,0.2769532369966786,20000,20000,20,,
walker2d-medium-replay-v2,1,ensemble,6,38,1,11.076780704742115,43.03169878623866,0.3042800601772628,20000,20000,20,,
walker2d-medium-replay-v2,1,ensemble,6,39,1,11.64741679742386,52.024879185917136,0.3678714486277288,20000,20000,20,,
walker2d-medium-replay-v2,1,ensemble,6,40,1,12.338909430483687,62.67818286225901,0.44320168134353793,20000,20000,20,,
walker2d-medium-replay-v2,1,ensemble,6,41,1,13.065418727853487,75.2852317255231,0.5323469787631799,20000,20000,20,,
walker2d-medium-replay-v2,1,ensemble,6,42,1,13.662289317913974,76.98347436888037,0.5443553676553607,20000,20000,20,,
walker2d-medium-replay-v2,1,ensemble,6,43,1,14.610505842587928,98.05983364528525,0.6933877333260596,20000,20000,20,,
walker2d-medium-replay-v2,1,ensemble,6,44,1,15.771679519346002,125.52002687990232,0.8875606218149665,20000,20000,20,,
walker2d-medium-replay-v2,1,ensemble,6,45,1,17.61503583253922,195.1800164949774,1.3801311321570071,20000,20000,20,,
walker2d-medium-replay-v2,1,ensemble,6,46,1,18.61256102152018,177.499662355691,1.2551121491003165,20000,20000,20,,
walker2d-medium-replay-v2,1,ensemble,6,47,1,20.131661942051387,202.3132079008861,1.4305704123032037,20000,20000,20,,
walker2d-medium-replay-v2,1,ensemble,6,48,1,23.23589570437122,340.27358083980045,2.4060975647045177,20000,20000,20,,
walker2d-medium-replay-v2,1,ensemble,6,49,1,25.136537545000472,372.62650934349523,2.634867316066579,20000,20000,20,,
walker2d-medium-replay-v2,1,ensemble,6,50,1,26.939220429567573,418.61406224829693,2.9600484211581826,20000,20000,20,,
walker2d-medium-replay-v2,1,ensemble,6,51,1,28.54412235320469,451.11479128118344,3.189863280084788,20000,20000,20,,
walker2d-medium-replay-v2,1,ensemble,6,52,1,32.68617796811353,647.6109077223033,4.579300644208161,20000,20000,20,,
walker2d-medium-replay-v2,1,ensemble,6,53,1,36.47573637947313,780.4216690138678,5.518414543446292,20000,20000,20,,
walker2d-medium-replay-v2,1,ensemble,6,54,1,40.099702947572545,716.848755340805,5.068886159866196,20000,20000,20,,
walker2d-medium-replay-v2,1,ensemble,6,55,1,46.81304547818728,906.3414615492114,6.408801935319739,20000,20000,20,,
walker2d-medium-replay-v2,1,ensemble,6,56,1,48.57445841249251,833.420020527319,5.893169480914989,20000,20000,20,,
walker2d-medium-replay-v2,1,ensemble,6,57,1,56.75144420053526,1072.461842289508,7.583450412467288,20000,20000,20,,
walker2d-medium-replay-v2,1,ensemble,6,58,1,63.368224017431096,1251.509246318606,8.849506747895516,20000,20000,20,,
walker2d-medium-replay-v2,1,ensemble,6,59,1,71.77502927580092,1400.0963978502762,9.900176572347887,20000,20000,20,,
walker2d-medium-replay-v2,1,ensemble,6,60,1,85.23922551978382,1676.4810060586294,11.854510879145023,20000,20000,20,,
walker2d-medium-replay-v2,1,ensemble,6,61,1,101.198347738416,2327.685111767027,16.459219269974316,20000,20000,20,,
walker2d-medium-replay-v2,1,ensemble,6,62,1,124.09116920702625,3090.884282970138,21.85585236351104,20000,20000,20,,
walker2d-medium-replay-v2,1,ensemble,6,63,1,143.73013054107724,3635.1042277766546,25.704068497807608,20000,20000,20,,
walker2d-medium-replay-v2,1,ensemble,6,64,1,164.08028428864992,4534.817371809562,32.06600115049098,20000,20000,20,,
walker2d-medium-replay-v2,1,ensemble,6,65,1,182.90936955187001,4538.958970362545,32.09528667470865,20000,20000,20,,
walker2d-medium-replay-v2,1,ensemble,6,66,1,220.51877576520516,6406.477279528037,45.3006352787182,20000,20000,20,,
walker2d-medium-replay-v2,1,ensemble,6,67,1,264.4131838902682,8154.213831597864,57.6589989556799,20000,20000,20,,
walker2d-medium-replay-v2,1,ensemble,6,68,1,360.6197015542209,15659.843198778113,110.73181318174039,20000,20000,20,,
walker2d-medium-replay-v2,1,ensemble,6,69,1,474.72870389898446,25497.173389393643,180.29224204729434,20000,20000,20,,
walker2d-medium-replay-v2,1,ensemble,6,70,1,521.8470959350043,23587.540882565547,166.7891010957702,20000,20000,20,,
walker2d-medium-replay-v2,1,ensemble,6,71,1,568.9812330833357,22212.696659301422,157.06748436231805,20000,20000,20,,
walker2d-medium-replay-v2,1,ensemble,6,72,1,569.7784589220041,16369.318188011352,115.74855894143116,20000,20000,20,,
walker2d-medium-replay-v2,1,ensemble,6,73,1,603.4872125992373,14609.996054585465,103.30827283306087,20000,20000,20,,
walker2d-medium-replay-v2,1,ensemble,6,74,1,619.5241845483423,13314.141102751058,94.1451945942981,20000,20000,20,,
walker2d-medium-replay-v2,1,ensemble,6,75,1,729.2922714089278,16877.444432612272,119.3415540739928,20000,20000,20,,
walker2d-medium-replay-v2,1,ensemble,6,76,1,790.7595794036936,16268.627687608468,115.03656958507169,20000,20000,20,,
walker2d-medium-replay-v2,1,ensemble,6,77,1,955.9136471375516,20818.10838631216,147.20625611437862,20000,20000,20,,
walker2d-medium-replay-v2,1,ensemble,6,78,1,1069.8829718453862,25512.158250531367,180.39820101655056,20000,20000,20,,
walker2d-medium-replay-v2,1,ensemble,6,79,1,1358.3993206969424,36917.88501421458,261.04886840616354,20000,20000,20,,
walker2d-medium-replay-v2,1,ensemble,6,80,1,1616.1505255234624,46104.07587121197,326.0050468887307,20000,20000,20,,
walker2d-medium-replay-v2,1,ensemble,6,81,1,2103.774912198003,74287.87059322499,525.294570563781,20000,20000,20,,
walker2d-medium-replay-v2,1,ensemble,6,82,1,2471.3428918508225,94635.2243577796,669.1720888249629,20000,20000,20,,
walker2d-medium-replay-v2,1,ensemble,6,83,1,2832.7957649253335,99768.74417553934,705.4715555698973,20000,20000,20,,
walker2d-medium-replay-v2,1,ensemble,6,84,1,3424.6933639908007,142849.06696197778,1010.0954393498569,20000,20000,20,,
walker2d-medium-replay-v2,1,ensemble,6,85,1,3918.779455277538,156505.86328456123,1106.6635722396795,20000,20000,20,,
walker2d-medium-replay-v2,1,ensemble,6,86,1,3917.7276676576453,134986.96010946162,954.501948651583,20000,20000,20,,
walker2d-medium-replay-v2,1,ensemble,6,87,1,4217.316733448502,143261.70196023057,1013.0132094040514,20000,20000,20,,
walker2d-medium-replay-v2,1,ensemble,6,88,1,5639.933631465957,281556.09094309906,1990.9022119024162,20000,20000,20,,
walker2d-medium-replay-v2,1,ensemble,6,89,1,6450.490546657351,311173.07751407195,2200.3259323288744,20000,20000,20,,
walker2d-medium-replay-v2,1,ensemble,6,90,1,9918.824408101951,684647.5861599096,4841.189508966731,20000,20000,20,,
walker2d-medium-replay-v2,1,ensemble,6,91,1,9972.80329611357,544026.2423644443,3846.8464511933475,20000,20000,20,,
walker2d-medium-replay-v2,1,ensemble,6,92,1,9453.470824880022,353364.3605162432,2498.6633555068347,20000,20000,20,,
walker2d-medium-replay-v2,1,ensemble,6,93,1,11144.781855645946,452211.73193179426,3197.6198218108493,20000,20000,20,,
walker2d-medium-replay-v2,1,ensemble,6,94,1,11486.60207276117,426006.67618277477,3012.3220955958172,20000,20000,20,,
walker2d-medium-replay-v2,1,ensemble,6,95,1,13911.793221036998,516114.26843870233,3649.4789908014054,20000,20000,20,,
walker2d-medium-replay-v2,1,ensemble,6,96,1,14388.660115881406,526163.6360192947,3720.5387504301366,20000,20000,20,,
walker2d-medium-replay-v2,1,ensemble,6,97,1,16921.79619582467,625505.5421363118,4422.992105143538,20000,20000,20,,
walker2d-medium-replay-v2,1,ensemble,6,98,1,20009.30819067998,819273.1959594495,5793.136325073019,20000,20000,20,,
walker2d-medium-replay-v2,1,ensemble,6,99,1,25582.721754335038,1118451.4083524914,7908.64575273691,20000,20000,20,,
walker2d-medium-replay-v2,1,ensemble,6,100,1,27173.011111967153,1111720.0770335472,7861.048052516522,20000,20000,20,,
walker2d-medium-replay-v2,1,ensemble,7,1,1,0.7625905307775737,1.6368438948842137,0.011574234178164278,20000,20000,20,,
walker2d-medium-replay-v2,1,ensemble,7,2,1,1.1433374710947928,2.4161086623771104,0.017084468192504133,20000,20000,20,,
walker2d-medium-replay-v2,1,ensemble,7,3,1,1.4391751386819003,2.984301116219719,0.021102195563815464,20000,20000,20,,
walker2d-medium-replay-v2,1,ensemble,7,4,1,1.7139716859268455,3.5160058618855903,0.024861915876309523,20000,20000,20,,
walker2d-medium-replay-v2,1,ensemble,7,5,1,2.021163752905906,4.064702240103229,0.028741785174811435,20000,20000,20,,
walker2d-medium-replay-v2,1,ensemble,7,6,1,2.2949070872059645,4.660087833743639,0.03295179708165056,20000,20000,20,,
walker2d-medium-replay-v2,1,ensemble,7,7,1,2.5866996522040684,5.1120857023012,0.036147904661039724,20000,20000,20,,
walker2d-medium-replay-v2,1,ensemble,7,8,1,2.8853317310826556,5.829682570911567,0.04122208078056595,20000,20000,20,,
walker2d-medium-replay-v2,1,ensemble,7,9,1,3.157451434496703,6.48121500762534,0.04582911082219899,20000,20000,20,,
walker2d-medium-replay-v2,1,ensemble,7,10,1,3.5015576767362786,7.407704493771666,0.052380380805720064,20000,20000,20,,
walker2d-medium-replay-v2,1,ensemble,7,11,1,3.758404000767191,7.762644607675932,0.05489018642028838,20000,20000,20,,
walker2d-medium-replay-v2,1,ensemble,7,12,1,3.9426894549290386,8.181495972074869,0.05785191282104564,20000,20000,20,,
walker2d-medium-replay-v2,1,ensemble,7,13,1,4.143546434051359,8.73064248941832,0.061734965083830945,20000,20000,20,,
walker2d-medium-replay-v2,1,ensemble,7,14,1,4.354178412211895,8.677112599654551,0.06135645160334965,20000,20000,20,,
walker2d-medium-replay-v2,1,ensemble,7,15,1,4.501036676801975,8.83415992763213,0.0624669439091514,20000,20000,20,,
walker2d-medium-replay-v2,1,ensemble,7,16,1,4.775637375886652,9.750412581699935,0.06894582855886655,20000,20000,20,,
walker2d-medium-replay-v2,1,ensemble,7,17,1,5.002796703097042,9.977943875726238,0.07055471776824805,20000,20000,20,,
walker2d-medium-replay-v2,1,ensemble,7,18,1,5.223856602498176,10.196447773732983,0.07209977364821067,20000,20000,20,,
walker2d-medium-replay-v2,1,ensemble,7,19,1,5.4918282205109605,10.637609563945517,0.07521925858280748,20000,20000,20,,
walker2d-medium-replay-v2,1,ensemble,7,20,1,5.747990707300065,11.485013466415198,0.08121130904121003,20000,20000,20,,
walker2d-medium-replay-v2,1,ensemble,7,21,1,5.984120712000461,12.126508235012556,0.0857473620509189,20000,20000,20,,
walker2d-medium-replay-v2,1,ensemble,7,22,1,6.225610140974253,12.704828890295921,0.08983670662143005,20000,20000,20,,
walker2d-medium-replay-v2,1,ensemble,7,23,1,6.4000956234313575,13.119723166915275,0.09277045218616037,20000,20000,20,,
walker2d-medium-replay-v2,1,ensemble,7,24,1,6.639167603607728,13.837542610761398,0.09784620215027187,20000,20000,20,,
walker2d-medium-replay-v2,1,ensemble,7,25,1,6.940963265605393,15.759883580252199,0.11143920550306854,20000,20000,20,,
walker2d-medium-replay-v2,1,ensemble,7,26,1,7.203964664998553,17.145970533926015,0.12124032034563813,20000,20000,20,,
walker2d-medium-replay-v2,1,ensemble,7,27,1,7.4783362832912985,18.36980691686149,0.12989415040000304,20000,20000,20,,
walker2d-medium-replay-v2,1,ensemble,7,28,1,7.738901263873446,19.70998930582902,0.1393706709526603,20000,20000,20,,
walker2d-medium-replay-v2,1,ensemble,7,29,1,8.041786385597916,21.75759241999767,0.15384941142473377,20000,20000,20,,
walker2d-medium-replay-v2,1,ensemble,7,30,1,8.253348100240942,23.734418245773686,0.16782768089104294,20000,20000,20,,
walker2d-medium-replay-v2,1,ensemble,7,31,1,8.661151418495246,30.16914300489075,0.21332805601344942,20000,20000,20,,
walker2d-medium-replay-v2,1,ensemble,7,32,1,8.994839393952487,31.379423082726,0.2218860285151723,20000,20000,20,,
walker2d-medium-replay-v2,1,ensemble,7,33,1,9.323183277325976,31.004419301452597,0.2192343513480821,20000,20000,20,,
walker2d-medium-replay-v2,1,ensemble,7,34,1,9.85289392749386,39.55596137984181,0.2797028852803933,20000,20000,20,,
walker2d-medium-replay-v2,1,ensemble,7,35,1,10.493044221632303,58.01412088145104,0.4102217827985012,20000,20000,20,,
walker2d-medium-replay-v2,1,ensemble,7,36,1,10.917987446979897,65.37876987539164,0.462297715245242,20000,20000,20,,
walker2d-medium-replay-v2,1,ensemble,7,37,1,11.449795595102225,74.1485245402437,0.5243092451738345,20000,20000,20,,
walker2d-medium-replay-v2,1,ensemble,7,38,1,12.07428876818083,91.48120824746508,0.6468698270292127,20000,20000,20,,
walker2d-medium-replay-v2,1,ensemble,7,39,1,12.857155427763255,103.89260466810833,0.7346316527595256,20000,20000,20,,
walker2d-medium-replay-v2,1,ensemble,7,40,1,13.462020912121774,107.36569990098812,0.7591901446682853,20000,20000,20,,
walker2d-medium-replay-v2,1,ensemble,7,41,1,14.84527228833664,160.36980428588708,1.1339857610811022,20000,20000,20,,
walker2d-medium-replay-v2,1,ensemble,7,42,1,16.717555234919775,252.32147959510496,1.784182292607218,20000,20000,20,,
walker2d-medium-replay-v2,1,ensemble,7,43,1,17.529970982219485,248.23848232959006,1.7553111420671008,20000,20000,20,,
walker2d-medium-replay-v2,1,ensemble,7,44,1,19.286016659387546,276.72466550631844,1.9567388750109687,20000,20000,20,,
walker2d-medium-replay-v2,1,ensemble,7,45,1,20.991682269235106,312.4893172882062,2.2096331530284523,20000,20000,20,,
walker2d-medium-replay-v2,1,ensemble,7,46,1,23.684019786558068,374.90916993572813,2.651008163905731,20000,20000,20,,
walker2d-medium-replay-v2,1,ensemble,7,47,1,26.287724624435835,451.1284157676007,3.1899596197521465,20000,20000,20,,
walker2d-medium-replay-v2,1,ensemble,7,48,1,28.185229993801133,466.05458334929233,3.2955035628935563,20000,20000,20,,
walker2d-medium-replay-v2,1,ensemble,7,49,1,32.20930893745634,584.0064938490262,4.129549520576262,20000,20000,20,,
walker2d-medium-replay-v2,1,ensemble,7,50,1,37.35091278328554,754.0257520132902,5.331767224378836,20000,20000,20,,
walker2d-medium-replay-v2,1,ensemble,7,51,1,42.32490052516348,934.85801549972,6.610444422064505,20000,20000,20,,
walker2d-medium-replay-v2,1,ensemble,7,52,1,48.7597601787109,1188.4318770076534,8.403482392103687,20000,20000,20,,
walker2d-medium-replay-v2,1,ensemble,7,53,1,56.216663739280285,1359.612911984703,9.61391509853172,20000,20000,20,,
walker2d-medium-replay-v2,1,ensemble,7,54,1,62.76182759387769,1592.7060013209639,11.262132139705638,20000,20000,20,,
walker2d-medium-replay-v2,1,ensemble,7,55,1,73.44989503258445,2002.6740737562327,14.161044180595201,20000,20000,20,,
walker2d-medium-replay-v2,1,ensemble,7,56,1,81.8293712745994,2268.705345824561,16.042169345467183,20000,20000,20,,
walker2d-medium-replay-v2,1,ensemble,7,57,1,96.17097728242773,2838.830720818472,20.07356453331436,20000,20000,20,,
walker2d-medium-replay-v2,1,ensemble,7,58,1,111.0492922147573,3569.890672070486,25.24293902315642,20000,20000,20,,
walker2d-medium-replay-v2,1,ensemble,7,59,1,133.33337420757726,4739.0794753217215,33.510352335819746,20000,20000,20,,
walker2d-medium-replay-v2,1,ensemble,7,60,1,147.8941839358973,5495.9535383981865,38.86226016087558,20000,20000,20,,
walker2d-medium-replay-v2,1,ensemble,7,61,1,183.0529986427605,7488.1109581698365,52.948940367991874,20000,20000,20,,
walker2d-medium-replay-v2,1,ensemble,7,62,1,209.47046713430484,7958.453052783024,56.274761213776564,20000,20000,20,,
walker2d-medium-replay-v2,1,ensemble,7,63,1,232.0355886589132,8480.829896806697,59.96852330121624,20000,20000,20,,
walker2d-medium-replay-v2,1,ensemble,7,64,1,266.93479398084975,9889.982532169295,69.9327371431341,20000,20000,20,,
walker2d-medium-replay-v2,1,ensemble,7,65,1,331.76239768844823,15693.397061715266,110.96907482191904,20000,20000,20,,
walker2d-medium-replay-v2,1,ensemble,7,66,1,491.7108824701949,27683.542824884444,195.7522085874398,20000,20000,20,,
walker2d-medium-replay-v2,1,ensemble,7,67,1,570.0372977079059,30792.944740396106,217.73900038636717,20000,20000,20,,
walker2d-medium-replay-v2,1,ensemble,7,68,1,645.2265935946872,33047.92111686533,233.68409125853574,20000,20000,20,,
walker2d-medium-replay-v2,1,ensemble,7,69,1,696.4693377406478,32901.855360950714,232.6512503934721,20000,20000,20,,
walker2d-medium-replay-v2,1,ensemble,7,70,1,769.866593976681,34148.33813715189,241.46521463031297,20000,20000,20,,
walker2d-medium-replay-v2,1,ensemble,7,71,1,837.9917900283542,38926.64094631273,275.25291781951654,20000,20000,20,,
walker2d-medium-replay-v2,1,ensemble,7,72,1,1344.5018279799879,101117.79708705364,715.0108001890095,20000,20000,20,,
walker2d-medium-replay-v2,1,ensemble,7,73,1,1145.4354059937368,62157.3702447701,439.5189800079987,20000,20000,20,,
walker2d-medium-replay-v2,1,ensemble,7,74,1,1543.5046068617355,97867.20835023299,692.0256668024646,20000,20000,20,,
walker2d-medium-replay-v2,1,ensemble,7,75,1,1975.650724174386,143104.6997499032,1011.9030361282138,20000,20000,20,,
walker2d-medium-replay-v2,1,ensemble,7,76,1,1990.3201692842342,123446.79873011686,872.9006849783651,20000,20000,20,,
walker2d-medium-replay-v2,1,ensemble,7,77,1,2309.804711659964,143249.98741830688,1012.930375083724,20000,20000,20,,
walker2d-medium-replay-v2,1,ensemble,7,78,1,2325.475572183069,129345.30366587764,914.6094133677528,20000,20000,20,,
walker2d-medium-replay-v2,1,ensemble,7,79,1,2322.3243916642086,112758.50190593442,797.3230133412247,20000,20000,20,,
walker2d-medium-replay-v2,1,ensemble,7,80,1,2598.3973953542895,124509.35805505255,880.4141140191153,20000,20000,20,,
walker2d-medium-replay-v2,1,ensemble,7,81,1,2560.034404514917,111740.30295862246,790.1232595388118,20000,20000,20,,
walker2d-medium-replay-v2,1,ensemble,7,82,1,2727.7660146056296,106379.66759675226,752.2178433803435,20000,20000,20,,
walker2d-medium-replay-v2,1,ensemble,7,83,1,3987.8482341123804,233568.55128319052,1651.579064842619,20000,20000,20,,
walker2d-medium-replay-v2,1,ensemble,7,84,1,3771.664952861897,192048.09637409437,1357.9851126008973,20000,20000,20,,
walker2d-medium-replay-v2,1,ensemble,7,85,1,3716.673031340637,130987.62115511177,926.22235170274,20000,20000,20,,
walker2d-medium-replay-v2,1,ensemble,7,86,1,3890.0018986878613,147273.9944668979,1041.3844017997358,20000,20000,20,,
walker2d-medium-replay-v2,1,ensemble,7,87,1,5203.105065604844,299131.3588616793,2115.178123166401,20000,20000,20,,
walker2d-medium-replay-v2,1,ensemble,7,88,1,9531.898956473113,824431.3951853667,5829.610301586592,20000,20000,20,,
walker2d-medium-replay-v2,1,ensemble,7,89,1,10547.59929525495,916188.5198926877,6478.431152613855,20000,20000,20,,
walker2d-medium-replay-v2,1,ensemble,7,90,1,9205.187322808968,660442.0102038935,4670.030239956481,20000,20000,20,,
walker2d-medium-replay-v2,1,ensemble,7,91,1,6689.1760031640815,211089.9709744932,1492.6314991653562,20000,20000,20,,
walker2d-medium-replay-v2,1,ensemble,7,92,1,7994.803372901514,311621.9943537436,2203.5002537440814,20000,20000,20,,
walker2d-medium-replay-v2,1,ensemble,7,93,1,9714.360062235091,437062.98538092844,3090.5020076849137,20000,20000,20,,
walker2d-medium-replay-v2,1,ensemble,7,94,1,11593.670230674794,564881.6109635986,3994.3161767994175,20000,20000,20,,
walker2d-medium-replay-v2,1,ensemble,7,95,1,12715.511846320831,481907.29050382186,3407.5991301848794,20000,20000,20,,
walker2d-medium-replay-v2,1,ensemble,7,96,1,12969.116331835135,408529.47720969684,2888.7396364957176,20000,20000,20,,
walker2d-medium-replay-v2,1,ensemble,7,97,1,15372.809736070361,453129.6975774579,3204.1108191402996,20000,20000,20,,
walker2d-medium-replay-v2,1,ensemble,7,98,1,17658.209078326057,524415.7282980939,3708.179176404642,20000,20000,20,,
walker2d-medium-replay-v2,1,ensemble,7,99,1,19758.90908109022,608577.9610128423,4303.296031128631,20000,20000,20,,
walker2d-medium-replay-v2,1,ensemble,7,100,1,24831.91264165492,853539.8662637677,6035.43827448169,20000,20000,20,,
walker2d-medium-replay-v2,1,ensemble,8,1,1,0.7529810496750301,1.6261753758544681,0.01149879635665277,20000,20000,20,,
walker2d-medium-replay-v2,1,ensemble,8,2,1,1.1407405190999091,2.430763282178543,0.01718809200287717,20000,20000,20,,
walker2d-medium-replay-v2,1,ensemble,8,3,1,1.4483994543300511,3.0500058501526794,0.021566798193016004,20000,20000,20,,
walker2d-medium-replay-v2,1,ensemble,8,4,1,1.7261131293564325,3.6217533494818315,0.02560966353203695,20000,20000,20,,
walker2d-medium-replay-v2,1,ensemble,8,5,1,2.0150189700987045,4.218998911186297,0.02983282739918491,20000,20000,20,,
walker2d-medium-replay-v2,1,ensemble,8,6,1,2.317080836661261,4.761830938840823,0.0336712294771825,20000,20000,20,,
walker2d-medium-replay-v2,1,ensemble,8,7,1,2.612946218204869,5.139627425666935,0.03634265405461448,20000,20000,20,,
walker2d-medium-replay-v2,1,ensemble,8,8,1,2.901807252005869,5.739923498710033,0.040587388294298775,20000,20000,20,,
walker2d-medium-replay-v2,1,ensemble,8,9,1,3.1862334597747264,6.46728484254867,0.045730609680311375,20000,20000,20,,
walker2d-medium-replay-v2,1,ensemble,8,10,1,3.536141189894102,7.5689481404540135,0.05352054556564342,20000,20000,20,,
walker2d-medium-replay-v2,1,ensemble,8,11,1,3.804979445112319,8.083093377130846,0.05715610139933292,20000,20000,20,,
walker2d-medium-replay-v2,1,ensemble,8,12,1,4.013085183830618,8.168516321852547,0.057760132834149304,20000,20000,20,,
walker2d-medium-replay-v2,1,ensemble,8,13,1,4.227875643300241,8.859825743108889,0.06264842863083438,20000,20000,20,,
walker2d-medium-replay-v2,1,ensemble,8,14,1,4.458304255300069,9.427915611941039,0.06666543061658027,20000,20000,20,,
walker2d-medium-replay-v2,1,ensemble,8,15,1,4.6555699017307965,9.788772209468068,0.06921707208805294,20000,20000,20,,
walker2d-medium-replay-v2,1,ensemble,8,16,1,4.848533575485972,10.130606911865776,0.071634208449156,20000,20000,20,,
walker2d-medium-replay-v2,1,ensemble,8,17,1,5.052365081822415,11.01840503333258,0.07791188916929455,20000,20000,20,,
walker2d-medium-replay-v2,1,ensemble,8,18,1,5.25004162692547,11.284689373833361,0.07979480379821344,20000,20000,20,,
walker2d-medium-replay-v2,1,ensemble,8,19,1,5.435028583431763,11.213071989769658,0.07928839241899058,20000,20000,20,,
walker2d-medium-replay-v2,1,ensemble,8,20,1,5.649931728597637,11.677353082857207,0.08257135551197967,20000,20000,20,,
walker2d-medium-replay-v2,1,ensemble,8,21,1,5.976667973672042,13.313986208640387,0.0941440993275379,20000,20000,20,,
walker2d-medium-replay-v2,1,ensemble,8,22,1,6.173911078255594,14.056671986806,0.09939568082785502,20000,20000,20,,
walker2d-medium-replay-v2,1,ensemble,8,23,1,6.398004166742379,15.037269688986225,0.10632955367613085,20000,20000,20,,
walker2d-medium-replay-v2,1,ensemble,8,24,1,6.665222257316489,15.001842872503973,0.10607904825442634,20000,20000,20,,
walker2d-medium-replay-v2,1,ensemble,8,25,1,6.8903328510025315,15.240138416747481,0.10776405220703758,20000,20000,20,,
walker2d-medium-replay-v2,1,ensemble,8,26,1,7.122241867951244,17.368737062662696,0.12281551757654909,20000,20000,20,,
walker2d-medium-replay-v2,1,ensemble,8,27,1,7.298681327339096,17.64019174898952,0.12473499207141472,20000,20000,20,,
walker2d-medium-replay-v2,1,ensemble,8,28,1,7.562597367613389,17.837414533089575,0.12612956775183112,20000,20000,20,,
walker2d-medium-replay-v2,1,ensemble,8,29,1,7.86238681833859,19.49172437706685,0.13782730484043101,20000,20000,20,,
walker2d-medium-replay-v2,1,ensemble,8,30,1,8.197286185966732,22.42044562535622,0.15853649138913647,20000,20000,20,,
walker2d-medium-replay-v2,1,ensemble,8,31,1,8.56931625208855,25.440297563748647,0.17989006922730272,20000,20000,20,,
walker2d-medium-replay-v2,1,ensemble,8,32,1,8.909431482645779,29.558891324960342,0.2090129250023567,20000,20000,20,,
walker2d-medium-replay-v2,1,ensemble,8,33,1,9.219843442889173,38.2358452840238,0.270368254847329,20000,20000,20,,
walker2d-medium-replay-v2,1,ensemble,8,34,1,9.641109453483416,50.317059502046384,0.35579533983264,20000,20000,20,,
walker2d-medium-replay-v2,1,ensemble,8,35,1,9.822471516910946,45.208562787529225,0.3196728131475972,20000,20000,20,,
walker2d-medium-replay-v2,1,ensemble,8,36,1,10.130599256507534,41.975549283536594,0.29681195542418853,20000,20000,20,,
walker2d-medium-replay-v2,1,ensemble,8,37,1,10.599934043014283,50.53477225497452,0.3573348014721028,20000,20000,20,,
walker2d-medium-replay-v2,1,ensemble,8,38,1,11.26903510233178,67.07117362650983,0.4742648169344542,20000,20000,20,,
walker2d-medium-replay-v2,1,ensemble,8,39,1,11.6349959290058,72.7852288881993,0.5146692891706072,20000,20000,20,,
walker2d-medium-replay-v2,1,ensemble,8,40,1,12.328164812078192,85.31544988365637,0.6032713315271446,20000,20000,20,,
walker2d-medium-replay-v2,1,ensemble,8,41,1,12.897991056656982,89.81069473406527,0.6350575126953251,20000,20000,20,,
walker2d-medium-replay-v2,1,ensemble,8,42,1,13.623362797236739,99.15515839975393,0.7011328489409225,20000,20000,20,,
walker2d-medium-replay-v2,1,ensemble,8,43,1,14.348909940659167,104.58015427361069,0.7394933626440542,20000,20000,20,,
walker2d-medium-replay-v2,1,ensemble,8,44,1,16.334625071647967,215.37464166854005,1.5229286961944744,20000,20000,20,,
walker2d-medium-replay-v2,1,ensemble,8,45,1,16.520742295236314,144.43603054622884,1.0213169664690573,20000,20000,20,,
walker2d-medium-replay-v2,1,ensemble,8,46,1,18.16382771479651,184.58239035801776,1.3051945990977676,20000,20000,20,,
walker2d-medium-replay-v2,1,ensemble,8,47,1,19.857481722755164,213.1021599837376,1.506859824100014,20000,20000,20,,
walker2d-medium-replay-v2,1,ensemble,8,48,1,21.873022648483516,286.0200000517604,2.0224668159157644,20000,20000,20,,
walker2d-medium-replay-v2,1,ensemble,8,49,1,25.020666806298603,407.45564228049767,2.8811464768926003,20000,20000,20,,
walker2d-medium-replay-v2,1,ensemble,8,50,1,27.962250498513278,496.02380943504306,3.5074179928150273,20000,20000,20,,
walker2d-medium-replay-v2,1,ensemble,8,51,1,31.562731815227714,538.4241099129115,3.807233392737507,20000,20000,20,,
walker2d-medium-replay-v2,1,ensemble,8,52,1,34.92175199501961,573.5440596154236,4.055568938633275,20000,20000,20,,
walker2d-medium-replay-v2,1,ensemble,8,53,1,38.25754602949386,619.0269435509866,4.377181495220848,20000,20000,20,,
walker2d-medium-replay-v2,1,ensemble,8,54,1,42.72716821472987,695.3047811610679,4.916547257504195,20000,20000,20,,
walker2d-medium-replay-v2,1,ensemble,8,55,1,46.645760922420166,747.3941258045131,5.284874545753628,20000,20000,20,,
walker2d-medium-replay-v2,1,ensemble,8,56,1,55.34436091148871,1045.5926827480305,7.393456763301668,20000,20000,20,,
walker2d-medium-replay-v2,1,ensemble,8,57,1,66.66621674589298,1349.2921583816892,9.540936349935254,20000,20000,20,,
walker2d-medium-replay-v2,1,ensemble,8,58,1,81.01489507473376,1767.5346328457063,12.498357248672734,20000,20000,20,,
walker2d-medium-replay-v2,1,ensemble,8,59,1,88.72991206766758,1941.527057353184,13.728669481115993,20000,20000,20,,
walker2d-medium-replay-v2,1,ensemble,8,60,1,93.5604582066305,1876.472293419179,13.268662833853744,20000,20000,20,,
walker2d-medium-replay-v2,1,ensemble,8,61,1,109.0746548612441,2262.28613745795,15.996778687808385,20000,20000,20,,
walker2d-medium-replay-v2,1,ensemble,8,62,1,133.02725570211769,3100.2494197878505,21.922073881016484,20000,20000,20,,
walker2d-medium-replay-v2,1,ensemble,8,63,1,173.2726672427508,5032.580304467953,35.585716601551496,20000,20000,20,,
walker2d-medium-replay-v2,1,ensemble,8,64,1,190.04640627415048,5105.877525040768,36.10400621864313,20000,20000,20,,
walker2d-medium-replay-v2,1,ensemble,8,65,1,201.6755017125127,5008.686795868122,35.416763981978704,20000,20000,20,,
walker2d-medium-replay-v2,1,ensemble,8,66,1,254.12301134027868,7774.190008525635,54.9718247326118,20000,20000,20,,
walker2d-medium-replay-v2,1,ensemble,8,67,1,337.7029245758059,12325.165022837393,87.1520776689157,20000,20000,20,,
walker2d-medium-replay-v2,1,ensemble,8,68,1,357.4903102185381,11791.845538528632,83.38093942997932,20000,20000,20,,
walker2d-medium-replay-v2,1,ensemble,8,69,1,409.5754004408595,13884.505100356604,98.1782770988136,20000,20000,20,,
walker2d-medium-replay-v2,1,ensemble,8,70,1,408.699259837911,12023.471066315846,85.01877924392184,20000,20000,20,,
walker2d-medium-replay-v2,1,ensemble,8,71,1,486.23037102002644,15128.439823536532,106.97422387995297,20000,20000,20,,
walker2d-medium-replay-v2,1,ensemble,8,72,1,603.4068995608629,21585.55426403224,152.63291795767393,20000,20000,20,,
walker2d-medium-replay-v2,1,ensemble,8,73,1,791.8149137591932,34626.453379059276,244.84599992772655,20000,20000,20,,
walker2d-medium-replay-v2,1,ensemble,8,74,1,796.6756324417429,31811.105660146903,224.93848529331638,20000,20000,20,,
walker2d-medium-replay-v2,1,ensemble,8,75,1,908.7134587450549,34177.11997869523,241.66873298361628,20000,20000,20,,
walker2d-medium-replay-v2,1,ensemble,8,76,1,1117.7212227249577,46068.4280506294,325.75297873204613,20000,20000,20,,
walker2d-medium-replay-v2,1,ensemble,8,77,1,926.36913326988,24838.182470910033,175.6324725752932,20000,20000,20,,
walker2d-medium-replay-v2,1,ensemble,8,78,1,1096.627734923353,29165.572068549074,206.23173786856012,20000,20000,20,,
walker2d-medium-replay-v2,1,ensemble,8,79,1,1194.7835129205719,30651.597116440425,216.7395217523305,20000,20000,20,,
walker2d-medium-replay-v2,1,ensemble,8,80,1,1338.4353005799976,34528.88048015215,244.15605534295395,20000,20000,20,,
walker2d-medium-replay-v2,1,ensemble,8,81,1,1530.4299037902647,42019.91121496693,297.12564164959775,20000,20000,20,,
walker2d-medium-replay-v2,1,ensemble,8,82,1,1700.0669161779,45380.7896352318,320.89064086672596,20000,20000,20,,
walker2d-medium-replay-v2,1,ensemble,8,83,1,1976.0034689218526,49748.02109932194,351.77163069941986,20000,20000,20,,
walker2d-medium-replay-v2,1,ensemble,8,84,1,2230.4283959048503,57078.34232083728,403.60482913951137,20000,20000,20,,
walker2d-medium-replay-v2,1,ensemble,8,85,1,2517.1364575619823,62691.48361120674,443.29573184129595,20000,20000,20,,
walker2d-medium-replay-v2,1,ensemble,8,86,1,2948.403989970937,76157.65895542954,538.5159708667662,20000,20000,20,,
walker2d-medium-replay-v2,1,ensemble,8,87,1,3423.566180187227,95579.93412806449,675.8521956731792,20000,20000,20,,
walker2d-medium-replay-v2,1,ensemble,8,88,1,4448.440364768385,148881.95861289723,1052.7544253151455,20000,20000,20,,
walker2d-medium-replay-v2,1,ensemble,8,89,1,5201.899836420168,200870.0181683749,1420.365519839229,20000,20000,20,,
walker2d-medium-replay-v2,1,ensemble,8,90,1,5570.368576674503,193534.39436694438,1368.4948264969794,20000,20000,20,,
walker2d-medium-replay-v2,1,ensemble,8,91,1,7728.675057801432,324252.5193209124,2292.811552286392,20000,20000,20,,
walker2d-medium-replay-v2,1,ensemble,8,92,1,10388.27193279182,509303.9972457791,3601.323101379051,20000,20000,20,,
walker2d-medium-replay-v2,1,ensemble,8,93,1,10854.102922708342,514221.33760889055,3636.093948540635,20000,20000,20,,
walker2d-medium-replay-v2,1,ensemble,8,94,1,13014.081698335633,619716.1652537206,4382.055028618289,20000,20000,20,,
walker2d-medium-replay-v2,1,ensemble,8,95,1,16335.00521711452,966745.3515316017,6835.921937485683,20000,20000,20,,
walker2d-medium-replay-v2,1,ensemble,8,96,1,16613.9221591399,860105.86889491,6081.866924339384,20000,20000,20,,
walker2d-medium-replay-v2,1,ensemble,8,97,1,22318.3482995596,1153118.6967424003,8153.780499795453,20000,20000,20,,
walker2d-medium-replay-v2,1,ensemble,8,98,1,26067.793203815585,1453771.4101561904,10279.716224165719,20000,20000,20,,
walker2d-medium-replay-v2,1,ensemble,8,99,1,25887.20740340619,1318922.0612327307,9326.187333542028,20000,20000,20,,
walker2d-medium-replay-v2,1,ensemble,8,100,1,29501.71669302623,1567993.5743415263,11087.388892738261,20000,20000,20,,
walker2d-medium-replay-v2,1,ensemble,9,1,1,0.7717344207987118,1.6729486924803534,0.01182953365030026,20000,20000,20,,
walker2d-medium-replay-v2,1,ensemble,9,2,1,1.1209882931318433,2.2897345007037835,0.01619086792564439,20000,20000,20,,
walker2d-medium-replay-v2,1,ensemble,9,3,1,1.4581191434008274,3.0147905142556177,0.02131778816487026,20000,20000,20,,
walker2d-medium-replay-v2,1,ensemble,9,4,1,1.717481486038162,3.5230470660862934,0.024911704708689888,20000,20000,20,,
walker2d-medium-replay-v2,1,ensemble,9,5,1,2.0393099346952477,4.103091101461088,0.029013235416693154,20000,20000,20,,
walker2d-medium-replay-v2,1,ensemble,9,6,1,2.2914103759025144,4.57360967778299,0.03234030417660773,20000,20000,20,,
walker2d-medium-replay-v2,1,ensemble,9,7,1,2.5874868226703738,5.129597285233288,0.03627173025144563,20000,20000,20,,
walker2d-medium-replay-v2,1,ensemble,9,8,1,2.9205311151491506,5.754247470422615,0.040688674069613684,20000,20000,20,,
walker2d-medium-replay-v2,1,ensemble,9,9,1,3.2054710133640096,6.446146256137955,0.04558113730235423,20000,20000,20,,
walker2d-medium-replay-v2,1,ensemble,9,10,1,3.4961213766113737,7.109196280673231,0.05026960898850224,20000,20000,20,,
walker2d-medium-replay-v2,1,ensemble,9,11,1,3.740118759827623,7.752746134872044,0.05482019364785819,20000,20000,20,,
walker2d-medium-replay-v2,1,ensemble,9,12,1,3.9975873943851212,8.290213942385893,0.05862066496148327,20000,20000,20,,
walker2d-medium-replay-v2,1,ensemble,9,13,1,4.197403353679917,8.949059899710964,0.06327940940330228,20000,20000,20,,
walker2d-medium-replay-v2,1,ensemble,9,14,1,4.434126682962905,9.55599540405876,0.06757109151197431,20000,20000,20,,
walker2d-medium-replay-v2,1,ensemble,9,15,1,4.670693539233414,9.670941101411591,0.06838388033263834,20000,20000,20,,
walker2d-medium-replay-v2,1,ensemble,9,16,1,4.846368394640036,9.993134756839106,0.07066213351871913,20000,20000,20,,
walker2d-medium-replay-v2,1,ensemble,9,17,1,5.023315182819777,10.219834168358933,0.07226514043048582,20000,20000,20,,
walker2d-medium-replay-v2,1,ensemble,9,18,1,5.18243124990877,10.302855266704247,0.07285218824670109,20000,20000,20,,
walker2d-medium-replay-v2,1,ensemble,9,19,1,5.424448817713744,11.123546330991086,0.07865535041486538,20000,20000,20,,
walker2d-medium-replay-v2,1,ensemble,9,20,1,5.604865953627682,12.141842681435916,0.08585579296143589,20000,20000,20,,
walker2d-medium-replay-v2,1,ensemble,9,21,1,5.880390431883029,12.43889729338647,0.08795628626636565,20000,20000,20,,
walker2d-medium-replay-v2,1,ensemble,9,22,1,6.197094435525734,14.232789767417371,0.10064102159743327,20000,20000,20,,
walker2d-medium-replay-v2,1,ensemble,9,23,1,6.464417711346019,14.204620899037517,0.10044183761893581,20000,20000,20,,
walker2d-medium-replay-v2,1,ensemble,9,24,1,6.6878354617335605,14.954049861021286,0.10574110062929899,20000,20000,20,,
walker2d-medium-replay-v2,1,ensemble,9,25,1,6.8919568757217435,17.666328653089597,0.1249198078926986,20000,20000,20,,
walker2d-medium-replay-v2,1,ensemble,9,26,1,7.2296066984124945,21.508071627172942,0.15208503297819967,20000,20000,20,,
walker2d-medium-replay-v2,1,ensemble,9,27,1,7.591888970434936,29.62304553471094,0.20946656376991982,20000,20000,20,,
walker2d-medium-replay-v2,1,ensemble,9,28,1,8.003524932487718,34.051087717038605,0.2407775503149595,20000,20000,20,,
walker2d-medium-replay-v2,1,ensemble,9,29,1,8.354265142598098,40.40120441866183,0.28567965612539686,20000,20000,20,,
walker2d-medium-replay-v2,1,ensemble,9,30,1,8.649459229812212,45.178569769048444,0.3194607304800371,20000,20000,20,,
walker2d-medium-replay-v2,1,ensemble,9,31,1,9.071845862763187,53.94352759583935,0.3814383416414166,20000,20000,20,,
walker2d-medium-replay-v2,1,ensemble,9,32,1,9.56070618265403,69.73237160330807,0.49308232828919374,20000,20000,20,,
walker2d-medium-replay-v2,1,ensemble,9,33,1,10.09121838149739,88.21927704726065,0.6238044903149275,20000,20000,20,,
walker2d-medium-replay-v2,1,ensemble,9,34,1,10.483800304785335,100.796377060096,0.7127380173823005,20000,20000,20,,
walker2d-medium-replay-v2,1,ensemble,9,35,1,10.770385842322495,95.53349306868967,0.675523807793085,20000,20000,20,,
walker2d-medium-replay-v2,1,ensemble,9,36,1,11.175128357407072,103.27189849303093,0.7302425973043096,20000,20000,20,,
walker2d-medium-replay-v2,1,ensemble,9,37,1,12.045693537778323,136.5339491975284,0.965440813397519,20000,20000,20,,
walker2d-medium-replay-v2,1,ensemble,9,38,1,13.189402133945196,228.04333589585255,1.6125098921635896,20000,20000,20,,
walker2d-medium-replay-v2,1,ensemble,9,39,1,14.21528613121814,265.0191761267415,1.873968565836909,20000,20000,20,,
walker2d-medium-replay-v2,1,ensemble,9,40,1,15.16223679563794,294.9186828922499,2.0853900057171493,20000,20000,20,,
walker2d-medium-replay-v2,1,ensemble,9,41,1,15.261706625116611,271.36691170098203,1.9188538345341546,20000,20000,20,,
walker2d-medium-replay-v2,1,ensemble,9,42,1,17.863112328929777,492.4948507220238,3.4824644864499943,20000,20000,20,,
walker2d-medium-replay-v2,1,ensemble,9,43,1,20.165310262373684,593.6284728357367,4.197587186475636,20000,20000,20,,
walker2d-medium-replay-v2,1,ensemble,9,44,1,23.21350355862125,763.171205639727,5.39643534714164,20000,20000,20,,
walker2d-medium-replay-v2,1,ensemble,9,45,1,27.865704464727187,1071.1587401387746,7.574236088793664,20000,20000,20,,
walker2d-medium-replay-v2,1,ensemble,9,46,1,31.58464502387049,1289.0999573368142,9.115313214601503,20000,20000,20,,
walker2d-medium-replay-v2,1,ensemble,9,47,1,34.11007993397408,1250.2423789785857,8.840548643025594,20000,20000,20,,
walker2d-medium-replay-v2,1,ensemble,9,48,1,37.71494399798972,1475.6784989620992,10.434622734672859,20000,20000,20,,
walker2d-medium-replay-v2,1,ensemble,9,49,1,41.65901257959183,1632.7809122895965,11.545504552719311,20000,20000,20,,
walker2d-medium-replay-v2,1,ensemble,9,50,1,40.99040924820438,1373.29211830698,9.71064169404904,20000,20000,20,,
walker2d-medium-replay-v2,1,ensemble,9,51,1,46.37268279552772,1576.114441071109,11.144812092074263,20000,20000,20,,
walker2d-medium-replay-v2,1,ensemble,9,52,1,46.765953093446264,1329.723029520534,9.402561712738892,20000,20000,20,,
walker2d-medium-replay-v2,1,ensemble,9,53,1,54.84719007691932,1661.25288353065,11.746831792102284,20000,20000,20,,
walker2d-medium-replay-v2,1,ensemble,9,54,1,63.780157852322596,1859.2633890496559,13.146977504088937,20000,20000,20,,
walker2d-medium-replay-v2,1,ensemble,9,55,1,75.86849382261568,2438.5608181997627,17.24322890884868,20000,20000,20,,
walker2d-medium-replay-v2,1,ensemble,9,56,1,96.3840322105617,3947.681015144582,27.914320157701276,20000,20000,20,,
walker2d-medium-replay-v2,1,ensemble,9,57,1,112.07414710682568,5205.210874561722,36.806399069085536,20000,20000,20,,
walker2d-medium-replay-v2,1,ensemble,9,58,1,111.93119336458484,4510.598533145699,31.894748099974176,20000,20000,20,,
walker2d-medium-replay-v2,1,ensemble,9,59,1,147.00470734175124,7858.421958905335,55.56743456567234,20000,20000,20,,
walker2d-medium-replay-v2,1,ensemble,9,60,1,182.5541918896243,11336.962234295925,80.16442873926441,20000,20000,20,,
walker2d-medium-replay-v2,1,ensemble,9,61,1,254.54724597891908,19118.53862510349,135.18848308187611,20000,20000,20,,
walker2d-medium-replay-v2,1,ensemble,9,62,1,271.43398300536063,18778.6089611942,132.78481737710888,20000,20000,20,,
walker2d-medium-replay-v2,1,ensemble,9,63,1,321.52533130949536,23286.232548379554,164.65852943246082,20000,20000,20,,
walker2d-medium-replay-v2,1,ensemble,9,64,1,324.89401472129134,19890.862146419793,140.64963507380241,20000,20000,20,,
walker2d-medium-replay-v2,1,ensemble,9,65,1,312.96736516741134,14617.725211112876,103.36292622299472,20000,20000,20,,
walker2d-medium-replay-v2,1,ensemble,9,66,1,335.6337825590996,13757.428050977216,97.27970666532018,20000,20000,20,,
walker2d-medium-replay-v2,1,ensemble,9,67,1,591.1408617539912,40286.75886792038,284.8704038753378,20000,20000,20,,
walker2d-medium-replay-v2,1,ensemble,9,68,1,1050.998643471204,96909.61935055662,685.2544900498565,20000,20000,20,,
walker2d-medium-replay-v2,1,ensemble,9,69,1,696.6484531005955,39274.22694337375,277.7107219751899,20000,20000,20,,
walker2d-medium-replay-v2,1,ensemble,9,70,1,774.0629451036574,40107.49002601684,283.6027817376833,20000,20000,20,,
walker2d-medium-replay-v2,1,ensemble,9,71,1,974.7807591003871,60074.464089854526,424.79060934083867,20000,20000,20,,
walker2d-medium-replay-v2,1,ensemble,9,72,1,932.5129325874975,47001.540045758156,332.35107692566663,20000,20000,20,,
walker2d-medium-replay-v2,1,ensemble,9,73,1,1000.5233402939979,38747.60946452503,273.98697407133693,20000,20000,20,,
walker2d-medium-replay-v2,1,ensemble,9,74,1,1285.9957909739146,56851.09203054016,401.9979269265543,20000,20000,20,,
walker2d-medium-replay-v2,1,ensemble,9,75,1,1154.9126952181275,35971.44453126953,254.35652357136436,20000,20000,20,,
walker2d-medium-replay-v2,1,ensemble,9,76,1,1487.198041697526,60245.240790264776,425.9981829701262,20000,20000,20,,
walker2d-medium-replay-v2,1,ensemble,9,77,1,1496.5596521629986,56219.97848379391,397.5352802405247,20000,20000,20,,
walker2d-medium-replay-v2,1,ensemble,9,78,1,1709.2214342251095,78597.65002848342,555.7693132046767,20000,20000,20,,
walker2d-medium-replay-v2,1,ensemble,9,79,1,2012.8487045471036,105776.72243925113,747.9543772848172,20000,20000,20,,
walker2d-medium-replay-v2,1,ensemble,9,80,1,2244.5059507163646,109110.93353278609,771.530810026277,20000,20000,20,,
walker2d-medium-replay-v2,1,ensemble,9,81,1,2395.486114241084,103078.77897613,728.8770361045084,20000,20000,20,,
walker2d-medium-replay-v2,1,ensemble,9,82,1,2302.419954708084,77959.6035965094,551.2576436170696,20000,20000,20,,
walker2d-medium-replay-v2,1,ensemble,9,83,1,3071.1873721594684,134052.882894912,947.8970253259843,20000,20000,20,,
walker2d-medium-replay-v2,1,ensemble,9,84,1,3998.420335806205,221017.96583909812,1562.83302408883,20000,20000,20,,
walker2d-medium-replay-v2,1,ensemble,9,85,1,5553.295593003273,393728.8642612681,2784.083498680204,20000,20000,20,,
walker2d-medium-replay-v2,1,ensemble,9,86,1,4848.4819344874595,260653.0717022514,1843.0955453776537,20000,20000,20,,
walker2d-medium-replay-v2,1,ensemble,9,87,1,5424.995943593193,276950.89750440913,1958.3385768106818,20000,20000,20,,
walker2d-medium-replay-v2,1,ensemble,9,88,1,5431.865913795721,208072.35407575718,1471.2937254441626,20000,20000,20,,
walker2d-medium-replay-v2,1,ensemble,9,89,1,6596.814454546254,289293.67772612214,2045.6152127453663,20000,20000,20,,
walker2d-medium-replay-v2,1,ensemble,9,90,1,6731.46749469392,271564.9953902214,1920.2544977331909,20000,20000,20,,
walker2d-medium-replay-v2,1,ensemble,9,91,1,5992.447206332422,183862.8984383427,1300.107022943656,20000,20000,20,,
walker2d-medium-replay-v2,1,ensemble,9,92,1,5909.1411977921125,129122.89487296354,913.0367457111021,20000,20000,20,,
walker2d-medium-replay-v2,1,ensemble,9,93,1,6677.538402161304,148527.2508387398,1050.2462625906824,20000,20000,20,,
walker2d-medium-replay-v2,1,ensemble,9,94,1,7485.594892051308,153325.92861248326,1084.178038536114,20000,20000,20,,
walker2d-medium-replay-v2,1,ensemble,9,95,1,8245.478941159927,162071.6296133949,1146.01948337586,20000,20000,20,,
walker2d-medium-replay-v2,1,ensemble,9,96,1,9683.984882653545,198397.4203615609,1402.881613075777,20000,20000,20,,
walker2d-medium-replay-v2,1,ensemble,9,97,1,11029.837493231764,233289.42337909449,1649.605332504572,20000,20000,20,,
walker2d-medium-replay-v2,1,ensemble,9,98,1,12403.650940845127,275004.20905376616,1944.5734107676099,20000,20000,20,,
walker2d-medium-replay-v2,1,ensemble,9,99,1,13900.359479081008,328157.6724664836,2320.4251549944456,20000,20000,20,,
walker2d-medium-replay-v2,1,ensemble,9,100,1,15974.917744112741,437187.06178993545,3091.3793603868553,20000,20000,20,,
walker2d-medium-replay-v2,1,ensemble,10,1,1,0.775906205260645,1.7181401833492282,0.012149085746753373,20000,20000,20,,
walker2d-medium-replay-v2,1,ensemble,10,2,1,1.1230610932200866,2.3727387691025004,0.016777796736165997,20000,20000,20,,
walker2d-medium-replay-v2,1,ensemble,10,3,1,1.4535532684001262,3.0788487274063505,0.021770748133966025,20000,20000,20,,
walker2d-medium-replay-v2,1,ensemble,10,4,1,1.723610571814484,3.6391179215618816,0.02573244959873901,20000,20000,20,,
walker2d-medium-replay-v2,1,ensemble,10,5,1,1.9852702043871402,3.9458532593348337,0.027901395972427016,20000,20000,20,,
walker2d-medium-replay-v2,1,ensemble,10,6,1,2.302931978958164,4.62501422458993,0.03270378921291781,20000,20000,20,,
walker2d-medium-replay-v2,1,ensemble,10,7,1,2.65966111397953,5.641991062824471,0.0398949013991708,20000,20000,20,,
walker2d-medium-replay-v2,1,ensemble,10,8,1,2.9249657780173317,6.217075606394557,0.04396136320431058,20000,20000,20,,
walker2d-medium-replay-v2,1,ensemble,10,9,1,3.249558980488912,7.026391099340995,0.049684087936128184,20000,20000,20,,
walker2d-medium-replay-v2,1,ensemble,10,10,1,3.560276240775695,7.959564817154497,0.05628262257503807,20000,20000,20,,
walker2d-medium-replay-v2,1,ensemble,10,11,1,3.795933225375019,8.100047225983799,0.05727598321424427,20000,20000,20,,
walker2d-medium-replay-v2,1,ensemble,10,12,1,4.029721619109363,8.442367665092998,0.05969655425257299,20000,20000,20,,
walker2d-medium-replay-v2,1,ensemble,10,13,1,4.254343059182153,9.031660805455056,0.06386348600914026,20000,20000,20,,
walker2d-medium-replay-v2,1,ensemble,10,14,1,4.453607548764374,9.309409439274207,0.06582746543352846,20000,20000,20,,
walker2d-medium-replay-v2,1,ensemble,10,15,1,4.626094437499172,9.871320122737732,0.06980077398051072,20000,20000,20,,
walker2d-medium-replay-v2,1,ensemble,10,16,1,4.888229947128314,10.21135821580621,0.07220520639521537,20000,20000,20,,
walker2d-medium-replay-v2,1,ensemble,10,17,1,5.061645510346523,10.658410574239516,0.07536634393715166,20000,20000,20,,
walker2d-medium-replay-v2,1,ensemble,10,18,1,5.215588602053269,10.531765095376887,0.07447082516804783,20000,20000,20,,
walker2d-medium-replay-v2,1,ensemble,10,19,1,5.506174790389767,11.192691587771035,0.07914428121442524,20000,20000,20,,
walker2d-medium-replay-v2,1,ensemble,10,20,1,5.73019189900078,11.993542213203687,0.0848071502940344,20000,20000,20,,
walker2d-medium-replay-v2,1,ensemble,10,21,1,5.975189385251969,12.321052731867344,0.08712299938060435,20000,20000,20,,
walker2d-medium-replay-v2,1,ensemble,10,22,1,6.199648815728817,13.5347914758246,0.09570542834501454,20000,20000,20,,
walker2d-medium-replay-v2,1,ensemble,10,23,1,6.423216201626223,13.536931612872042,0.09572056139920368,20000,20000,20,,
walker2d-medium-replay-v2,1,ensemble,10,24,1,6.685547573713898,14.230631477674228,0.10062576018430186,20000,20000,20,,
walker2d-medium-replay-v2,1,ensemble,10,25,1,6.966780476939051,15.88785486699079,0.11234409914956879,20000,20000,20,,
walker2d-medium-replay-v2,1,ensemble,10,26,1,7.248573926098721,18.102910246436867,0.12800690594466943,20000,20000,20,,
walker2d-medium-replay-v2,1,ensemble,10,27,1,7.617342651577905,22.04594562594974,0.15588837649778967,20000,20000,20,,
walker2d-medium-replay-v2,1,ensemble,10,28,1,7.900694482318667,26.254591992737687,0.1856480003535085,20000,20000,20,,
walker2d-medium-replay-v2,1,ensemble,10,29,1,8.245233380943219,28.570241257330395,0.20202211333193995,20000,20000,20,,
walker2d-medium-replay-v2,1,ensemble,10,30,1,8.523415905056515,30.898791664019207,0.21848745116098348,20000,20000,20,,
walker2d-medium-replay-v2,1,ensemble,10,31,1,8.84921430186165,34.533709729577666,0.24419020329312222,20000,20000,20,,
walker2d-medium-replay-v2,1,ensemble,10,32,1,9.22169186618672,46.100175191885675,0.3259774649207021,20000,20000,20,,
walker2d-medium-replay-v2,1,ensemble,10,33,1,9.962740755313547,69.04810512623233,0.4882438336284049,20000,20000,20,,
walker2d-medium-replay-v2,1,ensemble,10,34,1,10.574710923029842,84.94517566825876,0.6006530974410829,20000,20000,20,,
walker2d-medium-replay-v2,1,ensemble,10,35,1,11.054330404896751,89.01344369402203,0.629420096528099,20000,20000,20,,
walker2d-medium-replay-v2,1,ensemble,10,36,1,11.694987398562196,96.93165470394787,0.6854103035279444,20000,20000,20,,
walker2d-medium-replay-v2,1,ensemble,10,37,1,12.346942261724278,104.36495178713773,0.7379716512689217,20000,20000,20,,
walker2d-medium-replay-v2,1,ensemble,10,38,1,13.186521496868203,121.43793597344201,0.8586958802011863,20000,20000,20,,
walker2d-medium-replay-v2,1,ensemble,10,39,1,14.11735132380498,153.2388819216537,1.0835625254824597,20000,20000,20,,
walker2d-medium-replay-v2,1,ensemble,10,40,1,14.921054486389892,159.55451099099474,1.128220766906359,20000,20000,20,,
walker2d-medium-replay-v2,1,ensemble,10,41,1,15.856346836537819,178.3372777280919,1.2610349841988242,20000,20000,20,,
walker2d-medium-replay-v2,1,ensemble,10,42,1,16.605623853027314,168.17560661345453,1.189181118665349,20000,20000,20,,
walker2d-medium-replay-v2,1,ensemble,10,43,1,19.881744639284047,399.87389711971343,2.8275354427284123,20000,20000,20,,
walker2d-medium-replay-v2,1,ensemble,10,44,1,21.875019373721596,434.69971036556115,3.073791129793164,20000,20000,20,,
walker2d-medium-replay-v2,1,ensemble,10,45,1,23.621258950185993,391.61914656726236,2.7691655418019967,20000,20000,20,,
walker2d-medium-replay-v2,1,ensemble,10,46,1,25.164700490551734,402.01932759201713,2.8427059270837143,20000,20000,20,,
walker2d-medium-replay-v2,1,ensemble,10,47,1,26.381688277063287,400.3351162116712,2.8307967542037726,20000,20000,20,,
walker2d-medium-replay-v2,1,ensemble,10,48,1,29.163794227971202,465.8113660027094,3.2937837565428465,20000,20000,20,,
walker2d-medium-replay-v2,1,ensemble,10,49,1,33.226208812797154,569.5819860151231,4.0275528475299485,20000,20000,20,,
walker2d-medium-replay-v2,1,ensemble,10,50,1,36.874416889886085,649.1685131279893,4.590314577655895,20000,20000,20,,
walker2d-medium-replay-v2,1,ensemble,10,51,1,42.01298016933487,882.9980772352824,6.2437392818775095,20000,20000,20,,
walker2d-medium-replay-v2,1,ensemble,10,52,1,51.74997323063013,1221.4694878328473,8.637093578590655,20000,20000,20,,
walker2d-medium-replay-v2,1,ensemble,10,53,1,56.67698787469835,1310.5304492456494,9.266849676130512,20000,20000,20,,
walker2d-medium-replay-v2,1,ensemble,10,54,1,63.49768917760175,1475.843442465811,10.435789061372732,20000,20000,20,,
walker2d-medium-replay-v2,1,ensemble,10,55,1,65.10333491153744,1375.7386044376321,9.72794096337967,20000,20000,20,,
walker2d-medium-replay-v2,1,ensemble,10,56,1,72.80077259402381,1568.1039739876333,11.08816953612229,20000,20000,20,,
walker2d-medium-replay-v2,1,ensemble,10,57,1,83.29579721945554,1899.4397213837556,13.4310670744554,20000,20000,20,,
walker2d-medium-replay-v2,1,ensemble,10,58,1,100.56878611465783,2760.2252068596827,19.517739613725226,20000,20000,20,,
walker2d-medium-replay-v2,1,ensemble,10,59,1,127.72496320535541,4328.9568615759,30.610347522843533,20000,20000,20,,
walker2d-medium-replay-v2,1,ensemble,10,60,1,139.02239758546824,4220.787351718546,29.845473583465935,20000,20000,20,,
walker2d-medium-replay-v2,1,ensemble,10,61,1,164.76184269223305,5196.341135303937,36.74368054132017,20000,20000,20,,
walker2d-medium-replay-v2,1,ensemble,10,62,1,195.26013024576645,5827.083853865867,41.20370507611196,20000,20000,20,,
walker2d-medium-replay-v2,1,ensemble,10,63,1,229.4565044621626,7110.001984695274,50.27530617627839,20000,20000,20,,
walker2d-medium-replay-v2,1,ensemble,10,64,1,287.06192683762805,9808.8556406201,69.3590833916239,20000,20000,20,,
walker2d-medium-replay-v2,1,ensemble,10,65,1,304.9177651600755,10269.369509583215,72.61540818736661,20000,20000,20,,
walker2d-medium-replay-v2,1,ensemble,10,66,1,374.77224450176385,13636.395452495683,96.42387695401096,20000,20000,20,,
walker2d-medium-replay-v2,1,ensemble,10,67,1,492.7208856374233,22621.69087609033,159.95951020389325,20000,20000,20,,
walker2d-medium-replay-v2,1,ensemble,10,68,1,493.642050197046,18823.056576353618,133.0991094779768,20000,20000,20,,
walker2d-medium-replay-v2,1,ensemble,10,69,1,568.5017606435338,24436.53064942468,172.792365308811,20000,20000,20,,
walker2d-medium-replay-v2,1,ensemble,10,70,1,609.6897635962484,27868.540145101655,197.0603371837091,20000,20000,20,,
walker2d-medium-replay-v2,1,ensemble,10,71,1,627.0492124447399,25929.254490626725,183.34751681433895,20000,20000,20,,
walker2d-medium-replay-v2,1,ensemble,10,72,1,628.3076924151188,20409.015495185828,144.31353253987223,20000,20000,20,,
walker2d-medium-replay-v2,1,ensemble,10,73,1,770.0709258655777,30190.213768603087,213.47704881250718,20000,20000,20,,
walker2d-medium-replay-v2,1,ensemble,10,74,1,871.0844458630635,32809.70633400541,231.99965837514443,20000,20000,20,,
walker2d-medium-replay-v2,1,ensemble,10,75,1,895.6902829077128,30021.00029530257,212.28052886811793,20000,20000,20,,
walker2d-medium-replay-v2,1,ensemble,10,76,1,1030.1641474097546,38152.45099476124,269.7785681728311,20000,20000,20,,
walker2d-medium-replay-v2,1,ensemble,10,77,1,1103.795003483422,34728.33565256483,245.56641639251134,20000,20000,20,,
walker2d-medium-replay-v2,1,ensemble,10,78,1,1245.4163826392269,42465.35355620238,300.2753946507498,20000,20000,20,,
walker2d-medium-replay-v2,1,ensemble,10,79,1,1557.4732228844844,71194.20443566579,503.4190473764066,20000,20000,20,,
walker2d-medium-replay-v2,1,ensemble,10,80,1,1772.6966053047388,80381.81238500442,568.3852462150144,20000,20000,20,,
walker2d-medium-replay-v2,1,ensemble,10,81,1,2120.489777429925,98168.86693367663,694.1587151020258,20000,20000,20,,
walker2d-medium-replay-v2,1,ensemble,10,82,1,2126.9871348323454,79107.46807000668,559.374271148,20000,20000,20,,
walker2d-medium-replay-v2,1,ensemble,10,83,1,2807.700072046515,125103.87759326244,884.6180019892764,20000,20000,20,,
walker2d-medium-replay-v2,1,ensemble,10,84,1,3462.757683452148,167491.41546134534,1184.3431566325064,20000,20000,20,,
walker2d-medium-replay-v2,1,ensemble,10,85,1,4041.166294804503,180212.49621629537,1274.294781290975,20000,20000,20,,
walker2d-medium-replay-v2,1,ensemble,10,86,1,4215.704279709981,179916.45394043543,1272.2014462831903,20000,20000,20,,
walker2d-medium-replay-v2,1,ensemble,10,87,1,4608.670374529472,192468.40478243612,1360.957141858179,20000,20000,20,,
walker2d-medium-replay-v2,1,ensemble,10,88,1,5060.359211905796,212313.6283843563,1501.2840636889898,20000,20000,20,,
walker2d-medium-replay-v2,1,ensemble,10,89,1,5727.033886190383,226445.86817682986,1601.214089595114,20000,20000,20,,
walker2d-medium-replay-v2,1,ensemble,10,90,1,6974.4135020839485,271303.44199335546,1918.4050359275277,20000,20000,20,,
walker2d-medium-replay-v2,1,ensemble,10,91,1,8064.7723213014215,317901.36206508055,2247.9020886465833,20000,20000,20,,
walker2d-medium-replay-v2,1,ensemble,10,92,1,8603.305700099389,317901.21823131485,2247.9010715882723,20000,20000,20,,
walker2d-medium-replay-v2,1,ensemble,10,93,1,9607.791790827996,339890.66886009596,2403.3899681300513,20000,20000,20,,
walker2d-medium-replay-v2,1,ensemble,10,94,1,10930.869914841875,354464.01091661525,2506.4390580572103,20000,20000,20,,
walker2d-medium-replay-v2,1,ensemble,10,95,1,12196.604206989061,371543.62486475246,2627.210166484972,20000,20000,20,,
walker2d-medium-replay-v2,1,ensemble,10,96,1,14459.938216955155,450625.515398175,3186.403577137325,20000,20000,20,,
walker2d-medium-replay-v2,1,ensemble,10,97,1,16852.75955598701,539599.3194217172,3815.5433788674213,20000,20000,20,,
walker2d-medium-replay-v2,1,ensemble,10,98,1,21407.668642934666,782927.4021773073,5536.132752563413,20000,20000,20,,
walker2d-medium-replay-v2,1,ensemble,10,99,1,27372.10043525281,1106325.1791319174,7822.900363616007,20000,20000,20,,
walker2d-medium-replay-v2,1,ensemble,10,100,1,33893.925787452725,1509387.7666525182,10672.983252400138,20000,20000,20,,
walker2d-medium-replay-v2,1,ensemble,11,1,1,0.7531467506686268,1.6319150475337234,0.011539381964314628,20000,20000,20,,
walker2d-medium-replay-v2,1,ensemble,11,2,1,1.1383075815037649,2.4112929747973793,0.017050416139067097,20000,20000,20,,
walker2d-medium-replay-v2,1,ensemble,11,3,1,1.4503785810010306,3.1339230594600624,0.02216018247061102,20000,20000,20,,
walker2d-medium-replay-v2,1,ensemble,11,4,1,1.724939771492027,3.6391764564711626,0.025732863503051897,20000,20000,20,,
walker2d-medium-replay-v2,1,ensemble,11,5,1,2.002854767611517,4.241589089294675,0.029992564080471372,20000,20000,20,,
walker2d-medium-replay-v2,1,ensemble,11,6,1,2.3145500183238386,4.768101152650878,0.03371556658422829,20000,20000,20,,
walker2d-medium-replay-v2,1,ensemble,11,7,1,2.6128636903072855,5.340880130830824,0.037765725580149706,20000,20000,20,,
walker2d-medium-replay-v2,1,ensemble,11,8,1,2.9025831803232425,5.951230587672977,0.04208155504948364,20000,20000,20,,
walker2d-medium-replay-v2,1,ensemble,11,9,1,3.17241791637965,6.477570260641618,0.04580333856912,20000,20000,20,,
walker2d-medium-replay-v2,1,ensemble,11,10,1,3.425993575854219,6.781808986080154,0.04795463122769141,20000,20000,20,,
walker2d-medium-replay-v2,1,ensemble,11,11,1,3.7231366471407075,7.4048886534159335,0.052360469807617285,20000,20000,20,,
walker2d-medium-replay-v2,1,ensemble,11,12,1,3.8676692330985314,7.689017486503396,0.05436956405368494,20000,20000,20,,
walker2d-medium-replay-v2,1,ensemble,11,13,1,4.070833173942664,7.989041058081722,0.05649105107347336,20000,20000,20,,
walker2d-medium-replay-v2,1,ensemble,11,14,1,4.319575730533174,8.563775468536159,0.06055503706360921,20000,20000,20,,
walker2d-medium-replay-v2,1,ensemble,11,15,1,4.530957201677322,8.57559426827163,0.06063860859799358,20000,20000,20,,
walker2d-medium-replay-v2,1,ensemble,11,16,1,4.757858313562717,9.124167826539319,0.06451760942830075,20000,20000,20,,
walker2d-medium-replay-v2,1,ensemble,11,17,1,4.988798674291847,9.865760949441693,0.06976146468915652,20000,20000,20,,
walker2d-medium-replay-v2,1,ensemble,11,18,1,5.218226689562091,10.347355553176033,0.07316685278999052,20000,20000,20,,
walker2d-medium-replay-v2,1,ensemble,11,19,1,5.447055817766118,10.825448878807261,0.07654748311592922,20000,20000,20,,
walker2d-medium-replay-v2,1,ensemble,11,20,1,5.659856519336528,11.088506623629138,0.07840758226800111,20000,20000,20,,
walker2d-medium-replay-v2,1,ensemble,11,21,1,5.800948777257396,10.90010282888815,0.0770753662593748,20000,20000,20,,
walker2d-medium-replay-v2,1,ensemble,11,22,1,5.983862170421064,11.43421085463503,0.08085208032829258,20000,20000,20,,
walker2d-medium-replay-v2,1,ensemble,11,23,1,6.209403061796227,12.143193613905458,0.08586534549653728,20000,20000,20,,
walker2d-medium-replay-v2,1,ensemble,11,24,1,6.428414655090183,12.298050436447888,0.08696034858986482,20000,20000,20,,
walker2d-medium-replay-v2,1,ensemble,11,25,1,6.662861158850514,13.0067982080265,0.09197195214420573,20000,20000,20,,
walker2d-medium-replay-v2,1,ensemble,11,26,1,6.821071924644833,13.710219839884845,0.09694589420340916,20000,20000,20,,
walker2d-medium-replay-v2,1,ensemble,11,27,1,7.09965373149211,14.50126517230721,0.10253942939122737,20000,20000,20,,
walker2d-medium-replay-v2,1,ensemble,11,28,1,7.385339065735131,15.215331051978902,0.10758863764852528,20000,20000,20,,
walker2d-medium-replay-v2,1,ensemble,11,29,1,7.701525685241895,17.458254836954143,0.12344850382893117,20000,20000,20,,
walker2d-medium-replay-v2,1,ensemble,11,30,1,7.975099999160102,20.91224929763307,0.1478719328821996,20000,20000,20,,
walker2d-medium-replay-v2,1,ensemble,11,31,1,8.30053139439796,22.528468547560497,0.1593003287972788,20000,20000,20,,
walker2d-medium-replay-v2,1,ensemble,11,32,1,8.614150372321657,26.11934145994323,0.18469163466452795,20000,20000,20,,
walker2d-medium-replay-v2,1,ensemble,11,33,1,9.041831170336366,34.27719645632119,0.24237638054328212,20000,20000,20,,
walker2d-medium-replay-v2,1,ensemble,11,34,1,9.453334010504793,41.60389781792416,0.2941839827084638,20000,20000,20,,
walker2d-medium-replay-v2,1,ensemble,11,35,1,9.97666284077497,53.53530590015915,0.37855177834898723,20000,20000,20,,
walker2d-medium-replay-v2,1,ensemble,11,36,1,10.459345872362697,63.60156101910707,0.4497309509066059,20000,20000,20,,
walker2d-medium-replay-v2,1,ensemble,11,37,1,11.03391091117458,70.56575238510362,0.4989752203103756,20000,20000,20,,
walker2d-medium-replay-v2,1,ensemble,11,38,1,11.566195087224717,70.33528631065316,0.4973455790696019,20000,20000,20,,
walker2d-medium-replay-v2,1,ensemble,11,39,1,12.272680495700826,79.55779478385654,0.5625585618791269,20000,20000,20,,
walker2d-medium-replay-v2,1,ensemble,11,40,1,13.084148332682801,90.6963878762651,0.6413203089643243,20000,20000,20,,
walker2d-medium-replay-v2,1,ensemble,11,41,1,14.200883204589749,127.62891183825647,0.9024726903629118,20000,20000,20,,
walker2d-medium-replay-v2,1,ensemble,11,42,1,16.04352218717101,236.6160759607118,1.6731283184957055,20000,20000,20,,
walker2d-medium-replay-v2,1,ensemble,11,43,1,15.994993468128067,165.51592703423003,1.1703743440028185,20000,20000,20,,
walker2d-medium-replay-v2,1,ensemble,11,44,1,17.582298228484664,218.92384648243157,1.5480253641117006,20000,20000,20,,
walker2d-medium-replay-v2,1,ensemble,11,45,1,19.15544004675493,257.57205191374663,1.8213094455234369,20000,20000,20,,
walker2d-medium-replay-v2,1,ensemble,11,46,1,21.036664768433997,313.2892607808926,2.2152896077108983,20000,20000,20,,
walker2d-medium-replay-v2,1,ensemble,11,47,1,26.194735815318573,757.779534447997,5.358310474525636,20000,20000,20,,
walker2d-medium-replay-v2,1,ensemble,11,48,1,27.620048219109258,712.5809390065286,5.03870814115794,20000,20000,20,,
walker2d-medium-replay-v2,1,ensemble,11,49,1,29.225724130471388,616.7362606980818,4.360983921432481,20000,20000,20,,
walker2d-medium-replay-v2,1,ensemble,11,50,1,33.285848794739714,707.9654411829796,5.006071643062107,20000,20000,20,,
walker2d-medium-replay-v2,1,ensemble,11,51,1,39.87112189097357,1122.061585811113,7.934173562359692,20000,20000,20,,
walker2d-medium-replay-v2,1,ensemble,11,52,1,41.61223787792856,954.8914896989702,6.7521024766346605,20000,20000,20,,
walker2d-medium-replay-v2,1,ensemble,11,53,1,44.74305822087245,1158.8401527903554,8.194237303493152,20000,20000,20,,
walker2d-medium-replay-v2,1,ensemble,11,54,1,54.8051959195132,1663.1705679276517,11.76039186851524,20000,20000,20,,
walker2d-medium-replay-v2,1,ensemble,11,55,1,64.61975272119311,2161.9075730507534,15.28699505202739,20000,20000,20,,
walker2d-medium-replay-v2,1,ensemble,11,56,1,77.01465414676267,2872.278083429781,20.31007310246698,20000,20000,20,,
walker2d-medium-replay-v2,1,ensemble,11,57,1,89.5086428680754,3104.328254993982,21.950915601352463,20000,20000,20,,
walker2d-medium-replay-v2,1,ensemble,11,58,1,99.25520811360067,3240.654244507389,22.914885917721428,20000,20000,20,,
walker2d-medium-replay-v2,1,ensemble,11,59,1,109.18238361382696,3203.071522315909,22.64913594055097,20000,20000,20,,
walker2d-medium-replay-v2,1,ensemble,11,60,1,143.06384343935792,5120.632976705735,36.208343017960814,20000,20000,20,,
walker2d-medium-replay-v2,1,ensemble,11,61,1,168.76516979587043,7285.658829953618,51.5173876407185,20000,20000,20,,
walker2d-medium-replay-v2,1,ensemble,11,62,1,189.1621552984159,8592.637232620793,60.759120554621724,20000,20000,20,,
walker2d-medium-replay-v2,1,ensemble,11,63,1,206.7659602340473,8893.209752179278,62.88448922280303,20000,20000,20,,
walker2d-medium-replay-v2,1,ensemble,11,64,1,200.82176571167383,6335.4125580923155,44.79813181441488,20000,20000,20,,
walker2d-medium-replay-v2,1,ensemble,11,65,1,214.65758016113713,6417.959581439949,45.38182741417364,20000,20000,20,,
walker2d-medium-replay-v2,1,ensemble,11,66,1,237.14764980399804,7150.576045876783,50.56220811429562,20000,20000,20,,
walker2d-medium-replay-v2,1,ensemble,11,67,1,250.53689502753932,6790.8328929462305,48.0184398850694,20000,20000,20,,
walker2d-medium-replay-v2,1,ensemble,11,68,1,303.209135186101,9103.624336207009,64.37234501506859,20000,20000,20,,
walker2d-medium-replay-v2,1,ensemble,11,69,1,324.2338902764791,9039.849999935617,63.92139235863686,20000,20000,20,,
walker2d-medium-replay-v2,1,ensemble,11,70,1,390.0001388104414,12947.819351033117,91.5549086469392,20000,20000,20,,
walker2d-medium-replay-v2,1,ensemble,11,71,1,506.0445820754439,19898.218730748387,140.7016539804536,20000,20000,20,,
walker2d-medium-replay-v2,1,ensemble,11,72,1,545.1887170441811,20652.98206179831,146.03863667621707,20000,20000,20,,
walker2d-medium-replay-v2,1,ensemble,11,73,1,597.2386007104175,20211.480598191265,142.9167498880138,20000,20000,20,,
walker2d-medium-replay-v2,1,ensemble,11,74,1,645.6957316785561,20926.177894623615,147.9704229360439,20000,20000,20,,
walker2d-medium-replay-v2,1,ensemble,11,75,1,851.6130969004463,34702.07720824464,245.3807411520892,20000,20000,20,,
walker2d-medium-replay-v2,1,ensemble,11,76,1,1062.5375571851573,47804.89224359847,338.0316347934067,20000,20000,20,,
walker2d-medium-replay-v2,1,ensemble,11,77,1,1240.7868751978249,55958.4311212139,395.6858611037069,20000,20000,20,,
walker2d-medium-replay-v2,1,ensemble,11,78,1,1421.086213527858,47206.20707125996,333.7982913418427,20000,20000,20,,
walker2d-medium-replay-v2,1,ensemble,11,79,1,1645.3096590189068,55641.82261261879,393.44710086961726,20000,20000,20,,
walker2d-medium-replay-v2,1,ensemble,11,80,1,1852.4899795653787,60108.1126645625,425.0285406943714,20000,20000,20,,
walker2d-medium-replay-v2,1,ensemble,11,81,1,1944.6991355673756,49037.4321709958,346.7470082008649,20000,20000,20,,
walker2d-medium-replay-v2,1,ensemble,11,82,1,2314.8815749823907,61779.782486563716,436.8490313647911,20000,20000,20,,
walker2d-medium-replay-v2,1,ensemble,11,83,1,3027.385712716242,90927.69036006604,642.9558645123336,20000,20000,20,,
walker2d-medium-replay-v2,1,ensemble,11,84,1,3668.5762868350366,116393.53821694673,823.0266015949861,20000,20000,20,,
walker2d-medium-replay-v2,1,ensemble,11,85,1,4216.956590890547,145814.9777593796,1031.0675957222293,20000,20000,20,,
walker2d-medium-replay-v2,1,ensemble,11,86,1,4929.801980394636,174960.8002166122,1237.1596827499125,20000,20000,20,,
walker2d-medium-replay-v2,1,ensemble,11,87,1,5529.697582555488,226196.83474548088,1599.453157314624,20000,20000,20,,
walker2d-medium-replay-v2,1,ensemble,11,88,1,6050.422186650692,268064.3850882313,1895.5014449049038,20000,20000,20,,
walker2d-medium-replay-v2,1,ensemble,11,89,1,7024.251279658957,301605.9854821419,2132.6763758087395,20000,20000,20,,
walker2d-medium-replay-v2,1,ensemble,11,90,1,9077.618782120671,467151.33413297177,3303.25876205767,20000,20000,20,,
walker2d-medium-replay-v2,1,ensemble,11,91,1,9866.65585247264,422542.7542198039,2987.82846850064,20000,20000,20,,
walker2d-medium-replay-v2,1,ensemble,11,92,1,11010.879180733391,418879.5035216435,2961.9253744020843,20000,20000,20,,
walker2d-medium-replay-v2,1,ensemble,11,93,1,13221.488659208526,537020.377594662,3797.307506325458,20000,20000,20,,
walker2d-medium-replay-v2,1,ensemble,11,94,1,20536.385117401478,1098748.1028681367,7769.322343539137,20000,20000,20,,
walker2d-medium-replay-v2,1,ensemble,11,95,1,23838.406526651514,1195190.4193483794,8451.272503304324,20000,20000,20,,
walker2d-medium-replay-v2,1,ensemble,11,96,1,24685.160421417033,1236750.9292146575,8745.14968686448,20000,20000,20,,
walker2d-medium-replay-v2,1,ensemble,11,97,1,36047.21601713413,2494300.992565755,17637.371461635816,20000,20000,20,,
walker2d-medium-replay-v2,1,ensemble,11,98,1,44062.62872759622,3216762.1615311666,22745.94337882984,20000,20000,20,,
walker2d-medium-replay-v2,1,ensemble,11,99,1,59218.353068788936,4879433.165689719,34502.802798057426,20000,20000,20,,
walker2d-medium-replay-v2,1,ensemble,11,100,1,61142.4942070786,4825413.492798474,34120.82602786864,20000,20000,20,,
walker2d-medium-replay-v2,1,ensemble,12,1,1,0.7609659218405074,1.6631669911621674,0.011760366576963952,20000,20000,20,,
walker2d-medium-replay-v2,1,ensemble,12,2,1,1.1578149970084182,2.450566027587195,0.017328118558522856,20000,20000,20,,
walker2d-medium-replay-v2,1,ensemble,12,3,1,1.4824734408593017,3.0981471445846545,0.021907208550495483,20000,20000,20,,
walker2d-medium-replay-v2,1,ensemble,12,4,1,1.7182046248993632,3.582918836092647,0.025335062054421226,20000,20000,20,,
walker2d-medium-replay-v2,1,ensemble,12,5,1,2.059334288367687,4.213465207766079,0.029793698207049798,20000,20000,20,,
walker2d-medium-replay-v2,1,ensemble,12,6,1,2.371917548902622,4.771909471599744,0.03374249546576494,20000,20000,20,,
walker2d-medium-replay-v2,1,ensemble,12,7,1,2.6538805655879387,5.300140543733179,0.03747765319715486,20000,20000,20,,
walker2d-medium-replay-v2,1,ensemble,12,8,1,2.9493607279783793,5.8731198803571525,0.04152922894122067,20000,20000,20,,
walker2d-medium-replay-v2,1,ensemble,12,9,1,3.2294642836721152,6.605403616577147,0.04670725689755846,20000,20000,20,,
walker2d-medium-replay-v2,1,ensemble,12,10,1,3.5337027577232045,7.383310874244222,0.052207891867864654,20000,20000,20,,
walker2d-medium-replay-v2,1,ensemble,12,11,1,3.801781598824382,7.825257272431793,0.055332924818658674,20000,20000,20,,
walker2d-medium-replay-v2,1,ensemble,12,12,1,4.040963737654083,8.193258758723655,0.05793508828309571,20000,20000,20,,
walker2d-medium-replay-v2,1,ensemble,12,13,1,4.272719078901661,8.810823266250901,0.06230192879402218,20000,20000,20,,
walker2d-medium-replay-v2,1,ensemble,12,14,1,4.483778010572047,9.149984296480456,0.06470015943791751,20000,20000,20,,
walker2d-medium-replay-v2,1,ensemble,12,15,1,4.699361946063564,9.613557699848108,0.06797811840890745,20000,20000,20,,
walker2d-medium-replay-v2,1,ensemble,12,16,1,4.899483114062487,10.166541052507917,0.07188830119439768,20000,20000,20,,
walker2d-medium-replay-v2,1,ensemble,12,17,1,5.037122530010353,10.376392190429241,0.0733721728210365,20000,20000,20,,
walker2d-medium-replay-v2,1,ensemble,12,18,1,5.251188183167157,10.985033600882703,0.07767591750746237,20000,20000,20,,
walker2d-medium-replay-v2,1,ensemble,12,19,1,5.479148295988203,11.492704782913826,0.08126569486173435,20000,20000,20,,
walker2d-medium-replay-v2,1,ensemble,12,20,1,5.73993582622759,12.557389690370124,0.08879415404062754,20000,20000,20,,
walker2d-medium-replay-v2,1,ensemble,12,21,1,5.896385081731938,12.349578333643525,0.08732470584513799,20000,20000,20,,
walker2d-medium-replay-v2,1,ensemble,12,22,1,6.100140881556179,13.07608672612545,0.09246189595426707,20000,20000,20,,
walker2d-medium-replay-v2,1,ensemble,12,23,1,6.395011441010847,14.260276122778876,0.10083537948009551,20000,20000,20,,
walker2d-medium-replay-v2,1,ensemble,12,24,1,6.59783626277781,15.589621945546527,0.11023527393830568,20000,20000,20,,
walker2d-medium-replay-v2,1,ensemble,12,25,1,6.871304998689293,17.290019058018316,0.12225889722769394,20000,20000,20,,
walker2d-medium-replay-v2,1,ensemble,12,26,1,7.15568366830385,19.694032629321278,0.13925784021102208,20000,20000,20,,
walker2d-medium-replay-v2,1,ensemble,12,27,1,7.489095519506432,27.385702516697048,0.19364615957113981,20000,20000,20,,
walker2d-medium-replay-v2,1,ensemble,12,28,1,7.827327591518414,36.421951251981376,0.25754208714321897,20000,20000,20,,
walker2d-medium-replay-v2,1,ensemble,12,29,1,7.985870537325936,29.98728407116995,0.21204211916091611,20000,20000,20,,
walker2d-medium-replay-v2,1,ensemble,12,30,1,8.223337237586872,28.917746392265485,0.20447934570603743,20000,20000,20,,
walker2d-medium-replay-v2,1,ensemble,12,31,1,8.70313750093596,40.0445773220189,0.283157921741486,20000,20000,20,,
walker2d-medium-replay-v2,1,ensemble,12,32,1,9.06859844780498,37.806272135202725,0.2673307139818586,20000,20000,20,,
walker2d-medium-replay-v2,1,ensemble,12,33,1,9.578867962318416,46.0034805672233,0.32529373067267153,20000,20000,20,,
walker2d-medium-replay-v2,1,ensemble,12,34,1,9.974169543576656,47.38187437711039,0.3350404467738388,20000,20000,20,,
walker2d-medium-replay-v2,1,ensemble,12,35,1,10.644502322679328,75.00378256568378,0.5303568326683634,20000,20000,20,,
walker2d-medium-replay-v2,1,ensemble,12,36,1,11.217853889448001,91.80871750087053,0.6491856671690561,20000,20000,20,,
walker2d-medium-replay-v2,1,ensemble,12,37,1,12.432782796068933,180.95157501328913,1.2795208575828296,20000,20000,20,,
walker2d-medium-replay-v2,1,ensemble,12,38,1,12.792448186960439,152.94694046236003,1.0814981876266991,20000,20000,20,,
walker2d-medium-replay-v2,1,ensemble,12,39,1,13.731827653256518,163.18433114395074,1.153887471352787,20000,20000,20,,
walker2d-medium-replay-v2,1,ensemble,12,40,1,15.506401706120835,272.34573076221875,1.925775130491706,20000,20000,20,,
walker2d-medium-replay-v2,1,ensemble,12,41,1,16.86375580497297,369.8828541518896,2.6154667441543586,20000,20000,20,,
walker2d-medium-replay-v2,1,ensemble,12,42,1,17.95830690628334,368.5321595060615,2.6059158907205844,20000,20000,20,,
walker2d-medium-replay-v2,1,ensemble,12,43,1,19.27949867045787,338.5073942895966,2.3936087398396215,20000,20000,20,,
walker2d-medium-replay-v2,1,ensemble,12,44,1,21.46834958935171,398.5066581706792,2.8178676034047676,20000,20000,20,,
walker2d-medium-replay-v2,1,ensemble,12,45,1,24.8337814288258,590.9553790888212,4.178685559323723,20000,20000,20,,
walker2d-medium-replay-v2,1,ensemble,12,46,1,27.13139923423152,640.5378745569915,4.5292867470606675,20000,20000,20,,
walker2d-medium-replay-v2,1,ensemble,12,47,1,30.487910876184078,713.6353456821678,5.046163922262668,20000,20000,20,,
walker2d-medium-replay-v2,1,ensemble,12,48,1,31.15595698007875,673.555580568446,4.762757185259901,20000,20000,20,,
walker2d-medium-replay-v2,1,ensemble,12,49,1,37.46558682776566,944.3806619198452,6.677779700649629,20000,20000,20,,
walker2d-medium-replay-v2,1,ensemble,12,50,1,44.09513618543118,1316.7470028562113,9.310807348266893,20000,20000,20,,
walker2d-medium-replay-v2,1,ensemble,12,51,1,50.23252857339549,1617.078150913242,11.434469262193566,20000,20000,20,,
walker2d-medium-replay-v2,1,ensemble,12,52,1,70.0865423904904,3179.918491260766,22.485419287909828,20000,20000,20,,
walker2d-medium-replay-v2,1,ensemble,12,53,1,78.33007225589512,3104.3477783380836,21.95105365224252,20000,20000,20,,
walker2d-medium-replay-v2,1,ensemble,12,54,1,77.07338374781045,2201.3207959063243,15.565688623523299,20000,20000,20,,
walker2d-medium-replay-v2,1,ensemble,12,55,1,95.69832448395623,3155.0202297027586,22.309361992035594,20000,20000,20,,
walker2d-medium-replay-v2,1,ensemble,12,56,1,107.15269084700928,3348.0024716151597,23.67395251108401,20000,20000,20,,
walker2d-medium-replay-v2,1,ensemble,12,57,1,139.82037817770296,5197.143722891053,36.74935569257362,20000,20000,20,,
walker2d-medium-replay-v2,1,ensemble,12,58,1,151.339304628661,5123.490840473242,36.22855116645793,20000,20000,20,,
walker2d-medium-replay-v2,1,ensemble,12,59,1,182.59363980615464,6773.547313584192,47.89621238123304,20000,20000,20,,
walker2d-medium-replay-v2,1,ensemble,12,60,1,201.39801507651154,7746.102963740793,54.77321933430328,20000,20000,20,,
walker2d-medium-replay-v2,1,ensemble,12,61,1,210.26340495938453,7170.679505525808,50.70436104072698,20000,20000,20,,
walker2d-medium-replay-v2,1,ensemble,12,62,1,303.32024533088315,15490.297706749556,109.53294551041037,20000,20000,20,,
walker2d-medium-replay-v2,1,ensemble,12,63,1,363.139590678191,16266.615469619699,115.02234105522085,20000,20000,20,,
walker2d-medium-replay-v2,1,ensemble,12,64,1,525.5780446208746,29339.030158662456,207.4582717862685,20000,20000,20,,
walker2d-medium-replay-v2,1,ensemble,12,65,1,669.4642685551929,38487.03465278517,272.1444319074604,20000,20000,20,,
walker2d-medium-replay-v2,1,ensemble,12,66,1,725.1842475787706,38240.46443953841,270.40091720920634,20000,20000,20,,
walker2d-medium-replay-v2,1,ensemble,12,67,1,737.1600525259446,35123.491559871974,248.3605906093394,20000,20000,20,,
walker2d-medium-replay-v2,1,ensemble,12,68,1,940.0346004965293,49191.25137079569,347.83467419341684,20000,20000,20,,
walker2d-medium-replay-v2,1,ensemble,12,69,1,962.9288607610164,49543.80177799804,350.3275820298454,20000,20000,20,,
walker2d-medium-replay-v2,1,ensemble,12,70,1,997.2408681186089,46969.289812230854,332.1230333374466,20000,20000,20,,
walker2d-medium-replay-v2,1,ensemble,12,71,1,856.6523870035228,30402.98729202322,214.98158482518048,20000,20000,20,,
walker2d-medium-replay-v2,1,ensemble,12,72,1,933.4772846267743,35185.18656193923,248.79684015261012,20000,20000,20,,
walker2d-medium-replay-v2,1,ensemble,12,73,1,1034.0745453233224,37816.45661007298,267.40272909429444,20000,20000,20,,
walker2d-medium-replay-v2,1,ensemble,12,74,1,1059.7756641099386,33059.90062095366,233.76879914429685,20000,20000,20,,
walker2d-medium-replay-v2,1,ensemble,12,75,1,1227.5812356283993,38007.41236188674,268.75299016443523,20000,20000,20,,
walker2d-medium-replay-v2,1,ensemble,12,76,1,1503.2938048013552,48703.732620274684,344.38739604892686,20000,20000,20,,
walker2d-medium-replay-v2,1,ensemble,12,77,1,1650.0848139102825,49692.93000039073,351.3820778030471,20000,20000,20,,
walker2d-medium-replay-v2,1,ensemble,12,78,1,2062.7565164371817,74574.86087600245,527.3238983146468,20000,20000,20,,
walker2d-medium-replay-v2,1,ensemble,12,79,1,1922.6362070223395,56994.26389998067,403.0103049241198,20000,20000,20,,
walker2d-medium-replay-v2,1,ensemble,12,80,1,2127.4099753065007,65168.763702260985,460.8127473541248,20000,20000,20,,
walker2d-medium-replay-v2,1,ensemble,12,81,1,2601.1352066023082,82469.53816080691,583.1476967482932,20000,20000,20,,
walker2d-medium-replay-v2,1,ensemble,12,82,1,2891.3743970785217,91724.06846766794,648.5871081150717,20000,20000,20,,
walker2d-medium-replay-v2,1,ensemble,12,83,1,3391.5583103708564,139783.55763891822,988.419015048597,20000,20000,20,,
walker2d-medium-replay-v2,1,ensemble,12,84,1,3149.8075512541895,95076.04129019444,672.2891352466867,20000,20000,20,,
walker2d-medium-replay-v2,1,ensemble,12,85,1,3771.8708901124937,140091.81060189716,990.5986926530295,20000,20000,20,,
walker2d-medium-replay-v2,1,ensemble,12,86,1,4252.9228017917285,138724.42652042888,980.9298270881019,20000,20000,20,,
walker2d-medium-replay-v2,1,ensemble,12,87,1,4984.085790655817,155823.45616462358,1101.8382252193007,20000,20000,20,,
walker2d-medium-replay-v2,1,ensemble,12,88,1,5901.193052844014,244577.1115584625,1729.4213410600755,20000,20000,20,,
walker2d-medium-replay-v2,1,ensemble,12,89,1,6909.760304866756,294841.87135314406,2084.8468661153984,20000,20000,20,,
walker2d-medium-replay-v2,1,ensemble,12,90,1,8630.067435166284,444268.07366231893,3141.449675513103,20000,20000,20,,
walker2d-medium-replay-v2,1,ensemble,12,91,1,9509.715928602001,488812.907315518,3456.4292149431412,20000,20000,20,,
walker2d-medium-replay-v2,1,ensemble,12,92,1,11828.047629874583,573742.7046097037,4056.9735708583175,20000,20000,20,,
walker2d-medium-replay-v2,1,ensemble,12,93,1,17078.00086498934,1189332.8097733718,8409.852948784013,20000,20000,20,,
walker2d-medium-replay-v2,1,ensemble,12,94,1,20939.817674738686,1559892.0226391596,11030.102271269492,20000,20000,20,,
walker2d-medium-replay-v2,1,ensemble,12,95,1,26878.26977070796,2274528.9044298134,16083.348123271297,20000,20000,20,,
walker2d-medium-replay-v2,1,ensemble,12,96,1,36308.793392045525,3537138.2047428926,25011.3441056771,20000,20000,20,,
walker2d-medium-replay-v2,1,ensemble,12,97,1,38869.56741663526,3668677.3107938655,25941.466044475692,20000,20000,20,,
walker2d-medium-replay-v2,1,ensemble,12,98,1,43478.20139891249,4060390.3449137346,28711.29547152886,20000,20000,20,,
walker2d-medium-replay-v2,1,ensemble,12,99,1,47325.61929281414,4109615.888126593,29059.372625662898,20000,20000,20,,
walker2d-medium-replay-v2,1,ensemble,12,100,1,41888.640089278495,2786326.465480213,19702.303383406033,20000,20000,20,,
walker2d-medium-replay-v2,1,ensemble,13,1,1,0.763414278750935,1.6398775367482772,0.011595685265501985,20000,20000,20,,
walker2d-medium-replay-v2,1,ensemble,13,2,1,1.1500938776521779,2.4784409910294425,0.01752522431527626,20000,20000,20,,
walker2d-medium-replay-v2,1,ensemble,13,3,1,1.4741796862321421,3.1099298047349353,0.021990524539422282,20000,20000,20,,
walker2d-medium-replay-v2,1,ensemble,13,4,1,1.740401350927808,3.6110453834822063,0.02553394677832645,20000,20000,20,,
walker2d-medium-replay-v2,1,ensemble,13,5,1,2.039749105903899,4.199511992794209,0.029695034077790165,20000,20000,20,,
walker2d-medium-replay-v2,1,ensemble,13,6,1,2.3594505375300314,4.819536856612317,0.034079271934890666,20000,20000,20,,
walker2d-medium-replay-v2,1,ensemble,13,7,1,2.664864246935062,5.468213259802262,0.038666106769803754,20000,20000,20,,
walker2d-medium-replay-v2,1,ensemble,13,8,1,2.9926914544108256,6.370635185645308,0.04504719340235417,20000,20000,20,,
walker2d-medium-replay-v2,1,ensemble,13,9,1,3.282044088424604,6.688945338012995,0.047297986074951316,20000,20000,20,,
walker2d-medium-replay-v2,1,ensemble,13,10,1,3.548656062736581,7.075850715615595,0.05003382023675472,20000,20000,20,,
walker2d-medium-replay-v2,1,ensemble,13,11,1,3.765287991736027,7.447935985916946,0.05266486041485187,20000,20000,20,,
walker2d-medium-replay-v2,1,ensemble,13,12,1,3.986724660656511,7.819797737424678,0.05529432007640211,20000,20000,20,,
walker2d-medium-replay-v2,1,ensemble,13,13,1,4.199069868776514,8.19211052707894,0.05792696905927221,20000,20000,20,,
walker2d-medium-replay-v2,1,ensemble,13,14,1,4.438041367498759,8.987468518019524,0.06355099934792216,20000,20000,20,,
walker2d-medium-replay-v2,1,ensemble,13,15,1,4.612560257683975,9.509418434200358,0.06724174259963434,20000,20000,20,,
walker2d-medium-replay-v2,1,ensemble,13,16,1,4.782473731179446,9.939308331144924,0.07028152321256521,20000,20000,20,,
walker2d-medium-replay-v2,1,ensemble,13,17,1,5.000455602319092,10.287353417444445,0.07274257361937571,20000,20000,20,,
walker2d-medium-replay-v2,1,ensemble,13,18,1,5.186118072949178,10.31278336810331,0.07292239052493693,20000,20000,20,,
walker2d-medium-replay-v2,1,ensemble,13,19,1,5.380444049956391,10.555073227223113,0.0746356385489004,20000,20000,20,,
walker2d-medium-replay-v2,1,ensemble,13,20,1,5.586553397212992,10.590676439866943,0.07488739127982519,20000,20000,20,,
walker2d-medium-replay-v2,1,ensemble,13,21,1,5.813469212816389,11.29539192681623,0.07987048227611539,20000,20000,20,,
walker2d-medium-replay-v2,1,ensemble,13,22,1,6.027840290919497,11.678272549514693,0.0825778571230655,20000,20000,20,,
walker2d-medium-replay-v2,1,ensemble,13,23,1,6.252225441492049,12.135496332391387,0.08581091749698426,20000,20000,20,,
walker2d-medium-replay-v2,1,ensemble,13,24,1,6.511238102104667,12.927495656630306,0.0914111984256293,20000,20000,20,,
walker2d-medium-replay-v2,1,ensemble,13,25,1,6.767707617887255,14.515241924671933,0.10263825995498797,20000,20000,20,,
walker2d-medium-replay-v2,1,ensemble,13,26,1,7.028012004573295,15.692316425600568,0.11096143357067206,20000,20000,20,,
walker2d-medium-replay-v2,1,ensemble,13,27,1,7.261497574890942,16.310610772234142,0.11533343482341112,20000,20000,20,,
walker2d-medium-replay-v2,1,ensemble,13,28,1,7.427270217643434,16.02192085017423,0.11329208880792332,20000,20000,20,,
walker2d-medium-replay-v2,1,ensemble,13,29,1,7.644050860362881,16.79951345935999,0.11879049887748123,20000,20000,20,,
walker2d-medium-replay-v2,1,ensemble,13,30,1,7.961173078897655,18.440483219191773,0.13039390732647238,20000,20000,20,,
walker2d-medium-replay-v2,1,ensemble,13,31,1,8.347882416302138,20.898939898171356,0.1477778212160706,20000,20000,20,,
walker2d-medium-replay-v2,1,ensemble,13,32,1,8.792733220187365,23.851976599079606,0.16865894397912035,20000,20000,20,,
walker2d-medium-replay-v2,1,ensemble,13,33,1,9.157326981909094,25.400190609244465,0.17960647023227624,20000,20000,20,,
walker2d-medium-replay-v2,1,ensemble,13,34,1,9.420149503741111,27.643979857181687,0.19547245615997497,20000,20000,20,,
walker2d-medium-replay-v2,1,ensemble,13,35,1,9.813861193178258,31.92486112273201,0.22574285788322582,20000,20000,20,,
walker2d-medium-replay-v2,1,ensemble,13,36,1,10.258960482684303,36.78674914331332,0.2601215977704527,20000,20000,20,,
walker2d-medium-replay-v2,1,ensemble,13,37,1,10.644656169342376,42.1298369667826,0.2979029340949566,20000,20000,20,,
walker2d-medium-replay-v2,1,ensemble,13,38,1,11.233801475058632,54.50066203117652,0.3853778770140111,20000,20000,20,,
walker2d-medium-replay-v2,1,ensemble,13,39,1,11.794785067863739,60.9703430788646,0.43112543042335444,20000,20000,20,,
walker2d-medium-replay-v2,1,ensemble,13,40,1,12.481355384457933,70.12669626896476,0.4958706247399434,20000,20000,20,,
walker2d-medium-replay-v2,1,ensemble,13,41,1,13.274264703939703,82.19297991648699,0.5811921346487766,20000,20000,20,,
walker2d-medium-replay-v2,1,ensemble,13,42,1,14.195607867782144,98.42905962385096,0.6959985552584002,20000,20000,20,,
walker2d-medium-replay-v2,1,ensemble,13,43,1,15.445759947628153,134.9270296408906,0.9540781762443203,20000,20000,20,,
walker2d-medium-replay-v2,1,ensemble,13,44,1,16.950974366499604,174.31357959658192,1.2325831418564408,20000,20000,20,,
walker2d-medium-replay-v2,1,ensemble,13,45,1,17.80715802085318,172.3358315158395,1.2185983510627243,20000,20000,20,,
walker2d-medium-replay-v2,1,ensemble,13,46,1,18.40055503996347,162.66653596479884,1.1502261065283468,20000,20000,20,,
walker2d-medium-replay-v2,1,ensemble,13,47,1,20.476280042842482,228.19332037606992,1.6135704425939341,20000,20000,20,,
walker2d-medium-replay-v2,1,ensemble,13,48,1,23.128531851334547,293.3896931102585,2.074578415285039,20000,20000,20,,
walker2d-medium-replay-v2,1,ensemble,13,49,1,25.187251666113948,339.3496161693042,2.399564147863671,20000,20000,20,,
walker2d-medium-replay-v2,1,ensemble,13,50,1,28.87610170191673,458.42071732612146,3.241523978577019,20000,20000,20,,
walker2d-medium-replay-v2,1,ensemble,13,51,1,32.05756095248221,586.6284839730939,4.148089790545586,20000,20000,20,,
walker2d-medium-replay-v2,1,ensemble,13,52,1,34.68214254161018,570.2642746737808,4.032377356902583,20000,20000,20,,
walker2d-medium-replay-v2,1,ensemble,13,53,1,40.791265193984984,735.9504878453594,5.203955805730014,20000,20000,20,,
walker2d-medium-replay-v2,1,ensemble,13,54,1,47.072628815564194,905.322132677598,6.401594191745968,20000,20000,20,,
walker2d-medium-replay-v2,1,ensemble,13,55,1,53.53622075023601,1101.6136356317354,7.7895847200276656,20000,20000,20,,
walker2d-medium-replay-v2,1,ensemble,13,56,1,60.620284233976435,1278.6324578597437,9.041296815978471,20000,20000,20,,
walker2d-medium-replay-v2,1,ensemble,13,57,1,71.99963763757839,1729.596775159887,12.230096084339404,20000,20000,20,,
walker2d-medium-replay-v2,1,ensemble,13,58,1,93.88820047671577,3097.002427364541,21.89911417740665,20000,20000,20,,
walker2d-medium-replay-v2,1,ensemble,13,59,1,117.32334426856097,4657.802823072562,32.935639616244536,20000,20000,20,,
walker2d-medium-replay-v2,1,ensemble,13,60,1,138.67432229184482,5880.715339670955,41.58293694909083,20000,20000,20,,
walker2d-medium-replay-v2,1,ensemble,13,61,1,164.70628786415958,6754.076244652959,47.758531132450784,20000,20000,20,,
walker2d-medium-replay-v2,1,ensemble,13,62,1,187.88341094356025,7812.611509469165,55.24350577121715,20000,20000,20,,
walker2d-medium-replay-v2,1,ensemble,13,63,1,229.45840596022563,9474.504222613123,66.99486184190317,20000,20000,20,,
walker2d-medium-replay-v2,1,ensemble,13,64,1,233.56759929624545,8823.829873708437,62.393899397356726,20000,20000,20,,
walker2d-medium-replay-v2,1,ensemble,13,65,1,252.38012547115716,9225.344115180076,65.23303382623241,20000,20000,20,,
walker2d-medium-replay-v2,1,ensemble,13,66,1,276.49578279271367,8960.276099069255,63.35871990955615,20000,20000,20,,
walker2d-medium-replay-v2,1,ensemble,13,67,1,303.08719234276117,10388.346362519242,73.4567015825196,20000,20000,20,,
walker2d-medium-replay-v2,1,ensemble,13,68,1,402.40277703706033,18545.84624507908,131.13893642738486,20000,20000,20,,
walker2d-medium-replay-v2,1,ensemble,13,69,1,391.81331520188354,14712.64394703595,104.03410304132332,20000,20000,20,,
walker2d-medium-replay-v2,1,ensemble,13,70,1,481.67589760573003,18077.064772245227,127.82415084403051,20000,20000,20,,
walker2d-medium-replay-v2,1,ensemble,13,71,1,420.7715232770748,9697.837662411948,68.57406773937785,20000,20000,20,,
walker2d-medium-replay-v2,1,ensemble,13,72,1,530.9007583684372,16846.3686685017,119.1218152386614,20000,20000,20,,
walker2d-medium-replay-v2,1,ensemble,13,73,1,585.2369010789288,18624.122838675023,131.69243552878362,20000,20000,20,,
walker2d-medium-replay-v2,1,ensemble,13,74,1,624.5226385344444,18334.799192181763,129.64660840485357,20000,20000,20,,
walker2d-medium-replay-v2,1,ensemble,13,75,1,684.0462519114215,19005.868603387586,134.39178571795858,20000,20000,20,,
walker2d-medium-replay-v2,1,ensemble,13,76,1,769.1379704846934,20618.32483216995,145.79357305534356,20000,20000,20,,
walker2d-medium-replay-v2,1,ensemble,13,77,1,910.7331464832452,23499.875733641093,166.1692148829881,20000,20000,20,,
walker2d-medium-replay-v2,1,ensemble,13,78,1,1046.6637866902206,25967.739364407113,183.61964596657117,20000,20000,20,,
walker2d-medium-replay-v2,1,ensemble,13,79,1,1106.7905156663026,26648.58192818583,188.43392990425482,20000,20000,20,,
walker2d-medium-replay-v2,1,ensemble,13,80,1,1250.767269780083,31523.53581426608,222.90505941244538,20000,20000,20,,
walker2d-medium-replay-v2,1,ensemble,13,81,1,1540.7392496533096,43337.801744962206,306.4445349558097,20000,20000,20,,
walker2d-medium-replay-v2,1,ensemble,13,82,1,1813.060629387543,48941.7197977701,346.07021951935144,20000,20000,20,,
walker2d-medium-replay-v2,1,ensemble,13,83,1,2141.614416069897,68246.14753796367,482.57313713951714,20000,20000,20,,
walker2d-medium-replay-v2,1,ensemble,13,84,1,2376.534530117528,72718.45400698629,514.1971194574207,20000,20000,20,,
walker2d-medium-replay-v2,1,ensemble,13,85,1,2745.9479785884305,77547.60091854158,548.3443447424888,20000,20000,20,,
walker2d-medium-replay-v2,1,ensemble,13,86,1,3332.2857791453207,93156.44762241916,658.7155582506202,20000,20000,20,,
walker2d-medium-replay-v2,1,ensemble,13,87,1,4179.1182446800385,120218.1182584259,850.0704664201925,20000,20000,20,,
walker2d-medium-replay-v2,1,ensemble,13,88,1,4640.261528506354,129500.04340258989,915.7035885392353,20000,20000,20,,
walker2d-medium-replay-v2,1,ensemble,13,89,1,5101.190406983956,139672.5412513709,987.6340106440214,20000,20000,20,,
walker2d-medium-replay-v2,1,ensemble,13,90,1,5578.891458839036,154475.04057626863,1092.3034871554662,20000,20000,20,,
walker2d-medium-replay-v2,1,ensemble,13,91,1,6625.742971737162,174008.35117925395,1230.4248510194063,20000,20000,20,,
walker2d-medium-replay-v2,1,ensemble,13,92,1,7940.504623744698,213051.592170591,1506.5022556641566,20000,20000,20,,
walker2d-medium-replay-v2,1,ensemble,13,93,1,8492.993524179743,221568.4026503134,1566.7252001070801,20000,20000,20,,
walker2d-medium-replay-v2,1,ensemble,13,94,1,10164.948192886975,312302.35964960366,2208.3111628879474,20000,20000,20,,
walker2d-medium-replay-v2,1,ensemble,13,95,1,11899.962142112867,374572.19569294946,2648.625396184191,20000,20000,20,,
walker2d-medium-replay-v2,1,ensemble,13,96,1,15192.46826861437,501497.37920216355,3546.121975811313,20000,20000,20,,
walker2d-medium-replay-v2,1,ensemble,13,97,1,18257.36766094314,623695.630372531,4410.194096328351,20000,20000,20,,
walker2d-medium-replay-v2,1,ensemble,13,98,1,21753.743306672983,802492.9474654144,5674.482050071743,20000,20000,20,,
walker2d-medium-replay-v2,1,ensemble,13,99,1,23862.916426846834,822218.768216341,5813.964666246249,20000,20000,20,,
walker2d-medium-replay-v2,1,ensemble,13,100,1,27105.183840999274,897287.2200671656,6344.778779815188,20000,20000,20,,
walker2d-medium-replay-v2,1,ensemble,14,1,1,0.7749383880476706,1.683973077597972,0.011907487825051062,20000,20000,20,,
walker2d-medium-replay-v2,1,ensemble,14,2,1,1.1546444807982197,2.4596069172645505,0.01739204730251103,20000,20000,20,,
walker2d-medium-replay-v2,1,ensemble,14,3,1,1.4497797896667455,2.975307647267738,0.021038602134992097,20000,20000,20,,
walker2d-medium-replay-v2,1,ensemble,14,4,1,1.7254533295597634,3.5243618939427943,0.024921001945624136,20000,20000,20,,
walker2d-medium-replay-v2,1,ensemble,14,5,1,1.9976596449095398,4.206485053014796,0.029744341059466158,20000,20000,20,,
walker2d-medium-replay-v2,1,ensemble,14,6,1,2.3054027934869636,4.69925101486087,0.033228722591058864,20000,20000,20,,
walker2d-medium-replay-v2,1,ensemble,14,7,1,2.6058445809921276,5.244790809448865,0.03708627147266174,20000,20000,20,,
walker2d-medium-replay-v2,1,ensemble,14,8,1,2.9231625723184145,5.948292693642953,0.04206078100157327,20000,20000,20,,
walker2d-medium-replay-v2,1,ensemble,14,9,1,3.2447289530211596,6.823463826211401,0.048249175426951875,20000,20000,20,,
walker2d-medium-replay-v2,1,ensemble,14,10,1,3.5206793456563266,7.336012980713728,0.051873445255352146,20000,20000,20,,
walker2d-medium-replay-v2,1,ensemble,14,11,1,3.799811318348675,7.894734782410869,0.055824205003120284,20000,20000,20,,
walker2d-medium-replay-v2,1,ensemble,14,12,1,3.9570459850267543,8.155741350749873,0.05766980014718767,20000,20000,20,,
walker2d-medium-replay-v2,1,ensemble,14,13,1,4.182219187896673,8.665165507505783,0.06127197290461111,20000,20000,20,,
walker2d-medium-replay-v2,1,ensemble,14,14,1,4.41113541277205,8.993841718559015,0.06359606468111552,20000,20000,20,,
walker2d-medium-replay-v2,1,ensemble,14,15,1,4.587146374868198,9.357440569357458,0.06616709681142766,20000,20000,20,,
walker2d-medium-replay-v2,1,ensemble,14,16,1,4.778023423503924,9.680364775571492,0.06845051577165993,20000,20000,20,,
walker2d-medium-replay-v2,1,ensemble,14,17,1,4.994692670022079,10.167801345650728,0.07189721281267333,20000,20000,20,,
walker2d-medium-replay-v2,1,ensemble,14,18,1,5.285600225318941,11.116744542377011,0.07860725450633328,20000,20000,20,,
walker2d-medium-replay-v2,1,ensemble,14,19,1,5.508898049624909,11.479033674729799,0.08116902552870174,20000,20000,20,,
walker2d-medium-replay-v2,1,ensemble,14,20,1,5.716331854124075,11.82433599605898,0.08361068165841495,20000,20000,20,,
walker2d-medium-replay-v2,1,ensemble,14,21,1,5.989212799017561,12.604088631647473,0.08912436542114201,20000,20000,20,,
walker2d-medium-replay-v2,1,ensemble,14,22,1,6.1475653331993945,13.097578867187874,0.09261386834114164,20000,20000,20,,
walker2d-medium-replay-v2,1,ensemble,14,23,1,6.350929407507561,13.495899181182214,0.09543041829223917,20000,20000,20,,
walker2d-medium-replay-v2,1,ensemble,14,24,1,6.6104241040034,14.737703254659401,0.10421129910484714,20000,20000,20,,
walker2d-medium-replay-v2,1,ensemble,14,25,1,6.877419937998825,17.314766699675186,0.1224338894800334,20000,20000,20,,
walker2d-medium-replay-v2,1,ensemble,14,26,1,7.101767210571989,17.260712800039084,0.12205167069021076,20000,20000,20,,
walker2d-medium-replay-v2,1,ensemble,14,27,1,7.386447516739621,17.95985023034303,0.12699531886970333,20000,20000,20,,
walker2d-medium-replay-v2,1,ensemble,14,28,1,7.691970298437773,21.27600573021457,0.15044407928398565,20000,20000,20,,
walker2d-medium-replay-v2,1,ensemble,14,29,1,7.924494611130937,21.663496551277937,0.15318405315620015,20000,20000,20,,
walker2d-medium-replay-v2,1,ensemble,14,30,1,8.260515097712391,24.429936557933953,0.1727457380407224,20000,20000,20,,
walker2d-medium-replay-v2,1,ensemble,14,31,1,8.601093147811476,26.981498643038663,0.19078800657068268,20000,20000,20,,
walker2d-medium-replay-v2,1,ensemble,14,32,1,9.037881054196124,34.63376653778194,0.24489771176897343,20000,20000,20,,
walker2d-medium-replay-v2,1,ensemble,14,33,1,9.494899216670033,45.43087865213176,0.32124482370185525,20000,20000,20,,
walker2d-medium-replay-v2,1,ensemble,14,34,1,9.926152147078989,47.98640266432112,0.33931510728689673,20000,20000,20,,
walker2d-medium-replay-v2,1,ensemble,14,35,1,10.407767939107192,55.5985197941683,0.3931409037039089,20000,20000,20,,
walker2d-medium-replay-v2,1,ensemble,14,36,1,10.969260272264309,75.91003867985168,0.5367650311065624,20000,20000,20,,
walker2d-medium-replay-v2,1,ensemble,14,37,1,11.319944617397649,81.2629830832807,0.5746160639763548,20000,20000,20,,
walker2d-medium-replay-v2,1,ensemble,14,38,1,11.951081180517882,92.04944730964654,0.6508878839712486,20000,20000,20,,
walker2d-medium-replay-v2,1,ensemble,14,39,1,12.89202933545025,106.85216625698587,0.755558913447871,20000,20000,20,,
walker2d-medium-replay-v2,1,ensemble,14,40,1,13.844218850271835,131.8871868433917,0.9325832416857949,20000,20000,20,,
walker2d-medium-replay-v2,1,ensemble,14,41,1,14.486719838564758,156.8475272887782,1.1090795015823711,20000,20000,20,,
walker2d-medium-replay-v2,1,ensemble,14,42,1,15.838072014361433,202.10634392654012,1.4291076631127713,20000,20000,20,,
walker2d-medium-replay-v2,1,ensemble,14,43,1,17.197691447331344,249.41907038434505,1.7636591602601517,20000,20000,20,,
walker2d-medium-replay-v2,1,ensemble,14,44,1,18.77586086683723,333.74535558930273,2.3599360412671158,20000,20000,20,,
walker2d-medium-replay-v2,1,ensemble,14,45,1,21.326502692128667,579.7767673674114,4.09964083779912,20000,20000,20,,
walker2d-medium-replay-v2,1,ensemble,14,46,1,23.331980037206232,670.9754336368063,4.7445127913417,20000,20000,20,,
walker2d-medium-replay-v2,1,ensemble,14,47,1,26.37682937787801,878.2928708211643,6.210468448254457,20000,20000,20,,
walker2d-medium-replay-v2,1,ensemble,14,48,1,34.79690634220015,1772.5421843541371,12.533765984960258,20000,20000,20,,
walker2d-medium-replay-v2,1,ensemble,14,49,1,39.14308605011344,1988.4159656325278,14.060224131183574,20000,20000,20,,
walker2d-medium-replay-v2,1,ensemble,14,50,1,43.69624232608217,2205.138379282745,15.59268301445542,20000,20000,20,,
walker2d-medium-replay-v2,1,ensemble,14,51,1,43.05070875706435,1810.4488603886196,12.801806661722498,20000,20000,20,,
walker2d-medium-replay-v2,1,ensemble,14,52,1,52.96773693919829,2723.4267231971867,19.25753504037389,20000,20000,20,,
walker2d-medium-replay-v2,1,ensemble,14,53,1,75.83131375891537,5150.998908455021,36.42306258053049,20000,20000,20,,
walker2d-medium-replay-v2,1,ensemble,14,54,1,83.09366636854313,5422.4772543738145,38.34270437397536,20000,20000,20,,
walker2d-medium-replay-v2,1,ensemble,14,55,1,116.45359895399493,9158.025523924985,64.75701950246842,20000,20000,20,,
walker2d-medium-replay-v2,1,ensemble,14,56,1,178.28862604491385,17087.856547101474,120.82939240398395,20000,20000,20,,
walker2d-medium-replay-v2,1,ensemble,14,57,1,142.72331736541338,10511.5802568752,74.32809680623085,20000,20000,20,,
walker2d-medium-replay-v2,1,ensemble,14,58,1,144.02204906336507,8707.713400934594,61.57283194429825,20000,20000,20,,
walker2d-medium-replay-v2,1,ensemble,14,59,1,150.3257165348567,8010.740421419612,56.64448874310989,20000,20000,20,,
walker2d-medium-replay-v2,1,ensemble,14,60,1,146.40566874953532,5680.433643226507,40.166731492056684,20000,20000,20,,
walker2d-medium-replay-v2,1,ensemble,14,61,1,171.5521252913871,6528.218792944315,46.161477775603835,20000,20000,20,,
walker2d-medium-replay-v2,1,ensemble,14,62,1,202.69467822585833,7509.515266744473,53.100291685389216,20000,20000,20,,
walker2d-medium-replay-v2,1,ensemble,14,63,1,228.59908708850318,9323.861517727586,65.9296570602947,20000,20000,20,,
walker2d-medium-replay-v2,1,ensemble,14,64,1,234.41834753262518,6882.407549543052,48.665970491713814,20000,20000,20,,
walker2d-medium-replay-v2,1,ensemble,14,65,1,300.9487503035304,9434.862675471142,66.71455377389498,20000,20000,20,,
walker2d-medium-replay-v2,1,ensemble,14,66,1,325.739046170832,10344.433156522855,73.14618832508273,20000,20000,20,,
walker2d-medium-replay-v2,1,ensemble,14,67,1,357.16521816135065,10472.406189233108,74.05109431746702,20000,20000,20,,
walker2d-medium-replay-v2,1,ensemble,14,68,1,440.07888575892895,14540.447238866724,102.81648844087871,20000,20000,20,,
walker2d-medium-replay-v2,1,ensemble,14,69,1,474.85398421376954,14274.663998849977,100.93711712746298,20000,20000,20,,
walker2d-medium-replay-v2,1,ensemble,14,70,1,494.2526543703129,13344.975204937691,94.36322462177777,20000,20000,20,,
walker2d-medium-replay-v2,1,ensemble,14,71,1,616.511576666237,20638.874403696856,145.93888046911508,20000,20000,20,,
walker2d-medium-replay-v2,1,ensemble,14,72,1,762.4005659780441,26922.787569108863,190.37285658561763,20000,20000,20,,
walker2d-medium-replay-v2,1,ensemble,14,73,1,901.2879284536023,35374.22631965873,250.13355309858335,20000,20000,20,,
walker2d-medium-replay-v2,1,ensemble,14,74,1,1272.233335406676,69322.54010942434,490.1843820045038,20000,20000,20,,
walker2d-medium-replay-v2,1,ensemble,14,75,1,1411.5074000691986,68101.74919204313,481.55208664359185,20000,20000,20,,
walker2d-medium-replay-v2,1,ensemble,14,76,1,1482.1282250698378,64940.97390298923,459.202030236623,20000,20000,20,,
walker2d-medium-replay-v2,1,ensemble,14,77,1,1623.7054892501824,68655.29869681764,485.46627272907693,20000,20000,20,,
walker2d-medium-replay-v2,1,ensemble,14,78,1,1810.735251268623,71270.85019847532,503.961014762725,20000,20000,20,,
walker2d-medium-replay-v2,1,ensemble,14,79,1,1973.0787013695478,72686.96155836094,513.9744342176292,20000,20000,20,,
walker2d-medium-replay-v2,1,ensemble,14,80,1,1947.4480965012244,64795.856224403375,458.1758932906419,20000,20000,20,,
walker2d-medium-replay-v2,1,ensemble,14,81,1,2137.292321360288,67099.3506282714,474.46405842464526,20000,20000,20,,
walker2d-medium-replay-v2,1,ensemble,14,82,1,2410.2987093083048,76550.58379727576,541.2943690684274,20000,20000,20,,
walker2d-medium-replay-v2,1,ensemble,14,83,1,2637.464820918455,81788.2780531146,578.3304603292821,20000,20000,20,,
walker2d-medium-replay-v2,1,ensemble,14,84,1,2968.3172089025743,87790.7886719507,620.7746199565147,20000,20000,20,,
walker2d-medium-replay-v2,1,ensemble,14,85,1,3263.238008063058,96888.79859645007,685.1072650856748,20000,20000,20,,
walker2d-medium-replay-v2,1,ensemble,14,86,1,3997.2335648523576,119742.94680257044,846.7104968335757,20000,20000,20,,
walker2d-medium-replay-v2,1,ensemble,14,87,1,4804.546453194035,144423.48967130837,1021.2282890920745,20000,20000,20,,
walker2d-medium-replay-v2,1,ensemble,14,88,1,5475.446329809368,165754.74543287055,1172.0630450943268,20000,20000,20,,
walker2d-medium-replay-v2,1,ensemble,14,89,1,5756.318285777911,168601.86432923202,1192.1952158789422,20000,20000,20,,
walker2d-medium-replay-v2,1,ensemble,14,90,1,7103.016497566091,205747.16503583314,1454.8521560674535,20000,20000,20,,
walker2d-medium-replay-v2,1,ensemble,14,91,1,7947.023106637436,231688.68392935902,1638.2863953063643,20000,20000,20,,
walker2d-medium-replay-v2,1,ensemble,14,92,1,9574.195007038003,313906.74808260327,2219.6559022942606,20000,20000,20,,
walker2d-medium-replay-v2,1,ensemble,14,93,1,10903.315961873612,367222.1894550258,2596.653003658198,20000,20000,20,,
walker2d-medium-replay-v2,1,ensemble,14,94,1,13617.138331909751,467713.62397741416,3307.2347516776454,20000,20000,20,,
walker2d-medium-replay-v2,1,ensemble,14,95,1,15576.380121257062,539637.4102001602,3815.812721344799,20000,20000,20,,
walker2d-medium-replay-v2,1,ensemble,14,96,1,18739.108141820925,677619.8460801862,4791.495882298842,20000,20000,20,,
walker2d-medium-replay-v2,1,ensemble,14,97,1,22965.670007985365,850384.9999690722,6013.130000974529,20000,20000,20,,
walker2d-medium-replay-v2,1,ensemble,14,98,1,22998.821338473135,846384.2756282778,5984.840607864191,20000,20000,20,,
walker2d-medium-replay-v2,1,ensemble,14,99,1,25387.743390672487,954767.4155925069,6751.225140214162,20000,20000,20,,
walker2d-medium-replay-v2,1,ensemble,14,100,1,31303.927313776672,1294324.6896746284,9152.257651261034,20000,20000,20,,
walker2d-medium-replay-v2,1,ensemble,15,1,1,0.7819372189861675,1.688749454256142,0.011941261908295994,20000,20000,20,,
walker2d-medium-replay-v2,1,ensemble,15,2,1,1.1618157506813807,2.4672499930334117,0.017446092009563874,20000,20000,20,,
walker2d-medium-replay-v2,1,ensemble,15,3,1,1.458438341169839,3.0067697335923733,0.02126107268089636,20000,20000,20,,
walker2d-medium-replay-v2,1,ensemble,15,4,1,1.7513573876422488,3.622899289986383,0.025617766555052997,20000,20000,20,,
walker2d-medium-replay-v2,1,ensemble,15,5,1,2.0564863109516964,4.25821061348498,0.030110096005157582,20000,20000,20,,
walker2d-medium-replay-v2,1,ensemble,15,6,1,2.3672972250201374,5.0997458276978564,0.03606064857092957,20000,20000,20,,
walker2d-medium-replay-v2,1,ensemble,15,7,1,2.641563402314184,6.043522016467874,0.04273415400094631,20000,20000,20,,
walker2d-medium-replay-v2,1,ensemble,15,8,1,2.91831777036185,6.055281142391443,0.04281730357776014,20000,20000,20,,
walker2d-medium-replay-v2,1,ensemble,15,9,1,3.2531566222516743,6.775871578224719,0.04791264741411893,20000,20000,20,,
walker2d-medium-replay-v2,1,ensemble,15,10,1,3.489789165834842,7.422528112745732,0.05248519962070294,20000,20000,20,,
walker2d-medium-replay-v2,1,ensemble,15,11,1,3.7135201218414258,7.67557728645995,0.05427452748777269,20000,20000,20,,
walker2d-medium-replay-v2,1,ensemble,15,12,1,3.902595298943383,8.08472126096544,0.05716761227631718,20000,20000,20,,
walker2d-medium-replay-v2,1,ensemble,15,13,1,4.119522391885688,8.200550553193697,0.057986649056263564,20000,20000,20,,
walker2d-medium-replay-v2,1,ensemble,15,14,1,4.337461137705759,8.523455017610745,0.06026992842091061,20000,20000,20,,
walker2d-medium-replay-v2,1,ensemble,15,15,1,4.620740073539483,9.78714374014682,0.06920555707105286,20000,20000,20,,
walker2d-medium-replay-v2,1,ensemble,15,16,1,4.871462147643371,10.862254523530924,0.07680773832562966,20000,20000,20,,
walker2d-medium-replay-v2,1,ensemble,15,17,1,5.036017865285614,12.363914982947401,0.08742608126456064,20000,20000,20,,
walker2d-medium-replay-v2,1,ensemble,15,18,1,5.226957722968079,12.810753592039926,0.09058570737041353,20000,20000,20,,
walker2d-medium-replay-v2,1,ensemble,15,19,1,5.4016686232630935,11.818910401573993,0.08357231691189192,20000,20000,20,,
walker2d-medium-replay-v2,1,ensemble,15,20,1,5.602406993633295,11.266969889955776,0.07966950812612378,20000,20000,20,,
walker2d-medium-replay-v2,1,ensemble,15,21,1,5.9153272779395305,12.488184546766393,0.08830479977727568,20000,20000,20,,
walker2d-medium-replay-v2,1,ensemble,15,22,1,6.113827261183335,13.871293378584458,0.09808485611825125,20000,20000,20,,
walker2d-medium-replay-v2,1,ensemble,15,23,1,6.318158258990956,15.083770658565951,0.10665836518534659,20000,20000,20,,
walker2d-medium-replay-v2,1,ensemble,15,24,1,6.538072494753965,15.199262995740778,0.10747501933326063,20000,20000,20,,
walker2d-medium-replay-v2,1,ensemble,15,25,1,6.751197833647416,15.711418945980308,0.11109650878765474,20000,20000,20,,
walker2d-medium-replay-v2,1,ensemble,15,26,1,6.98394183332652,18.151500813579172,0.12835049313994967,20000,20000,20,,
walker2d-medium-replay-v2,1,ensemble,15,27,1,7.317221004830018,21.75176841800716,0.15380822951172243,20000,20000,20,,
walker2d-medium-replay-v2,1,ensemble,15,28,1,7.682158904705672,28.917619177788424,0.20447844616384347,20000,20000,20,,
walker2d-medium-replay-v2,1,ensemble,15,29,1,7.968460488815921,35.91637180998851,0.2539671006246023,20000,20000,20,,
walker2d-medium-replay-v2,1,ensemble,15,30,1,8.109448364333506,25.210535555382634,0.17826540648555625,20000,20000,20,,
walker2d-medium-replay-v2,1,ensemble,15,31,1,8.397861299145827,27.47514456158749,0.19427861033579208,20000,20000,20,,
walker2d-medium-replay-v2,1,ensemble,15,32,1,8.83145503557186,35.49470716430013,0.2509854813210735,20000,20000,20,,
walker2d-medium-replay-v2,1,ensemble,15,33,1,9.381804452362495,47.771210673965435,0.3377934701305214,20000,20000,20,,
walker2d-medium-replay-v2,1,ensemble,15,34,1,9.927832656343426,51.20666796346615,0.36208582158934854,20000,20000,20,,
walker2d-medium-replay-v2,1,ensemble,15,35,1,10.303846272120033,54.78866543297444,0.3874143685981722,20000,20000,20,,
walker2d-medium-replay-v2,1,ensemble,15,36,1,10.881361497753653,75.28343123806606,0.5323342473942767,20000,20000,20,,
walker2d-medium-replay-v2,1,ensemble,15,37,1,11.348908782186763,86.59083960648252,0.6122896987438047,20000,20000,20,,
walker2d-medium-replay-v2,1,ensemble,15,38,1,11.998253134610934,106.44284309922156,0.7526645616423527,20000,20000,20,,
walker2d-medium-replay-v2,1,ensemble,15,39,1,12.817282896978215,129.80491132109077,0.9178593302646173,20000,20000,20,,
walker2d-medium-replay-v2,1,ensemble,15,40,1,13.703749763568352,148.80793118080896,1.052230972322911,20000,20000,20,,
walker2d-medium-replay-v2,1,ensemble,15,41,1,15.133861383355926,188.04079780700334,1.3296492326906053,20000,20000,20,,
walker2d-medium-replay-v2,1,ensemble,15,42,1,16.10066802244922,198.31582209955113,1.4023046262317758,20000,20000,20,,
walker2d-medium-replay-v2,1,ensemble,15,43,1,16.902852599604053,202.33347731102472,1.4307137386768003,20000,20000,20,,
walker2d-medium-replay-v2,1,ensemble,15,44,1,18.721104193520958,269.51590431507503,1.9057652357881423,20000,20000,20,,
walker2d-medium-replay-v2,1,ensemble,15,45,1,21.389092371186276,345.45556151773457,2.4427397014779664,20000,20000,20,,
walker2d-medium-replay-v2,1,ensemble,15,46,1,24.03625050057548,472.5420626791878,3.3413769691633224,20000,20000,20,,
walker2d-medium-replay-v2,1,ensemble,15,47,1,27.160805729625135,590.5317346918489,4.175689941064615,20000,20000,20,,
walker2d-medium-replay-v2,1,ensemble,15,48,1,31.047947540674848,737.4965979063455,5.2148884548158545,20000,20000,20,,
walker2d-medium-replay-v2,1,ensemble,15,49,1,36.10175458461015,1008.2259112050582,7.129233787810826,20000,20000,20,,
walker2d-medium-replay-v2,1,ensemble,15,50,1,36.9350042827028,859.3157923742277,6.076280239685078,20000,20000,20,,
walker2d-medium-replay-v2,1,ensemble,15,51,1,42.02831849358934,1102.1798061955342,7.793588150477369,20000,20000,20,,
walker2d-medium-replay-v2,1,ensemble,15,52,1,46.02694413899952,1356.8698325369503,9.594518597743326,20000,20000,20,,
walker2d-medium-replay-v2,1,ensemble,15,53,1,51.1884194418417,1538.433250766079,10.878365840195588,20000,20000,20,,
walker2d-medium-replay-v2,1,ensemble,15,54,1,58.90307980493521,1736.3600685303984,12.277919790393831,20000,20000,20,,
walker2d-medium-replay-v2,1,ensemble,15,55,1,71.04439236383048,2303.4083983148516,16.287556982904757,20000,20000,20,,
walker2d-medium-replay-v2,1,ensemble,15,56,1,74.711455993649,2171.9574738509586,15.358058582088162,20000,20000,20,,
walker2d-medium-replay-v2,1,ensemble,15,57,1,79.23692375212232,2109.7575525015645,14.918238720333898,20000,20000,20,,
walker2d-medium-replay-v2,1,ensemble,15,58,1,88.32469891744832,2540.1336646154346,17.96145739369809,20000,20000,20,,
walker2d-medium-replay-v2,1,ensemble,15,59,1,101.48533995062776,3408.4440832867804,24.101339245872477,20000,20000,20,,
walker2d-medium-replay-v2,1,ensemble,15,60,1,117.76086728933004,4335.486552400831,30.656519409457136,20000,20000,20,,
walker2d-medium-replay-v2,1,ensemble,15,61,1,142.15267325479252,5720.202434032509,40.447939308641814,20000,20000,20,,
walker2d-medium-replay-v2,1,ensemble,15,62,1,147.7171036958335,4704.504967224512,33.26587364450249,20000,20000,20,,
walker2d-medium-replay-v2,1,ensemble,15,63,1,170.59151015877697,5289.649847336503,37.403472771540265,20000,20000,20,,
walker2d-medium-replay-v2,1,ensemble,15,64,1,198.05023982509573,5813.562014094667,41.10809123014862,20000,20000,20,,
walker2d-medium-replay-v2,1,ensemble,15,65,1,225.2342048253701,6263.866330632521,44.29222358836352,20000,20000,20,,
walker2d-medium-replay-v2,1,ensemble,15,66,1,217.40532677951018,5389.152968959098,38.10706609202594,20000,20000,20,,
walker2d-medium-replay-v2,1,ensemble,15,67,1,241.62538994976595,5535.693193053469,39.1432619537632,20000,20000,20,,
walker2d-medium-replay-v2,1,ensemble,15,68,1,274.7700357980815,7306.281009798768,51.663208472832046,20000,20000,20,,
walker2d-medium-replay-v2,1,ensemble,15,69,1,265.6773795939646,5640.382924260355,39.88353014233306,20000,20000,20,,
walker2d-medium-replay-v2,1,ensemble,15,70,1,316.8792204936915,6707.461601765593,47.428915831568325,20000,20000,20,,
walker2d-medium-replay-v2,1,ensemble,15,71,1,385.16582456706476,8662.516804687673,61.253243747370774,20000,20000,20,,
walker2d-medium-replay-v2,1,ensemble,15,72,1,415.5896335217356,9126.344775925454,64.5330027850331,20000,20000,20,,
walker2d-medium-replay-v2,1,ensemble,15,73,1,461.55928575332587,10269.600690116547,72.61704288059458,20000,20000,20,,
walker2d-medium-replay-v2,1,ensemble,15,74,1,513.6879040653962,12152.562133813379,85.93159093610299,20000,20000,20,,
walker2d-medium-replay-v2,1,ensemble,15,75,1,631.2612866722782,15869.209080408122,112.21225352823718,20000,20000,20,,
walker2d-medium-replay-v2,1,ensemble,15,76,1,740.828773842303,18947.763287044592,133.98091908586738,20000,20000,20,,
walker2d-medium-replay-v2,1,ensemble,15,77,1,918.1245287453877,25064.745805865394,177.23451728044495,20000,20000,20,,
walker2d-medium-replay-v2,1,ensemble,15,78,1,1032.3493553401058,26394.190534224083,186.6351111067963,20000,20000,20,,
walker2d-medium-replay-v2,1,ensemble,15,79,1,1219.8240717087067,33187.12440251735,234.66840713101567,20000,20000,20,,
walker2d-medium-replay-v2,1,ensemble,15,80,1,1377.6328074504029,37746.8471064815,266.9105155740488,20000,20000,20,,
walker2d-medium-replay-v2,1,ensemble,15,81,1,1568.5711274275925,44275.904398235456,313.07792243159577,20000,20000,20,,
walker2d-medium-replay-v2,1,ensemble,15,82,1,2077.1245025445364,66440.54639829567,469.80560903974316,20000,20000,20,,
walker2d-medium-replay-v2,1,ensemble,15,83,1,2724.4400209895443,94999.27721535166,671.7463312679583,20000,20000,20,,
walker2d-medium-replay-v2,1,ensemble,15,84,1,2891.728952062374,97297.25221519104,687.9954683217941,20000,20000,20,,
walker2d-medium-replay-v2,1,ensemble,15,85,1,3397.504603161529,124548.36999988042,880.689970126466,20000,20000,20,,
walker2d-medium-replay-v2,1,ensemble,15,86,1,4215.803847832841,154504.13656037828,1092.5092268321584,20000,20000,20,,
walker2d-medium-replay-v2,1,ensemble,15,87,1,5753.565301446786,251650.29334799305,1779.436289139498,20000,20000,20,,
walker2d-medium-replay-v2,1,ensemble,15,88,1,6003.220769915408,234195.9305606758,1656.0153062574766,20000,20000,20,,
walker2d-medium-replay-v2,1,ensemble,15,89,1,7346.418415178157,308116.49650205014,2178.7126407204078,20000,20000,20,,
walker2d-medium-replay-v2,1,ensemble,15,90,1,9163.203400888016,395428.6783692931,2796.102999505614,20000,20000,20,,
walker2d-medium-replay-v2,1,ensemble,15,91,1,10917.183478921945,487043.80404146697,3443.919765726133,20000,20000,20,,
walker2d-medium-replay-v2,1,ensemble,15,92,1,13976.270120088211,738342.7907618289,5220.871941878893,20000,20000,20,,
walker2d-medium-replay-v2,1,ensemble,15,93,1,18624.486110939553,1155492.724579971,8170.567411622172,20000,20000,20,,
walker2d-medium-replay-v2,1,ensemble,15,94,1,23817.517084310763,1592932.6506404078,11263.734792412939,20000,20000,20,,
walker2d-medium-replay-v2,1,ensemble,15,95,1,35566.302092220765,2647480.4016153975,18720.513450407318,20000,20000,20,,
walker2d-medium-replay-v2,1,ensemble,15,96,1,50326.28060297139,4022157.625734274,28440.949321578886,20000,20000,20,,
walker2d-medium-replay-v2,1,ensemble,15,97,1,51271.85098135219,3697543.9727266794,26145.584168504818,20000,20000,20,,
walker2d-medium-replay-v2,1,ensemble,15,98,1,58692.835076242925,4216874.574055411,29817.80606727715,20000,20000,20,,
walker2d-medium-replay-v2,1,ensemble,15,99,1,64349.50100136649,4998459.281599811,35344.44453504065,20000,20000,20,,
walker2d-medium-replay-v2,1,ensemble,15,100,1,71230.45222276295,4789231.678767288,33864.98196729783,20000,20000,20,,
walker2d-medium-replay-v2,1,ensemble,16,1,1,0.7722042172415482,1.6733793443972194,0.01183257881920773,20000,20000,20,,
walker2d-medium-replay-v2,1,ensemble,16,2,1,1.1649234588630337,2.496332324298794,0.017651735146068527,20000,20000,20,,
walker2d-medium-replay-v2,1,ensemble,16,3,1,1.4652088113163255,3.051758745361349,0.021579193033903602,20000,20000,20,,
walker2d-medium-replay-v2,1,ensemble,16,4,1,1.7392029383999532,3.61293500675874,0.0255473084326537,20000,20000,20,,
walker2d-medium-replay-v2,1,ensemble,16,5,1,2.010316233371078,4.142402280235355,0.029291207427570364,20000,20000,20,,
walker2d-medium-replay-v2,1,ensemble,16,6,1,2.3008444089795996,4.771371096819391,0.03373868858118486,20000,20000,20,,
walker2d-medium-replay-v2,1,ensemble,16,7,1,2.6076581244491566,5.389811928031013,0.03811172563630869,20000,20000,20,,
walker2d-medium-replay-v2,1,ensemble,16,8,1,2.944725627761024,6.235350673265557,0.044090587441421795,20000,20000,20,,
walker2d-medium-replay-v2,1,ensemble,16,9,1,3.2567007649201636,7.019324226834455,0.04963411760141663,20000,20000,20,,
walker2d-medium-replay-v2,1,ensemble,16,10,1,3.518174327138809,7.792186304040098,0.055099077758556936,20000,20000,20,,
walker2d-medium-replay-v2,1,ensemble,16,11,1,3.7370979080619633,7.894980492858092,0.055825942438354675,20000,20000,20,,
walker2d-medium-replay-v2,1,ensemble,16,12,1,3.9898513517362937,8.397740811699283,0.05938099474599585,20000,20000,20,,
walker2d-medium-replay-v2,1,ensemble,16,13,1,4.162738471193741,8.616701165891412,0.06092927825859847,20000,20000,20,,
walker2d-medium-replay-v2,1,ensemble,16,14,1,4.376927016834599,9.040629314341437,0.06392690294364718,20000,20000,20,,
walker2d-medium-replay-v2,1,ensemble,16,15,1,4.560749510089366,9.328420863961021,0.0659618965066891,20000,20000,20,,
walker2d-medium-replay-v2,1,ensemble,16,16,1,4.811648826857227,9.766904339602384,0.06906244289733164,20000,20000,20,,
walker2d-medium-replay-v2,1,ensemble,16,17,1,5.012432386797279,9.782747002950424,0.06917446744418619,20000,20000,20,,
walker2d-medium-replay-v2,1,ensemble,16,18,1,5.303594261336811,11.226579469147149,0.0793839047216362,20000,20000,20,,
walker2d-medium-replay-v2,1,ensemble,16,19,1,5.498714749428047,11.630017234465047,0.08223664051806652,20000,20000,20,,
walker2d-medium-replay-v2,1,ensemble,16,20,1,5.768608344023065,12.757237044130207,0.09020728823108697,20000,20000,20,,
walker2d-medium-replay-v2,1,ensemble,16,21,1,5.99718441755235,13.40245449337493,0.09476966456809527,20000,20000,20,,
walker2d-medium-replay-v2,1,ensemble,16,22,1,6.2507925468921135,14.388132815807436,0.10173946282670132,20000,20000,20,,
walker2d-medium-replay-v2,1,ensemble,16,23,1,6.507027227025226,14.607479933627966,0.10329048117114753,20000,20000,20,,
walker2d-medium-replay-v2,1,ensemble,16,24,1,6.781900489397849,15.813327333788946,0.11181710990844751,20000,20000,20,,
walker2d-medium-replay-v2,1,ensemble,16,25,1,6.986132666784349,18.845894563275795,0.13326059843219004,20000,20000,20,,
walker2d-medium-replay-v2,1,ensemble,16,26,1,7.226110090591897,23.82857238770456,0.16849345121340417,20000,20000,20,,
walker2d-medium-replay-v2,1,ensemble,16,27,1,7.5324528393748755,27.903406685625004,0.19730688085611486,20000,20000,20,,
walker2d-medium-replay-v2,1,ensemble,16,28,1,7.788114625844508,29.767989442666877,0.21049147197199303,20000,20000,20,,
walker2d-medium-replay-v2,1,ensemble,16,29,1,8.29562990633281,43.053642819386106,0.30443522792371425,20000,20000,20,,
walker2d-medium-replay-v2,1,ensemble,16,30,1,8.69395448110165,65.42172473730271,0.46260145198666447,20000,20000,20,,
walker2d-medium-replay-v2,1,ensemble,16,31,1,8.996943660681683,55.665657515429444,0.39361563908368064,20000,20000,20,,
walker2d-medium-replay-v2,1,ensemble,16,32,1,9.385299568951762,62.23933313234479,0.44009854514409563,20000,20000,20,,
walker2d-medium-replay-v2,1,ensemble,16,33,1,9.682854526297433,64.51182119598127,0.4561674623437241,20000,20000,20,,
walker2d-medium-replay-v2,1,ensemble,16,34,1,9.980042646135772,64.9223996874627,0.4590706906990827,20000,20000,20,,
walker2d-medium-replay-v2,1,ensemble,16,35,1,10.386554002684182,66.78775716294943,0.47226075990161953,20000,20000,20,,
walker2d-medium-replay-v2,1,ensemble,16,36,1,11.126190417451866,100.29386254926109,0.7091847031997404,20000,20000,20,,
walker2d-medium-replay-v2,1,ensemble,16,37,1,11.800275670989189,100.95375710581469,0.7138508623578117,20000,20000,20,,
walker2d-medium-replay-v2,1,ensemble,16,38,1,12.668971022850089,131.32814437535836,0.9286302144846185,20000,20000,20,,
walker2d-medium-replay-v2,1,ensemble,16,39,1,13.517820114988709,145.8059484476584,1.0310037488467543,20000,20000,20,,
walker2d-medium-replay-v2,1,ensemble,16,40,1,13.980303247718911,146.4503233765014,1.035560167664869,20000,20000,20,,
walker2d-medium-replay-v2,1,ensemble,16,41,1,15.023477813004263,172.7636734367385,1.22162365029816,20000,20000,20,,
walker2d-medium-replay-v2,1,ensemble,16,42,1,16.376403937719523,208.83286004999806,1.4766713147593487,20000,20000,20,,
walker2d-medium-replay-v2,1,ensemble,16,43,1,18.133963497465555,265.74929564149863,1.879131290436523,20000,20000,20,,
walker2d-medium-replay-v2,1,ensemble,16,44,1,20.103991064889687,334.7092864082067,2.366752061453533,20000,20000,20,,
walker2d-medium-replay-v2,1,ensemble,16,45,1,22.4006323006281,406.90388016768117,2.8772449295768565,20000,20000,20,,
walker2d-medium-replay-v2,1,ensemble,16,46,1,24.277770770143665,454.41290721304966,3.213184481490408,20000,20000,20,,
walker2d-medium-replay-v2,1,ensemble,16,47,1,27.261431189958465,596.7214562079592,4.219457881641595,20000,20000,20,,
walker2d-medium-replay-v2,1,ensemble,16,48,1,30.046759018503863,681.3304702714768,4.817733957579806,20000,20000,20,,
walker2d-medium-replay-v2,1,ensemble,16,49,1,33.582365318261594,783.530013693526,5.540393859458807,20000,20000,20,,
walker2d-medium-replay-v2,1,ensemble,16,50,1,38.04977270239681,943.4001448509895,6.670846397965058,20000,20000,20,,
walker2d-medium-replay-v2,1,ensemble,16,51,1,42.6614568821435,1080.7157403516003,7.641814285376567,20000,20000,20,,
walker2d-medium-replay-v2,1,ensemble,16,52,1,45.99990550243116,1074.2316460897835,7.595964815152732,20000,20000,20,,
walker2d-medium-replay-v2,1,ensemble,16,53,1,58.756801443096364,1909.7980580544922,13.504311575472311,20000,20000,20,,
walker2d-medium-replay-v2,1,ensemble,16,54,1,64.39128414759124,1877.450625261862,13.275580684655862,20000,20000,20,,
walker2d-medium-replay-v2,1,ensemble,16,55,1,81.57758709186838,3209.1688247039897,22.692250379206538,20000,20000,20,,
walker2d-medium-replay-v2,1,ensemble,16,56,1,104.62739545247629,5092.831488321072,36.011756808322076,20000,20000,20,,
walker2d-medium-replay-v2,1,ensemble,16,57,1,122.65922798639117,6473.698315917238,45.775959785410116,20000,20000,20,,
walker2d-medium-replay-v2,1,ensemble,16,58,1,165.416299569161,10239.827650707599,72.40651569996857,20000,20000,20,,
walker2d-medium-replay-v2,1,ensemble,16,59,1,187.1797187204246,10674.557890513208,75.48052270550257,20000,20000,20,,
walker2d-medium-replay-v2,1,ensemble,16,60,1,199.35447664553504,10703.666398307763,75.68635093802008,20000,20000,20,,
walker2d-medium-replay-v2,1,ensemble,16,61,1,209.69339586051666,10486.500023207118,74.1507527732264,20000,20000,20,,
walker2d-medium-replay-v2,1,ensemble,16,62,1,259.76037850568076,13410.368430846209,94.82562455661355,20000,20000,20,,
walker2d-medium-replay-v2,1,ensemble,16,63,1,276.9794993183262,13671.67850493714,96.6733658104341,20000,20000,20,,
walker2d-medium-replay-v2,1,ensemble,16,64,1,381.04023893083047,22761.921779424592,160.95109243068896,20000,20000,20,,
walker2d-medium-replay-v2,1,ensemble,16,65,1,368.36018114786,16501.225164381376,116.68128211620173,20000,20000,20,,
walker2d-medium-replay-v2,1,ensemble,16,66,1,360.6428678353157,12451.78892990359,88.04744390238413,20000,20000,20,,
walker2d-medium-replay-v2,1,ensemble,16,67,1,431.31727765662737,14673.830800081945,103.75965264721965,20000,20000,20,,
walker2d-medium-replay-v2,1,ensemble,16,68,1,605.4427229945627,21531.165263091316,152.24832964380104,20000,20000,20,,
walker2d-medium-replay-v2,1,ensemble,16,69,1,762.8474303466215,28370.022339186027,200.6063517845228,20000,20000,20,,
walker2d-medium-replay-v2,1,ensemble,16,70,1,952.7638358806352,37744.71199996468,266.8954180910828,20000,20000,20,,
walker2d-medium-replay-v2,1,ensemble,16,71,1,1036.8185439162892,40623.62084993467,287.2523777934002,20000,20000,20,,
walker2d-medium-replay-v2,1,ensemble,16,72,1,1191.0497990418712,48631.37003386741,343.8757152933991,20000,20000,20,,
walker2d-medium-replay-v2,1,ensemble,16,73,1,1249.7882252066988,45599.834897807676,322.4395247722679,20000,20000,20,,
walker2d-medium-replay-v2,1,ensemble,16,74,1,1308.558034006696,45475.36737575456,321.5594064834554,20000,20000,20,,
walker2d-medium-replay-v2,1,ensemble,16,75,1,1573.0545101304274,62368.76180658211,441.01374407642754,20000,20000,20,,
walker2d-medium-replay-v2,1,ensemble,16,76,1,1915.4594936240114,79188.59145821109,559.9479001271217,20000,20000,20,,
walker2d-medium-replay-v2,1,ensemble,16,77,1,2022.6017465493658,78139.35232797897,552.5286590863876,20000,20000,20,,
walker2d-medium-replay-v2,1,ensemble,16,78,1,2326.475927628234,89838.5189310223,635.254259478819,20000,20000,20,,
walker2d-medium-replay-v2,1,ensemble,16,79,1,3041.6913111537087,128661.13095095452,909.7715817055033,20000,20000,20,,
walker2d-medium-replay-v2,1,ensemble,16,80,1,3377.651506854862,138163.53829572277,976.9637484163281,20000,20000,20,,
walker2d-medium-replay-v2,1,ensemble,16,81,1,3592.691063113284,139096.88143201062,983.5634810247587,20000,20000,20,,
walker2d-medium-replay-v2,1,ensemble,16,82,1,3883.586360861714,167373.25383785812,1183.507627780068,20000,20000,20,,
walker2d-medium-replay-v2,1,ensemble,16,83,1,4335.33839289735,198518.2365210557,1403.735912332334,20000,20000,20,,
walker2d-medium-replay-v2,1,ensemble,16,84,1,4886.968175329138,265131.9742361197,1874.7661689173724,20000,20000,20,,
walker2d-medium-replay-v2,1,ensemble,16,85,1,5729.622882699764,351717.2616054739,2487.016607415935,20000,20000,20,,
walker2d-medium-replay-v2,1,ensemble,16,86,1,6028.595453727262,340925.01010192663,2410.7038651916455,20000,20000,20,,
walker2d-medium-replay-v2,1,ensemble,16,87,1,7073.036668485119,466475.2752984004,3298.478304193605,20000,20000,20,,
walker2d-medium-replay-v2,1,ensemble,16,88,1,8496.934689457135,537879.6261754549,3803.383311307494,20000,20000,20,,
walker2d-medium-replay-v2,1,ensemble,16,89,1,9261.585804711009,603489.845632292,4267.317622238164,20000,20000,20,,
walker2d-medium-replay-v2,1,ensemble,16,90,1,14838.14350911298,1267895.6041549349,8965.37579534569,20000,20000,20,,
walker2d-medium-replay-v2,1,ensemble,16,91,1,14970.194372199023,1169233.2045507745,8267.727277263302,20000,20000,20,,
walker2d-medium-replay-v2,1,ensemble,16,92,1,19304.413698804434,1555283.7305273714,10997.516725250152,20000,20000,20,,
walker2d-medium-replay-v2,1,ensemble,16,93,1,18187.446730091822,1223172.8867669592,8649.138427964419,20000,20000,20,,
walker2d-medium-replay-v2,1,ensemble,16,94,1,19380.923761666374,1181377.9675710076,8353.603720138406,20000,20000,20,,
walker2d-medium-replay-v2,1,ensemble,16,95,1,21427.35813403997,1206591.6316151477,8531.891248380116,20000,20000,20,,
walker2d-medium-replay-v2,1,ensemble,16,96,1,24412.951048685904,1315741.398241477,9303.696649844182,20000,20000,20,,
walker2d-medium-replay-v2,1,ensemble,16,97,1,30040.687978736456,1578281.2049341935,11160.133426282433,20000,20000,20,,
walker2d-medium-replay-v2,1,ensemble,16,98,1,32924.97110058518,1819253.9803641078,12864.068262160787,20000,20000,20,,
walker2d-medium-replay-v2,1,ensemble,16,99,1,36742.55031525943,2108430.0261586327,14908.85169154099,20000,20000,20,,
walker2d-medium-replay-v2,1,ensemble,16,100,1,38217.05034721977,2105018.4863303727,14884.728462072482,20000,20000,20,,
walker2d-medium-replay-v2,1,ensemble,17,1,1,0.7676633789425796,1.6595249465855084,0.01173461343278856,20000,20000,20,,
walker2d-medium-replay-v2,1,ensemble,17,2,1,1.1290883484595255,2.417353507305019,0.017093270575404634,20000,20000,20,,
walker2d-medium-replay-v2,1,ensemble,17,3,1,1.4315507634427918,2.9190787174237562,0.02064100355907668,20000,20000,20,,
walker2d-medium-replay-v2,1,ensemble,17,4,1,1.694511702245769,3.480376610276269,0.024609979022093997,20000,20000,20,,
walker2d-medium-replay-v2,1,ensemble,17,5,1,2.0040665660997763,4.074851858985532,0.02881355381819279,20000,20000,20,,
walker2d-medium-replay-v2,1,ensemble,17,6,1,2.2846261337567126,4.629928528881888,0.03273853859181439,20000,20000,20,,
walker2d-medium-replay-v2,1,ensemble,17,7,1,2.6063837688266296,5.486348876490116,0.03879434494521357,20000,20000,20,,
walker2d-medium-replay-v2,1,ensemble,17,8,1,2.935521659391919,6.140640807263473,0.04342088755646837,20000,20000,20,,
walker2d-medium-replay-v2,1,ensemble,17,9,1,3.2341814866784895,6.868902999466843,0.048570478902356204,20000,20000,20,,
walker2d-medium-replay-v2,1,ensemble,17,10,1,3.5154460352151045,7.367863286756564,0.05209866092920971,20000,20000,20,,
walker2d-medium-replay-v2,1,ensemble,17,11,1,3.7494606997004,7.964662984923246,0.056318672065047155,20000,20000,20,,
walker2d-medium-replay-v2,1,ensemble,17,12,1,3.9579369704840786,8.315189757020416,0.05879727064042056,20000,20000,20,,
walker2d-medium-replay-v2,1,ensemble,17,13,1,4.267208940946215,8.790637267742257,0.06215919222971734,20000,20000,20,,
walker2d-medium-replay-v2,1,ensemble,17,14,1,4.462606361128933,9.171906219430193,0.06485517084166159,20000,20000,20,,
walker2d-medium-replay-v2,1,ensemble,17,15,1,4.613710401128872,9.234528641840361,0.06529797823706718,20000,20000,20,,
walker2d-medium-replay-v2,1,ensemble,17,16,1,4.852452866257069,10.038361424358415,0.07098193435165286,20000,20000,20,,
walker2d-medium-replay-v2,1,ensemble,17,17,1,5.135451462686322,10.593039182140807,0.07490409839066563,20000,20000,20,,
walker2d-medium-replay-v2,1,ensemble,17,18,1,5.385264695229812,11.235819040364689,0.07944923835626798,20000,20000,20,,
walker2d-medium-replay-v2,1,ensemble,17,19,1,5.618834749891603,11.816338981220504,0.08355413422419959,20000,20000,20,,
walker2d-medium-replay-v2,1,ensemble,17,20,1,5.809705495858814,12.414334118261902,0.0877825983893851,20000,20000,20,,
walker2d-medium-replay-v2,1,ensemble,17,21,1,6.0501710658299785,13.061820396048454,0.09236101776686617,20000,20000,20,,
walker2d-medium-replay-v2,1,ensemble,17,22,1,6.239475568446479,13.322748369455764,0.09420605716084189,20000,20000,20,,
walker2d-medium-replay-v2,1,ensemble,17,23,1,6.426858138667979,14.018880496729226,0.09912845463881072,20000,20000,20,,
walker2d-medium-replay-v2,1,ensemble,17,24,1,6.671525078043141,15.303717747912897,0.10821362596914127,20000,20000,20,,
walker2d-medium-replay-v2,1,ensemble,17,25,1,6.888834506554814,17.044131390369284,0.12052020885564618,20000,20000,20,,
walker2d-medium-replay-v2,1,ensemble,17,26,1,7.184036533680199,18.834185010298864,0.1331777993890435,20000,20000,20,,
walker2d-medium-replay-v2,1,ensemble,17,27,1,7.4635973650763745,20.177615589511618,0.14267728811519062,20000,20000,20,,
walker2d-medium-replay-v2,1,ensemble,17,28,1,7.707365490216422,22.05714029092483,0.15596753473295966,20000,20000,20,,
walker2d-medium-replay-v2,1,ensemble,17,29,1,8.089765023320613,27.02342517526168,0.19108447192314798,20000,20000,20,,
walker2d-medium-replay-v2,1,ensemble,17,30,1,8.485718616320932,31.944974329003692,0.2258850797286869,20000,20000,20,,
walker2d-medium-replay-v2,1,ensemble,17,31,1,8.851580377768611,37.96829174738033,0.2684763656464186,20000,20000,20,,
walker2d-medium-replay-v2,1,ensemble,17,32,1,9.285417998399888,50.74629810440844,0.3588305150974125,20000,20000,20,,
walker2d-medium-replay-v2,1,ensemble,17,33,1,10.219682011677662,92.02609025631416,0.6507227246632501,20000,20000,20,,
walker2d-medium-replay-v2,1,ensemble,17,34,1,11.205653244087463,162.6791907922386,1.1503155896713206,20000,20000,20,,
walker2d-medium-replay-v2,1,ensemble,17,35,1,12.246137213152481,239.5498097928345,1.693872949364609,20000,20000,20,,
walker2d-medium-replay-v2,1,ensemble,17,36,1,13.943136572501398,354.9192424690402,2.5096580312345083,20000,20000,20,,
walker2d-medium-replay-v2,1,ensemble,17,37,1,14.560732705426618,342.11177652861187,2.419095571071582,20000,20000,20,,
walker2d-medium-replay-v2,1,ensemble,17,38,1,16.821815871946143,530.2613789445621,3.749514168530294,20000,20000,20,,
walker2d-medium-replay-v2,1,ensemble,17,39,1,18.182776617053154,569.7899886575849,4.029023648319843,20000,20000,20,,
walker2d-medium-replay-v2,1,ensemble,17,40,1,20.317976767063843,699.5242473896487,4.946383389336367,20000,20000,20,,
walker2d-medium-replay-v2,1,ensemble,17,41,1,22.69571904510645,859.0767477533682,6.0745899389609175,20000,20000,20,,
walker2d-medium-replay-v2,1,ensemble,17,42,1,24.953975645319773,949.471282277865,6.71377582240565,20000,20000,20,,
walker2d-medium-replay-v2,1,ensemble,17,43,1,27.64348860272247,1020.0054399878387,7.212527634625688,20000,20000,20,,
walker2d-medium-replay-v2,1,ensemble,17,44,1,31.799513472267183,1233.524523894459,8.722335556056795,20000,20000,20,,
walker2d-medium-replay-v2,1,ensemble,17,45,1,36.44379018511336,1460.8339818917702,10.329656147834168,20000,20000,20,,
walker2d-medium-replay-v2,1,ensemble,17,46,1,39.47671264069201,1558.3497251410201,11.019196581074077,20000,20000,20,,
walker2d-medium-replay-v2,1,ensemble,17,47,1,49.279173038572786,2281.4939326508234,16.132598310133616,20000,20000,20,,
walker2d-medium-replay-v2,1,ensemble,17,48,1,62.00391277701811,3139.1984532677984,22.197485137959816,20000,20000,20,,
walker2d-medium-replay-v2,1,ensemble,17,49,1,68.54331986389174,3373.203244403766,23.85214888438366,20000,20000,20,,
walker2d-medium-replay-v2,1,ensemble,17,50,1,80.8840029986349,4140.112844293547,29.27501867077492,20000,20000,20,,
walker2d-medium-replay-v2,1,ensemble,17,51,1,104.07812189106713,6104.133874973102,43.16274456263998,20000,20000,20,,
walker2d-medium-replay-v2,1,ensemble,17,52,1,138.9361311878852,9415.203258981745,66.57554070675673,20000,20000,20,,
walker2d-medium-replay-v2,1,ensemble,17,53,1,164.97084410687341,12044.556649332142,85.16787683128278,20000,20000,20,,
walker2d-medium-replay-v2,1,ensemble,17,54,1,178.67389896561218,13253.112845801512,93.71365965096791,20000,20000,20,,
walker2d-medium-replay-v2,1,ensemble,17,55,1,287.43061566560596,24990.16808909582,176.70717318791318,20000,20000,20,,
walker2d-medium-replay-v2,1,ensemble,17,56,1,541.6854919230344,52872.92853515275,373.8680630839822,20000,20000,20,,
walker2d-medium-replay-v2,1,ensemble,17,57,1,681.3829721488615,62816.131830350816,444.17712785149195,20000,20000,20,,
walker2d-medium-replay-v2,1,ensemble,17,58,1,688.228548988508,66053.1589227054,467.066365930377,20000,20000,20,,
walker2d-medium-replay-v2,1,ensemble,17,59,1,795.1277017619861,79956.87594275453,565.3804918161325,20000,20000,20,,
walker2d-medium-replay-v2,1,ensemble,17,60,1,1471.6849253383473,165015.5664835458,1166.8362606185478,20000,20000,20,,
walker2d-medium-replay-v2,1,ensemble,17,61,1,1433.9511115730384,152777.84514589462,1080.3025031773034,20000,20000,20,,
walker2d-medium-replay-v2,1,ensemble,17,62,1,1431.5672858042085,149783.9697350124,1059.1326071266785,20000,20000,20,,
walker2d-medium-replay-v2,1,ensemble,17,63,1,1870.3640565737278,210366.92004065492,1487.518756980753,20000,20000,20,,
walker2d-medium-replay-v2,1,ensemble,17,64,1,2271.1465974522284,265173.21457439207,1875.0577821458805,20000,20000,20,,
walker2d-medium-replay-v2,1,ensemble,17,65,1,2869.494750666165,341369.2728701844,2413.845277352283,20000,20000,20,,
walker2d-medium-replay-v2,1,ensemble,17,66,1,3024.351698750736,351398.9853787136,2484.7660546336083,20000,20000,20,,
walker2d-medium-replay-v2,1,ensemble,17,67,1,4143.182462869585,498850.00548384065,3527.4022167257012,20000,20000,20,,
walker2d-medium-replay-v2,1,ensemble,17,68,1,5651.503249234378,702966.9620841597,4970.72705839816,20000,20000,20,,
walker2d-medium-replay-v2,1,ensemble,17,69,1,6360.487148969842,797027.7216234634,5635.837067536148,20000,20000,20,,
walker2d-medium-replay-v2,1,ensemble,17,70,1,8317.57319340932,1052492.0960193523,7442.242982405269,20000,20000,20,,
walker2d-medium-replay-v2,1,ensemble,17,71,1,9763.699769626815,1247535.5097271746,8821.408186991013,20000,20000,20,,
walker2d-medium-replay-v2,1,ensemble,17,72,1,11953.850964873358,1530176.210283677,10819.979747019206,20000,20000,20,,
walker2d-medium-replay-v2,1,ensemble,17,73,1,14607.921978664797,1885378.773702631,13331.641159903076,20000,20000,20,,
walker2d-medium-replay-v2,1,ensemble,17,74,1,13972.855062282813,1761696.8483495475,12457.077878629338,20000,20000,20,,
walker2d-medium-replay-v2,1,ensemble,17,75,1,13518.973990432478,1643882.626991096,11624.005530201597,20000,20000,20,,
walker2d-medium-replay-v2,1,ensemble,17,76,1,15957.521009910082,1990285.2941592596,14073.44227995875,20000,20000,20,,
walker2d-medium-replay-v2,1,ensemble,17,77,1,17807.532680943845,2217281.4350422467,15678.547385174119,20000,20000,20,,
walker2d-medium-replay-v2,1,ensemble,17,78,1,18409.37306136482,2206096.9741559816,15599.461303808182,20000,20000,20,,
walker2d-medium-replay-v2,1,ensemble,17,79,1,18980.058074829263,2191357.937960855,15495.240579390904,20000,20000,20,,
walker2d-medium-replay-v2,1,ensemble,17,80,1,18234.600500287346,2087054.6859751476,14757.705211601873,20000,20000,20,,
walker2d-medium-replay-v2,1,ensemble,17,81,1,20957.413793768774,2318693.379656579,16395.638122475208,20000,20000,20,,
walker2d-medium-replay-v2,1,ensemble,17,82,1,19181.190179122706,1991350.9992554535,14080.977952961386,20000,20000,20,,
walker2d-medium-replay-v2,1,ensemble,17,83,1,23759.84625092477,2608620.806182556,18445.73461596004,20000,20000,20,,
walker2d-medium-replay-v2,1,ensemble,17,84,1,26151.380207109578,2893239.3663622146,20458.291755505918,20000,20000,20,,
walker2d-medium-replay-v2,1,ensemble,17,85,1,38884.156600177266,4344470.23827638,30720.043661483644,20000,20000,20,,
walker2d-medium-replay-v2,1,ensemble,17,86,1,51523.838935685584,5649547.699856471,39948.334892053725,20000,20000,20,,
walker2d-medium-replay-v2,1,ensemble,17,87,1,58382.37118013489,6421365.019078055,45405.90749464177,20000,20000,20,,
walker2d-medium-replay-v2,1,ensemble,17,88,1,54518.67577694777,5849304.280593862,41360.8272203142,20000,20000,20,,
walker2d-medium-replay-v2,1,ensemble,17,89,1,64246.002631372336,7270052.003180338,51407.03071027661,20000,20000,20,,
walker2d-medium-replay-v2,1,ensemble,17,90,1,75658.6111737025,8839296.278209778,62503.26339239145,20000,20000,20,,
walker2d-medium-replay-v2,1,ensemble,17,91,1,67118.92947863882,7586822.004426997,53646.93286985644,20000,20000,20,,
walker2d-medium-replay-v2,1,ensemble,17,92,1,63929.84096103027,7505454.215099488,53071.57571382004,20000,20000,20,,
walker2d-medium-replay-v2,1,ensemble,17,93,1,74856.154972766,8766036.597450476,61985.23922186681,20000,20000,20,,
walker2d-medium-replay-v2,1,ensemble,17,94,1,83867.66049873707,9767986.096634649,69070.09207466275,20000,20000,20,,
walker2d-medium-replay-v2,1,ensemble,17,95,1,107860.42626871221,12893210.532371858,91168.76598705957,20000,20000,20,,
walker2d-medium-replay-v2,1,ensemble,17,96,1,106018.75587836916,12411705.7205475,87764.01281091,20000,20000,20,,
walker2d-medium-replay-v2,1,ensemble,17,97,1,159552.97144642472,19665950.773406778,139059.2715035676,20000,20000,20,,
walker2d-medium-replay-v2,1,ensemble,17,98,1,160382.01211006817,18995578.283736028,134319.02216989663,20000,20000,20,,
walker2d-medium-replay-v2,1,ensemble,17,99,1,232333.54638920832,28580921.96267105,202097.63732368228,20000,20000,20,,
walker2d-medium-replay-v2,1,ensemble,17,100,1,311390.30475983827,38390551.223730095,271462.1910378906,20000,20000,20,,
walker2d-medium-replay-v2,1,ensemble,18,1,1,0.7759062154796635,1.6692522671343013,0.011803395976016828,20000,20000,20,,
walker2d-medium-replay-v2,1,ensemble,18,2,1,1.1352061715666646,2.40104160224448,0.01697792798858085,20000,20000,20,,
walker2d-medium-replay-v2,1,ensemble,18,3,1,1.4541177807317995,3.03226665314918,0.021441363128076218,20000,20000,20,,
walker2d-medium-replay-v2,1,ensemble,18,4,1,1.7249029160835951,3.6526173747002475,0.025827905147303494,20000,20000,20,,
walker2d-medium-replay-v2,1,ensemble,18,5,1,2.025929337599174,4.2637739642321595,0.030149434835552078,20000,20000,20,,
walker2d-medium-replay-v2,1,ensemble,18,6,1,2.3412498914091215,5.0305185648375925,0.03557113790081481,20000,20000,20,,
walker2d-medium-replay-v2,1,ensemble,18,7,1,2.63248121873087,5.403555220990683,0.038208905392784855,20000,20000,20,,
walker2d-medium-replay-v2,1,ensemble,18,8,1,2.9511926763325365,6.035637875102146,0.04267840470271091,20000,20000,20,,
walker2d-medium-replay-v2,1,ensemble,18,9,1,3.245578801152477,6.7080849639724835,0.0474333236680046,20000,20000,20,,
walker2d-medium-replay-v2,1,ensemble,18,10,1,3.5147648982109376,7.222888755083158,0.05107353618475361,20000,20000,20,,
walker2d-medium-replay-v2,1,ensemble,18,11,1,3.8115516013226634,8.093834538619747,0.05723205288059914,20000,20000,20,,
walker2d-medium-replay-v2,1,ensemble,18,12,1,4.0629056118632425,8.513910058403114,0.060202435367091967,20000,20000,20,,
walker2d-medium-replay-v2,1,ensemble,18,13,1,4.250933121395875,8.676316029102361,0.06135081899895818,20000,20000,20,,
walker2d-medium-replay-v2,1,ensemble,18,14,1,4.437174652970817,8.77999397993929,0.062083932819921354,20000,20000,20,,
walker2d-medium-replay-v2,1,ensemble,18,15,1,4.567332352664595,8.948247649336079,0.06327366592582125,20000,20000,20,,
walker2d-medium-replay-v2,1,ensemble,18,16,1,4.770195255335285,9.252519420774513,0.06542519225489885,20000,20000,20,,
walker2d-medium-replay-v2,1,ensemble,18,17,1,4.992860730582933,9.728507763877513,0.06879093810663765,20000,20000,20,,
walker2d-medium-replay-v2,1,ensemble,18,18,1,5.220439721665772,10.110541210245678,0.07149232251230762,20000,20000,20,,
walker2d-medium-replay-v2,1,ensemble,18,19,1,5.545485972452016,11.116226391720415,0.07860359062790372,20000,20000,20,,
walker2d-medium-replay-v2,1,ensemble,18,20,1,5.719904106986232,11.589404674892007,0.08194946635531213,20000,20000,20,,
walker2d-medium-replay-v2,1,ensemble,18,21,1,5.896810868520351,12.078746104856673,0.0854096327897475,20000,20000,20,,
walker2d-medium-replay-v2,1,ensemble,18,22,1,6.07972707475338,11.931079978401854,0.08436547559606998,20000,20000,20,,
walker2d-medium-replay-v2,1,ensemble,18,23,1,6.290747027748742,12.825720247626315,0.09069153760698172,20000,20000,20,,
walker2d-medium-replay-v2,1,ensemble,18,24,1,6.510808267204276,13.31437901293199,0.09414687687332061,20000,20000,20,,
walker2d-medium-replay-v2,1,ensemble,18,25,1,6.745769640909047,13.500846178494172,0.09546539884569714,20000,20000,20,,
walker2d-medium-replay-v2,1,ensemble,18,26,1,6.916142607287538,14.241153822190752,0.100700164395918,20000,20000,20,,
walker2d-medium-replay-v2,1,ensemble,18,27,1,7.1878512254391,15.791203747896954,0.1116606725323636,20000,20000,20,,
walker2d-medium-replay-v2,1,ensemble,18,28,1,7.5197790619429465,18.157747420019664,0.12839466331768443,20000,20000,20,,
walker2d-medium-replay-v2,1,ensemble,18,29,1,7.792123848378241,19.926897231665624,0.14090444160518203,20000,20000,20,,
walker2d-medium-replay-v2,1,ensemble,18,30,1,8.0556074447004,23.61085578905575,0.16695396238058974,20000,20000,20,,
walker2d-medium-replay-v2,1,ensemble,18,31,1,8.312594882837125,29.007787451246582,0.20511603213994495,20000,20000,20,,
walker2d-medium-replay-v2,1,ensemble,18,32,1,8.607869533368902,26.927128642639225,0.1904035526109271,20000,20000,20,,
walker2d-medium-replay-v2,1,ensemble,18,33,1,8.956244613981369,26.721512155101692,0.1889496244843116,20000,20000,20,,
walker2d-medium-replay-v2,1,ensemble,18,34,1,9.328464099053177,29.040160725288803,0.2053449457559896,20000,20000,20,,
walker2d-medium-replay-v2,1,ensemble,18,35,1,9.813044215307826,38.65311596116771,0.2733188041013166,20000,20000,20,,
walker2d-medium-replay-v2,1,ensemble,18,36,1,10.258491152578442,44.422565070964744,0.31411496999379834,20000,20000,20,,
walker2d-medium-replay-v2,1,ensemble,18,37,1,10.88563769689579,59.795198879813206,0.4228159061031417,20000,20000,20,,
walker2d-medium-replay-v2,1,ensemble,18,38,1,11.3587254095646,66.4950053687808,0.47019069211300785,20000,20000,20,,
walker2d-medium-replay-v2,1,ensemble,18,39,1,12.122322808369212,93.45273284496929,0.6608106111509258,20000,20000,20,,
walker2d-medium-replay-v2,1,ensemble,18,40,1,12.695263166196746,102.2152390980655,0.7227708870684644,20000,20000,20,,
walker2d-medium-replay-v2,1,ensemble,18,41,1,13.46742619860724,120.95896294958169,0.8553090294694157,20000,20000,20,,
walker2d-medium-replay-v2,1,ensemble,18,42,1,14.509548535738498,154.58296593650405,1.093066634696311,20000,20000,20,,
walker2d-medium-replay-v2,1,ensemble,18,43,1,15.577934628774665,191.6033666874277,1.3548403988285276,20000,20000,20,,
walker2d-medium-replay-v2,1,ensemble,18,44,1,17.019995647347315,241.61141763598494,1.7084507182249995,20000,20000,20,,
walker2d-medium-replay-v2,1,ensemble,18,45,1,18.764649679763497,301.5840178072362,2.132521040889812,20000,20000,20,,
walker2d-medium-replay-v2,1,ensemble,18,46,1,21.46549711167111,477.6923078342318,3.3777947019023706,20000,20000,20,,
walker2d-medium-replay-v2,1,ensemble,18,47,1,23.066108882083313,534.9802912483821,3.7828819174288513,20000,20000,20,,
walker2d-medium-replay-v2,1,ensemble,18,48,1,26.179520754102256,581.0434149395804,4.108597388675662,20000,20000,20,,
walker2d-medium-replay-v2,1,ensemble,18,49,1,32.3917336434171,937.4933439576004,6.629079008296716,20000,20000,20,,
walker2d-medium-replay-v2,1,ensemble,18,50,1,32.41056304643322,781.5297407129134,5.526249793570653,20000,20000,20,,
walker2d-medium-replay-v2,1,ensemble,18,51,1,36.364538033329254,969.3381489668111,6.854255783972479,20000,20000,20,,
walker2d-medium-replay-v2,1,ensemble,18,52,1,42.35206609855037,1415.9549894523936,10.01231374896714,20000,20000,20,,
walker2d-medium-replay-v2,1,ensemble,18,53,1,50.313801307935705,1793.6368357393962,12.682927695373087,20000,20000,20,,
walker2d-medium-replay-v2,1,ensemble,18,54,1,64.51511831226935,2604.9737038916082,18.419945708343935,20000,20000,20,,
walker2d-medium-replay-v2,1,ensemble,18,55,1,84.21126509726884,3608.961384807925,25.519210682380766,20000,20000,20,,
walker2d-medium-replay-v2,1,ensemble,18,56,1,95.7994913110811,4050.025712328826,28.638006451675903,20000,20000,20,,
walker2d-medium-replay-v2,1,ensemble,18,57,1,104.77611860350073,4161.831159751809,29.428590352139775,20000,20000,20,,
walker2d-medium-replay-v2,1,ensemble,18,58,1,126.96361060652262,5781.637283748391,40.88234929699458,20000,20000,20,,
walker2d-medium-replay-v2,1,ensemble,18,59,1,143.53802873834533,6718.836094744027,47.50934564274442,20000,20000,20,,
walker2d-medium-replay-v2,1,ensemble,18,60,1,144.3990069655163,6083.711144646744,43.018334051598856,20000,20000,20,,
walker2d-medium-replay-v2,1,ensemble,18,61,1,183.62173461047226,9858.42289772013,69.70957682782637,20000,20000,20,,
walker2d-medium-replay-v2,1,ensemble,18,62,1,230.65167333980975,13474.98550834359,95.2825362934021,20000,20000,20,,
walker2d-medium-replay-v2,1,ensemble,18,63,1,269.72882067326236,16283.971758970572,115.14506855418324,20000,20000,20,,
walker2d-medium-replay-v2,1,ensemble,18,64,1,308.43066453005815,17823.642751140214,126.03218654777697,20000,20000,20,,
walker2d-medium-replay-v2,1,ensemble,18,65,1,389.264066004137,26297.807206901147,185.9535780633626,20000,20000,20,,
walker2d-medium-replay-v2,1,ensemble,18,66,1,359.01600350321235,19897.775666753558,140.69852104490118,20000,20000,20,,
walker2d-medium-replay-v2,1,ensemble,18,67,1,448.7963013549898,29574.744332921076,209.1250226966691,20000,20000,20,,
walker2d-medium-replay-v2,1,ensemble,18,68,1,565.2561056547731,42555.600473217586,300.91353672077605,20000,20000,20,,
walker2d-medium-replay-v2,1,ensemble,18,69,1,593.4814340094869,41016.19504348911,290.0282965372121,20000,20000,20,,
walker2d-medium-replay-v2,1,ensemble,18,70,1,634.4636043559141,37221.53752783076,263.1960159211869,20000,20000,20,,
walker2d-medium-replay-v2,1,ensemble,18,71,1,1119.4229108836248,101458.58220093457,717.4205148385358,20000,20000,20,,
walker2d-medium-replay-v2,1,ensemble,18,72,1,1050.4808165570794,85794.05606962573,606.6555883233123,20000,20000,20,,
walker2d-medium-replay-v2,1,ensemble,18,73,1,1078.5521583448676,79148.8486945272,559.666876350082,20000,20000,20,,
walker2d-medium-replay-v2,1,ensemble,18,74,1,735.1513541066619,26055.380816362478,184.2393646164779,20000,20000,20,,
walker2d-medium-replay-v2,1,ensemble,18,75,1,795.5053411961053,24619.983003821217,174.08956934699526,20000,20000,20,,
walker2d-medium-replay-v2,1,ensemble,18,76,1,890.4459792814013,25403.50015326781,179.62987224249167,20000,20000,20,,
walker2d-medium-replay-v2,1,ensemble,18,77,1,951.6243009380158,23363.648079435476,165.20593990224882,20000,20000,20,,
walker2d-medium-replay-v2,1,ensemble,18,78,1,1019.3556937769815,24568.20147269183,173.72341862897716,20000,20000,20,,
walker2d-medium-replay-v2,1,ensemble,18,79,1,1212.5124488319934,30497.28098561895,215.64834192682713,20000,20000,20,,
walker2d-medium-replay-v2,1,ensemble,18,80,1,1430.1771427386388,37848.069200556405,267.62626386531144,20000,20000,20,,
walker2d-medium-replay-v2,1,ensemble,18,81,1,1885.5595545760568,61080.442805842205,431.9039530588809,20000,20000,20,,
walker2d-medium-replay-v2,1,ensemble,18,82,1,2451.9682552104114,96529.18888862782,682.5644404558586,20000,20000,20,,
walker2d-medium-replay-v2,1,ensemble,18,83,1,2985.386752894041,114470.19550860881,809.4265148788717,20000,20000,20,,
walker2d-medium-replay-v2,1,ensemble,18,84,1,3663.0476824097054,157256.53124016096,1111.9715962579196,20000,20000,20,,
walker2d-medium-replay-v2,1,ensemble,18,85,1,4356.410814949506,181157.24446084246,1280.9751601933083,20000,20000,20,,
walker2d-medium-replay-v2,1,ensemble,18,86,1,5471.094307089635,273010.8068459785,1930.477928580021,20000,20000,20,,
walker2d-medium-replay-v2,1,ensemble,18,87,1,5879.212222087051,285177.0937263246,2016.5065681295578,20000,20000,20,,
walker2d-medium-replay-v2,1,ensemble,18,88,1,7424.82778553046,415841.9408371875,2940.446562677504,20000,20000,20,,
walker2d-medium-replay-v2,1,ensemble,18,89,1,8380.655467145172,471699.26521451754,3335.417491138971,20000,20000,20,,
walker2d-medium-replay-v2,1,ensemble,18,90,1,8951.713953565153,514952.68734692776,3641.2653721324864,20000,20000,20,,
walker2d-medium-replay-v2,1,ensemble,18,91,1,11536.899688424444,728330.7669238459,5150.076242386502,20000,20000,20,,
walker2d-medium-replay-v2,1,ensemble,18,92,1,12442.57105001928,724687.1638359895,5124.312077872748,20000,20000,20,,
walker2d-medium-replay-v2,1,ensemble,18,93,1,15903.366444637495,1116566.8625128146,7895.320001309987,20000,20000,20,,
walker2d-medium-replay-v2,1,ensemble,18,94,1,16561.63400038767,1039853.0775185511,7352.871625510682,20000,20000,20,,
walker2d-medium-replay-v2,1,ensemble,18,95,1,22309.890514864706,1554984.4119958724,10995.400223616576,20000,20000,20,,
walker2d-medium-replay-v2,1,ensemble,18,96,1,27368.904953073048,2065973.8455770856,14608.641159616063,20000,20000,20,,
walker2d-medium-replay-v2,1,ensemble,18,97,1,30712.17967068348,2216326.8108607545,15671.79717285194,20000,20000,20,,
walker2d-medium-replay-v2,1,ensemble,18,98,1,33253.17705430252,2214993.0125205535,15662.365794341027,20000,20000,20,,
walker2d-medium-replay-v2,1,ensemble,18,99,1,35721.6759936558,2316128.9658263535,16377.504978383999,20000,20000,20,,
walker2d-medium-replay-v2,1,ensemble,18,100,1,35518.65588648071,2037270.0272583456,14405.674513824786,20000,20000,20,,
walker2d-medium-replay-v2,1,ensemble,19,1,1,0.7606286943531115,1.6663964627302874,0.01178320238941862,20000,20000,20,,
walker2d-medium-replay-v2,1,ensemble,19,2,1,1.1274179414015466,2.3720121819700712,0.01677265898928136,20000,20000,20,,
walker2d-medium-replay-v2,1,ensemble,19,3,1,1.4627063079450453,3.071823796336446,0.02172107436999705,20000,20000,20,,
walker2d-medium-replay-v2,1,ensemble,19,4,1,1.7719984944216096,3.748529348099301,0.02650610521517804,20000,20000,20,,
walker2d-medium-replay-v2,1,ensemble,19,5,1,2.042967606059612,4.3199955040342815,0.030546981155980375,20000,20000,20,,
walker2d-medium-replay-v2,1,ensemble,19,6,1,2.347660256628925,5.0898792015658465,0.035990880988475804,20000,20000,20,,
walker2d-medium-replay-v2,1,ensemble,19,7,1,2.6713533839604096,5.5664886696196,0.039361018856861024,20000,20000,20,,
walker2d-medium-replay-v2,1,ensemble,19,8,1,2.978254151434869,6.155322865287619,0.043524705384374855,20000,20000,20,,
walker2d-medium-replay-v2,1,ensemble,19,9,1,3.2729315043420213,6.73213937591179,0.047603414046001984,20000,20000,20,,
walker2d-medium-replay-v2,1,ensemble,19,10,1,3.587932793549746,7.475963262501697,0.05286304318816455,20000,20000,20,,
walker2d-medium-replay-v2,1,ensemble,19,11,1,3.8128605167599177,7.838171470441018,0.05542424198851776,20000,20000,20,,
walker2d-medium-replay-v2,1,ensemble,19,12,1,4.03714674952071,8.353862681276249,0.059070729510316694,20000,20000,20,,
walker2d-medium-replay-v2,1,ensemble,19,13,1,4.229439614843949,8.835573475123992,0.06247693919932164,20000,20000,20,,
walker2d-medium-replay-v2,1,ensemble,19,14,1,4.45573906385178,9.045917712637578,0.06396429756661534,20000,20000,20,,
walker2d-medium-replay-v2,1,ensemble,19,15,1,4.621328234629512,9.061439717154823,0.06407405471313286,20000,20000,20,,
walker2d-medium-replay-v2,1,ensemble,19,16,1,4.826684086550095,9.435531591682286,0.06671928372578442,20000,20000,20,,
walker2d-medium-replay-v2,1,ensemble,19,17,1,5.094826221353336,10.173841660893961,0.07193992429136327,20000,20000,20,,
walker2d-medium-replay-v2,1,ensemble,19,18,1,5.373923629823261,11.159055996610979,0.0789064416684403,20000,20000,20,,
walker2d-medium-replay-v2,1,ensemble,19,19,1,5.497291357900483,11.02589890396992,0.07796487883674451,20000,20000,20,,
walker2d-medium-replay-v2,1,ensemble,19,20,1,5.7487562188940045,11.766111771829884,0.08319897422059774,20000,20000,20,,
walker2d-medium-replay-v2,1,ensemble,19,21,1,5.956759786204909,12.648091547037085,0.08943551301978173,20000,20000,20,,
walker2d-medium-replay-v2,1,ensemble,19,22,1,6.165571192443974,14.715392357278649,0.10405353723652427,20000,20000,20,,
walker2d-medium-replay-v2,1,ensemble,19,23,1,6.449705506350301,15.957178354312731,0.11283429022937724,20000,20000,20,,
walker2d-medium-replay-v2,1,ensemble,19,24,1,6.61684011043709,16.273791907721407,0.11507308613568568,20000,20000,20,,
walker2d-medium-replay-v2,1,ensemble,19,25,1,6.876327040237261,17.509023624164385,0.12380749336602097,20000,20000,20,,
walker2d-medium-replay-v2,1,ensemble,19,26,1,7.18729105180285,20.223570249877753,0.1430022366349108,20000,20000,20,,
walker2d-medium-replay-v2,1,ensemble,19,27,1,7.485407666612077,20.71018902329484,0.14644315098026983,20000,20000,20,,
walker2d-medium-replay-v2,1,ensemble,19,28,1,7.7457838110600905,21.49163535689486,0.1519688109964892,20000,20000,20,,
walker2d-medium-replay-v2,1,ensemble,19,29,1,8.027996117968735,23.732976403489896,0.16781748552648026,20000,20000,20,,
walker2d-medium-replay-v2,1,ensemble,19,30,1,8.386730432283208,28.560550368340408,0.2019535883987345,20000,20000,20,,
walker2d-medium-replay-v2,1,ensemble,19,31,1,8.751614172304722,31.041143858390612,0.21949403318055152,20000,20000,20,,
walker2d-medium-replay-v2,1,ensemble,19,32,1,9.230613056331421,37.71873203480664,0.2667117119957004,20000,20000,20,,
walker2d-medium-replay-v2,1,ensemble,19,33,1,9.595425131889396,42.92305810895636,0.3035118545810727,20000,20000,20,,
walker2d-medium-replay-v2,1,ensemble,19,34,1,10.010679568546124,47.139295817834714,0.33332515733149587,20000,20000,20,,
walker2d-medium-replay-v2,1,ensemble,19,35,1,10.339119761549233,49.02605320229299,0.3466665467415383,20000,20000,20,,
walker2d-medium-replay-v2,1,ensemble,19,36,1,10.632947350743823,48.31160732489081,0.3416146514945197,20000,20000,20,,
walker2d-medium-replay-v2,1,ensemble,19,37,1,10.919090657161886,47.388366876045524,0.3350863556740776,20000,20000,20,,
walker2d-medium-replay-v2,1,ensemble,19,38,1,11.47755673931988,52.59179850116214,0.3718801735496825,20000,20000,20,,
walker2d-medium-replay-v2,1,ensemble,19,39,1,12.032794814034663,60.047038710259265,0.42459668262195444,20000,20000,20,,
walker2d-medium-replay-v2,1,ensemble,19,40,1,12.842603091713105,70.71981134010235,0.5000645816281968,20000,20000,20,,
walker2d-medium-replay-v2,1,ensemble,19,41,1,13.904088894040129,87.0598822830147,0.6156063313162226,20000,20000,20,,
walker2d-medium-replay-v2,1,ensemble,19,42,1,14.769101966000356,102.2612363685079,0.7230961368869232,20000,20000,20,,
walker2d-medium-replay-v2,1,ensemble,19,43,1,15.710759830293775,123.74072582122925,0.8749790633713652,20000,20000,20,,
walker2d-medium-replay-v2,1,ensemble,19,44,1,16.992797664554026,154.05096669275844,1.0893048319679246,20000,20000,20,,
walker2d-medium-replay-v2,1,ensemble,19,45,1,18.40113184516667,177.35096934888762,1.2540607307660596,20000,20000,20,,
walker2d-medium-replay-v2,1,ensemble,19,46,1,19.875581100749777,195.70086330312765,1.3838140752570312,20000,20000,20,,
walker2d-medium-replay-v2,1,ensemble,19,47,1,22.145856332045472,238.57402607733775,1.6869731165426174,20000,20000,20,,
walker2d-medium-replay-v2,1,ensemble,19,48,1,24.39474906501747,280.5461031874862,1.983760519993324,20000,20000,20,,
walker2d-medium-replay-v2,1,ensemble,19,49,1,26.6656484588077,324.87162542356646,2.297189293520998,20000,20000,20,,
walker2d-medium-replay-v2,1,ensemble,19,50,1,28.917295281524268,360.1102173043857,2.546363766304923,20000,20000,20,,
walker2d-medium-replay-v2,1,ensemble,19,51,1,32.61160118173096,454.4293837229545,3.2133009880092485,20000,20000,20,,
walker2d-medium-replay-v2,1,ensemble,19,52,1,35.34967792480852,533.4270323383013,3.7718987183462858,20000,20000,20,,
walker2d-medium-replay-v2,1,ensemble,19,53,1,41.80714561347552,690.1603576293278,4.880170689858304,20000,20000,20,,
walker2d-medium-replay-v2,1,ensemble,19,54,1,45.558011715043264,760.0594446601159,5.374431874240494,20000,20000,20,,
walker2d-medium-replay-v2,1,ensemble,19,55,1,50.89955153258706,881.9588171869254,6.236390603601415,20000,20000,20,,
walker2d-medium-replay-v2,1,ensemble,19,56,1,58.19693379110073,1060.9239160532813,7.501864953642627,20000,20000,20,,
walker2d-medium-replay-v2,1,ensemble,19,57,1,66.6173443642966,1284.2333810583664,9.080901323724984,20000,20000,20,,
walker2d-medium-replay-v2,1,ensemble,19,58,1,75.08459205947084,1475.8629681215514,10.435927128608544,20000,20000,20,,
walker2d-medium-replay-v2,1,ensemble,19,59,1,83.50881760412412,1536.7460077224462,10.866435230218961,20000,20000,20,,
walker2d-medium-replay-v2,1,ensemble,19,60,1,93.33703913518762,1726.5884436239212,12.208823968048016,20000,20000,20,,
walker2d-medium-replay-v2,1,ensemble,19,61,1,110.83205359236861,2219.0621554724125,15.691138980089796,20000,20000,20,,
walker2d-medium-replay-v2,1,ensemble,19,62,1,126.9150363941635,2650.1194752780693,18.739174519236578,20000,20000,20,,
walker2d-medium-replay-v2,1,ensemble,19,63,1,148.38879160414515,3089.5567126265705,21.846465023586653,20000,20000,20,,
walker2d-medium-replay-v2,1,ensemble,19,64,1,180.61400956065935,4043.510191649226,28.59193476312084,20000,20000,20,,
walker2d-medium-replay-v2,1,ensemble,19,65,1,219.59380641968232,5378.0934818739015,38.028863708882064,20000,20000,20,,
walker2d-medium-replay-v2,1,ensemble,19,66,1,253.8885111337464,5965.889835978995,42.18521158832647,20000,20000,20,,
walker2d-medium-replay-v2,1,ensemble,19,67,1,310.9999840382886,8308.311421833992,58.74863346588462,20000,20000,20,,
walker2d-medium-replay-v2,1,ensemble,19,68,1,344.28580017863624,8626.345293492719,60.9974725388536,20000,20000,20,,
walker2d-medium-replay-v2,1,ensemble,19,69,1,378.963511037648,9015.13017092962,63.74659677143774,20000,20000,20,,
walker2d-medium-replay-v2,1,ensemble,19,70,1,446.8160358094644,11839.941458238069,83.72102893971878,20000,20000,20,,
walker2d-medium-replay-v2,1,ensemble,19,71,1,528.1989935553577,15650.153213865487,110.66329464132727,20000,20000,20,,
walker2d-medium-replay-v2,1,ensemble,19,72,1,646.1205866229321,23322.750080404094,164.9167473777283,20000,20000,20,,
walker2d-medium-replay-v2,1,ensemble,19,73,1,707.1045981399286,22687.683895495404,160.42615131921627,20000,20000,20,,
walker2d-medium-replay-v2,1,ensemble,19,74,1,859.476599106374,27093.178856776656,191.57770493526766,20000,20000,20,,
walker2d-medium-replay-v2,1,ensemble,19,75,1,1011.2309690473089,32461.740196277144,229.53916621903497,20000,20000,20,,
walker2d-medium-replay-v2,1,ensemble,19,76,1,1206.44083897628,41961.26475069759,296.7109485238231,20000,20000,20,,
walker2d-medium-replay-v2,1,ensemble,19,77,1,1448.5916710831295,51914.499699286804,367.0909477927268,20000,20000,20,,
walker2d-medium-replay-v2,1,ensemble,19,78,1,1536.5341074735918,50413.57421957356,356.47780194511773,20000,20000,20,,
walker2d-medium-replay-v2,1,ensemble,19,79,1,1852.852728903786,61187.4400236363,432.6605376415839,20000,20000,20,,
walker2d-medium-replay-v2,1,ensemble,19,80,1,1997.6615777239992,65072.3548605526,460.13103389674137,20000,20000,20,,
walker2d-medium-replay-v2,1,ensemble,19,81,1,2328.3316874370607,77100.18595444436,545.1806431913141,20000,20000,20,,
walker2d-medium-replay-v2,1,ensemble,19,82,1,2854.8010218236623,102708.29859019896,726.257344172624,20000,20000,20,,
walker2d-medium-replay-v2,1,ensemble,19,83,1,3184.0590735070214,108778.81463476793,769.1823747767886,20000,20000,20,,
walker2d-medium-replay-v2,1,ensemble,19,84,1,3848.73207219179,142316.51523111013,1006.3297299475654,20000,20000,20,,
walker2d-medium-replay-v2,1,ensemble,19,85,1,4094.2522063090178,148991.0333280141,1053.5257000222969,20000,20000,20,,
walker2d-medium-replay-v2,1,ensemble,19,86,1,4349.15728975913,146160.80076619706,1033.5129336543387,20000,20000,20,,
walker2d-medium-replay-v2,1,ensemble,19,87,1,4771.658418807934,148120.44980554108,1047.3697448989974,20000,20000,20,,
walker2d-medium-replay-v2,1,ensemble,19,88,1,4914.6987170505245,143711.7244015103,1016.1953486032015,20000,20000,20,,
walker2d-medium-replay-v2,1,ensemble,19,89,1,5457.922899562027,167992.57050240552,1187.886857912101,20000,20000,20,,
walker2d-medium-replay-v2,1,ensemble,19,90,1,6495.077878072506,207794.19581937572,1469.3268495508592,20000,20000,20,,
walker2d-medium-replay-v2,1,ensemble,19,91,1,7122.946189819926,224185.0573035872,1585.2277426006126,20000,20000,20,,
walker2d-medium-replay-v2,1,ensemble,19,92,1,8203.552823704878,281661.3992541551,1991.6468541110464,20000,20000,20,,
walker2d-medium-replay-v2,1,ensemble,19,93,1,9440.446012715853,348808.0446454955,2466.445337012499,20000,20000,20,,
walker2d-medium-replay-v2,1,ensemble,19,94,1,9084.942203041308,298031.3350539319,2107.3997802271524,20000,20000,20,,
walker2d-medium-replay-v2,1,ensemble,19,95,1,11048.499055824153,348098.77702847414,2461.4300575957805,20000,20000,20,,
walker2d-medium-replay-v2,1,ensemble,19,96,1,12016.355013147253,372415.2597399539,2633.3735557947084,20000,20000,20,,
walker2d-medium-replay-v2,1,ensemble,19,97,1,13723.3130736867,435286.1066720448,3077.9375778409376,20000,20000,20,,
walker2d-medium-replay-v2,1,ensemble,19,98,1,14956.82472382904,445983.81039904465,3153.5817663257994,20000,20000,20,,
walker2d-medium-replay-v2,1,ensemble,19,99,1,17082.588664351402,499972.948337288,3535.342621791277,20000,20000,20,,
walker2d-medium-replay-v2,1,ensemble,19,100,1,19764.88989399717,617957.5707146986,4369.619887379288,20000,20000,20,,
walker2d-medium-replay-v2,1,rnn,0,1,1,0.1887549881967207,0.5136961898275367,0.003632380592967432,20000,20000,20,,
walker2d-medium-replay-v2,1,rnn,0,2,1,0.31993941632406175,1.0059209946044532,0.0071129355662272525,20000,20000,20,,
walker2d-medium-replay-v2,1,rnn,0,3,1,0.4334868507919844,1.2555618191012967,0.008878162764854442,20000,20000,20,,
walker2d-medium-replay-v2,1,rnn,0,4,4,0.4486655034838263,1.2213927943394463,0.008636551273698086,20000,20000,20,,
walker2d-medium-replay-v2,1,rnn,0,5,3,0.5234307380281351,1.421008840862036,0.010048049874995812,20000,20000,20,,
walker2d-medium-replay-v2,1,rnn,0,6,1,0.6844671168547612,1.743213062968621,0.01232637777878084,20000,20000,20,,
walker2d-medium-replay-v2,1,rnn,0,7,5,0.7301669283229328,1.8483303785265133,0.013069669445291957,20000,20000,20,,
walker2d-medium-replay-v2,1,rnn,0,8,1,0.8574220446067818,2.174122661921982,0.01537336877376381,20000,20000,20,,
walker2d-medium-replay-v2,1,rnn,0,9,4,0.9070089891378138,2.256746027189842,0.01595760419241738,20000,20000,20,,
walker2d-medium-replay-v2,1,rnn,0,10,3,0.9829807928605165,2.4627144601726387,0.017414020949142406,20000,20000,20,,
walker2d-medium-replay-v2,1,rnn,0,11,3,1.0372751483077525,2.5144396764895927,0.017779773461302998,20000,20000,20,,
walker2d-medium-replay-v2,1,rnn,0,12,1,1.1516869677956951,2.7159182639838315,0.019204442216113633,20000,20000,20,,
walker2d-medium-replay-v2,1,rnn,0,13,5,1.1997226633951446,2.892239633759081,0.02045122257847543,20000,20000,20,,
walker2d-medium-replay-v2,1,rnn,0,14,3,1.2444093974056876,2.869958965364865,0.020293674461366238,20000,20000,20,,
walker2d-medium-replay-v2,1,rnn,0,15,4,1.3115491275810651,3.0455659488166322,0.021535403349590823,20000,20000,20,,
walker2d-medium-replay-v2,1,rnn,0,16,1,1.4216070828064278,3.177280757143564,0.02246676769109742,20000,20000,20,,
walker2d-medium-replay-v2,1,rnn,0,17,4,1.490187868361463,3.364262474838323,0.02378892809649615,20000,20000,20,,
walker2d-medium-replay-v2,1,rnn,0,18,3,1.539859176231554,3.408688369460391,0.02410306660997158,20000,20000,20,,
walker2d-medium-replay-v2,1,rnn,0,19,2,1.615935529658575,3.4784613531505113,0.024596436109080605,20000,20000,20,,
walker2d-medium-replay-v2,1,rnn,0,20,5,1.6839987351716046,3.5117996452293507,0.024832173433101856,20000,20000,20,,
walker2d-medium-replay-v2,1,rnn,0,21,3,1.7398821220673282,3.5293416979149925,0.024956214477201345,20000,20000,20,,
walker2d-medium-replay-v2,1,rnn,0,22,1,1.8514704449860693,3.677061692811571,0.026000752578283475,20000,20000,20,,
walker2d-medium-replay-v2,1,rnn,0,23,2,1.933153137023825,3.8765529778946997,0.027411368982982465,20000,20000,20,,
walker2d-medium-replay-v2,1,rnn,0,24,4,1.96303529757196,3.7998292857159286,0.026868850552809683,20000,20000,20,,
walker2d-medium-replay-v2,1,rnn,0,25,1,2.0955691934989917,3.9642361568137434,0.028031382687078957,20000,20000,20,,
walker2d-medium-replay-v2,1,rnn,0,26,5,2.1851243043494306,4.146498757232882,0.029320173894209624,20000,20000,20,,
walker2d-medium-replay-v2,1,rnn,0,27,3,2.2553022774900624,4.257676224006331,0.030106317300916105,20000,20000,20,,
walker2d-medium-replay-v2,1,rnn,0,28,1,2.3643358035057567,4.357639781745335,0.03081316639640393,20000,20000,20,,
walker2d-medium-replay-v2,1,rnn,0,29,3,2.4158484965499922,4.482222837472035,0.03169410163165684,20000,20000,20,,
walker2d-medium-replay-v2,1,rnn,0,30,2,2.5093176127295536,4.750001641711181,0.033587583715012095,20000,20000,20,,
walker2d-medium-replay-v2,1,rnn,0,31,4,2.5810123689927744,4.720938888329405,0.03338207901505003,20000,20000,20,,
walker2d-medium-replay-v2,1,rnn,0,32,2,2.679141557294347,4.865307639176264,0.03440292024220249,20000,20000,20,,
walker2d-medium-replay-v2,1,rnn,0,33,1,2.8212651480101356,5.039922646115553,0.035637634797239554,20000,20000,20,,
walker2d-medium-replay-v2,1,rnn,0,34,1,2.9384277001883667,5.160336005798125,0.036489085829009574,20000,20000,20,,
walker2d-medium-replay-v2,1,rnn,0,35,4,3.006400993541842,5.222043905311482,0.0369254265709963,20000,20000,20,,
walker2d-medium-replay-v2,1,rnn,0,36,2,3.088022058531505,5.281255387263732,0.03734411497512171,20000,20000,20,,
walker2d-medium-replay-v2,1,rnn,0,37,2,3.2404048869064357,5.510170837320412,0.0389627916456562,20000,20000,20,,
walker2d-medium-replay-v2,1,rnn,0,38,3,3.348025518251463,5.60046688873061,0.0396012811483214,20000,20000,20,,
walker2d-medium-replay-v2,1,rnn,0,39,1,3.476198308677399,5.7130517712172955,0.04039737648697566,20000,20000,20,,
walker2d-medium-replay-v2,1,rnn,0,40,5,3.55687349170234,5.820251621704506,0.041155393899192566,20000,20000,20,,
walker2d-medium-replay-v2,1,rnn,0,41,2,3.6885185617564216,6.001164921779814,0.04243464411209344,20000,20000,20,,
walker2d-medium-replay-v2,1,rnn,0,42,3,3.765439936447767,6.040290330757602,0.042711302532142344,20000,20000,20,,
walker2d-medium-replay-v2,1,rnn,0,43,4,3.876662670816563,6.202608545412473,0.043859065635067876,20000,20000,20,,
walker2d-medium-replay-v2,1,rnn,0,44,1,3.97512554345529,6.177500969818816,0.04368152826545358,20000,20000,20,,
walker2d-medium-replay-v2,1,rnn,0,45,5,4.030417889228759,6.2197367020187295,0.04398017999192296,20000,20000,20,,
walker2d-medium-replay-v2,1,rnn,0,46,1,4.186493866571778,6.366489167170831,0.04501787662457189,20000,20000,20,,
walker2d-medium-replay-v2,1,rnn,0,47,1,4.337496945471093,6.568561301054278,0.04644674238615011,20000,20000,20,,
walker2d-medium-replay-v2,1,rnn,0,48,5,4.424144473383609,6.629485622760187,0.0468775423963245,20000,20000,20,,
walker2d-medium-replay-v2,1,rnn,0,49,1,4.56549032578196,6.769848211287213,0.04787005577804807,20000,20000,20,,
walker2d-medium-replay-v2,1,rnn,0,50,5,4.642183880672697,6.816149429885368,0.048197454834527635,20000,20000,20,,
walker2d-medium-replay-v2,1,rnn,0,51,1,4.764658815046152,6.892280274292262,0.04873578119790336,20000,20000,20,,
walker2d-medium-replay-v2,1,rnn,0,52,5,4.848692767550943,7.066068225393275,0.04996464758502379,20000,20000,20,,
walker2d-medium-replay-v2,1,rnn,0,53,3,4.93060343978301,7.104724232523777,0.050237986832779524,20000,20000,20,,
walker2d-medium-replay-v2,1,rnn,0,54,5,4.982355420958273,7.082463012880046,0.05008057623910387,20000,20000,20,,
walker2d-medium-replay-v2,1,rnn,0,55,4,5.090654186259025,7.184250177928784,0.05080032018554104,20000,20000,20,,
walker2d-medium-replay-v2,1,rnn,0,56,2,5.224916386670865,7.295221109362653,0.0515850031668558,20000,20000,20,,
walker2d-medium-replay-v2,1,rnn,0,57,3,5.289087185924218,7.362087168157105,0.05205781760290355,20000,20000,20,,
walker2d-medium-replay-v2,1,rnn,0,58,5,5.329763146073961,7.417454551129366,0.05244932412246594,20000,20000,20,,
walker2d-medium-replay-v2,1,rnn,0,59,1,5.475535183279275,7.590790060032699,0.053674991260125614,20000,20000,20,,
walker2d-medium-replay-v2,1,rnn,0,60,2,5.566021242055987,7.54160137333808,0.053327174720931354,20000,20000,20,,
walker2d-medium-replay-v2,1,rnn,0,61,3,5.655989609259467,7.647035393375941,0.05407270582629666,20000,20000,20,,
walker2d-medium-replay-v2,1,rnn,0,62,1,5.814880638499008,7.978172655080699,0.056414199858846444,20000,20000,20,,
walker2d-medium-replay-v2,1,rnn,0,63,3,5.931231320238336,8.108331094769635,0.05733455901217352,20000,20000,20,,
walker2d-medium-replay-v2,1,rnn,0,64,2,6.012942727394448,8.269538660045768,0.05847446863802678,20000,20000,20,,
walker2d-medium-replay-v2,1,rnn,0,65,4,6.117302108149249,8.347138244880755,0.05902318056456758,20000,20000,20,,
walker2d-medium-replay-v2,1,rnn,0,66,1,6.253222280119208,8.654285618986343,0.06119504047510461,20000,20000,20,,
walker2d-medium-replay-v2,1,rnn,0,67,2,6.368946301218051,8.785846262323355,0.06212531470551327,20000,20000,20,,
walker2d-medium-replay-v2,1,rnn,0,68,5,6.383445500800037,8.69450532686266,0.061479436756871474,20000,20000,20,,
walker2d-medium-replay-v2,1,rnn,0,69,3,6.521245267435224,8.813573604667088,0.062321376623468615,20000,20000,20,,
walker2d-medium-replay-v2,1,rnn,0,70,2,6.677531177763663,8.941440487852994,0.06322553202536803,20000,20000,20,,
walker2d-medium-replay-v2,1,rnn,0,71,3,6.81354811856754,9.03365467144749,0.06387758477078052,20000,20000,20,,
walker2d-medium-replay-v2,1,rnn,0,72,3,6.877289856248882,9.054245382673537,0.06402318308615444,20000,20000,20,,
walker2d-medium-replay-v2,1,rnn,0,73,2,6.986273818972822,9.067953889906153,0.06412011687039573,20000,20000,20,,
walker2d-medium-replay-v2,1,rnn,0,74,1,7.136659129396533,9.231342234682035,0.06527544693597444,20000,20000,20,,
walker2d-medium-replay-v2,1,rnn,0,75,3,7.249402841469822,9.395506367380314,0.06643626265056006,20000,20000,20,,
walker2d-medium-replay-v2,1,rnn,0,76,3,7.316112412041894,9.408667128421758,0.06652932328433986,20000,20000,20,,
walker2d-medium-replay-v2,1,rnn,0,77,2,7.502602427931034,9.646142990108709,0.06820853120600948,20000,20000,20,,
walker2d-medium-replay-v2,1,rnn,0,78,1,7.728842082205812,10.12579592390581,0.071600189627049,20000,20000,20,,
walker2d-medium-replay-v2,1,rnn,0,79,5,7.8606060502136375,10.25773884947339,0.07253316700103327,20000,20000,20,,
walker2d-medium-replay-v2,1,rnn,0,80,3,7.905052488654788,10.213418079045875,0.0722197718278662,20000,20000,20,,
walker2d-medium-replay-v2,1,rnn,0,81,3,8.006138953008271,10.32226042342133,0.07298940342574746,20000,20000,20,,
walker2d-medium-replay-v2,1,rnn,0,82,3,8.131297999326893,10.51076215934118,0.07432231198309107,20000,20000,20,,
walker2d-medium-replay-v2,1,rnn,0,83,3,8.296982067713648,10.90866358803528,0.0771358999678252,20000,20000,20,,
walker2d-medium-replay-v2,1,rnn,0,84,4,8.412236576088645,11.13183557750951,0.07871396423910641,20000,20000,20,,
walker2d-medium-replay-v2,1,rnn,0,85,2,8.587792040206772,11.558538432042075,0.08173120905902276,20000,20000,20,,
walker2d-medium-replay-v2,1,rnn,0,86,1,8.917748181822038,12.405113036668189,0.0877173954961372,20000,20000,20,,
walker2d-medium-replay-v2,1,rnn,0,87,4,9.01581483202622,12.637057165778105,0.08935748816163751,20000,20000,20,,
walker2d-medium-replay-v2,1,rnn,0,88,2,9.173338692179557,12.9461083506805,0.09154281004741972,20000,20000,20,,
walker2d-medium-replay-v2,1,rnn,0,89,1,9.599377015781178,14.015866589996005,0.09910714309992147,20000,20000,20,,
walker2d-medium-replay-v2,1,rnn,0,90,3,9.752329877344144,14.17396489749695,0.10022506695320181,20000,20000,20,,
walker2d-medium-replay-v2,1,rnn,0,91,2,9.900759792613416,14.463008498707001,0.10226891385794389,20000,20000,20,,
walker2d-medium-replay-v2,1,rnn,0,92,1,10.304026961393747,15.741854384392141,0.11131171983654867,20000,20000,20,,
walker2d-medium-replay-v2,1,rnn,0,93,5,10.366924741449946,15.384099792789598,0.10878201285932085,20000,20000,20,,
walker2d-medium-replay-v2,1,rnn,0,94,5,10.388152530103024,15.427806751077824,0.10909106772522727,20000,20000,20,,
walker2d-medium-replay-v2,1,rnn,0,95,3,10.55586374654343,15.891093378491709,0.11236699888400131,20000,20000,20,,
walker2d-medium-replay-v2,1,rnn,0,96,1,10.943072250781091,17.046641594578823,0.12053795867983347,20000,20000,20,,
walker2d-medium-replay-v2,1,rnn,0,97,5,11.093209130598165,16.895877901194716,0.11947189838034715,20000,20000,20,,
walker2d-medium-replay-v2,1,rnn,0,98,1,11.683302630096868,18.985047999517164,0.13424456181610683,20000,20000,20,,
walker2d-medium-replay-v2,1,rnn,0,99,5,11.7421979335964,18.782026428530262,0.132808982520387,20000,20000,20,,
walker2d-medium-replay-v2,1,rnn,0,100,2,11.99033687050905,19.232047358676052,0.13599111103420666,20000,20000,20,,
walker2d-medium-replay-v2,1,rnn,1,1,1,0.18841397761551798,0.5208542953119227,0.0036829960422520114,20000,20000,20,,
walker2d-medium-replay-v2,1,rnn,1,2,3,0.2034459170396381,0.6053928889541547,0.004280774170615973,20000,20000,20,,
walker2d-medium-replay-v2,1,rnn,1,3,4,0.2534496585172301,0.7493436172797031,0.00529865953217335,20000,20000,20,,
walker2d-medium-replay-v2,1,rnn,1,4,2,0.3208181597529391,0.891267417224211,0.006302212345698595,20000,20000,20,,
walker2d-medium-replay-v2,1,rnn,1,5,3,0.39150766621487104,1.081808641154856,0.0076495422610680305,20000,20000,20,,
walker2d-medium-replay-v2,1,rnn,1,6,5,0.46071292693046106,1.293659275995647,0.009147552466014014,20000,20000,20,,
walker2d-medium-replay-v2,1,rnn,1,7,3,0.5190054469764552,1.3907864517754887,0.009834345312328253,20000,20000,20,,
walker2d-medium-replay-v2,1,rnn,1,8,3,0.5879037510819367,1.5751074061330017,0.011137691279737988,20000,20000,20,,
walker2d-medium-replay-v2,1,rnn,1,9,5,0.6628995972622618,1.7213068554971451,0.01217147750024924,20000,20000,20,,
walker2d-medium-replay-v2,1,rnn,1,10,1,0.8001305636903339,1.999246219521516,0.01413680559085233,20000,20000,20,,
walker2d-medium-replay-v2,1,rnn,1,11,2,0.8627526647985132,2.179196028737956,0.015409242894554032,20000,20000,20,,
walker2d-medium-replay-v2,1,rnn,1,12,1,0.9890743726370341,2.391020334969699,0.016907066928120044,20000,20000,20,,
walker2d-medium-replay-v2,1,rnn,1,13,2,1.059323408029029,2.6266612596800893,0.0185732998859979,20000,20000,20,,
walker2d-medium-replay-v2,1,rnn,1,14,2,1.146141313265675,2.71608815512,0.019205643527858113,20000,20000,20,,
walker2d-medium-replay-v2,1,rnn,1,15,3,1.2245789226117298,2.8286427598283264,0.020001524770288402,20000,20000,20,,
walker2d-medium-replay-v2,1,rnn,1,16,2,1.2922876091026263,2.886620395028032,0.020411488560357117,20000,20000,20,,
walker2d-medium-replay-v2,1,rnn,1,17,1,1.4224406128000946,3.1151558243489057,0.022027478078498808,20000,20000,20,,
walker2d-medium-replay-v2,1,rnn,1,18,2,1.4897252927372473,3.315194449356954,0.023441964760923042,20000,20000,20,,
walker2d-medium-replay-v2,1,rnn,1,19,5,1.5276498246717605,3.336575103505425,0.023593148816268925,20000,20000,20,,
walker2d-medium-replay-v2,1,rnn,1,20,1,1.657581823916156,3.510033529952707,0.024819685112217136,20000,20000,20,,
walker2d-medium-replay-v2,1,rnn,1,21,1,1.785318598317097,3.7103988438595983,0.026236481833998477,20000,20000,20,,
walker2d-medium-replay-v2,1,rnn,1,22,1,1.891104607305177,3.9000273864126704,0.027577358117456468,20000,20000,20,,
walker2d-medium-replay-v2,1,rnn,1,23,2,1.942172684558096,3.920727028865179,0.027723726692919524,20000,20000,20,,
walker2d-medium-replay-v2,1,rnn,1,24,4,2.006923425334487,3.9767483550816443,0.028119857289506788,20000,20000,20,,
walker2d-medium-replay-v2,1,rnn,1,25,5,2.0912383454740873,4.087887686171376,0.028905731036207652,20000,20000,20,,
walker2d-medium-replay-v2,1,rnn,1,26,3,2.150188501882046,4.109851447292016,0.02906103828049531,20000,20000,20,,
walker2d-medium-replay-v2,1,rnn,1,27,2,2.21759275398092,4.2419497415763185,0.029995114277211375,20000,20000,20,,
walker2d-medium-replay-v2,1,rnn,1,28,4,2.291299698721715,4.375501018616684,0.030939464413525034,20000,20000,20,,
walker2d-medium-replay-v2,1,rnn,1,29,2,2.3623875219181225,4.4743266696849515,0.031638267293780505,20000,20000,20,,
walker2d-medium-replay-v2,1,rnn,1,30,5,2.457145929309768,4.570906145413315,0.03232118731589018,20000,20000,20,,
walker2d-medium-replay-v2,1,rnn,1,31,1,2.5819870347046616,4.658512742395668,0.03294065950391917,20000,20000,20,,
walker2d-medium-replay-v2,1,rnn,1,32,5,2.6402708853746772,4.700783793686261,0.033239560974073795,20000,20000,20,,
walker2d-medium-replay-v2,1,rnn,1,33,2,2.7007480439157576,4.830231266005565,0.03415489282891817,20000,20000,20,,
walker2d-medium-replay-v2,1,rnn,1,34,4,2.7653329431055487,4.8778732323875955,0.03449177240389613,20000,20000,20,,
walker2d-medium-replay-v2,1,rnn,1,35,2,2.8734880457116936,5.061971837776736,0.0357935461266726,20000,20000,20,,
walker2d-medium-replay-v2,1,rnn,1,36,4,2.9914406119741273,5.17218742529032,0.03657288801990575,20000,20000,20,,
walker2d-medium-replay-v2,1,rnn,1,37,5,3.0834006066752075,5.230150175245034,0.03698274655539773,20000,20000,20,,
walker2d-medium-replay-v2,1,rnn,1,38,5,3.1996909979374055,5.413585888744257,0.03827983292466867,20000,20000,20,,
walker2d-medium-replay-v2,1,rnn,1,39,3,3.292676489988268,5.492637455664072,0.0388388119149929,20000,20000,20,,
walker2d-medium-replay-v2,1,rnn,1,40,5,3.4030110985652398,5.601356177937052,0.03960756937260451,20000,20000,20,,
walker2d-medium-replay-v2,1,rnn,1,41,3,3.493037182647019,5.657573842383337,0.04000508829012889,20000,20000,20,,
walker2d-medium-replay-v2,1,rnn,1,42,3,3.5920505626038097,5.818656071624511,0.04114411165637969,20000,20000,20,,
walker2d-medium-replay-v2,1,rnn,1,43,2,3.7153045098637767,6.049788228678388,0.04277846281241039,20000,20000,20,,
walker2d-medium-replay-v2,1,rnn,1,44,2,3.8294639836153563,6.1406538974721245,0.04342098011822142,20000,20000,20,,
walker2d-medium-replay-v2,1,rnn,1,45,3,3.9481394397712504,6.284251793745331,0.044436370580410486,20000,20000,20,,
walker2d-medium-replay-v2,1,rnn,1,46,4,4.030433814094641,6.314069023819908,0.04464721023622981,20000,20000,20,,
walker2d-medium-replay-v2,1,rnn,1,47,5,4.1139038011291715,6.3688506561639535,0.045034574873379245,20000,20000,20,,
walker2d-medium-replay-v2,1,rnn,1,48,5,4.1861749918418045,6.48335613596331,0.04584425088587068,20000,20000,20,,
walker2d-medium-replay-v2,1,rnn,1,49,1,4.335174965918787,6.640472337816336,0.04695523020351617,20000,20000,20,,
walker2d-medium-replay-v2,1,rnn,1,50,5,4.410099069550848,6.65124013476108,0.04703137002589686,20000,20000,20,,
walker2d-medium-replay-v2,1,rnn,1,51,5,4.50469466733639,6.795945505358162,0.04805459151412995,20000,20000,20,,
walker2d-medium-replay-v2,1,rnn,1,52,2,4.604109468168478,6.888140891954692,0.04870651134469517,20000,20000,20,,
walker2d-medium-replay-v2,1,rnn,1,53,5,4.7329001077225605,7.055483150503508,0.04988979980268457,20000,20000,20,,
walker2d-medium-replay-v2,1,rnn,1,54,3,4.850234780310122,7.151635001148222,0.0505696960588297,20000,20000,20,,
walker2d-medium-replay-v2,1,rnn,1,55,5,4.949057401262259,7.23356967475999,0.05114906169208158,20000,20000,20,,
walker2d-medium-replay-v2,1,rnn,1,56,3,5.013590666603545,7.272056620189454,0.05142120549308488,20000,20000,20,,
walker2d-medium-replay-v2,1,rnn,1,57,4,5.11962903575198,7.339409982481544,0.05189746568520939,20000,20000,20,,
walker2d-medium-replay-v2,1,rnn,1,58,4,5.208322560554149,7.412508020632603,0.05241434686988986,20000,20000,20,,
walker2d-medium-replay-v2,1,rnn,1,59,4,5.299674834554582,7.50168879151129,0.053044950148287494,20000,20000,20,,
walker2d-medium-replay-v2,1,rnn,1,60,5,5.419804115493329,7.609314562696744,0.05380597927464416,20000,20000,20,,
walker2d-medium-replay-v2,1,rnn,1,61,1,5.555336166855101,7.6760547784102515,0.0542779038657329,20000,20000,20,,
walker2d-medium-replay-v2,1,rnn,1,62,2,5.672242751799202,7.762296062106725,0.054887721830932996,20000,20000,20,,
walker2d-medium-replay-v2,1,rnn,1,63,4,5.765747698572276,7.810905921076643,0.055231445440034506,20000,20000,20,,
walker2d-medium-replay-v2,1,rnn,1,64,1,5.951189428709469,8.059019728922557,0.05698587500037312,20000,20000,20,,
walker2d-medium-replay-v2,1,rnn,1,65,5,6.096023343304523,8.23278707271068,0.058214595671786676,20000,20000,20,,
walker2d-medium-replay-v2,1,rnn,1,66,4,6.144771847679043,8.215751857931942,0.05809413851289653,20000,20000,20,,
walker2d-medium-replay-v2,1,rnn,1,67,5,6.280847932903322,8.4285567470888,0.05959889631482119,20000,20000,20,,
walker2d-medium-replay-v2,1,rnn,1,68,3,6.327512957033661,8.49448081538062,0.06006504987214669,20000,20000,20,,
walker2d-medium-replay-v2,1,rnn,1,69,5,6.454554551635084,8.6793235294216,0.061372085237659725,20000,20000,20,,
walker2d-medium-replay-v2,1,rnn,1,70,5,6.553474332678613,8.853262807806331,0.0626020216702651,20000,20000,20,,
walker2d-medium-replay-v2,1,rnn,1,71,4,6.639038697034713,8.988441918868142,0.06355788233133086,20000,20000,20,,
walker2d-medium-replay-v2,1,rnn,1,72,2,6.680059134142235,8.84221414236577,0.06252389580770427,20000,20000,20,,
walker2d-medium-replay-v2,1,rnn,1,73,2,6.777098072630961,8.858415772065838,0.06263845862997619,20000,20000,20,,
walker2d-medium-replay-v2,1,rnn,1,74,4,6.859611126813818,8.830317103478063,0.0624397710389689,20000,20000,20,,
walker2d-medium-replay-v2,1,rnn,1,75,2,7.0340784935991305,9.006155180801594,0.06368313400763163,20000,20000,20,,
walker2d-medium-replay-v2,1,rnn,1,76,3,7.139413435792214,9.061263468984068,0.06407280845036574,20000,20000,20,,
walker2d-medium-replay-v2,1,rnn,1,77,3,7.293123450755077,9.263441787877301,0.06550242505334876,20000,20000,20,,
walker2d-medium-replay-v2,1,rnn,1,78,4,7.424938416366567,9.370223517015214,0.06625748590115119,20000,20000,20,,
walker2d-medium-replay-v2,1,rnn,1,79,1,7.662947019748134,9.798067360435638,0.06928279873086617,20000,20000,20,,
walker2d-medium-replay-v2,1,rnn,1,80,2,7.82311005970852,10.040512373291104,0.07099714385741576,20000,20000,20,,
walker2d-medium-replay-v2,1,rnn,1,81,1,8.050172939833837,10.484429272299765,0.07413611035313904,20000,20000,20,,
walker2d-medium-replay-v2,1,rnn,1,82,1,8.385122325562648,11.137227690715136,0.07875209223723266,20000,20000,20,,
walker2d-medium-replay-v2,1,rnn,1,83,3,8.39529109550507,10.919268635877629,0.07721088898026653,20000,20000,20,,
walker2d-medium-replay-v2,1,rnn,1,84,3,8.481805362377754,10.94829574196425,0.07741614161578725,20000,20000,20,,
walker2d-medium-replay-v2,1,rnn,1,85,5,8.617078918650517,11.081224049706497,0.0783560866939492,20000,20000,20,,
walker2d-medium-replay-v2,1,rnn,1,86,1,8.842144231368943,11.59085022781047,0.08195968795802423,20000,20000,20,,
walker2d-medium-replay-v2,1,rnn,1,87,5,8.948062797284907,11.678554159790856,0.08257984840842476,20000,20000,20,,
walker2d-medium-replay-v2,1,rnn,1,88,2,9.051539218839084,11.888197500374146,0.08406225068599522,20000,20000,20,,
walker2d-medium-replay-v2,1,rnn,1,89,2,9.204187594800246,12.710598850644313,0.08987750640232531,20000,20000,20,,
walker2d-medium-replay-v2,1,rnn,1,90,5,9.38645831408186,13.240582327772199,0.09362505550826483,20000,20000,20,,
walker2d-medium-replay-v2,1,rnn,1,91,1,9.737574133963626,14.571044972372572,0.10303284708938795,20000,20000,20,,
walker2d-medium-replay-v2,1,rnn,1,92,1,10.176496785348306,16.474452704270625,0.11649197223526815,20000,20000,20,,
walker2d-medium-replay-v2,1,rnn,1,93,3,10.254746905831258,16.992149373295526,0.1201526404879201,20000,20000,20,,
walker2d-medium-replay-v2,1,rnn,1,94,1,10.693624760509989,18.9461209253346,0.13396930583484443,20000,20000,20,,
walker2d-medium-replay-v2,1,rnn,1,95,3,10.755140467168232,18.879843922509135,0.13350065665349836,20000,20000,20,,
walker2d-medium-replay-v2,1,rnn,1,96,3,10.923946498512407,18.62144331528769,0.1316734884372083,20000,20000,20,,
walker2d-medium-replay-v2,1,rnn,1,97,4,11.107022996862671,18.84934509278807,0.13328499736035818,20000,20000,20,,
walker2d-medium-replay-v2,1,rnn,1,98,4,11.241030356710025,18.75024497968866,0.1325842537404687,20000,20000,20,,
walker2d-medium-replay-v2,1,rnn,1,99,5,11.430028648741624,18.896576127970825,0.13361897121296004,20000,20000,20,,
walker2d-medium-replay-v2,1,rnn,1,100,3,11.55100903990472,19.428135031413564,0.13737766026520448,20000,20000,20,,
walker2d-medium-replay-v2,1,rnn,2,1,5,0.0806499854608647,0.23722047793067436,0.0016774020858109358,20000,20000,20,,
walker2d-medium-replay-v2,1,rnn,2,2,2,0.1387434912829904,0.3968718551243708,0.0028063078002052762,20000,20000,20,,
walker2d-medium-replay-v2,1,rnn,2,3,1,0.2847182694452698,0.766211715004821,0.005417934995044832,20000,20000,20,,
walker2d-medium-replay-v2,1,rnn,2,4,2,0.3312622726578808,1.035572843133283,0.0073226057979217715,20000,20000,20,,
walker2d-medium-replay-v2,1,rnn,2,5,4,0.3660704807797998,1.0336767664067417,0.007309198510811898,20000,20000,20,,
walker2d-medium-replay-v2,1,rnn,2,6,2,0.4474915572487838,1.2197704385092465,0.008625079485607768,20000,20000,20,,
walker2d-medium-replay-v2,1,rnn,2,7,1,0.6022621373503757,1.5189008305454241,0.010740250772285485,20000,20000,20,,
walker2d-medium-replay-v2,1,rnn,2,8,2,0.6811483827469041,1.789678842661466,0.012654940457920148,20000,20000,20,,
walker2d-medium-replay-v2,1,rnn,2,9,1,0.8092628521819134,2.0214235790320334,0.014293623203839317,20000,20000,20,,
walker2d-medium-replay-v2,1,rnn,2,10,2,0.8802327642592067,2.2704206170102927,0.01605429814433723,20000,20000,20,,
walker2d-medium-replay-v2,1,rnn,2,11,1,1.0124982960268878,2.4135893544044476,0.017066653994990463,20000,20000,20,,
walker2d-medium-replay-v2,1,rnn,2,12,3,1.0650884264448774,2.509122388097977,0.017742174554510638,20000,20000,20,,
walker2d-medium-replay-v2,1,rnn,2,13,4,1.1468079209557167,2.7847966809689826,0.01969148617338958,20000,20000,20,,
walker2d-medium-replay-v2,1,rnn,2,14,2,1.2120857999471406,2.8300439363848295,0.020011432584735832,20000,20000,20,,
walker2d-medium-replay-v2,1,rnn,2,15,1,1.3235542516909953,3.0462534865066315,0.021540264975220023,20000,20000,20,,
walker2d-medium-replay-v2,1,rnn,2,16,1,1.4005415487673818,3.11856525652096,0.022051586404587358,20000,20000,20,,
walker2d-medium-replay-v2,1,rnn,2,17,2,1.4675150049579453,3.2728362065019527,0.023142446753303864,20000,20000,20,,
walker2d-medium-replay-v2,1,rnn,2,18,4,1.526434402021614,3.3664932259642573,0.023804701888979023,20000,20000,20,,
walker2d-medium-replay-v2,1,rnn,2,19,1,1.6490513471018475,3.5869690343104113,0.025363701280670534,20000,20000,20,,
walker2d-medium-replay-v2,1,rnn,2,20,2,1.7151849026259196,3.691783883276781,0.026104854185402173,20000,20000,20,,
walker2d-medium-replay-v2,1,rnn,2,21,2,1.7745214328187051,3.6762957947582415,0.025995336861211405,20000,20000,20,,
walker2d-medium-replay-v2,1,rnn,2,22,3,1.8498831760994807,3.7685951347190514,0.026647991753064718,20000,20000,20,,
walker2d-medium-replay-v2,1,rnn,2,23,3,1.9373572345834154,3.8354155471949016,0.027120483420898275,20000,20000,20,,
walker2d-medium-replay-v2,1,rnn,2,24,2,2.017319130193695,4.057203192185945,0.02868875889846389,20000,20000,20,,
walker2d-medium-replay-v2,1,rnn,2,25,5,2.1027752795193733,4.175496009812809,0.02952521543356008,20000,20000,20,,
walker2d-medium-replay-v2,1,rnn,2,26,1,2.1896909273291194,4.192218541723973,0.029643461590690003,20000,20000,20,,
walker2d-medium-replay-v2,1,rnn,2,27,3,2.240226456031923,4.20359630856087,0.029723914551541303,20000,20000,20,,
walker2d-medium-replay-v2,1,rnn,2,28,1,2.3449077820044986,4.38871255480432,0.03103288408180672,20000,20000,20,,
walker2d-medium-replay-v2,1,rnn,2,29,1,2.4570353629707453,4.5333508977022134,0.03205563161263358,20000,20000,20,,
walker2d-medium-replay-v2,1,rnn,2,30,3,2.5107345597811555,4.60624088373202,0.032571041646656265,20000,20000,20,,
walker2d-medium-replay-v2,1,rnn,2,31,2,2.6016629085593226,4.664593176972314,0.03298365466913625,20000,20000,20,,
walker2d-medium-replay-v2,1,rnn,2,32,3,2.649884698131881,4.658470747529188,0.03294036255537054,20000,20000,20,,
walker2d-medium-replay-v2,1,rnn,2,33,2,2.753984399257432,4.818237125319922,0.03407008144678494,20000,20000,20,,
walker2d-medium-replay-v2,1,rnn,2,34,1,2.8918861658341704,4.968689615794946,0.035133941209397876,20000,20000,20,,
walker2d-medium-replay-v2,1,rnn,2,35,2,3.008763081090716,5.222104815956702,0.03692585727429912,20000,20000,20,,
walker2d-medium-replay-v2,1,rnn,2,36,1,3.1484646859351892,5.36018457604512,0.037902228621330435,20000,20000,20,,
walker2d-medium-replay-v2,1,rnn,2,37,1,3.2942209386866192,5.663448153824214,0.04004662594467535,20000,20000,20,,
walker2d-medium-replay-v2,1,rnn,2,38,2,3.400641543338288,5.923760459798791,0.041887311912484654,20000,20000,20,,
walker2d-medium-replay-v2,1,rnn,2,39,1,3.5024959759364274,6.099471874715611,0.04312977924268033,20000,20000,20,,
walker2d-medium-replay-v2,1,rnn,2,40,4,3.6310429760341605,6.386980565137978,0.04516277268915751,20000,20000,20,,
walker2d-medium-replay-v2,1,rnn,2,41,1,3.782822335369981,6.536694345583825,0.04622140898306084,20000,20000,20,,
walker2d-medium-replay-v2,1,rnn,2,42,5,3.8474879430064,6.507945024821614,0.046018120586406176,20000,20000,20,,
walker2d-medium-replay-v2,1,rnn,2,43,5,3.9098928394696886,6.483955595435042,0.045848489704445765,20000,20000,20,,
walker2d-medium-replay-v2,1,rnn,2,44,1,4.033750354083809,6.5769128207108025,0.04650579654797352,20000,20000,20,,
walker2d-medium-replay-v2,1,rnn,2,45,4,4.095868156327451,6.622714170787193,0.046829661000238665,20000,20000,20,,
walker2d-medium-replay-v2,1,rnn,2,46,3,4.141630022548367,6.655606802319146,0.04706224702831181,20000,20000,20,,
walker2d-medium-replay-v2,1,rnn,2,47,4,4.260300201922932,6.894644747850343,0.04875250055077191,20000,20000,20,,
walker2d-medium-replay-v2,1,rnn,2,48,3,4.349854354458214,7.0522414634293975,0.04986687761355869,20000,20000,20,,
walker2d-medium-replay-v2,1,rnn,2,49,3,4.438205742561006,7.15887299326428,0.050620876391904095,20000,20000,20,,
walker2d-medium-replay-v2,1,rnn,2,50,4,4.482926397607101,7.385246328855865,0.05222157759867037,20000,20000,20,,
walker2d-medium-replay-v2,1,rnn,2,51,3,4.547046875216271,7.615590236827629,0.053850354991988814,20000,20000,20,,
walker2d-medium-replay-v2,1,rnn,2,52,1,4.713781340717728,8.084529386771985,0.05716625552088391,20000,20000,20,,
walker2d-medium-replay-v2,1,rnn,2,53,5,4.835089689459263,8.489303687119873,0.060028442047144234,20000,20000,20,,
walker2d-medium-replay-v2,1,rnn,2,54,5,4.911240604375174,8.759465477302513,0.06193877438570065,20000,20000,20,,
walker2d-medium-replay-v2,1,rnn,2,55,5,5.061424092348957,9.06761766181315,0.06411773937874984,20000,20000,20,,
walker2d-medium-replay-v2,1,rnn,2,56,5,5.151390844063352,9.281871324516825,0.06563274155666808,20000,20000,20,,
walker2d-medium-replay-v2,1,rnn,2,57,4,5.250525399757337,9.685586437489757,0.06848743849717462,20000,20000,20,,
walker2d-medium-replay-v2,1,rnn,2,58,1,5.385466180257358,10.519130112603749,0.07438148234805722,20000,20000,20,,
walker2d-medium-replay-v2,1,rnn,2,59,3,5.453701131550179,10.8324777187997,0.0765971845201545,20000,20000,20,,
walker2d-medium-replay-v2,1,rnn,2,60,3,5.533106817960105,11.143824947847556,0.0787987418897883,20000,20000,20,,
walker2d-medium-replay-v2,1,rnn,2,61,4,5.670592414529447,11.645654239940662,0.08234721084415911,20000,20000,20,,
walker2d-medium-replay-v2,1,rnn,2,62,2,5.7871118547959295,12.489929066419254,0.0883171353940402,20000,20000,20,,
walker2d-medium-replay-v2,1,rnn,2,63,1,5.919232906386116,13.359645510453847,0.0944669593469033,20000,20000,20,,
walker2d-medium-replay-v2,1,rnn,2,64,5,6.019264023664391,13.398974736312372,0.09474505896993711,20000,20000,20,,
walker2d-medium-replay-v2,1,rnn,2,65,5,6.119407805812659,13.821350814257457,0.09773170885919658,20000,20000,20,,
walker2d-medium-replay-v2,1,rnn,2,66,3,6.2236569065602145,14.362173262973595,0.10155590106824752,20000,20000,20,,
walker2d-medium-replay-v2,1,rnn,2,67,3,6.349067505034163,15.11657091137505,0.10689029799720606,20000,20000,20,,
walker2d-medium-replay-v2,1,rnn,2,68,5,6.458214438450166,15.786806167971564,0.11162957694650308,20000,20000,20,,
walker2d-medium-replay-v2,1,rnn,2,69,2,6.5608441871429,17.376138948081355,0.12286785681028008,20000,20000,20,,
walker2d-medium-replay-v2,1,rnn,2,70,4,6.683438931573159,18.318028036087423,0.12952801842282713,20000,20000,20,,
walker2d-medium-replay-v2,1,rnn,2,71,1,6.8638214321179225,18.828110805064753,0.13313484827192992,20000,20000,20,,
walker2d-medium-replay-v2,1,rnn,2,72,3,6.975408225597174,19.7922769119055,0.13995253219530318,20000,20000,20,,
walker2d-medium-replay-v2,1,rnn,2,73,2,7.111496441435169,21.968087050041838,0.1553378332278096,20000,20000,20,,
walker2d-medium-replay-v2,1,rnn,2,74,1,7.30597714755229,22.461733984241828,0.15882844417465725,20000,20000,20,,
walker2d-medium-replay-v2,1,rnn,2,75,1,7.525316081656431,22.74627164611513,0.160840429276793,20000,20000,20,,
walker2d-medium-replay-v2,1,rnn,2,76,4,7.593612431696542,23.087500287547734,0.16325328013971369,20000,20000,20,,
walker2d-medium-replay-v2,1,rnn,2,77,4,7.728373039139817,23.544099466954137,0.1664819239001385,20000,20000,20,,
walker2d-medium-replay-v2,1,rnn,2,78,1,7.939141981978924,24.636065341841082,0.17420328864970708,20000,20000,20,,
walker2d-medium-replay-v2,1,rnn,2,79,4,8.029213031152112,24.930987607832378,0.17628870399176055,20000,20000,20,,
walker2d-medium-replay-v2,1,rnn,2,80,4,8.149325673803984,25.73047815958447,0.18194195589814535,20000,20000,20,,
walker2d-medium-replay-v2,1,rnn,2,81,5,8.297840677670054,26.15183191489368,0.18492137687472096,20000,20000,20,,
walker2d-medium-replay-v2,1,rnn,2,82,3,8.404046278005747,26.91656434458091,0.19032885174297198,20000,20000,20,,
walker2d-medium-replay-v2,1,rnn,2,83,3,8.52652189926512,28.270998282865126,0.19990614596727171,20000,20000,20,,
walker2d-medium-replay-v2,1,rnn,2,84,2,8.757638565465028,31.64868368836783,0.22378998851672965,20000,20000,20,,
walker2d-medium-replay-v2,1,rnn,2,85,2,8.914915609889057,35.11351137381317,0.24829002003694253,20000,20000,20,,
walker2d-medium-replay-v2,1,rnn,2,86,3,9.094782244177129,36.63980337298751,0.259082534263812,20000,20000,20,,
walker2d-medium-replay-v2,1,rnn,2,87,2,9.338339534581193,39.891641247873075,0.2820765003903204,20000,20000,20,,
walker2d-medium-replay-v2,1,rnn,2,88,2,9.558617481028001,43.19644266711741,0.3054449753305463,20000,20000,20,,
walker2d-medium-replay-v2,1,rnn,2,89,2,9.825457236709545,47.39702094869601,0.335147549208638,20000,20000,20,,
walker2d-medium-replay-v2,1,rnn,2,90,1,10.235922695025248,50.63850742453939,0.35806831989057136,20000,20000,20,,
walker2d-medium-replay-v2,1,rnn,2,91,2,10.465847016880186,54.93819919681843,0.3884717319824765,20000,20000,20,,
walker2d-medium-replay-v2,1,rnn,2,92,2,10.60429127085564,58.60981830053872,0.4144339996442234,20000,20000,20,,
walker2d-medium-replay-v2,1,rnn,2,93,2,10.813552593429684,62.13217691032961,0.439340836231763,20000,20000,20,,
walker2d-medium-replay-v2,1,rnn,2,94,3,10.92964446806486,64.13007954034195,0.45346814121008466,20000,20000,20,,
walker2d-medium-replay-v2,1,rnn,2,95,4,11.065604451349145,65.02499884072239,0.4597961762692219,20000,20000,20,,
walker2d-medium-replay-v2,1,rnn,2,96,4,11.291622513001002,65.67604060426201,0.46439973672756707,20000,20000,20,,
walker2d-medium-replay-v2,1,rnn,2,97,5,11.538776670943472,66.45392777661633,0.4699002296732647,20000,20000,20,,
walker2d-medium-replay-v2,1,rnn,2,98,3,11.725555479312089,67.06352788408059,0.47421075337126495,20000,20000,20,,
walker2d-medium-replay-v2,1,rnn,2,99,3,11.998761317188961,68.78556409015118,0.4863873881588777,20000,20000,20,,
walker2d-medium-replay-v2,1,rnn,2,100,1,12.669463313771066,71.71404811934781,0.5070948973152921,20000,20000,20,,
walker2d-medium-replay-v2,1,rnn,3,1,4,0.07881993011343119,0.22494276813604158,0.0015905855672786824,20000,20000,20,,
walker2d-medium-replay-v2,1,rnn,3,2,1,0.23358237015686956,0.6477538641093681,0.004580311498515235,20000,20000,20,,
walker2d-medium-replay-v2,1,rnn,3,3,2,0.2770030103795642,0.8677661172757027,0.006136033060095703,20000,20000,20,,
walker2d-medium-replay-v2,1,rnn,3,4,4,0.30864250580346786,0.9409359792876425,0.006653422116166968,20000,20000,20,,
walker2d-medium-replay-v2,1,rnn,3,5,1,0.46605027113967024,1.2685918413944202,0.008970298936079237,20000,20000,20,,
walker2d-medium-replay-v2,1,rnn,3,6,2,0.526420940260389,1.3979196972563397,0.009884784974842032,20000,20000,20,,
walker2d-medium-replay-v2,1,rnn,3,7,3,0.604983056473095,1.6467261898057222,0.011644112555691118,20000,20000,20,,
walker2d-medium-replay-v2,1,rnn,3,8,3,0.6650846708357271,1.7573927896934003,0.012426643588005475,20000,20000,20,,
walker2d-medium-replay-v2,1,rnn,3,9,1,0.8240272855153599,2.0968111232858533,0.014826693641428088,20000,20000,20,,
walker2d-medium-replay-v2,1,rnn,3,10,1,0.9446879441709951,2.3668261423356696,0.016735988151351487,20000,20000,20,,
walker2d-medium-replay-v2,1,rnn,3,11,4,0.9575478772948349,2.365814651287747,0.016728835829560532,20000,20000,20,,
walker2d-medium-replay-v2,1,rnn,3,12,1,1.1031311198406715,2.6356570986763685,0.018636910073565216,20000,20000,20,,
walker2d-medium-replay-v2,1,rnn,3,13,3,1.156867112002955,2.6969616208984997,0.019070398507371918,20000,20000,20,,
walker2d-medium-replay-v2,1,rnn,3,14,3,1.2314385601286049,2.900405939680902,0.020508967081421064,20000,20000,20,,
walker2d-medium-replay-v2,1,rnn,3,15,3,1.2697119194312079,2.9067573664793716,0.02055387845101514,20000,20000,20,,
walker2d-medium-replay-v2,1,rnn,3,16,4,1.3347903182601388,3.032128846959693,0.021440388691165463,20000,20000,20,,
walker2d-medium-replay-v2,1,rnn,3,17,1,1.4400249265892806,3.184676282457525,0.022519061952096808,20000,20000,20,,
walker2d-medium-replay-v2,1,rnn,3,18,4,1.4864141010348957,3.26253887745753,0.02306963364134966,20000,20000,20,,
walker2d-medium-replay-v2,1,rnn,3,19,1,1.5969322624449869,3.3737232104849744,0.023855825599803752,20000,20000,20,,
walker2d-medium-replay-v2,1,rnn,3,20,2,1.6865233503541792,3.5824623046107105,0.025331833889354203,20000,20000,20,,
walker2d-medium-replay-v2,1,rnn,3,21,4,1.7459077566228818,3.606733074897852,0.025503454151900792,20000,20000,20,,
walker2d-medium-replay-v2,1,rnn,3,22,1,1.8610274825985507,3.724700689007396,0.026337611150873356,20000,20000,20,,
walker2d-medium-replay-v2,1,rnn,3,23,4,1.928265088319522,3.801630084807694,0.0268815841253031,20000,20000,20,,
walker2d-medium-replay-v2,1,rnn,3,24,5,1.978087939077801,3.8477443477900417,0.02720766120594548,20000,20000,20,,
walker2d-medium-replay-v2,1,rnn,3,25,4,2.059225820614012,4.003063542004586,0.02830593376072083,20000,20000,20,,
walker2d-medium-replay-v2,1,rnn,3,26,3,2.1476473963980833,4.139084375116785,0.029267746295483624,20000,20000,20,,
walker2d-medium-replay-v2,1,rnn,3,27,2,2.2277593990047353,4.2998409302486085,0.030404466798022636,20000,20000,20,,
walker2d-medium-replay-v2,1,rnn,3,28,4,2.2696743715846734,4.316378224750868,0.030521403128872904,20000,20000,20,,
walker2d-medium-replay-v2,1,rnn,3,29,1,2.3544157107866366,4.405708805995157,0.031153065726524626,20000,20000,20,,
walker2d-medium-replay-v2,1,rnn,3,30,4,2.4245514882036767,4.490746437385911,0.031754372584649075,20000,20000,20,,
walker2d-medium-replay-v2,1,rnn,3,31,1,2.5798479846925746,4.662867178121815,0.032971450014221165,20000,20000,20,,
walker2d-medium-replay-v2,1,rnn,3,32,4,2.6730131991492576,4.7602063229794,0.03365974170825815,20000,20000,20,,
walker2d-medium-replay-v2,1,rnn,3,33,1,2.7989800475076723,4.861973987156767,0.03437934776271146,20000,20000,20,,
walker2d-medium-replay-v2,1,rnn,3,34,2,2.891019691931493,4.999833871682418,0.03535416435472828,20000,20000,20,,
walker2d-medium-replay-v2,1,rnn,3,35,4,2.9502936682868794,5.025078800946424,0.03553267296145981,20000,20000,20,,
walker2d-medium-replay-v2,1,rnn,3,36,3,3.0542980179412114,5.175168380585671,0.03659396655694331,20000,20000,20,,
walker2d-medium-replay-v2,1,rnn,3,37,3,3.180657359069072,5.364304000864163,0.03793135735357177,20000,20000,20,,
walker2d-medium-replay-v2,1,rnn,3,38,2,3.325225950585415,5.62532544889577,0.03977705771295458,20000,20000,20,,
walker2d-medium-replay-v2,1,rnn,3,39,1,3.4346864302671354,5.829879333565277,0.04122347210263318,20000,20000,20,,
walker2d-medium-replay-v2,1,rnn,3,40,3,3.5135001591484274,5.9081315042310925,0.041776798507836825,20000,20000,20,,
walker2d-medium-replay-v2,1,rnn,3,41,1,3.61195749463047,5.955180287744286,0.04210948364652439,20000,20000,20,,
walker2d-medium-replay-v2,1,rnn,3,42,5,3.7233181089840066,6.133797041757511,0.0433724948264872,20000,20000,20,,
walker2d-medium-replay-v2,1,rnn,3,43,1,3.859405100250482,6.290325550529598,0.044479318526504816,20000,20000,20,,
walker2d-medium-replay-v2,1,rnn,3,44,3,3.9554522796042,6.458861813552553,0.045671049871098525,20000,20000,20,,
walker2d-medium-replay-v2,1,rnn,3,45,2,4.037987909361612,6.822902103106587,0.04824520344478624,20000,20000,20,,
walker2d-medium-replay-v2,1,rnn,3,46,1,4.163131916968662,7.162456106553952,0.050646212828952965,20000,20000,20,,
walker2d-medium-replay-v2,1,rnn,3,47,2,4.274858053716788,7.864088137782252,0.055607500500745186,20000,20000,20,,
walker2d-medium-replay-v2,1,rnn,3,48,5,4.372910707353638,8.108270084020024,0.05733412760102576,20000,20000,20,,
walker2d-medium-replay-v2,1,rnn,3,49,3,4.452498983770063,8.08548367233671,0.05717300333882397,20000,20000,20,,
walker2d-medium-replay-v2,1,rnn,3,50,2,4.542052317110473,8.74359300103632,0.061826539029680175,20000,20000,20,,
walker2d-medium-replay-v2,1,rnn,3,51,5,4.616573575948133,8.864391957982484,0.06268071664584912,20000,20000,20,,
walker2d-medium-replay-v2,1,rnn,3,52,2,4.714119837998142,9.909872119753786,0.07007337776569408,20000,20000,20,,
walker2d-medium-replay-v2,1,rnn,3,53,5,4.78815870583402,10.245816586247063,0.072448863869289,20000,20000,20,,
walker2d-medium-replay-v2,1,rnn,3,54,3,4.871867126258252,10.501204291919393,0.07425472765441479,20000,20000,20,,
walker2d-medium-replay-v2,1,rnn,3,55,1,4.980246240776267,10.767805198430295,0.07613988074305819,20000,20000,20,,
walker2d-medium-replay-v2,1,rnn,3,56,2,5.0795357709747595,11.228543816980105,0.07939779475836913,20000,20000,20,,
walker2d-medium-replay-v2,1,rnn,3,57,4,5.125929098428858,11.602010712281146,0.08203860450052965,20000,20000,20,,
walker2d-medium-replay-v2,1,rnn,3,58,4,5.272875108218767,12.04848867374936,0.08519568044257483,20000,20000,20,,
walker2d-medium-replay-v2,1,rnn,3,59,4,5.390228411463748,12.435637567942592,0.08793323652670393,20000,20000,20,,
walker2d-medium-replay-v2,1,rnn,3,60,3,5.496927078954485,12.816039210030404,0.09062308233365182,20000,20000,20,,
walker2d-medium-replay-v2,1,rnn,3,61,5,5.598752038367202,12.991826131496731,0.09186608357577929,20000,20000,20,,
walker2d-medium-replay-v2,1,rnn,3,62,4,5.708075550214153,13.86122808038916,0.09801368371216566,20000,20000,20,,
walker2d-medium-replay-v2,1,rnn,3,63,4,5.801966189347577,14.899117304415475,0.10535266879646016,20000,20000,20,,
walker2d-medium-replay-v2,1,rnn,3,64,5,5.901259742626493,15.265688094914504,0.10794471571392793,20000,20000,20,,
walker2d-medium-replay-v2,1,rnn,3,65,2,6.038539614241227,16.873435595154167,0.1193132073124798,20000,20000,20,,
walker2d-medium-replay-v2,1,rnn,3,66,1,6.209495402222155,16.69745234959675,0.11806881784939113,20000,20000,20,,
walker2d-medium-replay-v2,1,rnn,3,67,2,6.35013058324026,17.913355248284866,0.1266665496986586,20000,20000,20,,
walker2d-medium-replay-v2,1,rnn,3,68,1,6.457176849459179,17.653444817624194,0.12482870541844582,20000,20000,20,,
walker2d-medium-replay-v2,1,rnn,3,69,1,6.663640670045,17.18788747985113,0.12153671791274093,20000,20000,20,,
walker2d-medium-replay-v2,1,rnn,3,70,1,6.863000706922884,16.79747401677371,0.11877607784065523,20000,20000,20,,
walker2d-medium-replay-v2,1,rnn,3,71,2,7.011081567371379,18.39072382394496,0.13004205526840476,20000,20000,20,,
walker2d-medium-replay-v2,1,rnn,3,72,2,7.133809605810515,20.04563045112146,0.14174401225147537,20000,20000,20,,
walker2d-medium-replay-v2,1,rnn,3,73,4,7.226544665348454,20.55248802187141,0.14532803650520568,20000,20000,20,,
walker2d-medium-replay-v2,1,rnn,3,74,4,7.322449003507991,21.584004505579028,0.15262195951055924,20000,20000,20,,
walker2d-medium-replay-v2,1,rnn,3,75,3,7.3833351028858205,21.38523921089162,0.15121647663317916,20000,20000,20,,
walker2d-medium-replay-v2,1,rnn,3,76,2,7.532606331328046,23.101187185127227,0.16335006112063233,20000,20000,20,,
walker2d-medium-replay-v2,1,rnn,3,77,4,7.637196822399675,24.625303455094183,0.17412719061873616,20000,20000,20,,
walker2d-medium-replay-v2,1,rnn,3,78,5,7.755405988460785,24.638218452173096,0.17421851343887118,20000,20000,20,,
walker2d-medium-replay-v2,1,rnn,3,79,3,7.825935619766117,25.804451547959832,0.182465026743621,20000,20000,20,,
walker2d-medium-replay-v2,1,rnn,3,80,2,7.980273769602526,27.541708414641274,0.19474928785455442,20000,20000,20,,
walker2d-medium-replay-v2,1,rnn,3,81,4,8.120461509343743,29.11099028765643,0.20584578639457585,20000,20000,20,,
walker2d-medium-replay-v2,1,rnn,3,82,5,8.273905341680862,29.830159600857755,0.21093108137643513,20000,20000,20,,
walker2d-medium-replay-v2,1,rnn,3,83,5,8.469106122681755,31.450535373868554,0.22238886834809843,20000,20000,20,,
walker2d-medium-replay-v2,1,rnn,3,84,3,8.566999900741422,32.36950805222049,0.2288869864739766,20000,20000,20,,
walker2d-medium-replay-v2,1,rnn,3,85,3,8.722576674316926,33.67195740242055,0.23809669415076137,20000,20000,20,,
walker2d-medium-replay-v2,1,rnn,3,86,2,8.86878844401731,36.07133176101852,0.2550628329464588,20000,20000,20,,
walker2d-medium-replay-v2,1,rnn,3,87,3,9.07654118273274,37.134172130848505,0.26257824927471485,20000,20000,20,,
walker2d-medium-replay-v2,1,rnn,3,88,4,9.24785640358885,39.20704971501736,0.27723570723806873,20000,20000,20,,
walker2d-medium-replay-v2,1,rnn,3,89,3,9.420957554184366,40.02187350148288,0.28299738148688736,20000,20000,20,,
walker2d-medium-replay-v2,1,rnn,3,90,4,9.607565613285916,41.887586935132624,0.2961899676937331,20000,20000,20,,
walker2d-medium-replay-v2,1,rnn,3,91,4,9.785222200072166,43.346779176011225,0.3065080149795336,20000,20000,20,,
walker2d-medium-replay-v2,1,rnn,3,92,2,9.948705952030476,46.20312278507041,0.32670541433317973,20000,20000,20,,
walker2d-medium-replay-v2,1,rnn,3,93,3,10.11432867591393,46.186880285762534,0.32659056251913954,20000,20000,20,,
walker2d-medium-replay-v2,1,rnn,3,94,3,10.305502741119753,45.99259909441316,0.3252167870405381,20000,20000,20,,
walker2d-medium-replay-v2,1,rnn,3,95,5,10.514274776248872,45.8474878912474,0.3241906958826916,20000,20000,20,,
walker2d-medium-replay-v2,1,rnn,3,96,4,10.686885409393614,46.591360274643115,0.3294506679490567,20000,20000,20,,
walker2d-medium-replay-v2,1,rnn,3,97,5,11.032114853574525,47.3563255637572,0.3348597893821057,20000,20000,20,,
walker2d-medium-replay-v2,1,rnn,3,98,3,11.200872591557054,47.47869432364577,0.33572506718133166,20000,20000,20,,
walker2d-medium-replay-v2,1,rnn,3,99,1,11.752718393162446,48.66140099425606,0.34408806625076266,20000,20000,20,,
walker2d-medium-replay-v2,1,rnn,3,100,2,11.952356417957628,50.0821535138101,0.354134303660408,20000,20000,20,,
walker2d-medium-replay-v2,1,rnn,4,1,2,0.08958397450885827,0.258845979629465,0.0018303174747886963,20000,20000,20,,
walker2d-medium-replay-v2,1,rnn,4,2,3,0.13315558480303638,0.3666637735155345,0.0025927044066828284,20000,20000,20,,
walker2d-medium-replay-v2,1,rnn,4,3,3,0.18417254214178455,0.5221799066412058,0.0036923695298535495,20000,20000,20,,
walker2d-medium-replay-v2,1,rnn,4,4,3,0.23063938037172294,0.6079683551450692,0.004298985466699096,20000,20000,20,,
walker2d-medium-replay-v2,1,rnn,4,5,2,0.3033339440367636,0.8347598285720194,0.005902643354453948,20000,20000,20,,
walker2d-medium-replay-v2,1,rnn,4,6,3,0.36658553900894597,0.9880045141574072,0.006986246918036229,20000,20000,20,,
walker2d-medium-replay-v2,1,rnn,4,7,4,0.4347428297964938,1.156537387571782,0.008177954294477813,20000,20000,20,,
walker2d-medium-replay-v2,1,rnn,4,8,1,0.5763255523746303,1.432746622684151,0.010131048526220869,20000,20000,20,,
walker2d-medium-replay-v2,1,rnn,4,9,5,0.6257069230160692,1.5991399546272123,0.011307627059832497,20000,20000,20,,
walker2d-medium-replay-v2,1,rnn,4,10,4,0.6939681808040273,1.7353921163978294,0.012271075335225796,20000,20000,20,,
walker2d-medium-replay-v2,1,rnn,4,11,2,0.7830089755255305,1.9471795151692333,0.013768638393636987,20000,20000,20,,
walker2d-medium-replay-v2,1,rnn,4,12,1,0.923843341459023,2.2135958276245025,0.015652486205195337,20000,20000,20,,
walker2d-medium-replay-v2,1,rnn,4,13,4,0.9506438385163819,2.233565766259996,0.0157936949954857,20000,20000,20,,
walker2d-medium-replay-v2,1,rnn,4,14,4,1.028050409904885,2.427912591763762,0.01716793457764362,20000,20000,20,,
walker2d-medium-replay-v2,1,rnn,4,15,1,1.175018750574896,2.6717574919016616,0.018892178402096272,20000,20000,20,,
walker2d-medium-replay-v2,1,rnn,4,16,1,1.281957919341033,2.8955114933836734,0.020474358119751825,20000,20000,20,,
walker2d-medium-replay-v2,1,rnn,4,17,3,1.332045081249253,2.910979136057257,0.020583730869986442,20000,20000,20,,
walker2d-medium-replay-v2,1,rnn,4,18,3,1.4213974842666053,3.126964977616506,0.02211098140205472,20000,20000,20,,
walker2d-medium-replay-v2,1,rnn,4,19,5,1.4751393669191557,3.157632854628285,0.02232783604005096,20000,20000,20,,
walker2d-medium-replay-v2,1,rnn,4,20,4,1.5457480823418037,3.2829145995913374,0.02321371175427354,20000,20000,20,,
walker2d-medium-replay-v2,1,rnn,4,21,2,1.6186358993878924,3.445091906824612,0.024360478491265766,20000,20000,20,,
walker2d-medium-replay-v2,1,rnn,4,22,1,1.7368154395942408,3.568781576982241,0.025235096536577635,20000,20000,20,,
walker2d-medium-replay-v2,1,rnn,4,23,4,1.7926195273418164,3.600597667057916,0.025460070267011154,20000,20000,20,,
walker2d-medium-replay-v2,1,rnn,4,24,4,1.8389093069459137,3.6629743416528635,0.02590113996295069,20000,20000,20,,
walker2d-medium-replay-v2,1,rnn,4,25,4,1.9308020133176595,3.8528334779708553,0.027243646790557425,20000,20000,20,,
walker2d-medium-replay-v2,1,rnn,4,26,2,1.9981236861419835,3.948025815019089,0.027916758260995437,20000,20000,20,,
walker2d-medium-replay-v2,1,rnn,4,27,5,2.09500389381953,4.078935844758903,0.02884243195853899,20000,20000,20,,
walker2d-medium-replay-v2,1,rnn,4,28,4,2.1818549839434835,4.196632576174463,0.02967467352761333,20000,20000,20,,
walker2d-medium-replay-v2,1,rnn,4,29,4,2.2553516091458157,4.332151449387553,0.030632936669890688,20000,20000,20,,
walker2d-medium-replay-v2,1,rnn,4,30,3,2.3315284035605384,4.429963101826426,0.03132456949707658,20000,20000,20,,
walker2d-medium-replay-v2,1,rnn,4,31,3,2.3886351923544638,4.437207413752008,0.03137579451795267,20000,20000,20,,
walker2d-medium-replay-v2,1,rnn,4,32,5,2.48103930311726,4.547313209216778,0.03215436006416345,20000,20000,20,,
walker2d-medium-replay-v2,1,rnn,4,33,5,2.6032131742501288,4.825124294687519,0.03411878108841501,20000,20000,20,,
walker2d-medium-replay-v2,1,rnn,4,34,3,2.731106002223977,5.059534973854985,0.03577631489663361,20000,20000,20,,
walker2d-medium-replay-v2,1,rnn,4,35,1,2.8854660808392563,5.199847928798588,0.03676847731592306,20000,20000,20,,
walker2d-medium-replay-v2,1,rnn,4,36,4,2.9582508104397274,5.244244139755979,0.03708240593419265,20000,20000,20,,
walker2d-medium-replay-v2,1,rnn,4,37,5,3.0227016355176053,5.245411204306873,0.03709065832677284,20000,20000,20,,
walker2d-medium-replay-v2,1,rnn,4,38,2,3.128836129291609,5.49465742172057,0.03885309523195606,20000,20000,20,,
walker2d-medium-replay-v2,1,rnn,4,39,4,3.2670662333368297,5.743852780534893,0.04061517251253429,20000,20000,20,,
walker2d-medium-replay-v2,1,rnn,4,40,5,3.361002686765644,5.820668874046671,0.041158344318798674,20000,20000,20,,
walker2d-medium-replay-v2,1,rnn,4,41,2,3.467986852721464,6.134651403186113,0.04337853607408469,20000,20000,20,,
walker2d-medium-replay-v2,1,rnn,4,42,2,3.56233259203976,6.20500958284856,0.043876043533597274,20000,20000,20,,
walker2d-medium-replay-v2,1,rnn,4,43,1,3.7151592623757113,6.52913088798011,0.0461679272614528,20000,20000,20,,
walker2d-medium-replay-v2,1,rnn,4,44,5,3.835434446117442,6.732736422723502,0.04760763580449445,20000,20000,20,,
walker2d-medium-replay-v2,1,rnn,4,45,1,3.9661241793341664,7.024095917213405,0.04966785854766341,20000,20000,20,,
walker2d-medium-replay-v2,1,rnn,4,46,3,4.059958496496857,7.118554056832786,0.050335778458294705,20000,20000,20,,
walker2d-medium-replay-v2,1,rnn,4,47,1,4.1849900719336475,7.359043813555078,0.052036297836137065,20000,20000,20,,
walker2d-medium-replay-v2,1,rnn,4,48,5,4.255891641365498,7.229841365252268,0.05112269856272885,20000,20000,20,,
walker2d-medium-replay-v2,1,rnn,4,49,3,4.339933478426784,7.212952658456378,0.051003277371720404,20000,20000,20,,
walker2d-medium-replay-v2,1,rnn,4,50,3,4.450793929711781,7.192705346754668,0.05086010725766963,20000,20000,20,,
walker2d-medium-replay-v2,1,rnn,4,51,1,4.572282966631666,7.238710822661619,0.051185415097524826,20000,20000,20,,
walker2d-medium-replay-v2,1,rnn,4,52,2,4.668408645477812,7.3897129680408025,0.0522531615072382,20000,20000,20,,
walker2d-medium-replay-v2,1,rnn,4,53,3,4.738112175837966,7.474678746014835,0.05285396028498049,20000,20000,20,,
walker2d-medium-replay-v2,1,rnn,4,54,5,4.8577874610991,7.586804273794906,0.05364680749535458,20000,20000,20,,
walker2d-medium-replay-v2,1,rnn,4,55,5,4.978045002559619,7.825889477328007,0.0553373951823508,20000,20000,20,,
walker2d-medium-replay-v2,1,rnn,4,56,3,5.064931094806519,8.012684702159815,0.056658236884069166,20000,20000,20,,
walker2d-medium-replay-v2,1,rnn,4,57,5,5.114336295730731,8.045013118311399,0.056886833306927224,20000,20000,20,,
walker2d-medium-replay-v2,1,rnn,4,58,5,5.195770933910322,8.111042206686404,0.05735372946838255,20000,20000,20,,
walker2d-medium-replay-v2,1,rnn,4,59,4,5.281152697391651,7.95105159089993,0.056222424974894276,20000,20000,20,,
walker2d-medium-replay-v2,1,rnn,4,60,2,5.419251967131431,7.948098500606805,0.056201543473177025,20000,20000,20,,
walker2d-medium-replay-v2,1,rnn,4,61,3,5.498314153803488,7.917113883776541,0.05598244914644556,20000,20000,20,,
walker2d-medium-replay-v2,1,rnn,4,62,2,5.591931553633699,7.99543183413882,0.05653624068434355,20000,20000,20,,
walker2d-medium-replay-v2,1,rnn,4,63,4,5.685801104857005,8.109979560949665,0.05734621542831807,20000,20000,20,,
walker2d-medium-replay-v2,1,rnn,4,64,3,5.760529219890408,8.056900117293477,0.05697088708280908,20000,20000,20,,
walker2d-medium-replay-v2,1,rnn,4,65,3,5.8522141067315285,8.083704915021494,0.057160425625227225,20000,20000,20,,
walker2d-medium-replay-v2,1,rnn,4,66,3,5.987978531863071,8.18563745296046,0.0578811975132292,20000,20000,20,,
walker2d-medium-replay-v2,1,rnn,4,67,3,6.115034083324518,8.331178753855397,0.05891032992128442,20000,20000,20,,
walker2d-medium-replay-v2,1,rnn,4,68,2,6.203245200392871,8.322838782895689,0.05885135742107933,20000,20000,20,,
walker2d-medium-replay-v2,1,rnn,4,69,1,6.375252244228973,8.518512829448811,0.06023498187327858,20000,20000,20,,
walker2d-medium-replay-v2,1,rnn,4,70,5,6.444467047416493,8.622105410235953,0.06096749203683061,20000,20000,20,,
walker2d-medium-replay-v2,1,rnn,4,71,3,6.515633823086518,8.656400296017503,0.061209993499792135,20000,20000,20,,
walker2d-medium-replay-v2,1,rnn,4,72,1,6.73003307693863,8.994439741533592,0.0636002933421218,20000,20000,20,,
walker2d-medium-replay-v2,1,rnn,4,73,4,6.821399882841358,9.016292790536982,0.06375481773352079,20000,20000,20,,
walker2d-medium-replay-v2,1,rnn,4,74,1,7.051585330483734,9.578413577756386,0.0677296119384084,20000,20000,20,,
walker2d-medium-replay-v2,1,rnn,4,75,4,7.144228832146935,9.637714039902066,0.06814892952751547,20000,20000,20,,
walker2d-medium-replay-v2,1,rnn,4,76,4,7.251351888567272,9.747485955851829,0.06892513418903463,20000,20000,20,,
walker2d-medium-replay-v2,1,rnn,4,77,5,7.358734988910765,9.77637818025301,0.06912943306701103,20000,20000,20,,
walker2d-medium-replay-v2,1,rnn,4,78,5,7.508247493452687,9.857474828238258,0.0697028729642297,20000,20000,20,,
walker2d-medium-replay-v2,1,rnn,4,79,4,7.612061889117319,10.005232896171888,0.07074768028233862,20000,20000,20,,
walker2d-medium-replay-v2,1,rnn,4,80,3,7.715138611773835,10.194893679397174,0.07208878454177613,20000,20000,20,,
walker2d-medium-replay-v2,1,rnn,4,81,5,7.858272096567557,10.490714123720913,0.07418055096372547,20000,20000,20,,
walker2d-medium-replay-v2,1,rnn,4,82,3,7.974068750171161,10.657961564723932,0.07536316896041878,20000,20000,20,,
walker2d-medium-replay-v2,1,rnn,4,83,1,8.239391381833197,11.252731863321836,0.07956883007428804,20000,20000,20,,
walker2d-medium-replay-v2,1,rnn,4,84,3,8.27620862587225,11.30985041078237,0.07997271919669674,20000,20000,20,,
walker2d-medium-replay-v2,1,rnn,4,85,3,8.396149743577633,11.580153593211195,0.081884051329414,20000,20000,20,,
walker2d-medium-replay-v2,1,rnn,4,86,4,8.579259520005166,11.723730346137176,0.08289929228556106,20000,20000,20,,
walker2d-medium-replay-v2,1,rnn,4,87,1,8.94517319665036,12.573801187437583,0.08891020084928579,20000,20000,20,,
walker2d-medium-replay-v2,1,rnn,4,88,4,9.018590095808849,12.603674677651833,0.08912143832436785,20000,20000,20,,
walker2d-medium-replay-v2,1,rnn,4,89,2,9.195653223263045,12.95002240621803,0.091570486599545,20000,20000,20,,
walker2d-medium-replay-v2,1,rnn,4,90,4,9.35034583149073,13.340996415077827,0.09433509032886951,20000,20000,20,,
walker2d-medium-replay-v2,1,rnn,4,91,1,9.636133217390249,14.777539223788805,0.10449298194391253,20000,20000,20,,
walker2d-medium-replay-v2,1,rnn,4,92,3,9.701912769164466,15.281779919510289,0.10805850209686137,20000,20000,20,,
walker2d-medium-replay-v2,1,rnn,4,93,4,9.769608408347658,16.064258552706082,0.11359146157352464,20000,20000,20,,
walker2d-medium-replay-v2,1,rnn,4,94,4,9.974950276541575,16.99352555503692,0.12016237156233496,20000,20000,20,,
walker2d-medium-replay-v2,1,rnn,4,95,1,10.37846661521938,19.255301277348494,0.1361555410700311,20000,20000,20,,
walker2d-medium-replay-v2,1,rnn,4,96,2,10.542017180693703,20.76817745991414,0.14685319114790896,20000,20000,20,,
walker2d-medium-replay-v2,1,rnn,4,97,2,10.8236117215677,23.581095395628846,0.1667435246205603,20000,20000,20,,
walker2d-medium-replay-v2,1,rnn,4,98,2,11.06411898312711,26.172788775509307,0.18506956425725787,20000,20000,20,,
walker2d-medium-replay-v2,1,rnn,4,99,1,11.552135069195483,29.89853624988541,0.2114145772984578,20000,20000,20,,
walker2d-medium-replay-v2,1,rnn,4,100,3,11.706025504368226,31.2850141408892,0.22121845648539784,20000,20000,20,,
walker2d-medium-replay-v2,1,rnn,5,1,1,0.18651244586885576,0.5012448173255433,0.003544336093655039,20000,20000,20,,
walker2d-medium-replay-v2,1,rnn,5,2,3,0.20176104964355554,0.6143038528712106,0.004343784200742561,20000,20000,20,,
walker2d-medium-replay-v2,1,rnn,5,3,4,0.24996882566708167,0.735043767260667,0.0051975443229892405,20000,20000,20,,
walker2d-medium-replay-v2,1,rnn,5,4,2,0.31633089718978874,0.8418373672452558,0.005952689110353503,20000,20000,20,,
walker2d-medium-replay-v2,1,rnn,5,5,4,0.38689099098309676,1.0428606983858526,0.007374138716615752,20000,20000,20,,
walker2d-medium-replay-v2,1,rnn,5,6,3,0.4500254271070975,1.2380675631663989,0.008754459694820648,20000,20000,20,,
walker2d-medium-replay-v2,1,rnn,5,7,3,0.5209877463321287,1.379173016505883,0.009752225924008161,20000,20000,20,,
walker2d-medium-replay-v2,1,rnn,5,8,2,0.594645075059273,1.547127155748492,0.010939841031876145,20000,20000,20,,
walker2d-medium-replay-v2,1,rnn,5,9,2,0.6718437487097005,1.7536865414341547,0.012400436455236741,20000,20000,20,,
walker2d-medium-replay-v2,1,rnn,5,10,1,0.8026977215704241,1.944673489297835,0.013750918114762041,20000,20000,20,,
walker2d-medium-replay-v2,1,rnn,5,11,2,0.8813894019470314,2.2300718379684326,0.015768989191606263,20000,20000,20,,
walker2d-medium-replay-v2,1,rnn,5,12,3,0.9324322220021449,2.2931475939334343,0.01621500213931947,20000,20000,20,,
walker2d-medium-replay-v2,1,rnn,5,13,2,1.0054425332228278,2.409279247030052,0.01703617693346969,20000,20000,20,,
walker2d-medium-replay-v2,1,rnn,5,14,3,1.0704120932508745,2.532599414818707,0.017908182202473897,20000,20000,20,,
walker2d-medium-replay-v2,1,rnn,5,15,4,1.1774831473823844,2.7507885708396707,0.019451012520511828,20000,20000,20,,
walker2d-medium-replay-v2,1,rnn,5,16,1,1.2971238673108907,2.886326686944304,0.020409411730580185,20000,20000,20,,
walker2d-medium-replay-v2,1,rnn,5,17,1,1.403296726445266,3.0874124536586396,0.021831302823018213,20000,20000,20,,
walker2d-medium-replay-v2,1,rnn,5,18,4,1.4502855815929647,3.252382447586611,0.022997816837005938,20000,20000,20,,
walker2d-medium-replay-v2,1,rnn,5,19,2,1.5019908133776645,3.2191041570058587,0.022762503787646472,20000,20000,20,,
walker2d-medium-replay-v2,1,rnn,5,20,4,1.5940210846111407,3.347709727153489,0.023671882495143987,20000,20000,20,,
walker2d-medium-replay-v2,1,rnn,5,21,3,1.654380748783127,3.4205433204692426,0.024186893772461512,20000,20000,20,,
walker2d-medium-replay-v2,1,rnn,5,22,5,1.728388408906983,3.5632906360510637,0.02519626972090233,20000,20000,20,,
walker2d-medium-replay-v2,1,rnn,5,23,1,1.855354679193697,3.691182035616763,0.026100598479785773,20000,20000,20,,
walker2d-medium-replay-v2,1,rnn,5,24,5,1.9004057662350937,3.7311473663824977,0.02638319604375392,20000,20000,20,,
walker2d-medium-replay-v2,1,rnn,5,25,3,1.9753884799062558,3.879751137666118,0.027433983387599344,20000,20000,20,,
walker2d-medium-replay-v2,1,rnn,5,26,5,2.042510878319451,3.917478350366484,0.027700755066956302,20000,20000,20,,
walker2d-medium-replay-v2,1,rnn,5,27,2,2.1077770041160533,4.038170091540018,0.02855417455312648,20000,20000,20,,
walker2d-medium-replay-v2,1,rnn,5,28,5,2.2055185312201444,4.202053805456471,0.02971300740749008,20000,20000,20,,
walker2d-medium-replay-v2,1,rnn,5,29,4,2.2807615663490526,4.296103354564161,0.030378038146905928,20000,20000,20,,
walker2d-medium-replay-v2,1,rnn,5,30,2,2.369600958729671,4.410205917819209,0.03118486510919004,20000,20000,20,,
walker2d-medium-replay-v2,1,rnn,5,31,1,2.5076704431437746,4.497199392999037,0.031800001871376445,20000,20000,20,,
walker2d-medium-replay-v2,1,rnn,5,32,4,2.6081441361127036,4.69915751729977,0.03322806146346408,20000,20000,20,,
walker2d-medium-replay-v2,1,rnn,5,33,2,2.6598725169836452,4.708553038364639,0.03329449783004158,20000,20000,20,,
walker2d-medium-replay-v2,1,rnn,5,34,3,2.757739433943421,4.859397528872983,0.034361129451472384,20000,20000,20,,
walker2d-medium-replay-v2,1,rnn,5,35,2,2.8827969798294997,5.080845868601196,0.0359270056785156,20000,20000,20,,
walker2d-medium-replay-v2,1,rnn,5,36,1,3.038270812190797,5.271863952354724,0.03727770750202939,20000,20000,20,,
walker2d-medium-replay-v2,1,rnn,5,37,5,3.1175189220880566,5.353846718096782,0.037857413197995765,20000,20000,20,,
walker2d-medium-replay-v2,1,rnn,5,38,2,3.220783707959579,5.478970552866458,0.038742172318532796,20000,20000,20,,
walker2d-medium-replay-v2,1,rnn,5,39,5,3.3503544343350704,5.691339791056371,0.04024384960292788,20000,20000,20,,
walker2d-medium-replay-v2,1,rnn,5,40,3,3.449290476186167,5.7864640955661315,0.04091648001067294,20000,20000,20,,
walker2d-medium-replay-v2,1,rnn,5,41,1,3.563288649303006,5.88485990136775,0.04161224342589933,20000,20000,20,,
walker2d-medium-replay-v2,1,rnn,5,42,5,3.61527650870866,5.925392128019021,0.041898849549116365,20000,20000,20,,
walker2d-medium-replay-v2,1,rnn,5,43,3,3.728093269148137,6.094029381461491,0.04309129500381482,20000,20000,20,,
walker2d-medium-replay-v2,1,rnn,5,44,2,3.8572566846063476,6.283853366493745,0.044433553274296426,20000,20000,20,,
walker2d-medium-replay-v2,1,rnn,5,45,5,3.971807088601147,6.411144208515269,0.04533363545006008,20000,20000,20,,
walker2d-medium-replay-v2,1,rnn,5,46,1,4.101940441963144,6.423578831290048,0.04542156151091551,20000,20000,20,,
walker2d-medium-replay-v2,1,rnn,5,47,5,4.16367587485387,6.488241029218553,0.04587879229733223,20000,20000,20,,
walker2d-medium-replay-v2,1,rnn,5,48,3,4.26568192124137,6.641294178362895,0.04696104149375144,20000,20000,20,,
walker2d-medium-replay-v2,1,rnn,5,49,1,4.412644956717492,6.830484149681118,0.04829881661026748,20000,20000,20,,
walker2d-medium-replay-v2,1,rnn,5,50,4,4.459741723658723,6.824122800949888,0.04825383508201402,20000,20000,20,,
walker2d-medium-replay-v2,1,rnn,5,51,5,4.560612370965221,6.940773536459297,0.04907868034310503,20000,20000,20,,
walker2d-medium-replay-v2,1,rnn,5,52,4,4.66716185191257,7.108972079535789,0.05026802364705589,20000,20000,20,,
walker2d-medium-replay-v2,1,rnn,5,53,5,4.759728919239929,7.191408305085358,0.05085093578807113,20000,20000,20,,
walker2d-medium-replay-v2,1,rnn,5,54,2,4.831478207021749,7.359891122656207,0.05204228921624876,20000,20000,20,,
walker2d-medium-replay-v2,1,rnn,5,55,1,4.947468110998359,7.5831791827005945,0.05362117423040252,20000,20000,20,,
walker2d-medium-replay-v2,1,rnn,5,56,3,4.991636327137317,7.478246802018268,0.0528791902509373,20000,20000,20,,
walker2d-medium-replay-v2,1,rnn,5,57,1,5.1674715462476515,7.896222272940846,0.055834723149527254,20000,20000,20,,
walker2d-medium-replay-v2,1,rnn,5,58,5,5.290476198465738,8.025582301135403,0.0567494366810358,20000,20000,20,,
walker2d-medium-replay-v2,1,rnn,5,59,3,5.406304078225217,8.147669199296761,0.057612721416875075,20000,20000,20,,
walker2d-medium-replay-v2,1,rnn,5,60,4,5.51162495733626,8.26351702326639,0.05843188923602138,20000,20000,20,,
walker2d-medium-replay-v2,1,rnn,5,61,3,5.547160055464853,8.233230115570638,0.058217728457893005,20000,20000,20,,
walker2d-medium-replay-v2,1,rnn,5,62,4,5.5980790271514245,8.354882546411325,0.059077941045845773,20000,20000,20,,
walker2d-medium-replay-v2,1,rnn,5,63,1,5.673885272284866,8.413847388941253,0.05949488544589086,20000,20000,20,,
walker2d-medium-replay-v2,1,rnn,5,64,1,5.840394099102858,8.629712105373143,0.06102127949396987,20000,20000,20,,
walker2d-medium-replay-v2,1,rnn,5,65,2,5.971641134516869,8.881457005383435,0.06280138475323394,20000,20000,20,,
walker2d-medium-replay-v2,1,rnn,5,66,2,6.109820905802473,9.184443435979825,0.06494382235005608,20000,20000,20,,
walker2d-medium-replay-v2,1,rnn,5,67,1,6.267847897630406,9.493442153316874,0.0671287732341258,20000,20000,20,,
walker2d-medium-replay-v2,1,rnn,5,68,2,6.3635068612125485,9.577993334879288,0.06772664037252699,20000,20000,20,,
walker2d-medium-replay-v2,1,rnn,5,69,4,6.4158067817511855,9.598988826370007,0.06787510091660132,20000,20000,20,,
walker2d-medium-replay-v2,1,rnn,5,70,3,6.549762599681306,9.62017221817969,0.0680248901165729,20000,20000,20,,
walker2d-medium-replay-v2,1,rnn,5,71,3,6.6636476189809475,9.72942773815799,0.06879744330716007,20000,20000,20,,
walker2d-medium-replay-v2,1,rnn,5,72,3,6.77843836004038,10.0367580600604,0.07097059685397446,20000,20000,20,,
walker2d-medium-replay-v2,1,rnn,5,73,3,6.934855065496656,10.072277099830606,0.07122175439280193,20000,20000,20,,
walker2d-medium-replay-v2,1,rnn,5,74,1,7.095838393180148,10.568756931420005,0.07473239694919412,20000,20000,20,,
walker2d-medium-replay-v2,1,rnn,5,75,1,7.275884531442626,11.263713099832295,0.07964647914231163,20000,20000,20,,
walker2d-medium-replay-v2,1,rnn,5,76,1,7.585470960553479,12.521532012704382,0.08854060197027708,20000,20000,20,,
walker2d-medium-replay-v2,1,rnn,5,77,5,7.627522602903099,12.362511910335927,0.08741616004297993,20000,20000,20,,
walker2d-medium-replay-v2,1,rnn,5,78,2,7.755052415205737,13.271485311896015,0.09384357260459335,20000,20000,20,,
walker2d-medium-replay-v2,1,rnn,5,79,1,7.968889752932182,14.257659959937483,0.10081688041523713,20000,20000,20,,
walker2d-medium-replay-v2,1,rnn,5,80,2,8.066974384102322,14.870394501731004,0.10514956791093144,20000,20000,20,,
walker2d-medium-replay-v2,1,rnn,5,81,1,8.265754418424784,16.02751314755759,0.11333163232194517,20000,20000,20,,
walker2d-medium-replay-v2,1,rnn,5,82,4,8.342766835362449,15.882927941092927,0.11230926052244097,20000,20000,20,,
walker2d-medium-replay-v2,1,rnn,5,83,2,8.47099088844184,16.430499583796514,0.11618117673985262,20000,20000,20,,
walker2d-medium-replay-v2,1,rnn,5,84,3,8.60905322724265,16.971194765291155,0.12000446903375013,20000,20000,20,,
walker2d-medium-replay-v2,1,rnn,5,85,2,8.797215188111476,17.790278977808608,0.12579626904408947,20000,20000,20,,
walker2d-medium-replay-v2,1,rnn,5,86,3,8.889730806316525,17.808976155881638,0.1259284780581344,20000,20000,20,,
walker2d-medium-replay-v2,1,rnn,5,87,5,9.050666767275487,17.841025088495424,0.12615509823394438,20000,20000,20,,
walker2d-medium-replay-v2,1,rnn,5,88,5,9.189144042463289,18.076405677846285,0.12781949034284118,20000,20000,20,,
walker2d-medium-replay-v2,1,rnn,5,89,1,9.376844550562382,17.556087799382023,0.12414028734049441,20000,20000,20,,
walker2d-medium-replay-v2,1,rnn,5,90,5,9.489191622670841,17.438175820487682,0.12330652374190126,20000,20000,20,,
walker2d-medium-replay-v2,1,rnn,5,91,5,9.636272266267813,17.277232008209182,0.12216847913137985,20000,20000,20,,
walker2d-medium-replay-v2,1,rnn,5,92,2,9.8066319278357,17.800020974569257,0.125865155363807,20000,20000,20,,
walker2d-medium-replay-v2,1,rnn,5,93,3,9.978969653269765,17.381908669582813,0.12290865490227247,20000,20000,20,,
walker2d-medium-replay-v2,1,rnn,5,94,5,10.18635373885043,17.60711693088572,0.12450111778973764,20000,20000,20,,
walker2d-medium-replay-v2,1,rnn,5,95,3,10.35487611293266,17.179089720582443,0.12147450836035957,20000,20000,20,,
walker2d-medium-replay-v2,1,rnn,5,96,5,10.535438904700527,17.36516501695196,0.12279025939910139,20000,20000,20,,
walker2d-medium-replay-v2,1,rnn,5,97,2,10.715699754276201,17.61123852447049,0.1245302618574685,20000,20000,20,,
walker2d-medium-replay-v2,1,rnn,5,98,1,11.143629653200652,18.694976673964888,0.132193447802849,20000,20000,20,,
walker2d-medium-replay-v2,1,rnn,5,99,4,11.227018293345143,18.773145915021754,0.13274618780716416,20000,20000,20,,
walker2d-medium-replay-v2,1,rnn,5,100,1,11.810808993286418,20.553581499596675,0.14533576856035177,20000,20000,20,,
walker2d-medium-replay-v2,1,rnn,6,1,4,0.07758227316295853,0.22414510072804625,0.0015849452069454325,20000,20000,20,,
walker2d-medium-replay-v2,1,rnn,6,2,4,0.12483916869937714,0.35337938920778805,0.002498769624403872,20000,20000,20,,
walker2d-medium-replay-v2,1,rnn,6,3,5,0.1732641461727039,0.46865818480446614,0.003313913805338162,20000,20000,20,,
walker2d-medium-replay-v2,1,rnn,6,4,2,0.23250104219167023,0.6303288224123096,0.004457097847050752,20000,20000,20,,
walker2d-medium-replay-v2,1,rnn,6,5,2,0.3045076936791951,0.8587710707885198,0.0060724284764139495,20000,20000,20,,
walker2d-medium-replay-v2,1,rnn,6,6,4,0.35865413669345814,0.9609021157106555,0.0067946040207550506,20000,20000,20,,
walker2d-medium-replay-v2,1,rnn,6,7,2,0.4303927545075643,1.0977454371138318,0.007762232425997812,20000,20000,20,,
walker2d-medium-replay-v2,1,rnn,6,8,5,0.5024805925522092,1.313355656820584,0.00928682691047547,20000,20000,20,,
walker2d-medium-replay-v2,1,rnn,6,9,1,0.6572997583986934,1.6717027297512523,0.011820723363351729,20000,20000,20,,
walker2d-medium-replay-v2,1,rnn,6,10,3,0.7056586452954385,1.7541179438915797,0.012403486931267398,20000,20000,20,,
walker2d-medium-replay-v2,1,rnn,6,11,5,0.7563774596255082,1.8945850376655569,0.013396739276678858,20000,20000,20,,
walker2d-medium-replay-v2,1,rnn,6,12,3,0.836597894225337,2.0818021058678284,0.014720563861475763,20000,20000,20,,
walker2d-medium-replay-v2,1,rnn,6,13,1,0.9788204313558404,2.2861724667833005,0.016165680542244487,20000,20000,20,,
walker2d-medium-replay-v2,1,rnn,6,14,1,1.110963698286701,2.598329312406376,0.018372962765583277,20000,20000,20,,
walker2d-medium-replay-v2,1,rnn,6,15,3,1.1401983533107531,2.6201109468403403,0.0185269821797191,20000,20000,20,,
walker2d-medium-replay-v2,1,rnn,6,16,2,1.2123100511094087,2.7414028878639756,0.019384645719730014,20000,20000,20,,
walker2d-medium-replay-v2,1,rnn,6,17,4,1.294473355351939,2.8836606130483506,0.020390559741270454,20000,20000,20,,
walker2d-medium-replay-v2,1,rnn,6,18,3,1.3893885176909164,3.035151019506335,0.021461758678181928,20000,20000,20,,
walker2d-medium-replay-v2,1,rnn,6,19,1,1.4989127980618866,3.219108453513868,0.02276253416854596,20000,20000,20,,
walker2d-medium-replay-v2,1,rnn,6,20,2,1.5481139494570264,3.3006377599927754,0.02333903342331268,20000,20000,20,,
walker2d-medium-replay-v2,1,rnn,6,21,1,1.656492026506648,3.3460542457258278,0.02366017647370771,20000,20000,20,,
walker2d-medium-replay-v2,1,rnn,6,22,1,1.7910221022218569,3.590316392452118,0.025387370677081144,20000,20000,20,,
walker2d-medium-replay-v2,1,rnn,6,23,3,1.858061770473592,3.6475881091556466,0.025792342869593744,20000,20000,20,,
walker2d-medium-replay-v2,1,rnn,6,24,2,1.9414768434501923,3.824129095329607,0.027040676154403424,20000,20000,20,,
walker2d-medium-replay-v2,1,rnn,6,25,1,2.0764112489116053,4.064514971900607,0.028740460988651687,20000,20000,20,,
walker2d-medium-replay-v2,1,rnn,6,26,5,2.138090890788182,4.168538791625849,0.029476020471978146,20000,20000,20,,
walker2d-medium-replay-v2,1,rnn,6,27,1,2.2592722142298896,4.337228997355115,0.03066884035588732,20000,20000,20,,
walker2d-medium-replay-v2,1,rnn,6,28,3,2.3142164661325895,4.323719240653886,0.030573311950131125,20000,20000,20,,
walker2d-medium-replay-v2,1,rnn,6,29,3,2.3674223067594813,4.436967814045174,0.031374100292177944,20000,20000,20,,
walker2d-medium-replay-v2,1,rnn,6,30,2,2.438687618862665,4.544978304664055,0.03213784979573692,20000,20000,20,,
walker2d-medium-replay-v2,1,rnn,6,31,5,2.50742371765968,4.547687872796006,0.03215700933573881,20000,20000,20,,
walker2d-medium-replay-v2,1,rnn,6,32,3,2.604881150402481,4.746922417911813,0.03356581031471886,20000,20000,20,,
walker2d-medium-replay-v2,1,rnn,6,33,4,2.687459696382721,4.8648223878581405,0.03439948899722624,20000,20000,20,,
walker2d-medium-replay-v2,1,rnn,6,34,4,2.7844721944331083,4.992142385022841,0.03529977733098435,20000,20000,20,,
walker2d-medium-replay-v2,1,rnn,6,35,4,2.881518517597805,5.170361949710785,0.03655997995829395,20000,20000,20,,
walker2d-medium-replay-v2,1,rnn,6,36,3,2.9669517459801806,5.226828923647721,0.03695926176013287,20000,20000,20,,
walker2d-medium-replay-v2,1,rnn,6,37,1,3.0862059251598675,5.283940200338552,0.037363099470435944,20000,20000,20,,
walker2d-medium-replay-v2,1,rnn,6,38,5,3.1868550952578136,5.484862779037736,0.038783836649352754,20000,20000,20,,
walker2d-medium-replay-v2,1,rnn,6,39,2,3.2761520575793948,5.686448290537259,0.04020926147105546,20000,20000,20,,
walker2d-medium-replay-v2,1,rnn,6,40,4,3.3793572135668226,5.993536561105484,0.04238070345647187,20000,20000,20,,
walker2d-medium-replay-v2,1,rnn,6,41,4,3.4953700918443538,6.2490374300587375,0.04418736742683089,20000,20000,20,,
walker2d-medium-replay-v2,1,rnn,6,42,2,3.660677223364153,6.848644376750606,0.0484272288073547,20000,20000,20,,
walker2d-medium-replay-v2,1,rnn,6,43,3,3.741250580696456,6.903394677466171,0.048814371896434484,20000,20000,20,,
walker2d-medium-replay-v2,1,rnn,6,44,1,3.89053399715863,7.337535384159009,0.051884210273350745,20000,20000,20,,
walker2d-medium-replay-v2,1,rnn,6,45,2,4.023318319801387,8.319866967498157,0.05883034351287904,20000,20000,20,,
walker2d-medium-replay-v2,1,rnn,6,46,5,4.119756523293697,8.50292946044788,0.06012479081433568,20000,20000,20,,
walker2d-medium-replay-v2,1,rnn,6,47,4,4.256520783732481,8.978367716371599,0.06348664696232734,20000,20000,20,,
walker2d-medium-replay-v2,1,rnn,6,48,5,4.314681163709731,9.354024823877632,0.06614294384351174,20000,20000,20,,
walker2d-medium-replay-v2,1,rnn,6,49,2,4.417027237375413,10.49928040675042,0.07424112373192275,20000,20000,20,,
walker2d-medium-replay-v2,1,rnn,6,50,1,4.543675926313166,11.644610326906374,0.08233982926430397,20000,20000,20,,
walker2d-medium-replay-v2,1,rnn,6,51,3,4.642685390414277,11.656550667016559,0.08242426021891983,20000,20000,20,,
walker2d-medium-replay-v2,1,rnn,6,52,5,4.700841664212301,11.875061605767453,0.08396936588446177,20000,20000,20,,
walker2d-medium-replay-v2,1,rnn,6,53,3,4.844906944801911,12.611399996870233,0.08917606458042945,20000,20000,20,,
walker2d-medium-replay-v2,1,rnn,6,54,2,4.992774381478758,13.91641889964887,0.09840394173774347,20000,20000,20,,
walker2d-medium-replay-v2,1,rnn,6,55,4,5.103235520080536,14.732114184884649,0.10417177841346462,20000,20000,20,,
walker2d-medium-replay-v2,1,rnn,6,56,5,5.206730282989623,15.248212817145415,0.10782114683979152,20000,20000,20,,
walker2d-medium-replay-v2,1,rnn,6,57,1,5.34962419435603,17.055564463726224,0.12060105289265115,20000,20000,20,,
walker2d-medium-replay-v2,1,rnn,6,58,3,5.384994092072606,17.630234811907577,0.12466458589410984,20000,20000,20,,
walker2d-medium-replay-v2,1,rnn,6,59,4,5.447746490337145,18.718279870217415,0.13235822628378383,20000,20000,20,,
walker2d-medium-replay-v2,1,rnn,6,60,1,5.6755075377903434,20.743158661175507,0.14667628152545667,20000,20000,20,,
walker2d-medium-replay-v2,1,rnn,6,61,3,5.807688789100375,21.13173809727545,0.1494239530684158,20000,20000,20,,
walker2d-medium-replay-v2,1,rnn,6,62,5,5.905484821964345,21.398867489485788,0.1513128431152775,20000,20000,20,,
walker2d-medium-replay-v2,1,rnn,6,63,3,6.005575392124967,21.823218791552748,0.1543134599482464,20000,20000,20,,
walker2d-medium-replay-v2,1,rnn,6,64,1,6.150762707204868,23.5985486284985,0.16686693761371788,20000,20000,20,,
walker2d-medium-replay-v2,1,rnn,6,65,4,6.230844173601658,24.62734926618833,0.17414165668771311,20000,20000,20,,
walker2d-medium-replay-v2,1,rnn,6,66,3,6.343118772126932,25.552555359294022,0.1806838517120146,20000,20000,20,,
walker2d-medium-replay-v2,1,rnn,6,67,2,6.5419035952742535,27.781248242552778,0.19644309022135925,20000,20000,20,,
walker2d-medium-replay-v2,1,rnn,6,68,4,6.675313288314363,29.30590922096935,0.207224071389848,20000,20000,20,,
walker2d-medium-replay-v2,1,rnn,6,69,5,6.761931194528641,30.090469065854712,0.21277174725549905,20000,20000,20,,
walker2d-medium-replay-v2,1,rnn,6,70,4,6.8451522823387,31.422245674532885,0.22218882996571862,20000,20000,20,,
walker2d-medium-replay-v2,1,rnn,6,71,2,7.0327109727171875,33.83273942898894,0.23923359476355557,20000,20000,20,,
walker2d-medium-replay-v2,1,rnn,6,72,4,7.107578478075305,35.49481520371597,0.2509862452751093,20000,20000,20,,
walker2d-medium-replay-v2,1,rnn,6,73,2,7.329042258003395,39.000784263947615,0.27577719024630953,20000,20000,20,,
walker2d-medium-replay-v2,1,rnn,6,74,1,7.571226927965118,42.046530050729665,0.29731386524234893,20000,20000,20,,
walker2d-medium-replay-v2,1,rnn,6,75,3,7.719882229516961,43.833901350030686,0.3099524889046886,20000,20000,20,,
walker2d-medium-replay-v2,1,rnn,6,76,4,7.859607960753811,46.08612477521618,0.32587811347164714,20000,20000,20,,
walker2d-medium-replay-v2,1,rnn,6,77,1,8.175382706295085,48.91846542017102,0.3459057862384256,20000,20000,20,,
walker2d-medium-replay-v2,1,rnn,6,78,1,8.481888425244671,52.07320562244805,0.3682131681375447,20000,20000,20,,
walker2d-medium-replay-v2,1,rnn,6,79,5,8.505909797426726,52.91769579953498,0.37418461544618065,20000,20000,20,,
walker2d-medium-replay-v2,1,rnn,6,80,3,8.63258541471858,54.76751628140445,0.3872648215132573,20000,20000,20,,
walker2d-medium-replay-v2,1,rnn,6,81,5,8.787880173316506,56.31396577687566,0.39819987076335944,20000,20000,20,,
walker2d-medium-replay-v2,1,rnn,6,82,5,8.943410047483189,58.16063545100805,0.41125779725526507,20000,20000,20,,
walker2d-medium-replay-v2,1,rnn,6,83,1,9.181220364946688,60.91645540997486,0.4307443870624117,20000,20000,20,,
walker2d-medium-replay-v2,1,rnn,6,84,5,9.282909289355933,62.815684152873814,0.4441739622936942,20000,20000,20,,
walker2d-medium-replay-v2,1,rnn,6,85,4,9.391330260698757,65.64602329323847,0.46418748228578977,20000,20000,20,,
walker2d-medium-replay-v2,1,rnn,6,86,5,9.517972965320533,67.76081072255644,0.4791412876061778,20000,20000,20,,
walker2d-medium-replay-v2,1,rnn,6,87,4,9.709386788696658,70.87018901325348,0.5011279123524389,20000,20000,20,,
walker2d-medium-replay-v2,1,rnn,6,88,5,9.908867319094568,72.82685448051906,0.5149636265566093,20000,20000,20,,
walker2d-medium-replay-v2,1,rnn,6,89,4,10.105784772619666,76.19320031493007,0.5387672862299203,20000,20000,20,,
walker2d-medium-replay-v2,1,rnn,6,90,2,10.389624392466086,81.17592753017428,0.5740004882569398,20000,20000,20,,
walker2d-medium-replay-v2,1,rnn,6,91,5,10.533630185279517,82.88535293480933,0.5860879512124398,20000,20000,20,,
walker2d-medium-replay-v2,1,rnn,6,92,2,10.783882897228944,87.62635603347451,0.6196119056193656,20000,20000,20,,
walker2d-medium-replay-v2,1,rnn,6,93,1,11.163525306419489,89.81545367088476,0.635091163460288,20000,20000,20,,
walker2d-medium-replay-v2,1,rnn,6,94,1,11.662852011085269,92.69533517520706,0.6554550008674882,20000,20000,20,,
walker2d-medium-replay-v2,1,rnn,6,95,3,11.714116678135436,94.0387568194715,0.6649544264140098,20000,20000,20,,
walker2d-medium-replay-v2,1,rnn,6,96,4,11.838604578891381,96.53547881314455,0.682608916938648,20000,20000,20,,
walker2d-medium-replay-v2,1,rnn,6,97,4,12.087549314534177,98.67421039485728,0.697732032984317,20000,20000,20,,
walker2d-medium-replay-v2,1,rnn,6,98,3,12.287841475274814,98.08484011497536,0.6935645557689738,20000,20000,20,,
walker2d-medium-replay-v2,1,rnn,6,99,4,12.457282899955128,100.32452444047152,0.7094015155117294,20000,20000,20,,
walker2d-medium-replay-v2,1,rnn,6,100,4,12.665953546599729,102.7826438558469,0.7267830445875118,20000,20000,20,,
walker2d-medium-replay-v2,1,rnn,7,1,4,0.07735658383443704,0.22513817151734541,0.0015919672778385496,20000,20000,20,,
walker2d-medium-replay-v2,1,rnn,7,2,1,0.22863740614250605,0.6450859626619562,0.004561446586465212,20000,20000,20,,
walker2d-medium-replay-v2,1,rnn,7,3,2,0.2791110792204263,0.9541592450338462,0.006746924724952692,20000,20000,20,,
walker2d-medium-replay-v2,1,rnn,7,4,5,0.305305927658791,0.9019892506387274,0.0063780271568401655,20000,20000,20,,
walker2d-medium-replay-v2,1,rnn,7,5,1,0.4677495679780114,1.2656740287428947,0.00894966688495798,20000,20000,20,,
walker2d-medium-replay-v2,1,rnn,7,6,2,0.539268879325069,1.466979466715916,0.010373111287762493,20000,20000,20,,
walker2d-medium-replay-v2,1,rnn,7,7,3,0.5986971346465387,1.5993258655972686,0.011308941648908735,20000,20000,20,,
walker2d-medium-replay-v2,1,rnn,7,8,4,0.669350481805881,1.7578301612710692,0.012429736272090154,20000,20000,20,,
walker2d-medium-replay-v2,1,rnn,7,9,1,0.8108899481541318,2.067602905764318,0.014620160354669596,20000,20000,20,,
walker2d-medium-replay-v2,1,rnn,7,10,1,0.9396855561722556,2.379968344177985,0.01682891755177572,20000,20000,20,,
walker2d-medium-replay-v2,1,rnn,7,11,4,0.9679227978324813,2.3970362334727704,0.01694960575438456,20000,20000,20,,
walker2d-medium-replay-v2,1,rnn,7,12,4,1.0246101693101761,2.463335366546983,0.01741841142022021,20000,20000,20,,
walker2d-medium-replay-v2,1,rnn,7,13,2,1.1261262959480989,2.688437867459883,0.019010126468795838,20000,20000,20,,
walker2d-medium-replay-v2,1,rnn,7,14,1,1.2459777730910246,2.899492037570986,0.02050250481762844,20000,20000,20,,
walker2d-medium-replay-v2,1,rnn,7,15,5,1.2883565697633665,2.9942077267899925,0.02117224587894361,20000,20000,20,,
walker2d-medium-replay-v2,1,rnn,7,16,5,1.3351083105687738,2.997031563295793,0.021192213418365746,20000,20000,20,,
walker2d-medium-replay-v2,1,rnn,7,17,1,1.4527023772255694,3.1615060983947876,0.022355224009375785,20000,20000,20,,
walker2d-medium-replay-v2,1,rnn,7,18,2,1.520576251671712,3.395305937697413,0.0240084385274879,20000,20000,20,,
walker2d-medium-replay-v2,1,rnn,7,19,3,1.5937076455620764,3.452732401288388,0.02441450494573531,20000,20000,20,,
walker2d-medium-replay-v2,1,rnn,7,20,3,1.6535023850687445,3.4719726519132976,0.02455055406262133,20000,20000,20,,
walker2d-medium-replay-v2,1,rnn,7,21,3,1.74341099477497,3.6233513815936784,0.025620963325465356,20000,20000,20,,
walker2d-medium-replay-v2,1,rnn,7,22,2,1.8233186747156243,3.84884411321768,0.027215437721861455,20000,20000,20,,
walker2d-medium-replay-v2,1,rnn,7,23,1,1.9162154629575532,3.857366136208195,0.02727569752432166,20000,20000,20,,
walker2d-medium-replay-v2,1,rnn,7,24,4,1.9547894085194693,3.9250398057864517,0.027754222630987296,20000,20000,20,,
walker2d-medium-replay-v2,1,rnn,7,25,2,2.0123909990830513,4.0163922400462155,0.028400181888417066,20000,20000,20,,
walker2d-medium-replay-v2,1,rnn,7,26,1,2.148777737124906,4.179377616326171,0.029552662536435043,20000,20000,20,,
walker2d-medium-replay-v2,1,rnn,7,27,4,2.1957073538776886,4.208809184458161,0.029760775150505885,20000,20000,20,,
walker2d-medium-replay-v2,1,rnn,7,28,2,2.274458676004342,4.383798343193589,0.030998135358265386,20000,20000,20,,
walker2d-medium-replay-v2,1,rnn,7,29,3,2.350513090934661,4.444923429618702,0.03143035498938349,20000,20000,20,,
walker2d-medium-replay-v2,1,rnn,7,30,3,2.4577020941724936,4.5957924521438,0.03249716007836832,20000,20000,20,,
walker2d-medium-replay-v2,1,rnn,7,31,4,2.5641407158172047,4.786393982691451,0.03384491642591612,20000,20000,20,,
walker2d-medium-replay-v2,1,rnn,7,32,4,2.656031160187617,4.930891436720501,0.03486666772199744,20000,20000,20,,
walker2d-medium-replay-v2,1,rnn,7,33,3,2.7098495980647583,4.876872369939277,0.03448469523765372,20000,20000,20,,
walker2d-medium-replay-v2,1,rnn,7,34,1,2.8284674694041727,5.036801651693881,0.03561556603404346,20000,20000,20,,
walker2d-medium-replay-v2,1,rnn,7,35,3,2.9179616853292645,5.126495992918597,0.03624980080318403,20000,20000,20,,
walker2d-medium-replay-v2,1,rnn,7,36,4,3.011835501411753,5.30451606979736,0.03750859283866727,20000,20000,20,,
walker2d-medium-replay-v2,1,rnn,7,37,2,3.12953697928087,5.526852681900079,0.039080750099906025,20000,20000,20,,
walker2d-medium-replay-v2,1,rnn,7,38,5,3.274419706433319,5.71713328674668,0.04042623716005912,20000,20000,20,,
walker2d-medium-replay-v2,1,rnn,7,39,1,3.43970812901245,5.876372053360683,0.04155222527706455,20000,20000,20,,
walker2d-medium-replay-v2,1,rnn,7,40,2,3.5709436752269705,6.132201899478525,0.043361215467262924,20000,20000,20,,
walker2d-medium-replay-v2,1,rnn,7,41,2,3.62302253231232,6.1946396186212525,0.04380271681333936,20000,20000,20,,
walker2d-medium-replay-v2,1,rnn,7,42,3,3.6908553674515736,6.276707428649864,0.044383023863222966,20000,20000,20,,
walker2d-medium-replay-v2,1,rnn,7,43,5,3.7983155533296076,6.554788724772945,0.046349355565320716,20000,20000,20,,
walker2d-medium-replay-v2,1,rnn,7,44,4,3.8951163806414915,6.691953032702262,0.04731925368805651,20000,20000,20,,
walker2d-medium-replay-v2,1,rnn,7,45,4,3.990002324876303,6.820525315738541,0.0482283970201324,20000,20000,20,,
walker2d-medium-replay-v2,1,rnn,7,46,5,4.081699138995706,6.957457796140476,0.04919665587470143,20000,20000,20,,
walker2d-medium-replay-v2,1,rnn,7,47,2,4.1748932769671026,7.189929182348699,0.050840476810898136,20000,20000,20,,
walker2d-medium-replay-v2,1,rnn,7,48,2,4.302550705480603,7.38634033316884,0.05222931337735389,20000,20000,20,,
walker2d-medium-replay-v2,1,rnn,7,49,2,4.4265630003389065,7.546089882765577,0.05335891327546739,20000,20000,20,,
walker2d-medium-replay-v2,1,rnn,7,50,1,4.53666216399106,7.696718446747767,0.05442401806578937,20000,20000,20,,
walker2d-medium-replay-v2,1,rnn,7,51,4,4.649978626373625,7.842988614785696,0.05545830434283853,20000,20000,20,,
walker2d-medium-replay-v2,1,rnn,7,52,4,4.70473935798817,7.740853761427461,0.05473610186878751,20000,20000,20,,
walker2d-medium-replay-v2,1,rnn,7,53,1,4.843824503172331,8.190415403728663,0.057914982727112915,20000,20000,20,,
walker2d-medium-replay-v2,1,rnn,7,54,5,4.91883891056,8.298330735048825,0.05867805935281772,20000,20000,20,,
walker2d-medium-replay-v2,1,rnn,7,55,4,5.024407406870211,8.442886736589477,0.059700224642323794,20000,20000,20,,
walker2d-medium-replay-v2,1,rnn,7,56,2,5.156779957361783,8.704216620030186,0.06154810596939995,20000,20000,20,,
walker2d-medium-replay-v2,1,rnn,7,57,4,5.241995782762487,8.741957261391686,0.06181497260373041,20000,20000,20,,
walker2d-medium-replay-v2,1,rnn,7,58,3,5.317025585252287,8.861900021021079,0.06266309599061212,20000,20000,20,,
walker2d-medium-replay-v2,1,rnn,7,59,4,5.404462912537008,8.938011460152365,0.06320128513796813,20000,20000,20,,
walker2d-medium-replay-v2,1,rnn,7,60,5,5.501554480189251,9.10045405038353,0.06434992770902777,20000,20000,20,,
walker2d-medium-replay-v2,1,rnn,7,61,1,5.643753199191695,9.285114997178677,0.06565567778601954,20000,20000,20,,
walker2d-medium-replay-v2,1,rnn,7,62,1,5.77865115873523,9.75415665329804,0.06897230314302924,20000,20000,20,,
walker2d-medium-replay-v2,1,rnn,7,63,3,5.849492267121773,10.027483871511272,0.07090501843784355,20000,20000,20,,
walker2d-medium-replay-v2,1,rnn,7,64,4,5.947256315103114,10.125145785804875,0.07159559245645021,20000,20000,20,,
walker2d-medium-replay-v2,1,rnn,7,65,2,6.124037864561905,10.917492139370294,0.07719832725299564,20000,20000,20,,
walker2d-medium-replay-v2,1,rnn,7,66,4,6.217791850394051,11.087023854043371,0.0783970975037108,20000,20000,20,,
walker2d-medium-replay-v2,1,rnn,7,67,2,6.315738488770224,12.062489719636691,0.0852946827874812,20000,20000,20,,
walker2d-medium-replay-v2,1,rnn,7,68,3,6.42314500929957,12.175028355396023,0.08609045111239026,20000,20000,20,,
walker2d-medium-replay-v2,1,rnn,7,69,2,6.546808764779095,12.687415903696365,0.08971357821237749,20000,20000,20,,
walker2d-medium-replay-v2,1,rnn,7,70,3,6.65120311260958,12.714886726079927,0.08990782626029936,20000,20000,20,,
walker2d-medium-replay-v2,1,rnn,7,71,4,6.724711420362087,13.077414513558978,0.09247128482924928,20000,20000,20,,
walker2d-medium-replay-v2,1,rnn,7,72,3,6.842093217267956,13.88707011395885,0.09819641448393344,20000,20000,20,,
walker2d-medium-replay-v2,1,rnn,7,73,2,6.964336276795196,15.002648181427368,0.10608474264843316,20000,20000,20,,
walker2d-medium-replay-v2,1,rnn,7,74,2,7.102039413136132,15.653791682702025,0.11068902250120177,20000,20000,20,,
walker2d-medium-replay-v2,1,rnn,7,75,4,7.2154951424382725,15.549426213662187,0.10995104719240394,20000,20000,20,,
walker2d-medium-replay-v2,1,rnn,7,76,3,7.311891393364425,15.694187488700546,0.11097466398473228,20000,20000,20,,
walker2d-medium-replay-v2,1,rnn,7,77,3,7.384431448527871,15.734541675541749,0.11126001117637913,20000,20000,20,,
walker2d-medium-replay-v2,1,rnn,7,78,5,7.565128244376352,16.118789897270727,0.11397705640881343,20000,20000,20,,
walker2d-medium-replay-v2,1,rnn,7,79,4,7.73390401527839,16.991445239072167,0.12014766150707808,20000,20000,20,,
walker2d-medium-replay-v2,1,rnn,7,80,4,7.87737314173863,17.376462499623713,0.12287014466517673,20000,20000,20,,
walker2d-medium-replay-v2,1,rnn,7,81,4,7.982028550334997,17.827502075710807,0.12605947609352364,20000,20000,20,,
walker2d-medium-replay-v2,1,rnn,7,82,1,8.247023445329667,17.97807133244447,0.12712416151826952,20000,20000,20,,
walker2d-medium-replay-v2,1,rnn,7,83,5,8.367895900257786,18.184464360639815,0.1285835806165351,20000,20000,20,,
walker2d-medium-replay-v2,1,rnn,7,84,1,8.654155301054736,18.670408475622956,0.13201972440635784,20000,20000,20,,
walker2d-medium-replay-v2,1,rnn,7,85,3,8.742034939273898,18.51785953086194,0.13094104047332417,20000,20000,20,,
walker2d-medium-replay-v2,1,rnn,7,86,1,9.073777624153637,19.31639710403806,0.136587553803575,20000,20000,20,,
walker2d-medium-replay-v2,1,rnn,7,87,1,9.47030182955925,20.757605509956942,0.14677843617285796,20000,20000,20,,
walker2d-medium-replay-v2,1,rnn,7,88,4,9.468186151023188,20.53338653800427,0.14519296861747386,20000,20000,20,,
walker2d-medium-replay-v2,1,rnn,7,89,3,9.515956811953405,20.363840873146827,0.14399409972405905,20000,20000,20,,
walker2d-medium-replay-v2,1,rnn,7,90,5,9.65850878767774,20.187294309781436,0.14274572700255056,20000,20000,20,,
walker2d-medium-replay-v2,1,rnn,7,91,1,9.964103076076318,21.787439440382222,0.15406046172985507,20000,20000,20,,
walker2d-medium-replay-v2,1,rnn,7,92,1,10.443783492071542,23.965910289810438,0.16946457683233415,20000,20000,20,,
walker2d-medium-replay-v2,1,rnn,7,93,1,10.956995028608437,27.07883156827194,0.1914762542853344,20000,20000,20,,
walker2d-medium-replay-v2,1,rnn,7,94,1,11.443806560197473,29.78545805390358,0.21061499370662687,20000,20000,20,,
walker2d-medium-replay-v2,1,rnn,7,95,5,11.390923127537995,29.001080568129503,0.20506860731461782,20000,20000,20,,
walker2d-medium-replay-v2,1,rnn,7,96,4,11.512016805981816,28.38233477076827,0.2006934138231698,20000,20000,20,,
walker2d-medium-replay-v2,1,rnn,7,97,5,11.704761102583252,28.052080405447295,0.19835816281082058,20000,20000,20,,
walker2d-medium-replay-v2,1,rnn,7,98,1,12.156930559985257,30.47004231793815,0.21545573546055136,20000,20000,20,,
walker2d-medium-replay-v2,1,rnn,7,99,3,12.224490681912927,31.198146013805932,0.2206042060681023,20000,20000,20,,
walker2d-medium-replay-v2,1,rnn,7,100,1,12.789900396204114,33.801351476197496,0.23901164842089168,20000,20000,20,,
walker2d-medium-replay-v2,1,rnn,8,1,4,0.07757181968092541,0.217678377686839,0.0015392185698005032,20000,20000,20,,
walker2d-medium-replay-v2,1,rnn,8,2,5,0.1268114409869895,0.36179442329335915,0.0025582729010621046,20000,20000,20,,
walker2d-medium-replay-v2,1,rnn,8,3,2,0.18222572534897377,0.48103394221029205,0.003401423625177953,20000,20000,20,,
walker2d-medium-replay-v2,1,rnn,8,4,4,0.23053121108108848,0.6247317062670344,0.004417520259236624,20000,20000,20,,
walker2d-medium-replay-v2,1,rnn,8,5,3,0.28707298104178375,0.7612938193179987,0.005383160221151631,20000,20000,20,,
walker2d-medium-replay-v2,1,rnn,8,6,5,0.3553528650322275,0.994778353535636,0.00703414519562637,20000,20000,20,,
walker2d-medium-replay-v2,1,rnn,8,7,1,0.5052892395273346,1.3226150233775469,0.009352300519294674,20000,20000,20,,
walker2d-medium-replay-v2,1,rnn,8,8,5,0.5437625290339029,1.4379680760493634,0.01016796977704278,20000,20000,20,,
walker2d-medium-replay-v2,1,rnn,8,9,4,0.60774488227069,1.5309489257334938,0.010825443670364136,20000,20000,20,,
walker2d-medium-replay-v2,1,rnn,8,10,2,0.6831288843067889,1.7202108781157055,0.012163727769864808,20000,20000,20,,
walker2d-medium-replay-v2,1,rnn,8,11,5,0.7651649047279112,1.8659910816998244,0.013194549475035669,20000,20000,20,,
walker2d-medium-replay-v2,1,rnn,8,12,5,0.8306421883650362,2.0202901600424705,0.014285608721304863,20000,20000,20,,
walker2d-medium-replay-v2,1,rnn,8,13,3,0.9100831502243646,2.1724747439304517,0.015361716233897307,20000,20000,20,,
walker2d-medium-replay-v2,1,rnn,8,14,4,0.97139077251449,2.2679838384370234,0.016037067517803143,20000,20000,20,,
walker2d-medium-replay-v2,1,rnn,8,15,5,1.0318230591898836,2.3854491316664763,0.016867672571769268,20000,20000,20,,
walker2d-medium-replay-v2,1,rnn,8,16,2,1.1070625776098886,2.4812683847264028,0.017545217007838305,20000,20000,20,,
walker2d-medium-replay-v2,1,rnn,8,17,2,1.190742856780308,2.68842833184743,0.019010059041833557,20000,20000,20,,
walker2d-medium-replay-v2,1,rnn,8,18,1,1.3211356819447846,2.814689701503029,0.01990286174868731,20000,20000,20,,
walker2d-medium-replay-v2,1,rnn,8,19,2,1.3968221726245746,2.9968209663037744,0.02119072427275421,20000,20000,20,,
walker2d-medium-replay-v2,1,rnn,8,20,5,1.4780481345579748,3.1757552545717713,0.0224559807589651,20000,20000,20,,
walker2d-medium-replay-v2,1,rnn,8,21,3,1.5595968181798388,3.3399662885322923,0.02361712811555649,20000,20000,20,,
walker2d-medium-replay-v2,1,rnn,8,22,2,1.6612621716723253,3.5130426501740346,0.0248409628053562,20000,20000,20,,
walker2d-medium-replay-v2,1,rnn,8,23,2,1.7196298895717441,3.5836805287238214,0.02534044803466806,20000,20000,20,,
walker2d-medium-replay-v2,1,rnn,8,24,5,1.8030959332185834,3.6751710121201384,0.02598738344690377,20000,20000,20,,
walker2d-medium-replay-v2,1,rnn,8,25,5,1.896067729808259,3.8099229633287286,0.026940223631680898,20000,20000,20,,
walker2d-medium-replay-v2,1,rnn,8,26,1,2.0178575044033678,3.93828710973927,0.027847895215562066,20000,20000,20,,
walker2d-medium-replay-v2,1,rnn,8,27,3,2.0824008573613253,4.0560140838879795,0.028680350633053325,20000,20000,20,,
walker2d-medium-replay-v2,1,rnn,8,28,1,2.215511206362485,4.226159297286137,0.029883458974856017,20000,20000,20,,
walker2d-medium-replay-v2,1,rnn,8,29,4,2.2918665308431607,4.281826023335382,0.03027708216961477,20000,20000,20,,
walker2d-medium-replay-v2,1,rnn,8,30,5,2.3665648189524,4.375214226471561,0.03093743648681896,20000,20000,20,,
walker2d-medium-replay-v2,1,rnn,8,31,2,2.461584409680828,4.545413562793995,0.03214092753548939,20000,20000,20,,
walker2d-medium-replay-v2,1,rnn,8,32,4,2.55882220924357,4.7256893409714165,0.03341566978781875,20000,20000,20,,
walker2d-medium-replay-v2,1,rnn,8,33,5,2.635025027339818,4.788653295607122,0.03386089218075105,20000,20000,20,,
walker2d-medium-replay-v2,1,rnn,8,34,4,2.735941946877698,4.943829979705695,0.034958157036832485,20000,20000,20,,
walker2d-medium-replay-v2,1,rnn,8,35,3,2.828598243031918,4.99687934500094,0.03533327269621158,20000,20000,20,,
walker2d-medium-replay-v2,1,rnn,8,36,4,2.9392173704845574,5.228091541328009,0.036968189815370645,20000,20000,20,,
walker2d-medium-replay-v2,1,rnn,8,37,5,3.0361710134890534,5.409627736824761,0.03825184456403624,20000,20000,20,,
walker2d-medium-replay-v2,1,rnn,8,38,2,3.121498602869652,5.4755481557807455,0.03871797231666059,20000,20000,20,,
walker2d-medium-replay-v2,1,rnn,8,39,3,3.2213941055421276,5.620966995613846,0.03974623879424325,20000,20000,20,,
walker2d-medium-replay-v2,1,rnn,8,40,4,3.3377792588077924,5.696466482735067,0.04028010078743847,20000,20000,20,,
walker2d-medium-replay-v2,1,rnn,8,41,5,3.442066229762188,5.81468964033332,0.041116064751748574,20000,20000,20,,
walker2d-medium-replay-v2,1,rnn,8,42,2,3.565845445844353,6.022565990881128,0.04258597252295525,20000,20000,20,,
walker2d-medium-replay-v2,1,rnn,8,43,4,3.663995405407643,6.110976630812184,0.04321113015319816,20000,20000,20,,
walker2d-medium-replay-v2,1,rnn,8,44,2,3.7785173421895766,6.328900307868675,0.044752083251475686,20000,20000,20,,
walker2d-medium-replay-v2,1,rnn,8,45,2,3.8814948255919823,6.433522085699725,0.04549187093711696,20000,20000,20,,
walker2d-medium-replay-v2,1,rnn,8,46,5,3.9635461827487757,6.480793312887323,0.04582612899011057,20000,20000,20,,
walker2d-medium-replay-v2,1,rnn,8,47,1,4.138310168050613,6.817175017923198,0.04820470683709017,20000,20000,20,,
walker2d-medium-replay-v2,1,rnn,8,48,3,4.233428303920625,6.887451952341434,0.04870163980597154,20000,20000,20,,
walker2d-medium-replay-v2,1,rnn,8,49,5,4.315180597780288,7.038638526847712,0.04977069032654908,20000,20000,20,,
walker2d-medium-replay-v2,1,rnn,8,50,2,4.437501036204678,7.164781189148679,0.05066265364564846,20000,20000,20,,
walker2d-medium-replay-v2,1,rnn,8,51,3,4.542441134930605,7.2830714620728685,0.051499092186979484,20000,20000,20,,
walker2d-medium-replay-v2,1,rnn,8,52,2,4.601143199481989,7.296072210071253,0.05159102135768104,20000,20000,20,,
walker2d-medium-replay-v2,1,rnn,8,53,2,4.6493526049267615,7.3847782616373845,0.05221826786362799,20000,20000,20,,
walker2d-medium-replay-v2,1,rnn,8,54,4,4.736310003030182,7.5851064898068286,0.05363480234964498,20000,20000,20,,
walker2d-medium-replay-v2,1,rnn,8,55,2,4.87093350008613,8.080447794280875,0.05713739430359887,20000,20000,20,,
walker2d-medium-replay-v2,1,rnn,8,56,5,4.971586103708528,8.111919655194864,0.05735993396628729,20000,20000,20,,
walker2d-medium-replay-v2,1,rnn,8,57,4,5.088545304977207,8.399160103646677,0.0593910306556007,20000,20000,20,,
walker2d-medium-replay-v2,1,rnn,8,58,3,5.1943962412987155,8.571978094989609,0.060613038391496954,20000,20000,20,,
walker2d-medium-replay-v2,1,rnn,8,59,1,5.326002875405105,8.754095090808404,0.06190080001862488,20000,20000,20,,
walker2d-medium-replay-v2,1,rnn,8,60,2,5.457098845834039,9.133887375594599,0.06458633701877138,20000,20000,20,,
walker2d-medium-replay-v2,1,rnn,8,61,4,5.523767760116957,9.407089565026258,0.06651816822659276,20000,20000,20,,
walker2d-medium-replay-v2,1,rnn,8,62,2,5.700673596534496,9.704994995352926,0.0686246777259556,20000,20000,20,,
walker2d-medium-replay-v2,1,rnn,8,63,4,5.819639401623654,9.584819383269679,0.06777490782358252,20000,20000,20,,
walker2d-medium-replay-v2,1,rnn,8,64,1,5.944726538770878,9.896542962148594,0.06997912638839272,20000,20000,20,,
walker2d-medium-replay-v2,1,rnn,8,65,1,6.112763925197389,10.28389301463377,0.07271810487644506,20000,20000,20,,
walker2d-medium-replay-v2,1,rnn,8,66,2,6.180872808667406,10.213693850534124,0.07222172182676019,20000,20000,20,,
walker2d-medium-replay-v2,1,rnn,8,67,4,6.291626970681017,10.224200373431374,0.07229601416263357,20000,20000,20,,
walker2d-medium-replay-v2,1,rnn,8,68,5,6.4225109590456775,10.137069473111696,0.07167990565796423,20000,20000,20,,
walker2d-medium-replay-v2,1,rnn,8,69,3,6.522528439113849,10.262419867637222,0.07256626679789831,20000,20000,20,,
walker2d-medium-replay-v2,1,rnn,8,70,2,6.596185577690539,10.187631020305046,0.07203742978684124,20000,20000,20,,
walker2d-medium-replay-v2,1,rnn,8,71,1,6.72836460862776,10.232787804493583,0.07235673647000415,20000,20000,20,,
walker2d-medium-replay-v2,1,rnn,8,72,1,6.907513030577535,10.378835729786866,0.07338945125353523,20000,20000,20,,
walker2d-medium-replay-v2,1,rnn,8,73,5,6.9154739004880215,10.149554178991973,0.07176818585985487,20000,20000,20,,
walker2d-medium-replay-v2,1,rnn,8,74,4,7.017981368308646,10.017801611250857,0.07083655451897003,20000,20000,20,,
walker2d-medium-replay-v2,1,rnn,8,75,4,7.179835539725859,10.178184702908352,0.07197063423595682,20000,20000,20,,
walker2d-medium-replay-v2,1,rnn,8,76,3,7.313625143466507,10.352517939000936,0.07320335637022943,20000,20000,20,,
walker2d-medium-replay-v2,1,rnn,8,77,3,7.443348988421246,10.517651888991796,0.074371029728656,20000,20000,20,,
walker2d-medium-replay-v2,1,rnn,8,78,4,7.541825638885347,10.62253196445508,0.07511264385437044,20000,20000,20,,
walker2d-medium-replay-v2,1,rnn,8,79,2,7.659974332830384,10.759343816152061,0.07608004973518669,20000,20000,20,,
walker2d-medium-replay-v2,1,rnn,8,80,3,7.765317829514211,10.917770640755931,0.07720029655517917,20000,20000,20,,
walker2d-medium-replay-v2,1,rnn,8,81,2,7.8748470982669705,11.043458249286818,0.07808904215821227,20000,20000,20,,
walker2d-medium-replay-v2,1,rnn,8,82,5,7.97080113571032,11.067749699553579,0.0782608086502971,20000,20000,20,,
walker2d-medium-replay-v2,1,rnn,8,83,4,8.107941173083788,11.207721195175257,0.0792505565875662,20000,20000,20,,
walker2d-medium-replay-v2,1,rnn,8,84,3,8.223246132086922,11.360595614790018,0.08033154197536177,20000,20000,20,,
walker2d-medium-replay-v2,1,rnn,8,85,2,8.407670338521978,11.656143901266601,0.08242138395071832,20000,20000,20,,
walker2d-medium-replay-v2,1,rnn,8,86,4,8.608942925686108,11.98490913572336,0.08474610521774592,20000,20000,20,,
walker2d-medium-replay-v2,1,rnn,8,87,2,8.79677093118525,12.458361074863932,0.0880939159850681,20000,20000,20,,
walker2d-medium-replay-v2,1,rnn,8,88,4,8.873117091502579,12.549144270165433,0.08873585011522285,20000,20000,20,,
walker2d-medium-replay-v2,1,rnn,8,89,2,9.05363543723068,12.927388837770053,0.09141044310222485,20000,20000,20,,
walker2d-medium-replay-v2,1,rnn,8,90,3,9.169866810646779,13.318654240601248,0.0941771072980811,20000,20000,20,,
walker2d-medium-replay-v2,1,rnn,8,91,3,9.29228673550613,13.435997890189917,0.09500685220161435,20000,20000,20,,
walker2d-medium-replay-v2,1,rnn,8,92,5,9.475193222772196,13.747607455171012,0.09721026456642158,20000,20000,20,,
walker2d-medium-replay-v2,1,rnn,8,93,2,9.660206321805328,13.872547937257496,0.09809372718770226,20000,20000,20,,
walker2d-medium-replay-v2,1,rnn,8,94,1,10.02472955735618,14.866793459347562,0.10512410469604472,20000,20000,20,,
walker2d-medium-replay-v2,1,rnn,8,95,3,10.14463766398812,15.251160269382313,0.10784198847443086,20000,20000,20,,
walker2d-medium-replay-v2,1,rnn,8,96,5,10.272099768313689,15.428762889963311,0.10909782864812412,20000,20000,20,,
walker2d-medium-replay-v2,1,rnn,8,97,5,10.496896684401637,15.78556661321851,0.1116208119707877,20000,20000,20,,
walker2d-medium-replay-v2,1,rnn,8,98,5,10.735519913145575,16.15713343040894,0.11424818613178027,20000,20000,20,,
walker2d-medium-replay-v2,1,rnn,8,99,2,10.91453232024045,16.406229843115877,0.11600956375772344,20000,20000,20,,
walker2d-medium-replay-v2,1,rnn,8,100,5,11.13606345308975,17.031545077297967,0.12043121018241754,20000,20000,20,,
walker2d-medium-replay-v2,1,rnn,9,1,5,0.08033339739515795,0.23097007147522322,0.001633205037912719,20000,20000,20,,
walker2d-medium-replay-v2,1,rnn,9,2,5,0.1309576541024845,0.362464678241128,0.0025630123192490165,20000,20000,20,,
walker2d-medium-replay-v2,1,rnn,9,3,2,0.18904033641871335,0.5245001101659575,0.003708775846314398,20000,20000,20,,
walker2d-medium-replay-v2,1,rnn,9,4,3,0.2341787415180576,0.6261838144001565,0.004427788214316091,20000,20000,20,,
walker2d-medium-replay-v2,1,rnn,9,5,1,0.38906893474558485,1.0631828488788815,0.007517838020834894,20000,20000,20,,
walker2d-medium-replay-v2,1,rnn,9,6,5,0.4217590192557853,1.1542026361152584,0.008161445108604884,20000,20000,20,,
walker2d-medium-replay-v2,1,rnn,9,7,1,0.5645380443803124,1.459038685031803,0.01031696148199491,20000,20000,20,,
walker2d-medium-replay-v2,1,rnn,9,8,4,0.5972372410161279,1.4939970228509225,0.010564154259304006,20000,20000,20,,
walker2d-medium-replay-v2,1,rnn,9,9,4,0.6728577469868481,1.6756813418168348,0.01184885639906457,20000,20000,20,,
walker2d-medium-replay-v2,1,rnn,9,10,4,0.7714153963051155,1.9685304240248513,0.01391961211800002,20000,20000,20,,
walker2d-medium-replay-v2,1,rnn,9,11,1,0.9048471106120757,2.165051696708143,0.015309227363617681,20000,20000,20,,
walker2d-medium-replay-v2,1,rnn,9,12,3,0.9456596121856284,2.277108036571107,0.016101585341538147,20000,20000,20,,
walker2d-medium-replay-v2,1,rnn,9,13,1,1.0651108702234182,2.5161298153860447,0.01779172454805128,20000,20000,20,,
walker2d-medium-replay-v2,1,rnn,9,14,2,1.1278341462205084,2.6421840973529207,0.018683062923815073,20000,20000,20,,
walker2d-medium-replay-v2,1,rnn,9,15,1,1.244634207169481,2.825831047734875,0.019981642963408167,20000,20000,20,,
walker2d-medium-replay-v2,1,rnn,9,16,5,1.3128033640092915,2.955123060769399,0.020895875555107878,20000,20000,20,,
walker2d-medium-replay-v2,1,rnn,9,17,2,1.3628446037468744,3.023668920748242,0.021380567979240914,20000,20000,20,,
walker2d-medium-replay-v2,1,rnn,9,18,4,1.4493660630610816,3.1977265103172035,0.02261134099825289,20000,20000,20,,
walker2d-medium-replay-v2,1,rnn,9,19,3,1.495527303349853,3.268894849286706,0.023114577149164067,20000,20000,20,,
walker2d-medium-replay-v2,1,rnn,9,20,4,1.5778668224097014,3.451032589086275,0.024402485458386733,20000,20000,20,,
walker2d-medium-replay-v2,1,rnn,9,21,3,1.6381047331934295,3.471011295184906,0.024543756244003484,20000,20000,20,,
walker2d-medium-replay-v2,1,rnn,9,22,4,1.696273782939754,3.5204255436406355,0.024893167745706313,20000,20000,20,,
walker2d-medium-replay-v2,1,rnn,9,23,5,1.7405751813954953,3.5509577510225987,0.025109063054550115,20000,20000,20,,
walker2d-medium-replay-v2,1,rnn,9,24,3,1.8209346339307328,3.698958036103592,0.02615558310653324,20000,20000,20,,
walker2d-medium-replay-v2,1,rnn,9,25,1,1.932644645598466,3.8327526888885153,0.02710165416924043,20000,20000,20,,
walker2d-medium-replay-v2,1,rnn,9,26,2,2.011135887337641,3.899673850016891,0.02757485823762795,20000,20000,20,,
walker2d-medium-replay-v2,1,rnn,9,27,5,2.072320437293215,3.908751300668362,0.027639045506743364,20000,20000,20,,
walker2d-medium-replay-v2,1,rnn,9,28,4,2.160029636483141,4.054272590398122,0.028668036414492618,20000,20000,20,,
walker2d-medium-replay-v2,1,rnn,9,29,5,2.259156389519437,4.211396242034143,0.02977906841005885,20000,20000,20,,
walker2d-medium-replay-v2,1,rnn,9,30,4,2.3599874077446024,4.352230116787971,0.030774914288650937,20000,20000,20,,
walker2d-medium-replay-v2,1,rnn,9,31,5,2.463750501474187,4.528275550866743,0.03201974349099123,20000,20000,20,,
walker2d-medium-replay-v2,1,rnn,9,32,3,2.5286931933577796,4.582096976408598,0.03240031844072896,20000,20000,20,,
walker2d-medium-replay-v2,1,rnn,9,33,4,2.6338099469979004,4.710085329650815,0.03330533276563367,20000,20000,20,,
walker2d-medium-replay-v2,1,rnn,9,34,3,2.713313013246684,4.749811017873082,0.03358623580092634,20000,20000,20,,
walker2d-medium-replay-v2,1,rnn,9,35,3,2.8003494449446387,4.815408202076137,0.03405007793869357,20000,20000,20,,
walker2d-medium-replay-v2,1,rnn,9,36,4,2.9319919270067745,5.074137209520367,0.03587956829522837,20000,20000,20,,
walker2d-medium-replay-v2,1,rnn,9,37,4,3.0311122131186843,5.244056647894789,0.037081080166528,20000,20000,20,,
walker2d-medium-replay-v2,1,rnn,9,38,1,3.177968166796969,5.375240097820892,0.03800868723674993,20000,20000,20,,
walker2d-medium-replay-v2,1,rnn,9,39,1,3.328717260274273,5.516228110347552,0.03900562303398609,20000,20000,20,,
walker2d-medium-replay-v2,1,rnn,9,40,3,3.4222513496074227,5.639182827201035,0.03987504417464578,20000,20000,20,,
walker2d-medium-replay-v2,1,rnn,9,41,2,3.5263221385870303,5.76484428187256,0.0407636048419658,20000,20000,20,,
walker2d-medium-replay-v2,1,rnn,9,42,5,3.6695834163337118,5.9463497825940586,0.04204704254579411,20000,20000,20,,
walker2d-medium-replay-v2,1,rnn,9,43,4,3.7983782927259404,6.180127282212473,0.043700099098484275,20000,20000,20,,
walker2d-medium-replay-v2,1,rnn,9,44,3,3.852190860499002,6.218235167205455,0.04396956253743642,20000,20000,20,,
walker2d-medium-replay-v2,1,rnn,9,45,5,3.9347931098363342,6.273405596434453,0.04435967638372439,20000,20000,20,,
walker2d-medium-replay-v2,1,rnn,9,46,4,4.000902440505033,6.275180189422746,0.04437222465108307,20000,20000,20,,
walker2d-medium-replay-v2,1,rnn,9,47,3,4.09721710893564,6.418487239554108,0.04538555852048034,20000,20000,20,,
walker2d-medium-replay-v2,1,rnn,9,48,4,4.202036756923571,6.553620211877065,0.046341092931394906,20000,20000,20,,
walker2d-medium-replay-v2,1,rnn,9,49,5,4.3329585768676395,6.690435836667625,0.0473085254920117,20000,20000,20,,
walker2d-medium-replay-v2,1,rnn,9,50,2,4.402575182162099,6.756937331089699,0.04777876206866059,20000,20000,20,,
walker2d-medium-replay-v2,1,rnn,9,51,1,4.530838703012423,6.761866331457288,0.047813615364504514,20000,20000,20,,
walker2d-medium-replay-v2,1,rnn,9,52,4,4.611357100753519,6.9140294740636135,0.048889571264340397,20000,20000,20,,
walker2d-medium-replay-v2,1,rnn,9,53,4,4.697198700429632,6.8679695733999795,0.048563878583340055,20000,20000,20,,
walker2d-medium-replay-v2,1,rnn,9,54,4,4.8481718668168226,7.066313648795863,0.04996638299054611,20000,20000,20,,
walker2d-medium-replay-v2,1,rnn,9,55,5,4.966515955407525,7.17606979774102,0.05074247616250652,20000,20000,20,,
walker2d-medium-replay-v2,1,rnn,9,56,3,5.028785220416762,7.202162705926806,0.05092698088569699,20000,20000,20,,
walker2d-medium-replay-v2,1,rnn,9,57,4,5.074056313031611,7.274043044008266,0.05143525163061081,20000,20000,20,,
walker2d-medium-replay-v2,1,rnn,9,58,1,5.202512336835872,7.410302367621917,0.05239875054788185,20000,20000,20,,
walker2d-medium-replay-v2,1,rnn,9,59,1,5.393560641135311,7.6811623697528635,0.05431401999047181,20000,20000,20,,
walker2d-medium-replay-v2,1,rnn,9,60,4,5.473093474906001,7.701066944858678,0.054454766590811395,20000,20000,20,,
walker2d-medium-replay-v2,1,rnn,9,61,3,5.590007914691341,7.716751141161891,0.05456567060644602,20000,20000,20,,
walker2d-medium-replay-v2,1,rnn,9,62,2,5.7362239432388495,7.882110153250017,0.05573493539422424,20000,20000,20,,
walker2d-medium-replay-v2,1,rnn,9,63,2,5.829788974666305,8.010875320004391,0.05664544262015059,20000,20000,20,,
walker2d-medium-replay-v2,1,rnn,9,64,3,5.935066342698289,8.16350041794551,0.05772466503748485,20000,20000,20,,
walker2d-medium-replay-v2,1,rnn,9,65,3,6.047719435973133,8.31258061779416,0.0587788212400211,20000,20000,20,,
walker2d-medium-replay-v2,1,rnn,9,66,3,6.116371588996935,8.306956470018006,0.058739052509711974,20000,20000,20,,
walker2d-medium-replay-v2,1,rnn,9,67,2,6.225411987731301,8.365620995199562,0.059153873345421645,20000,20000,20,,
walker2d-medium-replay-v2,1,rnn,9,68,4,6.3585997380913515,8.64007954519912,0.06109458836401479,20000,20000,20,,
walker2d-medium-replay-v2,1,rnn,9,69,5,6.4482250538557535,8.650298683950195,0.06116684858710251,20000,20000,20,,
walker2d-medium-replay-v2,1,rnn,9,70,1,6.620041103970798,9.151629788610581,0.06471179482435352,20000,20000,20,,
walker2d-medium-replay-v2,1,rnn,9,71,4,6.673361976347286,9.029295872777269,0.06384676340980512,20000,20000,20,,
walker2d-medium-replay-v2,1,rnn,9,72,1,6.913437759083766,9.61776036239667,0.06800783572077872,20000,20000,20,,
walker2d-medium-replay-v2,1,rnn,9,73,4,7.025574193575412,9.552167269222718,0.06754402251095569,20000,20000,20,,
walker2d-medium-replay-v2,1,rnn,9,74,3,7.160642951807216,9.667653983823481,0.06836063690126724,20000,20000,20,,
walker2d-medium-replay-v2,1,rnn,9,75,4,7.270076551842448,9.779233359097761,0.06914962223023727,20000,20000,20,,
walker2d-medium-replay-v2,1,rnn,9,76,4,7.375170915428263,9.957175705343346,0.07040786462714224,20000,20000,20,,
walker2d-medium-replay-v2,1,rnn,9,77,5,7.475939399527638,9.916317270751028,0.07011895186545329,20000,20000,20,,
walker2d-medium-replay-v2,1,rnn,9,78,1,7.687668047800885,10.486978138354315,0.07415413355785412,20000,20000,20,,
walker2d-medium-replay-v2,1,rnn,9,79,2,7.883477173942607,10.639151820699034,0.0752301639848949,20000,20000,20,,
walker2d-medium-replay-v2,1,rnn,9,80,4,7.936864900973858,10.702185403175976,0.07567587872101418,20000,20000,20,,
walker2d-medium-replay-v2,1,rnn,9,81,4,8.094694092813373,11.040625367696022,0.07806901066038076,20000,20000,20,,
walker2d-medium-replay-v2,1,rnn,9,82,2,8.213041857653337,11.167855159920315,0.0789686611488883,20000,20000,20,,
walker2d-medium-replay-v2,1,rnn,9,83,3,8.305544207483035,11.40167466215612,0.08062201470493431,20000,20000,20,,
walker2d-medium-replay-v2,1,rnn,9,84,3,8.454955730994469,11.68957815426202,0.082657799820888,20000,20000,20,,
walker2d-medium-replay-v2,1,rnn,9,85,3,8.577054166720743,12.107552083310058,0.08561332181677853,20000,20000,20,,
walker2d-medium-replay-v2,1,rnn,9,86,3,8.693947048013664,12.50440022957134,0.08841946197000516,20000,20000,20,,
walker2d-medium-replay-v2,1,rnn,9,87,2,8.86356194390364,13.069665503932399,0.09241649105670495,20000,20000,20,,
walker2d-medium-replay-v2,1,rnn,9,88,3,9.013170082375092,13.288857083909452,0.09396640958251262,20000,20000,20,,
walker2d-medium-replay-v2,1,rnn,9,89,2,9.210031402330708,13.869653571889355,0.09807326093391183,20000,20000,20,,
walker2d-medium-replay-v2,1,rnn,9,90,5,9.369069674132547,14.150848686755255,0.10006161065949391,20000,20000,20,,
walker2d-medium-replay-v2,1,rnn,9,91,4,9.491772638651065,14.106239731972567,0.09974617771520908,20000,20000,20,,
walker2d-medium-replay-v2,1,rnn,9,92,2,9.613735364345924,14.936838578848857,0.10561939848592859,20000,20000,20,,
walker2d-medium-replay-v2,1,rnn,9,93,4,9.78795873416077,15.469480637251968,0.10938574660034861,20000,20000,20,,
walker2d-medium-replay-v2,1,rnn,9,94,3,9.945286161428113,16.058498711066463,0.11355073334270528,20000,20000,20,,
walker2d-medium-replay-v2,1,rnn,9,95,1,10.43486811014222,17.187315982441646,0.12153267681580415,20000,20000,20,,
walker2d-medium-replay-v2,1,rnn,9,96,2,10.61486152169529,18.251274230334392,0.12905599773564733,20000,20000,20,,
walker2d-medium-replay-v2,1,rnn,9,97,5,10.699109797472444,18.06164339640728,0.12771510524972812,20000,20000,20,,
walker2d-medium-replay-v2,1,rnn,9,98,1,11.218156055493692,19.241736164807175,0.13605962123937584,20000,20000,20,,
walker2d-medium-replay-v2,1,rnn,9,99,1,11.745441782054643,20.533276643999553,0.14519219154951438,20000,20000,20,,
walker2d-medium-replay-v2,1,rnn,9,100,1,12.340944651935436,22.462173429394298,0.15883155152112996,20000,20000,20,,
walker2d-medium-replay-v2,1,rnn,10,1,1,0.18919216137959075,0.5135377351124124,0.003631260148931678,20000,20000,20,,
walker2d-medium-replay-v2,1,rnn,10,2,1,0.32218138766382554,1.021942568679374,0.007226225202963844,20000,20000,20,,
walker2d-medium-replay-v2,1,rnn,10,3,5,0.3157772189736534,0.9289118285881273,0.006568398531190606,20000,20000,20,,
walker2d-medium-replay-v2,1,rnn,10,4,5,0.37876175024342423,1.050005160957891,0.007424657695941971,20000,20000,20,,
walker2d-medium-replay-v2,1,rnn,10,5,2,0.47246625030935,1.2565303663568566,0.008885011428177502,20000,20000,20,,
walker2d-medium-replay-v2,1,rnn,10,6,2,0.551929315872307,1.463996184153736,0.010352016294463362,20000,20000,20,,
walker2d-medium-replay-v2,1,rnn,10,7,2,0.6355418926784417,1.7274286607682483,0.012214765200452246,20000,20000,20,,
walker2d-medium-replay-v2,1,rnn,10,8,3,0.6966329900576644,1.8505266079493052,0.013085199132470934,20000,20000,20,,
walker2d-medium-replay-v2,1,rnn,10,9,4,0.7623623244354557,1.9654396765909956,0.013897757233305878,20000,20000,20,,
walker2d-medium-replay-v2,1,rnn,10,10,3,0.8238994366999879,2.057661778332722,0.014549865968474381,20000,20000,20,,
walker2d-medium-replay-v2,1,rnn,10,11,1,0.9564317972357514,2.2904934243887047,0.016196234326484496,20000,20000,20,,
walker2d-medium-replay-v2,1,rnn,10,12,1,1.0725171112587166,2.5440379410987717,0.01798906479746804,20000,20000,20,,
walker2d-medium-replay-v2,1,rnn,10,13,2,1.1233931208231,2.718340039477887,0.019221566754857214,20000,20000,20,,
walker2d-medium-replay-v2,1,rnn,10,14,4,1.1821469522663153,2.783243753115719,0.01968050531523222,20000,20000,20,,
walker2d-medium-replay-v2,1,rnn,10,15,3,1.2603121420699204,2.861898172532478,0.020236676048631032,20000,20000,20,,
walker2d-medium-replay-v2,1,rnn,10,16,3,1.3431981717517458,3.0429937774266014,0.021517215351268174,20000,20000,20,,
walker2d-medium-replay-v2,1,rnn,10,17,2,1.4104828389323771,3.232925227490002,0.022860233514272424,20000,20000,20,,
walker2d-medium-replay-v2,1,rnn,10,18,3,1.4571000176385862,3.254565763578442,0.023013255212438903,20000,20000,20,,
walker2d-medium-replay-v2,1,rnn,10,19,4,1.5296629593884776,3.3390062232984272,0.023610339429184012,20000,20000,20,,
walker2d-medium-replay-v2,1,rnn,10,20,1,1.6712401084886508,3.530957327939043,0.024967638706660293,20000,20000,20,,
walker2d-medium-replay-v2,1,rnn,10,21,3,1.7320569011696492,3.5795218992874296,0.025311042083918912,20000,20000,20,,
walker2d-medium-replay-v2,1,rnn,10,22,5,1.762279414473805,3.5821464290186293,0.025329600311622485,20000,20000,20,,
walker2d-medium-replay-v2,1,rnn,10,23,5,1.871537069433046,3.757561090284447,0.026569969276628493,20000,20000,20,,
walker2d-medium-replay-v2,1,rnn,10,24,5,1.937450563476414,3.8644813021455935,0.027326009345157682,20000,20000,20,,
walker2d-medium-replay-v2,1,rnn,10,25,2,1.9984900711706324,3.928239582788019,0.027776848471148224,20000,20000,20,,
walker2d-medium-replay-v2,1,rnn,10,26,3,2.082110903326489,3.9887177357318,0.028204493591750073,20000,20000,20,,
walker2d-medium-replay-v2,1,rnn,10,27,4,2.143608860610813,4.037787544629163,0.028551469537978602,20000,20000,20,,
walker2d-medium-replay-v2,1,rnn,10,28,3,2.221213243965016,4.133210264231532,0.02922621005907958,20000,20000,20,,
walker2d-medium-replay-v2,1,rnn,10,29,2,2.2969459735044007,4.342287168492882,0.03070460702700649,20000,20000,20,,
walker2d-medium-replay-v2,1,rnn,10,30,3,2.3849174522089327,4.424421772228883,0.03128538637972446,20000,20000,20,,
walker2d-medium-replay-v2,1,rnn,10,31,5,2.490240864080699,4.486362987814105,0.031723376915476935,20000,20000,20,,
walker2d-medium-replay-v2,1,rnn,10,32,4,2.5897815661522974,4.607155766793499,0.03257751084682391,20000,20000,20,,
walker2d-medium-replay-v2,1,rnn,10,33,3,2.6709130417284035,4.713904907267892,0.0333323412579767,20000,20000,20,,
walker2d-medium-replay-v2,1,rnn,10,34,3,2.7818282213372556,4.927345229512897,0.03484159225035755,20000,20000,20,,
walker2d-medium-replay-v2,1,rnn,10,35,2,2.8985905120126247,5.074444704089722,0.03588174261018006,20000,20000,20,,
walker2d-medium-replay-v2,1,rnn,10,36,3,2.99917379302926,5.183839852320675,0.036655283121610205,20000,20000,20,,
walker2d-medium-replay-v2,1,rnn,10,37,5,3.0763939285029016,5.247598814252065,0.03710612706504121,20000,20000,20,,
walker2d-medium-replay-v2,1,rnn,10,38,4,3.1822717429077736,5.3684250149839405,0.037960497323866374,20000,20000,20,,
walker2d-medium-replay-v2,1,rnn,10,39,2,3.317101373857774,5.536784255688623,0.039150976931643364,20000,20000,20,,
walker2d-medium-replay-v2,1,rnn,10,40,3,3.410382434862139,5.62896080956351,0.03980276359475676,20000,20000,20,,
walker2d-medium-replay-v2,1,rnn,10,41,1,3.5631617855048883,5.8406976170207345,0.0412999689185547,20000,20000,20,,
walker2d-medium-replay-v2,1,rnn,10,42,1,3.7129650234850415,5.967046519939562,0.042193390579048536,20000,20000,20,,
walker2d-medium-replay-v2,1,rnn,10,43,2,3.8293849819107155,6.1772676320231605,0.04367987831807743,20000,20000,20,,
walker2d-medium-replay-v2,1,rnn,10,44,1,3.9780180489155015,6.329518520212727,0.04475645467288261,20000,20000,20,,
walker2d-medium-replay-v2,1,rnn,10,45,5,4.103049678541041,6.459978021644852,0.045678942654211324,20000,20000,20,,
walker2d-medium-replay-v2,1,rnn,10,46,5,4.208770671412195,6.56660968248998,0.046432942358939064,20000,20000,20,,
walker2d-medium-replay-v2,1,rnn,10,47,5,4.341929244168235,6.790753555599365,0.0480178788853097,20000,20000,20,,
walker2d-medium-replay-v2,1,rnn,10,48,4,4.384152742069319,6.743321413923852,0.04768248299506014,20000,20000,20,,
walker2d-medium-replay-v2,1,rnn,10,49,2,4.485649395462952,6.856113799826252,0.0484800456044381,20000,20000,20,,
walker2d-medium-replay-v2,1,rnn,10,50,4,4.546019514122777,6.832826379726004,0.04831537867774585,20000,20000,20,,
walker2d-medium-replay-v2,1,rnn,10,51,2,4.606486435153965,6.876938542405852,0.048627298771383096,20000,20000,20,,
walker2d-medium-replay-v2,1,rnn,10,52,4,4.693843527334367,6.955481867144436,0.04918268394677899,20000,20000,20,,
walker2d-medium-replay-v2,1,rnn,10,53,4,4.800132251662631,7.133212612006864,0.050439430095954585,20000,20000,20,,
walker2d-medium-replay-v2,1,rnn,10,54,4,4.885469076209956,7.105207801673321,0.05024140618302767,20000,20000,20,,
walker2d-medium-replay-v2,1,rnn,10,55,5,4.998539840730614,7.2046193454973375,0.050944351950689526,20000,20000,20,,
walker2d-medium-replay-v2,1,rnn,10,56,5,5.101047932819139,7.28106692046478,0.051484917937336984,20000,20000,20,,
walker2d-medium-replay-v2,1,rnn,10,57,2,5.179267721369265,7.348763730108407,0.051963606668974024,20000,20000,20,,
walker2d-medium-replay-v2,1,rnn,10,58,1,5.281550997383965,7.469026197860627,0.05281399073367225,20000,20000,20,,
walker2d-medium-replay-v2,1,rnn,10,59,5,5.401540684490447,7.535108088034833,0.053281260260230306,20000,20000,20,,
walker2d-medium-replay-v2,1,rnn,10,60,2,5.4924361491898885,7.589808648101686,0.053668051629810046,20000,20000,20,,
walker2d-medium-replay-v2,1,rnn,10,61,2,5.610084799784889,7.648959326754848,0.05408631008968442,20000,20000,20,,
walker2d-medium-replay-v2,1,rnn,10,62,2,5.729677211334983,7.790185448478715,0.05508492957320065,20000,20000,20,,
walker2d-medium-replay-v2,1,rnn,10,63,1,5.89123665560066,8.083072186586364,0.05715595155955592,20000,20000,20,,
walker2d-medium-replay-v2,1,rnn,10,64,4,5.972447855345311,8.09120557203296,0.057213463279588844,20000,20000,20,,
walker2d-medium-replay-v2,1,rnn,10,65,5,6.054962306025968,8.209239945662132,0.05804809233965178,20000,20000,20,,
walker2d-medium-replay-v2,1,rnn,10,66,4,6.1784202151087175,8.300624798521962,0.05869428083120099,20000,20000,20,,
walker2d-medium-replay-v2,1,rnn,10,67,1,6.349201185379419,8.578953327165726,0.060662360731217786,20000,20000,20,,
walker2d-medium-replay-v2,1,rnn,10,68,1,6.526327700417737,8.870404991380235,0.06272323521275963,20000,20000,20,,
walker2d-medium-replay-v2,1,rnn,10,69,2,6.580544786616578,8.752628075994753,0.061890426657396545,20000,20000,20,,
walker2d-medium-replay-v2,1,rnn,10,70,1,6.775200955579852,9.309766699747046,0.06582999164655841,20000,20000,20,,
walker2d-medium-replay-v2,1,rnn,10,71,3,6.8324753396702915,9.27645432552265,0.06559443758944347,20000,20000,20,,
walker2d-medium-replay-v2,1,rnn,10,72,3,6.915460700505797,9.482582336443096,0.06705198273258689,20000,20000,20,,
walker2d-medium-replay-v2,1,rnn,10,73,4,7.057608485028446,9.61544110160594,0.06799143607045406,20000,20000,20,,
walker2d-medium-replay-v2,1,rnn,10,74,1,7.25071596516071,10.144383992874044,0.07173162712321501,20000,20000,20,,
walker2d-medium-replay-v2,1,rnn,10,75,4,7.308785429411086,10.21430803439361,0.07222606476247957,20000,20000,20,,
walker2d-medium-replay-v2,1,rnn,10,76,4,7.410790542068436,10.394083350601814,0.07349726821428734,20000,20000,20,,
walker2d-medium-replay-v2,1,rnn,10,77,3,7.489619355407958,10.590415340356166,0.07488554502747884,20000,20000,20,,
walker2d-medium-replay-v2,1,rnn,10,78,3,7.596776069701941,10.894725979497139,0.07703734619271678,20000,20000,20,,
walker2d-medium-replay-v2,1,rnn,10,79,2,7.701894668885012,11.011748962976382,0.07786482364444532,20000,20000,20,,
walker2d-medium-replay-v2,1,rnn,10,80,2,7.880984460935498,11.381516874133009,0.08047947761888567,20000,20000,20,,
walker2d-medium-replay-v2,1,rnn,10,81,5,8.017942542734852,11.384810056912682,0.08050276393763761,20000,20000,20,,
walker2d-medium-replay-v2,1,rnn,10,82,4,8.15422271893049,11.680096027417784,0.08259075105897169,20000,20000,20,,
walker2d-medium-replay-v2,1,rnn,10,83,1,8.48944049457626,12.80560688998831,0.09054931469119909,20000,20000,20,,
walker2d-medium-replay-v2,1,rnn,10,84,3,8.574878010947538,13.034068501179439,0.0921647822363396,20000,20000,20,,
walker2d-medium-replay-v2,1,rnn,10,85,2,8.725573817480507,13.436846768954016,0.09501285468091936,20000,20000,20,,
walker2d-medium-replay-v2,1,rnn,10,86,3,8.869921049106928,14.12711231593885,0.09989376917184353,20000,20000,20,,
walker2d-medium-replay-v2,1,rnn,10,87,5,9.070423627665011,15.097049649424298,0.10675226183017911,20000,20000,20,,
walker2d-medium-replay-v2,1,rnn,10,88,4,9.237682986876539,16.09962028894465,0.11384150680841285,20000,20000,20,,
walker2d-medium-replay-v2,1,rnn,10,89,4,9.389893261788488,17.299235201752264,0.12232406520500058,20000,20000,20,,
walker2d-medium-replay-v2,1,rnn,10,90,4,9.50385227411805,18.70796481250424,0.13228528781121066,20000,20000,20,,
walker2d-medium-replay-v2,1,rnn,10,91,4,9.681746801921662,19.703880274106456,0.13932747357508524,20000,20000,20,,
walker2d-medium-replay-v2,1,rnn,10,92,1,10.033845475801442,21.810785542063247,0.1542255435979843,20000,20000,20,,
walker2d-medium-replay-v2,1,rnn,10,93,2,10.178654617511917,22.38150612074167,0.15826114751144651,20000,20000,20,,
walker2d-medium-replay-v2,1,rnn,10,94,5,10.272617251122103,23.048868253927616,0.16298011041027555,20000,20000,20,,
walker2d-medium-replay-v2,1,rnn,10,95,3,10.439989119301373,23.582286909475197,0.1667519498957666,20000,20000,20,,
walker2d-medium-replay-v2,1,rnn,10,96,4,10.699115140806217,23.888279769172303,0.1689156461566315,20000,20000,20,,
walker2d-medium-replay-v2,1,rnn,10,97,4,10.915400654213283,24.523216396506257,0.17340532610474704,20000,20000,20,,
walker2d-medium-replay-v2,1,rnn,10,98,2,11.163871942412312,25.25949147048792,0.17861157708105765,20000,20000,20,,
walker2d-medium-replay-v2,1,rnn,10,99,3,11.3464325566425,25.698122005633838,0.18171316333942927,20000,20000,20,,
walker2d-medium-replay-v2,1,rnn,10,100,2,11.583453288233235,26.775673044499946,0.18933259980599762,20000,20000,20,,
walker2d-medium-replay-v2,1,rnn,11,1,4,0.07825042166946634,0.22543416547831555,0.0015940602712084721,20000,20000,20,,
walker2d-medium-replay-v2,1,rnn,11,2,2,0.13492177815014172,0.3839395678607527,0.0027148627200017086,20000,20000,20,,
walker2d-medium-replay-v2,1,rnn,11,3,4,0.1767052017174798,0.48663797119312113,0.0034410500941351972,20000,20000,20,,
walker2d-medium-replay-v2,1,rnn,11,4,3,0.2287749897150069,0.6476842919548313,0.004579819549092689,20000,20000,20,,
walker2d-medium-replay-v2,1,rnn,11,5,1,0.38612908526382717,1.052812919116222,0.007444511544278848,20000,20000,20,,
walker2d-medium-replay-v2,1,rnn,11,6,1,0.5117982012924946,1.4467989145807887,0.010230413235134121,20000,20000,20,,
walker2d-medium-replay-v2,1,rnn,11,7,2,0.5531581935006279,1.507728415386552,0.010661249867074786,20000,20000,20,,
walker2d-medium-replay-v2,1,rnn,11,8,2,0.6244976237390033,1.610722512297039,0.011389528110550684,20000,20000,20,,
walker2d-medium-replay-v2,1,rnn,11,9,5,0.7145776425307755,1.8095401951755994,0.01279538142838295,20000,20000,20,,
walker2d-medium-replay-v2,1,rnn,11,10,1,0.8643177332781825,2.146700408003386,0.015179464156751223,20000,20000,20,,
walker2d-medium-replay-v2,1,rnn,11,11,1,0.9962259476308601,2.476464429042275,0.017511247911430643,20000,20000,20,,
walker2d-medium-replay-v2,1,rnn,11,12,4,1.036797675131566,2.639325067452105,0.018662846529510255,20000,20000,20,,
walker2d-medium-replay-v2,1,rnn,11,13,5,1.0841503324619588,2.649637688592299,0.018735767772910642,20000,20000,20,,
walker2d-medium-replay-v2,1,rnn,11,14,4,1.1521200598804133,2.768312167552589,0.019574923061176655,20000,20000,20,,
walker2d-medium-replay-v2,1,rnn,11,15,1,1.2715507900007414,2.865080091843901,0.020259175615853987,20000,20000,20,,
walker2d-medium-replay-v2,1,rnn,11,16,3,1.3251217169278608,3.014750614548999,0.021317506031339088,20000,20000,20,,
walker2d-medium-replay-v2,1,rnn,11,17,1,1.4270036282342657,3.2173270167215686,0.022749937508185058,20000,20000,20,,
walker2d-medium-replay-v2,1,rnn,11,18,5,1.4790045756195604,3.304263957409015,0.023364674511142117,20000,20000,20,,
walker2d-medium-replay-v2,1,rnn,11,19,4,1.5506831770339418,3.348009764957569,0.02367400408280276,20000,20000,20,,
walker2d-medium-replay-v2,1,rnn,11,20,5,1.632301453867787,3.48605010243779,0.0246500966698982,20000,20000,20,,
walker2d-medium-replay-v2,1,rnn,11,21,3,1.701145716936377,3.5208900796689475,0.024896452511463562,20000,20000,20,,
walker2d-medium-replay-v2,1,rnn,11,22,5,1.78377193569722,3.7487511084331357,0.026507673297536567,20000,20000,20,,
walker2d-medium-replay-v2,1,rnn,11,23,1,1.8714958236345414,3.7150786769974062,0.02626957325146413,20000,20000,20,,
walker2d-medium-replay-v2,1,rnn,11,24,5,1.9191865569690587,3.859993558307815,0.02729427620415847,20000,20000,20,,
walker2d-medium-replay-v2,1,rnn,11,25,5,2.002225825664425,4.03695556752073,0.028545586571426952,20000,20000,20,,
walker2d-medium-replay-v2,1,rnn,11,26,2,2.082268426383448,4.081768594386481,0.02886246252324963,20000,20000,20,,
walker2d-medium-replay-v2,1,rnn,11,27,5,2.1666199685202825,4.161279520052329,0.029424689670417035,20000,20000,20,,
walker2d-medium-replay-v2,1,rnn,11,28,4,2.2286084002512045,4.221036665473885,0.02984723649793636,20000,20000,20,,
walker2d-medium-replay-v2,1,rnn,11,29,1,2.342184588097419,4.395216490631643,0.031078873853085748,20000,20000,20,,
walker2d-medium-replay-v2,1,rnn,11,30,2,2.442872835595072,4.571305569415367,0.032324011670094376,20000,20000,20,,
walker2d-medium-replay-v2,1,rnn,11,31,5,2.526760944469941,4.6961524663006475,0.03320681254407117,20000,20000,20,,
walker2d-medium-replay-v2,1,rnn,11,32,2,2.5919934089954495,4.7622076906731,0.03367389351493678,20000,20000,20,,
walker2d-medium-replay-v2,1,rnn,11,33,5,2.702044668069988,4.86678355906953,0.03441335657185265,20000,20000,20,,
walker2d-medium-replay-v2,1,rnn,11,34,4,2.790204643003841,4.9741949632975295,0.03517286989491653,20000,20000,20,,
walker2d-medium-replay-v2,1,rnn,11,35,4,2.8956497946542767,5.078106041646103,0.035907632176323354,20000,20000,20,,
walker2d-medium-replay-v2,1,rnn,11,36,1,3.0474882015200118,5.3030928032389815,0.03749852882431861,20000,20000,20,,
walker2d-medium-replay-v2,1,rnn,11,37,3,3.1357364628092617,5.548925442355256,0.039236828085879645,20000,20000,20,,
walker2d-medium-replay-v2,1,rnn,11,38,1,3.2664637926391773,5.641588588335729,0.03989205547476836,20000,20000,20,,
walker2d-medium-replay-v2,1,rnn,11,39,3,3.405302566488125,5.837847125852855,0.0412798129022095,20000,20000,20,,
walker2d-medium-replay-v2,1,rnn,11,40,1,3.563410694894501,5.949671906932813,0.04207053351227289,20000,20000,20,,
walker2d-medium-replay-v2,1,rnn,11,41,5,3.640253771367756,6.0385509432825994,0.04269900320535549,20000,20000,20,,
walker2d-medium-replay-v2,1,rnn,11,42,4,3.67488135328395,6.0669103326369145,0.04289953437058295,20000,20000,20,,
walker2d-medium-replay-v2,1,rnn,11,43,2,3.7878591685342524,6.174530821338677,0.04366052614413921,20000,20000,20,,
walker2d-medium-replay-v2,1,rnn,11,44,5,3.8990726490778966,6.202174627563511,0.04385599737253308,20000,20000,20,,
walker2d-medium-replay-v2,1,rnn,11,45,2,3.9911552001893114,6.326461331399005,0.0447348370834671,20000,20000,20,,
walker2d-medium-replay-v2,1,rnn,11,46,3,4.086909248485785,6.479830156676709,0.045819318447231895,20000,20000,20,,
walker2d-medium-replay-v2,1,rnn,11,47,5,4.181353280954186,6.597058661688546,0.04664824915565421,20000,20000,20,,
walker2d-medium-replay-v2,1,rnn,11,48,3,4.215605316247054,6.5613561832237375,0.04639579450937788,20000,20000,20,,
walker2d-medium-replay-v2,1,rnn,11,49,1,4.316205455840761,6.585441027734153,0.046566100078149264,20000,20000,20,,
walker2d-medium-replay-v2,1,rnn,11,50,1,4.494224406389188,6.772894350439553,0.047891595234558645,20000,20000,20,,
walker2d-medium-replay-v2,1,rnn,11,51,5,4.582031992573442,6.920326391773372,0.048934097196471835,20000,20000,20,,
walker2d-medium-replay-v2,1,rnn,11,52,5,4.673323955488289,6.934070608986817,0.049031283488409114,20000,20000,20,,
walker2d-medium-replay-v2,1,rnn,11,53,4,4.7606281248099,7.037120191137007,0.04975995407177751,20000,20000,20,,
walker2d-medium-replay-v2,1,rnn,11,54,2,4.8303274827913345,7.072547928018251,0.05001046600168571,20000,20000,20,,
walker2d-medium-replay-v2,1,rnn,11,55,3,4.880843583867747,6.992408462183577,0.04944379440436206,20000,20000,20,,
walker2d-medium-replay-v2,1,rnn,11,56,2,5.005546238318517,7.241132974043561,0.05120254229419714,20000,20000,20,,
walker2d-medium-replay-v2,1,rnn,11,57,4,5.1092342942778375,7.4188981427183975,0.052459531856484616,20000,20000,20,,
walker2d-medium-replay-v2,1,rnn,11,58,3,5.229168832641729,7.494349416149429,0.052993052927407046,20000,20000,20,,
walker2d-medium-replay-v2,1,rnn,11,59,2,5.33040174262943,7.51655912049589,0.05315009925292235,20000,20000,20,,
walker2d-medium-replay-v2,1,rnn,11,60,5,5.402812375701899,7.517129926655737,0.05315413546198606,20000,20000,20,,
walker2d-medium-replay-v2,1,rnn,11,61,2,5.527241496178887,7.666001531119007,0.05420681667240706,20000,20000,20,,
walker2d-medium-replay-v2,1,rnn,11,62,3,5.621305882199771,7.737428040135187,0.05471187836122529,20000,20000,20,,
walker2d-medium-replay-v2,1,rnn,11,63,4,5.730790454280046,7.914758678720527,0.055965795331783634,20000,20000,20,,
walker2d-medium-replay-v2,1,rnn,11,64,1,5.860956744001476,8.055815233192831,0.05696321579376539,20000,20000,20,,
walker2d-medium-replay-v2,1,rnn,11,65,4,5.979283559991236,8.186875935579485,0.05788995490781214,20000,20000,20,,
walker2d-medium-replay-v2,1,rnn,11,66,1,6.1294165911528875,8.363085455148754,0.05913594436978268,20000,20000,20,,
walker2d-medium-replay-v2,1,rnn,11,67,3,6.214519324081711,8.503041799928951,0.060125585174424276,20000,20000,20,,
walker2d-medium-replay-v2,1,rnn,11,68,3,6.341475638920718,8.71277813079581,0.06160864499259569,20000,20000,20,,
walker2d-medium-replay-v2,1,rnn,11,69,2,6.472358619180489,8.741840089184421,0.06181414407110718,20000,20000,20,,
walker2d-medium-replay-v2,1,rnn,11,70,5,6.582879046291419,8.90709211360686,0.06298265234184629,20000,20000,20,,
walker2d-medium-replay-v2,1,rnn,11,71,2,6.674467728376867,8.877019035138453,0.06277000356468462,20000,20000,20,,
walker2d-medium-replay-v2,1,rnn,11,72,1,6.870293355883926,8.964747145805694,0.06339033498421953,20000,20000,20,,
walker2d-medium-replay-v2,1,rnn,11,73,3,6.991429148773306,9.048497313977325,0.06398253810261627,20000,20000,20,,
walker2d-medium-replay-v2,1,rnn,11,74,2,7.044270620974063,9.077698556463769,0.06418902206842865,20000,20000,20,,
walker2d-medium-replay-v2,1,rnn,11,75,1,7.257916582059463,9.404460081310908,0.06649957496893133,20000,20000,20,,
walker2d-medium-replay-v2,1,rnn,11,76,1,7.488222687590949,9.7929832279661,0.06924684848540955,20000,20000,20,,
walker2d-medium-replay-v2,1,rnn,11,77,2,7.555593191141106,9.811349078268838,0.06937671465832278,20000,20000,20,,
walker2d-medium-replay-v2,1,rnn,11,78,4,7.684603715395277,9.911572444748959,0.07008540087903715,20000,20000,20,,
walker2d-medium-replay-v2,1,rnn,11,79,1,7.885760934819762,10.340029146894622,0.07311504727435739,20000,20000,20,,
walker2d-medium-replay-v2,1,rnn,11,80,1,8.129096785639652,10.863336621401778,0.07681538991305356,20000,20000,20,,
walker2d-medium-replay-v2,1,rnn,11,81,2,8.221502441280261,11.044872469569388,0.07809904220573123,20000,20000,20,,
walker2d-medium-replay-v2,1,rnn,11,82,5,8.289451559477628,11.107400348749112,0.07854118107954319,20000,20000,20,,
walker2d-medium-replay-v2,1,rnn,11,83,1,8.519213942102686,11.685431678811621,0.082628479811798,20000,20000,20,,
walker2d-medium-replay-v2,1,rnn,11,84,3,8.57592195413998,11.56053701245641,0.08174534115665998,20000,20000,20,,
walker2d-medium-replay-v2,1,rnn,11,85,5,8.724022732633495,11.7449621819342,0.08304942403625222,20000,20000,20,,
walker2d-medium-replay-v2,1,rnn,11,86,5,8.857708658413884,11.942519732435732,0.08444636687259459,20000,20000,20,,
walker2d-medium-replay-v2,1,rnn,11,87,4,9.005583542935552,12.175834490590706,0.08609615134901741,20000,20000,20,,
walker2d-medium-replay-v2,1,rnn,11,88,4,9.106859356607497,12.392296962425633,0.08762677216608619,20000,20000,20,,
walker2d-medium-replay-v2,1,rnn,11,89,1,9.377888879730246,13.253436017027337,0.09371594481662057,20000,20000,20,,
walker2d-medium-replay-v2,1,rnn,11,90,4,9.441886371424738,13.50633135968483,0.09550418493385666,20000,20000,20,,
walker2d-medium-replay-v2,1,rnn,11,91,2,9.617819579807914,14.421370356626344,0.10197448773173147,20000,20000,20,,
walker2d-medium-replay-v2,1,rnn,11,92,2,9.910921779708934,15.76029826078032,0.11144213773720316,20000,20000,20,,
walker2d-medium-replay-v2,1,rnn,11,93,2,10.075904838250004,16.96745179928646,0.11997800226731344,20000,20000,20,,
walker2d-medium-replay-v2,1,rnn,11,94,1,10.50285062591536,18.523863504538088,0.13098349497832887,20000,20000,20,,
walker2d-medium-replay-v2,1,rnn,11,95,1,10.92894045107534,21.009645428301745,0.1485606275267711,20000,20000,20,,
walker2d-medium-replay-v2,1,rnn,11,96,2,11.019983648595154,22.390572288292365,0.15832525499699124,20000,20000,20,,
walker2d-medium-replay-v2,1,rnn,11,97,2,11.197340858775059,23.589469776918133,0.16680274043853927,20000,20000,20,,
walker2d-medium-replay-v2,1,rnn,11,98,1,11.687660343120436,26.45700604561394,0.18707928384747102,20000,20000,20,,
walker2d-medium-replay-v2,1,rnn,11,99,4,11.773006382640503,27.028478323120904,0.19112020307432395,20000,20000,20,,
walker2d-medium-replay-v2,1,rnn,11,100,2,11.954392641306201,28.65685762692594,0.20263458355496766,20000,20000,20,,
walker2d-medium-replay-v2,1,rnn,12,1,2,0.09033746206412063,0.2648642680787335,0.0018728732005248406,20000,20000,20,,
walker2d-medium-replay-v2,1,rnn,12,2,3,0.13107101498146678,0.35570202018265484,0.0025151931055290943,20000,20000,20,,
walker2d-medium-replay-v2,1,rnn,12,3,3,0.1830545357300037,0.5208400185414442,0.0036828950902398237,20000,20000,20,,
walker2d-medium-replay-v2,1,rnn,12,4,2,0.2437247376527817,0.6781131292897883,0.004794983921324394,20000,20000,20,,
walker2d-medium-replay-v2,1,rnn,12,5,3,0.2992007583312822,0.829781140422052,0.005867438712931398,20000,20000,20,,
walker2d-medium-replay-v2,1,rnn,12,6,5,0.35790948678786483,0.9170344586238048,0.006484412842746268,20000,20000,20,,
walker2d-medium-replay-v2,1,rnn,12,7,1,0.5177656456494669,1.305829986159075,0.009233612382898174,20000,20000,20,,
walker2d-medium-replay-v2,1,rnn,12,8,3,0.554923747266797,1.451788673829291,0.010265696161145164,20000,20000,20,,
walker2d-medium-replay-v2,1,rnn,12,9,2,0.6272472218406642,1.6201000247863218,0.011455837137269017,20000,20000,20,,
walker2d-medium-replay-v2,1,rnn,12,10,3,0.7097150086477828,1.8094719102131211,0.012794898580782735,20000,20000,20,,
walker2d-medium-replay-v2,1,rnn,12,11,2,0.7890152957931817,1.9623961711150208,0.013876236399699477,20000,20000,20,,
walker2d-medium-replay-v2,1,rnn,12,12,4,0.8536102026240507,2.1097115120955077,0.014917913165500583,20000,20000,20,,
walker2d-medium-replay-v2,1,rnn,12,13,5,0.9239485530405185,2.2264465818321506,0.01574335475963123,20000,20000,20,,
walker2d-medium-replay-v2,1,rnn,12,14,5,0.9914388729945798,2.35917649718761,0.01668189699177285,20000,20000,20,,
walker2d-medium-replay-v2,1,rnn,12,15,1,1.1055870894965325,2.5565580881297447,0.018077595606138575,20000,20000,20,,
walker2d-medium-replay-v2,1,rnn,12,16,5,1.1401977205193936,2.5671849369543565,0.018152738774803848,20000,20000,20,,
walker2d-medium-replay-v2,1,rnn,12,17,4,1.2074638310098103,2.738718128151968,0.019365661601747845,20000,20000,20,,
walker2d-medium-replay-v2,1,rnn,12,18,5,1.3135994711266612,2.948684495044033,0.020850348020252662,20000,20000,20,,
walker2d-medium-replay-v2,1,rnn,12,19,5,1.3968583934522119,3.084809096544604,0.021812894308326364,20000,20000,20,,
walker2d-medium-replay-v2,1,rnn,12,20,5,1.4468531550742467,3.1094962437822797,0.021987458800525477,20000,20000,20,,
walker2d-medium-replay-v2,1,rnn,12,21,5,1.5131248571134017,3.143684288050057,0.02222920477989799,20000,20000,20,,
walker2d-medium-replay-v2,1,rnn,12,22,4,1.5868136052257282,3.2743952437947486,0.023153470811722452,20000,20000,20,,
walker2d-medium-replay-v2,1,rnn,12,23,2,1.6715402118106402,3.4226509387676134,0.02420179688437082,20000,20000,20,,
walker2d-medium-replay-v2,1,rnn,12,24,3,1.7507573858329437,3.511680681028059,0.02483133222916734,20000,20000,20,,
walker2d-medium-replay-v2,1,rnn,12,25,4,1.810874320239128,3.596125870050966,0.02542844988713411,20000,20000,20,,
walker2d-medium-replay-v2,1,rnn,12,26,1,1.964101088645365,3.9066805057005167,0.02762440277510126,20000,20000,20,,
walker2d-medium-replay-v2,1,rnn,12,27,1,2.0944082239290194,4.110165501872829,0.029063258981732867,20000,20000,20,,
walker2d-medium-replay-v2,1,rnn,12,28,4,2.1423215268433045,4.091001666566408,0.02892775020274574,20000,20000,20,,
walker2d-medium-replay-v2,1,rnn,12,29,2,2.2154053344584157,4.153478504692002,0.029369528161802758,20000,20000,20,,
walker2d-medium-replay-v2,1,rnn,12,30,5,2.3066636197167516,4.2053134160123,0.029736056334770618,20000,20000,20,,
walker2d-medium-replay-v2,1,rnn,12,31,1,2.455269345218206,4.450924103092463,0.031472786158433325,20000,20000,20,,
walker2d-medium-replay-v2,1,rnn,12,32,2,2.5524073032803836,4.63044375753463,0.03274218180855654,20000,20000,20,,
walker2d-medium-replay-v2,1,rnn,12,33,4,2.631783825988218,4.7130194847359945,0.033326080375211495,20000,20000,20,,
walker2d-medium-replay-v2,1,rnn,12,34,3,2.745835263778273,4.939411464515646,0.03492691341629589,20000,20000,20,,
walker2d-medium-replay-v2,1,rnn,12,35,4,2.8679026411737585,5.0585983518105095,0.03576969197864304,20000,20000,20,,
walker2d-medium-replay-v2,1,rnn,12,36,3,2.9606265551056463,5.210774797181789,0.036845741943231994,20000,20000,20,,
walker2d-medium-replay-v2,1,rnn,12,37,4,3.0470815634413446,5.322854109949268,0.03763826236411812,20000,20000,20,,
walker2d-medium-replay-v2,1,rnn,12,38,2,3.140257635583324,5.42856331095058,0.03838573929273652,20000,20000,20,,
walker2d-medium-replay-v2,1,rnn,12,39,1,3.2746263855829367,5.565381854382227,0.03935319249126235,20000,20000,20,,
walker2d-medium-replay-v2,1,rnn,12,40,1,3.430114856586243,5.748252180484864,0.040646280967912056,20000,20000,20,,
walker2d-medium-replay-v2,1,rnn,12,41,3,3.4934966912753103,5.79558098860747,0.04098094617960177,20000,20000,20,,
walker2d-medium-replay-v2,1,rnn,12,42,1,3.6156548698018685,5.897343666665328,0.041700516976865915,20000,20000,20,,
walker2d-medium-replay-v2,1,rnn,12,43,3,3.7527686450350806,6.1360196094783985,0.04338821075355807,20000,20000,20,,
walker2d-medium-replay-v2,1,rnn,12,44,5,3.8681006457704745,6.294505387445707,0.04450887443678116,20000,20000,20,,
walker2d-medium-replay-v2,1,rnn,12,45,3,3.9286080644097985,6.323014226498852,0.04471046237096351,20000,20000,20,,
walker2d-medium-replay-v2,1,rnn,12,46,2,4.029708827846978,6.437938943010662,0.045523102834677934,20000,20000,20,,
walker2d-medium-replay-v2,1,rnn,12,47,3,4.0927289145296,6.435410905083712,0.0455052269070655,20000,20000,20,,
walker2d-medium-replay-v2,1,rnn,12,48,5,4.198873564673635,6.541717448960204,0.04625692768766123,20000,20000,20,,
walker2d-medium-replay-v2,1,rnn,12,49,2,4.298668887799384,6.790824799641772,0.048018382656764745,20000,20000,20,,
walker2d-medium-replay-v2,1,rnn,12,50,2,4.420665677540355,6.89032582358084,0.04872196114438795,20000,20000,20,,
walker2d-medium-replay-v2,1,rnn,12,51,5,4.485337000402643,6.987160241043549,0.04940668387678925,20000,20000,20,,
walker2d-medium-replay-v2,1,rnn,12,52,1,4.5873567251983625,7.124284049725978,0.05037629562660398,20000,20000,20,,
walker2d-medium-replay-v2,1,rnn,12,53,1,4.74120864822639,7.5652172920722585,0.05349416448374024,20000,20000,20,,
walker2d-medium-replay-v2,1,rnn,12,54,1,4.8824433179757385,7.9160302440277315,0.05597478665629809,20000,20000,20,,
walker2d-medium-replay-v2,1,rnn,12,55,2,5.01914142453685,8.017984866666938,0.05669571470671307,20000,20000,20,,
walker2d-medium-replay-v2,1,rnn,12,56,4,5.144180960368707,8.240144917531724,0.05826662349146546,20000,20000,20,,
walker2d-medium-replay-v2,1,rnn,12,57,3,5.257390078990869,8.64965647574555,0.06116230748933812,20000,20000,20,,
walker2d-medium-replay-v2,1,rnn,12,58,2,5.332360384437337,8.783693171913871,0.06211009005722273,20000,20000,20,,
walker2d-medium-replay-v2,1,rnn,12,59,3,5.383773563709499,8.948206916346644,0.06327337790009077,20000,20000,20,,
walker2d-medium-replay-v2,1,rnn,12,60,3,5.492815176578874,9.14192937650668,0.0646432025525638,20000,20000,20,,
walker2d-medium-replay-v2,1,rnn,12,61,3,5.5899580117846615,9.473770500201077,0.06698967364097251,20000,20000,20,,
walker2d-medium-replay-v2,1,rnn,12,62,3,5.664905006137676,9.78996403924741,0.06922549959724288,20000,20000,20,,
walker2d-medium-replay-v2,1,rnn,12,63,1,5.792375362132058,10.643097402487806,0.07525806346128057,20000,20000,20,,
walker2d-medium-replay-v2,1,rnn,12,64,1,5.944724287677188,11.977633670744002,0.08469465991151402,20000,20000,20,,
walker2d-medium-replay-v2,1,rnn,12,65,2,6.099115012885989,13.419746296432168,0.09489193608010242,20000,20000,20,,
walker2d-medium-replay-v2,1,rnn,12,66,4,6.174637542876238,13.92247422196678,0.09844675933247612,20000,20000,20,,
walker2d-medium-replay-v2,1,rnn,12,67,1,6.4113463883002675,15.163818413264547,0.10722438828700794,20000,20000,20,,
walker2d-medium-replay-v2,1,rnn,12,68,3,6.535939845832332,15.212168018295355,0.10756627162285769,20000,20000,20,,
walker2d-medium-replay-v2,1,rnn,12,69,4,6.619883248810071,15.119958622944695,0.10691425273544207,20000,20000,20,,
walker2d-medium-replay-v2,1,rnn,12,70,3,6.6999740324244685,15.22075504919849,0.10762699110067635,20000,20000,20,,
walker2d-medium-replay-v2,1,rnn,12,71,4,6.8175875305056675,15.52533788408105,0.10978071698046116,20000,20000,20,,
walker2d-medium-replay-v2,1,rnn,12,72,3,6.869603260906676,15.68229707771531,0.11089058608234473,20000,20000,20,,
walker2d-medium-replay-v2,1,rnn,12,73,4,6.946652031155062,15.745412335304044,0.11133687834871803,20000,20000,20,,
walker2d-medium-replay-v2,1,rnn,12,74,2,7.028517854400882,16.80669966392244,0.11884131301725226,20000,20000,20,,
walker2d-medium-replay-v2,1,rnn,12,75,2,7.1628308081306455,17.171564215630536,0.1214212950045261,20000,20000,20,,
walker2d-medium-replay-v2,1,rnn,12,76,4,7.268545948603725,17.60286043572902,0.12447101982384375,20000,20000,20,,
walker2d-medium-replay-v2,1,rnn,12,77,5,7.404847871290755,17.54232446973682,0.12404296590325611,20000,20000,20,,
walker2d-medium-replay-v2,1,rnn,12,78,4,7.55330333851992,18.102683094194678,0.12800529973576127,20000,20000,20,,
walker2d-medium-replay-v2,1,rnn,12,79,5,7.705098978716157,18.061915074712278,0.1277170263054458,20000,20000,20,,
walker2d-medium-replay-v2,1,rnn,12,80,2,7.854163713049726,19.071168019002812,0.13485352231384903,20000,20000,20,,
walker2d-medium-replay-v2,1,rnn,12,81,1,8.141701609476275,19.75462661716273,0.13968630440804033,20000,20000,20,,
walker2d-medium-replay-v2,1,rnn,12,82,3,8.195260641008286,20.56583028499828,0.1454223805525395,20000,20000,20,,
walker2d-medium-replay-v2,1,rnn,12,83,5,8.255959958496161,20.903153742110785,0.14780761759231492,20000,20000,20,,
walker2d-medium-replay-v2,1,rnn,12,84,5,8.441683855360635,21.09241269065235,0.1491458804514547,20000,20000,20,,
walker2d-medium-replay-v2,1,rnn,12,85,2,8.577889602605591,21.827207846701874,0.15434166682771114,20000,20000,20,,
walker2d-medium-replay-v2,1,rnn,12,86,4,8.712583078639614,22.710008344382555,0.16058400901115982,20000,20000,20,,
walker2d-medium-replay-v2,1,rnn,12,87,2,8.891147641145826,23.572903682350983,0.16668560046047717,20000,20000,20,,
walker2d-medium-replay-v2,1,rnn,12,88,5,9.011641399678803,23.579171466032594,0.16672992038391993,20000,20000,20,,
walker2d-medium-replay-v2,1,rnn,12,89,4,9.140450596052698,24.63803086425295,0.17421718699196714,20000,20000,20,,
walker2d-medium-replay-v2,1,rnn,12,90,5,9.34403786724468,25.15278294154538,0.17785703383680052,20000,20000,20,,
walker2d-medium-replay-v2,1,rnn,12,91,4,9.506243897553944,26.047446577538683,0.1841832610757193,20000,20000,20,,
walker2d-medium-replay-v2,1,rnn,12,92,1,9.818769914711165,27.37713521132391,0.19358557957388142,20000,20000,20,,
walker2d-medium-replay-v2,1,rnn,12,93,4,9.884521754646245,27.82381405769724,0.19674407598671306,20000,20000,20,,
walker2d-medium-replay-v2,1,rnn,12,94,1,10.365593548734363,29.201066357887363,0.20648272039540513,20000,20000,20,,
walker2d-medium-replay-v2,1,rnn,12,95,1,10.8745558218214,30.75709784313571,0.21748552454499395,20000,20000,20,,
walker2d-medium-replay-v2,1,rnn,12,96,1,11.372881425263314,32.01007399855217,0.22634540390659424,20000,20000,20,,
walker2d-medium-replay-v2,1,rnn,12,97,4,11.273377860419199,31.581532009634792,0.22331515444272773,20000,20000,20,,
walker2d-medium-replay-v2,1,rnn,12,98,1,11.770907105955558,32.74945592957261,0.23157362367970782,20000,20000,20,,
walker2d-medium-replay-v2,1,rnn,12,99,3,11.782336995357285,32.41376761744341,0.22919994886099157,20000,20000,20,,
walker2d-medium-replay-v2,1,rnn,12,100,5,11.82211619844368,31.934103752213353,0.22580821314304833,20000,20000,20,,
walker2d-medium-replay-v2,1,rnn,13,1,3,0.07773029184808318,0.21726300769833268,0.0015362814604447611,20000,20000,20,,
walker2d-medium-replay-v2,1,rnn,13,2,3,0.12587617087284428,0.34750950755792925,0.0024572632932100954,20000,20000,20,,
walker2d-medium-replay-v2,1,rnn,13,3,3,0.17302492217606727,0.47295082388041365,0.0033442673473360503,20000,20000,20,,
walker2d-medium-replay-v2,1,rnn,13,4,3,0.2217292127156459,0.6036228354001896,0.0042682580019052525,20000,20000,20,,
walker2d-medium-replay-v2,1,rnn,13,5,4,0.2787599660995983,0.7342335617411273,0.0051918153048190275,20000,20000,20,,
walker2d-medium-replay-v2,1,rnn,13,6,3,0.33790090611190765,0.8914448138261425,0.006303466729100447,20000,20000,20,,
walker2d-medium-replay-v2,1,rnn,13,7,2,0.404872717799635,1.0088906672924873,0.007133934323183387,20000,20000,20,,
walker2d-medium-replay-v2,1,rnn,13,8,2,0.4922883849007887,1.2915370281332892,0.009132545907465695,20000,20000,20,,
walker2d-medium-replay-v2,1,rnn,13,9,4,0.5708292684713888,1.4963587371075313,0.010580854100964737,20000,20000,20,,
walker2d-medium-replay-v2,1,rnn,13,10,2,0.6460583203099896,1.6779187552547152,0.011864677301207001,20000,20000,20,,
walker2d-medium-replay-v2,1,rnn,13,11,2,0.7280669296886106,1.8126369451716506,0.012817278757601422,20000,20000,20,,
walker2d-medium-replay-v2,1,rnn,13,12,1,0.8526184825281758,2.0140399251539263,0.014241412886567878,20000,20000,20,,
walker2d-medium-replay-v2,1,rnn,13,13,3,0.9072671907516316,2.1798057702553786,0.015413554418171436,20000,20000,20,,
walker2d-medium-replay-v2,1,rnn,13,14,3,0.9782399980793239,2.3088013802178398,0.01632569112364895,20000,20000,20,,
walker2d-medium-replay-v2,1,rnn,13,15,4,1.0579530145866893,2.4498505995754147,0.01732305971853705,20000,20000,20,,
walker2d-medium-replay-v2,1,rnn,13,16,5,1.139739680909914,2.6012326863888813,0.01839349271989678,20000,20000,20,,
walker2d-medium-replay-v2,1,rnn,13,17,2,1.224465954027361,2.77527677143634,0.01962417024752144,20000,20000,20,,
walker2d-medium-replay-v2,1,rnn,13,18,1,1.3488691907963142,2.951770412948051,0.020872168755013826,20000,20000,20,,
walker2d-medium-replay-v2,1,rnn,13,19,5,1.3930795742812623,3.0294683026474503,0.02142157580191712,20000,20000,20,,
walker2d-medium-replay-v2,1,rnn,13,20,3,1.4659574801006445,3.135514170207976,0.022171433322605703,20000,20000,20,,
walker2d-medium-replay-v2,1,rnn,13,21,4,1.532670270691695,3.238013448375115,0.022896212669192804,20000,20000,20,,
walker2d-medium-replay-v2,1,rnn,13,22,2,1.596174035772659,3.2797997334481996,0.02319168632455053,20000,20000,20,,
walker2d-medium-replay-v2,1,rnn,13,23,3,1.689132858833488,3.4387651688904284,0.024315741698305252,20000,20000,20,,
walker2d-medium-replay-v2,1,rnn,13,24,1,1.8141219797116301,3.6961496540607963,0.026135724846667006,20000,20000,20,,
walker2d-medium-replay-v2,1,rnn,13,25,3,1.8697547380034834,3.7369752890737624,0.02642440568030616,20000,20000,20,,
walker2d-medium-replay-v2,1,rnn,13,26,2,1.9547149333467102,3.829314524931949,0.027077342678755237,20000,20000,20,,
walker2d-medium-replay-v2,1,rnn,13,27,4,2.0427022773635546,3.954037293540373,0.02795926583326901,20000,20000,20,,
walker2d-medium-replay-v2,1,rnn,13,28,1,2.1886793053995635,4.204868959853845,0.02973291355513478,20000,20000,20,,
walker2d-medium-replay-v2,1,rnn,13,29,3,2.2559073617386036,4.250351075046936,0.030054520675892208,20000,20000,20,,
walker2d-medium-replay-v2,1,rnn,13,30,2,2.32613649057529,4.318973738901755,0.03053975618544048,20000,20000,20,,
walker2d-medium-replay-v2,1,rnn,13,31,2,2.4553788745769003,4.495167243881218,0.03178563240716052,20000,20000,20,,
walker2d-medium-replay-v2,1,rnn,13,32,4,2.5279342178514956,4.545885772249604,0.0321442665605714,20000,20000,20,,
walker2d-medium-replay-v2,1,rnn,13,33,2,2.6303670070540144,4.79782116967151,0.03392571883995098,20000,20000,20,,
walker2d-medium-replay-v2,1,rnn,13,34,1,2.776387350809829,4.979855290868381,0.03521289445500739,20000,20000,20,,
walker2d-medium-replay-v2,1,rnn,13,35,3,2.8597765066953804,4.997838880669304,0.035340057637990495,20000,20000,20,,
walker2d-medium-replay-v2,1,rnn,13,36,2,2.9208140204596575,5.039082537499099,0.03563169433224328,20000,20000,20,,
walker2d-medium-replay-v2,1,rnn,13,37,2,3.0810614288057505,5.3049166900014075,0.03751142565129689,20000,20000,20,,
walker2d-medium-replay-v2,1,rnn,13,38,5,3.1959151456982307,5.4827081545890906,0.038768601153767276,20000,20000,20,,
walker2d-medium-replay-v2,1,rnn,13,39,4,3.2689822679429303,5.495114839907579,0.03885632966697478,20000,20000,20,,
walker2d-medium-replay-v2,1,rnn,13,40,5,3.362316556393716,5.665229139459892,0.04005921941487718,20000,20000,20,,
walker2d-medium-replay-v2,1,rnn,13,41,5,3.4366229335669094,5.698742241828087,0.04029619283430868,20000,20000,20,,
walker2d-medium-replay-v2,1,rnn,13,42,3,3.553511808583433,5.877438569141045,0.04155976668246992,20000,20000,20,,
walker2d-medium-replay-v2,1,rnn,13,43,1,3.6682720993084303,5.9338076722658215,0.04195835643315925,20000,20000,20,,
walker2d-medium-replay-v2,1,rnn,13,44,2,3.811047309047407,6.157590578541567,0.04354074053857138,20000,20000,20,,
walker2d-medium-replay-v2,1,rnn,13,45,5,3.848392339399669,6.132210357943035,0.043361275277639055,20000,20000,20,,
walker2d-medium-replay-v2,1,rnn,13,46,3,3.962612795410623,6.233991208515828,0.04408097457398862,20000,20000,20,,
walker2d-medium-replay-v2,1,rnn,13,47,2,4.087377230568783,6.348842670297057,0.04489309704853557,20000,20000,20,,
walker2d-medium-replay-v2,1,rnn,13,48,3,4.212308378482542,6.575295860482413,0.04649436291254949,20000,20000,20,,
walker2d-medium-replay-v2,1,rnn,13,49,5,4.2808077367884385,6.608891921653312,0.0467319229393005,20000,20000,20,,
walker2d-medium-replay-v2,1,rnn,13,50,1,4.3932808356090405,6.650340357020279,0.047025007636476046,20000,20000,20,,
walker2d-medium-replay-v2,1,rnn,13,51,1,4.539798754928668,6.813454215124986,0.048178396788189436,20000,20000,20,,
walker2d-medium-replay-v2,1,rnn,13,52,5,4.6319118869913884,6.891596391952163,0.04873094541950118,20000,20000,20,,
walker2d-medium-replay-v2,1,rnn,13,53,5,4.752343416938139,7.038497780087204,0.04976969509666123,20000,20000,20,,
walker2d-medium-replay-v2,1,rnn,13,54,5,4.891494773149754,7.281584593120074,0.051488578435786914,20000,20000,20,,
walker2d-medium-replay-v2,1,rnn,13,55,3,4.975764295694908,7.356862135465199,0.05202087104241987,20000,20000,20,,
walker2d-medium-replay-v2,1,rnn,13,56,2,5.024463052805387,7.334627348311225,0.05186364735467173,20000,20000,20,,
walker2d-medium-replay-v2,1,rnn,13,57,5,5.096687828438665,7.357388543151427,0.052024593306865874,20000,20000,20,,
walker2d-medium-replay-v2,1,rnn,13,58,3,5.160339564338619,7.4132996146288725,0.05241994428471695,20000,20000,20,,
walker2d-medium-replay-v2,1,rnn,13,59,3,5.284348175003922,7.5005300476403285,0.05303675659179934,20000,20000,20,,
walker2d-medium-replay-v2,1,rnn,13,60,1,5.405839275922265,7.5079233523779285,0.0530890351509527,20000,20000,20,,
walker2d-medium-replay-v2,1,rnn,13,61,4,5.495104729654928,7.621606762798069,0.05389289825511765,20000,20000,20,,
walker2d-medium-replay-v2,1,rnn,13,62,1,5.651634698936402,7.921454672468572,0.05601314315764389,20000,20000,20,,
walker2d-medium-replay-v2,1,rnn,13,63,5,5.772251888542702,8.003816600748936,0.05659552993763034,20000,20000,20,,
walker2d-medium-replay-v2,1,rnn,13,64,3,5.838883150570051,8.00235040735323,0.056585162384704,20000,20000,20,,
walker2d-medium-replay-v2,1,rnn,13,65,4,5.951468725825722,8.052090593971236,0.056936878617254764,20000,20000,20,,
walker2d-medium-replay-v2,1,rnn,13,66,4,6.042139293433474,8.019301133948096,0.056705022121916686,20000,20000,20,,
walker2d-medium-replay-v2,1,rnn,13,67,4,6.132482756079543,8.120915565613018,0.05742354465888352,20000,20000,20,,
walker2d-medium-replay-v2,1,rnn,13,68,3,6.196716695531429,8.261796956113193,0.05841972652454015,20000,20000,20,,
walker2d-medium-replay-v2,1,rnn,13,69,3,6.289474672844668,8.268897811283889,0.05846993715297438,20000,20000,20,,
walker2d-medium-replay-v2,1,rnn,13,70,5,6.427758276702247,8.479442421374367,0.059958712368346934,20000,20000,20,,
walker2d-medium-replay-v2,1,rnn,13,71,2,6.5415564424292265,8.641955458897458,0.06110785307698494,20000,20000,20,,
walker2d-medium-replay-v2,1,rnn,13,72,1,6.694729617152005,8.975574481480537,0.06346689580899818,20000,20000,20,,
walker2d-medium-replay-v2,1,rnn,13,73,3,6.782829715968065,9.074305107526166,0.06416502676087475,20000,20000,20,,
walker2d-medium-replay-v2,1,rnn,13,74,1,7.014030325672434,9.648352288114374,0.06822415330202415,20000,20000,20,,
walker2d-medium-replay-v2,1,rnn,13,75,5,7.086589435541074,9.672239091197202,0.06839305850643151,20000,20000,20,,
walker2d-medium-replay-v2,1,rnn,13,76,4,7.189934948752594,9.865088821233426,0.0697567120250176,20000,20000,20,,
walker2d-medium-replay-v2,1,rnn,13,77,5,7.328598446912096,9.953717862255072,0.07038341398418227,20000,20000,20,,
walker2d-medium-replay-v2,1,rnn,13,78,4,7.422798050045061,10.12310128997629,0.07158113568780522,20000,20000,20,,
walker2d-medium-replay-v2,1,rnn,13,79,4,7.513919607163248,10.24698976718336,0.07245715951124515,20000,20000,20,,
walker2d-medium-replay-v2,1,rnn,13,80,3,7.63489203504792,10.56452866507699,0.07470249859115603,20000,20000,20,,
walker2d-medium-replay-v2,1,rnn,13,81,3,7.746924208357881,10.860999382650126,0.0767988631393481,20000,20000,20,,
walker2d-medium-replay-v2,1,rnn,13,82,1,7.969965720262673,11.442862414919183,0.08091325609774028,20000,20000,20,,
walker2d-medium-replay-v2,1,rnn,13,83,1,8.289356668917767,12.470776925615924,0.08818170930767745,20000,20000,20,,
walker2d-medium-replay-v2,1,rnn,13,84,3,8.357486235341009,12.974401220992954,0.0917428708519914,20000,20000,20,,
walker2d-medium-replay-v2,1,rnn,13,85,4,8.447096466674159,13.62825565840527,0.09636631991802302,20000,20000,20,,
walker2d-medium-replay-v2,1,rnn,13,86,1,8.72478691554167,14.511475804471967,0.10261162946366638,20000,20000,20,,
walker2d-medium-replay-v2,1,rnn,13,87,4,8.881482788178861,14.717106618679782,0.10406565889513895,20000,20000,20,,
walker2d-medium-replay-v2,1,rnn,13,88,3,8.928195682473554,15.245420772287194,0.10780140410126526,20000,20000,20,,
walker2d-medium-replay-v2,1,rnn,13,89,4,9.107485578053684,15.149835570619814,0.10712551465846439,20000,20000,20,,
walker2d-medium-replay-v2,1,rnn,13,90,4,9.226885474475557,15.38750058508778,0.10880606009227536,20000,20000,20,,
walker2d-medium-replay-v2,1,rnn,13,91,4,9.38199067522544,15.673980995075349,0.11083178249806848,20000,20000,20,,
walker2d-medium-replay-v2,1,rnn,13,92,4,9.536413932089344,16.2980618200747,0.11524470033172385,20000,20000,20,,
walker2d-medium-replay-v2,1,rnn,13,93,2,9.689427452627747,17.39367748144039,0.12299187296898247,20000,20000,20,,
walker2d-medium-replay-v2,1,rnn,13,94,3,9.837847392964393,17.885529776796314,0.12646979390286592,20000,20000,20,,
walker2d-medium-replay-v2,1,rnn,13,95,5,10.016013590022782,17.960867920309063,0.1270025150244646,20000,20000,20,,
walker2d-medium-replay-v2,1,rnn,13,96,1,10.458003127385178,19.602721974085764,0.1386121763759059,20000,20000,20,,
walker2d-medium-replay-v2,1,rnn,13,97,1,10.928865890686948,21.110184267790142,0.1492715444785198,20000,20000,20,,
walker2d-medium-replay-v2,1,rnn,13,98,4,10.966949332822223,21.47342629113226,0.15184005345769114,20000,20000,20,,
walker2d-medium-replay-v2,1,rnn,13,99,4,11.119556641672764,21.717011335414966,0.15356245982377043,20000,20000,20,,
walker2d-medium-replay-v2,1,rnn,13,100,4,11.346052338310242,22.660787373221268,0.1602359641863125,20000,20000,20,,
walker2d-medium-replay-v2,1,rnn,14,1,4,0.0772026074856479,0.22745780153279482,0.001608369538976231,20000,20000,20,,
walker2d-medium-replay-v2,1,rnn,14,2,5,0.12953099913891514,0.3830149873946007,0.0027083249488280216,20000,20000,20,,
walker2d-medium-replay-v2,1,rnn,14,3,3,0.17580142018755418,0.4716715590233565,0.0033352215787824627,20000,20000,20,,
walker2d-medium-replay-v2,1,rnn,14,4,2,0.23549855255029334,0.6623971594378699,0.004683855232772245,20000,20000,20,,
walker2d-medium-replay-v2,1,rnn,14,5,5,0.29120000845037425,0.7989190335589997,0.0056492106624857165,20000,20000,20,,
walker2d-medium-replay-v2,1,rnn,14,6,3,0.35460179497594924,0.9897129540080922,0.006998327412072916,20000,20000,20,,
walker2d-medium-replay-v2,1,rnn,14,7,4,0.4178800560956191,1.1220609350103363,0.007934168960503267,20000,20000,20,,
walker2d-medium-replay-v2,1,rnn,14,8,2,0.49897806973770287,1.3498932655541684,0.009545186819514054,20000,20000,20,,
walker2d-medium-replay-v2,1,rnn,14,9,3,0.5634147436625607,1.480485008806952,0.010468609891724214,20000,20000,20,,
walker2d-medium-replay-v2,1,rnn,14,10,1,0.6986883203050718,1.7208110410404462,0.012167971562603819,20000,20000,20,,
walker2d-medium-replay-v2,1,rnn,14,11,3,0.7462922705832609,1.8626817279769747,0.013171148810447949,20000,20000,20,,
walker2d-medium-replay-v2,1,rnn,14,12,4,0.826488930600789,2.075283164220394,0.01467446798302516,20000,20000,20,,
walker2d-medium-replay-v2,1,rnn,14,13,4,0.9221233809090165,2.2673119543433558,0.016032316579815107,20000,20000,20,,
walker2d-medium-replay-v2,1,rnn,14,14,3,1.0022898232626734,2.4832249465329292,0.01755905198905036,20000,20000,20,,
walker2d-medium-replay-v2,1,rnn,14,15,4,1.0685836435366103,2.5774251554845193,0.018225148054438953,20000,20000,20,,
walker2d-medium-replay-v2,1,rnn,14,16,2,1.1315578724746027,2.638779357405604,0.01865898777676583,20000,20000,20,,
walker2d-medium-replay-v2,1,rnn,14,17,4,1.1974025934328008,2.724816399354281,0.019267361534717236,20000,20000,20,,
walker2d-medium-replay-v2,1,rnn,14,18,3,1.2566678102635254,2.812876968676307,0.019890043791944763,20000,20000,20,,
walker2d-medium-replay-v2,1,rnn,14,19,2,1.3443347695964447,2.931426208455122,0.020728313505465865,20000,20000,20,,
walker2d-medium-replay-v2,1,rnn,14,20,2,1.4272346021812246,3.060433377474684,0.02164053194581998,20000,20000,20,,
walker2d-medium-replay-v2,1,rnn,14,21,3,1.5078825581171453,3.1950332032709716,0.022592296441490807,20000,20000,20,,
walker2d-medium-replay-v2,1,rnn,14,22,3,1.5766298370827465,3.2663639920412098,0.023096681285959014,20000,20000,20,,
walker2d-medium-replay-v2,1,rnn,14,23,4,1.6376166668461698,3.3681288678333487,0.023816267623551296,20000,20000,20,,
walker2d-medium-replay-v2,1,rnn,14,24,2,1.724538949878938,3.527099857977269,0.024940362274978357,20000,20000,20,,
walker2d-medium-replay-v2,1,rnn,14,25,4,1.8048515114141326,3.6494387127158725,0.02580542861286098,20000,20000,20,,
walker2d-medium-replay-v2,1,rnn,14,26,2,1.8996400316474944,3.720464483035018,0.026307656651177642,20000,20000,20,,
walker2d-medium-replay-v2,1,rnn,14,27,5,1.9868539357451176,3.8132758261290496,0.02696393195190585,20000,20000,20,,
walker2d-medium-replay-v2,1,rnn,14,28,3,2.0669857323683543,3.9191706978760688,0.02771272177095782,20000,20000,20,,
walker2d-medium-replay-v2,1,rnn,14,29,3,2.1263471122698636,4.02455231377279,0.028457882323087495,20000,20000,20,,
walker2d-medium-replay-v2,1,rnn,14,30,5,2.228287081058524,4.151560670584456,0.029355967026776397,20000,20000,20,,
walker2d-medium-replay-v2,1,rnn,14,31,3,2.319045214997247,4.277000305001895,0.030242959188037717,20000,20000,20,,
walker2d-medium-replay-v2,1,rnn,14,32,3,2.4078450060098286,4.423748558101188,0.031280626036975616,20000,20000,20,,
walker2d-medium-replay-v2,1,rnn,14,33,1,2.537638877038205,4.561387291703269,0.032253878855815224,20000,20000,20,,
walker2d-medium-replay-v2,1,rnn,14,34,5,2.646314515290018,4.67925504629323,0.03308732974135315,20000,20000,20,,
walker2d-medium-replay-v2,1,rnn,14,35,1,2.7927336396410687,4.861246199498301,0.034374201526825805,20000,20000,20,,
walker2d-medium-replay-v2,1,rnn,14,36,5,2.8825741044881585,4.991413588747272,0.03529462396309877,20000,20000,20,,
walker2d-medium-replay-v2,1,rnn,14,37,1,3.056686272345039,5.235044193209628,0.037017352488297864,20000,20000,20,,
walker2d-medium-replay-v2,1,rnn,14,38,3,3.173991976537882,5.463003982627706,0.038629271617651666,20000,20000,20,,
walker2d-medium-replay-v2,1,rnn,14,39,3,3.2791674679907823,5.526053608056358,0.039075099794570384,20000,20000,20,,
walker2d-medium-replay-v2,1,rnn,14,40,2,3.4201182941701904,5.727753810098923,0.04050133560088033,20000,20000,20,,
walker2d-medium-replay-v2,1,rnn,14,41,5,3.497516932530716,5.7547365382336455,0.040692132301270084,20000,20000,20,,
walker2d-medium-replay-v2,1,rnn,14,42,2,3.581646628250841,5.905785159367945,0.041760207344199496,20000,20000,20,,
walker2d-medium-replay-v2,1,rnn,14,43,1,3.7171946717041675,6.058813681402935,0.04284228240065845,20000,20000,20,,
walker2d-medium-replay-v2,1,rnn,14,44,2,3.7808121260427754,6.0454977785695485,0.04274812474874737,20000,20000,20,,
walker2d-medium-replay-v2,1,rnn,14,45,1,3.909827340746177,6.187386860540358,0.0437514320691263,20000,20000,20,,
walker2d-medium-replay-v2,1,rnn,14,46,1,4.058462548857723,6.404686739744965,0.045287974250492254,20000,20000,20,,
walker2d-medium-replay-v2,1,rnn,14,47,3,4.127059772266563,6.484428933235962,0.04585183670813399,20000,20000,20,,
walker2d-medium-replay-v2,1,rnn,14,48,4,4.217559000966437,6.576999298581492,0.04650640803886139,20000,20000,20,,
walker2d-medium-replay-v2,1,rnn,14,49,5,4.305876281531563,6.631572636448587,0.04689229981163947,20000,20000,20,,
walker2d-medium-replay-v2,1,rnn,14,50,4,4.393745036659862,6.67318250966906,0.04718652604682456,20000,20000,20,,
walker2d-medium-replay-v2,1,rnn,14,51,1,4.5126123081683795,6.769693387959908,0.04786896101180184,20000,20000,20,,
walker2d-medium-replay-v2,1,rnn,14,52,1,4.654639414133277,6.906232655579666,0.0488344394321236,20000,20000,20,,
walker2d-medium-replay-v2,1,rnn,14,53,2,4.761714818076108,7.03592118654778,0.04975147582902035,20000,20000,20,,
walker2d-medium-replay-v2,1,rnn,14,54,3,4.8215364881150435,7.041073601249946,0.049787908902774215,20000,20000,20,,
walker2d-medium-replay-v2,1,rnn,14,55,4,4.982528486064242,7.293159606093769,0.05157042613744714,20000,20000,20,,
walker2d-medium-replay-v2,1,rnn,14,56,3,5.061352620919366,7.31290879185568,0.05171007396919874,20000,20000,20,,
walker2d-medium-replay-v2,1,rnn,14,57,4,5.12213656181432,7.424386747597616,0.052498342153778105,20000,20000,20,,
walker2d-medium-replay-v2,1,rnn,14,58,3,5.1774131448376375,7.423588601935371,0.05249269841167663,20000,20000,20,,
walker2d-medium-replay-v2,1,rnn,14,59,2,5.252809789797352,7.42249873245422,0.05248499187066932,20000,20000,20,,
walker2d-medium-replay-v2,1,rnn,14,60,1,5.4310734963409475,7.680109728265427,0.05430657669113256,20000,20000,20,,
walker2d-medium-replay-v2,1,rnn,14,61,3,5.574871275680313,7.844228585219761,0.05546707225786251,20000,20000,20,,
walker2d-medium-replay-v2,1,rnn,14,62,3,5.641751324954902,7.915023269247317,0.05596766626934094,20000,20000,20,,
walker2d-medium-replay-v2,1,rnn,14,63,5,5.747601345571004,7.950558413522803,0.056218937684217325,20000,20000,20,,
walker2d-medium-replay-v2,1,rnn,14,64,3,5.815235064233818,7.981357570693498,0.05643672061311961,20000,20000,20,,
walker2d-medium-replay-v2,1,rnn,14,65,2,5.935142308134964,8.109813940379494,0.05734504431403536,20000,20000,20,,
walker2d-medium-replay-v2,1,rnn,14,66,1,6.1115500029408185,8.381148696709957,0.059263670775764055,20000,20000,20,,
walker2d-medium-replay-v2,1,rnn,14,67,5,6.187243262062506,8.41104991624389,0.05947510432674597,20000,20000,20,,
walker2d-medium-replay-v2,1,rnn,14,68,1,6.328790615998794,8.66547935476172,0.0612741921398404,20000,20000,20,,
walker2d-medium-replay-v2,1,rnn,14,69,2,6.458838087963346,8.785351237434574,0.06212181435095614,20000,20000,20,,
walker2d-medium-replay-v2,1,rnn,14,70,1,6.600390081553636,9.215123514479862,0.0651607632656032,20000,20000,20,,
walker2d-medium-replay-v2,1,rnn,14,71,2,6.711149668247311,9.360022525474143,0.06618535399821601,20000,20000,20,,
walker2d-medium-replay-v2,1,rnn,14,72,5,6.815403287386571,9.456929629475363,0.06687059070206013,20000,20000,20,,
walker2d-medium-replay-v2,1,rnn,14,73,1,7.037141174224829,10.273861903879823,0.07264717421207556,20000,20000,20,,
walker2d-medium-replay-v2,1,rnn,14,74,5,7.125865737770952,10.26164444066202,0.0725607837011735,20000,20000,20,,
walker2d-medium-replay-v2,1,rnn,14,75,2,7.179549578833663,10.541434844142191,0.074539200617291,20000,20000,20,,
walker2d-medium-replay-v2,1,rnn,14,76,2,7.325831784313495,11.239940230079933,0.07947837956821004,20000,20000,20,,
walker2d-medium-replay-v2,1,rnn,14,77,2,7.429845150808437,11.763310886064723,0.083179168967419,20000,20000,20,,
walker2d-medium-replay-v2,1,rnn,14,78,1,7.660160790588935,12.704168328562918,0.08983203574462206,20000,20000,20,,
walker2d-medium-replay-v2,1,rnn,14,79,4,7.710868694934307,12.607352434662113,0.0891474439935831,20000,20000,20,,
walker2d-medium-replay-v2,1,rnn,14,80,2,7.827558314292587,12.77824069783767,0.09035580649074938,20000,20000,20,,
walker2d-medium-replay-v2,1,rnn,14,81,5,7.936126444234393,12.923220160298468,0.09138096610113748,20000,20000,20,,
walker2d-medium-replay-v2,1,rnn,14,82,1,8.159574475256534,13.099230476852181,0.09262554698507669,20000,20000,20,,
walker2d-medium-replay-v2,1,rnn,14,83,2,8.282538163909505,13.379601469312526,0.09460806928524382,20000,20000,20,,
walker2d-medium-replay-v2,1,rnn,14,84,1,8.555434626654979,13.963224182029519,0.09873490506341055,20000,20000,20,,
walker2d-medium-replay-v2,1,rnn,14,85,4,8.617883271629577,13.826167526722882,0.09776576815966985,20000,20000,20,,
walker2d-medium-replay-v2,1,rnn,14,86,2,8.764482810933842,13.894861122229521,0.09825150523173816,20000,20000,20,,
walker2d-medium-replay-v2,1,rnn,14,87,1,9.01048902171341,14.208858936771518,0.10047180507114217,20000,20000,20,,
walker2d-medium-replay-v2,1,rnn,14,88,3,8.991818183389462,13.673753801151344,0.09668804037069445,20000,20000,20,,
walker2d-medium-replay-v2,1,rnn,14,89,1,9.280029888556351,14.352412834480226,0.10148688441649806,20000,20000,20,,
walker2d-medium-replay-v2,1,rnn,14,90,5,9.37500757277302,14.053318112871606,0.09937196535783248,20000,20000,20,,
walker2d-medium-replay-v2,1,rnn,14,91,5,9.472021716574908,14.1598031747802,0.10012492845153884,20000,20000,20,,
walker2d-medium-replay-v2,1,rnn,14,92,2,9.677913070721162,14.625959728619499,0.10342115305468204,20000,20000,20,,
walker2d-medium-replay-v2,1,rnn,14,93,5,9.876491617120376,15.73767992618004,0.1112822019594531,20000,20000,20,,
walker2d-medium-replay-v2,1,rnn,14,94,3,10.006332444012711,17.044025292637198,0.12051945863138792,20000,20000,20,,
walker2d-medium-replay-v2,1,rnn,14,95,3,10.18396701268828,17.828064227862292,0.12606345110950737,20000,20000,20,,
walker2d-medium-replay-v2,1,rnn,14,96,3,10.379169586849182,19.00103078437929,0.1343575771716894,20000,20000,20,,
walker2d-medium-replay-v2,1,rnn,14,97,2,10.614662705548723,19.1337197340935,0.13529582973300378,20000,20000,20,,
walker2d-medium-replay-v2,1,rnn,14,98,5,10.894452114974499,19.66894700629955,0.13908045806953254,20000,20000,20,,
walker2d-medium-replay-v2,1,rnn,14,99,3,11.106103787453534,20.141708201641194,0.14242338454061187,20000,20000,20,,
walker2d-medium-replay-v2,1,rnn,14,100,1,11.619344881676085,21.588897911454108,0.15265656111533293,20000,20000,20,,
walker2d-medium-replay-v2,1,rnn,15,1,3,0.0795656244264754,0.22580635189659548,0.0015966920266107848,20000,20000,20,,
walker2d-medium-replay-v2,1,rnn,15,2,1,0.23480296924168362,0.678818845870241,0.004799974091120732,20000,20000,20,,
walker2d-medium-replay-v2,1,rnn,15,3,4,0.242364006207397,0.7366415800662718,0.005208842565688338,20000,20000,20,,
walker2d-medium-replay-v2,1,rnn,15,4,1,0.3870078090514724,1.075972240023264,0.007608272672889296,20000,20000,20,,
walker2d-medium-replay-v2,1,rnn,15,5,5,0.40630623468941746,1.088859689319628,0.007699400700785864,20000,20000,20,,
walker2d-medium-replay-v2,1,rnn,15,6,4,0.4799502770850508,1.2947302990924745,0.009155125742959756,20000,20000,20,,
walker2d-medium-replay-v2,1,rnn,15,7,3,0.5565090226522872,1.4629677320882484,0.010344744040167046,20000,20000,20,,
walker2d-medium-replay-v2,1,rnn,15,8,4,0.6316302164896737,1.641578023213896,0.011607709520613534,20000,20000,20,,
walker2d-medium-replay-v2,1,rnn,15,9,1,0.76639646619503,1.89906777521064,0.013428437017842935,20000,20000,20,,
walker2d-medium-replay-v2,1,rnn,15,10,5,0.8071631114540643,1.9990819751735414,0.014135644207930086,20000,20000,20,,
walker2d-medium-replay-v2,1,rnn,15,11,4,0.8768259622576947,2.175181531978158,0.015380856115734984,20000,20000,20,,
walker2d-medium-replay-v2,1,rnn,15,12,4,0.9338347341095359,2.269450204619759,0.016047436292518293,20000,20000,20,,
walker2d-medium-replay-v2,1,rnn,15,13,2,1.001003294736912,2.3655074462956667,0.016726663562229387,20000,20000,20,,
walker2d-medium-replay-v2,1,rnn,15,14,2,1.0800918593552733,2.5673882767185345,0.0181541766040652,20000,20000,20,,
walker2d-medium-replay-v2,1,rnn,15,15,4,1.1353573123958636,2.6381864156994865,0.01865479504575339,20000,20000,20,,
walker2d-medium-replay-v2,1,rnn,15,16,5,1.223739775748588,2.792094508171711,0.01974308960441935,20000,20000,20,,
walker2d-medium-replay-v2,1,rnn,15,17,2,1.2812831309331814,2.83598380746217,0.020053433815917447,20000,20000,20,,
walker2d-medium-replay-v2,1,rnn,15,18,4,1.3599385435244855,2.9872699327864614,0.021123188267079887,20000,20000,20,,
walker2d-medium-replay-v2,1,rnn,15,19,3,1.4244953947919485,3.0819243797870652,0.021792496280515786,20000,20000,20,,
walker2d-medium-replay-v2,1,rnn,15,20,3,1.4893145617733736,3.197319814508148,0.022608465224608257,20000,20000,20,,
walker2d-medium-replay-v2,1,rnn,15,21,4,1.5823665167403422,3.342690414275205,0.023636390593412673,20000,20000,20,,
walker2d-medium-replay-v2,1,rnn,15,22,3,1.6548564881896166,3.433480132263482,0.02427837084592792,20000,20000,20,,
walker2d-medium-replay-v2,1,rnn,15,23,5,1.7341801688339216,3.54276323685709,0.025051119089200508,20000,20000,20,,
walker2d-medium-replay-v2,1,rnn,15,24,2,1.7913437899575146,3.573145887362616,0.025265956871229296,20000,20000,20,,
walker2d-medium-replay-v2,1,rnn,15,25,3,1.8803941943259557,3.679833776529588,0.026020354170233743,20000,20000,20,,
walker2d-medium-replay-v2,1,rnn,15,26,5,1.9777256656508972,3.866201063657168,0.027338169895426263,20000,20000,20,,
walker2d-medium-replay-v2,1,rnn,15,27,5,2.0727888608392204,4.016894496232791,0.02840373337597127,20000,20000,20,,
walker2d-medium-replay-v2,1,rnn,15,28,4,2.1696956780578125,4.179246415967757,0.02955173480980376,20000,20000,20,,
walker2d-medium-replay-v2,1,rnn,15,29,2,2.2381302942676484,4.265747341333021,0.03016338871885065,20000,20000,20,,
walker2d-medium-replay-v2,1,rnn,15,30,2,2.3444611518973457,4.403154913349546,0.031135006978443288,20000,20000,20,,
walker2d-medium-replay-v2,1,rnn,15,31,1,2.4780498289857906,4.555290144163236,0.0322107655121007,20000,20000,20,,
walker2d-medium-replay-v2,1,rnn,15,32,4,2.5453531298013163,4.525830796347903,0.03200245646600515,20000,20000,20,,
walker2d-medium-replay-v2,1,rnn,15,33,4,2.635742646640788,4.583021686815203,0.0324068571307204,20000,20000,20,,
walker2d-medium-replay-v2,1,rnn,15,34,1,2.790037341137169,4.787156758724117,0.03385031006696836,20000,20000,20,,
walker2d-medium-replay-v2,1,rnn,15,35,4,2.9071767894438176,5.011477934094836,0.035436500309652084,20000,20000,20,,
walker2d-medium-replay-v2,1,rnn,15,36,2,3.0061228883526643,5.158194860065201,0.03647394564233698,20000,20000,20,,
walker2d-medium-replay-v2,1,rnn,15,37,5,3.124157999967113,5.313411681589799,0.037571494312879636,20000,20000,20,,
walker2d-medium-replay-v2,1,rnn,15,38,1,3.2505867985657333,5.4682666109948705,0.03866648401970454,20000,20000,20,,
walker2d-medium-replay-v2,1,rnn,15,39,1,3.398061589309138,5.710337008267394,0.040378180214063766,20000,20000,20,,
walker2d-medium-replay-v2,1,rnn,15,40,1,3.4826448229191986,5.740930793864519,0.04059451094664271,20000,20000,20,,
walker2d-medium-replay-v2,1,rnn,15,41,2,3.6068890394184527,5.861958072780347,0.04145030304294208,20000,20000,20,,
walker2d-medium-replay-v2,1,rnn,15,42,1,3.7726348924340796,6.043886028734672,0.042736727956369194,20000,20000,20,,
walker2d-medium-replay-v2,1,rnn,15,43,2,3.899300569322883,6.217048902467993,0.043961174379035,20000,20000,20,,
walker2d-medium-replay-v2,1,rnn,15,44,1,4.038129852010502,6.384489106317498,0.045145155414887436,20000,20000,20,,
walker2d-medium-replay-v2,1,rnn,15,45,3,4.103717588191924,6.433755070894146,0.045493518391225875,20000,20000,20,,
walker2d-medium-replay-v2,1,rnn,15,46,4,4.161543718297474,6.499645299363697,0.04595943266487337,20000,20000,20,,
walker2d-medium-replay-v2,1,rnn,15,47,5,4.265424476767945,6.5572608675326745,0.04636683625441537,20000,20000,20,,
walker2d-medium-replay-v2,1,rnn,15,48,1,4.374607564914401,6.6022101855149335,0.04668467592996503,20000,20000,20,,
walker2d-medium-replay-v2,1,rnn,15,49,1,4.514676500714864,6.756213060597466,0.04777364070289587,20000,20000,20,,
walker2d-medium-replay-v2,1,rnn,15,50,4,4.572897877727586,6.822691221809926,0.048243712288837295,20000,20000,20,,
walker2d-medium-replay-v2,1,rnn,15,51,1,4.701214605190408,6.941356371972003,0.04908280161253854,20000,20000,20,,
walker2d-medium-replay-v2,1,rnn,15,52,3,4.767119740591306,6.955648987078812,0.04918386566316768,20000,20000,20,,
walker2d-medium-replay-v2,1,rnn,15,53,5,4.8110281026037995,6.954374899803318,0.049174856505644425,20000,20000,20,,
walker2d-medium-replay-v2,1,rnn,15,54,1,4.938872107098208,7.081593279553672,0.05007442629577483,20000,20000,20,,
walker2d-medium-replay-v2,1,rnn,15,55,5,5.028393271177931,7.131196825823729,0.050425176335159416,20000,20000,20,,
walker2d-medium-replay-v2,1,rnn,15,56,5,5.096502918294567,7.139032197980996,0.05048058078301466,20000,20000,20,,
walker2d-medium-replay-v2,1,rnn,15,57,1,5.252930724120557,7.397183243025368,0.05230598432822735,20000,20000,20,,
walker2d-medium-replay-v2,1,rnn,15,58,2,5.362349967910966,7.440956470368242,0.05261550778711301,20000,20000,20,,
walker2d-medium-replay-v2,1,rnn,15,59,3,5.409543351548833,7.44224587866124,0.05262462528058999,20000,20000,20,,
walker2d-medium-replay-v2,1,rnn,15,60,1,5.574224176431329,7.641394496362187,0.05403281866099265,20000,20000,20,,
walker2d-medium-replay-v2,1,rnn,15,61,5,5.737945032597416,7.887565273674443,0.05577350892066725,20000,20000,20,,
walker2d-medium-replay-v2,1,rnn,15,62,4,5.814787257718943,7.950881691401025,0.05622122360401632,20000,20000,20,,
walker2d-medium-replay-v2,1,rnn,15,63,3,5.85610756230874,8.009744690021204,0.056637447858869344,20000,20000,20,,
walker2d-medium-replay-v2,1,rnn,15,64,4,5.936249452781533,8.125130857533428,0.05745335127389955,20000,20000,20,,
walker2d-medium-replay-v2,1,rnn,15,65,4,6.014337150706041,8.163227803697934,0.057722737363653756,20000,20000,20,,
walker2d-medium-replay-v2,1,rnn,15,66,5,6.092718925790452,8.16455089198327,0.05773209301064045,20000,20000,20,,
walker2d-medium-replay-v2,1,rnn,15,67,4,6.205412609710141,8.237806265237998,0.05825008672250815,20000,20000,20,,
walker2d-medium-replay-v2,1,rnn,15,68,1,6.352729974582496,8.377710023099926,0.059239355681484654,20000,20000,20,,
walker2d-medium-replay-v2,1,rnn,15,69,4,6.419885151160507,8.425036060534584,0.059574001301452004,20000,20000,20,,
walker2d-medium-replay-v2,1,rnn,15,70,3,6.471601142528265,8.461055704537118,0.05982869864675318,20000,20000,20,,
walker2d-medium-replay-v2,1,rnn,15,71,2,6.60864908216675,8.69469828873874,0.06148080120338233,20000,20000,20,,
walker2d-medium-replay-v2,1,rnn,15,72,4,6.747792213801429,8.807574847843208,0.062278959007180064,20000,20000,20,,
walker2d-medium-replay-v2,1,rnn,15,73,1,6.912021553099802,8.977702681882157,0.06348194445835527,20000,20000,20,,
walker2d-medium-replay-v2,1,rnn,15,74,4,7.005709145703084,9.113477892139867,0.06444202017725784,20000,20000,20,,
walker2d-medium-replay-v2,1,rnn,15,75,3,7.09208404562981,9.204192272323064,0.06508346771104456,20000,20000,20,,
walker2d-medium-replay-v2,1,rnn,15,76,3,7.231266987775553,9.453276310206094,0.06684475783376874,20000,20000,20,,
walker2d-medium-replay-v2,1,rnn,15,77,5,7.357552457731193,9.734228855015163,0.06883139233002983,20000,20000,20,,
walker2d-medium-replay-v2,1,rnn,15,78,2,7.479658324485383,10.032406332021194,0.07093982548991044,20000,20000,20,,
walker2d-medium-replay-v2,1,rnn,15,79,3,7.53648072172986,10.061163654053566,0.071143170464089,20000,20000,20,,
walker2d-medium-replay-v2,1,rnn,15,80,2,7.692174411435329,10.493190259809984,0.0741980598899227,20000,20000,20,,
walker2d-medium-replay-v2,1,rnn,15,81,2,7.886948265795893,11.02232255152618,0.07793959020609571,20000,20000,20,,
walker2d-medium-replay-v2,1,rnn,15,82,2,8.073495258521682,11.695045763150114,0.08269646165410448,20000,20000,20,,
walker2d-medium-replay-v2,1,rnn,15,83,4,8.175126062315936,11.941468323435013,0.0844389322882525,20000,20000,20,,
walker2d-medium-replay-v2,1,rnn,15,84,1,8.50377512660057,12.698507300635452,0.08979200623226208,20000,20000,20,,
walker2d-medium-replay-v2,1,rnn,15,85,1,8.791465845075654,13.531941372568454,0.09568527507161952,20000,20000,20,,
walker2d-medium-replay-v2,1,rnn,15,86,4,8.79764110037613,13.302307938015305,0.09406152148402262,20000,20000,20,,
walker2d-medium-replay-v2,1,rnn,15,87,5,8.927784670990603,13.145652664159401,0.09295380141950117,20000,20000,20,,
walker2d-medium-replay-v2,1,rnn,15,88,2,9.0915957354034,13.127253376418368,0.0928236988081943,20000,20000,20,,
walker2d-medium-replay-v2,1,rnn,15,89,1,9.408849137279681,13.919323444345258,0.09842447997025423,20000,20000,20,,
walker2d-medium-replay-v2,1,rnn,15,90,5,9.529184830488498,13.965258791301506,0.09874929192354343,20000,20000,20,,
walker2d-medium-replay-v2,1,rnn,15,91,2,9.64902754546433,13.936172350004789,0.0985436197247285,20000,20000,20,,
walker2d-medium-replay-v2,1,rnn,15,92,4,9.776542471534139,14.106769987112356,0.09974992718526013,20000,20000,20,,
walker2d-medium-replay-v2,1,rnn,15,93,1,10.099420785692756,15.102167460608115,0.1067884502201082,20000,20000,20,,
walker2d-medium-replay-v2,1,rnn,15,94,3,10.226221522330318,15.127132174835989,0.10696497740731734,20000,20000,20,,
walker2d-medium-replay-v2,1,rnn,15,95,5,10.330360127418468,15.102335702567137,0.10678963987040925,20000,20000,20,,
walker2d-medium-replay-v2,1,rnn,15,96,4,10.575168537867215,15.187907355937233,0.10739472283416264,20000,20000,20,,
walker2d-medium-replay-v2,1,rnn,15,97,5,10.737937511651614,15.320626318246092,0.108333187616569,20000,20000,20,,
walker2d-medium-replay-v2,1,rnn,15,98,5,10.94120913056921,15.507786903416061,0.10965661280601428,20000,20000,20,,
walker2d-medium-replay-v2,1,rnn,15,99,1,11.406222146855134,17.10109498933414,0.1209230023267346,20000,20000,20,,
walker2d-medium-replay-v2,1,rnn,15,100,5,11.542131741188534,17.349265151803852,0.1226778303744396,20000,20000,20,,
walker2d-medium-replay-v2,1,rnn,16,1,3,0.07676111448520849,0.21303519716690478,0.0015063863254813155,20000,20000,20,,
walker2d-medium-replay-v2,1,rnn,16,2,3,0.12423157945012377,0.34636822854748833,0.002449193231935009,20000,20000,20,,
walker2d-medium-replay-v2,1,rnn,16,3,1,0.2749085793668697,0.7912688939739652,0.0055951160067097,20000,20000,20,,
walker2d-medium-replay-v2,1,rnn,16,4,2,0.32389086580129045,1.0580498695955458,0.007481542376245528,20000,20000,20,,
walker2d-medium-replay-v2,1,rnn,16,5,4,0.3583931201521391,1.086228630740642,0.007680796307156862,20000,20000,20,,
walker2d-medium-replay-v2,1,rnn,16,6,5,0.4276399762901955,1.1439829478502865,0.008089180999867142,20000,20000,20,,
walker2d-medium-replay-v2,1,rnn,16,7,5,0.5038802910076456,1.3210771295875554,0.009341425968018197,20000,20000,20,,
walker2d-medium-replay-v2,1,rnn,16,8,3,0.5768804336067999,1.53091099273083,0.010825175443529992,20000,20000,20,,
walker2d-medium-replay-v2,1,rnn,16,9,3,0.6526485622563333,1.7165687063517123,0.012137973726339152,20000,20000,20,,
walker2d-medium-replay-v2,1,rnn,16,10,5,0.7225102249394131,1.9023772296177386,0.013451838394375807,20000,20000,20,,
walker2d-medium-replay-v2,1,rnn,16,11,1,0.8623772130192552,2.110629005236398,0.01492440082171674,20000,20000,20,,
walker2d-medium-replay-v2,1,rnn,16,12,2,0.9269055579129494,2.3177652914619578,0.01638907554791565,20000,20000,20,,
walker2d-medium-replay-v2,1,rnn,16,13,5,0.9688834166422036,2.336695339397315,0.016522931200548426,20000,20000,20,,
walker2d-medium-replay-v2,1,rnn,16,14,2,1.0501846247011766,2.5212209760810187,0.017827724490566545,20000,20000,20,,
walker2d-medium-replay-v2,1,rnn,16,15,5,1.119794841395059,2.6565100488905125,0.018784362698606883,20000,20000,20,,
walker2d-medium-replay-v2,1,rnn,16,16,5,1.2055558949019562,2.780610909756792,0.019661888301303228,20000,20000,20,,
walker2d-medium-replay-v2,1,rnn,16,17,1,1.3527927761682865,3.046360350417652,0.02154102061718149,20000,20000,20,,
walker2d-medium-replay-v2,1,rnn,16,18,4,1.4075250375955395,3.102146593452731,0.02193548892465174,20000,20000,20,,
walker2d-medium-replay-v2,1,rnn,16,19,5,1.460551858384006,3.1445468279689486,0.022235303858154913,20000,20000,20,,
walker2d-medium-replay-v2,1,rnn,16,20,3,1.5369556991112099,3.29420310075763,0.023293533511514718,20000,20000,20,,
walker2d-medium-replay-v2,1,rnn,16,21,5,1.6041637946467555,3.3587347358494504,0.023749841079259537,20000,20000,20,,
walker2d-medium-replay-v2,1,rnn,16,22,1,1.7503359433052126,3.574811029921636,0.025277731207180545,20000,20000,20,,
walker2d-medium-replay-v2,1,rnn,16,23,5,1.7997961812772039,3.65409399196037,0.02583834640808199,20000,20000,20,,
walker2d-medium-replay-v2,1,rnn,16,24,5,1.8364466522563947,3.647698295403946,0.0257931220040274,20000,20000,20,,
walker2d-medium-replay-v2,1,rnn,16,25,3,1.9315731984565734,3.766980968262747,0.026636577872592552,20000,20000,20,,
walker2d-medium-replay-v2,1,rnn,16,26,4,2.01668471537652,3.8598823645637084,0.027293489945653636,20000,20000,20,,
walker2d-medium-replay-v2,1,rnn,16,27,4,2.103910153737358,3.947585082350686,0.027913641810410256,20000,20000,20,,
walker2d-medium-replay-v2,1,rnn,16,28,4,2.1882369295339386,4.107047710693962,0.02904121286888386,20000,20000,20,,
walker2d-medium-replay-v2,1,rnn,16,29,4,2.24979889389578,4.2192806266221705,0.029834819428135623,20000,20000,20,,
walker2d-medium-replay-v2,1,rnn,16,30,4,2.324074925514485,4.328451785147114,0.03060677609316541,20000,20000,20,,
walker2d-medium-replay-v2,1,rnn,16,31,5,2.4396272393922103,4.5430599706899315,0.03212428512612008,20000,20000,20,,
walker2d-medium-replay-v2,1,rnn,16,32,3,2.517090008265892,4.579798986460026,0.03238406919797161,20000,20000,20,,
walker2d-medium-replay-v2,1,rnn,16,33,1,2.6775481908422916,4.863235314439669,0.034388266693461816,20000,20000,20,,
walker2d-medium-replay-v2,1,rnn,16,34,5,2.7590804424155873,4.940846589937779,0.03493706128547432,20000,20000,20,,
walker2d-medium-replay-v2,1,rnn,16,35,1,2.899432580430978,5.034636394812964,0.035600255355808394,20000,20000,20,,
walker2d-medium-replay-v2,1,rnn,16,36,4,2.954498057523509,5.0865406622671605,0.03596727395070221,20000,20000,20,,
walker2d-medium-replay-v2,1,rnn,16,37,4,3.0660985095710536,5.216754170898921,0.03688802250025832,20000,20000,20,,
walker2d-medium-replay-v2,1,rnn,16,38,3,3.1822328031352964,5.367892686098611,0.03795673319021999,20000,20000,20,,
walker2d-medium-replay-v2,1,rnn,16,39,5,3.2895027010088533,5.516926695748547,0.039010562778728906,20000,20000,20,,
walker2d-medium-replay-v2,1,rnn,16,40,5,3.3991999194652673,5.611202723338562,0.0396771949628512,20000,20000,20,,
walker2d-medium-replay-v2,1,rnn,16,41,5,3.480622898662168,5.682913727215129,0.04018426833411935,20000,20000,20,,
walker2d-medium-replay-v2,1,rnn,16,42,2,3.5406385456112432,5.775917389036278,0.040841903533608497,20000,20000,20,,
walker2d-medium-replay-v2,1,rnn,16,43,4,3.675278499585634,6.049645351239385,0.04277745251635042,20000,20000,20,,
walker2d-medium-replay-v2,1,rnn,16,44,3,3.7733714856861376,6.173849360539958,0.04365570748862034,20000,20000,20,,
walker2d-medium-replay-v2,1,rnn,16,45,5,3.9138836933618775,6.292040872358312,0.04449144768347482,20000,20000,20,,
walker2d-medium-replay-v2,1,rnn,16,46,2,4.024746712781974,6.39187854434885,0.045197406632298695,20000,20000,20,,
walker2d-medium-replay-v2,1,rnn,16,47,2,4.141973606894169,6.619253176197766,0.04680518807280033,20000,20000,20,,
walker2d-medium-replay-v2,1,rnn,16,48,3,4.231752602006633,6.697990080612738,0.047361942063214965,20000,20000,20,,
walker2d-medium-replay-v2,1,rnn,16,49,5,4.331401380761548,6.724417260539627,0.04754881044455437,20000,20000,20,,
walker2d-medium-replay-v2,1,rnn,16,50,1,4.4438376708601215,6.8343925240499255,0.04832645299046347,20000,20000,20,,
walker2d-medium-replay-v2,1,rnn,16,51,4,4.49998476039581,6.924483242153309,0.04896349056739215,20000,20000,20,,
walker2d-medium-replay-v2,1,rnn,16,52,2,4.590531811773274,7.086886790662888,0.050111857071790965,20000,20000,20,,
walker2d-medium-replay-v2,1,rnn,16,53,1,4.746742341651882,7.278578030072117,0.05146731882459416,20000,20000,20,,
walker2d-medium-replay-v2,1,rnn,16,54,2,4.857721026894506,7.352405588627257,0.05198935849752203,20000,20000,20,,
walker2d-medium-replay-v2,1,rnn,16,55,3,4.954076856441204,7.439548777618461,0.052605553896221034,20000,20000,20,,
walker2d-medium-replay-v2,1,rnn,16,56,2,5.076418938028616,7.575046854969767,0.05356366998954952,20000,20000,20,,
walker2d-medium-replay-v2,1,rnn,16,57,3,5.159435489381676,7.629687188904669,0.05395003549606619,20000,20000,20,,
walker2d-medium-replay-v2,1,rnn,16,58,1,5.2923543952393794,7.874262688002668,0.05567944543530898,20000,20000,20,,
walker2d-medium-replay-v2,1,rnn,16,59,4,5.348186715647522,7.930077104881758,0.05607411296194075,20000,20000,20,,
walker2d-medium-replay-v2,1,rnn,16,60,2,5.409812801449184,7.9191566311239425,0.05599689355146154,20000,20000,20,,
walker2d-medium-replay-v2,1,rnn,16,61,3,5.545252280691713,8.121554520189013,0.057428062750019084,20000,20000,20,,
walker2d-medium-replay-v2,1,rnn,16,62,3,5.648526727119368,8.282683029050649,0.05856741336260447,20000,20000,20,,
walker2d-medium-replay-v2,1,rnn,16,63,5,5.783996992254359,8.487253247380428,0.06001394324870247,20000,20000,20,,
walker2d-medium-replay-v2,1,rnn,16,64,1,5.938899710594837,8.669321411610893,0.06130135958435795,20000,20000,20,,
walker2d-medium-replay-v2,1,rnn,16,65,5,6.0793492312339295,8.824586219527712,0.06239924756993404,20000,20000,20,,
walker2d-medium-replay-v2,1,rnn,16,66,2,6.175069169726829,9.038896465697354,0.06391464985337716,20000,20000,20,,
walker2d-medium-replay-v2,1,rnn,16,67,5,6.310750458065847,9.095375185672417,0.0643140147122482,20000,20000,20,,
walker2d-medium-replay-v2,1,rnn,16,68,2,6.451218283392537,9.687378986704578,0.06850011373422872,20000,20000,20,,
walker2d-medium-replay-v2,1,rnn,16,69,5,6.54187921096406,9.746009343991016,0.06891469296643503,20000,20000,20,,
walker2d-medium-replay-v2,1,rnn,16,70,5,6.647551678441383,10.057803785382852,0.07111941260487942,20000,20000,20,,
walker2d-medium-replay-v2,1,rnn,16,71,1,6.8343611174715715,10.636055022826536,0.07520826631713882,20000,20000,20,,
walker2d-medium-replay-v2,1,rnn,16,72,4,6.961307908345242,10.75668107008722,0.07606122127719642,20000,20000,20,,
walker2d-medium-replay-v2,1,rnn,16,73,1,7.1632454742372325,11.018933273845663,0.07791562439378352,20000,20000,20,,
walker2d-medium-replay-v2,1,rnn,16,74,4,7.245712278492177,10.946805432287475,0.07740560353500209,20000,20000,20,,
walker2d-medium-replay-v2,1,rnn,16,75,2,7.314274270566971,10.74531920754081,0.07598088077666165,20000,20000,20,,
walker2d-medium-replay-v2,1,rnn,16,76,4,7.409712418829659,10.596083947065162,0.07492562812991695,20000,20000,20,,
walker2d-medium-replay-v2,1,rnn,16,77,5,7.539595368013449,10.69681589281752,0.07563791054915302,20000,20000,20,,
walker2d-medium-replay-v2,1,rnn,16,78,3,7.630975713730237,10.889806099813466,0.0770025573898473,20000,20000,20,,
walker2d-medium-replay-v2,1,rnn,16,79,3,7.736016356669735,10.977601107566548,0.0776233618432126,20000,20000,20,,
walker2d-medium-replay-v2,1,rnn,16,80,1,7.962472511741536,11.199152323580167,0.07918996551544616,20000,20000,20,,
walker2d-medium-replay-v2,1,rnn,16,81,1,8.200163918252997,11.80266777114324,0.08345746417067298,20000,20000,20,,
walker2d-medium-replay-v2,1,rnn,16,82,3,8.297503464683462,12.06169240748346,0.08528904493917848,20000,20000,20,,
walker2d-medium-replay-v2,1,rnn,16,83,1,8.622003825032776,13.252254801761083,0.09370759236337248,20000,20000,20,,
walker2d-medium-replay-v2,1,rnn,16,84,5,8.734012326823596,13.335152057391335,0.09429376447935153,20000,20000,20,,
walker2d-medium-replay-v2,1,rnn,16,85,1,9.04408191554428,14.833917922530167,0.10489163954585744,20000,20000,20,,
walker2d-medium-replay-v2,1,rnn,16,86,5,9.091803269082478,14.890454611706136,0.10529141430887907,20000,20000,20,,
walker2d-medium-replay-v2,1,rnn,16,87,2,9.169913198504778,15.186516403943951,0.1073848873182951,20000,20000,20,,
walker2d-medium-replay-v2,1,rnn,16,88,4,9.2405819363954,15.124040718847576,0.10694311751238587,20000,20000,20,,
walker2d-medium-replay-v2,1,rnn,16,89,3,9.34348376965095,15.207222948846539,0.10753130470145073,20000,20000,20,,
walker2d-medium-replay-v2,1,rnn,16,90,2,9.485312824517159,15.965693751309958,0.1128945031789896,20000,20000,20,,
walker2d-medium-replay-v2,1,rnn,16,91,2,9.661432006283803,16.702377533919265,0.11810364416172156,20000,20000,20,,
walker2d-medium-replay-v2,1,rnn,16,92,4,9.79772843490946,16.941429751788345,0.11979399860485067,20000,20000,20,,
walker2d-medium-replay-v2,1,rnn,16,93,2,9.991494280539154,17.40163299630385,0.12304812695406031,20000,20000,20,,
walker2d-medium-replay-v2,1,rnn,16,94,5,10.160329398689935,17.13963838183017,0.12119554526877338,20000,20000,20,,
walker2d-medium-replay-v2,1,rnn,16,95,4,10.33989163510163,17.093356969112556,0.12086828626101818,20000,20000,20,,
walker2d-medium-replay-v2,1,rnn,16,96,4,10.551345140429936,17.319781464288425,0.12246934922067416,20000,20000,20,,
walker2d-medium-replay-v2,1,rnn,16,97,1,10.964200065467695,18.32176321260193,0.1295544301092505,20000,20000,20,,
walker2d-medium-replay-v2,1,rnn,16,98,3,11.1215940180179,19.013112389177568,0.13444300701849418,20000,20000,20,,
walker2d-medium-replay-v2,1,rnn,16,99,3,11.320515231998186,19.69314756702626,0.13925158187551626,20000,20000,20,,
walker2d-medium-replay-v2,1,rnn,16,100,1,11.892235070978353,21.19361930174963,0.14986151926153266,20000,20000,20,,
walker2d-medium-replay-v2,1,rnn,17,1,1,0.189663091338999,0.5227019336625399,0.0036960608183210287,20000,20000,20,,
walker2d-medium-replay-v2,1,rnn,17,2,3,0.20530214132386773,0.629664953945859,0.00445240358810632,20000,20000,20,,
walker2d-medium-replay-v2,1,rnn,17,3,5,0.24721940855245658,0.6853811637215073,0.004846376685650051,20000,20000,20,,
walker2d-medium-replay-v2,1,rnn,17,4,1,0.41162921437838157,1.0780593526482278,0.007623030787791415,20000,20000,20,,
walker2d-medium-replay-v2,1,rnn,17,5,2,0.4734683667168466,1.3278597569909047,0.009389386386329898,20000,20000,20,,
walker2d-medium-replay-v2,1,rnn,17,6,1,0.6042062932248586,1.5542736372512607,0.010990374287198465,20000,20000,20,,
walker2d-medium-replay-v2,1,rnn,17,7,1,0.7298458405986499,1.83067273098407,0.012944811022121321,20000,20000,20,,
walker2d-medium-replay-v2,1,rnn,17,8,5,0.7814732731188593,1.9805141888393463,0.014004350131644762,20000,20000,20,,
walker2d-medium-replay-v2,1,rnn,17,9,3,0.8592793086498896,2.1927666510047517,0.015505201684851755,20000,20000,20,,
walker2d-medium-replay-v2,1,rnn,17,10,5,0.9237723903862385,2.2657818192205412,0.016021496890600367,20000,20000,20,,
walker2d-medium-replay-v2,1,rnn,17,11,5,0.9966432551547808,2.441442767569734,0.017263607368274106,20000,20000,20,,
walker2d-medium-replay-v2,1,rnn,17,12,4,1.0428973579365397,2.52498342324031,0.017854329009568456,20000,20000,20,,
walker2d-medium-replay-v2,1,rnn,17,13,2,1.101974734211022,2.6515815918985735,0.01874951324500902,20000,20000,20,,
walker2d-medium-replay-v2,1,rnn,17,14,4,1.1538787130327293,2.7088847775073988,0.019154707956284937,20000,20000,20,,
walker2d-medium-replay-v2,1,rnn,17,15,4,1.238677059761654,2.8932203179851865,0.020458157063140248,20000,20000,20,,
walker2d-medium-replay-v2,1,rnn,17,16,2,1.284017793263717,2.9315421303100457,0.02072913319676291,20000,20000,20,,
walker2d-medium-replay-v2,1,rnn,17,17,3,1.343622374570502,2.9878941058832678,0.02112760183737375,20000,20000,20,,
walker2d-medium-replay-v2,1,rnn,17,18,4,1.4037360098426808,3.0558535649008487,0.021608147780544755,20000,20000,20,,
walker2d-medium-replay-v2,1,rnn,17,19,1,1.5164867974058815,3.1948659050355244,0.022591113464323156,20000,20000,20,,
walker2d-medium-replay-v2,1,rnn,17,20,1,1.634281087606876,3.3612563047126987,0.023767671263683853,20000,20000,20,,
walker2d-medium-replay-v2,1,rnn,17,21,2,1.7196534290590615,3.486051988912317,0.024650110009287504,20000,20000,20,,
walker2d-medium-replay-v2,1,rnn,17,22,4,1.8031243387365092,3.6269618597200304,0.025646493261130048,20000,20000,20,,
walker2d-medium-replay-v2,1,rnn,17,23,3,1.885478791168606,3.7016486075714594,0.026174608319835202,20000,20000,20,,
walker2d-medium-replay-v2,1,rnn,17,24,3,1.9803535977177547,3.85162018582267,0.027235067519502002,20000,20000,20,,
walker2d-medium-replay-v2,1,rnn,17,25,3,2.0451431140597744,3.9722914068308897,0.02808834190619173,20000,20000,20,,
walker2d-medium-replay-v2,1,rnn,17,26,5,2.0978834004977607,4.040663117771173,0.028571802910663736,20000,20000,20,,
walker2d-medium-replay-v2,1,rnn,17,27,4,2.164548244110008,4.122175957515053,0.029148185728030438,20000,20000,20,,
walker2d-medium-replay-v2,1,rnn,17,28,4,2.2278512503426944,4.212806626311852,0.02978904133292732,20000,20000,20,,
walker2d-medium-replay-v2,1,rnn,17,29,1,2.334439971191775,4.3545346620068415,0.03079120988416908,20000,20000,20,,
walker2d-medium-replay-v2,1,rnn,17,30,3,2.4180293036383405,4.495893621873458,0.0317907686752007,20000,20000,20,,
walker2d-medium-replay-v2,1,rnn,17,31,1,2.589910335180758,4.7838673820319615,0.03382705066131936,20000,20000,20,,
walker2d-medium-replay-v2,1,rnn,17,32,4,2.6983113898280493,4.932161698834659,0.0348756498315455,20000,20000,20,,
walker2d-medium-replay-v2,1,rnn,17,33,5,2.7880721028592452,5.000199782754173,0.03535675173672977,20000,20000,20,,
walker2d-medium-replay-v2,1,rnn,17,34,5,2.8793111763065453,5.097018214856999,0.03604136143556735,20000,20000,20,,
walker2d-medium-replay-v2,1,rnn,17,35,3,2.9726684138233064,5.225863580267239,0.036952435751627745,20000,20000,20,,
walker2d-medium-replay-v2,1,rnn,17,36,5,3.0899671951087306,5.379939626033525,0.03804191791942524,20000,20000,20,,
walker2d-medium-replay-v2,1,rnn,17,37,2,3.20069779552809,5.598148862896688,0.03958489023046008,20000,20000,20,,
walker2d-medium-replay-v2,1,rnn,17,38,2,3.2822403502256225,5.646822333274688,0.039929063640141746,20000,20000,20,,
walker2d-medium-replay-v2,1,rnn,17,39,2,3.376696724163596,5.776957725879684,0.040849259825975405,20000,20000,20,,
walker2d-medium-replay-v2,1,rnn,17,40,3,3.4792845743403364,5.8540037500608,0.041394057487594706,20000,20000,20,,
walker2d-medium-replay-v2,1,rnn,17,41,2,3.5802905232215396,6.006955442598871,0.042475589277471006,20000,20000,20,,
walker2d-medium-replay-v2,1,rnn,17,42,1,3.7234246249797858,6.089565146935173,0.04305972809875115,20000,20000,20,,
walker2d-medium-replay-v2,1,rnn,17,43,3,3.8056809022945433,6.186299573003613,0.043743743785222985,20000,20000,20,,
walker2d-medium-replay-v2,1,rnn,17,44,3,3.8495545905451274,6.238906492534148,0.04411573088059674,20000,20000,20,,
walker2d-medium-replay-v2,1,rnn,17,45,5,3.9950209054781665,6.4195700578697865,0.04539321520221843,20000,20000,20,,
walker2d-medium-replay-v2,1,rnn,17,46,2,4.086605078206151,6.550422311281668,0.04631848035942925,20000,20000,20,,
walker2d-medium-replay-v2,1,rnn,17,47,3,4.204147434335826,6.621312330465214,0.046819748492260546,20000,20000,20,,
walker2d-medium-replay-v2,1,rnn,17,48,2,4.2580866300552325,6.547309813426039,0.04629647167602781,20000,20000,20,,
walker2d-medium-replay-v2,1,rnn,17,49,5,4.362906554938841,6.574704388805464,0.046490180576212986,20000,20000,20,,
walker2d-medium-replay-v2,1,rnn,17,50,3,4.450623201220233,6.6773464393530135,0.04721596947598363,20000,20000,20,,
walker2d-medium-replay-v2,1,rnn,17,51,5,4.57053346244611,6.818716725685899,0.048215608357226304,20000,20000,20,,
walker2d-medium-replay-v2,1,rnn,17,52,1,4.720823471588145,7.035553567818206,0.04974887637205462,20000,20000,20,,
walker2d-medium-replay-v2,1,rnn,17,53,3,4.762741129991811,7.016669571055792,0.04961534635038854,20000,20000,20,,
walker2d-medium-replay-v2,1,rnn,17,54,3,4.8475020605147865,7.095692937988437,0.0501741259366912,20000,20000,20,,
walker2d-medium-replay-v2,1,rnn,17,55,1,5.010871205898062,7.319407066521799,0.05175602371002299,20000,20000,20,,
walker2d-medium-replay-v2,1,rnn,17,56,4,5.1061515355684355,7.468894696457686,0.0528130608783347,20000,20000,20,,
walker2d-medium-replay-v2,1,rnn,17,57,1,5.277042799151779,7.62630825328849,0.05392614281319225,20000,20000,20,,
walker2d-medium-replay-v2,1,rnn,17,58,3,5.347803866321412,7.645106827457519,0.05405906880590784,20000,20000,20,,
walker2d-medium-replay-v2,1,rnn,17,59,1,5.476452123590316,7.788019465312213,0.055069613759350954,20000,20000,20,,
walker2d-medium-replay-v2,1,rnn,17,60,1,5.627847326486513,7.935037119422661,0.05610918556110732,20000,20000,20,,
walker2d-medium-replay-v2,1,rnn,17,61,4,5.6705767612708575,8.00939342338901,0.05663496402869306,20000,20000,20,,
walker2d-medium-replay-v2,1,rnn,17,62,2,5.78818673106738,8.035537346289548,0.05681982948039094,20000,20000,20,,
walker2d-medium-replay-v2,1,rnn,17,63,3,5.872181542613243,8.062226155167698,0.05700854785778626,20000,20000,20,,
walker2d-medium-replay-v2,1,rnn,17,64,1,6.002515829050446,8.22120823945126,0.05813272095662703,20000,20000,20,,
walker2d-medium-replay-v2,1,rnn,17,65,4,6.090422420740637,8.344187553839005,0.0590023160281195,20000,20000,20,,
walker2d-medium-replay-v2,1,rnn,17,66,1,6.223315521518372,8.53444358580505,0.060347629331767856,20000,20000,20,,
walker2d-medium-replay-v2,1,rnn,17,67,3,6.310577232322906,8.575860559619695,0.060640491562173465,20000,20000,20,,
walker2d-medium-replay-v2,1,rnn,17,68,3,6.4143603262883335,8.707314297908978,0.0615700098597402,20000,20000,20,,
walker2d-medium-replay-v2,1,rnn,17,69,5,6.544178927065507,8.861104214201662,0.06265746878662688,20000,20000,20,,
walker2d-medium-replay-v2,1,rnn,17,70,3,6.6039704659407015,8.813153369582766,0.06231840511269045,20000,20000,20,,
walker2d-medium-replay-v2,1,rnn,17,71,3,6.674645992795781,8.919787902965533,0.06307242512932662,20000,20000,20,,
walker2d-medium-replay-v2,1,rnn,17,72,4,6.77858440736685,9.138489767802545,0.06461888084617057,20000,20000,20,,
walker2d-medium-replay-v2,1,rnn,17,73,1,6.984465685973635,9.497437273185934,0.06715702299763647,20000,20000,20,,
walker2d-medium-replay-v2,1,rnn,17,74,2,7.065448940997766,9.465266375413547,0.06692954039791933,20000,20000,20,,
walker2d-medium-replay-v2,1,rnn,17,75,5,7.150989047148908,9.507440636949237,0.06722775746115355,20000,20000,20,,
walker2d-medium-replay-v2,1,rnn,17,76,5,7.300815715634363,9.565348603939418,0.06763722862258838,20000,20000,20,,
walker2d-medium-replay-v2,1,rnn,17,77,1,7.525412471885611,10.073228423118309,0.07122848126428029,20000,20000,20,,
walker2d-medium-replay-v2,1,rnn,17,78,2,7.62943995247592,10.176819286642269,0.0719609792849479,20000,20000,20,,
walker2d-medium-replay-v2,1,rnn,17,79,1,7.881471034422266,11.0454940207951,0.0781034372365968,20000,20000,20,,
walker2d-medium-replay-v2,1,rnn,17,80,3,7.933033940490543,11.053388484803813,0.07815925952694074,20000,20000,20,,
walker2d-medium-replay-v2,1,rnn,17,81,5,8.018452845514924,10.935985604967202,0.07732909580230776,20000,20000,20,,
walker2d-medium-replay-v2,1,rnn,17,82,1,8.306332721264303,11.839828155121557,0.08372022776569864,20000,20000,20,,
walker2d-medium-replay-v2,1,rnn,17,83,5,8.39113443638007,11.78856599015729,0.08335774952105326,20000,20000,20,,
walker2d-medium-replay-v2,1,rnn,17,84,2,8.433319894077428,11.786238547977673,0.083341292019573,20000,20000,20,,
walker2d-medium-replay-v2,1,rnn,17,85,3,8.5672563974555,11.858641596779488,0.08385325888743644,20000,20000,20,,
walker2d-medium-replay-v2,1,rnn,17,86,4,8.679201250277593,11.935767778719297,0.0843986233500031,20000,20000,20,,
walker2d-medium-replay-v2,1,rnn,17,87,4,8.846578258375041,12.254502074644693,0.08665241517045877,20000,20000,20,,
walker2d-medium-replay-v2,1,rnn,17,88,4,8.976555013343317,12.654505576453463,0.08948086705673224,20000,20000,20,,
walker2d-medium-replay-v2,1,rnn,17,89,5,9.082816916647891,12.75352389744834,0.09018103231910407,20000,20000,20,,
walker2d-medium-replay-v2,1,rnn,17,90,4,9.240874935455407,12.936674200959631,0.09147610053499616,20000,20000,20,,
walker2d-medium-replay-v2,1,rnn,17,91,2,9.387325858980967,13.104195365307273,0.092660654048021,20000,20000,20,,
walker2d-medium-replay-v2,1,rnn,17,92,2,9.603299677170577,13.678915360935884,0.09672453810994594,20000,20000,20,,
walker2d-medium-replay-v2,1,rnn,17,93,1,9.994609468845734,14.736034582095566,0.10419949980799247,20000,20000,20,,
walker2d-medium-replay-v2,1,rnn,17,94,3,10.170122882738552,15.034561203773375,0.10631040179352336,20000,20000,20,,
walker2d-medium-replay-v2,1,rnn,17,95,4,10.288593747302556,15.267619984237973,0.1079583762343392,20000,20000,20,,
walker2d-medium-replay-v2,1,rnn,17,96,4,10.466813743346872,15.645783951661416,0.11063239929199445,20000,20000,20,,
walker2d-medium-replay-v2,1,rnn,17,97,5,10.741779404553542,16.089132937126042,0.11376735003253659,20000,20000,20,,
walker2d-medium-replay-v2,1,rnn,17,98,1,11.203462095028664,17.407734802133465,0.12309127323685636,20000,20000,20,,
walker2d-medium-replay-v2,1,rnn,17,99,2,11.430723197805086,18.10344255641776,0.12801066994464125,20000,20000,20,,
walker2d-medium-replay-v2,1,rnn,17,100,4,11.541615467213147,18.55671989188202,0.13121582472129073,20000,20000,20,,
walker2d-medium-replay-v2,1,rnn,18,1,4,0.07768214270632155,0.222321636872002,0.0015720513703668577,20000,20000,20,,
walker2d-medium-replay-v2,1,rnn,18,2,1,0.23087588375415224,0.6477916450858294,0.004580578650361792,20000,20000,20,,
walker2d-medium-replay-v2,1,rnn,18,3,2,0.2758675798714641,0.9086934593857711,0.006425433071515413,20000,20000,20,,
walker2d-medium-replay-v2,1,rnn,18,4,4,0.31015140284678666,0.9308379230303636,0.006582018075603716,20000,20000,20,,
walker2d-medium-replay-v2,1,rnn,18,5,4,0.37360929661466846,0.9938522649576457,0.007027596760491606,20000,20000,20,,
walker2d-medium-replay-v2,1,rnn,18,6,3,0.4520612340249394,1.192042139842548,0.008429010805427885,20000,20000,20,,
walker2d-medium-replay-v2,1,rnn,18,7,4,0.5231667357989371,1.3622607338369193,0.009632638026402482,20000,20000,20,,
walker2d-medium-replay-v2,1,rnn,18,8,3,0.5891298480277255,1.5590021080597578,0.011023809624931774,20000,20000,20,,
walker2d-medium-replay-v2,1,rnn,18,9,3,0.6534214834289526,1.7367108033843672,0.012280399860330228,20000,20000,20,,
walker2d-medium-replay-v2,1,rnn,18,10,5,0.7149653043708598,1.8301865642154456,0.012941373303932502,20000,20000,20,,
walker2d-medium-replay-v2,1,rnn,18,11,5,0.7757725348662357,1.9557284251821034,0.013829088316055527,20000,20000,20,,
walker2d-medium-replay-v2,1,rnn,18,12,4,0.8597603270905947,2.1223004402881593,0.01500693033042953,20000,20000,20,,
walker2d-medium-replay-v2,1,rnn,18,13,2,0.9315312771548275,2.266529919297992,0.016026786756978086,20000,20000,20,,
walker2d-medium-replay-v2,1,rnn,18,14,1,1.0518553486582876,2.4798618506608014,0.01753527131008074,20000,20000,20,,
walker2d-medium-replay-v2,1,rnn,18,15,5,1.0780820513580425,2.488934582071939,0.017599425209127738,20000,20000,20,,
walker2d-medium-replay-v2,1,rnn,18,16,1,1.2163149809774692,2.685085038505476,0.018986418387897643,20000,20000,20,,
walker2d-medium-replay-v2,1,rnn,18,17,5,1.2679572791888787,2.7978791936782392,0.019783993507906328,20000,20000,20,,
walker2d-medium-replay-v2,1,rnn,18,18,3,1.362495624884288,2.9502847264434497,0.020861663364992615,20000,20000,20,,
walker2d-medium-replay-v2,1,rnn,18,19,5,1.4523520120998152,3.116025070840363,0.02203362457938513,20000,20000,20,,
walker2d-medium-replay-v2,1,rnn,18,20,5,1.5245500012573385,3.180417946861184,0.022488950972329398,20000,20000,20,,
walker2d-medium-replay-v2,1,rnn,18,21,2,1.6057069046054577,3.3556928158240287,0.023728331456481507,20000,20000,20,,
walker2d-medium-replay-v2,1,rnn,18,22,4,1.6691304100027913,3.40701496685739,0.024091233866689207,20000,20000,20,,
walker2d-medium-replay-v2,1,rnn,18,23,3,1.7334000950822301,3.5101434510081315,0.024820462371453994,20000,20000,20,,
walker2d-medium-replay-v2,1,rnn,18,24,4,1.7921826784158832,3.607212688390549,0.02550684553143114,20000,20000,20,,
walker2d-medium-replay-v2,1,rnn,18,25,2,1.871581259280294,3.6930576464097187,0.026113861050891432,20000,20000,20,,
walker2d-medium-replay-v2,1,rnn,18,26,3,1.94571227583714,3.8261301785804456,0.02705482594976729,20000,20000,20,,
walker2d-medium-replay-v2,1,rnn,18,27,3,2.0374707120321536,3.9207760644255685,0.027724073426692232,20000,20000,20,,
walker2d-medium-replay-v2,1,rnn,18,28,2,2.125834508937782,4.057864356196853,0.028693434034019784,20000,20000,20,,
walker2d-medium-replay-v2,1,rnn,18,29,4,2.2251849226356275,4.247658412107745,0.030035480673654687,20000,20000,20,,
walker2d-medium-replay-v2,1,rnn,18,30,1,2.367995547441561,4.393787945180006,0.031068772511324887,20000,20000,20,,
walker2d-medium-replay-v2,1,rnn,18,31,5,2.454920224644514,4.555141146628552,0.032209711940429146,20000,20000,20,,
walker2d-medium-replay-v2,1,rnn,18,32,2,2.551708171953543,4.658910557866765,0.03294347248409191,20000,20000,20,,
walker2d-medium-replay-v2,1,rnn,18,33,2,2.676018688262348,4.8137688535756595,0.034038485994279416,20000,20000,20,,
walker2d-medium-replay-v2,1,rnn,18,34,1,2.7944214454331266,4.855748129423895,0.034335324300495296,20000,20000,20,,
walker2d-medium-replay-v2,1,rnn,18,35,2,2.908349522834042,5.04609905067215,0.03568130857269277,20000,20000,20,,
walker2d-medium-replay-v2,1,rnn,18,36,1,3.057548467148547,5.221601639623448,0.03692229928032535,20000,20000,20,,
walker2d-medium-replay-v2,1,rnn,18,37,2,3.170816012928473,5.344872660708459,0.037793957029655365,20000,20000,20,,
walker2d-medium-replay-v2,1,rnn,18,38,5,3.265310604165799,5.515863435455529,0.03900304439309531,20000,20000,20,,
walker2d-medium-replay-v2,1,rnn,18,39,5,3.4026275150433523,5.731432501248608,0.04052734787545866,20000,20000,20,,
walker2d-medium-replay-v2,1,rnn,18,40,4,3.511329265817518,5.993784076507679,0.04238245365466528,20000,20000,20,,
walker2d-medium-replay-v2,1,rnn,18,41,5,3.594563034811006,6.061373053951484,0.04286037989750507,20000,20000,20,,
walker2d-medium-replay-v2,1,rnn,18,42,3,3.6506034669123206,6.132108581749534,0.04336055561127318,20000,20000,20,,
walker2d-medium-replay-v2,1,rnn,18,43,4,3.749616463684865,6.203887316951548,0.04386810791533655,20000,20000,20,,
walker2d-medium-replay-v2,1,rnn,18,44,5,3.8393847095391496,6.245430886741715,0.04416186531446979,20000,20000,20,,
walker2d-medium-replay-v2,1,rnn,18,45,5,3.9375619494646505,6.293336782246793,0.04450061115017434,20000,20000,20,,
walker2d-medium-replay-v2,1,rnn,18,46,4,4.011482347937038,6.296379152659524,0.04452212395767158,20000,20000,20,,
walker2d-medium-replay-v2,1,rnn,18,47,2,4.12584981926208,6.563037399417188,0.046407682503088174,20000,20000,20,,
walker2d-medium-replay-v2,1,rnn,18,48,2,4.212427888835319,6.597495080048784,0.04665133509947379,20000,20000,20,,
walker2d-medium-replay-v2,1,rnn,18,49,4,4.2982309826902565,6.637841704963397,0.046936628820224924,20000,20000,20,,
walker2d-medium-replay-v2,1,rnn,18,50,4,4.401929867706007,6.708421098544152,0.047435700498354785,20000,20000,20,,
walker2d-medium-replay-v2,1,rnn,18,51,1,4.549185509633139,6.841001961058007,0.048373188767745864,20000,20000,20,,
walker2d-medium-replay-v2,1,rnn,18,52,5,4.652881125199581,7.016002050472531,0.04961062626707849,20000,20000,20,,
walker2d-medium-replay-v2,1,rnn,18,53,4,4.756250393149439,7.167821238633566,0.05068415004170753,20000,20000,20,,
walker2d-medium-replay-v2,1,rnn,18,54,5,4.846429074703212,7.130888793802646,0.050422998219850114,20000,20000,20,,
walker2d-medium-replay-v2,1,rnn,18,55,4,4.929862101939317,7.294267770647302,0.051578262044151876,20000,20000,20,,
walker2d-medium-replay-v2,1,rnn,18,56,5,5.004279324369847,7.2359390795173,0.05116581591379428,20000,20000,20,,
walker2d-medium-replay-v2,1,rnn,18,57,2,5.094846796168289,7.326211114309009,0.05180413559332153,20000,20000,20,,
walker2d-medium-replay-v2,1,rnn,18,58,1,5.218770569175326,7.401295810265131,0.05233506457006057,20000,20000,20,,
walker2d-medium-replay-v2,1,rnn,18,59,4,5.3179214645951385,7.566509069844648,0.053503298731966666,20000,20000,20,,
walker2d-medium-replay-v2,1,rnn,18,60,2,5.40662288031899,7.522980526864771,0.053195505452804256,20000,20000,20,,
walker2d-medium-replay-v2,1,rnn,18,61,3,5.548269261600007,7.676230890034505,0.054279149162970455,20000,20000,20,,
walker2d-medium-replay-v2,1,rnn,18,62,5,5.648867029816042,7.759057933319886,0.0548648248026977,20000,20000,20,,
walker2d-medium-replay-v2,1,rnn,18,63,1,5.773388523778938,7.848415667854769,0.05549667940310853,20000,20000,20,,
walker2d-medium-replay-v2,1,rnn,18,64,3,5.848601570771346,7.916801567534133,0.05598024073711674,20000,20000,20,,
walker2d-medium-replay-v2,1,rnn,18,65,4,5.9580985417347705,8.071931967479726,0.05707717831481384,20000,20000,20,,
walker2d-medium-replay-v2,1,rnn,18,66,5,6.08868929154356,8.218122385743184,0.058110900675799736,20000,20000,20,,
walker2d-medium-replay-v2,1,rnn,18,67,3,6.190980384632776,8.29575471309611,0.05865984412690522,20000,20000,20,,
walker2d-medium-replay-v2,1,rnn,18,68,5,6.299778226163901,8.382004586291178,0.05926972282903233,20000,20000,20,,
walker2d-medium-replay-v2,1,rnn,18,69,4,6.416882813249643,8.442349416672624,0.059696425216755056,20000,20000,20,,
walker2d-medium-replay-v2,1,rnn,18,70,3,6.491370746034521,8.477182205963667,0.05994273023190844,20000,20000,20,,
walker2d-medium-replay-v2,1,rnn,18,71,3,6.584731370855304,8.633942942326303,0.061051196028966616,20000,20000,20,,
walker2d-medium-replay-v2,1,rnn,18,72,3,6.680618699835279,8.629341494492312,0.0610186588792997,20000,20000,20,,
walker2d-medium-replay-v2,1,rnn,18,73,4,6.82356563576332,8.817029646368104,0.06234581452869713,20000,20000,20,,
walker2d-medium-replay-v2,1,rnn,18,74,4,7.00684917243043,9.055645453786106,0.06403308308393285,20000,20000,20,,
walker2d-medium-replay-v2,1,rnn,18,75,2,7.131257987542357,9.181043453348963,0.06491978084231409,20000,20000,20,,
walker2d-medium-replay-v2,1,rnn,18,76,1,7.296052034561253,9.411984722221508,0.06655278221507012,20000,20000,20,,
walker2d-medium-replay-v2,1,rnn,18,77,1,7.564730676459063,10.021572380275353,0.07086321788244512,20000,20000,20,,
walker2d-medium-replay-v2,1,rnn,18,78,1,7.832988108486358,10.919827524485846,0.07721484091951453,20000,20000,20,,
walker2d-medium-replay-v2,1,rnn,18,79,4,7.894739242476609,10.844861780591513,0.07668475306087075,20000,20000,20,,
walker2d-medium-replay-v2,1,rnn,18,80,4,7.979728355184704,11.003668228235114,0.07780768422112011,20000,20000,20,,
walker2d-medium-replay-v2,1,rnn,18,81,5,8.119464218585586,11.186609299573284,0.07910127294212764,20000,20000,20,,
walker2d-medium-replay-v2,1,rnn,18,82,5,8.244289654586114,11.414838180762393,0.08071509483764201,20000,20000,20,,
walker2d-medium-replay-v2,1,rnn,18,83,4,8.314708290901676,11.326914526682923,0.08009338071737908,20000,20000,20,,
walker2d-medium-replay-v2,1,rnn,18,84,2,8.444256708329288,11.533925612284383,0.08155717014147489,20000,20000,20,,
walker2d-medium-replay-v2,1,rnn,18,85,4,8.604567833183404,12.107763283149621,0.08561481522516594,20000,20000,20,,
walker2d-medium-replay-v2,1,rnn,18,86,4,8.748327552926526,12.48836175385275,0.08830605282060006,20000,20000,20,,
walker2d-medium-replay-v2,1,rnn,18,87,1,9.057153173834624,13.264951888146548,0.09379737432221721,20000,20000,20,,
walker2d-medium-replay-v2,1,rnn,18,88,5,9.147603853814712,13.018651023933195,0.09205576420924352,20000,20000,20,,
walker2d-medium-replay-v2,1,rnn,18,89,2,9.261693662146396,13.115118024225849,0.09273788890992013,20000,20000,20,,
walker2d-medium-replay-v2,1,rnn,18,90,4,9.405724715181577,13.268018943791734,0.09381906168066709,20000,20000,20,,
walker2d-medium-replay-v2,1,rnn,18,91,5,9.573248619779896,13.728036099560494,0.09707187418372948,20000,20000,20,,
walker2d-medium-replay-v2,1,rnn,18,92,5,9.704110505397097,14.001002914310563,0.09900204104121613,20000,20000,20,,
walker2d-medium-replay-v2,1,rnn,18,93,1,10.048288713631372,15.119522171626736,0.1069111665585762,20000,20000,20,,
walker2d-medium-replay-v2,1,rnn,18,94,4,10.178080193173294,16.05947689016342,0.11355765011343202,20000,20000,20,,
walker2d-medium-replay-v2,1,rnn,18,95,3,10.309204410815772,17.168036426522093,0.12139634976851435,20000,20000,20,,
walker2d-medium-replay-v2,1,rnn,18,96,2,10.59387158969725,18.94922379094054,0.13399124640795512,20000,20000,20,,
walker2d-medium-replay-v2,1,rnn,18,97,5,10.775137793610432,19.7119661805046,0.1393846495675469,20000,20000,20,,
walker2d-medium-replay-v2,1,rnn,18,98,1,11.232052130303995,22.024692809868103,0.15573809639408331,20000,20000,20,,
walker2d-medium-replay-v2,1,rnn,18,99,3,11.300916995377873,22.697285502150894,0.1604940449309801,20000,20000,20,,
walker2d-medium-replay-v2,1,rnn,18,100,4,11.412084314351706,23.24382056559045,0.1643586314261234,20000,20000,20,,
walker2d-medium-replay-v2,1,rnn,19,1,5,0.08041616874418184,0.2279292727467566,0.0016117033439014973,20000,20000,20,,
walker2d-medium-replay-v2,1,rnn,19,2,5,0.1294200682943593,0.3605020080115486,0.0025491341449633306,20000,20000,20,,
walker2d-medium-replay-v2,1,rnn,19,3,3,0.1745521477643457,0.4692641256485659,0.0033181984541367704,20000,20000,20,,
walker2d-medium-replay-v2,1,rnn,19,4,4,0.22662605314694256,0.6146969149899547,0.004346563569638477,20000,20000,20,,
walker2d-medium-replay-v2,1,rnn,19,5,4,0.2821024522841434,0.7487148815877663,0.005294213699459925,20000,20000,20,,
walker2d-medium-replay-v2,1,rnn,19,6,3,0.3444051297419021,0.9164295226153283,0.006480135299208491,20000,20000,20,,
walker2d-medium-replay-v2,1,rnn,19,7,3,0.41673708675435156,1.0926550407698552,0.007726237888260282,20000,20000,20,,
walker2d-medium-replay-v2,1,rnn,19,8,2,0.48842076072800117,1.3151123557341051,0.009299248647618009,20000,20000,20,,
walker2d-medium-replay-v2,1,rnn,19,9,5,0.5569795993423664,1.4322654444836407,0.010127646082535469,20000,20000,20,,
walker2d-medium-replay-v2,1,rnn,19,10,4,0.6380060427950751,1.62816626035971,0.011512874035994929,20000,20000,20,,
walker2d-medium-replay-v2,1,rnn,19,11,2,0.7110504102468967,1.7904763951453024,0.012660580005616878,20000,20000,20,,
walker2d-medium-replay-v2,1,rnn,19,12,1,0.8545030658404666,2.037632256161211,0.014408235858960363,20000,20000,20,,
walker2d-medium-replay-v2,1,rnn,19,13,4,0.8870641926192134,2.1209334923465017,0.014997264548838778,20000,20000,20,,
walker2d-medium-replay-v2,1,rnn,19,14,3,0.9688104444651348,2.2992432388489834,0.016258104857874368,20000,20000,20,,
walker2d-medium-replay-v2,1,rnn,19,15,4,1.0552436856197471,2.495207568522444,0.01764378192170217,20000,20000,20,,
walker2d-medium-replay-v2,1,rnn,19,16,4,1.126153828037972,2.580426160144188,0.018246368361891193,20000,20000,20,,
walker2d-medium-replay-v2,1,rnn,19,17,4,1.2094445188739804,2.771699779008245,0.01959887709149985,20000,20000,20,,
walker2d-medium-replay-v2,1,rnn,19,18,4,1.280584182412378,2.8863075319090847,0.020409276284027212,20000,20000,20,,
walker2d-medium-replay-v2,1,rnn,19,19,5,1.3382528923742556,3.048752252398647,0.021557933918288436,20000,20000,20,,
walker2d-medium-replay-v2,1,rnn,19,20,1,1.451778932932394,3.1234451791159588,0.022086092668173248,20000,20000,20,,
walker2d-medium-replay-v2,1,rnn,19,21,5,1.521217700278302,3.2604461157588975,0.023054835581464556,20000,20000,20,,
walker2d-medium-replay-v2,1,rnn,19,22,5,1.6233268549135376,3.483364065710155,0.02463110352205193,20000,20000,20,,
walker2d-medium-replay-v2,1,rnn,19,23,3,1.6997403420121107,3.520570635644971,0.02489419370110793,20000,20000,20,,
walker2d-medium-replay-v2,1,rnn,19,24,2,1.7675550737942483,3.6432425423470787,0.02576161507200937,20000,20000,20,,
walker2d-medium-replay-v2,1,rnn,19,25,3,1.831565113884932,3.7190784058249453,0.026297855605232734,20000,20000,20,,
walker2d-medium-replay-v2,1,rnn,19,26,3,1.9093164907955118,3.9125452196433432,0.02766587256508818,20000,20000,20,,
walker2d-medium-replay-v2,1,rnn,19,27,1,2.050999503089487,4.098676019148966,0.028982016070269175,20000,20000,20,,
walker2d-medium-replay-v2,1,rnn,19,28,3,2.1391062567702606,4.2551763076992675,0.03008864022318487,20000,20000,20,,
walker2d-medium-replay-v2,1,rnn,19,29,5,2.2383032649189665,4.501650113663272,0.031831473219004924,20000,20000,20,,
walker2d-medium-replay-v2,1,rnn,19,30,4,2.3268182203758903,4.52319194326099,0.031983796956882034,20000,20000,20,,
walker2d-medium-replay-v2,1,rnn,19,31,5,2.431712211958875,4.733158420333655,0.03346848415448135,20000,20000,20,,
walker2d-medium-replay-v2,1,rnn,19,32,2,2.5141208373227317,4.880073200838914,0.03450732852999936,20000,20000,20,,
walker2d-medium-replay-v2,1,rnn,19,33,4,2.593626299623208,5.022037194752441,0.03551116555780517,20000,20000,20,,
walker2d-medium-replay-v2,1,rnn,19,34,3,2.658195064143661,5.122963598857598,0.03622482300524047,20000,20000,20,,
walker2d-medium-replay-v2,1,rnn,19,35,3,2.7445527757278976,5.1669598629349975,0.03653592357200051,20000,20000,20,,
walker2d-medium-replay-v2,1,rnn,19,36,1,2.923789490122201,5.483357375202552,0.038773191836749925,20000,20000,20,,
walker2d-medium-replay-v2,1,rnn,19,37,3,3.027770545125597,5.6908774787483924,0.04024058056124791,20000,20000,20,,
walker2d-medium-replay-v2,1,rnn,19,38,2,3.125224298190119,5.806257956843993,0.041056443746027356,20000,20000,20,,
walker2d-medium-replay-v2,1,rnn,19,39,4,3.266696815795827,5.998453351512282,0.04241547041485508,20000,20000,20,,
walker2d-medium-replay-v2,1,rnn,19,40,5,3.37961186396712,6.1382329793767365,0.04340386164220195,20000,20000,20,,
walker2d-medium-replay-v2,1,rnn,19,41,5,3.5176714552417705,6.334855911453941,0.04479419572828769,20000,20000,20,,
walker2d-medium-replay-v2,1,rnn,19,42,5,3.5811980702677624,6.361679624844891,0.04498386802464114,20000,20000,20,,
walker2d-medium-replay-v2,1,rnn,19,43,2,3.6563924521068314,6.565101230763196,0.04642227599448805,20000,20000,20,,
walker2d-medium-replay-v2,1,rnn,19,44,2,3.7128753406376673,6.7815806140069785,0.04795301639327565,20000,20000,20,,
walker2d-medium-replay-v2,1,rnn,19,45,2,3.8091216878869636,7.20764861832066,0.05096577214424389,20000,20000,20,,
walker2d-medium-replay-v2,1,rnn,19,46,5,3.924573874809407,7.250352622619408,0.05126773505447853,20000,20000,20,,
walker2d-medium-replay-v2,1,rnn,19,47,3,4.036769521254624,7.399962690592421,0.052325637990453505,20000,20000,20,,
walker2d-medium-replay-v2,1,rnn,19,48,2,4.1990281770467375,7.748717355125403,0.05479170587307061,20000,20000,20,,
walker2d-medium-replay-v2,1,rnn,19,49,2,4.305478407248244,7.876723135413695,0.05569684342579988,20000,20000,20,,
walker2d-medium-replay-v2,1,rnn,19,50,4,4.382159635004359,7.939026187957174,0.05613739253522104,20000,20000,20,,
walker2d-medium-replay-v2,1,rnn,19,51,4,4.494510118944048,8.348473091091341,0.05903261935264105,20000,20000,20,,
walker2d-medium-replay-v2,1,rnn,19,52,3,4.623279251632864,8.606807033778072,0.06085931617948549,20000,20000,20,,
walker2d-medium-replay-v2,1,rnn,19,53,2,4.698199504554282,8.998011513004226,0.06362554958039915,20000,20000,20,,
walker2d-medium-replay-v2,1,rnn,19,54,3,4.7804921889582594,9.196928574190238,0.06503210560898243,20000,20000,20,,
walker2d-medium-replay-v2,1,rnn,19,55,5,4.86694481345786,9.310219421395868,0.06583319287203712,20000,20000,20,,
walker2d-medium-replay-v2,1,rnn,19,56,5,5.020319597413066,9.52943306668723,0.06738326742317857,20000,20000,20,,
walker2d-medium-replay-v2,1,rnn,19,57,4,5.125997995685431,9.786621421787192,0.06920186372251254,20000,20000,20,,
walker2d-medium-replay-v2,1,rnn,19,58,3,5.244802844276794,10.292000740396956,0.07277543515511656,20000,20000,20,,
walker2d-medium-replay-v2,1,rnn,19,59,2,5.37201812689516,11.023213577609166,0.07794589071195064,20000,20000,20,,
walker2d-medium-replay-v2,1,rnn,19,60,3,5.5164546337344635,11.229355321324068,0.0794035329606149,20000,20000,20,,
walker2d-medium-replay-v2,1,rnn,19,61,2,5.63344291878764,12.063487660841046,0.08530173929740946,20000,20000,20,,
walker2d-medium-replay-v2,1,rnn,19,62,5,5.708877216912973,12.452336097953625,0.08805131296477041,20000,20000,20,,
walker2d-medium-replay-v2,1,rnn,19,63,2,5.8494240485046936,13.728903961866497,0.09707801089694658,20000,20000,20,,
walker2d-medium-replay-v2,1,rnn,19,64,5,5.960116249558323,13.95176053430539,0.0986538448329819,20000,20000,20,,
walker2d-medium-replay-v2,1,rnn,19,65,5,6.074646288414568,14.009554497234676,0.09906250986397133,20000,20000,20,,
walker2d-medium-replay-v2,1,rnn,19,66,3,6.148037925090263,13.925165261323459,0.0984657878542516,20000,20000,20,,
walker2d-medium-replay-v2,1,rnn,19,67,2,6.2785299831187915,14.426034035230366,0.10200746491939325,20000,20000,20,,
walker2d-medium-replay-v2,1,rnn,19,68,4,6.391131596777936,14.615587832775052,0.10334781267582835,20000,20000,20,,
walker2d-medium-replay-v2,1,rnn,19,69,4,6.5223597933772295,15.15124528141944,0.10713548281912366,20000,20000,20,,
walker2d-medium-replay-v2,1,rnn,19,70,1,6.657024750584267,14.74080213220189,0.10423321147809075,20000,20000,20,,
walker2d-medium-replay-v2,1,rnn,19,71,1,6.820421396672484,14.365268594794676,0.10157778836945462,20000,20000,20,,
walker2d-medium-replay-v2,1,rnn,19,72,3,6.8910634839550955,14.738028838401197,0.10421360132956382,20000,20000,20,,
walker2d-medium-replay-v2,1,rnn,19,73,4,6.983621559524195,15.128587465623573,0.10697526786716233,20000,20000,20,,
walker2d-medium-replay-v2,1,rnn,19,74,3,7.126985554328767,14.707058230155976,0.10399460605848715,20000,20000,20,,
walker2d-medium-replay-v2,1,rnn,19,75,1,7.330204028552865,14.891048404252533,0.10529561305624083,20000,20000,20,,
walker2d-medium-replay-v2,1,rnn,19,76,5,7.391424076111243,14.548469041896285,0.10287321115407416,20000,20000,20,,
walker2d-medium-replay-v2,1,rnn,19,77,2,7.472046967989584,14.637154043295535,0.10350030881286365,20000,20000,20,,
walker2d-medium-replay-v2,1,rnn,19,78,3,7.621063416717459,14.654026212291104,0.10361961306396457,20000,20000,20,,
walker2d-medium-replay-v2,1,rnn,19,79,1,7.844714061403378,15.50984743276459,0.10967118294876606,20000,20000,20,,
walker2d-medium-replay-v2,1,rnn,19,80,1,8.118607979187088,16.759058594230194,0.11850443978282858,20000,20000,20,,
walker2d-medium-replay-v2,1,rnn,19,81,5,8.18255207193726,16.093620639076512,0.1137990828773478,20000,20000,20,,
walker2d-medium-replay-v2,1,rnn,19,82,2,8.349412272134792,17.019036639848082,0.12034276217298892,20000,20000,20,,
walker2d-medium-replay-v2,1,rnn,19,83,4,8.470427883386451,17.88264967337459,0.12644942849626573,20000,20000,20,,
walker2d-medium-replay-v2,1,rnn,19,84,1,8.679237633500772,19.005408147085173,0.13438852980021984,20000,20000,20,,
walker2d-medium-replay-v2,1,rnn,19,85,1,8.893113315083406,20.12845620532081,0.14232967877598784,20000,20000,20,,
walker2d-medium-replay-v2,1,rnn,19,86,3,8.936046975617392,20.202891353845814,0.14285601475879445,20000,20000,20,,
walker2d-medium-replay-v2,1,rnn,19,87,1,9.309295409132067,21.42661508550246,0.15150904824832764,20000,20000,20,,
walker2d-medium-replay-v2,1,rnn,19,88,3,9.368830655423467,21.45700845457972,0.15172396182210404,20000,20000,20,,
walker2d-medium-replay-v2,1,rnn,19,89,2,9.4707553977881,21.57281784052671,0.1525428578433857,20000,20000,20,,
walker2d-medium-replay-v2,1,rnn,19,90,2,9.649868085932502,21.859620544457155,0.15457085921150424,20000,20000,20,,
walker2d-medium-replay-v2,1,rnn,19,91,1,9.998435249632436,23.257726257133008,0.1644569595139917,20000,20000,20,,
walker2d-medium-replay-v2,1,rnn,19,92,4,10.091709066240774,23.226222932635324,0.16423419737016937,20000,20000,20,,
walker2d-medium-replay-v2,1,rnn,19,93,1,10.484359161191572,25.687884899891483,0.18164077607052784,20000,20000,20,,
walker2d-medium-replay-v2,1,rnn,19,94,4,10.550526213182371,25.1989929437862,0.17818378789623185,20000,20000,20,,
walker2d-medium-replay-v2,1,rnn,19,95,2,10.760578938368619,25.87152684405298,0.1829393207107966,20000,20000,20,,
walker2d-medium-replay-v2,1,rnn,19,96,1,11.176611330595412,29.04193351925214,0.20535748130232082,20000,20000,20,,
walker2d-medium-replay-v2,1,rnn,19,97,2,11.329115827595011,29.733472465438226,0.21024740008534862,20000,20000,20,,
walker2d-medium-replay-v2,1,rnn,19,98,2,11.467266462638223,31.04330338997093,0.21950930337479782,20000,20000,20,,
walker2d-medium-replay-v2,1,rnn,19,99,5,11.684302024295484,31.453183444617444,0.22240759303593446,20000,20000,20,,
walker2d-medium-replay-v2,1,rnn,19,100,4,11.902325998840542,30.381526589814616,0.21482983474457318,20000,20000,20,,
