task,seed,model,repeat,rollout_length,backtrack_k,error_mean,error_std,error_sem,n_windows,n_samples,rollout_repeats,repeat_mean_std,repeat_mean_sem
walker2d-medium-replay-v2,2,adm,0,1,4,0.3396890367212294,0.8252455860609669,0.005835367500479763,20000,20000,20,,
walker2d-medium-replay-v2,2,adm,0,2,2,0.25814045547370623,0.7227783842498018,0.00511081496798091,20000,20000,20,,
walker2d-medium-replay-v2,2,adm,0,3,2,0.5427115455974773,1.3929837446567142,0.009849882519293928,20000,20000,20,,
walker2d-medium-replay-v2,2,adm,0,4,1,0.7137511855356864,1.7207582224515683,0.012167598078780135,20000,20000,20,,
walker2d-medium-replay-v2,2,adm,0,5,4,0.6145187916780063,1.481925234974692,0.010478793828620726,20000,20000,20,,
walker2d-medium-replay-v2,2,adm,0,6,2,0.8273650134487117,1.9513091236713023,0.013797839135391572,20000,20000,20,,
walker2d-medium-replay-v2,2,adm,0,7,2,0.821530520745558,1.9632639613587217,0.01388237260335916,20000,20000,20,,
walker2d-medium-replay-v2,2,adm,0,8,1,0.9709920389258409,2.2330850195183185,0.01579029560267497,20000,20000,20,,
walker2d-medium-replay-v2,2,adm,0,9,1,1.0929500378304289,2.4382871539984623,0.017241293810723604,20000,20000,20,,
walker2d-medium-replay-v2,2,adm,0,10,5,0.9401275404280708,2.2193050589968624,0.015692856567382923,20000,20000,20,,
walker2d-medium-replay-v2,2,adm,0,11,4,1.0245820539372579,2.3736565850757656,0.01678428667515177,20000,20000,20,,
walker2d-medium-replay-v2,2,adm,0,12,4,1.111321406994917,2.4548247894016457,0.01735823255210742,20000,20000,20,,
walker2d-medium-replay-v2,2,adm,0,13,4,1.2056366312579025,2.609507578083476,0.0184520050402051,20000,20000,20,,
walker2d-medium-replay-v2,2,adm,0,14,5,1.272885745974479,2.7575392347589323,0.01949874692286004,20000,20000,20,,
walker2d-medium-replay-v2,2,adm,0,15,4,1.2190984741029192,2.6239476629168648,0.018554111859271083,20000,20000,20,,
walker2d-medium-replay-v2,2,adm,0,16,1,1.3833908502393584,2.8528223762096014,0.02017250047738529,20000,20000,20,,
walker2d-medium-replay-v2,2,adm,0,17,5,1.3799922182092637,2.9132557088835815,0.02059982867082003,20000,20000,20,,
walker2d-medium-replay-v2,2,adm,0,18,2,1.5085666681487164,3.081380289530224,0.021788648981413885,20000,20000,20,,
walker2d-medium-replay-v2,2,adm,0,19,2,1.5913684372858332,3.243069667240416,0.022931965535660983,20000,20000,20,,
walker2d-medium-replay-v2,2,adm,0,20,4,1.563577907342009,3.0930654411819667,0.02187127548113529,20000,20000,20,,
walker2d-medium-replay-v2,2,adm,0,21,2,1.70190663265553,3.3781651299956232,0.0238872347138784,20000,20000,20,,
walker2d-medium-replay-v2,2,adm,0,22,1,1.8359567803262464,3.5397852955066775,0.025030061863971987,20000,20000,20,,
walker2d-medium-replay-v2,2,adm,0,23,5,1.7271027656067555,3.3226410941355518,0.023494620491123382,20000,20000,20,,
walker2d-medium-replay-v2,2,adm,0,24,3,1.8833367213458139,3.5250797105910157,0.024926077675820196,20000,20000,20,,
walker2d-medium-replay-v2,2,adm,0,25,2,1.9406869471416397,3.677109847120919,0.026001093080670307,20000,20000,20,,
walker2d-medium-replay-v2,2,adm,0,26,4,2.0223088684922783,3.7543796900800226,0.026547473380046326,20000,20000,20,,
walker2d-medium-replay-v2,2,adm,0,27,5,2.0512030123840552,3.7366402548540973,0.02642203663061961,20000,20000,20,,
walker2d-medium-replay-v2,2,adm,0,28,5,2.064609140165721,3.795741809652121,0.026839947732383122,20000,20000,20,,
walker2d-medium-replay-v2,2,adm,0,29,3,2.2555772924102238,4.082624241106819,0.02886851285923214,20000,20000,20,,
walker2d-medium-replay-v2,2,adm,0,30,1,2.421057402553787,4.23988712290538,0.029980529360719148,20000,20000,20,,
walker2d-medium-replay-v2,2,adm,0,31,3,2.3367971802058674,4.26418008543208,0.03015230654609655,20000,20000,20,,
walker2d-medium-replay-v2,2,adm,0,32,4,2.3544157424577157,4.1961750339697765,0.029671438215657202,20000,20000,20,,
walker2d-medium-replay-v2,2,adm,0,33,1,2.540197293432834,4.3316058869056215,0.030629078960585344,20000,20000,20,,
walker2d-medium-replay-v2,2,adm,0,34,3,2.570903420634521,4.454743765766518,0.03149979525222002,20000,20000,20,,
walker2d-medium-replay-v2,2,adm,0,35,1,2.721509937039018,4.601305373174083,0.03253614231681491,20000,20000,20,,
walker2d-medium-replay-v2,2,adm,0,36,2,2.7761191213611403,4.735735682644724,0.033486708151051876,20000,20000,20,,
walker2d-medium-replay-v2,2,adm,0,37,2,2.8950055273895505,4.838761925728933,0.03421521370230206,20000,20000,20,,
walker2d-medium-replay-v2,2,adm,0,38,5,2.8206335583142588,4.764314078313441,0.0336887879247797,20000,20000,20,,
walker2d-medium-replay-v2,2,adm,0,39,1,3.053697851246314,5.0315125098790565,0.03557816615360426,20000,20000,20,,
walker2d-medium-replay-v2,2,adm,0,40,5,2.992951917051399,4.930812875557015,0.03486611221068305,20000,20000,20,,
walker2d-medium-replay-v2,2,adm,0,41,2,3.212403034480462,5.206663557855656,0.0368166710911661,20000,20000,20,,
walker2d-medium-replay-v2,2,adm,0,42,4,3.1163179778702994,4.9839506016046355,0.035241852674934106,20000,20000,20,,
walker2d-medium-replay-v2,2,adm,0,43,2,3.375146659121983,5.375979374717113,0.038013914713814864,20000,20000,20,,
walker2d-medium-replay-v2,2,adm,0,44,5,3.2458176078493164,5.069227334407403,0.03584485023535681,20000,20000,20,,
walker2d-medium-replay-v2,2,adm,0,45,5,3.3112688455845243,5.149847589281781,0.036414921524583414,20000,20000,20,,
walker2d-medium-replay-v2,2,adm,0,46,1,3.520332323459311,5.315537783686772,0.03758652812498228,20000,20000,20,,
walker2d-medium-replay-v2,2,adm,0,47,1,3.6950272117703347,5.579982205386805,0.03945643256329276,20000,20000,20,,
walker2d-medium-replay-v2,2,adm,0,48,5,3.589530744676075,5.42721116170291,0.03837617815371448,20000,20000,20,,
walker2d-medium-replay-v2,2,adm,0,49,3,3.689898691019408,5.56227743158747,0.039331240907163924,20000,20000,20,,
walker2d-medium-replay-v2,2,adm,0,50,3,3.830925731642798,5.788265950422574,0.040929221048549985,20000,20000,20,,
walker2d-medium-replay-v2,2,adm,0,51,4,3.8224607625791416,5.702329417880773,0.040321557999430324,20000,20000,20,,
walker2d-medium-replay-v2,2,adm,0,52,3,3.939002770055554,5.8142438061972275,0.04111291222833942,20000,20000,20,,
walker2d-medium-replay-v2,2,adm,0,53,1,4.11416115381869,5.953367227259954,0.042096663372892675,20000,20000,20,,
walker2d-medium-replay-v2,2,adm,0,54,1,4.325555699789858,6.27373981341853,0.044362039654682675,20000,20000,20,,
walker2d-medium-replay-v2,2,adm,0,55,5,4.087387339423056,5.832321479352671,0.0412407406811023,20000,20000,20,,
walker2d-medium-replay-v2,2,adm,0,56,2,4.378075204497244,6.189406385928289,0.04376571227009215,20000,20000,20,,
walker2d-medium-replay-v2,2,adm,0,57,1,4.568254506234924,6.4316881143606,0.04547890280141299,20000,20000,20,,
walker2d-medium-replay-v2,2,adm,0,58,5,4.35526028630913,6.126938807282592,0.04332399978544538,20000,20000,20,,
walker2d-medium-replay-v2,2,adm,0,59,3,4.591435082102985,6.369868463703113,0.04504177185950806,20000,20000,20,,
walker2d-medium-replay-v2,2,adm,0,60,3,4.681682794926051,6.423903019201916,0.04542385386562411,20000,20000,20,,
walker2d-medium-replay-v2,2,adm,0,61,1,4.878554743390695,6.549114762740881,0.04630923459503004,20000,20000,20,,
walker2d-medium-replay-v2,2,adm,0,62,3,4.833858761097451,6.558693219846591,0.046376964514757556,20000,20000,20,,
walker2d-medium-replay-v2,2,adm,0,63,3,4.942613281868965,6.666300712291363,0.04713786439089935,20000,20000,20,,
walker2d-medium-replay-v2,2,adm,0,64,5,4.869118048548734,6.524496484667911,0.04613515708136471,20000,20000,20,,
walker2d-medium-replay-v2,2,adm,0,65,2,5.164796106454369,6.988899134451714,0.049418979709995994,20000,20000,20,,
walker2d-medium-replay-v2,2,adm,0,66,5,5.005262107650038,6.66973467870914,0.04716214620030311,20000,20000,20,,
walker2d-medium-replay-v2,2,adm,0,67,2,5.350579543228098,7.1238394398697045,0.05037315176016044,20000,20000,20,,
walker2d-medium-replay-v2,2,adm,0,68,2,5.358592257223982,7.022030805657889,0.04965325600381529,20000,20000,20,,
walker2d-medium-replay-v2,2,adm,0,69,4,5.310560238277896,6.88548895427814,0.048687759313551425,20000,20000,20,,
walker2d-medium-replay-v2,2,adm,0,70,2,5.532522508127293,7.144905447213662,0.05052211092661482,20000,20000,20,,
walker2d-medium-replay-v2,2,adm,0,71,4,5.50056811232495,7.018204860972325,0.04962620248949922,20000,20000,20,,
walker2d-medium-replay-v2,2,adm,0,72,3,5.613096536985873,7.086589881420998,0.050109757606407596,20000,20000,20,,
walker2d-medium-replay-v2,2,adm,0,73,2,5.846310226968844,7.305160879932036,0.051655287958586295,20000,20000,20,,
walker2d-medium-replay-v2,2,adm,0,74,4,5.765138149753699,7.105925092210566,0.050246478193057345,20000,20000,20,,
walker2d-medium-replay-v2,2,adm,0,75,1,6.051507653090043,7.4871906510046005,0.05294243281361874,20000,20000,20,,
walker2d-medium-replay-v2,2,adm,0,76,4,5.866762355883775,7.222797474757936,0.051072890735384076,20000,20000,20,,
walker2d-medium-replay-v2,2,adm,0,77,4,6.036226039792402,7.395958510978725,0.05229732416487417,20000,20000,20,,
walker2d-medium-replay-v2,2,adm,0,78,2,6.19748262627407,7.577807489927035,0.053583190626536166,20000,20000,20,,
walker2d-medium-replay-v2,2,adm,0,79,4,6.1846618343083914,7.433159190389362,0.05256037269163425,20000,20000,20,,
walker2d-medium-replay-v2,2,adm,0,80,2,6.437796518758081,7.808782495730292,0.05521643055541702,20000,20000,20,,
walker2d-medium-replay-v2,2,adm,0,81,4,6.318267212417728,7.558477060016893,0.05344650384580904,20000,20000,20,,
walker2d-medium-replay-v2,2,adm,0,82,1,6.592695870334963,7.827734879507974,0.05535044414630551,20000,20000,20,,
walker2d-medium-replay-v2,2,adm,0,83,3,6.617550445808757,7.935460514162718,0.056112179414025444,20000,20000,20,,
walker2d-medium-replay-v2,2,adm,0,84,1,6.839638624706733,8.027910173767932,0.0567658972262778,20000,20000,20,,
walker2d-medium-replay-v2,2,adm,0,85,1,7.110710818349099,8.32488151635406,0.05886580172788504,20000,20000,20,,
walker2d-medium-replay-v2,2,adm,0,86,3,6.915613671429436,8.089908555077713,0.05720429198474515,20000,20000,20,,
walker2d-medium-replay-v2,2,adm,0,87,2,7.265090862164046,8.459226907113491,0.05981576709615654,20000,20000,20,,
walker2d-medium-replay-v2,2,adm,0,88,1,7.420271828588233,8.625002192268777,0.060987975379020905,20000,20000,20,,
walker2d-medium-replay-v2,2,adm,0,89,1,7.703205873028146,8.966008061228601,0.06339925100267993,20000,20000,20,,
walker2d-medium-replay-v2,2,adm,0,90,5,7.1442349657145705,8.107432796338841,0.05732820708305408,20000,20000,20,,
walker2d-medium-replay-v2,2,adm,0,91,1,7.499860210691737,8.431821340868442,0.05962198047881523,20000,20000,20,,
walker2d-medium-replay-v2,2,adm,0,92,2,7.648753054120003,8.675121125369952,0.06134236975363766,20000,20000,20,,
walker2d-medium-replay-v2,2,adm,0,93,4,7.688369211901298,8.559921410941847,0.06052778476100899,20000,20000,20,,
walker2d-medium-replay-v2,2,adm,0,94,2,7.8801622452478854,8.75541854234033,0.06191015823415284,20000,20000,20,,
walker2d-medium-replay-v2,2,adm,0,95,1,8.044079506128284,8.91729626497716,0.06305480658814823,20000,20000,20,,
walker2d-medium-replay-v2,2,adm,0,96,2,8.089357469708272,8.94486414808184,0.06324974095901098,20000,20000,20,,
walker2d-medium-replay-v2,2,adm,0,97,5,7.7882613694272225,8.453510544474241,0.05977534630829719,20000,20000,20,,
walker2d-medium-replay-v2,2,adm,0,98,5,7.992394993006754,8.587265342860288,0.060721135557847326,20000,20000,20,,
walker2d-medium-replay-v2,2,adm,0,99,4,8.116821575440357,8.73551908375316,0.06176944781306356,20000,20000,20,,
walker2d-medium-replay-v2,2,adm,0,100,1,8.456254583236392,9.05859396346744,0.06405393219583351,20000,20000,20,,
walker2d-medium-replay-v2,2,adm,1,1,4,0.3446110715877793,0.829885994649364,0.005868180144283082,20000,20000,20,,
walker2d-medium-replay-v2,2,adm,1,2,5,0.4262006855661963,0.985548588942294,0.006968880904299294,20000,20000,20,,
walker2d-medium-replay-v2,2,adm,1,3,3,0.2808962858972431,0.7331244032152819,0.005183972369668666,20000,20000,20,,
walker2d-medium-replay-v2,2,adm,1,4,1,0.4677707609255876,1.1244928174416031,0.00795136496608524,20000,20000,20,,
walker2d-medium-replay-v2,2,adm,1,5,4,0.6108515971739874,1.4572418713930655,0.010304256090910114,20000,20000,20,,
walker2d-medium-replay-v2,2,adm,1,6,1,0.8050814399643912,1.8553856155965591,0.013119557505043039,20000,20000,20,,
walker2d-medium-replay-v2,2,adm,1,7,1,0.9508387305984352,2.194195458538547,0.015515304879813325,20000,20000,20,,
walker2d-medium-replay-v2,2,adm,1,8,3,0.8438985755092085,2.0606553080862997,0.014571033420358767,20000,20000,20,,
walker2d-medium-replay-v2,2,adm,1,9,5,0.7410240660378689,1.7868023058756253,0.012634600271244143,20000,20000,20,,
walker2d-medium-replay-v2,2,adm,1,10,5,0.9250395393231081,2.173673231360855,0.015370190819789357,20000,20000,20,,
walker2d-medium-replay-v2,2,adm,1,11,3,1.0261334714612271,2.4341281672571586,0.017211885333447197,20000,20000,20,,
walker2d-medium-replay-v2,2,adm,1,12,5,1.1175807907106756,2.4602934743122566,0.017396901993952076,20000,20000,20,,
walker2d-medium-replay-v2,2,adm,1,13,1,1.2925637563286323,2.7757839511939455,0.019627756549980276,20000,20000,20,,
walker2d-medium-replay-v2,2,adm,1,14,1,1.4437743467297035,3.155318836375453,0.02231147346006729,20000,20000,20,,
walker2d-medium-replay-v2,2,adm,1,15,2,1.4249469959195815,3.082800673148163,0.021798692610295194,20000,20000,20,,
walker2d-medium-replay-v2,2,adm,1,16,5,1.290928827675202,2.7960095259305078,0.01977077296047646,20000,20000,20,,
walker2d-medium-replay-v2,2,adm,1,17,1,1.4383719783804827,2.9451250379981984,0.020825178858108143,20000,20000,20,,
walker2d-medium-replay-v2,2,adm,1,18,4,1.5397471097199873,3.1259126435553766,0.022103540276547737,20000,20000,20,,
walker2d-medium-replay-v2,2,adm,1,19,1,1.6748266270208303,3.2846387031665305,0.02322590300756841,20000,20000,20,,
walker2d-medium-replay-v2,2,adm,1,20,4,1.4993484932978098,3.045786811948679,0.021536965087774668,20000,20000,20,,
walker2d-medium-replay-v2,2,adm,1,21,1,1.6841349665255512,3.3252566216592103,0.023513115063606975,20000,20000,20,,
walker2d-medium-replay-v2,2,adm,1,22,3,1.8528571813335064,3.589310021409885,0.025380254559197617,20000,20000,20,,
walker2d-medium-replay-v2,2,adm,1,23,5,1.8453131193334695,3.560866182488737,0.0251791262453564,20000,20000,20,,
walker2d-medium-replay-v2,2,adm,1,24,5,1.9074054388656547,3.560093443751011,0.025173662157341088,20000,20000,20,,
walker2d-medium-replay-v2,2,adm,1,25,5,1.811116173044908,3.4376294624710337,0.024307711041199342,20000,20000,20,,
walker2d-medium-replay-v2,2,adm,1,26,4,2.0243761234531243,3.670355242760074,0.025953330815192452,20000,20000,20,,
walker2d-medium-replay-v2,2,adm,1,27,1,2.22049420471905,3.9433076442630424,0.027883395755631472,20000,20000,20,,
walker2d-medium-replay-v2,2,adm,1,28,4,2.161147365464652,3.895560265109687,0.02754577079979924,20000,20000,20,,
walker2d-medium-replay-v2,2,adm,1,29,5,2.215308489283647,3.9938245454642542,0.02824060418967055,20000,20000,20,,
walker2d-medium-replay-v2,2,adm,1,30,5,2.148122870884853,3.9059377862611733,0.02761915095558047,20000,20000,20,,
walker2d-medium-replay-v2,2,adm,1,31,2,2.4639747937161802,4.397465365592501,0.031094775800434373,20000,20000,20,,
walker2d-medium-replay-v2,2,adm,1,32,3,2.458477654101741,4.3249967368592115,0.030582345212428384,20000,20000,20,,
walker2d-medium-replay-v2,2,adm,1,33,1,2.639988835926437,4.524456046971194,0.031992735519938115,20000,20000,20,,
walker2d-medium-replay-v2,2,adm,1,34,5,2.551502841028354,4.359772352168117,0.030828245946477005,20000,20000,20,,
walker2d-medium-replay-v2,2,adm,1,35,2,2.7885903470961386,4.704669992930698,0.03326704055246163,20000,20000,20,,
walker2d-medium-replay-v2,2,adm,1,36,4,2.7075040574697122,4.570645209393369,0.03231934221959858,20000,20000,20,,
walker2d-medium-replay-v2,2,adm,1,37,1,2.906450043459761,4.761984657739584,0.0336723164339396,20000,20000,20,,
walker2d-medium-replay-v2,2,adm,1,38,3,3.014940389651174,4.960993914986958,0.03507952438712477,20000,20000,20,,
walker2d-medium-replay-v2,2,adm,1,39,2,3.100081099232634,5.021175892460237,0.03550507523089048,20000,20000,20,,
walker2d-medium-replay-v2,2,adm,1,40,5,3.103905634059893,5.0642619881878534,0.03580973993552899,20000,20000,20,,
walker2d-medium-replay-v2,2,adm,1,41,3,3.245457493850457,5.250392196526655,0.0371258792605293,20000,20000,20,,
walker2d-medium-replay-v2,2,adm,1,42,1,3.3756781699399356,5.296392448430943,0.037451150161107415,20000,20000,20,,
walker2d-medium-replay-v2,2,adm,1,43,2,3.4352486038441987,5.45385664419199,0.038564590167274634,20000,20000,20,,
walker2d-medium-replay-v2,2,adm,1,44,4,3.336837644574077,5.243611774835585,0.037077934438958696,20000,20000,20,,
walker2d-medium-replay-v2,2,adm,1,45,1,3.523893918587439,5.389564200642766,0.03810997393914754,20000,20000,20,,
walker2d-medium-replay-v2,2,adm,1,46,5,3.4986974680237473,5.430339165683129,0.03839829648197439,20000,20000,20,,
walker2d-medium-replay-v2,2,adm,1,47,2,3.702561080907985,5.611362105844585,0.03967832196735931,20000,20000,20,,
walker2d-medium-replay-v2,2,adm,1,48,2,3.781790287095411,5.763838254351833,0.040756491153146134,20000,20000,20,,
walker2d-medium-replay-v2,2,adm,1,49,5,3.6654052481629797,5.45592023133681,0.03857918193191135,20000,20000,20,,
walker2d-medium-replay-v2,2,adm,1,50,5,3.762839233029577,5.519553386949544,0.03902913629033198,20000,20000,20,,
walker2d-medium-replay-v2,2,adm,1,51,2,3.9728808493058483,5.8693430562092255,0.041502522761557185,20000,20000,20,,
walker2d-medium-replay-v2,2,adm,1,52,2,4.079514806104685,5.981527472198859,0.042295786374454414,20000,20000,20,,
walker2d-medium-replay-v2,2,adm,1,53,2,4.122804289830021,6.026106396001055,0.04261100696763972,20000,20000,20,,
walker2d-medium-replay-v2,2,adm,1,54,5,4.006481576614795,5.708038288896891,0.040361925813514485,20000,20000,20,,
walker2d-medium-replay-v2,2,adm,1,55,4,4.128559857678218,5.882470069044485,0.04159534475948254,20000,20000,20,,
walker2d-medium-replay-v2,2,adm,1,56,3,4.312595435013978,6.113543433115144,0.04322928018634204,20000,20000,20,,
walker2d-medium-replay-v2,2,adm,1,57,3,4.310783475246669,6.0817226724106455,0.04300427342957539,20000,20000,20,,
walker2d-medium-replay-v2,2,adm,1,58,2,4.562127635969176,6.433471205839853,0.04549151116217755,20000,20000,20,,
walker2d-medium-replay-v2,2,adm,1,59,2,4.560129985048328,6.399096735800516,0.04524844695353246,20000,20000,20,,
walker2d-medium-replay-v2,2,adm,1,60,1,4.727454791251928,6.444585313561251,0.04557009977154393,20000,20000,20,,
walker2d-medium-replay-v2,2,adm,1,61,2,4.762204749809436,6.47976256025161,0.045818840468326176,20000,20000,20,,
walker2d-medium-replay-v2,2,adm,1,62,2,4.874302019028158,6.5599792613176335,0.046386058201208176,20000,20000,20,,
walker2d-medium-replay-v2,2,adm,1,63,4,4.762101221786517,6.399452883056995,0.04525096529493403,20000,20000,20,,
walker2d-medium-replay-v2,2,adm,1,64,3,4.92438295842601,6.5581944203365214,0.04637343746959734,20000,20000,20,,
walker2d-medium-replay-v2,2,adm,1,65,2,5.084736658660893,6.744111973288773,0.0476880730939388,20000,20000,20,,
walker2d-medium-replay-v2,2,adm,1,66,2,5.225543767088402,6.874577779832443,0.04861060565913881,20000,20000,20,,
walker2d-medium-replay-v2,2,adm,1,67,5,5.100201509359399,6.610514923238436,0.046743399293567675,20000,20000,20,,
walker2d-medium-replay-v2,2,adm,1,68,2,5.437217689250558,7.14135686544277,0.050497018664276895,20000,20000,20,,
walker2d-medium-replay-v2,2,adm,1,69,5,5.245891762801491,6.776636006502945,0.04791805273831157,20000,20000,20,,
walker2d-medium-replay-v2,2,adm,1,70,3,5.461292881876994,7.033303726395587,0.04973296759078934,20000,20000,20,,
walker2d-medium-replay-v2,2,adm,1,71,4,5.452581213388399,6.943644965594329,0.04909898441323581,20000,20000,20,,
walker2d-medium-replay-v2,2,adm,1,72,1,5.730467511058682,7.27211876726014,0.05142164493923601,20000,20000,20,,
walker2d-medium-replay-v2,2,adm,1,73,3,5.741032127540351,7.2148949170890395,0.05101701121422013,20000,20000,20,,
walker2d-medium-replay-v2,2,adm,1,74,1,5.950922573108925,7.394350780017493,0.05228595579022406,20000,20000,20,,
walker2d-medium-replay-v2,2,adm,1,75,3,5.841164077442709,7.259207173144359,0.05133034618168404,20000,20000,20,,
walker2d-medium-replay-v2,2,adm,1,76,3,5.924622671069967,7.311209496077525,0.051698058133518986,20000,20000,20,,
walker2d-medium-replay-v2,2,adm,1,77,5,5.943317726831631,7.264139445236458,0.05136522261211384,20000,20000,20,,
walker2d-medium-replay-v2,2,adm,1,78,2,6.243605220217902,7.650633043273319,0.05409814505268437,20000,20000,20,,
walker2d-medium-replay-v2,2,adm,1,79,2,6.295603761807712,7.647224531300057,0.05407404323338388,20000,20000,20,,
walker2d-medium-replay-v2,2,adm,1,80,5,6.161285029657928,7.390453552432191,0.05225839822969012,20000,20000,20,,
walker2d-medium-replay-v2,2,adm,1,81,1,6.498873691133793,7.785521419066636,0.055051949904951304,20000,20000,20,,
walker2d-medium-replay-v2,2,adm,1,82,3,6.469655879861629,7.76901991594246,0.05493526665736254,20000,20000,20,,
walker2d-medium-replay-v2,2,adm,1,83,3,6.552025855899229,7.77966635358407,0.05501054833988117,20000,20000,20,,
walker2d-medium-replay-v2,2,adm,1,84,5,6.5420047802668435,7.619098176914155,0.0538751598742206,20000,20000,20,,
walker2d-medium-replay-v2,2,adm,1,85,2,6.885161301385159,8.080403726168864,0.0571370826949905,20000,20000,20,,
walker2d-medium-replay-v2,2,adm,1,86,5,6.700831575871175,7.717950187406379,0.05457414914375036,20000,20000,20,,
walker2d-medium-replay-v2,2,adm,1,87,3,6.91879822978553,8.006296500603295,0.056613065477667146,20000,20000,20,,
walker2d-medium-replay-v2,2,adm,1,88,4,6.865337379143872,7.848836682440614,0.055499656425794824,20000,20000,20,,
walker2d-medium-replay-v2,2,adm,1,89,4,7.10104288107562,8.098494297753291,0.057265002353419386,20000,20000,20,,
walker2d-medium-replay-v2,2,adm,1,90,5,7.112599307381737,8.054813010129703,0.056956129006523394,20000,20000,20,,
walker2d-medium-replay-v2,2,adm,1,91,4,7.125621973916259,8.11799614178894,0.057402901215051885,20000,20000,20,,
walker2d-medium-replay-v2,2,adm,1,92,3,7.314205639733441,8.302285035163727,0.05870602047707866,20000,20000,20,,
walker2d-medium-replay-v2,2,adm,1,93,3,7.422089227562089,8.333961634523424,0.05893000785920037,20000,20000,20,,
walker2d-medium-replay-v2,2,adm,1,94,2,7.684051348312164,8.565711561223948,0.06056872730629462,20000,20000,20,,
walker2d-medium-replay-v2,2,adm,1,95,1,7.927535414953683,8.882685211944745,0.06281006948511594,20000,20000,20,,
walker2d-medium-replay-v2,2,adm,1,96,1,8.199312899079583,9.259257227392624,0.06547283574239875,20000,20000,20,,
walker2d-medium-replay-v2,2,adm,1,97,1,8.464151927032962,9.82855673576247,0.06949839117134361,20000,20000,20,,
walker2d-medium-replay-v2,2,adm,1,98,4,7.830446193169888,8.458937403386805,0.059813719995673365,20000,20000,20,,
walker2d-medium-replay-v2,2,adm,1,99,4,7.990390788804153,8.59860622619362,0.060801327712943776,20000,20000,20,,
walker2d-medium-replay-v2,2,adm,1,100,4,8.132530629482506,8.75845194790959,0.06193160765063397,20000,20000,20,,
walker2d-medium-replay-v2,2,adm,2,1,1,0.2664590658310612,0.6753825286799082,0.00477567565924481,20000,20000,20,,
walker2d-medium-replay-v2,2,adm,2,2,3,0.28621447973768355,0.7292831179561681,0.005156810381116752,20000,20000,20,,
walker2d-medium-replay-v2,2,adm,2,3,5,0.4229429777947451,0.985417581950687,0.006967954544977811,20000,20000,20,,
walker2d-medium-replay-v2,2,adm,2,4,1,0.6025244996630986,1.406239269902153,0.009943613237186321,20000,20000,20,,
walker2d-medium-replay-v2,2,adm,2,5,5,0.4203551776198852,0.9782028683662114,0.006916938815978798,20000,20000,20,,
walker2d-medium-replay-v2,2,adm,2,6,5,0.5604179927199642,1.3592101943671813,0.009611067454949192,20000,20000,20,,
walker2d-medium-replay-v2,2,adm,2,7,3,0.7440073391469371,1.7424206765441543,0.012320774760640234,20000,20000,20,,
walker2d-medium-replay-v2,2,adm,2,8,2,0.7697575022815272,1.8920307629622912,0.013378677827041933,20000,20000,20,,
walker2d-medium-replay-v2,2,adm,2,9,3,0.7705987417651189,1.8462034869588548,0.01305463005078856,20000,20000,20,,
walker2d-medium-replay-v2,2,adm,2,10,1,0.9036610550463527,1.9913374865010351,0.01408088240335857,20000,20000,20,,
walker2d-medium-replay-v2,2,adm,2,11,1,1.0444534594208612,2.3485949630895653,0.016607074246612008,20000,20000,20,,
walker2d-medium-replay-v2,2,adm,2,12,1,1.1852852941233119,2.6391055758605835,0.01866129448958247,20000,20000,20,,
walker2d-medium-replay-v2,2,adm,2,13,3,1.0507871876076778,2.3934409564359154,0.016924183306654517,20000,20000,20,,
walker2d-medium-replay-v2,2,adm,2,14,4,1.0861911369381414,2.4309189028056584,0.017189192406884428,20000,20000,20,,
walker2d-medium-replay-v2,2,adm,2,15,3,1.2664870204799987,2.7514037792825583,0.01945536270112992,20000,20000,20,,
walker2d-medium-replay-v2,2,adm,2,16,4,1.3063496075756964,2.8694298268459373,0.02028993288701703,20000,20000,20,,
walker2d-medium-replay-v2,2,adm,2,17,2,1.44854208483539,3.102074115386464,0.02193497642733029,20000,20000,20,,
walker2d-medium-replay-v2,2,adm,2,18,2,1.5090494744263938,3.21556669799232,0.022737490175080043,20000,20000,20,,
walker2d-medium-replay-v2,2,adm,2,19,4,1.4883201761251947,3.1269213261870012,0.022110672739836607,20000,20000,20,,
walker2d-medium-replay-v2,2,adm,2,20,2,1.6414572844732795,3.4022683420213577,0.02405767016059614,20000,20000,20,,
walker2d-medium-replay-v2,2,adm,2,21,5,1.5777791690542813,3.220218940817217,0.022770386499572158,20000,20000,20,,
walker2d-medium-replay-v2,2,adm,2,22,1,1.7257666674110508,3.317029013661696,0.023454937089527103,20000,20000,20,,
walker2d-medium-replay-v2,2,adm,2,23,5,1.7001053951722207,3.3727544521551676,0.02384897544396038,20000,20000,20,,
walker2d-medium-replay-v2,2,adm,2,24,1,1.8682325497667633,3.5604158294032686,0.02517594176814977,20000,20000,20,,
walker2d-medium-replay-v2,2,adm,2,25,3,1.8575731028179479,3.5501860871825093,0.025103606567208878,20000,20000,20,,
walker2d-medium-replay-v2,2,adm,2,26,5,1.8147126611366955,3.4264916731239126,0.024228954977451575,20000,20000,20,,
walker2d-medium-replay-v2,2,adm,2,27,2,2.0395231025011777,3.834834257488639,0.027116373081966957,20000,20000,20,,
walker2d-medium-replay-v2,2,adm,2,28,3,2.0358123584800443,3.7948169525195445,0.026833408004882386,20000,20000,20,,
walker2d-medium-replay-v2,2,adm,2,29,3,2.064876960804984,3.800305969551285,0.026872221216534306,20000,20000,20,,
walker2d-medium-replay-v2,2,adm,2,30,4,2.1243627691194336,3.8656963448068646,0.02733460099420984,20000,20000,20,,
walker2d-medium-replay-v2,2,adm,2,31,2,2.2996140784971986,4.119653534379341,0.0291303495029876,20000,20000,20,,
walker2d-medium-replay-v2,2,adm,2,32,2,2.3878232826512393,4.327521586531585,0.030600198595676503,20000,20000,20,,
walker2d-medium-replay-v2,2,adm,2,33,4,2.3641489411115617,4.165338976173301,0.02945339435992772,20000,20000,20,,
walker2d-medium-replay-v2,2,adm,2,34,5,2.4341250628260314,4.220555697883714,0.02984383554349096,20000,20000,20,,
walker2d-medium-replay-v2,2,adm,2,35,2,2.5964311564520495,4.4115409450398175,0.03119430517719765,20000,20000,20,,
walker2d-medium-replay-v2,2,adm,2,36,2,2.6605753200207527,4.5113471366265046,0.031900041525951155,20000,20000,20,,
walker2d-medium-replay-v2,2,adm,2,37,4,2.635548755612012,4.387636183484318,0.031025272987212242,20000,20000,20,,
walker2d-medium-replay-v2,2,adm,2,38,1,2.8289949125740583,4.606470673518837,0.03257266650582132,20000,20000,20,,
walker2d-medium-replay-v2,2,adm,2,39,4,2.8234700198004328,4.658396874047084,0.032939840190969086,20000,20000,20,,
walker2d-medium-replay-v2,2,adm,2,40,3,2.8789510392618256,4.740863280246837,0.03352296574140838,20000,20000,20,,
walker2d-medium-replay-v2,2,adm,2,41,3,2.9831032103724158,4.820222130703437,0.03408411755445869,20000,20000,20,,
walker2d-medium-replay-v2,2,adm,2,42,5,2.9862743779767813,4.838289074552624,0.03421187013956946,20000,20000,20,,
walker2d-medium-replay-v2,2,adm,2,43,5,3.139103444277704,5.038674216127189,0.035628807064133475,20000,20000,20,,
walker2d-medium-replay-v2,2,adm,2,44,5,3.198714727749526,5.125782695947738,0.036244757031933084,20000,20000,20,,
walker2d-medium-replay-v2,2,adm,2,45,4,3.287368886017223,5.158052981949433,0.03647294241255937,20000,20000,20,,
walker2d-medium-replay-v2,2,adm,2,46,3,3.403946480853115,5.3548747359862965,0.037864682382204334,20000,20000,20,,
walker2d-medium-replay-v2,2,adm,2,47,3,3.451116495855497,5.354036732956222,0.037858756805952125,20000,20000,20,,
walker2d-medium-replay-v2,2,adm,2,48,5,3.4200343744736967,5.2672644308949605,0.03724518397388527,20000,20000,20,,
walker2d-medium-replay-v2,2,adm,2,49,3,3.610435633422691,5.540423111719155,0.039176707529392875,20000,20000,20,,
walker2d-medium-replay-v2,2,adm,2,50,3,3.658716231447791,5.535019366809257,0.03913849728269696,20000,20000,20,,
walker2d-medium-replay-v2,2,adm,2,51,2,3.8368906766779736,5.766816765946351,0.0407775524106094,20000,20000,20,,
walker2d-medium-replay-v2,2,adm,2,52,3,3.80265195780139,5.682986295048944,0.04018478146619322,20000,20000,20,,
walker2d-medium-replay-v2,2,adm,2,53,3,3.8867068808218166,5.763494834245754,0.04075406280628809,20000,20000,20,,
walker2d-medium-replay-v2,2,adm,2,54,2,4.072078912032923,5.9893523752082345,0.042351116794254975,20000,20000,20,,
walker2d-medium-replay-v2,2,adm,2,55,4,4.035152344236553,5.825129665131532,0.04118988687505429,20000,20000,20,,
walker2d-medium-replay-v2,2,adm,2,56,3,4.169594256506138,5.957138811157804,0.04212333249839251,20000,20000,20,,
walker2d-medium-replay-v2,2,adm,2,57,2,4.353975835708097,6.1815215778661114,0.04370995825760094,20000,20000,20,,
walker2d-medium-replay-v2,2,adm,2,58,4,4.254958843548504,5.9661429008091655,0.042187001026901406,20000,20000,20,,
walker2d-medium-replay-v2,2,adm,2,59,1,4.469031717104176,6.205896063794738,0.04388231190048162,20000,20000,20,,
walker2d-medium-replay-v2,2,adm,2,60,5,4.334745836736684,6.025126527942417,0.04260407825415041,20000,20000,20,,
walker2d-medium-replay-v2,2,adm,2,61,1,4.627756914018581,6.332251706486876,0.04477578121836958,20000,20000,20,,
walker2d-medium-replay-v2,2,adm,2,62,5,4.53610487802515,6.1752071237679385,0.04366530832447785,20000,20000,20,,
walker2d-medium-replay-v2,2,adm,2,63,5,4.607083022675369,6.223158266288438,0.04400437410489673,20000,20000,20,,
walker2d-medium-replay-v2,2,adm,2,64,4,4.653900805778134,6.1721364812371124,0.043643595602916384,20000,20000,20,,
walker2d-medium-replay-v2,2,adm,2,65,5,4.700271436894383,6.214612701199255,0.04394394783466041,20000,20000,20,,
walker2d-medium-replay-v2,2,adm,2,66,5,4.832168688269493,6.392576678838442,0.04520234318861641,20000,20000,20,,
walker2d-medium-replay-v2,2,adm,2,67,2,5.101720544506563,6.6964504376122065,0.047351055143152146,20000,20000,20,,
walker2d-medium-replay-v2,2,adm,2,68,2,5.227326799971315,6.857267931486793,0.04848820654767361,20000,20000,20,,
walker2d-medium-replay-v2,2,adm,2,69,3,5.197955977159569,6.721726683370541,0.04752978519093871,20000,20000,20,,
walker2d-medium-replay-v2,2,adm,2,70,5,5.158149827123418,6.632613690379404,0.04689966117458009,20000,20000,20,,
walker2d-medium-replay-v2,2,adm,2,71,5,5.219742844565312,6.660396049512207,0.047096112119981735,20000,20000,20,,
walker2d-medium-replay-v2,2,adm,2,72,2,5.5095210248402395,7.030949236654587,0.04971631883416838,20000,20000,20,,
walker2d-medium-replay-v2,2,adm,2,73,5,5.48202620339009,6.90275633566412,0.04880985813826503,20000,20000,20,,
walker2d-medium-replay-v2,2,adm,2,74,2,5.756720824306633,7.317842668601135,0.051744961746241235,20000,20000,20,,
walker2d-medium-replay-v2,2,adm,2,75,1,5.981726109416816,7.5442864802443665,0.05334616129394782,20000,20000,20,,
walker2d-medium-replay-v2,2,adm,2,76,2,6.057210945058313,7.614762419337717,0.053844501438381806,20000,20000,20,,
walker2d-medium-replay-v2,2,adm,2,77,1,6.254263125592751,7.827086969670976,0.05534586273191212,20000,20000,20,,
walker2d-medium-replay-v2,2,adm,2,78,1,6.450336592047208,8.101698262647954,0.05728765780645639,20000,20000,20,,
walker2d-medium-replay-v2,2,adm,2,79,1,6.635529441415737,8.248015911387899,0.05832227982276925,20000,20000,20,,
walker2d-medium-replay-v2,2,adm,2,80,1,6.8024889323104905,8.524564282153971,0.06027777210571707,20000,20000,20,,
walker2d-medium-replay-v2,2,adm,2,81,4,6.336256623726769,7.705907700940317,0.05448899590532536,20000,20000,20,,
walker2d-medium-replay-v2,2,adm,2,82,4,6.4705803909336606,7.7629559770009555,0.054892388133900155,20000,20000,20,,
walker2d-medium-replay-v2,2,adm,2,83,1,6.6813415366397475,7.985534103124413,0.05646625315715707,20000,20000,20,,
walker2d-medium-replay-v2,2,adm,2,84,5,6.549393963985342,7.819207259433911,0.055290144766487984,20000,20000,20,,
walker2d-medium-replay-v2,2,adm,2,85,2,6.934442218230199,8.272327806843917,0.058494190884173736,20000,20000,20,,
walker2d-medium-replay-v2,2,adm,2,86,3,6.863366049893669,8.121601602416971,0.05742839567164571,20000,20000,20,,
walker2d-medium-replay-v2,2,adm,2,87,5,6.687617283074371,7.778340364934131,0.05500117218421968,20000,20000,20,,
walker2d-medium-replay-v2,2,adm,2,88,1,6.985028637510992,8.092518568649847,0.057222747567703604,20000,20000,20,,
walker2d-medium-replay-v2,2,adm,2,89,3,7.051561860008989,8.150864948871929,0.057635318778830824,20000,20000,20,,
walker2d-medium-replay-v2,2,adm,2,90,1,7.299284900064425,8.333476858500319,0.05892657997506742,20000,20000,20,,
walker2d-medium-replay-v2,2,adm,2,91,4,7.034737816355002,8.008858892135292,0.056631184321950453,20000,20000,20,,
walker2d-medium-replay-v2,2,adm,2,92,5,7.070076137437831,8.005672877975991,0.05660865579978047,20000,20000,20,,
walker2d-medium-replay-v2,2,adm,2,93,4,7.28084382695649,8.213134444818152,0.05807563060727725,20000,20000,20,,
walker2d-medium-replay-v2,2,adm,2,94,5,7.30067295908549,8.140561557298874,0.05756246279832555,20000,20000,20,,
walker2d-medium-replay-v2,2,adm,2,95,1,7.703564907877416,8.470315242495245,0.05989417346756163,20000,20000,20,,
walker2d-medium-replay-v2,2,adm,2,96,3,7.680988544377718,8.546191914622236,0.06043070256151027,20000,20000,20,,
walker2d-medium-replay-v2,2,adm,2,97,1,7.906141420334357,8.74032218176353,0.06180341084480191,20000,20000,20,,
walker2d-medium-replay-v2,2,adm,2,98,3,7.845486301442977,8.61571760084293,0.06092232340344327,20000,20000,20,,
walker2d-medium-replay-v2,2,adm,2,99,3,7.945474515201713,8.744886959267811,0.06183568869608077,20000,20000,20,,
walker2d-medium-replay-v2,2,adm,2,100,1,8.254137708416202,9.0480697948841,0.06397951508611721,20000,20000,20,,
walker2d-medium-replay-v2,2,adm,3,1,2,0.2572453019480564,0.7148553653904146,0.0050547907643514935,20000,20000,20,,
walker2d-medium-replay-v2,2,adm,3,2,1,0.43901300723018394,1.0887409993164907,0.007698561435725088,20000,20000,20,,
walker2d-medium-replay-v2,2,adm,3,3,3,0.2815730042417539,0.7514484906390242,0.005313543234432499,20000,20000,20,,
walker2d-medium-replay-v2,2,adm,3,4,5,0.4212268480574982,1.004119601909249,0.007100197796323666,20000,20000,20,,
walker2d-medium-replay-v2,2,adm,3,5,5,0.41526481179332303,0.9796372823383448,0.006927081654446041,20000,20000,20,,
walker2d-medium-replay-v2,2,adm,3,6,3,0.5012640386191111,1.2519246751371755,0.008852444273242624,20000,20000,20,,
walker2d-medium-replay-v2,2,adm,3,7,2,0.6062531933237771,1.5462247430949185,0.010933460010808442,20000,20000,20,,
walker2d-medium-replay-v2,2,adm,3,8,3,0.6194174757848028,1.5619465734922315,0.01104463013967449,20000,20000,20,,
walker2d-medium-replay-v2,2,adm,3,9,1,0.7819280506173879,1.7891111230382397,0.012650926073966189,20000,20000,20,,
walker2d-medium-replay-v2,2,adm,3,10,4,0.743592670635128,1.8514232807085482,0.013091539566356593,20000,20000,20,,
walker2d-medium-replay-v2,2,adm,3,11,1,0.9182688232560299,2.1191339056985656,0.014984539549617894,20000,20000,20,,
walker2d-medium-replay-v2,2,adm,3,12,3,0.9137164987006384,2.148512915809916,0.015192280522360735,20000,20000,20,,
walker2d-medium-replay-v2,2,adm,3,13,2,1.0423964291381498,2.4627468183356633,0.01741424975590742,20000,20000,20,,
walker2d-medium-replay-v2,2,adm,3,14,2,1.1055514280518652,2.5502640647453285,0.018033090139977902,20000,20000,20,,
walker2d-medium-replay-v2,2,adm,3,15,4,1.0642436348202773,2.4298784762007704,0.017181835479807995,20000,20000,20,,
walker2d-medium-replay-v2,2,adm,3,16,2,1.2184486128341891,2.685963797291864,0.018992632150866464,20000,20000,20,,
walker2d-medium-replay-v2,2,adm,3,17,4,1.232192094470436,2.6930819641119768,0.019042965191147652,20000,20000,20,,
walker2d-medium-replay-v2,2,adm,3,18,2,1.3690124702559343,2.948390708108232,0.020848270632907374,20000,20000,20,,
walker2d-medium-replay-v2,2,adm,3,19,5,1.3124615831529773,2.8351317124810587,0.020047408594523856,20000,20000,20,,
walker2d-medium-replay-v2,2,adm,3,20,4,1.4106072565825205,2.9759343109643335,0.021043033316485958,20000,20000,20,,
walker2d-medium-replay-v2,2,adm,3,21,4,1.4336981998756695,2.9390344060246574,0.02078211158640612,20000,20000,20,,
walker2d-medium-replay-v2,2,adm,3,22,1,1.577963479870227,3.054041632697246,0.021595335485062577,20000,20000,20,,
walker2d-medium-replay-v2,2,adm,3,23,2,1.6089240485603273,3.1972879239068894,0.022608239724004196,20000,20000,20,,
walker2d-medium-replay-v2,2,adm,3,24,5,1.592171866523122,3.1855802516419365,0.022525453979499618,20000,20000,20,,
walker2d-medium-replay-v2,2,adm,3,25,2,1.7858348201056553,3.5476717855631965,0.025085827769959233,20000,20000,20,,
walker2d-medium-replay-v2,2,adm,3,26,2,1.8117233680081968,3.5058697031250445,0.02479024241036187,20000,20000,20,,
walker2d-medium-replay-v2,2,adm,3,27,3,1.8053008656223495,3.429597465657134,0.02425091624706357,20000,20000,20,,
walker2d-medium-replay-v2,2,adm,3,28,3,1.9399916522728686,3.6435490022105257,0.025763782070485415,20000,20000,20,,
walker2d-medium-replay-v2,2,adm,3,29,2,1.991293298637946,3.720408875643557,0.02630726344754178,20000,20000,20,,
walker2d-medium-replay-v2,2,adm,3,30,4,1.9926536413960165,3.689146771888826,0.0260862069919505,20000,20000,20,,
walker2d-medium-replay-v2,2,adm,3,31,5,2.079633050116048,3.784896829432678,0.0267632621418331,20000,20000,20,,
walker2d-medium-replay-v2,2,adm,3,32,1,2.278745645290716,4.04621612148539,0.028611068576486504,20000,20000,20,,
walker2d-medium-replay-v2,2,adm,3,33,2,2.3327865100162404,4.215840382427799,0.02981049322814784,20000,20000,20,,
walker2d-medium-replay-v2,2,adm,3,34,5,2.2975808632033434,4.08632369964191,0.028894671981400954,20000,20000,20,,
walker2d-medium-replay-v2,2,adm,3,35,5,2.3323534040302185,4.064610250283261,0.028741134708556437,20000,20000,20,,
walker2d-medium-replay-v2,2,adm,3,36,5,2.4046217625616033,4.19913638226934,0.029692378110297967,20000,20000,20,,
walker2d-medium-replay-v2,2,adm,3,37,3,2.564571578285623,4.459949272242649,0.031536603741507845,20000,20000,20,,
walker2d-medium-replay-v2,2,adm,3,38,3,2.6439073314640313,4.559174360458609,0.032238231068921236,20000,20000,20,,
walker2d-medium-replay-v2,2,adm,3,39,1,2.807860023239348,4.663151365991308,0.03297345952591766,20000,20000,20,,
walker2d-medium-replay-v2,2,adm,3,40,4,2.752290031584838,4.654445175317952,0.032911897461283326,20000,20000,20,,
walker2d-medium-replay-v2,2,adm,3,41,1,2.943979338696217,4.893033165028422,0.03459896931562272,20000,20000,20,,
walker2d-medium-replay-v2,2,adm,3,42,4,2.875871531671768,4.7630412914402855,0.03367978796248956,20000,20000,20,,
walker2d-medium-replay-v2,2,adm,3,43,5,2.936324196364745,4.850934989204629,0.03430129025961685,20000,20000,20,,
walker2d-medium-replay-v2,2,adm,3,44,4,3.0193217936984276,4.8897007046823875,0.03457540526253556,20000,20000,20,,
walker2d-medium-replay-v2,2,adm,3,45,3,3.124093186044142,5.021741668100644,0.0355090758688101,20000,20000,20,,
walker2d-medium-replay-v2,2,adm,3,46,2,3.2721629400037715,5.306146718146259,0.03752012326371964,20000,20000,20,,
walker2d-medium-replay-v2,2,adm,3,47,3,3.2844166955224137,5.259582965204491,0.03719086780909345,20000,20000,20,,
walker2d-medium-replay-v2,2,adm,3,48,3,3.395324515123105,5.401273538310526,0.0381927714598283,20000,20000,20,,
walker2d-medium-replay-v2,2,adm,3,49,2,3.5445605236097215,5.598357901827671,0.03958636835891638,20000,20000,20,,
walker2d-medium-replay-v2,2,adm,3,50,4,3.5151048209616143,5.406368465372829,0.03822879803458235,20000,20000,20,,
walker2d-medium-replay-v2,2,adm,3,51,4,3.554938792885287,5.44251897855377,0.03848442076471853,20000,20000,20,,
walker2d-medium-replay-v2,2,adm,3,52,2,3.742601298695426,5.668672036605997,0.04008356437406657,20000,20000,20,,
walker2d-medium-replay-v2,2,adm,3,53,4,3.7006621578014807,5.55888234216091,0.03930723399960137,20000,20000,20,,
walker2d-medium-replay-v2,2,adm,3,54,3,3.7919031772187353,5.641116426346356,0.03988871678532331,20000,20000,20,,
walker2d-medium-replay-v2,2,adm,3,55,5,3.782598699818192,5.505205386335338,0.038927680605024245,20000,20000,20,,
walker2d-medium-replay-v2,2,adm,3,56,2,3.981563233934185,5.8354022294994365,0.041262524874301494,20000,20000,20,,
walker2d-medium-replay-v2,2,adm,3,57,3,3.9892829965373107,5.764422200249768,0.04076062027418889,20000,20000,20,,
walker2d-medium-replay-v2,2,adm,3,58,3,4.062215853598954,5.816989938827169,0.04113233031838612,20000,20000,20,,
walker2d-medium-replay-v2,2,adm,3,59,3,4.237598262861912,6.091383131698553,0.04307258319229395,20000,20000,20,,
walker2d-medium-replay-v2,2,adm,3,60,1,4.4745977353945205,6.353817093122706,0.04492827152966063,20000,20000,20,,
walker2d-medium-replay-v2,2,adm,3,61,4,4.32656028574823,6.040414702468639,0.04271218197294496,20000,20000,20,,
walker2d-medium-replay-v2,2,adm,3,62,4,4.387818610313418,6.086156790463485,0.043035627379012835,20000,20000,20,,
walker2d-medium-replay-v2,2,adm,3,63,5,4.440093030817187,6.1319230776305,0.04335924389906811,20000,20000,20,,
walker2d-medium-replay-v2,2,adm,3,64,5,4.584221772709246,6.283701643346445,0.044432480429633235,20000,20000,20,,
walker2d-medium-replay-v2,2,adm,3,65,2,4.786103846655977,6.48918037334352,0.04588543446333855,20000,20000,20,,
walker2d-medium-replay-v2,2,adm,3,66,2,4.911518624474579,6.721574245478325,0.04752870729226575,20000,20000,20,,
walker2d-medium-replay-v2,2,adm,3,67,1,5.115197836839538,6.873291764786989,0.04860151215954533,20000,20000,20,,
walker2d-medium-replay-v2,2,adm,3,68,2,5.129042739366742,6.8980537318397905,0.04877660570773086,20000,20000,20,,
walker2d-medium-replay-v2,2,adm,3,69,4,4.96811644791458,6.610924574486982,0.04674629596532536,20000,20000,20,,
walker2d-medium-replay-v2,2,adm,3,70,4,5.019446627347755,6.549735128979476,0.04631362124677134,20000,20000,20,,
walker2d-medium-replay-v2,2,adm,3,71,4,5.1118646674501145,6.626579213180822,0.046856990977099756,20000,20000,20,,
walker2d-medium-replay-v2,2,adm,3,72,5,5.17603809336638,6.674680534676564,0.04719711868323649,20000,20000,20,,
walker2d-medium-replay-v2,2,adm,3,73,4,5.245011310182737,6.8093611350467524,0.04814945434139685,20000,20000,20,,
walker2d-medium-replay-v2,2,adm,3,74,1,5.483703925163504,7.035758428106049,0.049750324953041915,20000,20000,20,,
walker2d-medium-replay-v2,2,adm,3,75,4,5.49209103852463,6.944093123061918,0.049102153365079525,20000,20000,20,,
walker2d-medium-replay-v2,2,adm,3,76,1,5.7577583668824195,7.2222055870498725,0.05106870545726335,20000,20000,20,,
walker2d-medium-replay-v2,2,adm,3,77,2,5.787642156597106,7.279995829958694,0.051477344183735806,20000,20000,20,,
walker2d-medium-replay-v2,2,adm,3,78,4,5.688460122246093,7.036235336340479,0.0497536972035076,20000,20000,20,,
walker2d-medium-replay-v2,2,adm,3,79,3,5.894924894986044,7.300962532648074,0.05162560116024364,20000,20000,20,,
walker2d-medium-replay-v2,2,adm,3,80,2,6.029273081523239,7.445796729362347,0.05264973358668732,20000,20000,20,,
walker2d-medium-replay-v2,2,adm,3,81,4,5.970614211339051,7.311008532669541,0.05169663710763343,20000,20000,20,,
walker2d-medium-replay-v2,2,adm,3,82,1,6.258134741892533,7.609990126249296,0.05381075623033548,20000,20000,20,,
walker2d-medium-replay-v2,2,adm,3,83,4,6.185996623902711,7.420881058004017,0.052473553184934414,20000,20000,20,,
walker2d-medium-replay-v2,2,adm,3,84,2,6.574313388657391,7.942059547578809,0.056158841626803395,20000,20000,20,,
walker2d-medium-replay-v2,2,adm,3,85,5,6.3102147579956815,7.4901956053428025,0.05296368104951573,20000,20000,20,,
walker2d-medium-replay-v2,2,adm,3,86,3,6.620672999257514,7.877389104080841,0.055701552535405846,20000,20000,20,,
walker2d-medium-replay-v2,2,adm,3,87,4,6.602055622089325,7.75796366621727,0.05485708716581081,20000,20000,20,,
walker2d-medium-replay-v2,2,adm,3,88,1,6.864566787745184,8.005769222235061,0.05660933705656964,20000,20000,20,,
walker2d-medium-replay-v2,2,adm,3,89,3,6.840700463875001,8.007158539979349,0.056619161016551726,20000,20000,20,,
walker2d-medium-replay-v2,2,adm,3,90,1,7.079914316138579,8.268136630089694,0.058464554789133115,20000,20000,20,,
walker2d-medium-replay-v2,2,adm,3,91,3,7.026248658359892,8.11758985662118,0.0574000283450797,20000,20000,20,,
walker2d-medium-replay-v2,2,adm,3,92,4,6.976049992227759,7.94862096161038,0.05620523783036235,20000,20000,20,,
walker2d-medium-replay-v2,2,adm,3,93,1,7.295647501951308,8.23374806562712,0.058221390917865545,20000,20000,20,,
walker2d-medium-replay-v2,2,adm,3,94,5,7.166246846018668,8.050813963687165,0.056927851477945414,20000,20000,20,,
walker2d-medium-replay-v2,2,adm,3,95,2,7.622757090858641,8.5565665021423,0.06050406197338477,20000,20000,20,,
walker2d-medium-replay-v2,2,adm,3,96,1,7.774804365159132,8.662089187833352,0.06125022003959637,20000,20000,20,,
walker2d-medium-replay-v2,2,adm,3,97,5,7.359624980480765,8.08982338771882,0.057203689760575056,20000,20000,20,,
walker2d-medium-replay-v2,2,adm,3,98,3,7.7310448514459855,8.54781598110476,0.06044218644573918,20000,20000,20,,
walker2d-medium-replay-v2,2,adm,3,99,1,7.956213571912624,8.821143765328621,0.06237490574285303,20000,20000,20,,
walker2d-medium-replay-v2,2,adm,3,100,3,7.809979433907682,8.590316500633659,0.06074271050136753,20000,20000,20,,
walker2d-medium-replay-v2,2,adm,4,1,4,0.34426624365243563,0.8348313816646602,0.00590314931122416,20000,20000,20,,
walker2d-medium-replay-v2,2,adm,4,2,5,0.43005027366182697,1.007514006867816,0.007124199863966624,20000,20000,20,,
walker2d-medium-replay-v2,2,adm,4,3,1,0.6158837788223842,1.4558487390631774,0.010294405157734573,20000,20000,20,,
walker2d-medium-replay-v2,2,adm,4,4,1,0.771873843934495,1.850299995169566,0.013083596738138362,20000,20000,20,,
walker2d-medium-replay-v2,2,adm,4,5,3,0.6383285612623442,1.5618708304843534,0.011044094555729508,20000,20000,20,,
walker2d-medium-replay-v2,2,adm,4,6,2,0.8442105725152286,1.9157197907959527,0.013546184549250922,20000,20000,20,,
walker2d-medium-replay-v2,2,adm,4,7,1,0.9764635918087051,2.0939940809802646,0.014806774144256376,20000,20000,20,,
walker2d-medium-replay-v2,2,adm,4,8,5,0.8605491914983325,2.0143504435489987,0.014243608583196267,20000,20000,20,,
walker2d-medium-replay-v2,2,adm,4,9,4,0.8774917200485839,2.1050665838203604,0.014885068562685766,20000,20000,20,,
walker2d-medium-replay-v2,2,adm,4,10,4,1.0686209619406084,2.4015534428831176,0.016981547248445524,20000,20000,20,,
walker2d-medium-replay-v2,2,adm,4,11,5,1.1328298359503712,2.582154241389674,0.01825858774156244,20000,20000,20,,
walker2d-medium-replay-v2,2,adm,4,12,5,1.2261605577780466,2.705910345025794,0.019133675542505692,20000,20000,20,,
walker2d-medium-replay-v2,2,adm,4,13,3,1.2772288812924588,2.867206419739456,0.020274211024593716,20000,20000,20,,
walker2d-medium-replay-v2,2,adm,4,14,2,1.4099012631913002,3.062908436073078,0.021658033253007563,20000,20000,20,,
walker2d-medium-replay-v2,2,adm,4,15,4,1.317605236228861,2.788448478305233,0.0197173082799894,20000,20000,20,,
walker2d-medium-replay-v2,2,adm,4,16,3,1.419339619134482,3.0225302427576706,0.021372516309953706,20000,20000,20,,
walker2d-medium-replay-v2,2,adm,4,17,4,1.4466268635059225,2.999327405430911,0.021208447473788507,20000,20000,20,,
walker2d-medium-replay-v2,2,adm,4,18,5,1.5181759814990978,3.1245184906661096,0.022093682126927625,20000,20000,20,,
walker2d-medium-replay-v2,2,adm,4,19,4,1.5731301191246252,3.1700952703271055,0.022415958626556976,20000,20000,20,,
walker2d-medium-replay-v2,2,adm,4,20,4,1.6276108855516072,3.2267660803706955,0.02281668176732855,20000,20000,20,,
walker2d-medium-replay-v2,2,adm,4,21,5,1.6657853412843198,3.2968702773656964,0.023312393298176578,20000,20000,20,,
walker2d-medium-replay-v2,2,adm,4,22,1,1.8173745894567956,3.4221821801974395,0.02419848226073373,20000,20000,20,,
walker2d-medium-replay-v2,2,adm,4,23,4,1.7799538102084949,3.3784638193981142,0.0238893467668981,20000,20000,20,,
walker2d-medium-replay-v2,2,adm,4,24,3,1.8642825857346161,3.558557634883665,0.02516280234869402,20000,20000,20,,
walker2d-medium-replay-v2,2,adm,4,25,5,1.9060480268048468,3.612855849978715,0.025546748709694374,20000,20000,20,,
walker2d-medium-replay-v2,2,adm,4,26,5,1.953526151141538,3.6126146543423086,0.025545043198993415,20000,20000,20,,
walker2d-medium-replay-v2,2,adm,4,27,4,2.0400434179584153,3.6872677901199418,0.026072920584445464,20000,20000,20,,
walker2d-medium-replay-v2,2,adm,4,28,3,2.1245467701610212,3.8312872800436666,0.027091292163926396,20000,20000,20,,
walker2d-medium-replay-v2,2,adm,4,29,2,2.266794077133544,4.0965351855339955,0.028966878090603797,20000,20000,20,,
walker2d-medium-replay-v2,2,adm,4,30,4,2.247832012148729,4.021548188988319,0.0284366399530212,20000,20000,20,,
walker2d-medium-replay-v2,2,adm,4,31,3,2.3664518918996413,4.159480196389447,0.029411966530781306,20000,20000,20,,
walker2d-medium-replay-v2,2,adm,4,32,5,2.374269817175378,4.1823566757368695,0.029573727667543667,20000,20000,20,,
walker2d-medium-replay-v2,2,adm,4,33,4,2.4877961391744883,4.279201142608355,0.0302585214599959,20000,20000,20,,
walker2d-medium-replay-v2,2,adm,4,34,2,2.6523230309059307,4.485712775163281,0.03171877921773083,20000,20000,20,,
walker2d-medium-replay-v2,2,adm,4,35,5,2.605327751083584,4.4222024095581,0.03126969311578023,20000,20000,20,,
walker2d-medium-replay-v2,2,adm,4,36,5,2.7047503904556125,4.52184005129772,0.03197423763713544,20000,20000,20,,
walker2d-medium-replay-v2,2,adm,4,37,4,2.787116003643349,4.709022398838014,0.03329781670977703,20000,20000,20,,
walker2d-medium-replay-v2,2,adm,4,38,5,2.8600252962364663,4.7630675706667684,0.03367997378468207,20000,20000,20,,
walker2d-medium-replay-v2,2,adm,4,39,1,3.10117257390604,5.039009953903535,0.03563118108871702,20000,20000,20,,
walker2d-medium-replay-v2,2,adm,4,40,3,3.1126397215565658,5.118292353496613,0.03619179231252709,20000,20000,20,,
walker2d-medium-replay-v2,2,adm,4,41,2,3.2103157507340043,5.191705759173705,0.03671090348236979,20000,20000,20,,
walker2d-medium-replay-v2,2,adm,4,42,5,3.113278290887155,5.012261226700767,0.035442039024785155,20000,20000,20,,
walker2d-medium-replay-v2,2,adm,4,43,4,3.249735152870312,5.12915912130122,0.03626863196456926,20000,20000,20,,
walker2d-medium-replay-v2,2,adm,4,44,1,3.473099366398689,5.36432466226333,0.03793150345172637,20000,20000,20,,
walker2d-medium-replay-v2,2,adm,4,45,2,3.5534315104189678,5.55800172821269,0.03930100711865744,20000,20000,20,,
walker2d-medium-replay-v2,2,adm,4,46,4,3.411850639967101,5.225650959355903,0.03695093229474546,20000,20000,20,,
walker2d-medium-replay-v2,2,adm,4,47,2,3.7195242463033495,5.773265605372859,0.04082315259150207,20000,20000,20,,
walker2d-medium-replay-v2,2,adm,4,48,4,3.6448293069100997,5.476426939274638,0.03872418625433785,20000,20000,20,,
walker2d-medium-replay-v2,2,adm,4,49,2,3.915770047368791,5.952718571247767,0.04209207668224393,20000,20000,20,,
walker2d-medium-replay-v2,2,adm,4,50,1,4.040176705822372,6.046395277846403,0.04275447102699511,20000,20000,20,,
walker2d-medium-replay-v2,2,adm,4,51,4,3.881923487908097,5.777100459777059,0.0408502691070428,20000,20000,20,,
walker2d-medium-replay-v2,2,adm,4,52,1,4.0939274225812206,6.013125449688575,0.04251921781600199,20000,20000,20,,
walker2d-medium-replay-v2,2,adm,4,53,5,3.9720590472439703,5.768534480903248,0.04078969848955107,20000,20000,20,,
walker2d-medium-replay-v2,2,adm,4,54,5,4.130795879867445,6.019025002973787,0.04256093395734144,20000,20000,20,,
walker2d-medium-replay-v2,2,adm,4,55,4,4.187384793384907,6.001666866313517,0.042438193395929046,20000,20000,20,,
walker2d-medium-replay-v2,2,adm,4,56,4,4.278447852509912,6.065781732240343,0.0428915539606463,20000,20000,20,,
walker2d-medium-replay-v2,2,adm,4,57,2,4.43822692818773,6.254645479779667,0.044227022326699894,20000,20000,20,,
walker2d-medium-replay-v2,2,adm,4,58,4,4.38510117136707,6.154484124710211,0.04351877459287543,20000,20000,20,,
walker2d-medium-replay-v2,2,adm,4,59,4,4.4246253507881566,6.102011889689841,0.04314773986080626,20000,20000,20,,
walker2d-medium-replay-v2,2,adm,4,60,2,4.72097023464024,6.50152181753653,0.04597270165212368,20000,20000,20,,
walker2d-medium-replay-v2,2,adm,4,61,4,4.654946332085912,6.357328140483572,0.044953098383639985,20000,20000,20,,
walker2d-medium-replay-v2,2,adm,4,62,5,4.675295043080338,6.3758660401290665,0.04508418112912283,20000,20000,20,,
walker2d-medium-replay-v2,2,adm,4,63,5,4.719080379337557,6.296223838238944,0.044521025718871496,20000,20000,20,,
walker2d-medium-replay-v2,2,adm,4,64,2,5.046648135075481,6.732844014164179,0.04760839659086746,20000,20000,20,,
walker2d-medium-replay-v2,2,adm,4,65,4,4.9563450702283625,6.522739253729335,0.04612273158223693,20000,20000,20,,
walker2d-medium-replay-v2,2,adm,4,66,3,5.058238025131286,6.65620812544282,0.04706649902489616,20000,20000,20,,
walker2d-medium-replay-v2,2,adm,4,67,2,5.2483560656164885,6.875984779565703,0.04862055464966397,20000,20000,20,,
walker2d-medium-replay-v2,2,adm,4,68,2,5.344161242050428,6.926291227974046,0.04897627495773347,20000,20000,20,,
walker2d-medium-replay-v2,2,adm,4,69,1,5.5306002043204,7.08582859893396,0.05010437452631777,20000,20000,20,,
walker2d-medium-replay-v2,2,adm,4,70,3,5.457161192290808,6.984513051033486,0.0493879654167172,20000,20000,20,,
walker2d-medium-replay-v2,2,adm,4,71,2,5.675440415198377,7.3414819155221265,0.051912116464241,20000,20000,20,,
walker2d-medium-replay-v2,2,adm,4,72,1,5.814700433317785,7.467327295853868,0.052801977682376745,20000,20000,20,,
walker2d-medium-replay-v2,2,adm,4,73,4,5.609557627405172,7.085285119965419,0.050100531549676884,20000,20000,20,,
walker2d-medium-replay-v2,2,adm,4,74,3,5.839780285432192,7.353433836642948,0.051996629308968395,20000,20000,20,,
walker2d-medium-replay-v2,2,adm,4,75,5,5.702814809496477,7.086007690552209,0.050105640895294935,20000,20000,20,,
walker2d-medium-replay-v2,2,adm,4,76,3,5.973213617789439,7.449859668834529,0.05267846290721063,20000,20000,20,,
walker2d-medium-replay-v2,2,adm,4,77,5,6.0228213318036605,7.36777490508323,0.052098035976404236,20000,20000,20,,
walker2d-medium-replay-v2,2,adm,4,78,4,6.125360186112233,7.475864947222044,0.052862347994155186,20000,20000,20,,
walker2d-medium-replay-v2,2,adm,4,79,5,6.164823832494417,7.442060848728225,0.05262331692138641,20000,20000,20,,
walker2d-medium-replay-v2,2,adm,4,80,5,6.107755575804011,7.276072562724925,0.05144960249508176,20000,20000,20,,
walker2d-medium-replay-v2,2,adm,4,81,1,6.425556934335607,7.5806401266721375,0.05360322039304717,20000,20000,20,,
walker2d-medium-replay-v2,2,adm,4,82,2,6.539030241078399,7.77883319556372,0.05500465702302128,20000,20000,20,,
walker2d-medium-replay-v2,2,adm,4,83,1,6.756091633716317,8.012716945561019,0.05665846487934557,20000,20000,20,,
walker2d-medium-replay-v2,2,adm,4,84,1,6.956352775484044,8.319306607092681,0.058826381166452835,20000,20000,20,,
walker2d-medium-replay-v2,2,adm,4,85,3,6.699294273416708,7.912943138776048,0.055952957525721075,20000,20000,20,,
walker2d-medium-replay-v2,2,adm,4,86,5,6.61955086118763,7.683044606728902,0.05432732941576738,20000,20000,20,,
walker2d-medium-replay-v2,2,adm,4,87,4,6.879640175929365,7.977293447035173,0.05640798291913579,20000,20000,20,,
walker2d-medium-replay-v2,2,adm,4,88,4,7.02001716509219,8.050214010030503,0.05692360916495518,20000,20000,20,,
walker2d-medium-replay-v2,2,adm,4,89,4,6.99614814127844,7.971572373708663,0.056367528821687385,20000,20000,20,,
walker2d-medium-replay-v2,2,adm,4,90,5,7.005540426385065,7.953201725680265,0.05623762872373067,20000,20000,20,,
walker2d-medium-replay-v2,2,adm,4,91,1,7.401178297292813,8.349166472863903,0.05903752230217434,20000,20000,20,,
walker2d-medium-replay-v2,2,adm,4,92,1,7.750583142012917,8.774026990633644,0.062041739833908455,20000,20000,20,,
walker2d-medium-replay-v2,2,adm,4,93,3,7.4569859251991115,8.381829528966422,0.059268484986818026,20000,20000,20,,
walker2d-medium-replay-v2,2,adm,4,94,2,7.828659585560232,8.77006205135233,0.06201370347938036,20000,20000,20,,
walker2d-medium-replay-v2,2,adm,4,95,3,7.804059310336826,8.706581904245175,0.06156483105447847,20000,20000,20,,
walker2d-medium-replay-v2,2,adm,4,96,1,8.062422173311477,8.941443189287735,0.06322555112739628,20000,20000,20,,
walker2d-medium-replay-v2,2,adm,4,97,1,8.350911999037184,9.32923366223525,0.06596764385840354,20000,20000,20,,
walker2d-medium-replay-v2,2,adm,4,98,2,8.215043525938473,8.994625586318232,0.06360160746319647,20000,20000,20,,
walker2d-medium-replay-v2,2,adm,4,99,4,7.973576522951596,8.642494944605868,0.061111667817012646,20000,20000,20,,
walker2d-medium-replay-v2,2,adm,4,100,2,8.503036837114674,9.419088433514862,0.06660301303934134,20000,20000,20,,
walker2d-medium-replay-v2,2,adm,5,1,4,0.34112088825179526,0.8189532304133504,0.005790873826999092,20000,20000,20,,
walker2d-medium-replay-v2,2,adm,5,2,3,0.2857155547984486,0.7425135491711534,0.005250363657418136,20000,20000,20,,
walker2d-medium-replay-v2,2,adm,5,3,4,0.33817793315513134,0.8137610124001009,0.005754159301333415,20000,20000,20,,
walker2d-medium-replay-v2,2,adm,5,4,4,0.3327688759461366,0.798550926430496,0.005646607752018035,20000,20000,20,,
walker2d-medium-replay-v2,2,adm,5,5,5,0.41434857331345193,0.966775937635763,0.006836138213902308,20000,20000,20,,
walker2d-medium-replay-v2,2,adm,5,6,1,0.588157000918752,1.3606252658434281,0.00962107352131637,20000,20000,20,,
walker2d-medium-replay-v2,2,adm,5,7,2,0.5973407571065595,1.5056121042827333,0.010646285287748681,20000,20000,20,,
walker2d-medium-replay-v2,2,adm,5,8,3,0.6097747373496201,1.5080471577928098,0.010663503716243953,20000,20000,20,,
walker2d-medium-replay-v2,2,adm,5,9,1,0.7851374360826406,1.7961129868353847,0.012700436727685246,20000,20000,20,,
walker2d-medium-replay-v2,2,adm,5,10,5,0.7229676672207498,1.7204940020364141,0.0121657297583073,20000,20000,20,,
walker2d-medium-replay-v2,2,adm,5,11,2,0.9149672171739854,2.1602569309511264,0.015275323249807807,20000,20000,20,,
walker2d-medium-replay-v2,2,adm,5,12,5,0.874063225754461,2.0582999122249803,0.01455437825649959,20000,20000,20,,
walker2d-medium-replay-v2,2,adm,5,13,4,0.9461300879503286,2.21939277053405,0.015693476781610257,20000,20000,20,,
walker2d-medium-replay-v2,2,adm,5,14,3,1.0646283857775771,2.4359084206744166,0.017224473626082933,20000,20000,20,,
walker2d-medium-replay-v2,2,adm,5,15,5,1.0026246031088035,2.325279771900176,0.01644221094866523,20000,20000,20,,
walker2d-medium-replay-v2,2,adm,5,16,4,1.0753066460734781,2.4313861509282813,0.01719249635004446,20000,20000,20,,
walker2d-medium-replay-v2,2,adm,5,17,4,1.1740152202681597,2.6397090682862654,0.018665561825448415,20000,20000,20,,
walker2d-medium-replay-v2,2,adm,5,18,4,1.2682501867828428,2.832580979257847,0.02002937218693255,20000,20000,20,,
walker2d-medium-replay-v2,2,adm,5,19,4,1.2207760947851667,2.6084261444772854,0.018444358149841696,20000,20000,20,,
walker2d-medium-replay-v2,2,adm,5,20,2,1.4698647345543536,3.1773700984517257,0.022467399429545832,20000,20000,20,,
walker2d-medium-replay-v2,2,adm,5,21,3,1.4660847158504617,3.079912853233046,0.021778272639846948,20000,20000,20,,
walker2d-medium-replay-v2,2,adm,5,22,2,1.583242568547267,3.2326738436751294,0.022858455962270652,20000,20000,20,,
walker2d-medium-replay-v2,2,adm,5,23,2,1.6223970072986296,3.279527742634354,0.023189763059061622,20000,20000,20,,
walker2d-medium-replay-v2,2,adm,5,24,4,1.613626737587449,3.2402856647987996,0.022912279665607913,20000,20000,20,,
walker2d-medium-replay-v2,2,adm,5,25,3,1.75926456028703,3.4614615365282253,0.02447622925295514,20000,20000,20,,
walker2d-medium-replay-v2,2,adm,5,26,5,1.7107393959029442,3.3290323422509416,0.023539813439949764,20000,20000,20,,
walker2d-medium-replay-v2,2,adm,5,27,3,1.8191484751214404,3.535824863410435,0.025002057380055166,20000,20000,20,,
walker2d-medium-replay-v2,2,adm,5,28,4,1.8630675856867132,3.572295778728561,0.02525994569543044,20000,20000,20,,
walker2d-medium-replay-v2,2,adm,5,29,2,2.0191878324400085,3.7937290514664426,0.026825715382763304,20000,20000,20,,
walker2d-medium-replay-v2,2,adm,5,30,1,2.162170345304517,3.9230326741008716,0.027740030066731213,20000,20000,20,,
walker2d-medium-replay-v2,2,adm,5,31,4,2.103351339817872,3.9354276205174465,0.027827675573367253,20000,20000,20,,
walker2d-medium-replay-v2,2,adm,5,32,2,2.329604451640939,4.169140241639882,0.02948027336581282,20000,20000,20,,
walker2d-medium-replay-v2,2,adm,5,33,1,2.4677606550855984,4.323641413825025,0.03057276163134667,20000,20000,20,,
walker2d-medium-replay-v2,2,adm,5,34,4,2.385697436238325,4.216736903980778,0.029816832592843758,20000,20000,20,,
walker2d-medium-replay-v2,2,adm,5,35,4,2.381753124955625,4.200344044476251,0.029700917571656868,20000,20000,20,,
walker2d-medium-replay-v2,2,adm,5,36,1,2.561965221530239,4.485759270852738,0.03171910799190394,20000,20000,20,,
walker2d-medium-replay-v2,2,adm,5,37,1,2.741799819001634,4.65413866036269,0.03290973007324932,20000,20000,20,,
walker2d-medium-replay-v2,2,adm,5,38,2,2.733390808938937,4.646973501462448,0.03285906474878291,20000,20000,20,,
walker2d-medium-replay-v2,2,adm,5,39,1,2.887817268412508,4.772925051874339,0.03374967670275499,20000,20000,20,,
walker2d-medium-replay-v2,2,adm,5,40,3,2.901768636321311,4.766727414756219,0.03370585279041943,20000,20000,20,,
walker2d-medium-replay-v2,2,adm,5,41,1,3.056093232754103,4.984400449622461,0.03524503358077318,20000,20000,20,,
walker2d-medium-replay-v2,2,adm,5,42,5,2.9545849435011986,4.876566581164583,0.03448253298449175,20000,20000,20,,
walker2d-medium-replay-v2,2,adm,5,43,5,3.0213562548116757,4.869651453003973,0.034433635644340335,20000,20000,20,,
walker2d-medium-replay-v2,2,adm,5,44,3,3.2329037279526522,5.191113063999768,0.03670671249460312,20000,20000,20,,
walker2d-medium-replay-v2,2,adm,5,45,1,3.434881673960998,5.4237517034933616,0.038351716090122445,20000,20000,20,,
walker2d-medium-replay-v2,2,adm,5,46,3,3.304172682585438,5.294608595516105,0.0374385364161802,20000,20000,20,,
walker2d-medium-replay-v2,2,adm,5,47,4,3.3421896088149734,5.27320372781668,0.037287181145173556,20000,20000,20,,
walker2d-medium-replay-v2,2,adm,5,48,4,3.4773070919805273,5.4024767252614545,0.03820127927634867,20000,20000,20,,
walker2d-medium-replay-v2,2,adm,5,49,4,3.598261830603893,5.5115885543891725,0.03897281641918744,20000,20000,20,,
walker2d-medium-replay-v2,2,adm,5,50,1,3.7889224981621017,5.7355668778281,0.04055658233261204,20000,20000,20,,
walker2d-medium-replay-v2,2,adm,5,51,3,3.699647229669726,5.590866696553329,0.039533397538428904,20000,20000,20,,
walker2d-medium-replay-v2,2,adm,5,52,2,3.890279005910641,5.700652026164685,0.04030969704885881,20000,20000,20,,
walker2d-medium-replay-v2,2,adm,5,53,2,3.886102274486482,5.801428500150681,0.041022294330254484,20000,20000,20,,
walker2d-medium-replay-v2,2,adm,5,54,5,3.816618611939611,5.619717896723182,0.039737406331283635,20000,20000,20,,
walker2d-medium-replay-v2,2,adm,5,55,1,4.0641058476811995,5.845163693629391,0.041331548849107495,20000,20000,20,,
walker2d-medium-replay-v2,2,adm,5,56,2,4.120384136531484,5.918307805188929,0.04184875582198364,20000,20000,20,,
walker2d-medium-replay-v2,2,adm,5,57,4,4.078908469943853,5.855332363990269,0.04140345220678577,20000,20000,20,,
walker2d-medium-replay-v2,2,adm,5,58,2,4.293957021394707,6.13806702704597,0.04340268818201757,20000,20000,20,,
walker2d-medium-replay-v2,2,adm,5,59,4,4.23713591784836,5.927935171964665,0.04191683158530458,20000,20000,20,,
walker2d-medium-replay-v2,2,adm,5,60,3,4.352005615120256,6.119578504569742,0.04327195458584696,20000,20000,20,,
walker2d-medium-replay-v2,2,adm,5,61,5,4.345271283242173,6.029982289191535,0.042638413671221155,20000,20000,20,,
walker2d-medium-replay-v2,2,adm,5,62,4,4.503450044077552,6.228038927716381,0.044038885592820466,20000,20000,20,,
walker2d-medium-replay-v2,2,adm,5,63,4,4.522600341174353,6.201939846432136,0.04385433721923219,20000,20000,20,,
walker2d-medium-replay-v2,2,adm,5,64,3,4.669638823393178,6.376926506460218,0.0450916797584626,20000,20000,20,,
walker2d-medium-replay-v2,2,adm,5,65,5,4.650441548790671,6.3069012870981,0.04459652668381231,20000,20000,20,,
walker2d-medium-replay-v2,2,adm,5,66,3,4.878507049105034,6.6036021029700915,0.046694518272678974,20000,20000,20,,
walker2d-medium-replay-v2,2,adm,5,67,5,4.8554024492755,6.427442812165425,0.04544888398170904,20000,20000,20,,
walker2d-medium-replay-v2,2,adm,5,68,2,5.129080633225782,6.858122407589171,0.048494248606137144,20000,20000,20,,
walker2d-medium-replay-v2,2,adm,5,69,4,4.973258122258031,6.559070494543309,0.046379632249721754,20000,20000,20,,
walker2d-medium-replay-v2,2,adm,5,70,2,5.3487863123898975,7.118801321830551,0.050337526885861406,20000,20000,20,,
walker2d-medium-replay-v2,2,adm,5,71,1,5.531108671241349,7.188707949279657,0.05083184138905285,20000,20000,20,,
walker2d-medium-replay-v2,2,adm,5,72,5,5.225865828138356,6.666766279472824,0.04714115644801044,20000,20000,20,,
walker2d-medium-replay-v2,2,adm,5,73,4,5.3155799403148976,6.720065537318111,0.047518039114556564,20000,20000,20,,
walker2d-medium-replay-v2,2,adm,5,74,5,5.407218800473196,6.817392400221749,0.04820624396206432,20000,20000,20,,
walker2d-medium-replay-v2,2,adm,5,75,3,5.58877184223627,6.980750856622758,0.049361362684917524,20000,20000,20,,
walker2d-medium-replay-v2,2,adm,5,76,5,5.707540744556522,7.04474744784771,0.0498138869211974,20000,20000,20,,
walker2d-medium-replay-v2,2,adm,5,77,2,5.856081086707761,7.251761459067887,0.05127769703254155,20000,20000,20,,
walker2d-medium-replay-v2,2,adm,5,78,3,5.8250189392419225,7.193142319591444,0.05086319712223042,20000,20000,20,,
walker2d-medium-replay-v2,2,adm,5,79,2,6.080595037132746,7.481241386326908,0.05290036515965204,20000,20000,20,,
walker2d-medium-replay-v2,2,adm,5,80,2,6.172386543510803,7.607621168673531,0.053794005170673814,20000,20000,20,,
walker2d-medium-replay-v2,2,adm,5,81,5,6.006952912744516,7.249814885374975,0.051263932677958174,20000,20000,20,,
walker2d-medium-replay-v2,2,adm,5,82,1,6.314040901648211,7.502536966995377,0.05305094765465184,20000,20000,20,,
walker2d-medium-replay-v2,2,adm,5,83,1,6.62990721972004,7.910172191606071,0.05593336397037907,20000,20000,20,,
walker2d-medium-replay-v2,2,adm,5,84,4,6.34299275279805,7.541960608781464,0.05332971489911195,20000,20000,20,,
walker2d-medium-replay-v2,2,adm,5,85,5,6.391324759857686,7.582958592885312,0.053619614424860046,20000,20000,20,,
walker2d-medium-replay-v2,2,adm,5,86,4,6.565138811003918,7.607338969970565,0.05379200972450872,20000,20000,20,,
walker2d-medium-replay-v2,2,adm,5,87,1,6.8306672782357225,7.887355344119536,0.05577202449454879,20000,20000,20,,
walker2d-medium-replay-v2,2,adm,5,88,2,6.932136426008403,7.9972418989545515,0.056549039775399455,20000,20000,20,,
walker2d-medium-replay-v2,2,adm,5,89,1,7.17293030060473,8.27269922451841,0.05849681720373661,20000,20000,20,,
walker2d-medium-replay-v2,2,adm,5,90,3,7.029188775907619,7.986066626003052,0.0564700186625433,20000,20000,20,,
walker2d-medium-replay-v2,2,adm,5,91,5,6.973769337314801,7.871258456397947,0.05565820230990945,20000,20000,20,,
walker2d-medium-replay-v2,2,adm,5,92,1,7.335828837652452,8.233939180554824,0.0582227423044792,20000,20000,20,,
walker2d-medium-replay-v2,2,adm,5,93,5,7.2439139292322,8.145317634741884,0.057596093344443565,20000,20000,20,,
walker2d-medium-replay-v2,2,adm,5,94,3,7.41296778424443,8.291820257283602,0.05863202332305218,20000,20000,20,,
walker2d-medium-replay-v2,2,adm,5,95,1,7.631138228894548,8.482673120980783,0.059981556864343664,20000,20000,20,,
walker2d-medium-replay-v2,2,adm,5,96,1,7.919290672293809,8.88082155857784,0.06279689146578074,20000,20000,20,,
walker2d-medium-replay-v2,2,adm,5,97,5,7.510117486270723,8.238696289580819,0.05825638014499045,20000,20000,20,,
walker2d-medium-replay-v2,2,adm,5,98,1,7.902882564840457,8.576727002503691,0.06064661823856131,20000,20000,20,,
walker2d-medium-replay-v2,2,adm,5,99,4,7.808115264097409,8.541532114656615,0.060397752799963636,20000,20000,20,,
walker2d-medium-replay-v2,2,adm,5,100,1,8.159951797967024,8.91281811704015,0.06302314130041406,20000,20000,20,,
walker2d-medium-replay-v2,2,adm,6,1,2,0.25904375299630744,0.7244068320037587,0.005122329832477218,20000,20000,20,,
walker2d-medium-replay-v2,2,adm,6,2,5,0.41995362869350195,0.9778693390966074,0.0069145804078961865,20000,20000,20,,
walker2d-medium-replay-v2,2,adm,6,3,3,0.28394060807227633,0.7331961196713321,0.005184479481592623,20000,20000,20,,
walker2d-medium-replay-v2,2,adm,6,4,4,0.3344410156977899,0.8123905372934581,0.00574446857891987,20000,20000,20,,
walker2d-medium-replay-v2,2,adm,6,5,3,0.6292296590360491,1.5063852470048311,0.010651752232364885,20000,20000,20,,
walker2d-medium-replay-v2,2,adm,6,6,3,0.5113413175788537,1.3084932892340917,0.009252444779545167,20000,20000,20,,
walker2d-medium-replay-v2,2,adm,6,7,4,0.5395357811234559,1.3113299182288825,0.009272502775524437,20000,20000,20,,
walker2d-medium-replay-v2,2,adm,6,8,4,0.5917428158339048,1.4423902267960353,0.010199239104846788,20000,20000,20,,
walker2d-medium-replay-v2,2,adm,6,9,5,0.6709909387075573,1.6498934700199535,0.011666508608865127,20000,20000,20,,
walker2d-medium-replay-v2,2,adm,6,10,3,0.7745523778613973,1.9678742770422881,0.013914972458191765,20000,20000,20,,
walker2d-medium-replay-v2,2,adm,6,11,4,0.8009282089946793,1.9406769878572672,0.013722658582065566,20000,20000,20,,
walker2d-medium-replay-v2,2,adm,6,12,1,0.9690699034912957,2.222546227621592,0.015715775090518077,20000,20000,20,,
walker2d-medium-replay-v2,2,adm,6,13,4,0.8923320364997617,2.0975131035553147,0.01483165739151604,20000,20000,20,,
walker2d-medium-replay-v2,2,adm,6,14,5,0.9431304656008801,2.192544129914688,0.015503628223134346,20000,20000,20,,
walker2d-medium-replay-v2,2,adm,6,15,5,1.0333322517962804,2.3497535904963134,0.01661526697957381,20000,20000,20,,
walker2d-medium-replay-v2,2,adm,6,16,3,1.0992855125335508,2.512761296712845,0.01776790552408755,20000,20000,20,,
walker2d-medium-replay-v2,2,adm,6,17,4,1.123770802741909,2.4983218070777933,0.01766580291370937,20000,20000,20,,
walker2d-medium-replay-v2,2,adm,6,18,2,1.2713912580755784,2.79335394480378,0.019751995166249457,20000,20000,20,,
walker2d-medium-replay-v2,2,adm,6,19,1,1.40960970396856,3.0088946199256883,0.021276097896251737,20000,20000,20,,
walker2d-medium-replay-v2,2,adm,6,20,5,1.272068739487516,2.6260950741470994,0.018569296349700032,20000,20000,20,,
walker2d-medium-replay-v2,2,adm,6,21,2,1.4945697316600655,3.0754578713944905,0.02174677116116589,20000,20000,20,,
walker2d-medium-replay-v2,2,adm,6,22,4,1.4456843601066918,3.0216169427471087,0.021366058303646445,20000,20000,20,,
walker2d-medium-replay-v2,2,adm,6,23,1,1.616967275355425,3.2502744629669658,0.022982911134814054,20000,20000,20,,
walker2d-medium-replay-v2,2,adm,6,24,3,1.6511038389598434,3.356799991379435,0.02373616036991343,20000,20000,20,,
walker2d-medium-replay-v2,2,adm,6,25,3,1.61092120550696,3.2455690854707395,0.022949639091457814,20000,20000,20,,
walker2d-medium-replay-v2,2,adm,6,26,1,1.7693674284890901,3.409773148040316,0.024110737152871087,20000,20000,20,,
walker2d-medium-replay-v2,2,adm,6,27,2,1.8042256824414522,3.5056605163404653,0.024788763236422765,20000,20000,20,,
walker2d-medium-replay-v2,2,adm,6,28,3,1.8033902502241064,3.454718255388125,0.02442854705473902,20000,20000,20,,
walker2d-medium-replay-v2,2,adm,6,29,3,1.909011896476308,3.5876652452509723,0.025368624235442606,20000,20000,20,,
walker2d-medium-replay-v2,2,adm,6,30,4,1.9371516849769552,3.5790047419745052,0.025307385229489825,20000,20000,20,,
walker2d-medium-replay-v2,2,adm,6,31,1,2.108029681986991,3.7850440675569366,0.026764303272594225,20000,20000,20,,
walker2d-medium-replay-v2,2,adm,6,32,2,2.1819809183462877,3.9970072647262356,0.02826310941339815,20000,20000,20,,
walker2d-medium-replay-v2,2,adm,6,33,3,2.1955945883576127,3.9902373130697906,0.028215238626152377,20000,20000,20,,
walker2d-medium-replay-v2,2,adm,6,34,2,2.3660396452211714,4.186190720252732,0.029600838456309043,20000,20000,20,,
walker2d-medium-replay-v2,2,adm,6,35,1,2.5120455738983316,4.338431888721617,0.030677346082310163,20000,20000,20,,
walker2d-medium-replay-v2,2,adm,6,36,5,2.4312015108640006,4.266139600431224,0.030166162409533865,20000,20000,20,,
walker2d-medium-replay-v2,2,adm,6,37,2,2.678029050650339,4.572098408919528,0.03232961789199223,20000,20000,20,,
walker2d-medium-replay-v2,2,adm,6,38,5,2.546780070637003,4.321432777646045,0.030557144215153362,20000,20000,20,,
walker2d-medium-replay-v2,2,adm,6,39,3,2.7208372601210185,4.597704213311559,0.03251067827122564,20000,20000,20,,
walker2d-medium-replay-v2,2,adm,6,40,3,2.8849145861545464,4.7678541832844,0.03371382024709047,20000,20000,20,,
walker2d-medium-replay-v2,2,adm,6,41,4,2.9399417329802238,4.885384301284158,0.034544883681403314,20000,20000,20,,
walker2d-medium-replay-v2,2,adm,6,42,5,2.9930472944272775,4.996960401862309,0.03533384585477494,20000,20000,20,,
walker2d-medium-replay-v2,2,adm,6,43,5,2.9393678560532486,4.88547376487407,0.03454551628451427,20000,20000,20,,
walker2d-medium-replay-v2,2,adm,6,44,5,3.0449721483030134,4.982893824186997,0.035234380130151934,20000,20000,20,,
walker2d-medium-replay-v2,2,adm,6,45,2,3.185789220074598,5.145181374110137,0.03638192640067996,20000,20000,20,,
walker2d-medium-replay-v2,2,adm,6,46,1,3.306227059771717,5.2174485071391645,0.03689293219889732,20000,20000,20,,
walker2d-medium-replay-v2,2,adm,6,47,4,3.192342590460872,5.080988956627774,0.035928017463654593,20000,20000,20,,
walker2d-medium-replay-v2,2,adm,6,48,3,3.333082965634639,5.229236270191768,0.036976284270792484,20000,20000,20,,
walker2d-medium-replay-v2,2,adm,6,49,4,3.3574697064027763,5.219345619532528,0.03690634680927753,20000,20000,20,,
walker2d-medium-replay-v2,2,adm,6,50,1,3.5999114460505623,5.528915250644814,0.039095334663366677,20000,20000,20,,
walker2d-medium-replay-v2,2,adm,6,51,2,3.6748154664882984,5.674400946630442,0.0401240738853375,20000,20000,20,,
walker2d-medium-replay-v2,2,adm,6,52,2,3.791395207768052,5.769132399213217,0.04079392641046682,20000,20000,20,,
walker2d-medium-replay-v2,2,adm,6,53,3,3.789204258750363,5.750794142844313,0.04066425535613093,20000,20000,20,,
walker2d-medium-replay-v2,2,adm,6,54,1,3.9646011188401373,5.888873568049606,0.04164062433518096,20000,20000,20,,
walker2d-medium-replay-v2,2,adm,6,55,2,4.023888366726971,5.971878620842142,0.04222755869220446,20000,20000,20,,
walker2d-medium-replay-v2,2,adm,6,56,2,4.147837826425951,6.024454064533732,0.0425993232197866,20000,20000,20,,
walker2d-medium-replay-v2,2,adm,6,57,5,3.980810633460353,5.753166263291216,0.040681028780668885,20000,20000,20,,
walker2d-medium-replay-v2,2,adm,6,58,3,4.1601238657553,5.997408246131284,0.042408080403835494,20000,20000,20,,
walker2d-medium-replay-v2,2,adm,6,59,3,4.263241169078121,6.093361978261032,0.04308657575052652,20000,20000,20,,
walker2d-medium-replay-v2,2,adm,6,60,1,4.4636058601715325,6.289501932880818,0.044473494670259246,20000,20000,20,,
walker2d-medium-replay-v2,2,adm,6,61,3,4.433127748195386,6.303338936775249,0.044571337063109805,20000,20000,20,,
walker2d-medium-replay-v2,2,adm,6,62,2,4.659045387484698,6.49310039171446,0.04591315317906323,20000,20000,20,,
walker2d-medium-replay-v2,2,adm,6,63,2,4.626115474644017,6.426779796508365,0.045444195753037646,20000,20000,20,,
walker2d-medium-replay-v2,2,adm,6,64,5,4.52809090820514,6.221562008548469,0.043993086858172194,20000,20000,20,,
walker2d-medium-replay-v2,2,adm,6,65,5,4.646159113104143,6.310808788572988,0.044624156891716206,20000,20000,20,,
walker2d-medium-replay-v2,2,adm,6,66,2,4.895796883209191,6.652643241149706,0.04704129148631809,20000,20000,20,,
walker2d-medium-replay-v2,2,adm,6,67,5,4.827260224518371,6.4529783302441,0.04562944736165448,20000,20000,20,,
walker2d-medium-replay-v2,2,adm,6,68,5,4.892581449036317,6.509337279257469,0.046027965311933476,20000,20000,20,,
walker2d-medium-replay-v2,2,adm,6,69,4,4.980262574898072,6.5347475425347294,0.04620764300668434,20000,20000,20,,
walker2d-medium-replay-v2,2,adm,6,70,1,5.237734091276858,6.785839365814583,0.04798313031610113,20000,20000,20,,
walker2d-medium-replay-v2,2,adm,6,71,2,5.300793534220225,6.921102152928931,0.048939582656208604,20000,20000,20,,
walker2d-medium-replay-v2,2,adm,6,72,4,5.2038722788705085,6.704200101094707,0.047405853539156044,20000,20000,20,,
walker2d-medium-replay-v2,2,adm,6,73,2,5.484131360223803,7.083141586171805,0.050085374476865216,20000,20000,20,,
walker2d-medium-replay-v2,2,adm,6,74,4,5.408569337884384,6.889841234327589,0.04871853458091731,20000,20000,20,,
walker2d-medium-replay-v2,2,adm,6,75,4,5.510287598337465,6.965276009252506,0.0492519389897842,20000,20000,20,,
walker2d-medium-replay-v2,2,adm,6,76,3,5.696235780390145,7.141197966802942,0.050495895081219454,20000,20000,20,,
walker2d-medium-replay-v2,2,adm,6,77,3,5.718543016097682,7.1583736166756715,0.05061734526618239,20000,20000,20,,
walker2d-medium-replay-v2,2,adm,6,78,3,5.847167079156165,7.2988776824251875,0.05161085904294002,20000,20000,20,,
walker2d-medium-replay-v2,2,adm,6,79,5,5.736822809610265,7.017938331926969,0.04962431784454567,20000,20000,20,,
walker2d-medium-replay-v2,2,adm,6,80,4,5.973726056768905,7.327179563823341,0.051810983565509734,20000,20000,20,,
walker2d-medium-replay-v2,2,adm,6,81,4,5.9620793445728255,7.208521747256798,0.05097194609815982,20000,20000,20,,
walker2d-medium-replay-v2,2,adm,6,82,1,6.226085553931885,7.518328864095618,0.05316261322992564,20000,20000,20,,
walker2d-medium-replay-v2,2,adm,6,83,5,6.126850810912707,7.3884517388715505,0.05224424327025612,20000,20000,20,,
walker2d-medium-replay-v2,2,adm,6,84,2,6.436734322243349,7.736411407941447,0.054704689686043625,20000,20000,20,,
walker2d-medium-replay-v2,2,adm,6,85,5,6.285383667556019,7.469969235021438,0.05282065901338545,20000,20000,20,,
walker2d-medium-replay-v2,2,adm,6,86,1,6.613819974862752,7.751399381877167,0.05481067066610558,20000,20000,20,,
walker2d-medium-replay-v2,2,adm,6,87,1,6.8983209834123045,8.055896292144416,0.05696378896710881,20000,20000,20,,
walker2d-medium-replay-v2,2,adm,6,88,3,6.6713708280203425,7.752138207938423,0.05481589495528589,20000,20000,20,,
walker2d-medium-replay-v2,2,adm,6,89,5,6.745496540902814,7.813210428476772,0.05524774076813376,20000,20000,20,,
walker2d-medium-replay-v2,2,adm,6,90,1,7.068271403466041,8.102620451734516,0.05729417866802283,20000,20000,20,,
walker2d-medium-replay-v2,2,adm,6,91,1,7.38205937478118,8.577025985462036,0.06064873236733436,20000,20000,20,,
walker2d-medium-replay-v2,2,adm,6,92,5,6.960936767291452,7.950781213694613,0.0562205131193407,20000,20000,20,,
walker2d-medium-replay-v2,2,adm,6,93,3,7.188264751594216,8.246549188161856,0.058311908523376664,20000,20000,20,,
walker2d-medium-replay-v2,2,adm,6,94,5,7.054755402415787,7.946114310573881,0.05618751313090259,20000,20000,20,,
walker2d-medium-replay-v2,2,adm,6,95,1,7.404196615928091,8.287852043785367,0.0586039638163142,20000,20000,20,,
walker2d-medium-replay-v2,2,adm,6,96,3,7.474590602838628,8.376255204857243,0.059229068563036696,20000,20000,20,,
walker2d-medium-replay-v2,2,adm,6,97,1,7.745908369244213,8.656543223091031,0.0612110041468212,20000,20000,20,,
walker2d-medium-replay-v2,2,adm,6,98,5,7.469248370300519,8.288171453602821,0.0586062223847932,20000,20000,20,,
walker2d-medium-replay-v2,2,adm,6,99,3,7.7721526492912965,8.677539171066856,0.06135946791873266,20000,20000,20,,
walker2d-medium-replay-v2,2,adm,6,100,2,7.988269092248068,8.878942965138432,0.06278360780417977,20000,20000,20,,
walker2d-medium-replay-v2,2,adm,7,1,3,0.28748306982746363,0.7341668278690735,0.005191343425084386,20000,20000,20,,
walker2d-medium-replay-v2,2,adm,7,2,4,0.3407172325137826,0.8099250908014242,0.005727035239588172,20000,20000,20,,
walker2d-medium-replay-v2,2,adm,7,3,5,0.42343428455575877,0.990660415373572,0.007005026975637346,20000,20000,20,,
walker2d-medium-replay-v2,2,adm,7,4,1,0.5970877574512236,1.3932540319966664,0.009851793739403418,20000,20000,20,,
walker2d-medium-replay-v2,2,adm,7,5,2,0.6223906323159275,1.5876933609401191,0.01122668741965619,20000,20000,20,,
walker2d-medium-replay-v2,2,adm,7,6,5,0.6480416962930612,1.559391065821832,0.011026559971643353,20000,20000,20,,
walker2d-medium-replay-v2,2,adm,7,7,3,0.732687442861011,1.7309825754509935,0.01223989517217152,20000,20000,20,,
walker2d-medium-replay-v2,2,adm,7,8,4,0.7725402414014364,1.7867474681627047,0.012634212510057434,20000,20000,20,,
walker2d-medium-replay-v2,2,adm,7,9,4,0.8281065143862794,1.9807978032494373,0.014006355588370939,20000,20000,20,,
walker2d-medium-replay-v2,2,adm,7,10,2,0.9841301493332371,2.2920404373989705,0.016207173360385924,20000,20000,20,,
walker2d-medium-replay-v2,2,adm,7,11,1,1.108176341450258,2.4667056654937434,0.017442243032619015,20000,20000,20,,
walker2d-medium-replay-v2,2,adm,7,12,4,1.0168284769257492,2.3383241111120827,0.016534448355793596,20000,20000,20,,
walker2d-medium-replay-v2,2,adm,7,13,3,1.1406597098634785,2.61705676300894,0.018505385838737367,20000,20000,20,,
walker2d-medium-replay-v2,2,adm,7,14,2,1.2019535142094089,2.6984915155261344,0.01908121649602893,20000,20000,20,,
walker2d-medium-replay-v2,2,adm,7,15,4,1.2564978626590202,2.7291043792406344,0.019297682131269558,20000,20000,20,,
walker2d-medium-replay-v2,2,adm,7,16,3,1.3288085554769837,2.895821175615929,0.020476547903816235,20000,20000,20,,
walker2d-medium-replay-v2,2,adm,7,17,2,1.4324702695190306,3.044280221097486,0.021526311881701145,20000,20000,20,,
walker2d-medium-replay-v2,2,adm,7,18,3,1.4459800866854902,3.011158120707136,0.02129210326376956,20000,20000,20,,
walker2d-medium-replay-v2,2,adm,7,19,1,1.5830576834736256,3.118554163603268,0.022051507965814125,20000,20000,20,,
walker2d-medium-replay-v2,2,adm,7,20,3,1.5849975076077532,3.2167515746481774,0.02274586851826231,20000,20000,20,,
walker2d-medium-replay-v2,2,adm,7,21,1,1.7286455472114628,3.3013020909459807,0.023343730952532313,20000,20000,20,,
walker2d-medium-replay-v2,2,adm,7,22,2,1.7561026768836219,3.392759789989707,0.023990434544387686,20000,20000,20,,
walker2d-medium-replay-v2,2,adm,7,23,1,1.87524143083643,3.4692994539687527,0.024531651698680917,20000,20000,20,,
walker2d-medium-replay-v2,2,adm,7,24,2,1.8890384211854696,3.5415374091918226,0.025042451178653745,20000,20000,20,,
walker2d-medium-replay-v2,2,adm,7,25,4,1.8916094564030217,3.5349690904535978,0.02499600615144581,20000,20000,20,,
walker2d-medium-replay-v2,2,adm,7,26,4,1.9449386956142252,3.6769165929912746,0.025999726567614668,20000,20000,20,,
walker2d-medium-replay-v2,2,adm,7,27,4,2.02437967647861,3.706697093680834,0.02621030650746185,20000,20000,20,,
walker2d-medium-replay-v2,2,adm,7,28,4,2.0786388991704916,3.7652736332555845,0.026624505190979333,20000,20000,20,,
walker2d-medium-replay-v2,2,adm,7,29,2,2.240618810441388,4.055267943923901,0.028675074626770186,20000,20000,20,,
walker2d-medium-replay-v2,2,adm,7,30,1,2.3930459906400072,4.139350557970379,0.029269628492491737,20000,20000,20,,
walker2d-medium-replay-v2,2,adm,7,31,1,2.531081580616309,4.31524715530219,0.03051340526010137,20000,20000,20,,
walker2d-medium-replay-v2,2,adm,7,32,3,2.437956363785753,4.272376240067212,0.030210262111318106,20000,20000,20,,
walker2d-medium-replay-v2,2,adm,7,33,3,2.547157209561401,4.357013577638474,0.03080873846470025,20000,20000,20,,
walker2d-medium-replay-v2,2,adm,7,34,3,2.671717428346756,4.458975954136529,0.03152972134317695,20000,20000,20,,
walker2d-medium-replay-v2,2,adm,7,35,4,2.7177164851587405,4.562793396106596,0.032263821515401706,20000,20000,20,,
walker2d-medium-replay-v2,2,adm,7,36,1,2.941791548216044,4.897263797706815,0.034628884406178735,20000,20000,20,,
walker2d-medium-replay-v2,2,adm,7,37,1,3.0890156532458866,5.0075911042338355,0.03540901627213176,20000,20000,20,,
walker2d-medium-replay-v2,2,adm,7,38,1,3.2158146620815034,5.178237545861141,0.03661566883273199,20000,20000,20,,
walker2d-medium-replay-v2,2,adm,7,39,3,3.087535030992207,4.958731460808085,0.035063526420204716,20000,20000,20,,
walker2d-medium-replay-v2,2,adm,7,40,2,3.344993141796111,5.300109720204498,0.037477435241893356,20000,20000,20,,
walker2d-medium-replay-v2,2,adm,7,41,5,3.1838577873331877,5.078398855000067,0.03590970267940546,20000,20000,20,,
walker2d-medium-replay-v2,2,adm,7,42,3,3.303498604517781,5.171663879333445,0.036569185990942055,20000,20000,20,,
walker2d-medium-replay-v2,2,adm,7,43,3,3.485074954564126,5.38412781246703,0.038071532869705285,20000,20000,20,,
walker2d-medium-replay-v2,2,adm,7,44,4,3.4824490316844887,5.395300370125069,0.03815053478253726,20000,20000,20,,
walker2d-medium-replay-v2,2,adm,7,45,3,3.5111390969834932,5.400342134708698,0.03818618544179956,20000,20000,20,,
walker2d-medium-replay-v2,2,adm,7,46,2,3.6851718863030682,5.597368196096255,0.03957937008257575,20000,20000,20,,
walker2d-medium-replay-v2,2,adm,7,47,3,3.6767969942619283,5.510605517879239,0.038965865301364165,20000,20000,20,,
walker2d-medium-replay-v2,2,adm,7,48,3,3.7079584096275857,5.561395039406847,0.03932500145221808,20000,20000,20,,
walker2d-medium-replay-v2,2,adm,7,49,5,3.7378584407391218,5.524342207103122,0.03906299836237676,20000,20000,20,,
walker2d-medium-replay-v2,2,adm,7,50,2,3.9486147441029478,5.86285614846468,0.041456653397006195,20000,20000,20,,
walker2d-medium-replay-v2,2,adm,7,51,2,4.028319978599663,5.865779216075127,0.041477322606298335,20000,20000,20,,
walker2d-medium-replay-v2,2,adm,7,52,3,4.013710421522833,5.87317538776592,0.04152962143787212,20000,20000,20,,
walker2d-medium-replay-v2,2,adm,7,53,4,3.998765239128898,5.748848877697853,0.04065050025436825,20000,20000,20,,
walker2d-medium-replay-v2,2,adm,7,54,1,4.23209397105961,5.974126030454906,0.04224345027797735,20000,20000,20,,
walker2d-medium-replay-v2,2,adm,7,55,4,4.230885703591663,6.013813137099511,0.04252408050031809,20000,20000,20,,
walker2d-medium-replay-v2,2,adm,7,56,4,4.287680230258908,6.039229143971921,0.04270379880841974,20000,20000,20,,
walker2d-medium-replay-v2,2,adm,7,57,1,4.5087569566963825,6.182673739788062,0.04371810527268131,20000,20000,20,,
walker2d-medium-replay-v2,2,adm,7,58,1,4.730507211808664,6.508247703632113,0.04602026084880043,20000,20000,20,,
walker2d-medium-replay-v2,2,adm,7,59,1,4.88467279734224,6.6655773406115815,0.047132749380698426,20000,20000,20,,
walker2d-medium-replay-v2,2,adm,7,60,4,4.620897960850683,6.283532506817783,0.04443128445376961,20000,20000,20,,
walker2d-medium-replay-v2,2,adm,7,61,4,4.714380705023394,6.326965061606452,0.044738398993922845,20000,20000,20,,
walker2d-medium-replay-v2,2,adm,7,62,5,4.718540259120042,6.29520688101753,0.04451383474539711,20000,20000,20,,
walker2d-medium-replay-v2,2,adm,7,63,3,4.8283595418570915,6.471299060946722,0.045758994490815635,20000,20000,20,,
walker2d-medium-replay-v2,2,adm,7,64,2,5.0682165444156695,6.692067772743347,0.047320065022667765,20000,20000,20,,
walker2d-medium-replay-v2,2,adm,7,65,2,5.108868877126666,6.770169156029413,0.047872325200084026,20000,20000,20,,
walker2d-medium-replay-v2,2,adm,7,66,3,5.102262958994165,6.663986464482932,0.04712150018771247,20000,20000,20,,
walker2d-medium-replay-v2,2,adm,7,67,1,5.30676536260068,6.860213452429565,0.04850903452600122,20000,20000,20,,
walker2d-medium-replay-v2,2,adm,7,68,5,5.126912473312796,6.549644562472155,0.046312980844856584,20000,20000,20,,
walker2d-medium-replay-v2,2,adm,7,69,2,5.479650009433433,7.06206357341891,0.049936330419350125,20000,20000,20,,
walker2d-medium-replay-v2,2,adm,7,70,1,5.67769805093264,7.248695812358726,0.05125601963677385,20000,20000,20,,
walker2d-medium-replay-v2,2,adm,7,71,2,5.7534955818956,7.35396773862981,0.052000404566122385,20000,20000,20,,
walker2d-medium-replay-v2,2,adm,7,72,2,5.858379451390877,7.420315240623268,0.05246955225186601,20000,20000,20,,
walker2d-medium-replay-v2,2,adm,7,73,3,5.818470017412047,7.309411946893889,0.051685347541346335,20000,20000,20,,
walker2d-medium-replay-v2,2,adm,7,74,2,6.028339541739311,7.562182577441106,0.0534727058107937,20000,20000,20,,
walker2d-medium-replay-v2,2,adm,7,75,5,5.87464647339686,7.244407956952544,0.05122569992042926,20000,20000,20,,
walker2d-medium-replay-v2,2,adm,7,76,1,6.1532501250650835,7.484600458799121,0.05292411738888803,20000,20000,20,,
walker2d-medium-replay-v2,2,adm,7,77,4,6.091515632818585,7.437315087848627,0.05258975932438787,20000,20000,20,,
walker2d-medium-replay-v2,2,adm,7,78,5,6.131294244567299,7.435578955421806,0.05257748301426744,20000,20000,20,,
walker2d-medium-replay-v2,2,adm,7,79,1,6.379636102539868,7.6793973984036334,0.0543015397583754,20000,20000,20,,
walker2d-medium-replay-v2,2,adm,7,80,2,6.460959034152048,7.754254645011139,0.054830860425346614,20000,20000,20,,
walker2d-medium-replay-v2,2,adm,7,81,1,6.661778888346139,7.967568526071465,0.05633921734353638,20000,20000,20,,
walker2d-medium-replay-v2,2,adm,7,82,1,6.855882606942109,8.190368387910212,0.05791465027507242,20000,20000,20,,
walker2d-medium-replay-v2,2,adm,7,83,5,6.402500721737974,7.465963763016474,0.05279233604921983,20000,20000,20,,
walker2d-medium-replay-v2,2,adm,7,84,4,6.5768974175196755,7.650620340396765,0.05409805522978285,20000,20000,20,,
walker2d-medium-replay-v2,2,adm,7,85,1,6.879156428643759,7.961033249552279,0.05629300596009992,20000,20000,20,,
walker2d-medium-replay-v2,2,adm,7,86,4,6.804447650526944,7.826314994136472,0.05534040404055854,20000,20000,20,,
walker2d-medium-replay-v2,2,adm,7,87,2,7.097325878179446,8.25181170594199,0.058349120143461136,20000,20000,20,,
walker2d-medium-replay-v2,2,adm,7,88,1,7.3112379572485455,8.463421202018724,0.05984542523985441,20000,20000,20,,
walker2d-medium-replay-v2,2,adm,7,89,2,7.367928343782645,8.484214212656138,0.0599924540280844,20000,20000,20,,
walker2d-medium-replay-v2,2,adm,7,90,1,7.598777084936158,8.732381079603995,0.06174725877293089,20000,20000,20,,
walker2d-medium-replay-v2,2,adm,7,91,3,7.478094896652118,8.406176182261428,0.059440641823258984,20000,20000,20,,
walker2d-medium-replay-v2,2,adm,7,92,2,7.791219980958076,8.777859877299823,0.06206884243544021,20000,20000,20,,
walker2d-medium-replay-v2,2,adm,7,93,2,7.817523699328305,8.762669036320979,0.06196142696875954,20000,20000,20,,
walker2d-medium-replay-v2,2,adm,7,94,2,8.093471449418814,9.088184591310313,0.06426316953190614,20000,20000,20,,
walker2d-medium-replay-v2,2,adm,7,95,5,7.713385530700403,8.378794829000322,0.059247026417569064,20000,20000,20,,
walker2d-medium-replay-v2,2,adm,7,96,4,7.92922435102819,8.605174523437329,0.06084777258816253,20000,20000,20,,
walker2d-medium-replay-v2,2,adm,7,97,4,7.946630384247032,8.561001459987693,0.06053542186105232,20000,20000,20,,
walker2d-medium-replay-v2,2,adm,7,98,1,8.253911877014637,8.922482735981774,0.06309148047632612,20000,20000,20,,
walker2d-medium-replay-v2,2,adm,7,99,1,8.678008404057605,9.464618947423254,0.06692496239069666,20000,20000,20,,
walker2d-medium-replay-v2,2,adm,7,100,2,8.631879425927243,9.311292189608036,0.06584077848881179,20000,20000,20,,
walker2d-medium-replay-v2,2,adm,8,1,3,0.2892145278515926,0.750649506101975,0.005307893560590392,20000,20000,20,,
walker2d-medium-replay-v2,2,adm,8,2,4,0.33780384835258,0.8098467179999416,0.005726481060194283,20000,20000,20,,
walker2d-medium-replay-v2,2,adm,8,3,4,0.340460363492769,0.8228488947197032,0.005818420333481577,20000,20000,20,,
walker2d-medium-replay-v2,2,adm,8,4,3,0.5128402276363448,1.3237977942319303,0.009360663972211919,20000,20000,20,,
walker2d-medium-replay-v2,2,adm,8,5,4,0.5578694543241257,1.3586949651954903,0.009607424234537513,20000,20000,20,,
walker2d-medium-replay-v2,2,adm,8,6,1,0.7429388260218024,1.7107808155663844,0.012097047158108427,20000,20000,20,,
walker2d-medium-replay-v2,2,adm,8,7,1,0.9135470910688831,2.177795585830752,0.015399340267790546,20000,20000,20,,
walker2d-medium-replay-v2,2,adm,8,8,2,0.8749921218946498,2.0832996899142273,0.014731153379821818,20000,20000,20,,
walker2d-medium-replay-v2,2,adm,8,9,3,0.8984326262632137,2.143461460177056,0.015156561337032151,20000,20000,20,,
walker2d-medium-replay-v2,2,adm,8,10,4,0.9329005610109765,2.2013285331170525,0.015565743333865031,20000,20000,20,,
walker2d-medium-replay-v2,2,adm,8,11,5,0.9909141076320785,2.264032482198482,0.016009127209891578,20000,20000,20,,
walker2d-medium-replay-v2,2,adm,8,12,2,1.1179178160609395,2.526144353660759,0.01786253802729631,20000,20000,20,,
walker2d-medium-replay-v2,2,adm,8,13,4,1.1061498071470124,2.471321190980516,0.017474879726323375,20000,20000,20,,
walker2d-medium-replay-v2,2,adm,8,14,3,1.1788029792698282,2.638648399571821,0.018658061765042654,20000,20000,20,,
walker2d-medium-replay-v2,2,adm,8,15,1,1.3262625973538105,2.821043486570161,0.019947789793759017,20000,20000,20,,
walker2d-medium-replay-v2,2,adm,8,16,5,1.2715535097257171,2.7530002075055933,0.019466651153351774,20000,20000,20,,
walker2d-medium-replay-v2,2,adm,8,17,2,1.4682301787739844,3.1616490551949745,0.022356234866604076,20000,20000,20,,
walker2d-medium-replay-v2,2,adm,8,18,5,1.3624877957368309,2.816017869319427,0.0199122533133826,20000,20000,20,,
walker2d-medium-replay-v2,2,adm,8,19,4,1.4571357089625636,2.950035325225763,0.02085989983206999,20000,20000,20,,
walker2d-medium-replay-v2,2,adm,8,20,3,1.5704402564318118,3.1398388256776704,0.022202013254694866,20000,20000,20,,
walker2d-medium-replay-v2,2,adm,8,21,4,1.6152656010553597,3.2124041986810794,0.022715127927995286,20000,20000,20,,
walker2d-medium-replay-v2,2,adm,8,22,5,1.6689875731306936,3.2542233205976734,0.02301083377490019,20000,20000,20,,
walker2d-medium-replay-v2,2,adm,8,23,5,1.6748116283905474,3.2836731281914764,0.02321907536144236,20000,20000,20,,
walker2d-medium-replay-v2,2,adm,8,24,4,1.815433120961516,3.5221513544316725,0.024905371070840187,20000,20000,20,,
walker2d-medium-replay-v2,2,adm,8,25,1,1.9978671330820383,3.691782825584829,0.026104846706390655,20000,20000,20,,
walker2d-medium-replay-v2,2,adm,8,26,5,1.9110172220831616,3.583053372735491,0.025336013372145957,20000,20000,20,,
walker2d-medium-replay-v2,2,adm,8,27,5,1.947552857545472,3.6255658976106364,0.02563662231839173,20000,20000,20,,
walker2d-medium-replay-v2,2,adm,8,28,3,2.1119057237863577,3.8685777069036735,0.027354975300986916,20000,20000,20,,
walker2d-medium-replay-v2,2,adm,8,29,5,2.0861138410188325,3.8417855927376476,0.027165526444895706,20000,20000,20,,
walker2d-medium-replay-v2,2,adm,8,30,4,2.1833753534072997,3.9500476128846467,0.027931054530804682,20000,20000,20,,
walker2d-medium-replay-v2,2,adm,8,31,3,2.36486212747237,4.221246561211721,0.029848720684932026,20000,20000,20,,
walker2d-medium-replay-v2,2,adm,8,32,1,2.5252240328347844,4.356575907884708,0.030805643672192167,20000,20000,20,,
walker2d-medium-replay-v2,2,adm,8,33,5,2.4424466703144287,4.250222722141089,0.030053613083791113,20000,20000,20,,
walker2d-medium-replay-v2,2,adm,8,34,5,2.4057154324589485,4.104151335419762,0.029020732402911385,20000,20000,20,,
walker2d-medium-replay-v2,2,adm,8,35,4,2.6168003722505246,4.48117058678171,0.03168666109567047,20000,20000,20,,
walker2d-medium-replay-v2,2,adm,8,36,4,2.707311754356765,4.526271681748978,0.03200557399657341,20000,20000,20,,
walker2d-medium-replay-v2,2,adm,8,37,5,2.7821764298624987,4.644469528713199,0.032841358987673916,20000,20000,20,,
walker2d-medium-replay-v2,2,adm,8,38,4,2.7757511899193203,4.63592016993573,0.032780905892010465,20000,20000,20,,
walker2d-medium-replay-v2,2,adm,8,39,1,2.9750281462637167,4.845170335563543,0.03426052800280881,20000,20000,20,,
walker2d-medium-replay-v2,2,adm,8,40,5,2.9988837029736715,4.883409728709632,0.034530921344829386,20000,20000,20,,
walker2d-medium-replay-v2,2,adm,8,41,1,3.2252939074955327,5.145537556899119,0.03638444499333427,20000,20000,20,,
walker2d-medium-replay-v2,2,adm,8,42,1,3.3884947883395267,5.319541449608763,0.03761483831821273,20000,20000,20,,
walker2d-medium-replay-v2,2,adm,8,43,1,3.493535013041484,5.4284688061094535,0.038385071042596364,20000,20000,20,,
walker2d-medium-replay-v2,2,adm,8,44,5,3.276183083377914,5.213258974066852,0.036863307726442945,20000,20000,20,,
walker2d-medium-replay-v2,2,adm,8,45,3,3.4911149664518852,5.390961296374187,0.03811985289780409,20000,20000,20,,
walker2d-medium-replay-v2,2,adm,8,46,2,3.5073160404457084,5.4861526636068865,0.038792957510610696,20000,20000,20,,
walker2d-medium-replay-v2,2,adm,8,47,3,3.483842418849124,5.398693671223904,0.0381745290447132,20000,20000,20,,
walker2d-medium-replay-v2,2,adm,8,48,4,3.5056791750966854,5.348546057992341,0.03781993187094962,20000,20000,20,,
walker2d-medium-replay-v2,2,adm,8,49,3,3.657933110060339,5.555666209923703,0.03928449251046016,20000,20000,20,,
walker2d-medium-replay-v2,2,adm,8,50,2,3.7877618646208413,5.677210711718363,0.0401439419248096,20000,20000,20,,
walker2d-medium-replay-v2,2,adm,8,51,5,3.712608097321557,5.538330863915804,0.03916191310329615,20000,20000,20,,
walker2d-medium-replay-v2,2,adm,8,52,4,3.795568314949705,5.626675870806129,0.03978660663785736,20000,20000,20,,
walker2d-medium-replay-v2,2,adm,8,53,2,4.032177782540935,5.924576064519981,0.04189307910877587,20000,20000,20,,
walker2d-medium-replay-v2,2,adm,8,54,4,3.993930147178536,5.787021715703306,0.040920422980476163,20000,20000,20,,
walker2d-medium-replay-v2,2,adm,8,55,1,4.198808887772509,6.005288634228851,0.04246380316245721,20000,20000,20,,
walker2d-medium-replay-v2,2,adm,8,56,3,4.197263128855092,6.044264127789193,0.04273940152042331,20000,20000,20,,
walker2d-medium-replay-v2,2,adm,8,57,5,4.104997259315793,5.758450758773975,0.040718395806578975,20000,20000,20,,
walker2d-medium-replay-v2,2,adm,8,58,3,4.331989113645364,6.084472611905156,0.0430237184382196,20000,20000,20,,
walker2d-medium-replay-v2,2,adm,8,59,1,4.563389106677271,6.407892392743648,0.045310641640227245,20000,20000,20,,
walker2d-medium-replay-v2,2,adm,8,60,1,4.768325898175822,6.602142137155269,0.04668419475539936,20000,20000,20,,
walker2d-medium-replay-v2,2,adm,8,61,4,4.474539792294218,6.163931049528307,0.04358557443887778,20000,20000,20,,
walker2d-medium-replay-v2,2,adm,8,62,2,4.837084723654755,6.539671391152768,0.04624245987415785,20000,20000,20,,
walker2d-medium-replay-v2,2,adm,8,63,1,4.994019438057095,6.721163782507522,0.04752580488076494,20000,20000,20,,
walker2d-medium-replay-v2,2,adm,8,64,2,5.033265600464765,6.802263818977485,0.048099268738188816,20000,20000,20,,
walker2d-medium-replay-v2,2,adm,8,65,1,5.196101805234998,6.881819021927022,0.04866180897303171,20000,20000,20,,
walker2d-medium-replay-v2,2,adm,8,66,2,5.239286634940054,6.9237807419024575,0.04895852314048053,20000,20000,20,,
walker2d-medium-replay-v2,2,adm,8,67,1,5.404780599026154,7.101936626824179,0.050218275483844915,20000,20000,20,,
walker2d-medium-replay-v2,2,adm,8,68,2,5.4760546073072485,7.128017682235205,0.05040269639526131,20000,20000,20,,
walker2d-medium-replay-v2,2,adm,8,69,3,5.445007739698495,7.088631614336098,0.05012419483830398,20000,20000,20,,
walker2d-medium-replay-v2,2,adm,8,70,4,5.440587149263146,7.0006897329945215,0.04950235183183467,20000,20000,20,,
walker2d-medium-replay-v2,2,adm,8,71,3,5.631220457656981,7.282002335116564,0.05149153231777196,20000,20000,20,,
walker2d-medium-replay-v2,2,adm,8,72,5,5.600811905572825,7.146651686112868,0.050534458700286826,20000,20000,20,,
walker2d-medium-replay-v2,2,adm,8,73,2,5.916066042458816,7.563228569796228,0.05348010209366746,20000,20000,20,,
walker2d-medium-replay-v2,2,adm,8,74,3,5.87394273113227,7.434532889941157,0.05257008621431812,20000,20000,20,,
walker2d-medium-replay-v2,2,adm,8,75,1,6.081517400134549,7.575771446681727,0.053568793626680704,20000,20000,20,,
walker2d-medium-replay-v2,2,adm,8,76,4,5.877170293023612,7.173584932762067,0.050724905513737005,20000,20000,20,,
walker2d-medium-replay-v2,2,adm,8,77,1,6.161770633551794,7.47137867559794,0.0528306252632787,20000,20000,20,,
walker2d-medium-replay-v2,2,adm,8,78,2,6.228969524768919,7.5645868634281515,0.05348970668004722,20000,20000,20,,
walker2d-medium-replay-v2,2,adm,8,79,4,6.206262760362414,7.564040512044489,0.05348584339236423,20000,20000,20,,
walker2d-medium-replay-v2,2,adm,8,80,2,6.478399739205134,7.859801706052696,0.055577190851314566,20000,20000,20,,
walker2d-medium-replay-v2,2,adm,8,81,3,6.395463635152787,7.712517628393787,0.054535735150580356,20000,20000,20,,
walker2d-medium-replay-v2,2,adm,8,82,1,6.647816497614149,7.937280231788788,0.05612504676075783,20000,20000,20,,
walker2d-medium-replay-v2,2,adm,8,83,2,6.665873779994328,7.90621304773307,0.05590536859557615,20000,20000,20,,
walker2d-medium-replay-v2,2,adm,8,84,3,6.612820044701561,7.744657201873272,0.05476299625409823,20000,20000,20,,
walker2d-medium-replay-v2,2,adm,8,85,2,6.9338035547032355,8.189560497053249,0.057908937624038245,20000,20000,20,,
walker2d-medium-replay-v2,2,adm,8,86,2,6.984080315243288,8.242835901357774,0.058285651620580095,20000,20000,20,,
walker2d-medium-replay-v2,2,adm,8,87,4,6.911262503415258,7.974526770127636,0.05638841955910908,20000,20000,20,,
walker2d-medium-replay-v2,2,adm,8,88,1,7.151145340346108,8.291625217105032,0.058630644180723474,20000,20000,20,,
walker2d-medium-replay-v2,2,adm,8,89,2,7.242926242664563,8.415483213973912,0.059506452475625145,20000,20000,20,,
walker2d-medium-replay-v2,2,adm,8,90,3,7.205644068823165,8.263514554760645,0.05843187178104986,20000,20000,20,,
walker2d-medium-replay-v2,2,adm,8,91,5,7.18249524731704,8.175700007839852,0.05781092916490469,20000,20000,20,,
walker2d-medium-replay-v2,2,adm,8,92,2,7.528425573401,8.516882566109771,0.06022345417065703,20000,20000,20,,
walker2d-medium-replay-v2,2,adm,8,93,5,7.338726521181935,8.174759300307123,0.05780427735814963,20000,20000,20,,
walker2d-medium-replay-v2,2,adm,8,94,5,7.438201593996443,8.245244928068285,0.05830268601181071,20000,20000,20,,
walker2d-medium-replay-v2,2,adm,8,95,4,7.505457254780135,8.256153492636338,0.05837982121160153,20000,20000,20,,
walker2d-medium-replay-v2,2,adm,8,96,5,7.528053902891571,8.27566684688764,0.058517801462749444,20000,20000,20,,
walker2d-medium-replay-v2,2,adm,8,97,5,7.647949968834107,8.35232027570006,0.05905982305589407,20000,20000,20,,
walker2d-medium-replay-v2,2,adm,8,98,4,7.7352697697944475,8.406877179854906,0.059445598624778426,20000,20000,20,,
walker2d-medium-replay-v2,2,adm,8,99,1,8.065764718090348,8.776039974524657,0.06205597377950601,20000,20000,20,,
walker2d-medium-replay-v2,2,adm,8,100,4,7.873330603412835,8.502889190979637,0.06012450606619498,20000,20000,20,,
walker2d-medium-replay-v2,2,adm,9,1,1,0.27064217343562963,0.682069796814755,0.004822961785702439,20000,20000,20,,
walker2d-medium-replay-v2,2,adm,9,2,5,0.4282514498740776,1.004416607671956,0.007102297944212282,20000,20000,20,,
walker2d-medium-replay-v2,2,adm,9,3,4,0.336387324647128,0.8065630977787268,0.005703262358941661,20000,20000,20,,
walker2d-medium-replay-v2,2,adm,9,4,1,0.5349522603567871,1.261254013696358,0.008918412658834453,20000,20000,20,,
walker2d-medium-replay-v2,2,adm,9,5,3,0.6376905613611279,1.562706882148681,0.011050006333742191,20000,20000,20,,
walker2d-medium-replay-v2,2,adm,9,6,2,0.6629880851117811,1.6491636293350818,0.011661347855890541,20000,20000,20,,
walker2d-medium-replay-v2,2,adm,9,7,5,0.7362419963507649,1.744875779374223,0.012338134959236751,20000,20000,20,,
walker2d-medium-replay-v2,2,adm,9,8,5,0.6935026047988692,1.7276351376468362,0.012216225212462323,20000,20000,20,,
walker2d-medium-replay-v2,2,adm,9,9,1,0.8449888252866096,1.9473401850124494,0.01376977450099369,20000,20000,20,,
walker2d-medium-replay-v2,2,adm,9,10,4,0.873405867231407,2.027884727955979,0.014339310426023098,20000,20000,20,,
walker2d-medium-replay-v2,2,adm,9,11,2,0.9622986289962088,2.235948768542816,0.015810545366223352,20000,20000,20,,
walker2d-medium-replay-v2,2,adm,9,12,1,1.1247276659955783,2.509738984257254,0.01774653454776542,20000,20000,20,,
walker2d-medium-replay-v2,2,adm,9,13,5,0.9777311726444073,2.2657841686461806,0.01602151350354838,20000,20000,20,,
walker2d-medium-replay-v2,2,adm,9,14,4,1.1039068040038795,2.5056387271018417,0.017717541351373413,20000,20000,20,,
walker2d-medium-replay-v2,2,adm,9,15,3,1.2295498810084367,2.6506074124326338,0.01874262475594443,20000,20000,20,,
walker2d-medium-replay-v2,2,adm,9,16,2,1.2974037886365966,2.9195140032055438,0.020644081494357237,20000,20000,20,,
walker2d-medium-replay-v2,2,adm,9,17,5,1.301902808642024,2.808028504403837,0.019855759972290724,20000,20000,20,,
walker2d-medium-replay-v2,2,adm,9,18,4,1.3083051357622373,2.736577709464594,0.019350526556063643,20000,20000,20,,
walker2d-medium-replay-v2,2,adm,9,19,2,1.510139619317611,3.199816573895997,0.02262611997954965,20000,20000,20,,
walker2d-medium-replay-v2,2,adm,9,20,3,1.5121771174255987,3.1686614818045555,0.022405820210686152,20000,20000,20,,
walker2d-medium-replay-v2,2,adm,9,21,2,1.6243872812273414,3.291979477283484,0.023277810119140974,20000,20000,20,,
walker2d-medium-replay-v2,2,adm,9,22,5,1.547280989053713,3.061475873863428,0.021647903508478412,20000,20000,20,,
walker2d-medium-replay-v2,2,adm,9,23,5,1.5990582394302404,3.1161585239894034,0.0220345682356517,20000,20000,20,,
walker2d-medium-replay-v2,2,adm,9,24,2,1.7382072849674857,3.402884618442673,0.024062027892962114,20000,20000,20,,
walker2d-medium-replay-v2,2,adm,9,25,4,1.7871853337913803,3.4586672982298614,0.0244564710044649,20000,20000,20,,
walker2d-medium-replay-v2,2,adm,9,26,5,1.859556703129178,3.541947792448959,0.02504535302649381,20000,20000,20,,
walker2d-medium-replay-v2,2,adm,9,27,4,1.8537009849551305,3.437882964667083,0.024309503572418064,20000,20000,20,,
walker2d-medium-replay-v2,2,adm,9,28,3,2.049018030194256,3.871832405866699,0.027377989498061677,20000,20000,20,,
walker2d-medium-replay-v2,2,adm,9,29,5,2.004969589618386,3.7134703561274156,0.02625820070552919,20000,20000,20,,
walker2d-medium-replay-v2,2,adm,9,30,4,2.112560486188435,3.8826116785633213,0.027454210466262084,20000,20000,20,,
walker2d-medium-replay-v2,2,adm,9,31,5,2.1721481531303026,3.935524397471187,0.02782835988976978,20000,20000,20,,
walker2d-medium-replay-v2,2,adm,9,32,2,2.3384662735593533,4.134137419651509,0.029232766037926378,20000,20000,20,,
walker2d-medium-replay-v2,2,adm,9,33,5,2.3049121889246362,4.077146421015898,0.028829778821908035,20000,20000,20,,
walker2d-medium-replay-v2,2,adm,9,34,2,2.496946590200931,4.379722276824216,0.030969313216561885,20000,20000,20,,
walker2d-medium-replay-v2,2,adm,9,35,2,2.569599645708525,4.480929383454172,0.03168495553058501,20000,20000,20,,
walker2d-medium-replay-v2,2,adm,9,36,3,2.604143443311969,4.530210680271019,0.0320334269222336,20000,20000,20,,
walker2d-medium-replay-v2,2,adm,9,37,5,2.6465543465264068,4.555727122422836,0.03221385541500664,20000,20000,20,,
walker2d-medium-replay-v2,2,adm,9,38,2,2.818033139257268,4.835016878085817,0.03418873221645892,20000,20000,20,,
walker2d-medium-replay-v2,2,adm,9,39,4,2.8108377683891517,4.724432295197467,0.033406781131908536,20000,20000,20,,
walker2d-medium-replay-v2,2,adm,9,40,2,3.005941629250289,5.006686080661475,0.035402616789080264,20000,20000,20,,
walker2d-medium-replay-v2,2,adm,9,41,2,3.0745684195203076,5.0166841891440965,0.03547331409215127,20000,20000,20,,
walker2d-medium-replay-v2,2,adm,9,42,5,3.003468716435251,4.870948216892687,0.03444280514973341,20000,20000,20,,
walker2d-medium-replay-v2,2,adm,9,43,3,3.192212261507108,5.138554933252379,0.036335070388023444,20000,20000,20,,
walker2d-medium-replay-v2,2,adm,9,44,3,3.25361432794674,5.197549880661091,0.03675222766170788,20000,20000,20,,
walker2d-medium-replay-v2,2,adm,9,45,4,3.277279017891358,5.203320745883333,0.036793033841027487,20000,20000,20,,
walker2d-medium-replay-v2,2,adm,9,46,4,3.300569726867022,5.130566866324049,0.0362785862250875,20000,20000,20,,
walker2d-medium-replay-v2,2,adm,9,47,4,3.4623609698599225,5.373623755088803,0.03799725796768412,20000,20000,20,,
walker2d-medium-replay-v2,2,adm,9,48,3,3.535334633890388,5.481750571052429,0.03876183001564402,20000,20000,20,,
walker2d-medium-replay-v2,2,adm,9,49,5,3.5480101021549193,5.460091020413276,0.03860867386430003,20000,20000,20,,
walker2d-medium-replay-v2,2,adm,9,50,1,3.798911152785552,5.701566451447347,0.04031616301204139,20000,20000,20,,
walker2d-medium-replay-v2,2,adm,9,51,2,3.849032893000712,5.789113364816066,0.04093521317319111,20000,20000,20,,
walker2d-medium-replay-v2,2,adm,9,52,4,3.762038648988367,5.563771349025047,0.03934180449867036,20000,20000,20,,
walker2d-medium-replay-v2,2,adm,9,53,2,3.9393044566808224,5.737508806926894,0.04057031384495544,20000,20000,20,,
walker2d-medium-replay-v2,2,adm,9,54,1,4.117108984497801,5.928737496543861,0.04192250487681119,20000,20000,20,,
walker2d-medium-replay-v2,2,adm,9,55,3,4.018654928197382,5.843846653857905,0.04132223597157239,20000,20000,20,,
walker2d-medium-replay-v2,2,adm,9,56,5,4.023494698331724,5.7034249997604665,0.04032930493319509,20000,20000,20,,
walker2d-medium-replay-v2,2,adm,9,57,2,4.240051991823921,6.005606291067798,0.0424660493355063,20000,20000,20,,
walker2d-medium-replay-v2,2,adm,9,58,4,4.220241241546018,5.924681560674332,0.04189382507923718,20000,20000,20,,
walker2d-medium-replay-v2,2,adm,9,59,1,4.473796872219366,6.192299533680106,0.043786169914034986,20000,20000,20,,
walker2d-medium-replay-v2,2,adm,9,60,3,4.443377246439546,6.169600940074938,0.04362566661941887,20000,20000,20,,
walker2d-medium-replay-v2,2,adm,9,61,1,4.660908726571942,6.397987013191058,0.045240600029708616,20000,20000,20,,
walker2d-medium-replay-v2,2,adm,9,62,5,4.535293704547549,6.1664842912709,0.04360362858437975,20000,20000,20,,
walker2d-medium-replay-v2,2,adm,9,63,1,4.745735105601533,6.349264684048935,0.04489608113639264,20000,20000,20,,
walker2d-medium-replay-v2,2,adm,9,64,4,4.680003542946687,6.332341579779942,0.04477641671851932,20000,20000,20,,
walker2d-medium-replay-v2,2,adm,9,65,1,4.947515220428889,6.59951591238363,0.0466656245419499,20000,20000,20,,
walker2d-medium-replay-v2,2,adm,9,66,4,4.825825711537907,6.325370219519126,0.044727121757374144,20000,20000,20,,
walker2d-medium-replay-v2,2,adm,9,67,5,4.843668476157526,6.335146945362191,0.044796253648788475,20000,20000,20,,
walker2d-medium-replay-v2,2,adm,9,68,3,5.121957257011986,6.6963203094010835,0.04735013499774706,20000,20000,20,,
walker2d-medium-replay-v2,2,adm,9,69,1,5.299888975053113,6.88494214296846,0.04868389277370038,20000,20000,20,,
walker2d-medium-replay-v2,2,adm,9,70,3,5.192567758323353,6.734545248522534,0.047620426134379265,20000,20000,20,,
walker2d-medium-replay-v2,2,adm,9,71,1,5.4357594570595,6.955676778652297,0.04918406217926839,20000,20000,20,,
walker2d-medium-replay-v2,2,adm,9,72,5,5.297449514322003,6.698177887687693,0.04736327005977753,20000,20000,20,,
walker2d-medium-replay-v2,2,adm,9,73,4,5.531742699347347,7.0421392367577305,0.04979544408371249,20000,20000,20,,
walker2d-medium-replay-v2,2,adm,9,74,1,5.764804103566052,7.273364910077754,0.051430456499602636,20000,20000,20,,
walker2d-medium-replay-v2,2,adm,9,75,2,5.913764976988009,7.508219510840735,0.05309112930752626,20000,20000,20,,
walker2d-medium-replay-v2,2,adm,9,76,5,5.7031782588445825,7.120822386370046,0.05035181797027233,20000,20000,20,,
walker2d-medium-replay-v2,2,adm,9,77,4,5.837996813147076,7.284423047125082,0.05150864933653719,20000,20000,20,,
walker2d-medium-replay-v2,2,adm,9,78,3,6.031952689653419,7.502418592647457,0.05305011062161051,20000,20000,20,,
walker2d-medium-replay-v2,2,adm,9,79,5,5.96638892453217,7.325134435947058,0.05179652232761261,20000,20000,20,,
walker2d-medium-replay-v2,2,adm,9,80,5,6.048047229244775,7.359374556684461,0.05203863654323324,20000,20000,20,,
walker2d-medium-replay-v2,2,adm,9,81,1,6.320537878053823,7.612414144311432,0.05382789662643003,20000,20000,20,,
walker2d-medium-replay-v2,2,adm,9,82,3,6.267930701927978,7.458735319883889,0.05274122323765511,20000,20000,20,,
walker2d-medium-replay-v2,2,adm,9,83,1,6.485447460650223,7.703249556451286,0.05447019998538969,20000,20000,20,,
walker2d-medium-replay-v2,2,adm,9,84,5,6.285793744378694,7.427148502402486,0.052517870709283085,20000,20000,20,,
walker2d-medium-replay-v2,2,adm,9,85,3,6.551926503568833,7.676385376120597,0.0542802415445612,20000,20000,20,,
walker2d-medium-replay-v2,2,adm,9,86,5,6.535687190179696,7.6185301831443395,0.05387114355175752,20000,20000,20,,
walker2d-medium-replay-v2,2,adm,9,87,5,6.582368961865839,7.5924040889077835,0.053686404167751646,20000,20000,20,,
walker2d-medium-replay-v2,2,adm,9,88,4,6.719818253740725,7.657961212292813,0.05414996303275802,20000,20000,20,,
walker2d-medium-replay-v2,2,adm,9,89,4,6.862136361810984,7.862555523836249,0.05559666328360358,20000,20000,20,,
walker2d-medium-replay-v2,2,adm,9,90,3,7.0688539473926575,8.144271713411628,0.057588697563791445,20000,20000,20,,
walker2d-medium-replay-v2,2,adm,9,91,4,7.035925992723938,7.985806608864158,0.05646818006372193,20000,20000,20,,
walker2d-medium-replay-v2,2,adm,9,92,1,7.344554130094822,8.332103515530298,0.05891686897379745,20000,20000,20,,
walker2d-medium-replay-v2,2,adm,9,93,2,7.443868154404112,8.397967296734828,0.05938259623704056,20000,20000,20,,
walker2d-medium-replay-v2,2,adm,9,94,5,7.228106725069214,8.02562554312642,0.0567497424480866,20000,20000,20,,
walker2d-medium-replay-v2,2,adm,9,95,1,7.587557040410238,8.43150612533509,0.059619751568403545,20000,20000,20,,
walker2d-medium-replay-v2,2,adm,9,96,1,8.013846165504328,9.008674819117607,0.06370095054102554,20000,20000,20,,
walker2d-medium-replay-v2,2,adm,9,97,1,8.310091369758933,9.384892797240838,0.06636121337637782,20000,20000,20,,
walker2d-medium-replay-v2,2,adm,9,98,4,7.702846250954017,8.38390436535136,0.05928315629559444,20000,20000,20,,
walker2d-medium-replay-v2,2,adm,9,99,5,7.753951732362704,8.387439209418533,0.059308151417697796,20000,20000,20,,
walker2d-medium-replay-v2,2,adm,9,100,5,7.874074364559073,8.552080003077537,0.06047233763425996,20000,20000,20,,
walker2d-medium-replay-v2,2,adm,10,1,3,0.2848426910203525,0.7484558765036967,0.005292382256946851,20000,20000,20,,
walker2d-medium-replay-v2,2,adm,10,2,4,0.33929337312778246,0.8203643311589526,0.0058008518160606185,20000,20000,20,,
walker2d-medium-replay-v2,2,adm,10,3,1,0.5274399464497921,1.2112740309932766,0.008565000811905102,20000,20000,20,,
walker2d-medium-replay-v2,2,adm,10,4,3,0.508221150427892,1.262043726034515,0.00892399676832943,20000,20000,20,,
walker2d-medium-replay-v2,2,adm,10,5,2,0.6566050581697307,1.5701087794569542,0.011102345651545456,20000,20000,20,,
walker2d-medium-replay-v2,2,adm,10,6,3,0.6645123793445401,1.5586982681976997,0.011021661152663214,20000,20000,20,,
walker2d-medium-replay-v2,2,adm,10,7,3,0.7385866762037961,1.7770135239874087,0.012565383130717003,20000,20000,20,,
walker2d-medium-replay-v2,2,adm,10,8,5,0.7841656254564277,1.8589222589814443,0.013144565350243947,20000,20000,20,,
walker2d-medium-replay-v2,2,adm,10,9,5,0.8449804251824254,2.0234941549993413,0.01430826438691377,20000,20000,20,,
walker2d-medium-replay-v2,2,adm,10,10,4,0.9247437819559953,2.1333166200979052,0.015084826484891945,20000,20000,20,,
walker2d-medium-replay-v2,2,adm,10,11,1,1.107008017343454,2.489526945061993,0.017603613847999647,20000,20000,20,,
walker2d-medium-replay-v2,2,adm,10,12,4,1.0169602034891088,2.3263470637215136,0.016449757841508955,20000,20000,20,,
walker2d-medium-replay-v2,2,adm,10,13,4,1.0510722258053697,2.3563896540475047,0.01666219103494813,20000,20000,20,,
walker2d-medium-replay-v2,2,adm,10,14,1,1.220752484857256,2.595588286471314,0.01835358078532237,20000,20000,20,,
walker2d-medium-replay-v2,2,adm,10,15,3,1.1976534150033058,2.645957744937785,0.018709746641785728,20000,20000,20,,
walker2d-medium-replay-v2,2,adm,10,16,3,1.26308997980974,2.7503564059558925,0.019447956653312726,20000,20000,20,,
walker2d-medium-replay-v2,2,adm,10,17,4,1.286261400945824,2.6972531468390084,0.019072459907066176,20000,20000,20,,
walker2d-medium-replay-v2,2,adm,10,18,1,1.4588626114172987,2.977839108082973,0.021056502266079708,20000,20000,20,,
walker2d-medium-replay-v2,2,adm,10,19,2,1.4868949672929022,3.1029348325112536,0.021941062616486515,20000,20000,20,,
walker2d-medium-replay-v2,2,adm,10,20,5,1.4786190046231271,3.0503103481400555,0.021568951318933317,20000,20000,20,,
walker2d-medium-replay-v2,2,adm,10,21,5,1.5394208502508802,3.0809006419544946,0.021785257360880106,20000,20000,20,,
walker2d-medium-replay-v2,2,adm,10,22,3,1.6516677361584116,3.3049728338677324,0.023369687024651944,20000,20000,20,,
walker2d-medium-replay-v2,2,adm,10,23,2,1.7412403256487476,3.4821528516336095,0.02462253894518199,20000,20000,20,,
walker2d-medium-replay-v2,2,adm,10,24,4,1.7037550403520108,3.3691935254784213,0.023823795889956027,20000,20000,20,,
walker2d-medium-replay-v2,2,adm,10,25,5,1.7421968710807643,3.384946539929157,0.023935186523378477,20000,20000,20,,
walker2d-medium-replay-v2,2,adm,10,26,1,1.9399855235926595,3.581584435486029,0.025325626417243636,20000,20000,20,,
walker2d-medium-replay-v2,2,adm,10,27,3,1.9100840969551944,3.573990908610799,0.02527193207377766,20000,20000,20,,
walker2d-medium-replay-v2,2,adm,10,28,3,1.9957217853989302,3.738308661881888,0.02643383404985091,20000,20000,20,,
walker2d-medium-replay-v2,2,adm,10,29,2,2.134455946474494,3.9033299273978876,0.027600710608714406,20000,20000,20,,
walker2d-medium-replay-v2,2,adm,10,30,3,2.15653736956149,3.943411763034541,0.02788413198652523,20000,20000,20,,
walker2d-medium-replay-v2,2,adm,10,31,3,2.2260979546512294,4.026891343965557,0.028474421764194555,20000,20000,20,,
walker2d-medium-replay-v2,2,adm,10,32,1,2.3735801556294587,4.155940882318669,0.029386939800979343,20000,20000,20,,
walker2d-medium-replay-v2,2,adm,10,33,5,2.325686033970018,4.141106999743672,0.029282048411378287,20000,20000,20,,
walker2d-medium-replay-v2,2,adm,10,34,4,2.4239698303175237,4.274936254932607,0.030228364150030697,20000,20000,20,,
walker2d-medium-replay-v2,2,adm,10,35,2,2.6304350090561717,4.6189000350116105,0.03266055536379491,20000,20000,20,,
walker2d-medium-replay-v2,2,adm,10,36,1,2.730451059840373,4.603227215290351,0.032549731792742745,20000,20000,20,,
walker2d-medium-replay-v2,2,adm,10,37,5,2.6923568784064593,4.550041794445317,0.03217365407534491,20000,20000,20,,
walker2d-medium-replay-v2,2,adm,10,38,1,2.90899605727841,4.749222049971784,0.03358207116895725,20000,20000,20,,
walker2d-medium-replay-v2,2,adm,10,39,3,2.8531805154195133,4.722781369076912,0.03339510732135771,20000,20000,20,,
walker2d-medium-replay-v2,2,adm,10,40,1,3.019026021968735,4.909650476555116,0.03471647145227887,20000,20000,20,,
walker2d-medium-replay-v2,2,adm,10,41,2,3.092797055441484,5.067836123866467,0.03583501289128127,20000,20000,20,,
walker2d-medium-replay-v2,2,adm,10,42,4,3.057775050674743,4.962875838205331,0.03509283159381861,20000,20000,20,,
walker2d-medium-replay-v2,2,adm,10,43,1,3.252321002289754,5.115316487831125,0.03617074976460742,20000,20000,20,,
walker2d-medium-replay-v2,2,adm,10,44,1,3.4349401767103176,5.372667556178678,0.03799049662034899,20000,20000,20,,
walker2d-medium-replay-v2,2,adm,10,45,3,3.3058854170057983,5.209201073700204,0.03683461403777659,20000,20000,20,,
walker2d-medium-replay-v2,2,adm,10,46,5,3.3345053189903306,5.278669434996886,0.0373258295312846,20000,20000,20,,
walker2d-medium-replay-v2,2,adm,10,47,4,3.42956220899358,5.2655485564900175,0.03723305090961128,20000,20000,20,,
walker2d-medium-replay-v2,2,adm,10,48,5,3.4630560851673566,5.273564147643773,0.03728972969821168,20000,20000,20,,
walker2d-medium-replay-v2,2,adm,10,49,1,3.6596382172990647,5.495439957867584,0.03885862859811683,20000,20000,20,,
walker2d-medium-replay-v2,2,adm,10,50,5,3.5741492477156354,5.341126600324341,0.03776746838265192,20000,20000,20,,
walker2d-medium-replay-v2,2,adm,10,51,4,3.7253185137577276,5.549580912968874,0.03924146296303722,20000,20000,20,,
walker2d-medium-replay-v2,2,adm,10,52,4,3.797440429788967,5.627423048201162,0.03979188997988513,20000,20000,20,,
walker2d-medium-replay-v2,2,adm,10,53,4,3.9107874626729053,5.802437334266797,0.04102942786470046,20000,20000,20,,
walker2d-medium-replay-v2,2,adm,10,54,1,4.1219471928191735,5.99803907221052,0.042412541017819265,20000,20000,20,,
walker2d-medium-replay-v2,2,adm,10,55,2,4.170612351187832,6.032174416917495,0.042653914355023685,20000,20000,20,,
walker2d-medium-replay-v2,2,adm,10,56,5,4.040605513270247,5.786650724812093,0.04091779967872681,20000,20000,20,,
walker2d-medium-replay-v2,2,adm,10,57,1,4.294495961092585,6.07049004944775,0.04292484679089964,20000,20000,20,,
walker2d-medium-replay-v2,2,adm,10,58,3,4.336450945786018,6.139771799798986,0.04341474274575796,20000,20000,20,,
walker2d-medium-replay-v2,2,adm,10,59,4,4.330444016607478,6.068484576039099,0.042910665952432175,20000,20000,20,,
walker2d-medium-replay-v2,2,adm,10,60,4,4.354502116395865,6.036921328593272,0.042687480089380045,20000,20000,20,,
walker2d-medium-replay-v2,2,adm,10,61,3,4.544024197503559,6.27986307495252,0.04440533765221931,20000,20000,20,,
walker2d-medium-replay-v2,2,adm,10,62,2,4.681242187505707,6.451829523697427,0.04562132407266024,20000,20000,20,,
walker2d-medium-replay-v2,2,adm,10,63,2,4.79993024774057,6.5341759413825935,0.046203601176176244,20000,20000,20,,
walker2d-medium-replay-v2,2,adm,10,64,2,4.815656017164764,6.507296113055347,0.04601353208730298,20000,20000,20,,
walker2d-medium-replay-v2,2,adm,10,65,4,4.771861834106835,6.453392515099852,0.045632376090856144,20000,20000,20,,
walker2d-medium-replay-v2,2,adm,10,66,2,5.05205739204181,6.807249714220589,0.04813452434155566,20000,20000,20,,
walker2d-medium-replay-v2,2,adm,10,67,4,4.975910841907613,6.581428037930679,0.04653772395512057,20000,20000,20,,
walker2d-medium-replay-v2,2,adm,10,68,2,5.299031592827526,7.037016003039205,0.04975921735067276,20000,20000,20,,
walker2d-medium-replay-v2,2,adm,10,69,2,5.290986611109054,6.8577770843657415,0.04849180680220726,20000,20000,20,,
walker2d-medium-replay-v2,2,adm,10,70,5,5.096869695436703,6.532960450445912,0.04619500635733826,20000,20000,20,,
walker2d-medium-replay-v2,2,adm,10,71,1,5.415346339096494,6.884889827385666,0.04868352284666683,20000,20000,20,,
walker2d-medium-replay-v2,2,adm,10,72,3,5.4362127681771275,6.9645644015107075,0.0492469071631865,20000,20000,20,,
walker2d-medium-replay-v2,2,adm,10,73,3,5.467942835326391,6.945678282951546,0.049113362138151734,20000,20000,20,,
walker2d-medium-replay-v2,2,adm,10,74,3,5.578999245459673,7.035858975044044,0.04975103592725875,20000,20000,20,,
walker2d-medium-replay-v2,2,adm,10,75,3,5.776276571669981,7.273358993128075,0.05143041466045021,20000,20000,20,,
walker2d-medium-replay-v2,2,adm,10,76,1,6.017954121778487,7.499298946218601,0.05302805139016303,20000,20000,20,,
walker2d-medium-replay-v2,2,adm,10,77,1,6.266392113281886,7.86482188763976,0.05561268889574457,20000,20000,20,,
walker2d-medium-replay-v2,2,adm,10,78,3,6.068098418732338,7.551683431606033,0.053398465638627234,20000,20000,20,,
walker2d-medium-replay-v2,2,adm,10,79,2,6.342022860652448,7.8423067169821525,0.055453482597228904,20000,20000,20,,
walker2d-medium-replay-v2,2,adm,10,80,3,6.296003313288976,7.753895610875449,0.05482832167062637,20000,20000,20,,
walker2d-medium-replay-v2,2,adm,10,81,1,6.505657727036014,7.952570972790942,0.05623316862727774,20000,20000,20,,
walker2d-medium-replay-v2,2,adm,10,82,3,6.4619057483562825,7.834210491039115,0.0553962336345655,20000,20000,20,,
walker2d-medium-replay-v2,2,adm,10,83,5,6.3016024037319545,7.554941891235945,0.05342150642763257,20000,20000,20,,
walker2d-medium-replay-v2,2,adm,10,84,4,6.488664314320075,7.666302080010427,0.054208941873999064,20000,20000,20,,
walker2d-medium-replay-v2,2,adm,10,85,1,6.7995515066037475,8.010501480050596,0.05664279917248652,20000,20000,20,,
walker2d-medium-replay-v2,2,adm,10,86,2,6.924592397952401,8.206794092020877,0.05803079754269657,20000,20000,20,,
walker2d-medium-replay-v2,2,adm,10,87,3,6.868093239562448,8.118554969350935,0.057406852722637895,20000,20000,20,,
walker2d-medium-replay-v2,2,adm,10,88,5,6.701881941263433,7.796889287760576,0.05513233287536254,20000,20000,20,,
walker2d-medium-replay-v2,2,adm,10,89,1,7.051172041420825,8.085203752521506,0.057171024006828774,20000,20000,20,,
walker2d-medium-replay-v2,2,adm,10,90,5,6.942109284776435,7.880863690070197,0.05572612156855474,20000,20000,20,,
walker2d-medium-replay-v2,2,adm,10,91,4,7.035238560567625,8.01544320549225,0.05667774244819208,20000,20000,20,,
walker2d-medium-replay-v2,2,adm,10,92,5,7.043435578234277,7.8938323276200695,0.05581782368409739,20000,20000,20,,
walker2d-medium-replay-v2,2,adm,10,93,4,7.1228848514344385,7.984457492105254,0.0564586403676336,20000,20000,20,,
walker2d-medium-replay-v2,2,adm,10,94,2,7.488650528256841,8.465675326541229,0.059861364307209425,20000,20000,20,,
walker2d-medium-replay-v2,2,adm,10,95,2,7.614069618681405,8.528419346753715,0.06030503152892098,20000,20000,20,,
walker2d-medium-replay-v2,2,adm,10,96,2,7.852823086379305,8.791335185326863,0.062164127252285185,20000,20000,20,,
walker2d-medium-replay-v2,2,adm,10,97,4,7.563758113998926,8.26283351532908,0.058427056105046705,20000,20000,20,,
walker2d-medium-replay-v2,2,adm,10,98,2,8.077188226805209,8.942768505962869,0.06323492253147835,20000,20000,20,,
walker2d-medium-replay-v2,2,adm,10,99,3,8.059405894583007,8.800796582091106,0.06223102943040011,20000,20000,20,,
walker2d-medium-replay-v2,2,adm,10,100,4,8.011446667431537,8.566572016588381,0.06057481164452561,20000,20000,20,,
walker2d-medium-replay-v2,2,adm,11,1,4,0.34093263448125033,0.8090274835500891,0.00572068819784556,20000,20000,20,,
walker2d-medium-replay-v2,2,adm,11,2,4,0.33993936913030864,0.817102807876993,0.005777789363763905,20000,20000,20,,
walker2d-medium-replay-v2,2,adm,11,3,1,0.5353003231438044,1.2331351690673245,0.008719582401671248,20000,20000,20,,
walker2d-medium-replay-v2,2,adm,11,4,5,0.42019166533587615,0.98031882666355,0.0069319009005863585,20000,20000,20,,
walker2d-medium-replay-v2,2,adm,11,5,3,0.5673391175230778,1.3908281342551525,0.009834640051968522,20000,20000,20,,
walker2d-medium-replay-v2,2,adm,11,6,5,0.6857252298824744,1.6236546350015861,0.011480972027145903,20000,20000,20,,
walker2d-medium-replay-v2,2,adm,11,7,5,0.6986807803747087,1.7188050329188507,0.012153786943144862,20000,20000,20,,
walker2d-medium-replay-v2,2,adm,11,8,4,0.6623937425663127,1.607940047461751,0.011369853113016231,20000,20000,20,,
walker2d-medium-replay-v2,2,adm,11,9,5,0.7277814795272132,1.7024307435936112,0.01203800323295499,20000,20000,20,,
walker2d-medium-replay-v2,2,adm,11,10,3,0.8894992495918846,2.137024856061457,0.01511104767285262,20000,20000,20,,
walker2d-medium-replay-v2,2,adm,11,11,2,0.9391684891917581,2.2298733821253833,0.0157675858968824,20000,20000,20,,
walker2d-medium-replay-v2,2,adm,11,12,1,1.0654327845530267,2.4227928941357915,0.017131732848539992,20000,20000,20,,
walker2d-medium-replay-v2,2,adm,11,13,2,1.0660375703255602,2.435900174329055,0.01722441531561568,20000,20000,20,,
walker2d-medium-replay-v2,2,adm,11,14,2,1.1623024437699845,2.572519372818336,0.018190458932536097,20000,20000,20,,
walker2d-medium-replay-v2,2,adm,11,15,2,1.2148518341368844,2.6861200505286194,0.018993737028099384,20000,20000,20,,
walker2d-medium-replay-v2,2,adm,11,16,3,1.2433107222372581,2.7510443796741653,0.019452821362127413,20000,20000,20,,
walker2d-medium-replay-v2,2,adm,11,17,1,1.3914830352588548,2.9881301365706308,0.021129270826369773,20000,20000,20,,
walker2d-medium-replay-v2,2,adm,11,18,1,1.5336299410628096,3.3122119806804733,0.023420875522664884,20000,20000,20,,
walker2d-medium-replay-v2,2,adm,11,19,5,1.3913225439161525,2.996949319322075,0.021191631865650467,20000,20000,20,,
walker2d-medium-replay-v2,2,adm,11,20,4,1.4412538353662443,3.0568653663398506,0.021615302297132082,20000,20000,20,,
walker2d-medium-replay-v2,2,adm,11,21,1,1.5779365997058479,3.155389337921608,0.022311971981280994,20000,20000,20,,
walker2d-medium-replay-v2,2,adm,11,22,2,1.6147233251115967,3.3266566745368067,0.023523014932444655,20000,20000,20,,
walker2d-medium-replay-v2,2,adm,11,23,5,1.6659100658965686,3.3441352119190517,0.023646606855526737,20000,20000,20,,
walker2d-medium-replay-v2,2,adm,11,24,5,1.642076381511299,3.221252669342353,0.022777696064072452,20000,20000,20,,
walker2d-medium-replay-v2,2,adm,11,25,4,1.731545521131868,3.4347449396999155,0.024287314385079892,20000,20000,20,,
walker2d-medium-replay-v2,2,adm,11,26,2,1.8627302174520541,3.5911421693581222,0.02539320980158097,20000,20000,20,,
walker2d-medium-replay-v2,2,adm,11,27,4,1.902466059784251,3.56706714639806,0.025222973681658156,20000,20000,20,,
walker2d-medium-replay-v2,2,adm,11,28,4,1.9130710133737687,3.5513661427483196,0.02511195082013649,20000,20000,20,,
walker2d-medium-replay-v2,2,adm,11,29,3,2.062171563613331,3.7802165949094664,0.026730167886144036,20000,20000,20,,
walker2d-medium-replay-v2,2,adm,11,30,5,2.0459211215697977,3.7360539996939144,0.026417891180626905,20000,20000,20,,
walker2d-medium-replay-v2,2,adm,11,31,1,2.2227775106672145,3.899583672579696,0.027574220586854443,20000,20000,20,,
walker2d-medium-replay-v2,2,adm,11,32,5,2.2121405854954084,3.949132311259582,0.027924582370945538,20000,20000,20,,
walker2d-medium-replay-v2,2,adm,11,33,5,2.260696836621052,4.07599658654843,0.028821648264416154,20000,20000,20,,
walker2d-medium-replay-v2,2,adm,11,34,5,2.3743975116543248,4.221263726289654,0.029848842060362084,20000,20000,20,,
walker2d-medium-replay-v2,2,adm,11,35,2,2.488991628832301,4.401113478746687,0.031120571855932987,20000,20000,20,,
walker2d-medium-replay-v2,2,adm,11,36,5,2.5059278056346495,4.414273456887323,0.03121362695376809,20000,20000,20,,
walker2d-medium-replay-v2,2,adm,11,37,2,2.6841738938034507,4.64623354668873,0.03285383247840024,20000,20000,20,,
walker2d-medium-replay-v2,2,adm,11,38,4,2.6674532513085394,4.515962355655392,0.03193267605267103,20000,20000,20,,
walker2d-medium-replay-v2,2,adm,11,39,4,2.7478024580003386,4.579858858341845,0.03238449255610799,20000,20000,20,,
walker2d-medium-replay-v2,2,adm,11,40,4,2.849618704384138,4.706861022478567,0.03328253347097242,20000,20000,20,,
walker2d-medium-replay-v2,2,adm,11,41,4,2.922530042695005,4.847797287904737,0.03427910336095193,20000,20000,20,,
walker2d-medium-replay-v2,2,adm,11,42,2,3.034540343743825,4.915280566530936,0.034756282200284795,20000,20000,20,,
walker2d-medium-replay-v2,2,adm,11,43,4,3.0720780271304,5.048867176774054,0.03570088218007113,20000,20000,20,,
walker2d-medium-replay-v2,2,adm,11,44,4,3.0858164308532334,5.004248450010645,0.03538538013744797,20000,20000,20,,
walker2d-medium-replay-v2,2,adm,11,45,1,3.3187739119931723,5.2563458644848104,0.037167978050390744,20000,20000,20,,
walker2d-medium-replay-v2,2,adm,11,46,2,3.387262716180363,5.354576857243547,0.03786257606141464,20000,20000,20,,
walker2d-medium-replay-v2,2,adm,11,47,4,3.292278256824521,5.246201457414406,0.03709624626008475,20000,20000,20,,
walker2d-medium-replay-v2,2,adm,11,48,4,3.3710450633144435,5.285055013354575,0.037370982388869795,20000,20000,20,,
walker2d-medium-replay-v2,2,adm,11,49,3,3.530991249112857,5.507696955628469,0.03894529866045394,20000,20000,20,,
walker2d-medium-replay-v2,2,adm,11,50,2,3.6312915560446446,5.635707554262713,0.03985047028403417,20000,20000,20,,
walker2d-medium-replay-v2,2,adm,11,51,1,3.778079045035271,5.703704706781743,0.040331282760509984,20000,20000,20,,
walker2d-medium-replay-v2,2,adm,11,52,3,3.714073902710307,5.596889128408299,0.039575982562467735,20000,20000,20,,
walker2d-medium-replay-v2,2,adm,11,53,4,3.7426648262494107,5.587667951933459,0.03951077899830897,20000,20000,20,,
walker2d-medium-replay-v2,2,adm,11,54,1,3.931976903692972,5.790568457055456,0.04094550222908836,20000,20000,20,,
walker2d-medium-replay-v2,2,adm,11,55,4,3.910956928643883,5.754344754103936,0.0406893619691213,20000,20000,20,,
walker2d-medium-replay-v2,2,adm,11,56,2,4.142923775596669,6.045871353534126,0.04275076632265471,20000,20000,20,,
walker2d-medium-replay-v2,2,adm,11,57,2,4.158376541926052,6.002063555212718,0.042440998410035506,20000,20000,20,,
walker2d-medium-replay-v2,2,adm,11,58,3,4.190606656642778,6.0192950266675975,0.042562843313191184,20000,20000,20,,
walker2d-medium-replay-v2,2,adm,11,59,5,4.178427054425768,5.88945872528041,0.04164476202164058,20000,20000,20,,
walker2d-medium-replay-v2,2,adm,11,60,5,4.2477215789068055,5.953693939329082,0.04209897357608843,20000,20000,20,,
walker2d-medium-replay-v2,2,adm,11,61,4,4.358151476219228,6.128373921686897,0.04333414757671601,20000,20000,20,,
walker2d-medium-replay-v2,2,adm,11,62,5,4.409916673685574,6.1510688774110545,0.04349462514762881,20000,20000,20,,
walker2d-medium-replay-v2,2,adm,11,63,4,4.478295153073571,6.16730984549103,0.04360946613425266,20000,20000,20,,
walker2d-medium-replay-v2,2,adm,11,64,4,4.521694034675973,6.177891085495815,0.04368428679986011,20000,20000,20,,
walker2d-medium-replay-v2,2,adm,11,65,5,4.580962902078068,6.179340287121821,0.043694534202830676,20000,20000,20,,
walker2d-medium-replay-v2,2,adm,11,66,3,4.81326237300979,6.465999210236255,0.045721518887049166,20000,20000,20,,
walker2d-medium-replay-v2,2,adm,11,67,4,4.838601888467156,6.416783013287788,0.045373507820984434,20000,20000,20,,
walker2d-medium-replay-v2,2,adm,11,68,3,4.920180612785464,6.456600425649884,0.04565505944388982,20000,20000,20,,
walker2d-medium-replay-v2,2,adm,11,69,4,4.963511239027648,6.488147282336445,0.045878129406771696,20000,20000,20,,
walker2d-medium-replay-v2,2,adm,11,70,2,5.200488358506027,6.790606389924972,0.04801683826684648,20000,20000,20,,
walker2d-medium-replay-v2,2,adm,11,71,5,5.109099146269582,6.608905807876866,0.0467320211297289,20000,20000,20,,
walker2d-medium-replay-v2,2,adm,11,72,3,5.26570413639152,6.76045837315615,0.04780365959588089,20000,20000,20,,
walker2d-medium-replay-v2,2,adm,11,73,2,5.5222553037015665,7.059193765128256,0.04991603781031986,20000,20000,20,,
walker2d-medium-replay-v2,2,adm,11,74,3,5.462912998072623,6.946069570394763,0.049116128958196656,20000,20000,20,,
walker2d-medium-replay-v2,2,adm,11,75,3,5.513397481436993,6.94201052433193,0.04908742716823487,20000,20000,20,,
walker2d-medium-replay-v2,2,adm,11,76,2,5.714608171384653,7.1930636554915095,0.05086264088304542,20000,20000,20,,
walker2d-medium-replay-v2,2,adm,11,77,3,5.718078635831926,7.136642912736315,0.05046368598502762,20000,20000,20,,
walker2d-medium-replay-v2,2,adm,11,78,5,5.7415693036108255,7.052686859261663,0.04987002703769176,20000,20000,20,,
walker2d-medium-replay-v2,2,adm,11,79,3,5.992577755966532,7.341494838804912,0.05191220784564993,20000,20000,20,,
walker2d-medium-replay-v2,2,adm,11,80,2,6.141826995522493,7.518862622812805,0.05316638747401005,20000,20000,20,,
walker2d-medium-replay-v2,2,adm,11,81,2,6.203848195473523,7.582952156236803,0.05361956891088195,20000,20000,20,,
walker2d-medium-replay-v2,2,adm,11,82,1,6.416022529141385,7.791955038579009,0.055097442464799036,20000,20000,20,,
walker2d-medium-replay-v2,2,adm,11,83,5,6.104695418284896,7.307644003017402,0.05167284629030812,20000,20000,20,,
walker2d-medium-replay-v2,2,adm,11,84,3,6.4492969533073685,7.8024984894440195,0.055171995920836596,20000,20000,20,,
walker2d-medium-replay-v2,2,adm,11,85,3,6.568321389993062,7.866088129926865,0.055621642580822944,20000,20000,20,,
walker2d-medium-replay-v2,2,adm,11,86,2,6.799709386920526,8.151605516337906,0.05764055538160201,20000,20000,20,,
walker2d-medium-replay-v2,2,adm,11,87,1,6.982046749164834,8.266405864183362,0.058452316426042976,20000,20000,20,,
walker2d-medium-replay-v2,2,adm,11,88,4,6.702843516765271,7.8573376243048605,0.05555976716218164,20000,20000,20,,
walker2d-medium-replay-v2,2,adm,11,89,5,6.776131306528012,7.915617080562308,0.0559718651494167,20000,20000,20,,
walker2d-medium-replay-v2,2,adm,11,90,2,7.103027878173278,8.273898969778223,0.05850530068382571,20000,20000,20,,
walker2d-medium-replay-v2,2,adm,11,91,3,7.055451830792149,8.16815790174647,0.057757598421274106,20000,20000,20,,
walker2d-medium-replay-v2,2,adm,11,92,1,7.283493922082358,8.290260587039787,0.05862099478899402,20000,20000,20,,
walker2d-medium-replay-v2,2,adm,11,93,2,7.3238975150866725,8.336052632963625,0.05894479345096553,20000,20000,20,,
walker2d-medium-replay-v2,2,adm,11,94,4,7.2513690100263455,8.220635870235958,0.058128673695092205,20000,20000,20,,
walker2d-medium-replay-v2,2,adm,11,95,1,7.550352515170661,8.527751106791882,0.06030030635883626,20000,20000,20,,
walker2d-medium-replay-v2,2,adm,11,96,1,7.8796862597838295,8.85147162750679,0.06258935611290377,20000,20000,20,,
walker2d-medium-replay-v2,2,adm,11,97,1,8.13750631900027,9.256446682202673,0.0654529621867723,20000,20000,20,,
walker2d-medium-replay-v2,2,adm,11,98,1,8.338087385152406,9.674258943039325,0.06840734101577708,20000,20000,20,,
walker2d-medium-replay-v2,2,adm,11,99,2,8.098222368828138,8.963281700914271,0.06337997272401773,20000,20000,20,,
walker2d-medium-replay-v2,2,adm,11,100,3,8.003721593635262,8.765357262226418,0.06198043559643051,20000,20000,20,,
walker2d-medium-replay-v2,2,adm,12,1,2,0.25632527335295874,0.7141479574036886,0.005049788634506699,20000,20000,20,,
walker2d-medium-replay-v2,2,adm,12,2,5,0.42559950241355926,0.9909540734777992,0.0070071034520058405,20000,20000,20,,
walker2d-medium-replay-v2,2,adm,12,3,2,0.43192105030181027,1.1077065428859947,0.00783266808039394,20000,20000,20,,
walker2d-medium-replay-v2,2,adm,12,4,1,0.6053721737262145,1.425256025249175,0.010078082003806768,20000,20000,20,,
walker2d-medium-replay-v2,2,adm,12,5,5,0.4200679528464754,0.9989942994592719,0.007063956435143556,20000,20000,20,,
walker2d-medium-replay-v2,2,adm,12,6,1,0.5936693177712324,1.4350789099583052,0.010147540287693164,20000,20000,20,,
walker2d-medium-replay-v2,2,adm,12,7,3,0.7593835102754166,1.7749378705718772,0.012550706044661849,20000,20000,20,,
walker2d-medium-replay-v2,2,adm,12,8,4,0.8210047968438968,1.926632616587475,0.013623349880441851,20000,20000,20,,
walker2d-medium-replay-v2,2,adm,12,9,1,0.9951259418356274,2.2475495464075346,0.015892575253175167,20000,20000,20,,
walker2d-medium-replay-v2,2,adm,12,10,2,1.0264611367226832,2.4585353356147976,0.017384470075999678,20000,20000,20,,
walker2d-medium-replay-v2,2,adm,12,11,2,1.116989479932288,2.540478949224066,0.017963898924580116,20000,20000,20,,
walker2d-medium-replay-v2,2,adm,12,12,1,1.23518748157385,2.6999042928693933,0.019091206340426183,20000,20000,20,,
walker2d-medium-replay-v2,2,adm,12,13,2,1.2373525987616796,2.7293132103766253,0.01929915879039338,20000,20000,20,,
walker2d-medium-replay-v2,2,adm,12,14,1,1.376657523997138,2.920030641686262,0.020647734680088615,20000,20000,20,,
walker2d-medium-replay-v2,2,adm,12,15,1,1.4841950507222128,2.9910224266034535,0.021149722405323444,20000,20000,20,,
walker2d-medium-replay-v2,2,adm,12,16,1,1.599168227155399,3.263735712944309,0.02307809654623632,20000,20000,20,,
walker2d-medium-replay-v2,2,adm,12,17,2,1.591514528619564,3.260009394767899,0.02305174749772234,20000,20000,20,,
walker2d-medium-replay-v2,2,adm,12,18,4,1.5252358168583275,3.138805347862758,0.022194705462983563,20000,20000,20,,
walker2d-medium-replay-v2,2,adm,12,19,1,1.672918595135058,3.300276618036753,0.023336479764051933,20000,20000,20,,
walker2d-medium-replay-v2,2,adm,12,20,4,1.7063734740336554,3.34299224410186,0.02363852485258459,20000,20000,20,,
walker2d-medium-replay-v2,2,adm,12,21,5,1.7405579879740574,3.4074409617665737,0.024094246105579555,20000,20000,20,,
walker2d-medium-replay-v2,2,adm,12,22,2,1.890918304831897,3.640033016678403,0.02573892029836224,20000,20000,20,,
walker2d-medium-replay-v2,2,adm,12,23,3,1.8745182280484751,3.5395635453260823,0.025028493853407704,20000,20000,20,,
walker2d-medium-replay-v2,2,adm,12,24,3,1.9293563356871604,3.623629470291502,0.02562292970950538,20000,20000,20,,
walker2d-medium-replay-v2,2,adm,12,25,1,2.0702114357335333,3.7297217151388886,0.026373115167134288,20000,20000,20,,
walker2d-medium-replay-v2,2,adm,12,26,2,2.106862122868798,3.8634816841695643,0.02731894097866322,20000,20000,20,,
walker2d-medium-replay-v2,2,adm,12,27,3,2.111076149466501,3.8165434699734235,0.026987037683114442,20000,20000,20,,
walker2d-medium-replay-v2,2,adm,12,28,5,2.142054706668196,3.8712700731167526,0.027374013205053973,20000,20000,20,,
walker2d-medium-replay-v2,2,adm,12,29,1,2.310599415827499,4.035239752132259,0.028533453924462437,20000,20000,20,,
walker2d-medium-replay-v2,2,adm,12,30,1,2.456656808298041,4.181034430866122,0.029564377984398718,20000,20000,20,,
walker2d-medium-replay-v2,2,adm,12,31,2,2.4796618409654783,4.246797767953332,0.03002939500047695,20000,20000,20,,
walker2d-medium-replay-v2,2,adm,12,32,5,2.441627464729586,4.228222665983167,0.029898049194833597,20000,20000,20,,
walker2d-medium-replay-v2,2,adm,12,33,1,2.607418386674846,4.397619979753593,0.03109586908765213,20000,20000,20,,
walker2d-medium-replay-v2,2,adm,12,34,5,2.633720154920534,4.479955063849946,0.03167806605059309,20000,20000,20,,
walker2d-medium-replay-v2,2,adm,12,35,5,2.7437407838930405,4.618333567946656,0.03265654983676543,20000,20000,20,,
walker2d-medium-replay-v2,2,adm,12,36,2,2.9186091719310765,4.8346739126911515,0.03418630708489612,20000,20000,20,,
walker2d-medium-replay-v2,2,adm,12,37,5,2.8141553751728465,4.612524311170727,0.0326154721881663,20000,20000,20,,
walker2d-medium-replay-v2,2,adm,12,38,4,2.9526630477553466,4.952889703763553,0.03502221896000239,20000,20000,20,,
walker2d-medium-replay-v2,2,adm,12,39,4,3.079435851490809,4.994532281228124,0.03531667644911523,20000,20000,20,,
walker2d-medium-replay-v2,2,adm,12,40,1,3.2636454864827025,5.141933384109972,0.03635895964313654,20000,20000,20,,
walker2d-medium-replay-v2,2,adm,12,41,4,3.1463832261097466,4.991415191925062,0.035294635299277635,20000,20000,20,,
walker2d-medium-replay-v2,2,adm,12,42,2,3.4158355897334,5.343252614473867,0.037782501572872204,20000,20000,20,,
walker2d-medium-replay-v2,2,adm,12,43,5,3.3310556612500775,5.295688875263981,0.03744617514753321,20000,20000,20,,
walker2d-medium-replay-v2,2,adm,12,44,4,3.471123476073166,5.390006519149518,0.03811310160330322,20000,20000,20,,
walker2d-medium-replay-v2,2,adm,12,45,5,3.5462312137397674,5.533071425654309,0.0391247232586968,20000,20000,20,,
walker2d-medium-replay-v2,2,adm,12,46,5,3.5077823854459655,5.3942470635766275,0.03814308678050655,20000,20000,20,,
walker2d-medium-replay-v2,2,adm,12,47,2,3.8035643037699445,5.7830798574712174,0.040892549833612304,20000,20000,20,,
walker2d-medium-replay-v2,2,adm,12,48,2,3.7829319184550796,5.687117993767979,0.040213996988013714,20000,20000,20,,
walker2d-medium-replay-v2,2,adm,12,49,5,3.7573663631574346,5.588670915646078,0.03951787102273373,20000,20000,20,,
walker2d-medium-replay-v2,2,adm,12,50,4,3.784778071267137,5.57917787116789,0.039450745061487415,20000,20000,20,,
walker2d-medium-replay-v2,2,adm,12,51,3,3.930234629649717,5.732858009383803,0.04053742774014899,20000,20000,20,,
walker2d-medium-replay-v2,2,adm,12,52,5,3.964956989319439,5.708382033581533,0.04036435645548957,20000,20000,20,,
walker2d-medium-replay-v2,2,adm,12,53,4,4.039751463187026,5.768473415786583,0.0407892666939702,20000,20000,20,,
walker2d-medium-replay-v2,2,adm,12,54,2,4.329894149330374,6.18456812124781,0.04373150057244472,20000,20000,20,,
walker2d-medium-replay-v2,2,adm,12,55,1,4.494451468553416,6.366768215370906,0.04501984979331741,20000,20000,20,,
walker2d-medium-replay-v2,2,adm,12,56,2,4.51222060114557,6.3600999378384095,0.044972697950696784,20000,20000,20,,
walker2d-medium-replay-v2,2,adm,12,57,4,4.330186207466934,5.9687683731362755,0.04220556591976458,20000,20000,20,,
walker2d-medium-replay-v2,2,adm,12,58,3,4.593589601937796,6.35713780589613,0.04495175251486524,20000,20000,20,,
walker2d-medium-replay-v2,2,adm,12,59,2,4.684326937554876,6.420306333857056,0.045398421459652664,20000,20000,20,,
walker2d-medium-replay-v2,2,adm,12,60,5,4.71296133679975,6.411196552874849,0.045334005580576237,20000,20000,20,,
walker2d-medium-replay-v2,2,adm,12,61,5,4.759909085716981,6.443458558407273,0.045562132409442783,20000,20000,20,,
walker2d-medium-replay-v2,2,adm,12,62,2,5.00260881971356,6.739436928227065,0.04765501553328393,20000,20000,20,,
walker2d-medium-replay-v2,2,adm,12,63,1,5.156183022909226,6.8388562821335865,0.0483580165265688,20000,20000,20,,
walker2d-medium-replay-v2,2,adm,12,64,1,5.337126292105754,7.010790307707208,0.04957377368056689,20000,20000,20,,
walker2d-medium-replay-v2,2,adm,12,65,1,5.539689616743862,7.284958162364115,0.051512433172679555,20000,20000,20,,
walker2d-medium-replay-v2,2,adm,12,66,2,5.462835656170083,7.088920754323733,0.05012623936676367,20000,20000,20,,
walker2d-medium-replay-v2,2,adm,12,67,5,5.265741256573456,6.781738245072333,0.04795413101322803,20000,20000,20,,
walker2d-medium-replay-v2,2,adm,12,68,3,5.5871376257543295,7.153642848523501,0.05058389368377617,20000,20000,20,,
walker2d-medium-replay-v2,2,adm,12,69,1,5.751609126640999,7.2618752754961875,0.05134921251434282,20000,20000,20,,
walker2d-medium-replay-v2,2,adm,12,70,2,5.869016463024576,7.431783185999054,0.05255064287128096,20000,20000,20,,
walker2d-medium-replay-v2,2,adm,12,71,1,6.058612194540142,7.638537518279222,0.05401261677523099,20000,20000,20,,
walker2d-medium-replay-v2,2,adm,12,72,1,6.237179131868931,7.872153212781129,0.055664529192970026,20000,20000,20,,
walker2d-medium-replay-v2,2,adm,12,73,5,5.853185001114933,7.280686954248863,0.05148223117045802,20000,20000,20,,
walker2d-medium-replay-v2,2,adm,12,74,3,6.132130562411646,7.547285484573227,0.053367367456925274,20000,20000,20,,
walker2d-medium-replay-v2,2,adm,12,75,4,6.140971449012934,7.466621874431774,0.052796989599665174,20000,20000,20,,
walker2d-medium-replay-v2,2,adm,12,76,1,6.4107186594192855,7.7653351788785585,0.054909211631714805,20000,20000,20,,
walker2d-medium-replay-v2,2,adm,12,77,3,6.373475592523868,7.7323459298086865,0.05467594241447922,20000,20000,20,,
walker2d-medium-replay-v2,2,adm,12,78,5,6.197188153615605,7.361406206234086,0.052053002474968586,20000,20000,20,,
walker2d-medium-replay-v2,2,adm,12,79,3,6.565247384140258,7.834146618642746,0.05539578198851947,20000,20000,20,,
walker2d-medium-replay-v2,2,adm,12,80,3,6.666121692562645,7.945164584636642,0.056180797554397685,20000,20000,20,,
walker2d-medium-replay-v2,2,adm,12,81,2,6.841828823817781,8.172845792603493,0.057790746815418736,20000,20000,20,,
walker2d-medium-replay-v2,2,adm,12,82,5,6.582109148380044,7.705650933179064,0.05448718028307364,20000,20000,20,,
walker2d-medium-replay-v2,2,adm,12,83,3,6.789524391406344,7.988727630350141,0.05648883480472923,20000,20000,20,,
walker2d-medium-replay-v2,2,adm,12,84,1,7.055928667907099,8.277619328219162,0.05853160759064603,20000,20000,20,,
walker2d-medium-replay-v2,2,adm,12,85,5,6.81846476996555,7.9503293984879635,0.05621731830337604,20000,20000,20,,
walker2d-medium-replay-v2,2,adm,12,86,1,7.131817697843757,8.230909252532118,0.05820131747796558,20000,20000,20,,
walker2d-medium-replay-v2,2,adm,12,87,2,7.254037915051971,8.404561536002811,0.059429224550072136,20000,20000,20,,
walker2d-medium-replay-v2,2,adm,12,88,2,7.436256777646087,8.471987066485696,0.05990599504836761,20000,20000,20,,
walker2d-medium-replay-v2,2,adm,12,89,3,7.377105903605817,8.316896781596148,0.05880934112695208,20000,20000,20,,
walker2d-medium-replay-v2,2,adm,12,90,3,7.409609044917784,8.29096593653542,0.058625982363108696,20000,20000,20,,
walker2d-medium-replay-v2,2,adm,12,91,4,7.371895556671129,8.186221086401376,0.05788532442486719,20000,20000,20,,
walker2d-medium-replay-v2,2,adm,12,92,5,7.449908622651631,8.268705015159789,0.058468573878507006,20000,20000,20,,
walker2d-medium-replay-v2,2,adm,12,93,4,7.606085454765267,8.451950206665465,0.05976431305384192,20000,20000,20,,
walker2d-medium-replay-v2,2,adm,12,94,2,7.993327976988262,8.99694214225568,0.06361798798732014,20000,20000,20,,
walker2d-medium-replay-v2,2,adm,12,95,5,7.826027264230329,8.532237806689709,0.06033203211806528,20000,20000,20,,
walker2d-medium-replay-v2,2,adm,12,96,3,8.067581752410694,8.749810426258758,0.06187050286504324,20000,20000,20,,
walker2d-medium-replay-v2,2,adm,12,97,4,8.0136312743153,8.580393207730628,0.060672542224333194,20000,20000,20,,
walker2d-medium-replay-v2,2,adm,12,98,5,8.031655361159295,8.51698253484519,0.06022416105636425,20000,20000,20,,
walker2d-medium-replay-v2,2,adm,12,99,4,8.156358545170649,8.671879369180205,0.06131944707579043,20000,20000,20,,
walker2d-medium-replay-v2,2,adm,12,100,5,8.175639676336022,8.627808281735275,0.061007817427924674,20000,20000,20,,
walker2d-medium-replay-v2,2,adm,13,1,1,0.26612894061210196,0.6712865220699584,0.004746712518748006,20000,20000,20,,
walker2d-medium-replay-v2,2,adm,13,2,5,0.4280041775994826,0.9948213083674028,0.0070344489321546395,20000,20000,20,,
walker2d-medium-replay-v2,2,adm,13,3,1,0.6068286342148163,1.4032956435464625,0.009922798655612438,20000,20000,20,,
walker2d-medium-replay-v2,2,adm,13,4,3,0.4142393680322427,1.0466089785648047,0.007400643059938993,20000,20000,20,,
walker2d-medium-replay-v2,2,adm,13,5,1,0.6053959872676612,1.4182876760633976,0.010028808334177379,20000,20000,20,,
walker2d-medium-replay-v2,2,adm,13,6,3,0.7367428760036009,1.69720207910074,0.012001030991760404,20000,20000,20,,
walker2d-medium-replay-v2,2,adm,13,7,5,0.7373862163101926,1.710723962095938,0.01209664514336356,20000,20000,20,,
walker2d-medium-replay-v2,2,adm,13,8,5,0.8477851210996589,1.9700402886135762,0.01393028847289363,20000,20000,20,,
walker2d-medium-replay-v2,2,adm,13,9,3,0.9550430265672337,2.243613265709095,0.015864741545429963,20000,20000,20,,
walker2d-medium-replay-v2,2,adm,13,10,3,0.9520698018829725,2.2525652127046656,0.015928041369683867,20000,20000,20,,
walker2d-medium-replay-v2,2,adm,13,11,2,1.1536459530604677,2.737873600218183,0.01935968988745904,20000,20000,20,,
walker2d-medium-replay-v2,2,adm,13,12,1,1.2728291952479474,2.8460022094513344,0.020124274615749355,20000,20000,20,,
walker2d-medium-replay-v2,2,adm,13,13,5,1.1287470773605162,2.502526480092904,0.01769553444172594,20000,20000,20,,
walker2d-medium-replay-v2,2,adm,13,14,5,1.2079828720144863,2.6942614744326927,0.019051305588610228,20000,20000,20,,
walker2d-medium-replay-v2,2,adm,13,15,2,1.3491675821678621,2.940036677373685,0.020789198715080982,20000,20000,20,,
walker2d-medium-replay-v2,2,adm,13,16,2,1.3968609072135838,2.9996681140069583,0.02121085664723382,20000,20000,20,,
walker2d-medium-replay-v2,2,adm,13,17,3,1.3958907095554844,2.9484703545457625,0.020848833818268124,20000,20000,20,,
walker2d-medium-replay-v2,2,adm,13,18,2,1.5141445000252172,3.0768244654921535,0.02175643444070176,20000,20000,20,,
walker2d-medium-replay-v2,2,adm,13,19,1,1.668958698367144,3.2746546088650876,0.02315530479972285,20000,20000,20,,
walker2d-medium-replay-v2,2,adm,13,20,2,1.701804146259441,3.4003821595470294,0.024044332836414613,20000,20000,20,,
walker2d-medium-replay-v2,2,adm,13,21,5,1.625621974621494,3.23988450479616,0.02290944303602584,20000,20000,20,,
walker2d-medium-replay-v2,2,adm,13,22,1,1.7742767694749821,3.438308888435703,0.02431251530826866,20000,20000,20,,
walker2d-medium-replay-v2,2,adm,13,23,3,1.8152355904751305,3.480982191520984,0.02461426112814097,20000,20000,20,,
walker2d-medium-replay-v2,2,adm,13,24,3,1.8258682659090038,3.491808923811504,0.024690817686348152,20000,20000,20,,
walker2d-medium-replay-v2,2,adm,13,25,1,1.9536491623210808,3.589903406757155,0.025384450427226733,20000,20000,20,,
walker2d-medium-replay-v2,2,adm,13,26,3,2.010618111557044,3.682986312388595,0.02604264596507212,20000,20000,20,,
walker2d-medium-replay-v2,2,adm,13,27,5,2.0124103311635095,3.6636310701005397,0.025905783734338193,20000,20000,20,,
walker2d-medium-replay-v2,2,adm,13,28,2,2.201407358071077,3.975408483331653,0.0281103829655034,20000,20000,20,,
walker2d-medium-replay-v2,2,adm,13,29,2,2.2271117336173303,3.995983173030919,0.028255867991575,20000,20000,20,,
walker2d-medium-replay-v2,2,adm,13,30,4,2.2605963956053827,4.021749742392962,0.028438065150813138,20000,20000,20,,
walker2d-medium-replay-v2,2,adm,13,31,3,2.3934592426216312,4.2388189526725695,0.02997297625656833,20000,20000,20,,
walker2d-medium-replay-v2,2,adm,13,32,2,2.467620363970322,4.291726101116636,0.030347086290948753,20000,20000,20,,
walker2d-medium-replay-v2,2,adm,13,33,2,2.5679520422641673,4.412929305909495,0.031204122371054483,20000,20000,20,,
walker2d-medium-replay-v2,2,adm,13,34,2,2.643236397364059,4.492976480958434,0.03177014137397379,20000,20000,20,,
walker2d-medium-replay-v2,2,adm,13,35,5,2.6166358706914683,4.418500291675856,0.031243515189187356,20000,20000,20,,
walker2d-medium-replay-v2,2,adm,13,36,5,2.7616661678115464,4.671957863630519,0.033035730867909556,20000,20000,20,,
walker2d-medium-replay-v2,2,adm,13,37,2,2.9216188172508852,4.846501957228181,0.034269943989899215,20000,20000,20,,
walker2d-medium-replay-v2,2,adm,13,38,5,2.9348591407597806,4.81831156976199,0.034070607848483016,20000,20000,20,,
walker2d-medium-replay-v2,2,adm,13,39,3,2.984282573123688,4.807357827384074,0.03399315319333507,20000,20000,20,,
walker2d-medium-replay-v2,2,adm,13,40,2,3.1981128337432425,5.132846200624549,0.036294703552492244,20000,20000,20,,
walker2d-medium-replay-v2,2,adm,13,41,2,3.2485299393424407,5.179750284080254,0.036626365507260936,20000,20000,20,,
walker2d-medium-replay-v2,2,adm,13,42,4,3.184473155934755,5.0343858675769875,0.03559848386073408,20000,20000,20,,
walker2d-medium-replay-v2,2,adm,13,43,1,3.37723147971368,5.249697647543998,0.03712096805757427,20000,20000,20,,
walker2d-medium-replay-v2,2,adm,13,44,3,3.4044058056230315,5.307811780024528,0.037531897029171826,20000,20000,20,,
walker2d-medium-replay-v2,2,adm,13,45,4,3.4385589816432023,5.333456777803702,0.03771323454750351,20000,20000,20,,
walker2d-medium-replay-v2,2,adm,13,46,4,3.479535571077153,5.35296619469197,0.03785118695729041,20000,20000,20,,
walker2d-medium-replay-v2,2,adm,13,47,2,3.6891888419520646,5.6658970544562095,0.04006394228710871,20000,20000,20,,
walker2d-medium-replay-v2,2,adm,13,48,5,3.5936896685179667,5.448640385764966,0.038527705650212934,20000,20000,20,,
walker2d-medium-replay-v2,2,adm,13,49,5,3.6522039648867444,5.498364329706116,0.03887930702969421,20000,20000,20,,
walker2d-medium-replay-v2,2,adm,13,50,2,3.885020888255795,5.761394918368571,0.04073921415872132,20000,20000,20,,
walker2d-medium-replay-v2,2,adm,13,51,2,3.9821185801889354,5.894607970477069,0.04168117268360608,20000,20000,20,,
walker2d-medium-replay-v2,2,adm,13,52,3,3.9669276136256815,5.755935727986083,0.040700611853328864,20000,20000,20,,
walker2d-medium-replay-v2,2,adm,13,53,1,4.128458672120287,5.829499517798767,0.04122078639959217,20000,20000,20,,
walker2d-medium-replay-v2,2,adm,13,54,1,4.319483271941687,6.135420875365729,0.043383977064046106,20000,20000,20,,
walker2d-medium-replay-v2,2,adm,13,55,2,4.344140081269294,6.146839649417588,0.043464719989695165,20000,20000,20,,
walker2d-medium-replay-v2,2,adm,13,56,5,4.202100200654415,5.9322656692075695,0.04194745282496824,20000,20000,20,,
walker2d-medium-replay-v2,2,adm,13,57,3,4.4632526713286635,6.226637470137206,0.04402897579124267,20000,20000,20,,
walker2d-medium-replay-v2,2,adm,13,58,4,4.500860219694296,6.30298009084391,0.0445687996391953,20000,20000,20,,
walker2d-medium-replay-v2,2,adm,13,59,3,4.559567035240822,6.324940741119874,0.0447240848864893,20000,20000,20,,
walker2d-medium-replay-v2,2,adm,13,60,1,4.73865659189881,6.452252910749567,0.04562431787121658,20000,20000,20,,
walker2d-medium-replay-v2,2,adm,13,61,4,4.724177919236124,6.378241201340752,0.04510097605511477,20000,20000,20,,
walker2d-medium-replay-v2,2,adm,13,62,2,4.910142254435272,6.60683120831401,0.04671735149553748,20000,20000,20,,
walker2d-medium-replay-v2,2,adm,13,63,1,5.0648357455021085,6.714796772149478,0.04748078331876437,20000,20000,20,,
walker2d-medium-replay-v2,2,adm,13,64,2,5.129839340634367,6.815091201571544,0.04818997203036015,20000,20000,20,,
walker2d-medium-replay-v2,2,adm,13,65,1,5.300391871035483,6.990562586204436,0.049430742090141255,20000,20000,20,,
walker2d-medium-replay-v2,2,adm,13,66,5,5.012664124394868,6.491438767210926,0.04590140371952088,20000,20000,20,,
walker2d-medium-replay-v2,2,adm,13,67,3,5.250002792539865,6.82763747646429,0.04827868759091306,20000,20000,20,,
walker2d-medium-replay-v2,2,adm,13,68,2,5.322625292906171,6.889739972199652,0.04871781854954389,20000,20000,20,,
walker2d-medium-replay-v2,2,adm,13,69,1,5.508698980367697,7.011730538074774,0.049580422113254724,20000,20000,20,,
walker2d-medium-replay-v2,2,adm,13,70,1,5.737779886174189,7.313052385286059,0.051711089328082285,20000,20000,20,,
walker2d-medium-replay-v2,2,adm,13,71,3,5.505580054766067,6.975501989768411,0.049324247591454984,20000,20000,20,,
walker2d-medium-replay-v2,2,adm,13,72,2,5.834365976887328,7.400962300987094,0.05233270630333968,20000,20000,20,,
walker2d-medium-replay-v2,2,adm,13,73,4,5.6400626113762256,7.045472373534452,0.04981901291988691,20000,20000,20,,
walker2d-medium-replay-v2,2,adm,13,74,1,5.922919355701044,7.278082427901389,0.05146381438803724,20000,20000,20,,
walker2d-medium-replay-v2,2,adm,13,75,4,5.79532983110421,7.18747260021711,0.05082310615206026,20000,20000,20,,
walker2d-medium-replay-v2,2,adm,13,76,2,6.154578201310771,7.550892962123506,0.053392876175313075,20000,20000,20,,
walker2d-medium-replay-v2,2,adm,13,77,4,5.921059722663541,7.1885522144048295,0.050830740177192274,20000,20000,20,,
walker2d-medium-replay-v2,2,adm,13,78,2,6.367015207195008,7.775337714258748,0.05497994023767871,20000,20000,20,,
walker2d-medium-replay-v2,2,adm,13,79,2,6.309139626464003,7.59960300606875,0.053737308199168846,20000,20000,20,,
walker2d-medium-replay-v2,2,adm,13,80,4,6.35392068656489,7.647316833586781,0.05407469590911249,20000,20000,20,,
walker2d-medium-replay-v2,2,adm,13,81,3,6.554737214820047,7.800913660213466,0.055160789485877125,20000,20000,20,,
walker2d-medium-replay-v2,2,adm,13,82,5,6.317820001500375,7.475228607019097,0.052857848389428724,20000,20000,20,,
walker2d-medium-replay-v2,2,adm,13,83,2,6.8848432774287955,8.226641975655467,0.05817114327379877,20000,20000,20,,
walker2d-medium-replay-v2,2,adm,13,84,1,7.072866549152485,8.356713332161197,0.05909088665603212,20000,20000,20,,
walker2d-medium-replay-v2,2,adm,13,85,3,6.758562849347537,7.907628334431818,0.055915376183796224,20000,20000,20,,
walker2d-medium-replay-v2,2,adm,13,86,2,7.183205924219722,8.428584940361565,0.059599095671364746,20000,20000,20,,
walker2d-medium-replay-v2,2,adm,13,87,2,7.017800556381522,8.120226248449386,0.05741867045047559,20000,20000,20,,
walker2d-medium-replay-v2,2,adm,13,88,5,6.977277788156613,7.969995330920787,0.0563563774451921,20000,20000,20,,
walker2d-medium-replay-v2,2,adm,13,89,4,6.987206325886583,7.931163652266942,0.056081796012182196,20000,20000,20,,
walker2d-medium-replay-v2,2,adm,13,90,1,7.320697855998644,8.269059696110995,0.05847108185156456,20000,20000,20,,
walker2d-medium-replay-v2,2,adm,13,91,5,7.397521693082716,8.222406237645215,0.058141192083094984,20000,20000,20,,
walker2d-medium-replay-v2,2,adm,13,92,3,7.366100639388382,8.287485869880967,0.058601374575805255,20000,20000,20,,
walker2d-medium-replay-v2,2,adm,13,93,5,7.380722378158265,8.112141416459194,0.0573615020552254,20000,20000,20,,
walker2d-medium-replay-v2,2,adm,13,94,1,7.719710600067988,8.422446410625183,0.05955568971133363,20000,20000,20,,
walker2d-medium-replay-v2,2,adm,13,95,3,7.6590308785318575,8.464816547587203,0.059855291822990105,20000,20000,20,,
walker2d-medium-replay-v2,2,adm,13,96,2,8.045829778136694,8.701276413368696,0.06152731556871565,20000,20000,20,,
walker2d-medium-replay-v2,2,adm,13,97,5,7.672562953269489,8.276179344249574,0.05852142536634908,20000,20000,20,,
walker2d-medium-replay-v2,2,adm,13,98,3,7.954946059688431,8.609783297904686,0.0608803615449508,20000,20000,20,,
walker2d-medium-replay-v2,2,adm,13,99,2,8.255715253312305,8.875503152707973,0.06275928465722388,20000,20000,20,,
walker2d-medium-replay-v2,2,adm,13,100,1,8.514287874244339,9.188465254831906,0.06497226090388619,20000,20000,20,,
walker2d-medium-replay-v2,2,adm,14,1,1,0.2655050813775489,0.6872445634730436,0.004859552911653778,20000,20000,20,,
walker2d-medium-replay-v2,2,adm,14,2,2,0.25371926734153444,0.7216067243915538,0.005102530081670797,20000,20000,20,,
walker2d-medium-replay-v2,2,adm,14,3,3,0.28624418931352846,0.7402845755530582,0.005234602433813725,20000,20000,20,,
walker2d-medium-replay-v2,2,adm,14,4,1,0.47317875452328023,1.127189648149791,0.007970434438899957,20000,20000,20,,
walker2d-medium-replay-v2,2,adm,14,5,4,0.4710244197846076,1.08097918007176,0.0076436770855021555,20000,20000,20,,
walker2d-medium-replay-v2,2,adm,14,6,5,0.5614579830053168,1.3401511706104023,0.009476299805537053,20000,20000,20,,
walker2d-medium-replay-v2,2,adm,14,7,1,0.7430730524148401,1.7103179117305152,0.012093773933694622,20000,20000,20,,
walker2d-medium-replay-v2,2,adm,14,8,5,0.6190825994483995,1.489809017311698,0.010534540588139681,20000,20000,20,,
walker2d-medium-replay-v2,2,adm,14,9,1,0.7996048604771854,1.839227430970665,0.0130053018858367,20000,20000,20,,
walker2d-medium-replay-v2,2,adm,14,10,5,0.8069307845725963,1.9246426919301094,0.013609278988249117,20000,20000,20,,
walker2d-medium-replay-v2,2,adm,14,11,5,0.8710297872511034,1.9989194528632923,0.014134495001653372,20000,20000,20,,
walker2d-medium-replay-v2,2,adm,14,12,5,0.970365610070135,2.2180613379832437,0.015684062131756583,20000,20000,20,,
walker2d-medium-replay-v2,2,adm,14,13,2,1.0715066499374917,2.520462516992712,0.017822361374920603,20000,20000,20,,
walker2d-medium-replay-v2,2,adm,14,14,1,1.2049053378723849,2.6845163126710596,0.018982396888956123,20000,20000,20,,
walker2d-medium-replay-v2,2,adm,14,15,3,1.1489167664971778,2.5633445657928298,0.01812558324989796,20000,20000,20,,
walker2d-medium-replay-v2,2,adm,14,16,5,1.1298800584904052,2.4641672006953543,0.017424293375891572,20000,20000,20,,
walker2d-medium-replay-v2,2,adm,14,17,3,1.3118641878506008,2.8160470044817822,0.019912459330091323,20000,20000,20,,
walker2d-medium-replay-v2,2,adm,14,18,3,1.3488917506663924,2.923170387703094,0.020669936037085668,20000,20000,20,,
walker2d-medium-replay-v2,2,adm,14,19,1,1.4864635284722116,3.0448798249082007,0.02153055172090696,20000,20000,20,,
walker2d-medium-replay-v2,2,adm,14,20,2,1.5126400701701095,3.0945154526017875,0.021881528610212822,20000,20000,20,,
walker2d-medium-replay-v2,2,adm,14,21,2,1.6064077772592031,3.2755815214320485,0.0231618590613395,20000,20000,20,,
walker2d-medium-replay-v2,2,adm,14,22,4,1.5377001808826483,3.127800104591171,0.022116886641524097,20000,20000,20,,
walker2d-medium-replay-v2,2,adm,14,23,2,1.7395045121281913,3.397839088881648,0.024026350611289334,20000,20000,20,,
walker2d-medium-replay-v2,2,adm,14,24,1,1.881199795385926,3.5337203177772207,0.024987175995169544,20000,20000,20,,
walker2d-medium-replay-v2,2,adm,14,25,4,1.7987244676176757,3.5104810205577346,0.02482284934863046,20000,20000,20,,
walker2d-medium-replay-v2,2,adm,14,26,4,1.7588130831956275,3.435359461524689,0.02429165971057474,20000,20000,20,,
walker2d-medium-replay-v2,2,adm,14,27,5,1.8174919773628346,3.4468851158827,0.024373158394116357,20000,20000,20,,
walker2d-medium-replay-v2,2,adm,14,28,2,1.9628689817971978,3.6760473035605252,0.025993579763101703,20000,20000,20,,
walker2d-medium-replay-v2,2,adm,14,29,1,2.092155131862694,3.78179277348074,0.026741313151705123,20000,20000,20,,
walker2d-medium-replay-v2,2,adm,14,30,4,2.01900183351842,3.7389335189774466,0.026438252456746334,20000,20000,20,,
walker2d-medium-replay-v2,2,adm,14,31,4,2.1257639319681245,3.862670781289962,0.027313207029412718,20000,20000,20,,
walker2d-medium-replay-v2,2,adm,14,32,1,2.3097196049046333,4.123125388582759,0.029154899219492873,20000,20000,20,,
walker2d-medium-replay-v2,2,adm,14,33,1,2.4611239502438664,4.294500651796957,0.030366705326956765,20000,20000,20,,
walker2d-medium-replay-v2,2,adm,14,34,5,2.3935078819412334,4.2251373031241375,0.02987623238483319,20000,20000,20,,
walker2d-medium-replay-v2,2,adm,14,35,4,2.4471328038897417,4.375944313148735,0.030942598979221796,20000,20000,20,,
walker2d-medium-replay-v2,2,adm,14,36,1,2.6395434436338694,4.515349964979007,0.03192834579667096,20000,20000,20,,
walker2d-medium-replay-v2,2,adm,14,37,1,2.7858927955412986,4.68908334841992,0.033156826332166475,20000,20000,20,,
walker2d-medium-replay-v2,2,adm,14,38,3,2.7072602957404235,4.637907800581123,0.03279496056308898,20000,20000,20,,
walker2d-medium-replay-v2,2,adm,14,39,2,2.8756565211129,4.851270501752441,0.034303662691594156,20000,20000,20,,
walker2d-medium-replay-v2,2,adm,14,40,4,2.812273666781721,4.710508745779081,0.03330832676978927,20000,20000,20,,
walker2d-medium-replay-v2,2,adm,14,41,5,2.8604419839907322,4.77460374230387,0.033761546836617334,20000,20000,20,,
walker2d-medium-replay-v2,2,adm,14,42,4,2.9429183888059844,4.85130477317916,0.03430390502717649,20000,20000,20,,
walker2d-medium-replay-v2,2,adm,14,43,5,2.9837260367059657,4.841974756267772,0.034237931844910224,20000,20000,20,,
walker2d-medium-replay-v2,2,adm,14,44,4,3.082649247561905,4.950895279058752,0.03500811624766908,20000,20000,20,,
walker2d-medium-replay-v2,2,adm,14,45,4,3.1478662961053714,5.026870922160778,0.035545345172093595,20000,20000,20,,
walker2d-medium-replay-v2,2,adm,14,46,4,3.207866315971747,5.097012823537602,0.0360413233131823,20000,20000,20,,
walker2d-medium-replay-v2,2,adm,14,47,3,3.2948304958049492,5.116054548226703,0.036175968639713806,20000,20000,20,,
walker2d-medium-replay-v2,2,adm,14,48,2,3.453969697973183,5.36523311184773,0.03793792716034132,20000,20000,20,,
walker2d-medium-replay-v2,2,adm,14,49,2,3.561274894981101,5.4666032592507605,0.03865472234672695,20000,20000,20,,
walker2d-medium-replay-v2,2,adm,14,50,2,3.6352731997148227,5.4886345785741035,0.03881050729964717,20000,20000,20,,
walker2d-medium-replay-v2,2,adm,14,51,4,3.577951091597678,5.312587053657334,0.03756566331284962,20000,20000,20,,
walker2d-medium-replay-v2,2,adm,14,52,3,3.743685216953127,5.562175507194548,0.03933052019286989,20000,20000,20,,
walker2d-medium-replay-v2,2,adm,14,53,1,3.9507248071739407,5.786837278709035,0.040919118813982656,20000,20000,20,,
walker2d-medium-replay-v2,2,adm,14,54,4,3.867337767535489,5.733539861797302,0.04054224916480253,20000,20000,20,,
walker2d-medium-replay-v2,2,adm,14,55,1,4.106903497204306,5.99364918565146,0.04238149983227375,20000,20000,20,,
walker2d-medium-replay-v2,2,adm,14,56,4,4.04412950898487,5.885566602326032,0.04161724055629805,20000,20000,20,,
walker2d-medium-replay-v2,2,adm,14,57,3,4.147026695668635,5.999498804481301,0.042422862883693124,20000,20000,20,,
walker2d-medium-replay-v2,2,adm,14,58,2,4.280014746173599,6.1704709960711,0.04363181884436785,20000,20000,20,,
walker2d-medium-replay-v2,2,adm,14,59,2,4.306049821882585,6.110021758465894,0.04320437818608587,20000,20000,20,,
walker2d-medium-replay-v2,2,adm,14,60,5,4.261849938900998,5.937256128346586,0.04198274069995258,20000,20000,20,,
walker2d-medium-replay-v2,2,adm,14,61,3,4.391266179165096,6.14870028185311,0.0434778766478197,20000,20000,20,,
walker2d-medium-replay-v2,2,adm,14,62,3,4.510112337696586,6.282192913354613,0.044421812097551194,20000,20000,20,,
walker2d-medium-replay-v2,2,adm,14,63,2,4.686689002333149,6.473548523077485,0.04577490059008249,20000,20000,20,,
walker2d-medium-replay-v2,2,adm,14,64,1,4.866575981339254,6.690216111195575,0.04730697179829884,20000,20000,20,,
walker2d-medium-replay-v2,2,adm,14,65,2,4.872364903657259,6.740888996080241,0.04766528320354117,20000,20000,20,,
walker2d-medium-replay-v2,2,adm,14,66,4,4.767043675399641,6.481104987094355,0.0458283328595637,20000,20000,20,,
walker2d-medium-replay-v2,2,adm,14,67,2,5.0534220753479415,6.8235277786598525,0.04824962763905161,20000,20000,20,,
walker2d-medium-replay-v2,2,adm,14,68,4,4.976170719334672,6.613693244509615,0.046765873418804074,20000,20000,20,,
walker2d-medium-replay-v2,2,adm,14,69,1,5.188393762330708,6.783602746881213,0.047967315031953964,20000,20000,20,,
walker2d-medium-replay-v2,2,adm,14,70,2,5.267246711767517,6.840212232542808,0.04836760454386193,20000,20000,20,,
walker2d-medium-replay-v2,2,adm,14,71,4,5.236051981546398,6.831643185047437,0.04830701222793906,20000,20000,20,,
walker2d-medium-replay-v2,2,adm,14,72,5,5.289861220080854,6.8251737123726945,0.04826126614794895,20000,20000,20,,
walker2d-medium-replay-v2,2,adm,14,73,5,5.266543736293053,6.642920845352026,0.0469725437663389,20000,20000,20,,
walker2d-medium-replay-v2,2,adm,14,74,4,5.452467857551644,6.937974547532104,0.04905888850259619,20000,20000,20,,
walker2d-medium-replay-v2,2,adm,14,75,4,5.550024374956856,7.038037799758121,0.04976644254456216,20000,20000,20,,
walker2d-medium-replay-v2,2,adm,14,76,3,5.658585751724719,7.109335992531953,0.05027059690052938,20000,20000,20,,
walker2d-medium-replay-v2,2,adm,14,77,1,5.871759046681366,7.267863049999477,0.05139155247389774,20000,20000,20,,
walker2d-medium-replay-v2,2,adm,14,78,3,5.817412682764148,7.183996313887238,0.05079852509568827,20000,20000,20,,
walker2d-medium-replay-v2,2,adm,14,79,4,5.824043212496981,7.139822386103679,0.050486168256814276,20000,20000,20,,
walker2d-medium-replay-v2,2,adm,14,80,1,6.120447232938546,7.374925040107277,0.05214859506602326,20000,20000,20,,
walker2d-medium-replay-v2,2,adm,14,81,1,6.403751614424716,7.739674206493409,0.054727761155861004,20000,20000,20,,
walker2d-medium-replay-v2,2,adm,14,82,5,6.0939232063983235,7.310544457072018,0.05169335559761351,20000,20000,20,,
walker2d-medium-replay-v2,2,adm,14,83,2,6.502163220437189,7.788199577080025,0.055070887341874875,20000,20000,20,,
walker2d-medium-replay-v2,2,adm,14,84,3,6.421158445555785,7.576599703964059,0.053574650290089745,20000,20000,20,,
walker2d-medium-replay-v2,2,adm,14,85,1,6.621939568286593,7.793358473378958,0.055107366247439005,20000,20000,20,,
walker2d-medium-replay-v2,2,adm,14,86,4,6.409809042341219,7.451808873866196,0.05269224586816877,20000,20000,20,,
walker2d-medium-replay-v2,2,adm,14,87,3,6.7177849288599445,7.8354444358016355,0.05540495894165738,20000,20000,20,,
walker2d-medium-replay-v2,2,adm,14,88,5,6.725875392170346,7.839279226398858,0.055432075006014644,20000,20000,20,,
walker2d-medium-replay-v2,2,adm,14,89,4,6.889855778277984,7.9386818337713985,0.05613495758342212,20000,20000,20,,
walker2d-medium-replay-v2,2,adm,14,90,3,7.0651947096114105,8.133481015568425,0.0575123958076048,20000,20000,20,,
walker2d-medium-replay-v2,2,adm,14,91,4,7.047017340762054,8.064210571429372,0.05702257979973952,20000,20000,20,,
walker2d-medium-replay-v2,2,adm,14,92,5,7.05565210047423,8.028310140975275,0.05676872542152344,20000,20000,20,,
walker2d-medium-replay-v2,2,adm,14,93,5,7.104425950372696,8.036167286790315,0.0568242838323893,20000,20000,20,,
walker2d-medium-replay-v2,2,adm,14,94,3,7.336958389034629,8.336280726957682,0.05894640631906499,20000,20000,20,,
walker2d-medium-replay-v2,2,adm,14,95,1,7.5882865510535975,8.548703959209256,0.06044846539913151,20000,20000,20,,
walker2d-medium-replay-v2,2,adm,14,96,3,7.506622984784217,8.317673908602856,0.05881483624471495,20000,20000,20,,
walker2d-medium-replay-v2,2,adm,14,97,2,7.8619087531015905,8.720145611986778,0.06166074095169967,20000,20000,20,,
walker2d-medium-replay-v2,2,adm,14,98,2,7.892641363142124,8.702483825477149,0.061535853261611394,20000,20000,20,,
walker2d-medium-replay-v2,2,adm,14,99,5,7.6539256267331,8.373616319890969,0.05921040882849247,20000,20000,20,,
walker2d-medium-replay-v2,2,adm,14,100,3,8.026017773063879,8.757558283517271,0.061925288489114834,20000,20000,20,,
walker2d-medium-replay-v2,2,adm,15,1,2,0.25314837659996814,0.7203919591283608,0.0050939403941192615,20000,20000,20,,
walker2d-medium-replay-v2,2,adm,15,2,2,0.2551487547217012,0.7304769354776434,0.005165251945766097,20000,20000,20,,
walker2d-medium-replay-v2,2,adm,15,3,1,0.43318823725845257,1.0515356188938456,0.007435479667790313,20000,20000,20,,
walker2d-medium-replay-v2,2,adm,15,4,2,0.43318480489581807,1.1021890669884642,0.007793653634172169,20000,20000,20,,
walker2d-medium-replay-v2,2,adm,15,5,3,0.45836870977888194,1.1298809111963082,0.007989464542401448,20000,20000,20,,
walker2d-medium-replay-v2,2,adm,15,6,3,0.58521775240099,1.4039154837822543,0.009927181587952244,20000,20000,20,,
walker2d-medium-replay-v2,2,adm,15,7,2,0.670320376920743,1.6137339413231195,0.011410822129404719,20000,20000,20,,
walker2d-medium-replay-v2,2,adm,15,8,1,0.8279996393855658,1.8867204974279221,0.013341128579349397,20000,20000,20,,
walker2d-medium-replay-v2,2,adm,15,9,1,0.9578509462629652,2.1718991106884125,0.015357645892208083,20000,20000,20,,
walker2d-medium-replay-v2,2,adm,15,10,2,0.9326731319032359,2.1389344150665246,0.01512455029406821,20000,20000,20,,
walker2d-medium-replay-v2,2,adm,15,11,2,1.02604893890169,2.339540431411185,0.016543049039109498,20000,20000,20,,
walker2d-medium-replay-v2,2,adm,15,12,1,1.154312272518985,2.4683800584447426,0.01745408277871924,20000,20000,20,,
walker2d-medium-replay-v2,2,adm,15,13,4,1.0862132605072894,2.46202953437354,0.017409177792370882,20000,20000,20,,
walker2d-medium-replay-v2,2,adm,15,14,5,1.1517684135248143,2.6025636690459084,0.018402904188521033,20000,20000,20,,
walker2d-medium-replay-v2,2,adm,15,15,2,1.2923017153897254,2.881404462362269,0.020374606346775386,20000,20000,20,,
walker2d-medium-replay-v2,2,adm,15,16,5,1.27792401378815,2.7942873723898,0.019758595496007673,20000,20000,20,,
walker2d-medium-replay-v2,2,adm,15,17,5,1.3951131098731118,2.9659801178903855,0.02097264654224767,20000,20000,20,,
walker2d-medium-replay-v2,2,adm,15,18,3,1.4105155971194658,2.961902693201684,0.02094381479577609,20000,20000,20,,
walker2d-medium-replay-v2,2,adm,15,19,2,1.5700608265615243,3.194071172535972,0.022585493856926528,20000,20000,20,,
walker2d-medium-replay-v2,2,adm,15,20,2,1.591113695376815,3.2562809929383314,0.023025383715555583,20000,20000,20,,
walker2d-medium-replay-v2,2,adm,15,21,3,1.5978322323504657,3.1893744199331406,0.02255228280077635,20000,20000,20,,
walker2d-medium-replay-v2,2,adm,15,22,1,1.7377765619068253,3.366182470438435,0.023802504515583023,20000,20000,20,,
walker2d-medium-replay-v2,2,adm,15,23,1,1.8816394716107077,3.575651307466751,0.025283672866682844,20000,20000,20,,
walker2d-medium-replay-v2,2,adm,15,24,4,1.7936187491749442,3.551172833348241,0.025110583916259865,20000,20000,20,,
walker2d-medium-replay-v2,2,adm,15,25,5,1.8260929541781603,3.5573265894492216,0.02515409754294758,20000,20000,20,,
walker2d-medium-replay-v2,2,adm,15,26,2,1.9590360586543036,3.742817600173256,0.026465717058268695,20000,20000,20,,
walker2d-medium-replay-v2,2,adm,15,27,3,1.9602173340259592,3.6352838756368127,0.02570533880000904,20000,20000,20,,
walker2d-medium-replay-v2,2,adm,15,28,3,2.0275607850193977,3.723936574434026,0.02633220804490902,20000,20000,20,,
walker2d-medium-replay-v2,2,adm,15,29,4,2.063958060844548,3.746784325121184,0.026493766039366512,20000,20000,20,,
walker2d-medium-replay-v2,2,adm,15,30,4,2.1640638229361953,3.897167717959932,0.027557137207907704,20000,20000,20,,
walker2d-medium-replay-v2,2,adm,15,31,2,2.316850701208546,4.159136262139472,0.029409534548376907,20000,20000,20,,
walker2d-medium-replay-v2,2,adm,15,32,2,2.403281043889877,4.251948968081471,0.03006581948589551,20000,20000,20,,
walker2d-medium-replay-v2,2,adm,15,33,3,2.41591027194271,4.256959394071389,0.030101248547836554,20000,20000,20,,
walker2d-medium-replay-v2,2,adm,15,34,4,2.457790784020875,4.32829498883091,0.030605667375780885,20000,20000,20,,
walker2d-medium-replay-v2,2,adm,15,35,4,2.550756903016007,4.411569698474552,0.031194508494684484,20000,20000,20,,
walker2d-medium-replay-v2,2,adm,15,36,1,2.752766714701347,4.680438845131573,0.03309570046321469,20000,20000,20,,
walker2d-medium-replay-v2,2,adm,15,37,2,2.810620505445186,4.748246396411411,0.03357517225647096,20000,20000,20,,
walker2d-medium-replay-v2,2,adm,15,38,5,2.7627435713291453,4.639028480746846,0.032802884968536214,20000,20000,20,,
walker2d-medium-replay-v2,2,adm,15,39,4,2.8504401028346815,4.6615880526283755,0.03296240523111717,20000,20000,20,,
walker2d-medium-replay-v2,2,adm,15,40,1,3.0536098159200034,4.909116397232706,0.0347126949411732,20000,20000,20,,
walker2d-medium-replay-v2,2,adm,15,41,5,3.005280481928937,4.90325426788468,0.03467124342703138,20000,20000,20,,
walker2d-medium-replay-v2,2,adm,15,42,1,3.243585013995476,5.143686131280952,0.036371353437239594,20000,20000,20,,
walker2d-medium-replay-v2,2,adm,15,43,1,3.420092748382982,5.357799890826991,0.03788536635044309,20000,20000,20,,
walker2d-medium-replay-v2,2,adm,15,44,4,3.2646705490191654,5.134603965231566,0.03630713282522576,20000,20000,20,,
walker2d-medium-replay-v2,2,adm,15,45,4,3.2865699464597156,5.138494058602534,0.03633463993924636,20000,20000,20,,
walker2d-medium-replay-v2,2,adm,15,46,4,3.4081196218641847,5.26400423309657,0.03722213089417276,20000,20000,20,,
walker2d-medium-replay-v2,2,adm,15,47,5,3.438700774755628,5.2671053552007905,0.037244059138864576,20000,20000,20,,
walker2d-medium-replay-v2,2,adm,15,48,5,3.514102053349024,5.2877517460183086,0.037390051168405526,20000,20000,20,,
walker2d-medium-replay-v2,2,adm,15,49,4,3.485514486673384,5.198084493846206,0.03675600794779295,20000,20000,20,,
walker2d-medium-replay-v2,2,adm,15,50,2,3.852378473853073,5.730434659356427,0.04052029206777353,20000,20000,20,,
walker2d-medium-replay-v2,2,adm,15,51,3,3.845102386247251,5.699813462052936,0.040303767505160036,20000,20000,20,,
walker2d-medium-replay-v2,2,adm,15,52,5,3.783718239416013,5.527139046758011,0.039082775005235396,20000,20000,20,,
walker2d-medium-replay-v2,2,adm,15,53,3,4.006817457231381,5.855668491033951,0.041405828983905046,20000,20000,20,,
walker2d-medium-replay-v2,2,adm,15,54,1,4.2191751415097345,6.033426226863638,0.04266276598804043,20000,20000,20,,
walker2d-medium-replay-v2,2,adm,15,55,5,4.0854074930042374,5.778077541016164,0.04085717811474221,20000,20000,20,,
walker2d-medium-replay-v2,2,adm,15,56,5,4.1397864781287845,5.837354460513505,0.0412763292321864,20000,20000,20,,
walker2d-medium-replay-v2,2,adm,15,57,1,4.411234704209347,6.11357211691178,0.04322948301141316,20000,20000,20,,
walker2d-medium-replay-v2,2,adm,15,58,2,4.457158652669109,6.207386601648039,0.043892851594718466,20000,20000,20,,
walker2d-medium-replay-v2,2,adm,15,59,2,4.571270410084593,6.3745731049912315,0.04507503869708685,20000,20000,20,,
walker2d-medium-replay-v2,2,adm,15,60,2,4.652475814645452,6.451065158779787,0.045615919196494596,20000,20000,20,,
walker2d-medium-replay-v2,2,adm,15,61,1,4.820652142190927,6.595682099122722,0.04663851538840399,20000,20000,20,,
walker2d-medium-replay-v2,2,adm,15,62,3,4.767259990965239,6.519397236576069,0.046099099952317764,20000,20000,20,,
walker2d-medium-replay-v2,2,adm,15,63,1,4.933754518833036,6.600844418167525,0.04667501849643627,20000,20000,20,,
walker2d-medium-replay-v2,2,adm,15,64,3,4.919275216122466,6.59250733111967,0.04661606638856747,20000,20000,20,,
walker2d-medium-replay-v2,2,adm,15,65,4,4.93198477413837,6.564881984274698,0.046420725687700365,20000,20000,20,,
walker2d-medium-replay-v2,2,adm,15,66,4,4.990062801129237,6.630285248154714,0.04688319660171329,20000,20000,20,,
walker2d-medium-replay-v2,2,adm,15,67,4,5.119748526561268,6.744297669306647,0.047689386163073576,20000,20000,20,,
walker2d-medium-replay-v2,2,adm,15,68,4,5.1608574479905185,6.724256184630124,0.04754767146587542,20000,20000,20,,
walker2d-medium-replay-v2,2,adm,15,69,4,5.239284483038517,6.748606622862658,0.04771985506586631,20000,20000,20,,
walker2d-medium-replay-v2,2,adm,15,70,1,5.4518964370059155,6.976713538558326,0.04933281453510586,20000,20000,20,,
walker2d-medium-replay-v2,2,adm,15,71,5,5.324100274287533,6.822982718006344,0.04824577347820907,20000,20000,20,,
walker2d-medium-replay-v2,2,adm,15,72,2,5.612226229736265,7.142731655390474,0.05050673989722418,20000,20000,20,,
walker2d-medium-replay-v2,2,adm,15,73,1,5.798208535890633,7.313994034933183,0.05171774779659211,20000,20000,20,,
walker2d-medium-replay-v2,2,adm,15,74,5,5.536207257111174,6.91637974527697,0.04890619019146632,20000,20000,20,,
walker2d-medium-replay-v2,2,adm,15,75,4,5.683814297258173,7.041810397152042,0.04979311883656144,20000,20000,20,,
walker2d-medium-replay-v2,2,adm,15,76,1,5.953155945661713,7.3392992533378845,0.05189668271192583,20000,20000,20,,
walker2d-medium-replay-v2,2,adm,15,77,4,6.0341620882162985,7.40317566466797,0.05234835714801947,20000,20000,20,,
walker2d-medium-replay-v2,2,adm,15,78,3,6.049843711485868,7.3913214202595245,0.05226453498194893,20000,20000,20,,
walker2d-medium-replay-v2,2,adm,15,79,3,6.153075492067228,7.4559042784602,0.05272120475177,20000,20000,20,,
walker2d-medium-replay-v2,2,adm,15,80,4,6.141798439216366,7.345173542215788,0.05193822020692797,20000,20000,20,,
walker2d-medium-replay-v2,2,adm,15,81,1,6.40884921058032,7.620449391275237,0.05388471440259618,20000,20000,20,,
walker2d-medium-replay-v2,2,adm,15,82,4,6.258679893398403,7.396563060001084,0.05230159897200686,20000,20000,20,,
walker2d-medium-replay-v2,2,adm,15,83,2,6.615589262648863,7.798771701322635,0.055145643549309835,20000,20000,20,,
walker2d-medium-replay-v2,2,adm,15,84,3,6.557134551758904,7.734815426715049,0.054693404394565305,20000,20000,20,,
walker2d-medium-replay-v2,2,adm,15,85,3,6.560730173684426,7.765863735224656,0.05491294908948045,20000,20000,20,,
walker2d-medium-replay-v2,2,adm,15,86,1,6.792079916132731,7.910394475889712,0.055934935757622206,20000,20000,20,,
walker2d-medium-replay-v2,2,adm,15,87,3,6.860262637659734,7.98369360202101,0.05645323884904709,20000,20000,20,,
walker2d-medium-replay-v2,2,adm,15,88,3,6.8634017187471965,7.904886588356166,0.05589598911137238,20000,20000,20,,
walker2d-medium-replay-v2,2,adm,15,89,2,7.220100184815962,8.307435894016033,0.05874244254931266,20000,20000,20,,
walker2d-medium-replay-v2,2,adm,15,90,1,7.437275525558989,8.432969045344022,0.059630095974990034,20000,20000,20,,
walker2d-medium-replay-v2,2,adm,15,91,5,7.0932457728881095,7.906768562339752,0.05590929667703048,20000,20000,20,,
walker2d-medium-replay-v2,2,adm,15,92,4,7.169663882710656,8.060432813118432,0.05699586701454602,20000,20000,20,,
walker2d-medium-replay-v2,2,adm,15,93,5,7.198847468695196,8.037382767327925,0.05683287857769474,20000,20000,20,,
walker2d-medium-replay-v2,2,adm,15,94,2,7.607531660708539,8.59978085204036,0.060809633571959634,20000,20000,20,,
walker2d-medium-replay-v2,2,adm,15,95,1,7.895691478787782,8.856580977917602,0.06262548467613321,20000,20000,20,,
walker2d-medium-replay-v2,2,adm,15,96,3,7.665034856352853,8.472257981387132,0.059907910706006914,20000,20000,20,,
walker2d-medium-replay-v2,2,adm,15,97,3,7.753720529676175,8.588518074160195,0.06072999370581901,20000,20000,20,,
walker2d-medium-replay-v2,2,adm,15,98,4,7.724484456488376,8.46342546500383,0.05984545538371117,20000,20000,20,,
walker2d-medium-replay-v2,2,adm,15,99,1,8.134261993943502,8.878910967393038,0.06278338154595225,20000,20000,20,,
walker2d-medium-replay-v2,2,adm,15,100,1,8.481472806297004,9.427522502720004,0.06666265091462087,20000,20000,20,,
walker2d-medium-replay-v2,2,adm,16,1,2,0.25560989877844853,0.7237169152682527,0.0051174513844559144,20000,20000,20,,
walker2d-medium-replay-v2,2,adm,16,2,2,0.2580194291401229,0.7446143594325964,0.005265218629236661,20000,20000,20,,
walker2d-medium-replay-v2,2,adm,16,3,1,0.4320724718432888,1.077280438830871,0.007617523035369286,20000,20000,20,,
walker2d-medium-replay-v2,2,adm,16,4,5,0.4214137567114637,0.9851041465757213,0.0069657382221867915,20000,20000,20,,
walker2d-medium-replay-v2,2,adm,16,5,2,0.5699703882048119,1.4058533686332522,0.009940884503145238,20000,20000,20,,
walker2d-medium-replay-v2,2,adm,16,6,2,0.6135280307082402,1.5740613003042236,0.011130294194484311,20000,20000,20,,
walker2d-medium-replay-v2,2,adm,16,7,1,0.7608823591014882,1.7814119620107538,0.012596484784246364,20000,20000,20,,
walker2d-medium-replay-v2,2,adm,16,8,5,0.7094139101310524,1.6934228431524665,0.011974307758093123,20000,20000,20,,
walker2d-medium-replay-v2,2,adm,16,9,2,0.873098778845551,2.0575017639375908,0.014548734495835535,20000,20000,20,,
walker2d-medium-replay-v2,2,adm,16,10,2,0.9247472467214227,2.2309409731092624,0.015775134905124746,20000,20000,20,,
walker2d-medium-replay-v2,2,adm,16,11,4,0.9360934865634517,2.158178680425886,0.015260627799413786,20000,20000,20,,
walker2d-medium-replay-v2,2,adm,16,12,2,1.0594098154200817,2.4749792091672673,0.017500745820978932,20000,20000,20,,
walker2d-medium-replay-v2,2,adm,16,13,5,1.0025106521596494,2.306060712514919,0.016306311676471806,20000,20000,20,,
walker2d-medium-replay-v2,2,adm,16,14,1,1.171187543683236,2.5675304442376334,0.018155181880233393,20000,20000,20,,
walker2d-medium-replay-v2,2,adm,16,15,5,1.119049167071001,2.4612917483039736,0.01740396085704233,20000,20000,20,,
walker2d-medium-replay-v2,2,adm,16,16,3,1.180742017508421,2.6519519488863663,0.0187521320643843,20000,20000,20,,
walker2d-medium-replay-v2,2,adm,16,17,2,1.340324062810572,2.8515156445568084,0.02016326048925648,20000,20000,20,,
walker2d-medium-replay-v2,2,adm,16,18,3,1.3164985927373116,2.761685289365832,0.019528063956137126,20000,20000,20,,
walker2d-medium-replay-v2,2,adm,16,19,5,1.3815449264808306,2.9034065177442554,0.02053018437238183,20000,20000,20,,
walker2d-medium-replay-v2,2,adm,16,20,1,1.554418964134072,3.1433292515565614,0.022226694292776794,20000,20000,20,,
walker2d-medium-replay-v2,2,adm,16,21,1,1.6860759138903376,3.3989787795985498,0.0240344094416331,20000,20000,20,,
walker2d-medium-replay-v2,2,adm,16,22,5,1.5603438542038934,3.1337883222515592,0.022159229734672912,20000,20000,20,,
walker2d-medium-replay-v2,2,adm,16,23,4,1.6168098482918347,3.2618621883419565,0.023064848726725887,20000,20000,20,,
walker2d-medium-replay-v2,2,adm,16,24,4,1.7056705065499511,3.2841426858018337,0.023222395635146775,20000,20000,20,,
walker2d-medium-replay-v2,2,adm,16,25,5,1.7462778576948672,3.3767541155724734,0.023877257335208787,20000,20000,20,,
walker2d-medium-replay-v2,2,adm,16,26,3,1.8320087749224756,3.557800465641971,0.025157448353640942,20000,20000,20,,
walker2d-medium-replay-v2,2,adm,16,27,4,1.8506442042765434,3.4907486533518344,0.024683320442028908,20000,20000,20,,
walker2d-medium-replay-v2,2,adm,16,28,4,1.9378351637592066,3.581684655780819,0.025326335081744224,20000,20000,20,,
walker2d-medium-replay-v2,2,adm,16,29,2,2.043867630405027,3.801306559505053,0.026879296455949272,20000,20000,20,,
walker2d-medium-replay-v2,2,adm,16,30,2,2.168311002990936,3.977156287854846,0.028122741809808782,20000,20000,20,,
walker2d-medium-replay-v2,2,adm,16,31,4,2.1269966322562044,3.8604818497841484,0.02729772894629958,20000,20000,20,,
walker2d-medium-replay-v2,2,adm,16,32,5,2.188294182689058,3.896491494521232,0.027552355586116684,20000,20000,20,,
walker2d-medium-replay-v2,2,adm,16,33,3,2.3508945868916165,4.093920297068528,0.02894838803694401,20000,20000,20,,
walker2d-medium-replay-v2,2,adm,16,34,3,2.402224273931431,4.194761849118685,0.029661445489744438,20000,20000,20,,
walker2d-medium-replay-v2,2,adm,16,35,3,2.4536993120653916,4.297155307344478,0.03038547657635043,20000,20000,20,,
walker2d-medium-replay-v2,2,adm,16,36,1,2.6283053963192766,4.524450434235032,0.031992695831900106,20000,20000,20,,
walker2d-medium-replay-v2,2,adm,16,37,5,2.552386538229249,4.422987385135845,0.031275243731321116,20000,20000,20,,
walker2d-medium-replay-v2,2,adm,16,38,5,2.6792245647454904,4.578664623427891,0.03237604804004812,20000,20000,20,,
walker2d-medium-replay-v2,2,adm,16,39,3,2.7705152963459483,4.606512237122316,0.03257296040488003,20000,20000,20,,
walker2d-medium-replay-v2,2,adm,16,40,2,2.954192740406761,4.967530839723762,0.03512574742521977,20000,20000,20,,
walker2d-medium-replay-v2,2,adm,16,41,5,2.8831963233932094,4.8174105876808975,0.03406423694309033,20000,20000,20,,
walker2d-medium-replay-v2,2,adm,16,42,4,2.9973128850506776,4.884399415673649,0.03453791948846448,20000,20000,20,,
walker2d-medium-replay-v2,2,adm,16,43,4,3.0436913350044588,4.960040508086196,0.03507278278227717,20000,20000,20,,
walker2d-medium-replay-v2,2,adm,16,44,3,3.178040847787512,5.1245210231612655,0.03623583565810355,20000,20000,20,,
walker2d-medium-replay-v2,2,adm,16,45,1,3.3048930480391916,5.167180371208613,0.036537482800956325,20000,20000,20,,
walker2d-medium-replay-v2,2,adm,16,46,1,3.4524743974535346,5.390543663514909,0.03811689978753567,20000,20000,20,,
walker2d-medium-replay-v2,2,adm,16,47,1,3.5953966905911168,5.514691551514921,0.03899475792228363,20000,20000,20,,
walker2d-medium-replay-v2,2,adm,16,48,5,3.3490744313088276,5.24367648350417,0.03707839199834228,20000,20000,20,,
walker2d-medium-replay-v2,2,adm,16,49,2,3.744574408363852,5.7849249233456685,0.04090559641952791,20000,20000,20,,
walker2d-medium-replay-v2,2,adm,16,50,4,3.6408287114267877,5.5866746988565215,0.039503755638447595,20000,20000,20,,
walker2d-medium-replay-v2,2,adm,16,51,4,3.771871581891353,5.703647822345327,0.04033088052680266,20000,20000,20,,
walker2d-medium-replay-v2,2,adm,16,52,1,3.970611491667264,5.863242839018478,0.04145938771213431,20000,20000,20,,
walker2d-medium-replay-v2,2,adm,16,53,3,3.8596771764664983,5.707579581599253,0.04035868226310709,20000,20000,20,,
walker2d-medium-replay-v2,2,adm,16,54,3,3.9631998401881328,5.730484664550851,0.04052064565789425,20000,20000,20,,
walker2d-medium-replay-v2,2,adm,16,55,3,4.09007495530657,5.8155759524553,0.04112233192486558,20000,20000,20,,
walker2d-medium-replay-v2,2,adm,16,56,4,4.118809094269193,5.837924117199295,0.0412803573132411,20000,20000,20,,
walker2d-medium-replay-v2,2,adm,16,57,5,4.135947907114673,5.798625296052342,0.041002472683984624,20000,20000,20,,
walker2d-medium-replay-v2,2,adm,16,58,4,4.207004758495242,5.929942767459754,0.041931027429189145,20000,20000,20,,
walker2d-medium-replay-v2,2,adm,16,59,2,4.4858950618125,6.261245983758263,0.04427369493792503,20000,20000,20,,
walker2d-medium-replay-v2,2,adm,16,60,4,4.395803762591389,6.044297638444224,0.04273963847653746,20000,20000,20,,
walker2d-medium-replay-v2,2,adm,16,61,2,4.6408229938085395,6.415448679241821,0.04536407265446171,20000,20000,20,,
walker2d-medium-replay-v2,2,adm,16,62,4,4.447635949008676,6.063813064507625,0.04287763337760921,20000,20000,20,,
walker2d-medium-replay-v2,2,adm,16,63,3,4.625433537683485,6.291642936107198,0.0444886338492584,20000,20000,20,,
walker2d-medium-replay-v2,2,adm,16,64,4,4.6252409851351475,6.223963191812874,0.04401006578786352,20000,20000,20,,
walker2d-medium-replay-v2,2,adm,16,65,1,4.858615665176208,6.489851747984573,0.0458901817989526,20000,20000,20,,
walker2d-medium-replay-v2,2,adm,16,66,2,4.948170456403721,6.660799870006533,0.047098967562080936,20000,20000,20,,
walker2d-medium-replay-v2,2,adm,16,67,1,5.118874510002267,6.833025095437555,0.048316783810017506,20000,20000,20,,
walker2d-medium-replay-v2,2,adm,16,68,4,4.932350491520065,6.573597050916829,0.046482350514911806,20000,20000,20,,
walker2d-medium-replay-v2,2,adm,16,69,3,5.114617824348437,6.742860185073843,0.04767922161458493,20000,20000,20,,
walker2d-medium-replay-v2,2,adm,16,70,1,5.364467706921359,6.959623616662108,0.049211970538478214,20000,20000,20,,
walker2d-medium-replay-v2,2,adm,16,71,3,5.2460414683352905,6.826629194200274,0.0482715579586507,20000,20000,20,,
walker2d-medium-replay-v2,2,adm,16,72,5,5.289761561675312,6.792410642244574,0.04802959625734811,20000,20000,20,,
walker2d-medium-replay-v2,2,adm,16,73,1,5.564398049294999,7.051332840025059,0.04986045267585116,20000,20000,20,,
walker2d-medium-replay-v2,2,adm,16,74,3,5.495491024730846,7.088690210796884,0.050124609177851734,20000,20000,20,,
walker2d-medium-replay-v2,2,adm,16,75,4,5.524835146291103,7.050755960717711,0.049856373523149644,20000,20000,20,,
walker2d-medium-replay-v2,2,adm,16,76,1,5.7710007287208995,7.224714904641121,0.051086449012112574,20000,20000,20,,
walker2d-medium-replay-v2,2,adm,16,77,4,5.773311956823797,7.195280591666068,0.0508783169890703,20000,20000,20,,
walker2d-medium-replay-v2,2,adm,16,78,2,6.002857801418727,7.455218817182205,0.05271635780859089,20000,20000,20,,
walker2d-medium-replay-v2,2,adm,16,79,3,5.985549886678552,7.364795585625732,0.052076969006487055,20000,20000,20,,
walker2d-medium-replay-v2,2,adm,16,80,1,6.1546457071675436,7.496192774677461,0.05300608744056033,20000,20000,20,,
walker2d-medium-replay-v2,2,adm,16,81,2,6.245672846649417,7.588073829874029,0.05365578461248102,20000,20000,20,,
walker2d-medium-replay-v2,2,adm,16,82,3,6.246831652947563,7.5632177022620946,0.05348002524859666,20000,20000,20,,
walker2d-medium-replay-v2,2,adm,16,83,5,6.202727559444649,7.418110072828171,0.05245395936085033,20000,20000,20,,
walker2d-medium-replay-v2,2,adm,16,84,4,6.368616589162199,7.605813685948819,0.0537812243377586,20000,20000,20,,
walker2d-medium-replay-v2,2,adm,16,85,5,6.430426181835851,7.628711668225973,0.05394313752319525,20000,20000,20,,
walker2d-medium-replay-v2,2,adm,16,86,3,6.629077936379742,7.885702704483854,0.0557603385676163,20000,20000,20,,
walker2d-medium-replay-v2,2,adm,16,87,2,6.855056057229661,8.036349449562062,0.05682557191770112,20000,20000,20,,
walker2d-medium-replay-v2,2,adm,16,88,4,6.702352097128794,7.756708297665196,0.054848210369650215,20000,20000,20,,
walker2d-medium-replay-v2,2,adm,16,89,3,6.922348442212574,8.058862834172766,0.056984765586958024,20000,20000,20,,
walker2d-medium-replay-v2,2,adm,16,90,1,7.120486291275374,8.149364267048497,0.05762470735589331,20000,20000,20,,
walker2d-medium-replay-v2,2,adm,16,91,5,6.876620736993382,7.77056668213448,0.05494620394599542,20000,20000,20,,
walker2d-medium-replay-v2,2,adm,16,92,5,7.021509211115446,7.976928703444746,0.05640540379247394,20000,20000,20,,
walker2d-medium-replay-v2,2,adm,16,93,1,7.350242511335666,8.268096671998702,0.05846427224276208,20000,20000,20,,
walker2d-medium-replay-v2,2,adm,16,94,3,7.2999944362394995,8.175200463850505,0.057807396855481,20000,20000,20,,
walker2d-medium-replay-v2,2,adm,16,95,2,7.697908533402041,8.716429385924034,0.06163446326520578,20000,20000,20,,
walker2d-medium-replay-v2,2,adm,16,96,4,7.456436058786449,8.267006822428245,0.05845656584254464,20000,20000,20,,
walker2d-medium-replay-v2,2,adm,16,97,4,7.586766166186051,8.373297641997361,0.05920815543549662,20000,20000,20,,
walker2d-medium-replay-v2,2,adm,16,98,1,7.889943479236809,8.61404451922644,0.06091049292987829,20000,20000,20,,
walker2d-medium-replay-v2,2,adm,16,99,1,8.259780714367636,9.146508812110175,0.06467558405225618,20000,20000,20,,
walker2d-medium-replay-v2,2,adm,16,100,2,8.159406233739132,8.896380639013449,0.06290691077863121,20000,20000,20,,
walker2d-medium-replay-v2,2,adm,17,1,5,0.4250157526254508,1.0069193183904246,0.007119994781416055,20000,20000,20,,
walker2d-medium-replay-v2,2,adm,17,2,4,0.33996742341811415,0.831472462643188,0.005879398167048765,20000,20000,20,,
walker2d-medium-replay-v2,2,adm,17,3,3,0.2796271367751094,0.709688261764704,0.005018253824223158,20000,20000,20,,
walker2d-medium-replay-v2,2,adm,17,4,3,0.6197250536146237,1.4813979428350401,0.010475065310144582,20000,20000,20,,
walker2d-medium-replay-v2,2,adm,17,5,4,0.6748360846040153,1.6025582681685357,0.011331798186685412,20000,20000,20,,
walker2d-medium-replay-v2,2,adm,17,6,4,0.5956181766772222,1.4295003084067877,0.010108093617827005,20000,20000,20,,
walker2d-medium-replay-v2,2,adm,17,7,5,0.6895036454496343,1.6481212591740517,0.011653977185796834,20000,20000,20,,
walker2d-medium-replay-v2,2,adm,17,8,3,0.9114208588165228,2.21574676641627,0.0156676956392511,20000,20000,20,,
walker2d-medium-replay-v2,2,adm,17,9,4,0.9329951113258527,2.2048590058838142,0.015590707546206749,20000,20000,20,,
walker2d-medium-replay-v2,2,adm,17,10,4,0.8538309312784087,1.9991246966143477,0.014135946294135046,20000,20000,20,,
walker2d-medium-replay-v2,2,adm,17,11,4,0.9001215251714045,2.085410069343622,0.014746076015875834,20000,20000,20,,
walker2d-medium-replay-v2,2,adm,17,12,1,1.085679382736387,2.4612869612848542,0.01740392700770552,20000,20000,20,,
walker2d-medium-replay-v2,2,adm,17,13,1,1.2227600088367403,2.7055526540152783,0.019131146285114642,20000,20000,20,,
walker2d-medium-replay-v2,2,adm,17,14,1,1.3270002446093658,2.811653706071645,0.01988139401911548,20000,20000,20,,
walker2d-medium-replay-v2,2,adm,17,15,2,1.276856070323376,2.7117984639337593,0.019175310830588245,20000,20000,20,,
walker2d-medium-replay-v2,2,adm,17,16,5,1.1997584170543258,2.629788988793269,0.018595416270654343,20000,20000,20,,
walker2d-medium-replay-v2,2,adm,17,17,3,1.4014643476714435,2.934373325498961,0.020749152769932354,20000,20000,20,,
walker2d-medium-replay-v2,2,adm,17,18,3,1.4505545602594072,3.0219129417002626,0.021368151332316437,20000,20000,20,,
walker2d-medium-replay-v2,2,adm,17,19,4,1.4726791108021169,3.0272304804764234,0.021405752009594894,20000,20000,20,,
walker2d-medium-replay-v2,2,adm,17,20,4,1.3970470848538876,2.875996502941318,0.020336366298986025,20000,20000,20,,
walker2d-medium-replay-v2,2,adm,17,21,2,1.7016207567179638,3.446759874446651,0.024372272803429202,20000,20000,20,,
walker2d-medium-replay-v2,2,adm,17,22,4,1.655725358638991,3.301958068401551,0.023348369413603708,20000,20000,20,,
walker2d-medium-replay-v2,2,adm,17,23,1,1.787868879714614,3.3949136643886724,0.02400566473632101,20000,20000,20,,
walker2d-medium-replay-v2,2,adm,17,24,3,1.8048014312095197,3.486750195736267,0.02465504707708636,20000,20000,20,,
walker2d-medium-replay-v2,2,adm,17,25,3,1.8188756479924393,3.479314485854698,0.024602468668284427,20000,20000,20,,
walker2d-medium-replay-v2,2,adm,17,26,4,1.8516867810158544,3.50188478543796,0.024762064787171793,20000,20000,20,,
walker2d-medium-replay-v2,2,adm,17,27,1,2.0299679167115157,3.6943336916924463,0.02612288405361661,20000,20000,20,,
walker2d-medium-replay-v2,2,adm,17,28,1,2.180158383019511,3.9152334477113797,0.027684881208051026,20000,20000,20,,
walker2d-medium-replay-v2,2,adm,17,29,1,2.3070522951740693,4.088409279267576,0.02890941925636108,20000,20000,20,,
walker2d-medium-replay-v2,2,adm,17,30,2,2.3029902807236926,4.109298027219814,0.029057125009636323,20000,20000,20,,
walker2d-medium-replay-v2,2,adm,17,31,2,2.4222174178198794,4.1801258237626895,0.029557953161956006,20000,20000,20,,
walker2d-medium-replay-v2,2,adm,17,32,1,2.5590764050213517,4.328891029939084,0.03060988202287544,20000,20000,20,,
walker2d-medium-replay-v2,2,adm,17,33,5,2.416994167467709,4.171335362401737,0.029495795213575128,20000,20000,20,,
walker2d-medium-replay-v2,2,adm,17,34,4,2.5420887603991025,4.368088341151662,0.030887048868502374,20000,20000,20,,
walker2d-medium-replay-v2,2,adm,17,35,3,2.7621875652309726,4.665672393544514,0.03299128588270196,20000,20000,20,,
walker2d-medium-replay-v2,2,adm,17,36,5,2.7367693239211293,4.6626381680606706,0.032969830668549215,20000,20000,20,,
walker2d-medium-replay-v2,2,adm,17,37,1,2.913279070546173,4.793681018891145,0.03389644355303167,20000,20000,20,,
walker2d-medium-replay-v2,2,adm,17,38,1,3.073418159160708,5.003167028486322,0.035377733332516266,20000,20000,20,,
walker2d-medium-replay-v2,2,adm,17,39,4,3.023157788506557,4.8818660438442505,0.03452000584446613,20000,20000,20,,
walker2d-medium-replay-v2,2,adm,17,40,5,3.0440186006219316,4.924213815898097,0.034819449812340295,20000,20000,20,,
walker2d-medium-replay-v2,2,adm,17,41,1,3.220420982349304,5.066338374519841,0.0358244222040861,20000,20000,20,,
walker2d-medium-replay-v2,2,adm,17,42,5,3.154358329475835,5.062223675574328,0.03579532688881697,20000,20000,20,,
walker2d-medium-replay-v2,2,adm,17,43,3,3.319160633539217,5.293717051309123,0.037432232246635354,20000,20000,20,,
walker2d-medium-replay-v2,2,adm,17,44,3,3.380501813173666,5.260881989838554,0.03720005330037019,20000,20000,20,,
walker2d-medium-replay-v2,2,adm,17,45,3,3.3963978066192912,5.3156735456894,0.037587488107309136,20000,20000,20,,
walker2d-medium-replay-v2,2,adm,17,46,1,3.567740551469713,5.470409906254146,0.03868163940582372,20000,20000,20,,
walker2d-medium-replay-v2,2,adm,17,47,5,3.4370136372932625,5.241472841202336,0.037062809894192916,20000,20000,20,,
walker2d-medium-replay-v2,2,adm,17,48,5,3.5650788802065594,5.472097158532535,0.038693570081099936,20000,20000,20,,
walker2d-medium-replay-v2,2,adm,17,49,2,3.7054649435268687,5.54961011482421,0.03924166945133654,20000,20000,20,,
walker2d-medium-replay-v2,2,adm,17,50,5,3.6479826811731386,5.3941175006631426,0.03814217063235939,20000,20000,20,,
walker2d-medium-replay-v2,2,adm,17,51,5,3.744495599115404,5.483408270047326,0.03877355171764859,20000,20000,20,,
walker2d-medium-replay-v2,2,adm,17,52,3,3.904752630713613,5.682674360937452,0.04018257575893802,20000,20000,20,,
walker2d-medium-replay-v2,2,adm,17,53,5,3.8883896943949434,5.59797178935975,0.039583638131472705,20000,20000,20,,
walker2d-medium-replay-v2,2,adm,17,54,5,3.9714774029258413,5.720967785228365,0.04045335115884761,20000,20000,20,,
walker2d-medium-replay-v2,2,adm,17,55,3,4.118356123446633,5.907408002964256,0.041771682581317054,20000,20000,20,,
walker2d-medium-replay-v2,2,adm,17,56,2,4.271977883628668,6.126856085010632,0.043323414850650804,20000,20000,20,,
walker2d-medium-replay-v2,2,adm,17,57,3,4.285563849838111,6.102756422984993,0.04315300450622447,20000,20000,20,,
walker2d-medium-replay-v2,2,adm,17,58,4,4.294098361193788,5.99067026793579,0.04236043570310028,20000,20000,20,,
walker2d-medium-replay-v2,2,adm,17,59,5,4.362442852425516,6.0112072291142375,0.04250565394824274,20000,20000,20,,
walker2d-medium-replay-v2,2,adm,17,60,2,4.599673870998589,6.3395207012842,0.044827180773505546,20000,20000,20,,
walker2d-medium-replay-v2,2,adm,17,61,4,4.523454310234217,6.170577665329092,0.043632573109924556,20000,20000,20,,
walker2d-medium-replay-v2,2,adm,17,62,4,4.538600669924032,6.216400043291695,0.043956586251799046,20000,20000,20,,
walker2d-medium-replay-v2,2,adm,17,63,2,4.7439082725690955,6.485697569798124,0.04586080732329365,20000,20000,20,,
walker2d-medium-replay-v2,2,adm,17,64,1,4.950630052285947,6.718635522075958,0.0475079273798073,20000,20000,20,,
walker2d-medium-replay-v2,2,adm,17,65,5,4.790211937737855,6.348500684989359,0.044890678847234175,20000,20000,20,,
walker2d-medium-replay-v2,2,adm,17,66,3,5.003373953903049,6.631597949852913,0.046892478804438004,20000,20000,20,,
walker2d-medium-replay-v2,2,adm,17,67,2,5.18796857932318,6.862266377268704,0.048523550896751436,20000,20000,20,,
walker2d-medium-replay-v2,2,adm,17,68,5,5.081732622310234,6.636106880433733,0.04692436175833398,20000,20000,20,,
walker2d-medium-replay-v2,2,adm,17,69,4,5.156129924110255,6.7419044548069476,0.04767246358105786,20000,20000,20,,
walker2d-medium-replay-v2,2,adm,17,70,5,5.184865357666167,6.706373042138998,0.047421218552631414,20000,20000,20,,
walker2d-medium-replay-v2,2,adm,17,71,2,5.455026860303396,6.959618455427651,0.049211934043039376,20000,20000,20,,
walker2d-medium-replay-v2,2,adm,17,72,1,5.614104650861703,7.104482042059271,0.05023627428758161,20000,20000,20,,
walker2d-medium-replay-v2,2,adm,17,73,1,5.819178541707165,7.43239189683977,0.05255494710691348,20000,20000,20,,
walker2d-medium-replay-v2,2,adm,17,74,5,5.472109359573525,6.833809725540729,0.048322331982684284,20000,20000,20,,
walker2d-medium-replay-v2,2,adm,17,75,2,5.93145197720103,7.423620753347667,0.05249292575649321,20000,20000,20,,
walker2d-medium-replay-v2,2,adm,17,76,3,5.891739377787768,7.307447035559833,0.05167145352005892,20000,20000,20,,
walker2d-medium-replay-v2,2,adm,17,77,1,6.122264201414188,7.525407230789725,0.05321266484081692,20000,20000,20,,
walker2d-medium-replay-v2,2,adm,17,78,2,6.193733953934743,7.611758435094101,0.05382326006208942,20000,20000,20,,
walker2d-medium-replay-v2,2,adm,17,79,3,6.133797700205341,7.428264543588002,0.052525762312186704,20000,20000,20,,
walker2d-medium-replay-v2,2,adm,17,80,1,6.368231342107793,7.679560913789496,0.05430269598675712,20000,20000,20,,
walker2d-medium-replay-v2,2,adm,17,81,5,6.180523443895784,7.350563510890689,0.05197633304093203,20000,20000,20,,
walker2d-medium-replay-v2,2,adm,17,82,1,6.497911902089557,7.6607962746688045,0.05417000995106953,20000,20000,20,,
walker2d-medium-replay-v2,2,adm,17,83,1,6.822884579197173,8.149745504652433,0.05762740311284317,20000,20000,20,,
walker2d-medium-replay-v2,2,adm,17,84,2,6.769683217287811,8.027087712857254,0.05676008154940578,20000,20000,20,,
walker2d-medium-replay-v2,2,adm,17,85,2,6.87384705121023,8.110507257621379,0.057349946807267856,20000,20000,20,,
walker2d-medium-replay-v2,2,adm,17,86,4,6.692294941766232,7.819231025651677,0.05529031281902543,20000,20000,20,,
walker2d-medium-replay-v2,2,adm,17,87,5,6.735273908753196,7.770277063830889,0.05494415603533117,20000,20000,20,,
walker2d-medium-replay-v2,2,adm,17,88,3,7.047748687646174,8.062320674422962,0.05700921620984975,20000,20000,20,,
walker2d-medium-replay-v2,2,adm,17,89,2,7.165794647825968,8.244719731458973,0.05829897231097171,20000,20000,20,,
walker2d-medium-replay-v2,2,adm,17,90,1,7.374085778336012,8.423844635606786,0.0595655766549948,20000,20000,20,,
walker2d-medium-replay-v2,2,adm,17,91,3,7.377451959688921,8.416599763929838,0.059514347676078834,20000,20000,20,,
walker2d-medium-replay-v2,2,adm,17,92,2,7.545819640207659,8.5468327994299,0.06043523430144486,20000,20000,20,,
walker2d-medium-replay-v2,2,adm,17,93,5,7.376611446000147,8.294823601157034,0.058653260171243574,20000,20000,20,,
walker2d-medium-replay-v2,2,adm,17,94,2,7.817354789720199,8.76387717256585,0.061969969782072996,20000,20000,20,,
walker2d-medium-replay-v2,2,adm,17,95,1,8.030679265576573,8.975035027533028,0.06346308129355396,20000,20000,20,,
walker2d-medium-replay-v2,2,adm,17,96,2,8.139505353623754,9.120149737572376,0.06448919724874139,20000,20000,20,,
walker2d-medium-replay-v2,2,adm,17,97,5,7.803607033636054,8.486854587221432,0.060011124295684316,20000,20000,20,,
walker2d-medium-replay-v2,2,adm,17,98,2,8.423838652273856,9.378672076349567,0.06631722623711696,20000,20000,20,,
walker2d-medium-replay-v2,2,adm,17,99,5,7.9967692840722755,8.622780033855367,0.06097226234619098,20000,20000,20,,
walker2d-medium-replay-v2,2,adm,17,100,3,8.200339067663467,8.832635083318722,0.06245616163160875,20000,20000,20,,
walker2d-medium-replay-v2,2,adm,18,1,2,0.25351132811349564,0.7118341918426444,0.005033427841323796,20000,20000,20,,
walker2d-medium-replay-v2,2,adm,18,2,3,0.28344772610415453,0.728693478741255,0.005152641002243567,20000,20000,20,,
walker2d-medium-replay-v2,2,adm,18,3,5,0.42301410751677715,0.9890977901883589,0.006993977546988175,20000,20000,20,,
walker2d-medium-replay-v2,2,adm,18,4,2,0.4842717006891696,1.2393998304969043,0.008763880247458186,20000,20000,20,,
walker2d-medium-replay-v2,2,adm,18,5,5,0.41663270329909863,0.979772854838593,0.006928040296788719,20000,20000,20,,
walker2d-medium-replay-v2,2,adm,18,6,3,0.630046445098817,1.5360742722150609,0.010861685342894603,20000,20000,20,,
walker2d-medium-replay-v2,2,adm,18,7,3,0.6857404060457308,1.679332360359568,0.011874672998762614,20000,20000,20,,
walker2d-medium-replay-v2,2,adm,18,8,2,0.8267429912927328,2.005229425151323,0.01417911324359303,20000,20000,20,,
walker2d-medium-replay-v2,2,adm,18,9,2,0.8884350645652077,2.1917162941007944,0.015497774539957212,20000,20000,20,,
walker2d-medium-replay-v2,2,adm,18,10,4,0.8688873763091127,2.0839079261874645,0.014735454259755514,20000,20000,20,,
walker2d-medium-replay-v2,2,adm,18,11,2,1.0441641944837328,2.4718180306334983,0.01747839291320124,20000,20000,20,,
walker2d-medium-replay-v2,2,adm,18,12,2,1.0628543654960907,2.4968519420544624,0.01765540939845511,20000,20000,20,,
walker2d-medium-replay-v2,2,adm,18,13,5,1.059081357493831,2.3898049351295865,0.01689847275343208,20000,20000,20,,
walker2d-medium-replay-v2,2,adm,18,14,5,1.1156210450173922,2.4999522895056505,0.017677332165522804,20000,20000,20,,
walker2d-medium-replay-v2,2,adm,18,15,1,1.2797991726976583,2.7960617343417615,0.019771142129692786,20000,20000,20,,
walker2d-medium-replay-v2,2,adm,18,16,3,1.2680978205206732,2.8038611424339495,0.019826292273205058,20000,20000,20,,
walker2d-medium-replay-v2,2,adm,18,17,5,1.2837233488411162,2.7283860209101687,0.019292602570801617,20000,20000,20,,
walker2d-medium-replay-v2,2,adm,18,18,1,1.439026142327963,2.929047802755519,0.020711495637479847,20000,20000,20,,
walker2d-medium-replay-v2,2,adm,18,19,5,1.3877178352567563,2.9296689419529067,0.020715887754865183,20000,20000,20,,
walker2d-medium-replay-v2,2,adm,18,20,1,1.5738307016260755,3.173534423966862,0.02244027711515912,20000,20000,20,,
walker2d-medium-replay-v2,2,adm,18,21,5,1.535201557666387,3.099173922961632,0.021914468970026846,20000,20000,20,,
walker2d-medium-replay-v2,2,adm,18,22,4,1.6048121098545283,3.156600306256731,0.022320534820496674,20000,20000,20,,
walker2d-medium-replay-v2,2,adm,18,23,4,1.6429614733409257,3.301109764709056,0.023342371000669018,20000,20000,20,,
walker2d-medium-replay-v2,2,adm,18,24,3,1.7074649434320033,3.3233582615524226,0.023499691630560537,20000,20000,20,,
walker2d-medium-replay-v2,2,adm,18,25,3,1.7895601534612935,3.4843360934636367,0.024637976796211814,20000,20000,20,,
walker2d-medium-replay-v2,2,adm,18,26,4,1.834451280509773,3.5198032461801403,0.024888767438164,20000,20000,20,,
walker2d-medium-replay-v2,2,adm,18,27,4,1.8774569200895603,3.5576893468044575,0.025156662624805707,20000,20000,20,,
walker2d-medium-replay-v2,2,adm,18,28,4,1.9461510750718716,3.6644014618105034,0.025911231226361044,20000,20000,20,,
walker2d-medium-replay-v2,2,adm,18,29,2,2.1079992400561984,3.925795617886815,0.02775956702960199,20000,20000,20,,
walker2d-medium-replay-v2,2,adm,18,30,5,2.090657612083314,3.7989969521622475,0.026862965065809513,20000,20000,20,,
walker2d-medium-replay-v2,2,adm,18,31,4,2.1645330040932023,3.9408138358686533,0.027865761867364947,20000,20000,20,,
walker2d-medium-replay-v2,2,adm,18,32,1,2.3502335705364175,4.152719949896935,0.029364164369407822,20000,20000,20,,
walker2d-medium-replay-v2,2,adm,18,33,1,2.5100459355354348,4.33762801103357,0.03067166180866554,20000,20000,20,,
walker2d-medium-replay-v2,2,adm,18,34,2,2.531426064785389,4.409006003908275,0.03117638043655743,20000,20000,20,,
walker2d-medium-replay-v2,2,adm,18,35,4,2.4445306395601665,4.26843651143938,0.03018240402303036,20000,20000,20,,
walker2d-medium-replay-v2,2,adm,18,36,2,2.6929402092874573,4.601248781579548,0.03253574215381238,20000,20000,20,,
walker2d-medium-replay-v2,2,adm,18,37,5,2.6467212360854426,4.535492668102687,0.03207077621637277,20000,20000,20,,
walker2d-medium-replay-v2,2,adm,18,38,4,2.778963830438988,4.704244905010724,0.03326403472695349,20000,20000,20,,
walker2d-medium-replay-v2,2,adm,18,39,4,2.792049275363473,4.671837517582304,0.033034879892841734,20000,20000,20,,
walker2d-medium-replay-v2,2,adm,18,40,5,2.8477534527099233,4.673938981714553,0.03304973948822507,20000,20000,20,,
walker2d-medium-replay-v2,2,adm,18,41,4,2.9579434747994324,4.853140345642399,0.03431688448453765,20000,20000,20,,
walker2d-medium-replay-v2,2,adm,18,42,1,3.159773651771551,5.049815898188754,0.03570759065352904,20000,20000,20,,
walker2d-medium-replay-v2,2,adm,18,43,4,3.0808393385664044,4.975778418103253,0.03518406661122483,20000,20000,20,,
walker2d-medium-replay-v2,2,adm,18,44,2,3.3404783553188966,5.277699882208595,0.037318973757771406,20000,20000,20,,
walker2d-medium-replay-v2,2,adm,18,45,3,3.303795255712473,5.132590165322343,0.03629289310950812,20000,20000,20,,
walker2d-medium-replay-v2,2,adm,18,46,2,3.4962497662037846,5.396342957322938,0.038157906987313174,20000,20000,20,,
walker2d-medium-replay-v2,2,adm,18,47,1,3.668186600002773,5.622348649633343,0.03975600856350765,20000,20000,20,,
walker2d-medium-replay-v2,2,adm,18,48,4,3.5448445282023493,5.460062485924626,0.03860847209499581,20000,20000,20,,
walker2d-medium-replay-v2,2,adm,18,49,1,3.7273831776966557,5.6318463143580795,0.03982316719483062,20000,20000,20,,
walker2d-medium-replay-v2,2,adm,18,50,5,3.598367866117564,5.496412786703481,0.038865507536784805,20000,20000,20,,
walker2d-medium-replay-v2,2,adm,18,51,5,3.760371361582441,5.6769176283718785,0.040141869512592084,20000,20000,20,,
walker2d-medium-replay-v2,2,adm,18,52,1,3.921664568758242,5.739291350833841,0.040582918333799095,20000,20000,20,,
walker2d-medium-replay-v2,2,adm,18,53,3,3.8613015523788805,5.685592509047778,0.040203210182111204,20000,20000,20,,
walker2d-medium-replay-v2,2,adm,18,54,3,3.956976300868148,5.799177245355499,0.04100637555493596,20000,20000,20,,
walker2d-medium-replay-v2,2,adm,18,55,5,3.922348023225415,5.757372147656594,0.04071076887422534,20000,20000,20,,
walker2d-medium-replay-v2,2,adm,18,56,2,4.200609320051893,6.151491705515639,0.043497614993829085,20000,20000,20,,
walker2d-medium-replay-v2,2,adm,18,57,1,4.369658150749311,6.335446156945387,0.04479836939418335,20000,20000,20,,
walker2d-medium-replay-v2,2,adm,18,58,4,4.213731347581507,6.049007684608481,0.04277294353236193,20000,20000,20,,
walker2d-medium-replay-v2,2,adm,18,59,5,4.275165390035307,6.091593893330298,0.04307407350208416,20000,20000,20,,
walker2d-medium-replay-v2,2,adm,18,60,5,4.26830804019871,5.924984921475041,0.041895970164030454,20000,20000,20,,
walker2d-medium-replay-v2,2,adm,18,61,4,4.545519550929412,6.285929313003902,0.04444823243284355,20000,20000,20,,
walker2d-medium-replay-v2,2,adm,18,62,2,4.639817383784364,6.379873071503403,0.04511251511969504,20000,20000,20,,
walker2d-medium-replay-v2,2,adm,18,63,4,4.579440049138015,6.2311458644047795,0.04406085495283131,20000,20000,20,,
walker2d-medium-replay-v2,2,adm,18,64,3,4.8052603586416955,6.466559672131616,0.04572548195111723,20000,20000,20,,
walker2d-medium-replay-v2,2,adm,18,65,5,4.621035770782124,6.189629314776299,0.043767288615093644,20000,20000,20,,
walker2d-medium-replay-v2,2,adm,18,66,1,4.944169391037826,6.548162583721716,0.046302501672616486,20000,20000,20,,
walker2d-medium-replay-v2,2,adm,18,67,5,4.882432567104973,6.440514432230198,0.045541314293598,20000,20000,20,,
walker2d-medium-replay-v2,2,adm,18,68,2,5.181053614472158,6.8081703147988435,0.04814103397067214,20000,20000,20,,
walker2d-medium-replay-v2,2,adm,18,69,1,5.335728528561338,6.935316887229678,0.04904009600637684,20000,20000,20,,
walker2d-medium-replay-v2,2,adm,18,70,5,5.095335454844007,6.569449644606372,0.0464530239236472,20000,20000,20,,
walker2d-medium-replay-v2,2,adm,18,71,4,5.245976766829368,6.743613653980758,0.04768454944431986,20000,20000,20,,
walker2d-medium-replay-v2,2,adm,18,72,5,5.296506786689729,6.812093570946742,0.048168775580937254,20000,20000,20,,
walker2d-medium-replay-v2,2,adm,18,73,5,5.436419764321919,6.895954145420312,0.048761759389781854,20000,20000,20,,
walker2d-medium-replay-v2,2,adm,18,74,2,5.726360362854945,7.362123404576387,0.05205807383308155,20000,20000,20,,
walker2d-medium-replay-v2,2,adm,18,75,4,5.567859932488143,7.041963634812817,0.04979420239045212,20000,20000,20,,
walker2d-medium-replay-v2,2,adm,18,76,5,5.642460227259458,7.08112662492277,0.050071126549235005,20000,20000,20,,
walker2d-medium-replay-v2,2,adm,18,77,5,5.725916126501589,7.179999498019691,0.050770263339657305,20000,20000,20,,
walker2d-medium-replay-v2,2,adm,18,78,3,5.8894557557145815,7.331919849228684,0.05184450244505851,20000,20000,20,,
walker2d-medium-replay-v2,2,adm,18,79,2,6.074711129894117,7.520020062316053,0.05317457180722565,20000,20000,20,,
walker2d-medium-replay-v2,2,adm,18,80,1,6.283560544398657,7.675205649073767,0.054271899614613574,20000,20000,20,,
walker2d-medium-replay-v2,2,adm,18,81,5,5.978508165901962,7.344032865831046,0.05193015440686007,20000,20000,20,,
walker2d-medium-replay-v2,2,adm,18,82,1,6.300530393036878,7.610036395779568,0.05381108340532166,20000,20000,20,,
walker2d-medium-replay-v2,2,adm,18,83,2,6.377173848703272,7.642387311323397,0.054039838922908,20000,20000,20,,
walker2d-medium-replay-v2,2,adm,18,84,5,6.281274206017633,7.439900020401841,0.05260803755776075,20000,20000,20,,
walker2d-medium-replay-v2,2,adm,18,85,5,6.388471885424869,7.4638363136912895,0.05277729271077514,20000,20000,20,,
walker2d-medium-replay-v2,2,adm,18,86,4,6.47650442194141,7.607483941365797,0.05379303482707519,20000,20000,20,,
walker2d-medium-replay-v2,2,adm,18,87,1,6.7663217996723235,7.895552250118808,0.05582998537271713,20000,20000,20,,
walker2d-medium-replay-v2,2,adm,18,88,1,7.08942497582356,8.228473396896419,0.058184093377585636,20000,20000,20,,
walker2d-medium-replay-v2,2,adm,18,89,4,6.816185256593544,7.813884273386682,0.05525250557118641,20000,20000,20,,
walker2d-medium-replay-v2,2,adm,18,90,2,7.245693713196137,8.285494187159834,0.0585872912522244,20000,20000,20,,
walker2d-medium-replay-v2,2,adm,18,91,1,7.458267388173199,8.519796183393556,0.060244056556048496,20000,20000,20,,
walker2d-medium-replay-v2,2,adm,18,92,3,7.166709660405204,8.184304204242196,0.05787177002113227,20000,20000,20,,
walker2d-medium-replay-v2,2,adm,18,93,3,7.398643184432224,8.316447367464121,0.058806163289148915,20000,20000,20,,
walker2d-medium-replay-v2,2,adm,18,94,3,7.580145457867221,8.564233646981483,0.060558276874466035,20000,20000,20,,
walker2d-medium-replay-v2,2,adm,18,95,2,7.728663578135517,8.747323600106942,0.06185291834868742,20000,20000,20,,
walker2d-medium-replay-v2,2,adm,18,96,4,7.4364459072449,8.339599060054546,0.05896987047741527,20000,20000,20,,
walker2d-medium-replay-v2,2,adm,18,97,5,7.48150002336662,8.304065488333277,0.058718610182176396,20000,20000,20,,
walker2d-medium-replay-v2,2,adm,18,98,1,7.838463248106245,8.610145464605559,0.06088292245025187,20000,20000,20,,
walker2d-medium-replay-v2,2,adm,18,99,2,7.935467973000158,8.719798655115873,0.06165828759613771,20000,20000,20,,
walker2d-medium-replay-v2,2,adm,18,100,5,7.907287428602552,8.61843911164188,0.06094156739085338,20000,20000,20,,
walker2d-medium-replay-v2,2,adm,19,1,1,0.26354112951916553,0.6694002191772659,0.0047333743430800585,20000,20000,20,,
walker2d-medium-replay-v2,2,adm,19,2,1,0.42834464561278274,1.1529440066160888,0.008152545254066241,20000,20000,20,,
walker2d-medium-replay-v2,2,adm,19,3,5,0.42031373750707335,0.986281518134075,0.0069740634963156726,20000,20000,20,,
walker2d-medium-replay-v2,2,adm,19,4,2,0.5322026645779925,1.3101909199949107,0.009264448841774426,20000,20000,20,,
walker2d-medium-replay-v2,2,adm,19,5,3,0.5742329372687702,1.374465123855799,0.009718936095828433,20000,20000,20,,
walker2d-medium-replay-v2,2,adm,19,6,5,0.5575086449405912,1.3422592244798777,0.009491205997399178,20000,20000,20,,
walker2d-medium-replay-v2,2,adm,19,7,2,0.779419484308094,1.884699190931673,0.013326835784045856,20000,20000,20,,
walker2d-medium-replay-v2,2,adm,19,8,3,0.797628347122471,1.9423946724385668,0.013734804446219332,20000,20000,20,,
walker2d-medium-replay-v2,2,adm,19,9,3,0.7523830247704616,1.8387625422310097,0.013002014626033623,20000,20000,20,,
walker2d-medium-replay-v2,2,adm,19,10,5,0.8912705104356213,2.0904116251771536,0.014781442356339568,20000,20000,20,,
walker2d-medium-replay-v2,2,adm,19,11,2,0.9426541612382975,2.252193836451167,0.015925415343011663,20000,20000,20,,
walker2d-medium-replay-v2,2,adm,19,12,1,1.0810897501198347,2.3952453630708135,0.016936942388330063,20000,20000,20,,
walker2d-medium-replay-v2,2,adm,19,13,3,1.0923622164048605,2.5313829052455166,0.017899580180788084,20000,20000,20,,
walker2d-medium-replay-v2,2,adm,19,14,2,1.1834395171023273,2.652358338684513,0.018755005674205044,20000,20000,20,,
walker2d-medium-replay-v2,2,adm,19,15,5,1.156051375308392,2.540763306720861,0.017965909635722765,20000,20000,20,,
walker2d-medium-replay-v2,2,adm,19,16,5,1.1782800634717905,2.634896335517651,0.018631530665681153,20000,20000,20,,
walker2d-medium-replay-v2,2,adm,19,17,2,1.3556915805769412,2.917861351954921,0.02063239548529472,20000,20000,20,,
walker2d-medium-replay-v2,2,adm,19,18,5,1.3261620723237493,2.82236869504787,0.01995716043276976,20000,20000,20,,
walker2d-medium-replay-v2,2,adm,19,19,3,1.3725069063307704,2.903261504640545,0.020529158974891885,20000,20000,20,,
walker2d-medium-replay-v2,2,adm,19,20,4,1.3777603851330185,2.8629548850235653,0.020244148134313154,20000,20000,20,,
walker2d-medium-replay-v2,2,adm,19,21,2,1.549387043430263,3.2093806871546997,0.022693748472962297,20000,20000,20,,
walker2d-medium-replay-v2,2,adm,19,22,2,1.6055287865449877,3.298669229574561,0.023325113811235764,20000,20000,20,,
walker2d-medium-replay-v2,2,adm,19,23,2,1.6861868582459014,3.3652222593930743,0.023795714798167576,20000,20000,20,,
walker2d-medium-replay-v2,2,adm,19,24,5,1.6384431685380063,3.24021346822731,0.022911769158755126,20000,20000,20,,
walker2d-medium-replay-v2,2,adm,19,25,4,1.7258708462480026,3.329083125805483,0.023540172533907652,20000,20000,20,,
walker2d-medium-replay-v2,2,adm,19,26,5,1.7582413194526096,3.3537093328404475,0.023714306113800925,20000,20000,20,,
walker2d-medium-replay-v2,2,adm,19,27,5,1.8000477714323682,3.358210455398387,0.023746133856637635,20000,20000,20,,
walker2d-medium-replay-v2,2,adm,19,28,1,1.9827314936216285,3.5921887419938607,0.025400610187658323,20000,20000,20,,
walker2d-medium-replay-v2,2,adm,19,29,2,2.0558676150058135,3.7971258113062714,0.026849734101931352,20000,20000,20,,
walker2d-medium-replay-v2,2,adm,19,30,5,2.0442400290734737,3.7605917111373626,0.026591399002191513,20000,20000,20,,
walker2d-medium-replay-v2,2,adm,19,31,4,2.1521096634945973,3.9201340082078264,0.027719533403637548,20000,20000,20,,
walker2d-medium-replay-v2,2,adm,19,32,5,2.194410304939855,3.9946592899900333,0.028246506724817915,20000,20000,20,,
walker2d-medium-replay-v2,2,adm,19,33,2,2.3605461758968964,4.242292967520269,0.029997541251135844,20000,20000,20,,
walker2d-medium-replay-v2,2,adm,19,34,2,2.4427115244769624,4.295663635440136,0.030374928863161777,20000,20000,20,,
walker2d-medium-replay-v2,2,adm,19,35,3,2.4582454123488056,4.289559330855305,0.03033176491149815,20000,20000,20,,
walker2d-medium-replay-v2,2,adm,19,36,1,2.653800597348314,4.575892771340016,0.032356448085970296,20000,20000,20,,
walker2d-medium-replay-v2,2,adm,19,37,4,2.5943062815363316,4.4517488006440065,0.03147861765074457,20000,20000,20,,
walker2d-medium-replay-v2,2,adm,19,38,4,2.6904124851072546,4.620086395504835,0.032668944199291824,20000,20000,20,,
walker2d-medium-replay-v2,2,adm,19,39,1,2.892507293352961,4.771802834102264,0.03374174142478897,20000,20000,20,,
walker2d-medium-replay-v2,2,adm,19,40,2,2.9222825985664374,4.9129526124002965,0.03473982107876413,20000,20000,20,,
walker2d-medium-replay-v2,2,adm,19,41,3,2.928083919719055,4.874476587308271,0.034467754496207384,20000,20000,20,,
walker2d-medium-replay-v2,2,adm,19,42,5,2.935758873435593,4.780586909985252,0.033803854221022146,20000,20000,20,,
walker2d-medium-replay-v2,2,adm,19,43,2,3.1468838469668947,5.110441039795056,0.03613627514093115,20000,20000,20,,
walker2d-medium-replay-v2,2,adm,19,44,5,3.1333729197803075,5.048575881094128,0.03569882240856507,20000,20000,20,,
walker2d-medium-replay-v2,2,adm,19,45,4,3.170429889982538,5.048179245455118,0.03569601777106502,20000,20000,20,,
walker2d-medium-replay-v2,2,adm,19,46,2,3.428539339494791,5.391333478302278,0.03812248462145597,20000,20000,20,,
walker2d-medium-replay-v2,2,adm,19,47,1,3.5557672845818664,5.468574374446547,0.03866866023594135,20000,20000,20,,
walker2d-medium-replay-v2,2,adm,19,48,1,3.6596632349075313,5.6139209176200815,0.03969641549894165,20000,20000,20,,
walker2d-medium-replay-v2,2,adm,19,49,5,3.4293820013022183,5.2518803285612154,0.037136401943058686,20000,20000,20,,
walker2d-medium-replay-v2,2,adm,19,50,3,3.6526701750510298,5.561447499650218,0.03932537240215639,20000,20000,20,,
walker2d-medium-replay-v2,2,adm,19,51,5,3.607497940938044,5.412439438204072,0.03827172629515607,20000,20000,20,,
walker2d-medium-replay-v2,2,adm,19,52,5,3.7117024067136053,5.582170985840714,0.03947190957830764,20000,20000,20,,
walker2d-medium-replay-v2,2,adm,19,53,1,3.9411691826525437,5.845992958077743,0.04133741263425576,20000,20000,20,,
walker2d-medium-replay-v2,2,adm,19,54,4,3.8792666247474124,5.737422030024606,0.040569700239594865,20000,20000,20,,
walker2d-medium-replay-v2,2,adm,19,55,3,4.009649673866335,5.8117129833044885,0.04109501660804504,20000,20000,20,,
walker2d-medium-replay-v2,2,adm,19,56,3,4.096765940449809,5.8807882336434965,0.04158345238731375,20000,20000,20,,
walker2d-medium-replay-v2,2,adm,19,57,4,4.1082500586984105,5.808735874140117,0.04107396526726045,20000,20000,20,,
walker2d-medium-replay-v2,2,adm,19,58,1,4.318438015122766,6.057056897622693,0.042829860063417574,20000,20000,20,,
walker2d-medium-replay-v2,2,adm,19,59,4,4.24972883383911,5.989370587115978,0.042351245571889615,20000,20000,20,,
walker2d-medium-replay-v2,2,adm,19,60,5,4.282935625381105,5.981883484323562,0.04229830376033004,20000,20000,20,,
walker2d-medium-replay-v2,2,adm,19,61,1,4.532192355513382,6.2204821861433865,0.04398545136072108,20000,20000,20,,
walker2d-medium-replay-v2,2,adm,19,62,1,4.749521254614225,6.501379239248652,0.045971693471381594,20000,20000,20,,
walker2d-medium-replay-v2,2,adm,19,63,5,4.605966327466772,6.297108451234765,0.0445272808773522,20000,20000,20,,
walker2d-medium-replay-v2,2,adm,19,64,2,4.8823951921946716,6.629878250360535,0.04688031869271137,20000,20000,20,,
walker2d-medium-replay-v2,2,adm,19,65,4,4.7155007479817055,6.293988486028384,0.044505219391807224,20000,20000,20,,
walker2d-medium-replay-v2,2,adm,19,66,2,5.032951927220308,6.712184711041672,0.047462313257542334,20000,20000,20,,
walker2d-medium-replay-v2,2,adm,19,67,3,5.03964884528525,6.675809295676424,0.04720510022880989,20000,20000,20,,
walker2d-medium-replay-v2,2,adm,19,68,5,4.917745538525896,6.430742764553544,0.04547221816882137,20000,20000,20,,
walker2d-medium-replay-v2,2,adm,19,69,2,5.348611585457815,7.039526197077464,0.04977696710293823,20000,20000,20,,
walker2d-medium-replay-v2,2,adm,19,70,4,5.250037329515684,6.781472206367782,0.04795224983550757,20000,20000,20,,
walker2d-medium-replay-v2,2,adm,19,71,4,5.27080274540555,6.76628186244193,0.047844837883522305,20000,20000,20,,
walker2d-medium-replay-v2,2,adm,19,72,2,5.564208361527532,7.085816319007742,0.05010428769412675,20000,20000,20,,
walker2d-medium-replay-v2,2,adm,19,73,1,5.744240915373709,7.283199111200661,0.05149999480261823,20000,20000,20,,
walker2d-medium-replay-v2,2,adm,19,74,1,5.904798659854616,7.485984593123565,0.0529339046965569,20000,20000,20,,
walker2d-medium-replay-v2,2,adm,19,75,3,5.671260921601598,7.128068923831441,0.05040305872806308,20000,20000,20,,
walker2d-medium-replay-v2,2,adm,19,76,2,5.980506742652898,7.565038654649047,0.05349290132640697,20000,20000,20,,
walker2d-medium-replay-v2,2,adm,19,77,1,6.1444342788221675,7.65336622954655,0.054117471598164844,20000,20000,20,,
walker2d-medium-replay-v2,2,adm,19,78,4,5.947281225899961,7.333934873406398,0.05185875081766168,20000,20000,20,,
walker2d-medium-replay-v2,2,adm,19,79,4,5.969077756084726,7.358322901769507,0.05203120022001492,20000,20000,20,,
walker2d-medium-replay-v2,2,adm,19,80,2,6.289610517347497,7.6963190380284425,0.054421193819650375,20000,20000,20,,
walker2d-medium-replay-v2,2,adm,19,81,3,6.28432462682363,7.656839439667868,0.05414203090245754,20000,20000,20,,
walker2d-medium-replay-v2,2,adm,19,82,3,6.277837741439912,7.580788279297397,0.05360426799030688,20000,20000,20,,
walker2d-medium-replay-v2,2,adm,19,83,1,6.517390336008974,7.860625111727604,0.05558301320867851,20000,20000,20,,
walker2d-medium-replay-v2,2,adm,19,84,3,6.5302647566195064,7.809342155754249,0.05522038794939801,20000,20000,20,,
walker2d-medium-replay-v2,2,adm,19,85,3,6.527255416791302,7.806402995504393,0.05519960494796134,20000,20000,20,,
walker2d-medium-replay-v2,2,adm,19,86,4,6.507875505598004,7.630668543465514,0.0539569747207134,20000,20000,20,,
walker2d-medium-replay-v2,2,adm,19,87,3,6.805143995343735,7.932251744364972,0.05608948998519292,20000,20000,20,,
walker2d-medium-replay-v2,2,adm,19,88,1,7.058899025249746,8.161328613881599,0.05770930806367485,20000,20000,20,,
walker2d-medium-replay-v2,2,adm,19,89,3,6.9208845471100995,8.042586411586,0.056869673899112426,20000,20000,20,,
walker2d-medium-replay-v2,2,adm,19,90,1,7.184178435697224,8.302074845007564,0.05870453420823103,20000,20000,20,,
walker2d-medium-replay-v2,2,adm,19,91,3,7.174272218892202,8.199878794728962,0.057981899006606226,20000,20000,20,,
walker2d-medium-replay-v2,2,adm,19,92,5,7.059275877474415,8.010310893183194,0.05664145151982306,20000,20000,20,,
walker2d-medium-replay-v2,2,adm,19,93,3,7.3510434082943235,8.32564404991793,0.05887119365442399,20000,20000,20,,
walker2d-medium-replay-v2,2,adm,19,94,4,7.3574081154302915,8.274482360659304,0.05850942588030666,20000,20000,20,,
walker2d-medium-replay-v2,2,adm,19,95,4,7.496076795113461,8.393190034953406,0.05934881589502909,20000,20000,20,,
walker2d-medium-replay-v2,2,adm,19,96,2,7.800328106895478,8.78827899861845,0.062142516748824275,20000,20000,20,,
walker2d-medium-replay-v2,2,adm,19,97,1,8.050156267999578,9.050258265850294,0.06399498991272347,20000,20000,20,,
walker2d-medium-replay-v2,2,adm,19,98,1,8.252827246847493,9.22304783023369,0.06521679663966115,20000,20000,20,,
walker2d-medium-replay-v2,2,adm,19,99,2,8.15547752125978,9.05968993174216,0.0640616818618237,20000,20000,20,,
walker2d-medium-replay-v2,2,adm,19,100,3,8.09568205728083,8.841334041082218,0.06251767255184698,20000,20000,20,,
walker2d-medium-replay-v2,2,ensemble,0,1,1,0.9693866888375123,1.9441930378599046,0.013747520810064126,20000,20000,20,,
walker2d-medium-replay-v2,2,ensemble,0,2,1,1.4074888908216565,2.8021974620432974,0.019814528276345486,20000,20000,20,,
walker2d-medium-replay-v2,2,ensemble,0,3,1,1.7409533525766976,3.465277263851414,0.024503210519609,20000,20000,20,,
walker2d-medium-replay-v2,2,ensemble,0,4,1,2.0149169323659697,4.000492717844937,0.028287755288755562,20000,20000,20,,
walker2d-medium-replay-v2,2,ensemble,0,5,1,2.2895103580883363,4.39311398939583,0.031064006924272778,20000,20000,20,,
walker2d-medium-replay-v2,2,ensemble,0,6,1,2.5761774586315194,4.770772386762602,0.033734455061773666,20000,20000,20,,
walker2d-medium-replay-v2,2,ensemble,0,7,1,2.852095163016958,5.2706087769692775,0.03726883207176312,20000,20000,20,,
walker2d-medium-replay-v2,2,ensemble,0,8,1,3.1305814476973777,5.756718661812553,0.04070614803150804,20000,20000,20,,
walker2d-medium-replay-v2,2,ensemble,0,9,1,3.3966235349786613,6.210226160190272,0.04391293030572636,20000,20000,20,,
walker2d-medium-replay-v2,2,ensemble,0,10,1,3.619576079205599,6.53900801748398,0.04623776911396125,20000,20000,20,,
walker2d-medium-replay-v2,2,ensemble,0,11,1,3.8569969432494218,6.932728827792421,0.049021795662594854,20000,20000,20,,
walker2d-medium-replay-v2,2,ensemble,0,12,1,4.072239760134978,7.22200971012563,0.05106732039824925,20000,20000,20,,
walker2d-medium-replay-v2,2,ensemble,0,13,1,4.301946585789341,7.683696737093045,0.054331940673794404,20000,20000,20,,
walker2d-medium-replay-v2,2,ensemble,0,14,1,4.527570892570154,7.844698399550136,0.055470394346851574,20000,20000,20,,
walker2d-medium-replay-v2,2,ensemble,0,15,1,4.7144606650406775,8.090021324403942,0.05720508938429802,20000,20000,20,,
walker2d-medium-replay-v2,2,ensemble,0,16,1,4.9299243591832544,8.364657330406924,0.059147059206324994,20000,20000,20,,
walker2d-medium-replay-v2,2,ensemble,0,17,1,5.196362678133361,8.745345993668368,0.061838934559455085,20000,20000,20,,
walker2d-medium-replay-v2,2,ensemble,0,18,1,5.327298572094088,8.77321387160575,0.0620359902141231,20000,20000,20,,
walker2d-medium-replay-v2,2,ensemble,0,19,1,5.556273424102387,9.046878901653225,0.063971094199325,20000,20000,20,,
walker2d-medium-replay-v2,2,ensemble,0,20,1,5.797487288665053,9.356911473877473,0.06616335554140973,20000,20000,20,,
walker2d-medium-replay-v2,2,ensemble,0,21,1,5.960964972327496,9.588677217749407,0.06780218683279562,20000,20000,20,,
walker2d-medium-replay-v2,2,ensemble,0,22,1,6.184136863744029,9.857897705375592,0.06970586315714387,20000,20000,20,,
walker2d-medium-replay-v2,2,ensemble,0,23,1,6.385557723585429,10.244292691563643,0.07243808830664442,20000,20000,20,,
walker2d-medium-replay-v2,2,ensemble,0,24,1,6.600073492075768,10.678857965430923,0.07551092882684184,20000,20000,20,,
walker2d-medium-replay-v2,2,ensemble,0,25,1,6.79919044566144,10.973256299534382,0.07759263941098762,20000,20000,20,,
walker2d-medium-replay-v2,2,ensemble,0,26,1,7.039063161344074,11.29618204468075,0.07987606925311477,20000,20000,20,,
walker2d-medium-replay-v2,2,ensemble,0,27,1,7.250605309907682,11.861794476406546,0.08387555311308201,20000,20000,20,,
walker2d-medium-replay-v2,2,ensemble,0,28,1,7.447785373846817,11.951313690818527,0.08450854954865405,20000,20000,20,,
walker2d-medium-replay-v2,2,ensemble,0,29,1,7.630699629324124,12.554691343231015,0.08877507384502696,20000,20000,20,,
walker2d-medium-replay-v2,2,ensemble,0,30,1,7.899649224408425,13.27844705791516,0.09389279958278371,20000,20000,20,,
walker2d-medium-replay-v2,2,ensemble,0,31,1,8.116188964602195,14.237131268354894,0.10067172064496777,20000,20000,20,,
walker2d-medium-replay-v2,2,ensemble,0,32,1,8.37886330639956,15.398861306234473,0.10888639252189532,20000,20000,20,,
walker2d-medium-replay-v2,2,ensemble,0,33,1,8.61636208293082,17.069956193612526,0.12070281779060724,20000,20000,20,,
walker2d-medium-replay-v2,2,ensemble,0,34,1,8.836440496676984,16.825538578078863,0.11897452425675424,20000,20000,20,,
walker2d-medium-replay-v2,2,ensemble,0,35,1,9.151966620131436,19.43548018985339,0.1374295983786214,20000,20000,20,,
walker2d-medium-replay-v2,2,ensemble,0,36,1,9.359692836765447,19.080260349548706,0.13491781479970694,20000,20000,20,,
walker2d-medium-replay-v2,2,ensemble,0,37,1,9.656473213068661,22.722216403459637,0.16067033302474515,20000,20000,20,,
walker2d-medium-replay-v2,2,ensemble,0,38,1,10.0177928057033,27.90592211597876,0.1973246676347223,20000,20000,20,,
walker2d-medium-replay-v2,2,ensemble,0,39,1,10.345829318733129,29.610276595658622,0.2093762737359953,20000,20000,20,,
walker2d-medium-replay-v2,2,ensemble,0,40,1,10.657612913852105,36.94379579275614,0.2612320852782891,20000,20000,20,,
walker2d-medium-replay-v2,2,ensemble,0,41,1,11.005651831721622,43.56117633903746,0.30802403185796373,20000,20000,20,,
walker2d-medium-replay-v2,2,ensemble,0,42,1,11.329062131470723,48.101485537848944,0.3401288660895963,20000,20000,20,,
walker2d-medium-replay-v2,2,ensemble,0,43,1,11.544510789560505,42.301988209553926,0.2991202272064896,20000,20000,20,,
walker2d-medium-replay-v2,2,ensemble,0,44,1,11.835450988995849,44.05718354006006,0.3115313324115681,20000,20000,20,,
walker2d-medium-replay-v2,2,ensemble,0,45,1,12.24773118337865,50.43598538932871,0.3566362728461996,20000,20000,20,,
walker2d-medium-replay-v2,2,ensemble,0,46,1,12.687211294897814,63.535691588266864,0.4492651836944058,20000,20000,20,,
walker2d-medium-replay-v2,2,ensemble,0,47,1,13.085026347365359,78.26843522182732,0.5534414129821411,20000,20000,20,,
walker2d-medium-replay-v2,2,ensemble,0,48,1,13.27299968393411,73.86627736406722,0.522313456251383,20000,20000,20,,
walker2d-medium-replay-v2,2,ensemble,0,49,1,14.025260761378664,97.87363502563198,0.6920711102600157,20000,20000,20,,
walker2d-medium-replay-v2,2,ensemble,0,50,1,14.22096438198238,85.49431818142604,0.604536121390067,20000,20000,20,,
walker2d-medium-replay-v2,2,ensemble,0,51,1,14.233935509702086,64.69148026884677,0.4574378438309729,20000,20000,20,,
walker2d-medium-replay-v2,2,ensemble,0,52,1,14.928794139912815,78.93615007215867,0.5581628699678237,20000,20000,20,,
walker2d-medium-replay-v2,2,ensemble,0,53,1,15.689994605646989,96.97495576788849,0.6857164882873945,20000,20000,20,,
walker2d-medium-replay-v2,2,ensemble,0,54,1,16.404580759640645,122.03656837336803,0.8629288504954429,20000,20000,20,,
walker2d-medium-replay-v2,2,ensemble,0,55,1,17.410254163256106,152.53635312589287,1.0785948967278467,20000,20000,20,,
walker2d-medium-replay-v2,2,ensemble,0,56,1,18.613480940054785,197.95249588910102,1.3997355219598548,20000,20000,20,,
walker2d-medium-replay-v2,2,ensemble,0,57,1,20.218916841992225,268.76119168613275,1.90042861161042,20000,20000,20,,
walker2d-medium-replay-v2,2,ensemble,0,58,1,20.88447138351187,271.5749997285074,1.9203252390876238,20000,20000,20,,
walker2d-medium-replay-v2,2,ensemble,0,59,1,21.48298677618373,277.56974834444156,1.9627145130659809,20000,20000,20,,
walker2d-medium-replay-v2,2,ensemble,0,60,1,23.468352238741737,386.1148943696225,2.7302446012588755,20000,20000,20,,
walker2d-medium-replay-v2,2,ensemble,0,61,1,24.77247287866029,434.03316192213316,3.0690779205497916,20000,20000,20,,
walker2d-medium-replay-v2,2,ensemble,0,62,1,25.161675306612,404.71847004313616,2.8617917463894615,20000,20000,20,,
walker2d-medium-replay-v2,2,ensemble,0,63,1,26.651716259001685,470.16608286522006,3.3245762547791333,20000,20000,20,,
walker2d-medium-replay-v2,2,ensemble,0,64,1,27.924531731805647,520.7940010816932,3.682569697661394,20000,20000,20,,
walker2d-medium-replay-v2,2,ensemble,0,65,1,28.13936034179031,403.9301761889805,2.8562176670910504,20000,20000,20,,
walker2d-medium-replay-v2,2,ensemble,0,66,1,31.185521212244623,580.6873528557009,4.106079649535316,20000,20000,20,,
walker2d-medium-replay-v2,2,ensemble,0,67,1,33.532709519448716,556.5695731683801,3.9355411938946387,20000,20000,20,,
walker2d-medium-replay-v2,2,ensemble,0,68,1,37.264608140461135,721.2622291056165,5.100094132143067,20000,20000,20,,
walker2d-medium-replay-v2,2,ensemble,0,69,1,38.959195208130105,752.5175504364502,5.321102628755037,20000,20000,20,,
walker2d-medium-replay-v2,2,ensemble,0,70,1,43.8894594917496,963.0388345069407,6.80971290425847,20000,20000,20,,
walker2d-medium-replay-v2,2,ensemble,0,71,1,53.17139393986223,1446.367398019177,10.227361952265023,20000,20000,20,,
walker2d-medium-replay-v2,2,ensemble,0,72,1,52.280938948079935,1137.066248988749,8.040272553182957,20000,20000,20,,
walker2d-medium-replay-v2,2,ensemble,0,73,1,54.853187415661,1212.860972463124,8.576222182651854,20000,20000,20,,
walker2d-medium-replay-v2,2,ensemble,0,74,1,65.25057050046355,1798.9938869566272,12.720807767801764,20000,20000,20,,
walker2d-medium-replay-v2,2,ensemble,0,75,1,70.42558123124581,1751.1247424452895,12.382321800866107,20000,20000,20,,
walker2d-medium-replay-v2,2,ensemble,0,76,1,76.40565072231361,2005.924949370067,14.184031342508563,20000,20000,20,,
walker2d-medium-replay-v2,2,ensemble,0,77,1,87.58222089600935,2315.326671417258,16.371831900212204,20000,20000,20,,
walker2d-medium-replay-v2,2,ensemble,0,78,1,84.03360176567443,1931.4465295024618,13.657389385104137,20000,20000,20,,
walker2d-medium-replay-v2,2,ensemble,0,79,1,97.66661694559401,2493.540654922036,17.631995062597166,20000,20000,20,,
walker2d-medium-replay-v2,2,ensemble,0,80,1,103.78262059007173,2773.9458439905775,19.61475916929978,20000,20000,20,,
walker2d-medium-replay-v2,2,ensemble,0,81,1,106.81517976102079,2791.6827124867305,19.74017776920622,20000,20000,20,,
walker2d-medium-replay-v2,2,ensemble,0,82,1,112.80821285826636,2862.9644083558037,20.24421547444121,20000,20000,20,,
walker2d-medium-replay-v2,2,ensemble,0,83,1,134.43574801821725,3973.55555389895,28.097280775834154,20000,20000,20,,
walker2d-medium-replay-v2,2,ensemble,0,84,1,147.34234615632113,4356.324096815541,30.803863099046314,20000,20000,20,,
walker2d-medium-replay-v2,2,ensemble,0,85,1,152.72078124241236,4303.7258068485835,30.43193702390179,20000,20000,20,,
walker2d-medium-replay-v2,2,ensemble,0,86,1,178.23748499511973,5656.247991000887,39.99571310509513,20000,20000,20,,
walker2d-medium-replay-v2,2,ensemble,0,87,1,204.24340475519062,6836.826576283713,48.3436643388662,20000,20000,20,,
walker2d-medium-replay-v2,2,ensemble,0,88,1,192.84021050859948,4953.702111731774,35.02796355183658,20000,20000,20,,
walker2d-medium-replay-v2,2,ensemble,0,89,1,231.251243187257,6738.657808426865,47.64950632434315,20000,20000,20,,
walker2d-medium-replay-v2,2,ensemble,0,90,1,268.326864843593,8361.23077145207,59.12282977559387,20000,20000,20,,
walker2d-medium-replay-v2,2,ensemble,0,91,1,301.96859222977594,10060.777562103725,71.14044038173006,20000,20000,20,,
walker2d-medium-replay-v2,2,ensemble,0,92,1,325.1432125005359,10423.06717776278,73.7022148215899,20000,20000,20,,
walker2d-medium-replay-v2,2,ensemble,0,93,1,341.35248466598915,10544.281749665315,74.55933127929899,20000,20000,20,,
walker2d-medium-replay-v2,2,ensemble,0,94,1,352.4763272007039,10261.93122909682,72.56281160164363,20000,20000,20,,
walker2d-medium-replay-v2,2,ensemble,0,95,1,432.3906011577584,13648.691559394862,96.510823559717,20000,20000,20,,
walker2d-medium-replay-v2,2,ensemble,0,96,1,499.2299078870426,16659.521615783204,117.80060705844173,20000,20000,20,,
walker2d-medium-replay-v2,2,ensemble,0,97,1,550.4976614619808,18864.211105599516,133.39011594503995,20000,20000,20,,
walker2d-medium-replay-v2,2,ensemble,0,98,1,561.4987495137784,18677.55190580196,132.0702360855629,20000,20000,20,,
walker2d-medium-replay-v2,2,ensemble,0,99,1,695.2432949454859,25377.281448380683,179.4444780022955,20000,20000,20,,
walker2d-medium-replay-v2,2,ensemble,0,100,1,731.4820556255327,26608.507858564026,188.1505634404616,20000,20000,20,,
walker2d-medium-replay-v2,2,ensemble,1,1,1,0.9678078805509973,1.9503224372155539,0.013790862208553927,20000,20000,20,,
walker2d-medium-replay-v2,2,ensemble,1,2,1,1.3953910528880085,2.7353927040477917,0.019342147302404,20000,20000,20,,
walker2d-medium-replay-v2,2,ensemble,1,3,1,1.7349203576093863,3.3715481617366403,0.023840445682610168,20000,20000,20,,
walker2d-medium-replay-v2,2,ensemble,1,4,1,2.0149742117511926,3.7582741266865893,0.02657501120538037,20000,20000,20,,
walker2d-medium-replay-v2,2,ensemble,1,5,1,2.3020120100344115,4.223279880858325,0.029863098426036357,20000,20000,20,,
walker2d-medium-replay-v2,2,ensemble,1,6,1,2.551292775980175,4.671247832319252,0.033030710188359035,20000,20000,20,,
walker2d-medium-replay-v2,2,ensemble,1,7,1,2.8429696217537956,5.1715465292699685,0.036568356200685485,20000,20000,20,,
walker2d-medium-replay-v2,2,ensemble,1,8,1,3.1178524820836095,5.63308672335866,0.039831938210988176,20000,20000,20,,
walker2d-medium-replay-v2,2,ensemble,1,9,1,3.356875324083468,5.978235587627879,0.04227250923542418,20000,20000,20,,
walker2d-medium-replay-v2,2,ensemble,1,10,1,3.633209682945913,6.4431631217217955,0.045560043356605656,20000,20000,20,,
walker2d-medium-replay-v2,2,ensemble,1,11,1,3.8929740227608347,6.860564835981166,0.04851151918292257,20000,20000,20,,
walker2d-medium-replay-v2,2,ensemble,1,12,1,4.118791077512825,7.211145494993928,0.05099049879633029,20000,20000,20,,
walker2d-medium-replay-v2,2,ensemble,1,13,1,4.291524670749225,7.469412203772356,0.05281672020764987,20000,20000,20,,
walker2d-medium-replay-v2,2,ensemble,1,14,1,4.507834325780603,7.76752271117847,0.054924679820948126,20000,20000,20,,
walker2d-medium-replay-v2,2,ensemble,1,15,1,4.707784865144445,8.021968496736141,0.0567238832250698,20000,20000,20,,
walker2d-medium-replay-v2,2,ensemble,1,16,1,4.851741261937461,8.218596704357976,0.05811425461488936,20000,20000,20,,
walker2d-medium-replay-v2,2,ensemble,1,17,1,5.080205484629466,8.499744318859559,0.060102268462174264,20000,20000,20,,
walker2d-medium-replay-v2,2,ensemble,1,18,1,5.2812706596672765,8.686974198951946,0.06142618364071497,20000,20000,20,,
walker2d-medium-replay-v2,2,ensemble,1,19,1,5.521172561012713,9.014398159905799,0.06374142067184926,20000,20000,20,,
walker2d-medium-replay-v2,2,ensemble,1,20,1,5.751411113526355,9.345389965342331,0.06608188617326277,20000,20000,20,,
walker2d-medium-replay-v2,2,ensemble,1,21,1,5.960958347067826,9.673805992421737,0.06840413817124469,20000,20000,20,,
walker2d-medium-replay-v2,2,ensemble,1,22,1,6.137674002006199,9.872898719249848,0.06981193634349547,20000,20000,20,,
walker2d-medium-replay-v2,2,ensemble,1,23,1,6.349832401732145,10.161640923009752,0.07185365204642924,20000,20000,20,,
walker2d-medium-replay-v2,2,ensemble,1,24,1,6.527083491616541,10.290393070146237,0.0727640672097546,20000,20000,20,,
walker2d-medium-replay-v2,2,ensemble,1,25,1,6.680036715884191,10.562757624539694,0.07468997544341925,20000,20000,20,,
walker2d-medium-replay-v2,2,ensemble,1,26,1,6.872259738231777,10.790362342197511,0.07629938383627818,20000,20000,20,,
walker2d-medium-replay-v2,2,ensemble,1,27,1,7.09400265792945,11.135820997448711,0.07874214541375527,20000,20000,20,,
walker2d-medium-replay-v2,2,ensemble,1,28,1,7.337358585797854,11.52731658204818,0.08151043724050402,20000,20000,20,,
walker2d-medium-replay-v2,2,ensemble,1,29,1,7.53880592650985,11.691821200741593,0.08267366055465022,20000,20000,20,,
walker2d-medium-replay-v2,2,ensemble,1,30,1,7.853617053692945,12.169480816869086,0.08605122409127736,20000,20000,20,,
walker2d-medium-replay-v2,2,ensemble,1,31,1,8.067881563984198,12.32782898302822,0.08717091471207314,20000,20000,20,,
walker2d-medium-replay-v2,2,ensemble,1,32,1,8.345809719150077,13.041790919204235,0.09221938797786451,20000,20000,20,,
walker2d-medium-replay-v2,2,ensemble,1,33,1,8.55811954055515,13.320204265532459,0.09418806762947977,20000,20000,20,,
walker2d-medium-replay-v2,2,ensemble,1,34,1,8.794215255635741,13.745137713385315,0.09719280085477712,20000,20000,20,,
walker2d-medium-replay-v2,2,ensemble,1,35,1,9.029913173324347,14.091559678859127,0.09964237406416217,20000,20000,20,,
walker2d-medium-replay-v2,2,ensemble,1,36,1,9.28986063944012,14.840802865361672,0.10494032344349984,20000,20000,20,,
walker2d-medium-replay-v2,2,ensemble,1,37,1,9.605068926039143,16.17229111960477,0.11435536717995515,20000,20000,20,,
walker2d-medium-replay-v2,2,ensemble,1,38,1,9.813899811376704,15.948649010668243,0.11277397866207636,20000,20000,20,,
walker2d-medium-replay-v2,2,ensemble,1,39,1,10.123153776745832,16.920380518666438,0.1196451580500579,20000,20000,20,,
walker2d-medium-replay-v2,2,ensemble,1,40,1,10.396256954910745,17.514383693532384,0.1238453947799984,20000,20000,20,,
walker2d-medium-replay-v2,2,ensemble,1,41,1,10.681546947652475,18.510818063566518,0.1308912497805832,20000,20000,20,,
walker2d-medium-replay-v2,2,ensemble,1,42,1,10.897694093634993,19.459607904878244,0.1376002070877075,20000,20000,20,,
walker2d-medium-replay-v2,2,ensemble,1,43,1,11.120544399647075,20.995932497823212,0.148463662465458,20000,20000,20,,
walker2d-medium-replay-v2,2,ensemble,1,44,1,11.302061256710436,21.958456991294263,0.15526973842937325,20000,20000,20,,
walker2d-medium-replay-v2,2,ensemble,1,45,1,11.656194539610192,25.61662570108102,0.18113689744351985,20000,20000,20,,
walker2d-medium-replay-v2,2,ensemble,1,46,1,11.987162131809388,30.90575996095641,0.21853672446115965,20000,20000,20,,
walker2d-medium-replay-v2,2,ensemble,1,47,1,12.452574589115736,38.1503422276564,0.2697636569376334,20000,20000,20,,
walker2d-medium-replay-v2,2,ensemble,1,48,1,12.806091891034038,45.58679226312485,0.3223472994179802,20000,20000,20,,
walker2d-medium-replay-v2,2,ensemble,1,49,1,13.335298282608289,54.678477625086764,0.38663522313655757,20000,20000,20,,
walker2d-medium-replay-v2,2,ensemble,1,50,1,13.72688622953817,56.0393006946133,0.3962576953411307,20000,20000,20,,
walker2d-medium-replay-v2,2,ensemble,1,51,1,14.293286093545609,73.61864968766454,0.5205624641594451,20000,20000,20,,
walker2d-medium-replay-v2,2,ensemble,1,52,1,14.795990850060017,75.53706881120382,0.5341277358735709,20000,20000,20,,
walker2d-medium-replay-v2,2,ensemble,1,53,1,15.320238927100512,85.90577228507632,0.6074455412584484,20000,20000,20,,
walker2d-medium-replay-v2,2,ensemble,1,54,1,15.689342699888291,91.5244455901038,0.6471755612110159,20000,20000,20,,
walker2d-medium-replay-v2,2,ensemble,1,55,1,16.14633922722271,104.78508412871186,0.7409424355461502,20000,20000,20,,
walker2d-medium-replay-v2,2,ensemble,1,56,1,16.8691520744532,124.27980708288483,0.8787909435286378,20000,20000,20,,
walker2d-medium-replay-v2,2,ensemble,1,57,1,17.080096354522368,92.56317483861147,0.6545204861653818,20000,20000,20,,
walker2d-medium-replay-v2,2,ensemble,1,58,1,17.98446002589525,121.87346442509268,0.8617755314168049,20000,20000,20,,
walker2d-medium-replay-v2,2,ensemble,1,59,1,18.79910151943208,132.81959832370956,0.9391763864916842,20000,20000,20,,
walker2d-medium-replay-v2,2,ensemble,1,60,1,19.776592093714733,147.33033617967754,1.0417827978714373,20000,20000,20,,
walker2d-medium-replay-v2,2,ensemble,1,61,1,21.1962818060955,213.91826800297076,1.5126305792458188,20000,20000,20,,
walker2d-medium-replay-v2,2,ensemble,1,62,1,22.815447061241862,282.58341810853966,1.9981665119542182,20000,20000,20,,
walker2d-medium-replay-v2,2,ensemble,1,63,1,23.585879901496412,231.23637815911897,1.6350881105332988,20000,20000,20,,
walker2d-medium-replay-v2,2,ensemble,1,64,1,25.40639871615106,313.7054177420565,2.2182322818036684,20000,20000,20,,
walker2d-medium-replay-v2,2,ensemble,1,65,1,25.85432801739446,295.4865976142952,2.0894057692280885,20000,20000,20,,
walker2d-medium-replay-v2,2,ensemble,1,66,1,27.336096038146888,330.9579889063829,2.340226382435655,20000,20000,20,,
walker2d-medium-replay-v2,2,ensemble,1,67,1,29.747670896730526,396.9323322910291,2.806735438351787,20000,20000,20,,
walker2d-medium-replay-v2,2,ensemble,1,68,1,31.493204358827615,436.3578324439933,3.085515823450109,20000,20000,20,,
walker2d-medium-replay-v2,2,ensemble,1,69,1,33.037620561404665,467.11203066900885,3.302980844598747,20000,20000,20,,
walker2d-medium-replay-v2,2,ensemble,1,70,1,35.75068149670462,574.3935500084822,4.06157574280812,20000,20000,20,,
walker2d-medium-replay-v2,2,ensemble,1,71,1,39.20592473834419,673.3785886769151,4.761505663592736,20000,20000,20,,
walker2d-medium-replay-v2,2,ensemble,1,72,1,42.772378810338225,750.2372891080206,5.304978746272937,20000,20000,20,,
walker2d-medium-replay-v2,2,ensemble,1,73,1,47.81540087504547,932.5270202328732,6.593961796463494,20000,20000,20,,
walker2d-medium-replay-v2,2,ensemble,1,74,1,50.73500869722204,996.7418748428689,7.048029387939856,20000,20000,20,,
walker2d-medium-replay-v2,2,ensemble,1,75,1,54.19727456309367,1142.9843086813012,8.082119554583661,20000,20000,20,,
walker2d-medium-replay-v2,2,ensemble,1,76,1,58.808664404751404,1203.4343637928225,8.509565993508234,20000,20000,20,,
walker2d-medium-replay-v2,2,ensemble,1,77,1,66.23808281463576,1430.5855725145545,10.115767593926808,20000,20000,20,,
walker2d-medium-replay-v2,2,ensemble,1,78,1,76.85375629723207,1788.128778761537,12.643979850971025,20000,20000,20,,
walker2d-medium-replay-v2,2,ensemble,1,79,1,89.43481635501831,2343.528381160257,16.5712481022155,20000,20000,20,,
walker2d-medium-replay-v2,2,ensemble,1,80,1,98.17910142591235,2848.2741670504815,20.140339781998605,20000,20000,20,,
walker2d-medium-replay-v2,2,ensemble,1,81,1,104.29189252892678,3047.3679553857332,21.548145460238363,20000,20000,20,,
walker2d-medium-replay-v2,2,ensemble,1,82,1,103.05071791236814,2655.198876164069,18.775091307345132,20000,20000,20,,
walker2d-medium-replay-v2,2,ensemble,1,83,1,118.67511669017048,3542.773490410518,25.051191592772113,20000,20000,20,,
walker2d-medium-replay-v2,2,ensemble,1,84,1,141.67205040339,4756.6205704637705,33.63438660906356,20000,20000,20,,
walker2d-medium-replay-v2,2,ensemble,1,85,1,152.26042668113274,5188.834261846794,36.69059893004962,20000,20000,20,,
walker2d-medium-replay-v2,2,ensemble,1,86,1,168.62940659704515,5430.73214772891,38.401075284668956,20000,20000,20,,
walker2d-medium-replay-v2,2,ensemble,1,87,1,186.62784487238946,6891.956584168388,48.733492363087414,20000,20000,20,,
walker2d-medium-replay-v2,2,ensemble,1,88,1,173.9976281454728,5229.314520895212,36.97683758682286,20000,20000,20,,
walker2d-medium-replay-v2,2,ensemble,1,89,1,181.65311470443658,5338.762434435568,37.750751205333906,20000,20000,20,,
walker2d-medium-replay-v2,2,ensemble,1,90,1,214.34596516286354,7076.244787521392,50.036606745923365,20000,20000,20,,
walker2d-medium-replay-v2,2,ensemble,1,91,1,242.551860789722,7850.403593363069,55.51073615918266,20000,20000,20,,
walker2d-medium-replay-v2,2,ensemble,1,92,1,273.83946639432037,8519.545853807185,60.24228645856795,20000,20000,20,,
walker2d-medium-replay-v2,2,ensemble,1,93,1,306.5889920590504,9868.020630608173,69.7774430479179,20000,20000,20,,
walker2d-medium-replay-v2,2,ensemble,1,94,1,309.840306280526,8464.2465345499,59.851261222149695,20000,20000,20,,
walker2d-medium-replay-v2,2,ensemble,1,95,1,340.0949122490735,10216.293384832143,72.24010331006075,20000,20000,20,,
walker2d-medium-replay-v2,2,ensemble,1,96,1,375.10287001010425,13432.294959638408,94.980668528582,20000,20000,20,,
walker2d-medium-replay-v2,2,ensemble,1,97,1,465.21287697354967,18482.020435017515,130.6876197962923,20000,20000,20,,
walker2d-medium-replay-v2,2,ensemble,1,98,1,546.5877178210881,22892.794381873166,161.87650147731813,20000,20000,20,,
walker2d-medium-replay-v2,2,ensemble,1,99,1,682.0374641681934,32282.279177966895,228.27018518897677,20000,20000,20,,
walker2d-medium-replay-v2,2,ensemble,1,100,1,759.7289497242741,35759.208216777195,252.85578619944863,20000,20000,20,,
walker2d-medium-replay-v2,2,ensemble,2,1,1,0.9727213763939808,1.9462992143867863,0.013762413727109466,20000,20000,20,,
walker2d-medium-replay-v2,2,ensemble,2,2,1,1.4059188210579991,2.76519993991565,0.0195529162885099,20000,20000,20,,
walker2d-medium-replay-v2,2,ensemble,2,3,1,1.7235484689737575,3.282694278589649,0.023212153849530223,20000,20000,20,,
walker2d-medium-replay-v2,2,ensemble,2,4,1,2.031548820677048,3.8732582738948653,0.027388071907579612,20000,20000,20,,
walker2d-medium-replay-v2,2,ensemble,2,5,1,2.320101254435553,4.441197062293427,0.03140400559333456,20000,20000,20,,
walker2d-medium-replay-v2,2,ensemble,2,6,1,2.5739730296232324,4.79675558134472,0.03391818399263272,20000,20000,20,,
walker2d-medium-replay-v2,2,ensemble,2,7,1,2.8665992273267515,5.290002092347284,0.037405963519897896,20000,20000,20,,
walker2d-medium-replay-v2,2,ensemble,2,8,1,3.111628594781418,5.6543438249016,0.03998224861748202,20000,20000,20,,
walker2d-medium-replay-v2,2,ensemble,2,9,1,3.377677528379609,6.082999066650556,0.043013298899800476,20000,20000,20,,
walker2d-medium-replay-v2,2,ensemble,2,10,1,3.624138779276427,6.557680442421362,0.04636980309690544,20000,20000,20,,
walker2d-medium-replay-v2,2,ensemble,2,11,1,3.8904384715656213,6.949571791151191,0.04914089339865749,20000,20000,20,,
walker2d-medium-replay-v2,2,ensemble,2,12,1,4.123206364732034,7.317060652180964,0.051739432055104215,20000,20000,20,,
walker2d-medium-replay-v2,2,ensemble,2,13,1,4.3039433709966435,7.629299892437875,0.05394729689648619,20000,20000,20,,
walker2d-medium-replay-v2,2,ensemble,2,14,1,4.5189755970482235,7.999640399055078,0.056565999732257045,20000,20000,20,,
walker2d-medium-replay-v2,2,ensemble,2,15,1,4.790060957478855,8.361006037688073,0.059121240667909025,20000,20000,20,,
walker2d-medium-replay-v2,2,ensemble,2,16,1,4.960932762196093,8.608937747154062,0.06087438259825477,20000,20000,20,,
walker2d-medium-replay-v2,2,ensemble,2,17,1,5.136783852614147,9.004821598883796,0.06367370415945821,20000,20000,20,,
walker2d-medium-replay-v2,2,ensemble,2,18,1,5.319873249008984,8.93486251628086,0.06317901874231696,20000,20000,20,,
walker2d-medium-replay-v2,2,ensemble,2,19,1,5.525949743616582,9.231076577931452,0.06527356845907639,20000,20000,20,,
walker2d-medium-replay-v2,2,ensemble,2,20,1,5.731396059574545,9.502941938995148,0.06719594686285507,20000,20000,20,,
walker2d-medium-replay-v2,2,ensemble,2,21,1,5.9694695848380945,9.901461949477284,0.0700139088813596,20000,20000,20,,
walker2d-medium-replay-v2,2,ensemble,2,22,1,6.215748352787447,10.27389903436652,0.07264743676426488,20000,20000,20,,
walker2d-medium-replay-v2,2,ensemble,2,23,1,6.405705377590266,10.53662691720269,0.0745052034398673,20000,20000,20,,
walker2d-medium-replay-v2,2,ensemble,2,24,1,6.535647669713462,10.622317213935817,0.07511112533888611,20000,20000,20,,
walker2d-medium-replay-v2,2,ensemble,2,25,1,6.78933121761301,11.162905882945665,0.07893366447578085,20000,20000,20,,
walker2d-medium-replay-v2,2,ensemble,2,26,1,6.979938914788908,11.348874853632088,0.08024866367840736,20000,20000,20,,
walker2d-medium-replay-v2,2,ensemble,2,27,1,7.140184939827132,11.742883759244304,0.08303472736847024,20000,20000,20,,
walker2d-medium-replay-v2,2,ensemble,2,28,1,7.4256302681607895,12.150754723554803,0.08591881061560075,20000,20000,20,,
walker2d-medium-replay-v2,2,ensemble,2,29,1,7.64717814691651,12.278702819829913,0.08682354028076114,20000,20000,20,,
walker2d-medium-replay-v2,2,ensemble,2,30,1,7.917657875710934,12.470229721588513,0.0881778399908927,20000,20000,20,,
walker2d-medium-replay-v2,2,ensemble,2,31,1,8.15434569758563,12.941481315147398,0.09151009196539724,20000,20000,20,,
walker2d-medium-replay-v2,2,ensemble,2,32,1,8.412672582631249,13.50178044943733,0.09547200513889087,20000,20000,20,,
walker2d-medium-replay-v2,2,ensemble,2,33,1,8.599333831409782,13.986938930101967,0.09890259365517215,20000,20000,20,,
walker2d-medium-replay-v2,2,ensemble,2,34,1,8.833350295705612,14.988937317207268,0.10598779219777356,20000,20000,20,,
walker2d-medium-replay-v2,2,ensemble,2,35,1,9.08321233885659,15.620652729447162,0.1104546947155224,20000,20000,20,,
walker2d-medium-replay-v2,2,ensemble,2,36,1,9.24996157799461,15.601005155117898,0.1103157653851015,20000,20000,20,,
walker2d-medium-replay-v2,2,ensemble,2,37,1,9.531136534438623,16.940906109893486,0.119790295897503,20000,20000,20,,
walker2d-medium-replay-v2,2,ensemble,2,38,1,9.839069217400517,18.096711051102215,0.1279630710140791,20000,20000,20,,
walker2d-medium-replay-v2,2,ensemble,2,39,1,10.21696255366553,19.668693142936412,0.13907866298447685,20000,20000,20,,
walker2d-medium-replay-v2,2,ensemble,2,40,1,10.482231674357134,21.28601471316733,0.1505148534811724,20000,20000,20,,
walker2d-medium-replay-v2,2,ensemble,2,41,1,10.792107342654814,21.617369699218127,0.15285788705733735,20000,20000,20,,
walker2d-medium-replay-v2,2,ensemble,2,42,1,11.10150315886411,23.612605881671684,0.16696633740415404,20000,20000,20,,
walker2d-medium-replay-v2,2,ensemble,2,43,1,11.287088240436121,24.386125735281652,0.17243594874285437,20000,20000,20,,
walker2d-medium-replay-v2,2,ensemble,2,44,1,11.506412573298082,25.95116207738461,0.1835024268458983,20000,20000,20,,
walker2d-medium-replay-v2,2,ensemble,2,45,1,11.825223184974947,29.367571784117445,0.2076600915553216,20000,20000,20,,
walker2d-medium-replay-v2,2,ensemble,2,46,1,12.210586644873219,33.6143980161716,0.23768968782738567,20000,20000,20,,
walker2d-medium-replay-v2,2,ensemble,2,47,1,12.496246591850806,36.81575007116355,0.26032666529788867,20000,20000,20,,
walker2d-medium-replay-v2,2,ensemble,2,48,1,13.004504061808674,42.08629500538207,0.2975950459332319,20000,20000,20,,
walker2d-medium-replay-v2,2,ensemble,2,49,1,13.475204993098485,48.241222510984066,0.3411169557024596,20000,20000,20,,
walker2d-medium-replay-v2,2,ensemble,2,50,1,13.981453777537077,61.55221210046782,0.4352398657327346,20000,20000,20,,
walker2d-medium-replay-v2,2,ensemble,2,51,1,14.60633147848598,69.6638974237965,0.4925981427225056,20000,20000,20,,
walker2d-medium-replay-v2,2,ensemble,2,52,1,15.239793487012331,92.4989786050505,0.6540665502446058,20000,20000,20,,
walker2d-medium-replay-v2,2,ensemble,2,53,1,15.566553915859457,92.82152890570406,0.6563473252932647,20000,20000,20,,
walker2d-medium-replay-v2,2,ensemble,2,54,1,15.818273492758527,85.3813295589637,0.6037371711786664,20000,20000,20,,
walker2d-medium-replay-v2,2,ensemble,2,55,1,16.864814996982197,112.65295824682275,0.7965767069705336,20000,20000,20,,
walker2d-medium-replay-v2,2,ensemble,2,56,1,17.73480916360141,125.10560958820655,0.884630249042976,20000,20000,20,,
walker2d-medium-replay-v2,2,ensemble,2,57,1,18.566857500365064,149.19281653687102,1.0549525227754197,20000,20000,20,,
walker2d-medium-replay-v2,2,ensemble,2,58,1,19.377323654467922,178.03934725572304,1.258928297625483,20000,20000,20,,
walker2d-medium-replay-v2,2,ensemble,2,59,1,19.92775899939128,203.69302486775052,1.4403271916438645,20000,20000,20,,
walker2d-medium-replay-v2,2,ensemble,2,60,1,21.023336927922337,243.71769170959658,1.7233443250298814,20000,20000,20,,
walker2d-medium-replay-v2,2,ensemble,2,61,1,22.06404495201932,254.65306810339558,1.8006691130587071,20000,20000,20,,
walker2d-medium-replay-v2,2,ensemble,2,62,1,23.921855539562262,341.41065977193057,2.4141379269410534,20000,20000,20,,
walker2d-medium-replay-v2,2,ensemble,2,63,1,25.935214825992336,431.04367672486626,3.047939067997349,20000,20000,20,,
walker2d-medium-replay-v2,2,ensemble,2,64,1,25.307013174174852,310.4079582902777,2.1949157224132634,20000,20000,20,,
walker2d-medium-replay-v2,2,ensemble,2,65,1,27.661450028126275,349.48916942131206,2.471261616490639,20000,20000,20,,
walker2d-medium-replay-v2,2,ensemble,2,66,1,28.34503455218479,361.9376594781032,2.5592857338375428,20000,20000,20,,
walker2d-medium-replay-v2,2,ensemble,2,67,1,31.404291977515125,498.3037878910156,3.523539875086801,20000,20000,20,,
walker2d-medium-replay-v2,2,ensemble,2,68,1,35.99156270633595,713.4098621202241,5.044569512705704,20000,20000,20,,
walker2d-medium-replay-v2,2,ensemble,2,69,1,38.26399333926402,773.3097180921006,5.4681254562038175,20000,20000,20,,
walker2d-medium-replay-v2,2,ensemble,2,70,1,43.18890387504157,900.2644287379073,6.365830824216077,20000,20000,20,,
walker2d-medium-replay-v2,2,ensemble,2,71,1,48.74263110554317,1146.0636409015904,8.103893721528587,20000,20000,20,,
walker2d-medium-replay-v2,2,ensemble,2,72,1,51.172040290588036,1160.0317607976924,8.202663244518194,20000,20000,20,,
walker2d-medium-replay-v2,2,ensemble,2,73,1,57.377816966836164,1512.3368259399178,10.693836250602553,20000,20000,20,,
walker2d-medium-replay-v2,2,ensemble,2,74,1,57.46187182333388,1297.384989189983,9.173897236658725,20000,20000,20,,
walker2d-medium-replay-v2,2,ensemble,2,75,1,65.3779276317939,1734.8167745313638,12.267007053873012,20000,20000,20,,
walker2d-medium-replay-v2,2,ensemble,2,76,1,74.08995323775139,2317.3192906579775,16.38592184598656,20000,20000,20,,
walker2d-medium-replay-v2,2,ensemble,2,77,1,85.41479823489026,3069.7716285373604,21.706563352328388,20000,20000,20,,
walker2d-medium-replay-v2,2,ensemble,2,78,1,77.53510767174348,2134.9201300718173,15.096165012654481,20000,20000,20,,
walker2d-medium-replay-v2,2,ensemble,2,79,1,78.30873859865812,1964.9805776733815,13.894510913727075,20000,20000,20,,
walker2d-medium-replay-v2,2,ensemble,2,80,1,88.83761415831968,2234.538861557982,15.800575818325168,20000,20000,20,,
walker2d-medium-replay-v2,2,ensemble,2,81,1,101.36401295313252,2852.671068815107,20.171430572538384,20000,20000,20,,
walker2d-medium-replay-v2,2,ensemble,2,82,1,118.13734740995187,3827.75856005529,27.066340345599503,20000,20000,20,,
walker2d-medium-replay-v2,2,ensemble,2,83,1,142.15093896165308,5468.094889898271,38.66526976818575,20000,20000,20,,
walker2d-medium-replay-v2,2,ensemble,2,84,1,162.89163204529146,6012.429429519865,42.51429621019062,20000,20000,20,,
walker2d-medium-replay-v2,2,ensemble,2,85,1,187.16115162512315,7309.075574054667,51.68296902619013,20000,20000,20,,
walker2d-medium-replay-v2,2,ensemble,2,86,1,191.05343365711914,6370.558126299171,45.0466485104921,20000,20000,20,,
walker2d-medium-replay-v2,2,ensemble,2,87,1,205.89800428312188,6071.018055480209,42.92858035736023,20000,20000,20,,
walker2d-medium-replay-v2,2,ensemble,2,88,1,220.2903004953189,7364.335161991048,52.073713319744016,20000,20000,20,,
walker2d-medium-replay-v2,2,ensemble,2,89,1,240.26551452153674,8643.744067598089,61.120500450396,20000,20000,20,,
walker2d-medium-replay-v2,2,ensemble,2,90,1,234.38558337357995,6813.2720737183845,48.17710885395201,20000,20000,20,,
walker2d-medium-replay-v2,2,ensemble,2,91,1,260.4510328537543,7354.371549247312,52.003259938381895,20000,20000,20,,
walker2d-medium-replay-v2,2,ensemble,2,92,1,276.8015602674326,7152.874141501438,50.57845810429571,20000,20000,20,,
walker2d-medium-replay-v2,2,ensemble,2,93,1,335.3875113483094,9338.184196469676,66.03093369292759,20000,20000,20,,
walker2d-medium-replay-v2,2,ensemble,2,94,1,383.0436347119678,10088.212418174702,71.3344341094167,20000,20000,20,,
walker2d-medium-replay-v2,2,ensemble,2,95,1,428.73303707197414,11865.501231660142,83.90176383084219,20000,20000,20,,
walker2d-medium-replay-v2,2,ensemble,2,96,1,517.3770119466088,16247.588347952977,114.88779898765084,20000,20000,20,,
walker2d-medium-replay-v2,2,ensemble,2,97,1,506.9793728545317,16025.906642528165,113.32027261594202,20000,20000,20,,
walker2d-medium-replay-v2,2,ensemble,2,98,1,616.8282181887829,20591.365500633947,145.60294179388993,20000,20000,20,,
walker2d-medium-replay-v2,2,ensemble,2,99,1,699.8306221300514,22396.653601581536,158.36825637564417,20000,20000,20,,
walker2d-medium-replay-v2,2,ensemble,2,100,1,790.2864753564296,25725.75844425413,181.90858247099183,20000,20000,20,,
walker2d-medium-replay-v2,2,ensemble,3,1,1,0.9655510733398772,1.9662258964249393,0.013903316647066727,20000,20000,20,,
walker2d-medium-replay-v2,2,ensemble,3,2,1,1.383764938033775,2.6477871799908663,0.01872268270110347,20000,20000,20,,
walker2d-medium-replay-v2,2,ensemble,3,3,1,1.70597632136926,3.3442882706326644,0.023647689144069887,20000,20000,20,,
walker2d-medium-replay-v2,2,ensemble,3,4,1,1.9980884928223266,3.7637676588539764,0.026613856343862628,20000,20000,20,,
walker2d-medium-replay-v2,2,ensemble,3,5,1,2.2975861216780746,4.374266625007953,0.030930735932611166,20000,20000,20,,
walker2d-medium-replay-v2,2,ensemble,3,6,1,2.550436958258249,4.74405965423948,0.033545567518662445,20000,20000,20,,
walker2d-medium-replay-v2,2,ensemble,3,7,1,2.8565723834180186,5.2471267472238985,0.0371027890470733,20000,20000,20,,
walker2d-medium-replay-v2,2,ensemble,3,8,1,3.1153885552108966,5.819979908622893,0.04115347259756711,20000,20000,20,,
walker2d-medium-replay-v2,2,ensemble,3,9,1,3.363877738867794,6.204387286110372,0.043871643231162445,20000,20000,20,,
walker2d-medium-replay-v2,2,ensemble,3,10,1,3.6519219222307235,6.586499129541788,0.04657358198778291,20000,20000,20,,
walker2d-medium-replay-v2,2,ensemble,3,11,1,3.959110845428922,7.2829693700649685,0.05149837028746857,20000,20000,20,,
walker2d-medium-replay-v2,2,ensemble,3,12,1,4.13966458731003,7.440313326017538,0.05261096006979637,20000,20000,20,,
walker2d-medium-replay-v2,2,ensemble,3,13,1,4.388022862696145,7.9270745571197665,0.056052881743107345,20000,20000,20,,
walker2d-medium-replay-v2,2,ensemble,3,14,1,4.616563477375277,8.268432762741078,0.05846664876319236,20000,20000,20,,
walker2d-medium-replay-v2,2,ensemble,3,15,1,4.822653504784446,8.524860083202588,0.060279863734990655,20000,20000,20,,
walker2d-medium-replay-v2,2,ensemble,3,16,1,5.001476103512286,8.769771029226352,0.06201164564219281,20000,20000,20,,
walker2d-medium-replay-v2,2,ensemble,3,17,1,5.191860894967516,9.101053484121122,0.064354166345635,20000,20000,20,,
walker2d-medium-replay-v2,2,ensemble,3,18,1,5.417959932816401,9.3186850949849,0.06589305422405829,20000,20000,20,,
walker2d-medium-replay-v2,2,ensemble,3,19,1,5.638357259758367,9.558390073439819,0.06758802438155477,20000,20000,20,,
walker2d-medium-replay-v2,2,ensemble,3,20,1,5.82584312366318,9.687714348900878,0.0685024851030603,20000,20000,20,,
walker2d-medium-replay-v2,2,ensemble,3,21,1,5.983670935418206,9.88359459432008,0.06988756760142432,20000,20000,20,,
walker2d-medium-replay-v2,2,ensemble,3,22,1,6.1454685609075685,10.05908797929097,0.07112849322708731,20000,20000,20,,
walker2d-medium-replay-v2,2,ensemble,3,23,1,6.304799323044656,10.15706207721657,0.07182127471732558,20000,20000,20,,
walker2d-medium-replay-v2,2,ensemble,3,24,1,6.5102390991511445,10.360544636101066,0.07326011368972975,20000,20000,20,,
walker2d-medium-replay-v2,2,ensemble,3,25,1,6.78040650933523,10.818702103822568,0.07649977621250106,20000,20000,20,,
walker2d-medium-replay-v2,2,ensemble,3,26,1,6.9900063037631,11.27879144661295,0.07975309915488846,20000,20000,20,,
walker2d-medium-replay-v2,2,ensemble,3,27,1,7.189343252699476,11.298782378097888,0.07989445638704082,20000,20000,20,,
walker2d-medium-replay-v2,2,ensemble,3,28,1,7.432428311523001,11.969634696561476,0.08463809862264403,20000,20000,20,,
walker2d-medium-replay-v2,2,ensemble,3,29,1,7.6422482215855645,12.44139621925071,0.0879739563406085,20000,20000,20,,
walker2d-medium-replay-v2,2,ensemble,3,30,1,7.896538078482001,13.15602173467549,0.09302712182026644,20000,20000,20,,
walker2d-medium-replay-v2,2,ensemble,3,31,1,8.161227611333619,13.694524038895059,0.09683490813024884,20000,20000,20,,
walker2d-medium-replay-v2,2,ensemble,3,32,1,8.345876878162217,13.373570761425194,0.09456542574081894,20000,20000,20,,
walker2d-medium-replay-v2,2,ensemble,3,33,1,8.52445424588435,13.701214780183113,0.09688221881560831,20000,20000,20,,
walker2d-medium-replay-v2,2,ensemble,3,34,1,8.755172946646521,14.032526726820056,0.09922494805715928,20000,20000,20,,
walker2d-medium-replay-v2,2,ensemble,3,35,1,9.057249019417258,14.915848454141884,0.10547097589074608,20000,20000,20,,
walker2d-medium-replay-v2,2,ensemble,3,36,1,9.206386946365738,15.432094740192204,0.10912138838703159,20000,20000,20,,
walker2d-medium-replay-v2,2,ensemble,3,37,1,9.509546725616694,16.42825267545772,0.11616528869862196,20000,20000,20,,
walker2d-medium-replay-v2,2,ensemble,3,38,1,9.827549689542217,17.587845158213305,0.12436484577831615,20000,20000,20,,
walker2d-medium-replay-v2,2,ensemble,3,39,1,10.167102116598564,19.04724580033018,0.13468436668340458,20000,20000,20,,
walker2d-medium-replay-v2,2,ensemble,3,40,1,10.381436259084328,19.747171417536318,0.139633588185931,20000,20000,20,,
walker2d-medium-replay-v2,2,ensemble,3,41,1,10.630511188392077,22.940054915536034,0.16221068391567323,20000,20000,20,,
walker2d-medium-replay-v2,2,ensemble,3,42,1,10.857827137534196,23.124429140023455,0.1635144065597839,20000,20000,20,,
walker2d-medium-replay-v2,2,ensemble,3,43,1,11.239673363598158,26.528333993320526,0.18758364860258547,20000,20000,20,,
walker2d-medium-replay-v2,2,ensemble,3,44,1,11.578151775662255,27.972743317363346,0.19779716488098303,20000,20000,20,,
walker2d-medium-replay-v2,2,ensemble,3,45,1,11.939793188430434,31.236605881783962,0.22087615840261035,20000,20000,20,,
walker2d-medium-replay-v2,2,ensemble,3,46,1,12.135667376159413,31.227966555289143,0.22081506913911664,20000,20000,20,,
walker2d-medium-replay-v2,2,ensemble,3,47,1,12.442258536498857,33.705940406875385,0.23833699027971242,20000,20000,20,,
walker2d-medium-replay-v2,2,ensemble,3,48,1,12.790579109618896,35.79970284031953,0.25314212642853245,20000,20000,20,,
walker2d-medium-replay-v2,2,ensemble,3,49,1,13.194698404693339,37.389600579806974,0.2643844011583798,20000,20000,20,,
walker2d-medium-replay-v2,2,ensemble,3,50,1,13.732540548773846,46.11795462933243,0.3261031845285449,20000,20000,20,,
walker2d-medium-replay-v2,2,ensemble,3,51,1,14.181399143071088,51.5161923842959,0.36427448975846405,20000,20000,20,,
walker2d-medium-replay-v2,2,ensemble,3,52,1,14.91372570380125,63.64987415540042,0.45007257636954007,20000,20000,20,,
walker2d-medium-replay-v2,2,ensemble,3,53,1,15.38605799995816,71.10407004810929,0.5027817010098137,20000,20000,20,,
walker2d-medium-replay-v2,2,ensemble,3,54,1,16.060379512621484,84.32320238272186,0.5962550821618827,20000,20000,20,,
walker2d-medium-replay-v2,2,ensemble,3,55,1,16.96103791284791,103.83904192698523,0.7342529069848548,20000,20000,20,,
walker2d-medium-replay-v2,2,ensemble,3,56,1,17.661235054401462,121.75288961722646,0.8609229387739802,20000,20000,20,,
walker2d-medium-replay-v2,2,ensemble,3,57,1,18.1368064265238,121.23068660519837,0.8572304058643692,20000,20000,20,,
walker2d-medium-replay-v2,2,ensemble,3,58,1,18.830835679254374,130.6032131680689,0.923504176758937,20000,20000,20,,
walker2d-medium-replay-v2,2,ensemble,3,59,1,19.084915458189514,124.30336150225858,0.8789574984252987,20000,20000,20,,
walker2d-medium-replay-v2,2,ensemble,3,60,1,20.40709611404495,164.11387216227163,1.1604603189272444,20000,20000,20,,
walker2d-medium-replay-v2,2,ensemble,3,61,1,20.89868989293049,144.2202638023233,1.0197912651913559,20000,20000,20,,
walker2d-medium-replay-v2,2,ensemble,3,62,1,22.336554567115027,182.79913575500984,1.2925850848740774,20000,20000,20,,
walker2d-medium-replay-v2,2,ensemble,3,63,1,24.024643200414488,232.0474500035226,1.6408232545453718,20000,20000,20,,
walker2d-medium-replay-v2,2,ensemble,3,64,1,25.606230605307985,288.2094895819867,2.037948844857364,20000,20000,20,,
walker2d-medium-replay-v2,2,ensemble,3,65,1,27.05711737159899,339.5521289762999,2.4009961296547084,20000,20000,20,,
walker2d-medium-replay-v2,2,ensemble,3,66,1,29.795848737698478,405.30843111460854,2.8659634011322037,20000,20000,20,,
walker2d-medium-replay-v2,2,ensemble,3,67,1,32.286177772009616,520.8820945730658,3.683192612712674,20000,20000,20,,
walker2d-medium-replay-v2,2,ensemble,3,68,1,34.339479807338506,568.5693469735542,4.020392408198072,20000,20000,20,,
walker2d-medium-replay-v2,2,ensemble,3,69,1,35.71520771099604,548.883432146472,3.881191969517166,20000,20000,20,,
walker2d-medium-replay-v2,2,ensemble,3,70,1,41.09711317512991,732.9614331690641,5.182819997420556,20000,20000,20,,
walker2d-medium-replay-v2,2,ensemble,3,71,1,43.942783584036505,819.4687768695769,5.794519290951237,20000,20000,20,,
walker2d-medium-replay-v2,2,ensemble,3,72,1,47.9296782061507,972.3459645804548,6.875524252142141,20000,20000,20,,
walker2d-medium-replay-v2,2,ensemble,3,73,1,54.17695012450813,1227.4996351814905,8.679733159408451,20000,20000,20,,
walker2d-medium-replay-v2,2,ensemble,3,74,1,58.817842181822854,1404.032519062211,9.928009152353198,20000,20000,20,,
walker2d-medium-replay-v2,2,ensemble,3,75,1,58.965926497938135,1360.805932089182,9.622351024591412,20000,20000,20,,
walker2d-medium-replay-v2,2,ensemble,3,76,1,62.81829003201353,1447.5653030441267,10.235832419928617,20000,20000,20,,
walker2d-medium-replay-v2,2,ensemble,3,77,1,73.55656185434691,1872.6461212344464,13.241607710875625,20000,20000,20,,
walker2d-medium-replay-v2,2,ensemble,3,78,1,78.92460800554765,1978.0565479654483,13.986971986368218,20000,20000,20,,
walker2d-medium-replay-v2,2,ensemble,3,79,1,94.30803160367927,2736.833778100794,19.352337234754703,20000,20000,20,,
walker2d-medium-replay-v2,2,ensemble,3,80,1,106.4944244091819,3346.9119249112214,23.666241181388454,20000,20000,20,,
walker2d-medium-replay-v2,2,ensemble,3,81,1,113.30447841132279,3187.3637145149796,22.53806496641485,20000,20000,20,,
walker2d-medium-replay-v2,2,ensemble,3,82,1,132.07031250792227,3949.3979714124594,27.926460871901444,20000,20000,20,,
walker2d-medium-replay-v2,2,ensemble,3,83,1,137.53989532586104,4220.918980324393,29.846404338263856,20000,20000,20,,
walker2d-medium-replay-v2,2,ensemble,3,84,1,163.20188268826388,5144.72431710427,36.378694519597595,20000,20000,20,,
walker2d-medium-replay-v2,2,ensemble,3,85,1,189.5168565031327,6345.740112448011,44.87115865159473,20000,20000,20,,
walker2d-medium-replay-v2,2,ensemble,3,86,1,208.89160395245977,7173.266072942379,50.722650834329514,20000,20000,20,,
walker2d-medium-replay-v2,2,ensemble,3,87,1,236.6894869238571,8544.258244067652,60.417029445893,20000,20000,20,,
walker2d-medium-replay-v2,2,ensemble,3,88,1,271.57825638488595,11528.807722256264,81.52098119403239,20000,20000,20,,
walker2d-medium-replay-v2,2,ensemble,3,89,1,335.2781442114911,16061.343148916496,113.5708465556295,20000,20000,20,,
walker2d-medium-replay-v2,2,ensemble,3,90,1,388.91459519899,20452.829468809785,144.6233441184745,20000,20000,20,,
walker2d-medium-replay-v2,2,ensemble,3,91,1,492.0700576846184,26278.694786020133,185.81843283926403,20000,20000,20,,
walker2d-medium-replay-v2,2,ensemble,3,92,1,489.83640458599643,22581.907415869562,159.6781986588815,20000,20000,20,,
walker2d-medium-replay-v2,2,ensemble,3,93,1,593.7567481469479,29616.001871795157,209.41675755179838,20000,20000,20,,
walker2d-medium-replay-v2,2,ensemble,3,94,1,587.7700112499134,30728.566273965167,217.2837758846101,20000,20000,20,,
walker2d-medium-replay-v2,2,ensemble,3,95,1,675.5398671833736,34550.70029817276,244.31034475582024,20000,20000,20,,
walker2d-medium-replay-v2,2,ensemble,3,96,1,873.9287572601698,50787.89269321492,359.12463325546975,20000,20000,20,,
walker2d-medium-replay-v2,2,ensemble,3,97,1,1014.2843543713502,59124.26976883562,418.07172086246453,20000,20000,20,,
walker2d-medium-replay-v2,2,ensemble,3,98,1,1301.214851257648,81114.30572274029,573.5647562778844,20000,20000,20,,
walker2d-medium-replay-v2,2,ensemble,3,99,1,1493.9909228646743,103206.27943337927,729.7786004837619,20000,20000,20,,
walker2d-medium-replay-v2,2,ensemble,3,100,1,1902.3932992802322,132190.64421703102,934.729009352809,20000,20000,20,,
walker2d-medium-replay-v2,2,ensemble,4,1,1,0.9579447356816508,1.9351105467852814,0.013683297899774802,20000,20000,20,,
walker2d-medium-replay-v2,2,ensemble,4,2,1,1.3841766545530383,2.651570009936085,0.018749431348166867,20000,20000,20,,
walker2d-medium-replay-v2,2,ensemble,4,3,1,1.7231898894654862,3.3431825372776474,0.023639870428534722,20000,20000,20,,
walker2d-medium-replay-v2,2,ensemble,4,4,1,1.9829552280962635,3.7775518164124144,0.02671132505668778,20000,20000,20,,
walker2d-medium-replay-v2,2,ensemble,4,5,1,2.2637483690729816,4.241499352802611,0.02999192954765079,20000,20000,20,,
walker2d-medium-replay-v2,2,ensemble,4,6,1,2.5584817473237815,4.738769901403703,0.033508163317652655,20000,20000,20,,
walker2d-medium-replay-v2,2,ensemble,4,7,1,2.806258740901573,5.0582116101424095,0.03576695730208223,20000,20000,20,,
walker2d-medium-replay-v2,2,ensemble,4,8,1,3.064584736596145,5.578757334180305,0.0394477714159308,20000,20000,20,,
walker2d-medium-replay-v2,2,ensemble,4,9,1,3.3704607753771043,6.173947292030538,0.043656399968831146,20000,20000,20,,
walker2d-medium-replay-v2,2,ensemble,4,10,1,3.620970434602812,6.517554973262541,0.046086073183500505,20000,20000,20,,
walker2d-medium-replay-v2,2,ensemble,4,11,1,3.7861555120031944,6.741742687808874,0.04767131971564476,20000,20000,20,,
walker2d-medium-replay-v2,2,ensemble,4,12,1,4.022363846151639,7.047572600621297,0.04983386376803831,20000,20000,20,,
walker2d-medium-replay-v2,2,ensemble,4,13,1,4.290021650831357,7.387609195955644,0.052238285592163335,20000,20000,20,,
walker2d-medium-replay-v2,2,ensemble,4,14,1,4.468313714963786,7.682306034836489,0.054322106923832186,20000,20000,20,,
walker2d-medium-replay-v2,2,ensemble,4,15,1,4.648288758137983,7.896481977725168,0.05583655953966826,20000,20000,20,,
walker2d-medium-replay-v2,2,ensemble,4,16,1,4.8720521911351975,8.14796011596519,0.05761477850836514,20000,20000,20,,
walker2d-medium-replay-v2,2,ensemble,4,17,1,5.066737703458274,8.36181374393036,0.05912695201352031,20000,20000,20,,
walker2d-medium-replay-v2,2,ensemble,4,18,1,5.2725201161155315,8.679550406948948,0.06137368950404059,20000,20000,20,,
walker2d-medium-replay-v2,2,ensemble,4,19,1,5.514831344704052,9.231418171236047,0.06527598388849726,20000,20000,20,,
walker2d-medium-replay-v2,2,ensemble,4,20,1,5.751012341867885,9.57703833579864,0.06771988750926747,20000,20000,20,,
walker2d-medium-replay-v2,2,ensemble,4,21,1,5.921011226996602,9.546503570875268,0.06750397411587493,20000,20000,20,,
walker2d-medium-replay-v2,2,ensemble,4,22,1,6.026177785977448,9.610260441683838,0.06795480327283467,20000,20000,20,,
walker2d-medium-replay-v2,2,ensemble,4,23,1,6.248827876990937,9.997738980191325,0.07069469029426365,20000,20000,20,,
walker2d-medium-replay-v2,2,ensemble,4,24,1,6.447385560221777,10.270370838854653,0.07262248865454696,20000,20000,20,,
walker2d-medium-replay-v2,2,ensemble,4,25,1,6.6301103929665635,10.530981305325406,0.07446528293544355,20000,20000,20,,
walker2d-medium-replay-v2,2,ensemble,4,26,1,6.874503543845928,10.971004173892657,0.07757671447785415,20000,20000,20,,
walker2d-medium-replay-v2,2,ensemble,4,27,1,7.10240604204096,11.3422404696072,0.08020175149907742,20000,20000,20,,
walker2d-medium-replay-v2,2,ensemble,4,28,1,7.3581629887884485,11.865735857675134,0.08390342288730461,20000,20000,20,,
walker2d-medium-replay-v2,2,ensemble,4,29,1,7.60672453129607,12.331728503538537,0.08719848848603536,20000,20000,20,,
walker2d-medium-replay-v2,2,ensemble,4,30,1,7.8431937006152355,12.393809171309899,0.08763746509765254,20000,20000,20,,
walker2d-medium-replay-v2,2,ensemble,4,31,1,8.08123835503685,13.088574345246077,0.09255019675587776,20000,20000,20,,
walker2d-medium-replay-v2,2,ensemble,4,32,1,8.345991296139767,13.949978138179347,0.09864124138910704,20000,20000,20,,
walker2d-medium-replay-v2,2,ensemble,4,33,1,8.578907127751638,14.26201894328341,0.10084770308206698,20000,20000,20,,
walker2d-medium-replay-v2,2,ensemble,4,34,1,8.780669938344879,14.432488289228225,0.10205310338708712,20000,20000,20,,
walker2d-medium-replay-v2,2,ensemble,4,35,1,9.01587378058384,15.288079563292332,0.10810304730523479,20000,20000,20,,
walker2d-medium-replay-v2,2,ensemble,4,36,1,9.240700753723909,16.321069430808414,0.11540738870741095,20000,20000,20,,
walker2d-medium-replay-v2,2,ensemble,4,37,1,9.575103205310768,16.846881768123737,0.11912544340088307,20000,20000,20,,
walker2d-medium-replay-v2,2,ensemble,4,38,1,9.787373624672684,18.19028790312182,0.12862475928033062,20000,20000,20,,
walker2d-medium-replay-v2,2,ensemble,4,39,1,10.080819408438414,20.323996008192196,0.14371235398201024,20000,20000,20,,
walker2d-medium-replay-v2,2,ensemble,4,40,1,10.436527297141248,25.30661832505714,0.17894481426547654,20000,20000,20,,
walker2d-medium-replay-v2,2,ensemble,4,41,1,10.783217845360099,31.51353640787209,0.22283435293175508,20000,20000,20,,
walker2d-medium-replay-v2,2,ensemble,4,42,1,10.97333544399301,27.70620460466222,0.195912451568986,20000,20000,20,,
walker2d-medium-replay-v2,2,ensemble,4,43,1,11.291681427002217,33.053088135235285,0.23372062759581486,20000,20000,20,,
walker2d-medium-replay-v2,2,ensemble,4,44,1,11.715159722635505,36.14972624425821,0.2556171656535228,20000,20000,20,,
walker2d-medium-replay-v2,2,ensemble,4,45,1,12.11700009875445,43.05177789933448,0.3044220409475655,20000,20000,20,,
walker2d-medium-replay-v2,2,ensemble,4,46,1,12.536808363286191,51.44692017238876,0.3637846612505907,20000,20000,20,,
walker2d-medium-replay-v2,2,ensemble,4,47,1,12.743745839017482,45.10967804515076,0.31897359242868023,20000,20000,20,,
walker2d-medium-replay-v2,2,ensemble,4,48,1,13.082538447079333,49.04231991237081,0.3467815697515745,20000,20000,20,,
walker2d-medium-replay-v2,2,ensemble,4,49,1,13.507722197240158,56.84889533960709,0.4019823939760049,20000,20000,20,,
walker2d-medium-replay-v2,2,ensemble,4,50,1,13.84854013061322,53.50353886059356,0.3783271514580367,20000,20000,20,,
walker2d-medium-replay-v2,2,ensemble,4,51,1,14.361209932055447,64.38708808452272,0.45528546605421566,20000,20000,20,,
walker2d-medium-replay-v2,2,ensemble,4,52,1,14.975089077522853,79.23377878962154,0.5602674228117622,20000,20000,20,,
walker2d-medium-replay-v2,2,ensemble,4,53,1,15.450349804535193,88.57467317123309,0.6263175204076107,20000,20000,20,,
walker2d-medium-replay-v2,2,ensemble,4,54,1,16.06206463667769,102.1749862041014,0.7224862561256203,20000,20000,20,,
walker2d-medium-replay-v2,2,ensemble,4,55,1,16.823729192158847,109.2705184486046,0.7726592457877806,20000,20000,20,,
walker2d-medium-replay-v2,2,ensemble,4,56,1,17.27615367106394,109.93035699005479,0.7773250088592573,20000,20000,20,,
walker2d-medium-replay-v2,2,ensemble,4,57,1,18.209890471252425,128.58397833679578,0.9092260303389241,20000,20000,20,,
walker2d-medium-replay-v2,2,ensemble,4,58,1,19.105136211657406,144.87200309764214,1.0243997579442128,20000,20000,20,,
walker2d-medium-replay-v2,2,ensemble,4,59,1,20.34143707658034,183.52470182786493,1.2977156117772246,20000,20000,20,,
walker2d-medium-replay-v2,2,ensemble,4,60,1,20.984227777043486,178.477695515253,1.2620278878938325,20000,20000,20,,
walker2d-medium-replay-v2,2,ensemble,4,61,1,21.862870983544234,205.77682145387155,1.45506185861046,20000,20000,20,,
walker2d-medium-replay-v2,2,ensemble,4,62,1,23.805109227848735,261.9097852070221,1.8519818517899742,20000,20000,20,,
walker2d-medium-replay-v2,2,ensemble,4,63,1,24.947053594262155,259.5499065413727,1.835294989717393,20000,20000,20,,
walker2d-medium-replay-v2,2,ensemble,4,64,1,26.68497448781616,298.4684839952526,2.1104908900351163,20000,20000,20,,
walker2d-medium-replay-v2,2,ensemble,4,65,1,28.31532300413929,338.1233719434365,2.3908932917886516,20000,20000,20,,
walker2d-medium-replay-v2,2,ensemble,4,66,1,30.920850307867262,420.23517400590424,2.9715114123268362,20000,20000,20,,
walker2d-medium-replay-v2,2,ensemble,4,67,1,33.252555486947585,484.5899857706749,3.426568650335368,20000,20000,20,,
walker2d-medium-replay-v2,2,ensemble,4,68,1,35.11305287158105,489.7944309792124,3.4633696353280747,20000,20000,20,,
walker2d-medium-replay-v2,2,ensemble,4,69,1,37.3862549751186,554.3198144848911,3.919632997683355,20000,20000,20,,
walker2d-medium-replay-v2,2,ensemble,4,70,1,39.57654252110228,597.1215674422775,4.222287095311748,20000,20000,20,,
walker2d-medium-replay-v2,2,ensemble,4,71,1,42.976181146648806,707.0320407111711,4.999471505030322,20000,20000,20,,
walker2d-medium-replay-v2,2,ensemble,4,72,1,47.315816091098405,887.3706739993196,6.27465821010996,20000,20000,20,,
walker2d-medium-replay-v2,2,ensemble,4,73,1,47.74806091708796,833.4611086909762,5.893460018106474,20000,20000,20,,
walker2d-medium-replay-v2,2,ensemble,4,74,1,50.330329979981464,870.3613476971508,6.154384110393178,20000,20000,20,,
walker2d-medium-replay-v2,2,ensemble,4,75,1,57.04021078206643,1092.164435427071,7.722768784612591,20000,20000,20,,
walker2d-medium-replay-v2,2,ensemble,4,76,1,62.99274440969821,1242.6438772486872,8.786819122024905,20000,20000,20,,
walker2d-medium-replay-v2,2,ensemble,4,77,1,73.1974548188294,1656.1149394956374,11.71050104141714,20000,20000,20,,
walker2d-medium-replay-v2,2,ensemble,4,78,1,79.3120474383185,1961.6848943668315,13.871206913580027,20000,20000,20,,
walker2d-medium-replay-v2,2,ensemble,4,79,1,83.94756163463708,2010.0024141523056,14.212863372484266,20000,20000,20,,
walker2d-medium-replay-v2,2,ensemble,4,80,1,88.45310975989646,1953.4094283025556,13.81269053186474,20000,20000,20,,
walker2d-medium-replay-v2,2,ensemble,4,81,1,95.22299383380064,2146.0280929255973,15.174710171245241,20000,20000,20,,
walker2d-medium-replay-v2,2,ensemble,4,82,1,101.99335977450272,2383.511735116098,16.85397310938307,20000,20000,20,,
walker2d-medium-replay-v2,2,ensemble,4,83,1,113.63203813666927,2583.1217364190975,18.265428964523135,20000,20000,20,,
walker2d-medium-replay-v2,2,ensemble,4,84,1,133.8861878930246,3413.107546668123,24.134314911680104,20000,20000,20,,
walker2d-medium-replay-v2,2,ensemble,4,85,1,153.1009010917276,4351.299086995043,30.768330913850274,20000,20000,20,,
walker2d-medium-replay-v2,2,ensemble,4,86,1,162.41850176035805,4344.971665948413,30.72358929055533,20000,20000,20,,
walker2d-medium-replay-v2,2,ensemble,4,87,1,194.9274332954864,5516.228034078502,39.00562249468246,20000,20000,20,,
walker2d-medium-replay-v2,2,ensemble,4,88,1,202.9122445277189,5342.280453242914,37.775627354884065,20000,20000,20,,
walker2d-medium-replay-v2,2,ensemble,4,89,1,210.24937096039866,5706.277693547512,40.34947652440977,20000,20000,20,,
walker2d-medium-replay-v2,2,ensemble,4,90,1,233.42114180756644,6399.422983506257,45.25075387318322,20000,20000,20,,
walker2d-medium-replay-v2,2,ensemble,4,91,1,273.1990005181359,8614.636092585113,60.91467598521316,20000,20000,20,,
walker2d-medium-replay-v2,2,ensemble,4,92,1,304.7564094306758,10667.263896939901,75.4289463823264,20000,20000,20,,
walker2d-medium-replay-v2,2,ensemble,4,93,1,316.0774041127634,8617.677653120003,60.936183066009264,20000,20000,20,,
walker2d-medium-replay-v2,2,ensemble,4,94,1,376.1463179440597,10899.45271500234,77.0707692600028,20000,20000,20,,
walker2d-medium-replay-v2,2,ensemble,4,95,1,443.8890482929162,13974.094863737942,98.81177239093202,20000,20000,20,,
walker2d-medium-replay-v2,2,ensemble,4,96,1,527.4379981195225,17753.67232121497,125.53742089295018,20000,20000,20,,
walker2d-medium-replay-v2,2,ensemble,4,97,1,583.7312047383374,19959.964020229734,141.13825910943947,20000,20000,20,,
walker2d-medium-replay-v2,2,ensemble,4,98,1,603.3591565147941,20058.115740594178,141.8322965799877,20000,20000,20,,
walker2d-medium-replay-v2,2,ensemble,4,99,1,712.3695058226284,26316.084840410294,186.08282044934623,20000,20000,20,,
walker2d-medium-replay-v2,2,ensemble,4,100,1,842.7066152673419,35900.17503934307,253.85257216103514,20000,20000,20,,
walker2d-medium-replay-v2,2,ensemble,5,1,1,0.9756750952878743,1.9474087305487804,0.013770259191129288,20000,20000,20,,
walker2d-medium-replay-v2,2,ensemble,5,2,1,1.4012860946836385,2.7581106109792426,0.01950278716285994,20000,20000,20,,
walker2d-medium-replay-v2,2,ensemble,5,3,1,1.7436719489711905,3.406769861648409,0.02408950071113546,20000,20000,20,,
walker2d-medium-replay-v2,2,ensemble,5,4,1,2.0170203984373627,3.8200998244612583,0.027012184906860956,20000,20000,20,,
walker2d-medium-replay-v2,2,ensemble,5,5,1,2.310926270221897,4.496531166111994,0.031795276793744456,20000,20000,20,,
walker2d-medium-replay-v2,2,ensemble,5,6,1,2.6007179224187924,5.059813795305378,0.035778286462016744,20000,20000,20,,
walker2d-medium-replay-v2,2,ensemble,5,7,1,2.8874664387271256,5.547483738146364,0.03922663369765392,20000,20000,20,,
walker2d-medium-replay-v2,2,ensemble,5,8,1,3.1750669384994037,6.01635532143035,0.04254205645811171,20000,20000,20,,
walker2d-medium-replay-v2,2,ensemble,5,9,1,3.4649572178556247,6.562320361782524,0.0464026122813498,20000,20000,20,,
walker2d-medium-replay-v2,2,ensemble,5,10,1,3.7133635747549745,7.040825622426451,0.049786155427697376,20000,20000,20,,
walker2d-medium-replay-v2,2,ensemble,5,11,1,3.949927011349257,7.315491704558839,0.0517283379200749,20000,20000,20,,
walker2d-medium-replay-v2,2,ensemble,5,12,1,4.179768662659815,7.598861153123694,0.05373206250668792,20000,20000,20,,
walker2d-medium-replay-v2,2,ensemble,5,13,1,4.365437490844465,7.8265214837368555,0.055341864142525295,20000,20000,20,,
walker2d-medium-replay-v2,2,ensemble,5,14,1,4.560845194675426,8.215687117429091,0.058093680728410695,20000,20000,20,,
walker2d-medium-replay-v2,2,ensemble,5,15,1,4.777598012399716,8.521524862355767,0.06025628016221524,20000,20000,20,,
walker2d-medium-replay-v2,2,ensemble,5,16,1,4.996885872989402,9.06206176187395,0.06407845323352383,20000,20000,20,,
walker2d-medium-replay-v2,2,ensemble,5,17,1,5.197609099874739,9.153162127833744,0.06472263009891129,20000,20000,20,,
walker2d-medium-replay-v2,2,ensemble,5,18,1,5.3829888255870335,9.431474322470335,0.06669059450005572,20000,20000,20,,
walker2d-medium-replay-v2,2,ensemble,5,19,1,5.577263099210227,9.649790211486952,0.06823432095569992,20000,20000,20,,
walker2d-medium-replay-v2,2,ensemble,5,20,1,5.772452353751014,9.882857383967407,0.06988235473702896,20000,20000,20,,
walker2d-medium-replay-v2,2,ensemble,5,21,1,6.020939662188622,10.236299730142724,0.07238156953441946,20000,20000,20,,
walker2d-medium-replay-v2,2,ensemble,5,22,1,6.2024518975097855,10.416600793594728,0.07365649058064004,20000,20000,20,,
walker2d-medium-replay-v2,2,ensemble,5,23,1,6.405837206170718,10.735064793947524,0.07590837112277261,20000,20000,20,,
walker2d-medium-replay-v2,2,ensemble,5,24,1,6.587858396522817,10.93450130257522,0.07731860019944074,20000,20000,20,,
walker2d-medium-replay-v2,2,ensemble,5,25,1,6.77990963845028,11.020708798186606,0.07792817924679996,20000,20000,20,,
walker2d-medium-replay-v2,2,ensemble,5,26,1,6.980932619037575,11.294220624181907,0.07986219991575988,20000,20000,20,,
walker2d-medium-replay-v2,2,ensemble,5,27,1,7.205306778906834,11.603294955801452,0.08204768547354868,20000,20000,20,,
walker2d-medium-replay-v2,2,ensemble,5,28,1,7.401384701532198,11.876191513159203,0.08397735553624996,20000,20000,20,,
walker2d-medium-replay-v2,2,ensemble,5,29,1,7.631223897256442,11.9931858760154,0.08480463060961213,20000,20000,20,,
walker2d-medium-replay-v2,2,ensemble,5,30,1,7.8850197465710705,12.510056852579476,0.08845946033488185,20000,20000,20,,
walker2d-medium-replay-v2,2,ensemble,5,31,1,8.201575450743084,13.269159465689269,0.09382712638834548,20000,20000,20,,
walker2d-medium-replay-v2,2,ensemble,5,32,1,8.399684803448567,13.597000249664495,0.09614531080332944,20000,20000,20,,
walker2d-medium-replay-v2,2,ensemble,5,33,1,8.59475570547447,13.739331843387097,0.09715174715431284,20000,20000,20,,
walker2d-medium-replay-v2,2,ensemble,5,34,1,8.814041247563685,14.15730079181335,0.10010723393188899,20000,20000,20,,
walker2d-medium-replay-v2,2,ensemble,5,35,1,9.078464559307724,14.670567955951356,0.10373658085511271,20000,20000,20,,
walker2d-medium-replay-v2,2,ensemble,5,36,1,9.316710171088923,15.086357969834955,0.10667666023878013,20000,20000,20,,
walker2d-medium-replay-v2,2,ensemble,5,37,1,9.589353849217675,15.838281444239957,0.11199356211563138,20000,20000,20,,
walker2d-medium-replay-v2,2,ensemble,5,38,1,9.883675920091113,16.949610056117102,0.119851842091481,20000,20000,20,,
walker2d-medium-replay-v2,2,ensemble,5,39,1,10.089724306567922,18.186164478727644,0.12859560226682232,20000,20000,20,,
walker2d-medium-replay-v2,2,ensemble,5,40,1,10.32062726398794,19.221976249855746,0.1359198975407976,20000,20000,20,,
walker2d-medium-replay-v2,2,ensemble,5,41,1,10.605739066039119,20.945796687187826,0.14810914874865233,20000,20000,20,,
walker2d-medium-replay-v2,2,ensemble,5,42,1,10.855950904260963,21.736477946667264,0.15370010955200264,20000,20000,20,,
walker2d-medium-replay-v2,2,ensemble,5,43,1,11.167859319154555,22.20926011645488,0.1570431843348118,20000,20000,20,,
walker2d-medium-replay-v2,2,ensemble,5,44,1,11.486837272549264,25.53478882383273,0.1805582233349859,20000,20000,20,,
walker2d-medium-replay-v2,2,ensemble,5,45,1,12.011374025696446,30.52491224712452,0.2158437244506604,20000,20000,20,,
walker2d-medium-replay-v2,2,ensemble,5,46,1,12.269665163013665,35.26735381944417,0.24937785040234256,20000,20000,20,,
walker2d-medium-replay-v2,2,ensemble,5,47,1,12.522162252665794,32.88825631720598,0.23255509063297658,20000,20000,20,,
walker2d-medium-replay-v2,2,ensemble,5,48,1,12.99270621093521,40.84708070639204,0.28883247759164005,20000,20000,20,,
walker2d-medium-replay-v2,2,ensemble,5,49,1,13.416068604572319,45.96653741493247,0.325032503137639,20000,20000,20,,
walker2d-medium-replay-v2,2,ensemble,5,50,1,13.883201207543982,49.217531277591306,0.3480205011964581,20000,20000,20,,
walker2d-medium-replay-v2,2,ensemble,5,51,1,14.396836178241399,51.45099700940494,0.36381348884159004,20000,20000,20,,
walker2d-medium-replay-v2,2,ensemble,5,52,1,15.008224601757718,62.181109251803974,0.4396868401365216,20000,20000,20,,
walker2d-medium-replay-v2,2,ensemble,5,53,1,15.616959965089027,73.75863151607997,0.5215522851605995,20000,20000,20,,
walker2d-medium-replay-v2,2,ensemble,5,54,1,16.14677386461177,82.20830878774248,0.5813005261369035,20000,20000,20,,
walker2d-medium-replay-v2,2,ensemble,5,55,1,16.982618530014857,93.2949286447052,0.6596947669498612,20000,20000,20,,
walker2d-medium-replay-v2,2,ensemble,5,56,1,17.887069507480863,115.65181423489844,0.8177818210202357,20000,20000,20,,
walker2d-medium-replay-v2,2,ensemble,5,57,1,19.053444664188707,149.34909106803937,1.0560575505825787,20000,20000,20,,
walker2d-medium-replay-v2,2,ensemble,5,58,1,20.094406490877248,189.3108713736106,1.3386300090061432,20000,20000,20,,
walker2d-medium-replay-v2,2,ensemble,5,59,1,21.29355040522901,222.14521413958659,1.570803873262394,20000,20000,20,,
walker2d-medium-replay-v2,2,ensemble,5,60,1,21.681149206537615,220.13098392536213,1.5565611148289045,20000,20000,20,,
walker2d-medium-replay-v2,2,ensemble,5,61,1,22.539053779465217,235.12029522474933,1.6625515514800326,20000,20000,20,,
walker2d-medium-replay-v2,2,ensemble,5,62,1,23.956062023824682,254.7956954126108,1.8016776404339918,20000,20000,20,,
walker2d-medium-replay-v2,2,ensemble,5,63,1,24.638313050499757,267.2879179482056,1.8900109931040967,20000,20000,20,,
walker2d-medium-replay-v2,2,ensemble,5,64,1,26.93211076750168,337.5100875414085,2.3865567161939523,20000,20000,20,,
walker2d-medium-replay-v2,2,ensemble,5,65,1,28.554099728211504,382.1495227056691,2.702205189323811,20000,20000,20,,
walker2d-medium-replay-v2,2,ensemble,5,66,1,30.252429757007643,476.44814109772415,3.3689971145392574,20000,20000,20,,
walker2d-medium-replay-v2,2,ensemble,5,67,1,32.7384532691299,541.753351664308,3.8307746869237254,20000,20000,20,,
walker2d-medium-replay-v2,2,ensemble,5,68,1,36.68443610175204,716.6916370041715,5.067775165453372,20000,20000,20,,
walker2d-medium-replay-v2,2,ensemble,5,69,1,37.68763266769375,753.4860645623263,5.327951057815857,20000,20000,20,,
walker2d-medium-replay-v2,2,ensemble,5,70,1,42.69487201840943,920.4398013086367,6.508492251793354,20000,20000,20,,
walker2d-medium-replay-v2,2,ensemble,5,71,1,45.5204339612124,995.8575882725683,7.041776537636138,20000,20000,20,,
walker2d-medium-replay-v2,2,ensemble,5,72,1,51.53099790326211,1318.6074163484623,9.323962458228708,20000,20000,20,,
walker2d-medium-replay-v2,2,ensemble,5,73,1,57.58214793205741,1603.8347161005263,11.340824036570833,20000,20000,20,,
walker2d-medium-replay-v2,2,ensemble,5,74,1,65.26570847516413,2052.2373548041483,14.511509501863559,20000,20000,20,,
walker2d-medium-replay-v2,2,ensemble,5,75,1,63.94318629422761,1564.4097437616415,11.062047383681659,20000,20000,20,,
walker2d-medium-replay-v2,2,ensemble,5,76,1,73.7000613968823,2042.065683191916,14.439584922133438,20000,20000,20,,
walker2d-medium-replay-v2,2,ensemble,5,77,1,84.94104338027569,2728.168919105006,19.291067429215232,20000,20000,20,,
walker2d-medium-replay-v2,2,ensemble,5,78,1,82.61614578020534,2009.3360923345942,14.208151765726702,20000,20000,20,,
walker2d-medium-replay-v2,2,ensemble,5,79,1,94.87903541084884,2346.7838404913578,16.59426767590448,20000,20000,20,,
walker2d-medium-replay-v2,2,ensemble,5,80,1,93.99058015976799,2007.63741371703,14.196140294031341,20000,20000,20,,
walker2d-medium-replay-v2,2,ensemble,5,81,1,104.2642519675506,2467.50247263345,17.447877309936857,20000,20000,20,,
walker2d-medium-replay-v2,2,ensemble,5,82,1,120.80713009864003,3338.7070213254156,23.608223751743402,20000,20000,20,,
walker2d-medium-replay-v2,2,ensemble,5,83,1,140.13236703722993,3800.450464017542,26.873242946703648,20000,20000,20,,
walker2d-medium-replay-v2,2,ensemble,5,84,1,160.22942205424184,4596.2170879239675,32.50016270676523,20000,20000,20,,
walker2d-medium-replay-v2,2,ensemble,5,85,1,171.44718682935633,5453.12919143442,38.55944629949593,20000,20000,20,,
walker2d-medium-replay-v2,2,ensemble,5,86,1,193.6832884444254,6008.336492449102,42.485354774613555,20000,20000,20,,
walker2d-medium-replay-v2,2,ensemble,5,87,1,220.52081416418218,7304.714911178619,51.652134483288904,20000,20000,20,,
walker2d-medium-replay-v2,2,ensemble,5,88,1,218.77850540970246,7251.352456184813,51.27480494542008,20000,20000,20,,
walker2d-medium-replay-v2,2,ensemble,5,89,1,237.00144053490865,9349.135843458438,66.10837353143674,20000,20000,20,,
walker2d-medium-replay-v2,2,ensemble,5,90,1,259.4895498661665,9819.463682356683,69.43409357409438,20000,20000,20,,
walker2d-medium-replay-v2,2,ensemble,5,91,1,317.5883550671252,14480.525332123207,102.39277657487902,20000,20000,20,,
walker2d-medium-replay-v2,2,ensemble,5,92,1,363.5422605869311,18395.534228720397,130.07606996677438,20000,20000,20,,
walker2d-medium-replay-v2,2,ensemble,5,93,1,339.22135366627055,11378.108473954826,80.45537659009577,20000,20000,20,,
walker2d-medium-replay-v2,2,ensemble,5,94,1,377.4013036915364,11863.750736222857,83.88938595890077,20000,20000,20,,
walker2d-medium-replay-v2,2,ensemble,5,95,1,457.7325547271381,16732.92442977739,118.31964333377637,20000,20000,20,,
walker2d-medium-replay-v2,2,ensemble,5,96,1,534.4792132339951,23147.440081751156,163.67711848915533,20000,20000,20,,
walker2d-medium-replay-v2,2,ensemble,5,97,1,585.07414415115,23689.033924915413,167.50676528065864,20000,20000,20,,
walker2d-medium-replay-v2,2,ensemble,5,98,1,642.2020607801863,24113.300914270098,170.5067859327216,20000,20000,20,,
walker2d-medium-replay-v2,2,ensemble,5,99,1,724.8722299075,36253.10199839685,256.3481426211399,20000,20000,20,,
walker2d-medium-replay-v2,2,ensemble,5,100,1,804.5105625443296,37817.3894801803,267.409325482083,20000,20000,20,,
walker2d-medium-replay-v2,2,ensemble,6,1,1,0.961987592485903,1.9356539651943927,0.013687140448195845,20000,20000,20,,
walker2d-medium-replay-v2,2,ensemble,6,2,1,1.374938723612959,2.686716570885662,0.01899795506399519,20000,20000,20,,
walker2d-medium-replay-v2,2,ensemble,6,3,1,1.7359245051120757,3.351056966124397,0.023695551048889797,20000,20000,20,,
walker2d-medium-replay-v2,2,ensemble,6,4,1,1.9900628965006362,3.7256524729613782,0.02634434127975421,20000,20000,20,,
walker2d-medium-replay-v2,2,ensemble,6,5,1,2.2719557443633116,4.192200994684134,0.029643337514381408,20000,20000,20,,
walker2d-medium-replay-v2,2,ensemble,6,6,1,2.526256431909456,4.590038336953855,0.03245647233966294,20000,20000,20,,
walker2d-medium-replay-v2,2,ensemble,6,7,1,2.830586005353761,5.157585348448596,0.03646963574436385,20000,20000,20,,
walker2d-medium-replay-v2,2,ensemble,6,8,1,3.0841064975936643,5.626020260974355,0.039781970776278756,20000,20000,20,,
walker2d-medium-replay-v2,2,ensemble,6,9,1,3.382926574561459,6.182181767715771,0.04371462650479659,20000,20000,20,,
walker2d-medium-replay-v2,2,ensemble,6,10,1,3.593035106687976,6.477003117033487,0.04579932825820784,20000,20000,20,,
walker2d-medium-replay-v2,2,ensemble,6,11,1,3.8262574965138194,6.866434045171017,0.04855302075910602,20000,20000,20,,
walker2d-medium-replay-v2,2,ensemble,6,12,1,3.9652547559903413,7.07642155834384,0.050037856704396054,20000,20000,20,,
walker2d-medium-replay-v2,2,ensemble,6,13,1,4.201116499957345,7.330904032597356,0.05183731953677397,20000,20000,20,,
walker2d-medium-replay-v2,2,ensemble,6,14,1,4.482676624872927,7.84274725749453,0.0554565976890658,20000,20000,20,,
walker2d-medium-replay-v2,2,ensemble,6,15,1,4.7102829274293745,8.158885624127524,0.05769203351746009,20000,20000,20,,
walker2d-medium-replay-v2,2,ensemble,6,16,1,4.937209777675486,8.516651140791234,0.060221817746536274,20000,20000,20,,
walker2d-medium-replay-v2,2,ensemble,6,17,1,5.144536165852595,8.735572848322297,0.0617698279859778,20000,20000,20,,
walker2d-medium-replay-v2,2,ensemble,6,18,1,5.306362185499803,8.891690584489176,0.06287374708504873,20000,20000,20,,
walker2d-medium-replay-v2,2,ensemble,6,19,1,5.510451106834472,9.32810670310187,0.06595967505395021,20000,20000,20,,
walker2d-medium-replay-v2,2,ensemble,6,20,1,5.773537773482068,9.548942991001091,0.06752122342100625,20000,20000,20,,
walker2d-medium-replay-v2,2,ensemble,6,21,1,5.964342680203829,9.784819430053695,0.06918912171676857,20000,20000,20,,
walker2d-medium-replay-v2,2,ensemble,6,22,1,6.115444957628547,10.043383106071849,0.07101744300357814,20000,20000,20,,
walker2d-medium-replay-v2,2,ensemble,6,23,1,6.281405121939912,10.318338024672647,0.07296166787821035,20000,20000,20,,
walker2d-medium-replay-v2,2,ensemble,6,24,1,6.564189466181115,10.947193530435548,0.07740834780332477,20000,20000,20,,
walker2d-medium-replay-v2,2,ensemble,6,25,1,6.737029531048874,11.220187845475202,0.07933870911722393,20000,20000,20,,
walker2d-medium-replay-v2,2,ensemble,6,26,1,6.902423648953787,11.502811981847495,0.08133716355078234,20000,20000,20,,
walker2d-medium-replay-v2,2,ensemble,6,27,1,7.107320233328253,11.859508087761233,0.08385938590392672,20000,20000,20,,
walker2d-medium-replay-v2,2,ensemble,6,28,1,7.402084188073804,12.08944241661465,0.08548526713552501,20000,20000,20,,
walker2d-medium-replay-v2,2,ensemble,6,29,1,7.662144098086999,12.663209499812458,0.08954241308903298,20000,20000,20,,
walker2d-medium-replay-v2,2,ensemble,6,30,1,7.8598646800027865,12.914381320229868,0.09131846606363418,20000,20000,20,,
walker2d-medium-replay-v2,2,ensemble,6,31,1,8.110097021318532,13.346124760806786,0.09437135320928168,20000,20000,20,,
walker2d-medium-replay-v2,2,ensemble,6,32,1,8.351031735465973,13.907162938305326,0.09833849220741928,20000,20000,20,,
walker2d-medium-replay-v2,2,ensemble,6,33,1,8.51789473534404,14.318214120843086,0.10124506299329127,20000,20000,20,,
walker2d-medium-replay-v2,2,ensemble,6,34,1,8.807421807949659,14.687790969339233,0.10385836595070305,20000,20000,20,,
walker2d-medium-replay-v2,2,ensemble,6,35,1,9.064082840247735,14.919424177016426,0.1054962600696684,20000,20000,20,,
walker2d-medium-replay-v2,2,ensemble,6,36,1,9.299375864656662,15.172495864784658,0.10728574713514082,20000,20000,20,,
walker2d-medium-replay-v2,2,ensemble,6,37,1,9.449618040431766,15.131524733507145,0.10699603748754868,20000,20000,20,,
walker2d-medium-replay-v2,2,ensemble,6,38,1,9.699446653758844,15.524724035389,0.10977637641473344,20000,20000,20,,
walker2d-medium-replay-v2,2,ensemble,6,39,1,9.943512817677227,15.73461203488195,0.11126050869204487,20000,20000,20,,
walker2d-medium-replay-v2,2,ensemble,6,40,1,10.210381159554336,16.229135061908067,0.11475731455067553,20000,20000,20,,
walker2d-medium-replay-v2,2,ensemble,6,41,1,10.482654068370513,17.223713375188385,0.12179004524809145,20000,20000,20,,
walker2d-medium-replay-v2,2,ensemble,6,42,1,10.743516925484428,18.179447672568198,0.12854810727498972,20000,20000,20,,
walker2d-medium-replay-v2,2,ensemble,6,43,1,11.004066804861463,18.837246331537575,0.13319944619911633,20000,20000,20,,
walker2d-medium-replay-v2,2,ensemble,6,44,1,11.296488669828669,20.12435958390491,0.1423007112881565,20000,20000,20,,
walker2d-medium-replay-v2,2,ensemble,6,45,1,11.592488937139546,23.511698368944856,0.16625281353893595,20000,20000,20,,
walker2d-medium-replay-v2,2,ensemble,6,46,1,11.96864711332242,26.725499392856843,0.18897781851286033,20000,20000,20,,
walker2d-medium-replay-v2,2,ensemble,6,47,1,12.362550639646468,30.113818205529398,0.21293685060548748,20000,20000,20,,
walker2d-medium-replay-v2,2,ensemble,6,48,1,12.752672267262934,33.02447273301359,0.23351828614624143,20000,20000,20,,
walker2d-medium-replay-v2,2,ensemble,6,49,1,13.09657010969451,35.296796070304715,0.24958603855471145,20000,20000,20,,
walker2d-medium-replay-v2,2,ensemble,6,50,1,13.507050009222494,38.623829835422534,0.27311171992022565,20000,20000,20,,
walker2d-medium-replay-v2,2,ensemble,6,51,1,14.058028365904892,46.04843623846493,0.32561161527254906,20000,20000,20,,
walker2d-medium-replay-v2,2,ensemble,6,52,1,14.500535347079268,51.98355651403725,0.36757925321269863,20000,20000,20,,
walker2d-medium-replay-v2,2,ensemble,6,53,1,14.921609874155457,55.985725384121054,0.39587886068759826,20000,20000,20,,
walker2d-medium-replay-v2,2,ensemble,6,54,1,15.51606373722468,63.74041187423995,0.450712774718986,20000,20000,20,,
walker2d-medium-replay-v2,2,ensemble,6,55,1,16.137250380013924,77.85704171368253,0.5505324215886882,20000,20000,20,,
walker2d-medium-replay-v2,2,ensemble,6,56,1,16.796029042918192,90.85409957646287,0.6424354990911473,20000,20000,20,,
walker2d-medium-replay-v2,2,ensemble,6,57,1,17.296485054574422,94.21662206902991,0.6662121236550117,20000,20000,20,,
walker2d-medium-replay-v2,2,ensemble,6,58,1,17.83160822839454,96.28044955518894,0.6808055877616341,20000,20000,20,,
walker2d-medium-replay-v2,2,ensemble,6,59,1,18.689888898720227,106.53496807376894,0.7533159835845435,20000,20000,20,,
walker2d-medium-replay-v2,2,ensemble,6,60,1,19.77463913686764,130.992798506386,0.926258961104686,20000,20000,20,,
walker2d-medium-replay-v2,2,ensemble,6,61,1,20.80596092780496,147.09373602890722,1.0401097821610428,20000,20000,20,,
walker2d-medium-replay-v2,2,ensemble,6,62,1,22.282930954364844,188.32033360649783,1.3316258492846749,20000,20000,20,,
walker2d-medium-replay-v2,2,ensemble,6,63,1,23.57933509949748,241.82440928081513,1.7099567965889546,20000,20000,20,,
walker2d-medium-replay-v2,2,ensemble,6,64,1,25.13430089855724,299.95036988624605,2.120969405659778,20000,20000,20,,
walker2d-medium-replay-v2,2,ensemble,6,65,1,27.15213313223065,348.4053293968639,2.4635977101805526,20000,20000,20,,
walker2d-medium-replay-v2,2,ensemble,6,66,1,28.636990288251493,372.2202604988776,2.6319947029377957,20000,20000,20,,
walker2d-medium-replay-v2,2,ensemble,6,67,1,30.021089408757067,383.5843310264603,2.7123508162571546,20000,20000,20,,
walker2d-medium-replay-v2,2,ensemble,6,68,1,32.08790289731858,420.1036195788402,2.9705811820521157,20000,20000,20,,
walker2d-medium-replay-v2,2,ensemble,6,69,1,34.194982490137875,464.34487142062426,3.283414073907189,20000,20000,20,,
walker2d-medium-replay-v2,2,ensemble,6,70,1,37.14097977413381,610.4610395383346,4.316611407077455,20000,20000,20,,
walker2d-medium-replay-v2,2,ensemble,6,71,1,39.654565203195,748.5993793692256,5.293396975440203,20000,20000,20,,
walker2d-medium-replay-v2,2,ensemble,6,72,1,41.29289457323751,642.7595071411207,4.544996061716096,20000,20000,20,,
walker2d-medium-replay-v2,2,ensemble,6,73,1,44.63247178520192,694.9335254228677,4.913922083003837,20000,20000,20,,
walker2d-medium-replay-v2,2,ensemble,6,74,1,47.73058412404903,776.7569831991924,5.492501301541541,20000,20000,20,,
walker2d-medium-replay-v2,2,ensemble,6,75,1,51.12626198270561,779.5694634859398,5.512388540368667,20000,20000,20,,
walker2d-medium-replay-v2,2,ensemble,6,76,1,55.67378367205899,934.4725597924847,6.607718838620174,20000,20000,20,,
walker2d-medium-replay-v2,2,ensemble,6,77,1,61.50604003135439,1125.0544990140006,7.955336654572338,20000,20000,20,,
walker2d-medium-replay-v2,2,ensemble,6,78,1,67.40088987437765,1344.7751615128948,9.508996358770025,20000,20000,20,,
walker2d-medium-replay-v2,2,ensemble,6,79,1,74.70162991178,1495.8463999628004,10.577231330271808,20000,20000,20,,
walker2d-medium-replay-v2,2,ensemble,6,80,1,84.622375725058,1932.7428634005878,13.666555850004608,20000,20000,20,,
walker2d-medium-replay-v2,2,ensemble,6,81,1,90.3700957426604,2078.946278325836,14.700370111267341,20000,20000,20,,
walker2d-medium-replay-v2,2,ensemble,6,82,1,96.6530988305115,2058.152094993656,14.553333030833135,20000,20000,20,,
walker2d-medium-replay-v2,2,ensemble,6,83,1,108.75453000335894,2624.9066573710725,18.560892974087988,20000,20000,20,,
walker2d-medium-replay-v2,2,ensemble,6,84,1,124.51761309788753,3403.406779582468,24.065720129790325,20000,20000,20,,
walker2d-medium-replay-v2,2,ensemble,6,85,1,143.8290261218172,4448.374693591867,31.454759110974397,20000,20000,20,,
walker2d-medium-replay-v2,2,ensemble,6,86,1,146.26292449340673,3685.2882144247737,26.05892287046621,20000,20000,20,,
walker2d-medium-replay-v2,2,ensemble,6,87,1,174.01876330936466,4840.992808395811,34.23098842491987,20000,20000,20,,
walker2d-medium-replay-v2,2,ensemble,6,88,1,203.37093275624375,6570.7648071614285,46.46232352725763,20000,20000,20,,
walker2d-medium-replay-v2,2,ensemble,6,89,1,222.11446091166968,7390.788756688072,52.26076848171428,20000,20000,20,,
walker2d-medium-replay-v2,2,ensemble,6,90,1,240.16767100639777,8682.746076602627,61.39628630086607,20000,20000,20,,
walker2d-medium-replay-v2,2,ensemble,6,91,1,267.1428619271187,10318.017988598776,72.95940488142976,20000,20000,20,,
walker2d-medium-replay-v2,2,ensemble,6,92,1,306.74406294401183,13614.11497448415,96.26633018311063,20000,20000,20,,
walker2d-medium-replay-v2,2,ensemble,6,93,1,357.91612048270906,18966.795210695294,134.11549510859174,20000,20000,20,,
walker2d-medium-replay-v2,2,ensemble,6,94,1,443.64579740659724,25500.199090976872,180.3136369883678,20000,20000,20,,
walker2d-medium-replay-v2,2,ensemble,6,95,1,496.20354353322784,27667.093062300824,195.63589120072194,20000,20000,20,,
walker2d-medium-replay-v2,2,ensemble,6,96,1,558.272125839307,34605.85966326437,244.70038036684247,20000,20000,20,,
walker2d-medium-replay-v2,2,ensemble,6,97,1,557.8237888604541,29131.968377671612,205.9941238916366,20000,20000,20,,
walker2d-medium-replay-v2,2,ensemble,6,98,1,660.8107791654706,37610.780558683815,265.9483797876449,20000,20000,20,,
walker2d-medium-replay-v2,2,ensemble,6,99,1,787.001880422937,46914.39794841894,331.73488924611286,20000,20000,20,,
walker2d-medium-replay-v2,2,ensemble,6,100,1,789.8250007310866,48423.48759641841,342.4057644813013,20000,20000,20,,
walker2d-medium-replay-v2,2,ensemble,7,1,1,0.9788388937602004,1.9903493820275946,0.014073895449621664,20000,20000,20,,
walker2d-medium-replay-v2,2,ensemble,7,2,1,1.3849815658188063,2.6676137663286825,0.018862877837575974,20000,20000,20,,
walker2d-medium-replay-v2,2,ensemble,7,3,1,1.7229301971467528,3.268087647507386,0.02310886937064464,20000,20000,20,,
walker2d-medium-replay-v2,2,ensemble,7,4,1,1.9627688617127206,3.7120836337486076,0.026248395097552408,20000,20000,20,,
walker2d-medium-replay-v2,2,ensemble,7,5,1,2.2360080187740556,4.160819519231411,0.02942143697341881,20000,20000,20,,
walker2d-medium-replay-v2,2,ensemble,7,6,1,2.534223112122352,4.639262788871826,0.03280454177717682,20000,20000,20,,
walker2d-medium-replay-v2,2,ensemble,7,7,1,2.814840725158425,5.128652520264818,0.0362650497542873,20000,20000,20,,
walker2d-medium-replay-v2,2,ensemble,7,8,1,3.1115179562403905,5.6784592425956255,0.04015277037130793,20000,20000,20,,
walker2d-medium-replay-v2,2,ensemble,7,9,1,3.3718608811018793,6.212029992991809,0.043925685329787294,20000,20000,20,,
walker2d-medium-replay-v2,2,ensemble,7,10,1,3.670859726205954,6.78631397208714,0.047986486289238316,20000,20000,20,,
walker2d-medium-replay-v2,2,ensemble,7,11,1,3.8359577363124076,6.821213129359624,0.048233260596889004,20000,20000,20,,
walker2d-medium-replay-v2,2,ensemble,7,12,1,4.0532369389141865,7.315991714353905,0.05173187352324241,20000,20000,20,,
walker2d-medium-replay-v2,2,ensemble,7,13,1,4.273557142530159,7.657112514460773,0.05414396183283589,20000,20000,20,,
walker2d-medium-replay-v2,2,ensemble,7,14,1,4.503099096969478,7.999220992603206,0.056563034080795126,20000,20000,20,,
walker2d-medium-replay-v2,2,ensemble,7,15,1,4.713944343917153,8.27157553934235,0.058488871549657505,20000,20000,20,,
walker2d-medium-replay-v2,2,ensemble,7,16,1,4.961596958953727,8.680603752192892,0.06138113777968983,20000,20000,20,,
walker2d-medium-replay-v2,2,ensemble,7,17,1,5.158193042251648,8.838203380314246,0.0624955354372607,20000,20000,20,,
walker2d-medium-replay-v2,2,ensemble,7,18,1,5.377627275739699,9.183211448044707,0.06493511087982347,20000,20000,20,,
walker2d-medium-replay-v2,2,ensemble,7,19,1,5.599800389225274,9.79357862609714,0.0692510585859692,20000,20000,20,,
walker2d-medium-replay-v2,2,ensemble,7,20,1,5.850103243992655,10.290309414711992,0.07276347567650622,20000,20000,20,,
walker2d-medium-replay-v2,2,ensemble,7,21,1,6.090681654297025,10.564130822259832,0.07469968541761746,20000,20000,20,,
walker2d-medium-replay-v2,2,ensemble,7,22,1,6.266873733280058,10.603361758560386,0.07497709002852164,20000,20000,20,,
walker2d-medium-replay-v2,2,ensemble,7,23,1,6.450733543351294,10.871419156565395,0.07687254206728728,20000,20000,20,,
walker2d-medium-replay-v2,2,ensemble,7,24,1,6.635613688932414,11.06909777231114,0.07827034096418115,20000,20000,20,,
walker2d-medium-replay-v2,2,ensemble,7,25,1,6.810636152406584,11.26016621184936,0.0796213988568632,20000,20000,20,,
walker2d-medium-replay-v2,2,ensemble,7,26,1,6.999049722958328,11.420781056849444,0.08075711731745107,20000,20000,20,,
walker2d-medium-replay-v2,2,ensemble,7,27,1,7.253735302228366,11.897126724223812,0.08412538983334353,20000,20000,20,,
walker2d-medium-replay-v2,2,ensemble,7,28,1,7.500764254868316,12.141866846126808,0.08585596383160385,20000,20000,20,,
walker2d-medium-replay-v2,2,ensemble,7,29,1,7.716599798993011,12.347135227345078,0.08730743047483008,20000,20000,20,,
walker2d-medium-replay-v2,2,ensemble,7,30,1,7.91161187101471,12.741342979950522,0.09009490022546626,20000,20000,20,,
walker2d-medium-replay-v2,2,ensemble,7,31,1,8.150365058710014,13.044771299089762,0.09224046244614019,20000,20000,20,,
walker2d-medium-replay-v2,2,ensemble,7,32,1,8.4480479073567,13.491763768309816,0.09540117650738839,20000,20000,20,,
walker2d-medium-replay-v2,2,ensemble,7,33,1,8.729276946025925,14.121985037755392,0.099857513840118,20000,20000,20,,
walker2d-medium-replay-v2,2,ensemble,7,34,1,8.881165600000942,14.26322034760787,0.1008561982935147,20000,20000,20,,
walker2d-medium-replay-v2,2,ensemble,7,35,1,9.176480053206326,14.814513681667473,0.10475443084287955,20000,20000,20,,
walker2d-medium-replay-v2,2,ensemble,7,36,1,9.41787760448935,15.754623570823204,0.11140201161970507,20000,20000,20,,
walker2d-medium-replay-v2,2,ensemble,7,37,1,9.667847654568698,16.78794081745864,0.11870866794183436,20000,20000,20,,
walker2d-medium-replay-v2,2,ensemble,7,38,1,9.884288380340971,17.80064518807667,0.125869569219847,20000,20000,20,,
walker2d-medium-replay-v2,2,ensemble,7,39,1,10.221410198382948,18.268696814437355,0.1291791940092973,20000,20000,20,,
walker2d-medium-replay-v2,2,ensemble,7,40,1,10.469097479108584,18.54581628564169,0.13113872458217146,20000,20000,20,,
walker2d-medium-replay-v2,2,ensemble,7,41,1,10.689559600077052,19.34669018834492,0.13680175825693935,20000,20000,20,,
walker2d-medium-replay-v2,2,ensemble,7,42,1,11.006820661939905,21.13857228129504,0.1494722780470571,20000,20000,20,,
walker2d-medium-replay-v2,2,ensemble,7,43,1,11.348033573346965,23.845104693679307,0.1686103522700381,20000,20000,20,,
walker2d-medium-replay-v2,2,ensemble,7,44,1,11.712609641740734,26.79013792791027,0.18943488197748273,20000,20000,20,,
walker2d-medium-replay-v2,2,ensemble,7,45,1,11.915138126168177,27.22576980280633,0.19251526450588288,20000,20000,20,,
walker2d-medium-replay-v2,2,ensemble,7,46,1,12.272098241027255,31.903069195296357,0.22558876568657704,20000,20000,20,,
walker2d-medium-replay-v2,2,ensemble,7,47,1,12.717756914255926,35.31541493913344,0.2497176938387796,20000,20000,20,,
walker2d-medium-replay-v2,2,ensemble,7,48,1,13.067139903955068,39.21923954779141,0.2773219023722293,20000,20000,20,,
walker2d-medium-replay-v2,2,ensemble,7,49,1,13.551030265648349,48.60843815884996,0.34371356245009743,20000,20000,20,,
walker2d-medium-replay-v2,2,ensemble,7,50,1,13.875004592876502,49.55807953739564,0.35042854103474735,20000,20000,20,,
walker2d-medium-replay-v2,2,ensemble,7,51,1,14.48979704952155,60.952382458212064,0.43099842965677715,20000,20000,20,,
walker2d-medium-replay-v2,2,ensemble,7,52,1,15.082668327447504,73.33881609130212,0.5185837418235282,20000,20000,20,,
walker2d-medium-replay-v2,2,ensemble,7,53,1,15.664529270413498,83.3002553498855,0.5890217543247502,20000,20000,20,,
walker2d-medium-replay-v2,2,ensemble,7,54,1,16.07361097152261,87.80250366169098,0.6208574574433836,20000,20000,20,,
walker2d-medium-replay-v2,2,ensemble,7,55,1,16.869692914509162,106.11451307685904,0.750342917789556,20000,20000,20,,
walker2d-medium-replay-v2,2,ensemble,7,56,1,17.89851672357406,143.46778391859226,1.014470428906429,20000,20000,20,,
walker2d-medium-replay-v2,2,ensemble,7,57,1,18.701051053392113,170.8874037315542,1.208356419979453,20000,20000,20,,
walker2d-medium-replay-v2,2,ensemble,7,58,1,19.13776286174815,165.67386854429603,1.1714911591308037,20000,20000,20,,
walker2d-medium-replay-v2,2,ensemble,7,59,1,20.562219300114702,222.9658103779619,1.5766063649101074,20000,20000,20,,
walker2d-medium-replay-v2,2,ensemble,7,60,1,21.77324089583963,254.12896705391213,1.7969631589975399,20000,20000,20,,
walker2d-medium-replay-v2,2,ensemble,7,61,1,23.31698218712356,327.9047474938369,2.3186367053615466,20000,20000,20,,
walker2d-medium-replay-v2,2,ensemble,7,62,1,25.776467970375734,424.67868457113764,3.0029317768563426,20000,20000,20,,
walker2d-medium-replay-v2,2,ensemble,7,63,1,27.817511945213006,517.15362831005,3.656828374932636,20000,20000,20,,
walker2d-medium-replay-v2,2,ensemble,7,64,1,30.782762549099548,654.7863608103444,4.63003875957456,20000,20000,20,,
walker2d-medium-replay-v2,2,ensemble,7,65,1,33.2628953098754,712.3605544738102,5.037149787182401,20000,20000,20,,
walker2d-medium-replay-v2,2,ensemble,7,66,1,34.14277127897861,717.6366484628663,5.074457405560794,20000,20000,20,,
walker2d-medium-replay-v2,2,ensemble,7,67,1,36.33876570474405,816.2610967963982,5.77183756763502,20000,20000,20,,
walker2d-medium-replay-v2,2,ensemble,7,68,1,40.882651604926885,1057.9647047124674,7.48094016958209,20000,20000,20,,
walker2d-medium-replay-v2,2,ensemble,7,69,1,45.20067506813002,1238.8610592103357,8.760070559155773,20000,20000,20,,
walker2d-medium-replay-v2,2,ensemble,7,70,1,50.138108846734625,1524.5798530710797,10.780407525669506,20000,20000,20,,
walker2d-medium-replay-v2,2,ensemble,7,71,1,50.71550795995601,1248.058505496025,8.825106325537872,20000,20000,20,,
walker2d-medium-replay-v2,2,ensemble,7,72,1,57.67022904166224,1574.1925019351963,11.131221930113947,20000,20000,20,,
walker2d-medium-replay-v2,2,ensemble,7,73,1,61.896896384185986,2042.9641896817539,14.445938322452482,20000,20000,20,,
walker2d-medium-replay-v2,2,ensemble,7,74,1,61.547235513109925,1623.7704512662226,11.481790971806863,20000,20000,20,,
walker2d-medium-replay-v2,2,ensemble,7,75,1,69.63712436662028,1813.239897273676,12.82154227280215,20000,20000,20,,
walker2d-medium-replay-v2,2,ensemble,7,76,1,76.45563942741498,2124.1893323354507,15.02028681418522,20000,20000,20,,
walker2d-medium-replay-v2,2,ensemble,7,77,1,85.12076132583539,2223.080261420241,15.719551279722152,20000,20000,20,,
walker2d-medium-replay-v2,2,ensemble,7,78,1,94.9341831971282,2770.409423795534,19.58975290228938,20000,20000,20,,
walker2d-medium-replay-v2,2,ensemble,7,79,1,107.46639777090135,3424.326275321966,24.213643302754345,20000,20000,20,,
walker2d-medium-replay-v2,2,ensemble,7,80,1,114.6035686217241,3266.9552587505864,23.100862172955914,20000,20000,20,,
walker2d-medium-replay-v2,2,ensemble,7,81,1,132.0305976170384,4128.793710398404,29.19498030743078,20000,20000,20,,
walker2d-medium-replay-v2,2,ensemble,7,82,1,163.52154540964023,5609.666816831454,39.666334463786754,20000,20000,20,,
walker2d-medium-replay-v2,2,ensemble,7,83,1,182.46524159661104,7080.976008626616,50.07006153119133,20000,20000,20,,
walker2d-medium-replay-v2,2,ensemble,7,84,1,226.2532158856571,10195.889425977637,72.09582553337002,20000,20000,20,,
walker2d-medium-replay-v2,2,ensemble,7,85,1,268.1293328817796,13464.897006503532,95.21119981277091,20000,20000,20,,
walker2d-medium-replay-v2,2,ensemble,7,86,1,317.04171933899715,17070.051114842325,120.70348898505993,20000,20000,20,,
walker2d-medium-replay-v2,2,ensemble,7,87,1,369.96782639667794,19808.424425134697,140.06671235633982,20000,20000,20,,
walker2d-medium-replay-v2,2,ensemble,7,88,1,403.8954332086257,19791.004439332406,139.9435344554501,20000,20000,20,,
walker2d-medium-replay-v2,2,ensemble,7,89,1,412.69793850516805,20169.104871737072,142.61710825267915,20000,20000,20,,
walker2d-medium-replay-v2,2,ensemble,7,90,1,477.2035675061212,22941.39431869782,162.22015492625763,20000,20000,20,,
walker2d-medium-replay-v2,2,ensemble,7,91,1,584.5013119334383,32072.494000626524,226.78677997407877,20000,20000,20,,
walker2d-medium-replay-v2,2,ensemble,7,92,1,575.1270010738265,33547.83522559006,237.2190178214366,20000,20000,20,,
walker2d-medium-replay-v2,2,ensemble,7,93,1,695.422460820339,47425.861477271734,335.35148254192694,20000,20000,20,,
walker2d-medium-replay-v2,2,ensemble,7,94,1,679.2554435213754,41904.3264662441,296.3083340533612,20000,20000,20,,
walker2d-medium-replay-v2,2,ensemble,7,95,1,731.388535141521,40051.02986021187,283.20354807660715,20000,20000,20,,
walker2d-medium-replay-v2,2,ensemble,7,96,1,782.1999621355079,39293.19116323282,277.8448192598125,20000,20000,20,,
walker2d-medium-replay-v2,2,ensemble,7,97,1,874.6634711253699,42715.89284045914,302.04697491926555,20000,20000,20,,
walker2d-medium-replay-v2,2,ensemble,7,98,1,1018.6406349585384,49773.13492061217,351.9492122327781,20000,20000,20,,
walker2d-medium-replay-v2,2,ensemble,7,99,1,1063.267767838977,45675.78440929253,322.9765689182553,20000,20000,20,,
walker2d-medium-replay-v2,2,ensemble,7,100,1,1112.9372902677578,46206.20048072424,326.7271769278522,20000,20000,20,,
walker2d-medium-replay-v2,2,ensemble,8,1,1,0.9751369155296575,1.9936251375364773,0.014097058538960065,20000,20000,20,,
walker2d-medium-replay-v2,2,ensemble,8,2,1,1.379327433027635,2.6835457388989203,0.018975533895996908,20000,20000,20,,
walker2d-medium-replay-v2,2,ensemble,8,3,1,1.7062057706629912,3.237138546617982,0.022890026179539398,20000,20000,20,,
walker2d-medium-replay-v2,2,ensemble,8,4,1,1.9800274277962548,3.7507910674686973,0.02652209798621045,20000,20000,20,,
walker2d-medium-replay-v2,2,ensemble,8,5,1,2.276759327972673,4.32869680282596,0.03060850862978764,20000,20000,20,,
walker2d-medium-replay-v2,2,ensemble,8,6,1,2.5588939527908328,4.841784421515802,0.03423658597497209,20000,20000,20,,
walker2d-medium-replay-v2,2,ensemble,8,7,1,2.820407777351459,5.157027731836703,0.03646569279948813,20000,20000,20,,
walker2d-medium-replay-v2,2,ensemble,8,8,1,3.086106018315494,5.646611108268979,0.03992757005380281,20000,20000,20,,
walker2d-medium-replay-v2,2,ensemble,8,9,1,3.3332308599677614,5.995834277289123,0.04239695076341881,20000,20000,20,,
walker2d-medium-replay-v2,2,ensemble,8,10,1,3.615389636474937,6.481029140601477,0.045827796543869266,20000,20000,20,,
walker2d-medium-replay-v2,2,ensemble,8,11,1,3.8471323676147424,6.868813260554903,0.04856984435242452,20000,20000,20,,
walker2d-medium-replay-v2,2,ensemble,8,12,1,4.057011105274245,7.102054384695916,0.05021910815774135,20000,20000,20,,
walker2d-medium-replay-v2,2,ensemble,8,13,1,4.318132640768011,7.457491133340806,0.05273242551023836,20000,20000,20,,
walker2d-medium-replay-v2,2,ensemble,8,14,1,4.5299050915054435,7.762691479446336,0.05489051785375537,20000,20000,20,,
walker2d-medium-replay-v2,2,ensemble,8,15,1,4.7190901794048505,8.028468574937918,0.05676984571881699,20000,20000,20,,
walker2d-medium-replay-v2,2,ensemble,8,16,1,4.917396597743043,8.508678674238519,0.0601654438949142,20000,20000,20,,
walker2d-medium-replay-v2,2,ensemble,8,17,1,5.129464673238158,8.937664109338993,0.06319882899681226,20000,20000,20,,
walker2d-medium-replay-v2,2,ensemble,8,18,1,5.357223815718829,9.103282221550852,0.06436992589913547,20000,20000,20,,
walker2d-medium-replay-v2,2,ensemble,8,19,1,5.582200925903216,9.315582948374214,0.06587111873501178,20000,20000,20,,
walker2d-medium-replay-v2,2,ensemble,8,20,1,5.798528158406816,9.64838764097438,0.06822440328449461,20000,20000,20,,
walker2d-medium-replay-v2,2,ensemble,8,21,1,5.981605372189081,9.978676633691316,0.0705598991495088,20000,20000,20,,
walker2d-medium-replay-v2,2,ensemble,8,22,1,6.094144290839321,9.984651911035062,0.07060215074080113,20000,20000,20,,
walker2d-medium-replay-v2,2,ensemble,8,23,1,6.298453005399778,10.149930423921688,0.07177084631326675,20000,20000,20,,
walker2d-medium-replay-v2,2,ensemble,8,24,1,6.479356187953024,10.427095604805587,0.07373070010238475,20000,20000,20,,
walker2d-medium-replay-v2,2,ensemble,8,25,1,6.729229329254535,10.712924189572579,0.07575181340784169,20000,20000,20,,
walker2d-medium-replay-v2,2,ensemble,8,26,1,6.957648670689423,11.177699252390878,0.07903826939429393,20000,20000,20,,
walker2d-medium-replay-v2,2,ensemble,8,27,1,7.1598663762741115,11.419333224520692,0.08074687959687425,20000,20000,20,,
walker2d-medium-replay-v2,2,ensemble,8,28,1,7.3811026035344565,11.790189610775155,0.08336923025254293,20000,20000,20,,
walker2d-medium-replay-v2,2,ensemble,8,29,1,7.615199041904438,12.279364559715994,0.08682821948836944,20000,20000,20,,
walker2d-medium-replay-v2,2,ensemble,8,30,1,7.841714087688792,12.516436830602613,0.08850457359212166,20000,20000,20,,
walker2d-medium-replay-v2,2,ensemble,8,31,1,8.076376945442066,12.867036076402345,0.09098368463396045,20000,20000,20,,
walker2d-medium-replay-v2,2,ensemble,8,32,1,8.300714265746025,13.16855937075525,0.09311577629518693,20000,20000,20,,
walker2d-medium-replay-v2,2,ensemble,8,33,1,8.559435022578839,13.49038330994975,0.09539141519271291,20000,20000,20,,
walker2d-medium-replay-v2,2,ensemble,8,34,1,8.791299331648258,14.14654902129211,0.10003120743343567,20000,20000,20,,
walker2d-medium-replay-v2,2,ensemble,8,35,1,9.059839696037617,14.83567249528314,0.10490404624877456,20000,20000,20,,
walker2d-medium-replay-v2,2,ensemble,8,36,1,9.238862338871387,15.449284481050142,0.10924293821030646,20000,20000,20,,
walker2d-medium-replay-v2,2,ensemble,8,37,1,9.447658375381902,15.635724252686634,0.11056126647837682,20000,20000,20,,
walker2d-medium-replay-v2,2,ensemble,8,38,1,9.758672782513322,16.38604178951009,0.11586681266168736,20000,20000,20,,
walker2d-medium-replay-v2,2,ensemble,8,39,1,10.084886389472828,17.57622013770303,0.12428264446997365,20000,20000,20,,
walker2d-medium-replay-v2,2,ensemble,8,40,1,10.420859084107855,18.839082124333974,0.13321242721446822,20000,20000,20,,
walker2d-medium-replay-v2,2,ensemble,8,41,1,10.754352350078332,20.91913020529531,0.14792058824688648,20000,20000,20,,
walker2d-medium-replay-v2,2,ensemble,8,42,1,11.034575214013929,23.153501230308706,0.16371997728162357,20000,20000,20,,
walker2d-medium-replay-v2,2,ensemble,8,43,1,11.310549137840086,23.816004343918827,0.16840458172353276,20000,20000,20,,
walker2d-medium-replay-v2,2,ensemble,8,44,1,11.624502858319955,25.319251410658822,0.17903414367043913,20000,20000,20,,
walker2d-medium-replay-v2,2,ensemble,8,45,1,11.965063085235416,29.220294654713634,0.20661868498617036,20000,20000,20,,
walker2d-medium-replay-v2,2,ensemble,8,46,1,12.394170397042748,36.06996511476463,0.2550531692981227,20000,20000,20,,
walker2d-medium-replay-v2,2,ensemble,8,47,1,12.82518640057192,43.50078139292033,0.30759697509847556,20000,20000,20,,
walker2d-medium-replay-v2,2,ensemble,8,48,1,13.314173624758123,51.9860161411353,0.3675966454027009,20000,20000,20,,
walker2d-medium-replay-v2,2,ensemble,8,49,1,13.713622744041178,57.39155155857929,0.4058195528988878,20000,20000,20,,
walker2d-medium-replay-v2,2,ensemble,8,50,1,14.168228596078407,67.06003348962187,0.474186044271086,20000,20000,20,,
walker2d-medium-replay-v2,2,ensemble,8,51,1,14.343431745450228,57.32449963152135,0.4053454241757449,20000,20000,20,,
walker2d-medium-replay-v2,2,ensemble,8,52,1,14.81679543774699,60.93086346735277,0.43084626741316817,20000,20000,20,,
walker2d-medium-replay-v2,2,ensemble,8,53,1,15.384028860813862,70.94734378736145,0.5016734789921655,20000,20000,20,,
walker2d-medium-replay-v2,2,ensemble,8,54,1,16.271353792360046,90.01684812257703,0.6365152372851376,20000,20000,20,,
walker2d-medium-replay-v2,2,ensemble,8,55,1,16.994732297542903,103.05800523634512,0.7287301435817836,20000,20000,20,,
walker2d-medium-replay-v2,2,ensemble,8,56,1,17.968195017197523,126.72328817537367,0.8960689640306375,20000,20000,20,,
walker2d-medium-replay-v2,2,ensemble,8,57,1,18.76482450375155,143.1643162936671,1.0123245887518775,20000,20000,20,,
walker2d-medium-replay-v2,2,ensemble,8,58,1,18.99549561711602,141.34444144612186,0.9994561302957766,20000,20000,20,,
walker2d-medium-replay-v2,2,ensemble,8,59,1,20.268018824159597,175.31319357272415,1.239651480067431,20000,20000,20,,
walker2d-medium-replay-v2,2,ensemble,8,60,1,21.52432876879866,207.5326498262274,1.4674774400973858,20000,20000,20,,
walker2d-medium-replay-v2,2,ensemble,8,61,1,23.175354537739928,254.4795970128933,1.7994424872143673,20000,20000,20,,
walker2d-medium-replay-v2,2,ensemble,8,62,1,23.936267864330468,295.34120275164025,2.0883776722947585,20000,20000,20,,
walker2d-medium-replay-v2,2,ensemble,8,63,1,24.419751222192296,263.22367978494106,1.8612724894480817,20000,20000,20,,
walker2d-medium-replay-v2,2,ensemble,8,64,1,26.145280548088724,325.13920432961714,2.2990813621107073,20000,20000,20,,
walker2d-medium-replay-v2,2,ensemble,8,65,1,28.942173128778062,402.17857164879183,2.8438319526078044,20000,20000,20,,
walker2d-medium-replay-v2,2,ensemble,8,66,1,30.510126186236604,505.71785550681875,3.5759652499599013,20000,20000,20,,
walker2d-medium-replay-v2,2,ensemble,8,67,1,34.13795682616782,680.8050245388216,4.814018495172746,20000,20000,20,,
walker2d-medium-replay-v2,2,ensemble,8,68,1,35.5489121494822,640.7577293577007,4.530841355265247,20000,20000,20,,
walker2d-medium-replay-v2,2,ensemble,8,69,1,39.36027656099532,815.800889186423,5.768583408417348,20000,20000,20,,
walker2d-medium-replay-v2,2,ensemble,8,70,1,42.41138256999324,1004.5541185429083,7.103270292905654,20000,20000,20,,
walker2d-medium-replay-v2,2,ensemble,8,71,1,42.38419455836827,853.7151088328994,6.036677426571546,20000,20000,20,,
walker2d-medium-replay-v2,2,ensemble,8,72,1,44.636828946971754,879.1892571981689,6.216806857111888,20000,20000,20,,
walker2d-medium-replay-v2,2,ensemble,8,73,1,50.822027482582534,1230.3928494732052,8.700191273859424,20000,20000,20,,
walker2d-medium-replay-v2,2,ensemble,8,74,1,57.32227156786078,1628.5961018875464,11.515913474586615,20000,20000,20,,
walker2d-medium-replay-v2,2,ensemble,8,75,1,58.07663170747665,1481.7283799685335,10.477401853523073,20000,20000,20,,
walker2d-medium-replay-v2,2,ensemble,8,76,1,62.73094846205979,1412.779346844731,9.989858564742107,20000,20000,20,,
walker2d-medium-replay-v2,2,ensemble,8,77,1,68.2383750556117,1602.2447838335545,11.329581517694804,20000,20000,20,,
walker2d-medium-replay-v2,2,ensemble,8,78,1,74.81438462358639,1828.3148548198808,12.928138319872359,20000,20000,20,,
walker2d-medium-replay-v2,2,ensemble,8,79,1,88.53222752948268,2601.9059707434058,18.39825355922429,20000,20000,20,,
walker2d-medium-replay-v2,2,ensemble,8,80,1,94.72746414024213,2360.926428637309,16.694270875719788,20000,20000,20,,
walker2d-medium-replay-v2,2,ensemble,8,81,1,105.44704122178852,2813.8302648400854,19.896784613763632,20000,20000,20,,
walker2d-medium-replay-v2,2,ensemble,8,82,1,117.30856802196125,3110.284059197256,21.993029496748008,20000,20000,20,,
walker2d-medium-replay-v2,2,ensemble,8,83,1,132.41121077170814,3999.7723502697654,28.282661520782057,20000,20000,20,,
walker2d-medium-replay-v2,2,ensemble,8,84,1,152.01856174657777,5059.388694200267,35.775280543275606,20000,20000,20,,
walker2d-medium-replay-v2,2,ensemble,8,85,1,183.93633978091825,6840.30593947484,48.36826715193277,20000,20000,20,,
walker2d-medium-replay-v2,2,ensemble,8,86,1,211.74710898739352,8547.570142073737,60.440448101280005,20000,20000,20,,
walker2d-medium-replay-v2,2,ensemble,8,87,1,224.69685465409918,8819.577470918659,62.36383036886684,20000,20000,20,,
walker2d-medium-replay-v2,2,ensemble,8,88,1,231.95207248919425,10140.278451545377,71.7025965620756,20000,20000,20,,
walker2d-medium-replay-v2,2,ensemble,8,89,1,268.97992223129205,11642.733908025628,82.32656097915475,20000,20000,20,,
walker2d-medium-replay-v2,2,ensemble,8,90,1,296.64235839549224,13317.421335801626,94.16838934463739,20000,20000,20,,
walker2d-medium-replay-v2,2,ensemble,8,91,1,340.5912475477994,17491.2946559813,123.68213062976396,20000,20000,20,,
walker2d-medium-replay-v2,2,ensemble,8,92,1,347.00204135124136,14234.868765261379,100.65572233216898,20000,20000,20,,
walker2d-medium-replay-v2,2,ensemble,8,93,1,457.8982818058583,20883.44753828769,147.66827368876739,20000,20000,20,,
walker2d-medium-replay-v2,2,ensemble,8,94,1,517.8948675331465,22493.745624804047,159.05480065584175,20000,20000,20,,
walker2d-medium-replay-v2,2,ensemble,8,95,1,520.8563499240743,18887.78918576422,133.5568381487582,20000,20000,20,,
walker2d-medium-replay-v2,2,ensemble,8,96,1,622.5933260549272,23022.59738476989,162.79434731298466,20000,20000,20,,
walker2d-medium-replay-v2,2,ensemble,8,97,1,784.6916284187258,30714.36455836394,217.18335459054902,20000,20000,20,,
walker2d-medium-replay-v2,2,ensemble,8,98,1,850.860466968346,37413.37957091054,264.55254401697084,20000,20000,20,,
walker2d-medium-replay-v2,2,ensemble,8,99,1,835.3096369420475,31350.937713428328,221.68460653722244,20000,20000,20,,
walker2d-medium-replay-v2,2,ensemble,8,100,1,869.5353817838416,30362.995912904,214.69880307153844,20000,20000,20,,
walker2d-medium-replay-v2,2,ensemble,9,1,1,0.9689522311917702,1.9259585792251206,0.013618583716544912,20000,20000,20,,
walker2d-medium-replay-v2,2,ensemble,9,2,1,1.3905733093134325,2.678718731791768,0.018941401801413876,20000,20000,20,,
walker2d-medium-replay-v2,2,ensemble,9,3,1,1.7272168541008264,3.2686889836453346,0.0231131214592538,20000,20000,20,,
walker2d-medium-replay-v2,2,ensemble,9,4,1,1.9860351437977242,3.791018361034263,0.026806547906900385,20000,20000,20,,
walker2d-medium-replay-v2,2,ensemble,9,5,1,2.2598971742631493,4.198254656951787,0.029686143370786112,20000,20000,20,,
walker2d-medium-replay-v2,2,ensemble,9,6,1,2.53432384957726,4.66392454012822,0.03297892669267014,20000,20000,20,,
walker2d-medium-replay-v2,2,ensemble,9,7,1,2.8185074630782205,5.271915764894373,0.03727807387201075,20000,20000,20,,
walker2d-medium-replay-v2,2,ensemble,9,8,1,3.0853379626581203,5.659488425640902,0.040018626438174595,20000,20000,20,,
walker2d-medium-replay-v2,2,ensemble,9,9,1,3.3790939569340837,6.204330322473572,0.04387124043742382,20000,20000,20,,
walker2d-medium-replay-v2,2,ensemble,9,10,1,3.6477637575164095,6.725734180151612,0.047558122472433496,20000,20000,20,,
walker2d-medium-replay-v2,2,ensemble,9,11,1,3.9168078607582544,7.1828012816864355,0.050790074941959036,20000,20000,20,,
walker2d-medium-replay-v2,2,ensemble,9,12,1,4.107696388489612,7.4061242379471155,0.05236920670962457,20000,20000,20,,
walker2d-medium-replay-v2,2,ensemble,9,13,1,4.284317352369835,7.682933649440175,0.054326544829254565,20000,20000,20,,
walker2d-medium-replay-v2,2,ensemble,9,14,1,4.535301810239151,8.083192290335994,0.05715680082131401,20000,20000,20,,
walker2d-medium-replay-v2,2,ensemble,9,15,1,4.72107224250077,8.323999278425035,0.0588595633636627,20000,20000,20,,
walker2d-medium-replay-v2,2,ensemble,9,16,1,4.916387386898393,8.568914427250633,0.06059137498916163,20000,20000,20,,
walker2d-medium-replay-v2,2,ensemble,9,17,1,5.1203539444701605,8.705409538801439,0.06155654117892552,20000,20000,20,,
walker2d-medium-replay-v2,2,ensemble,9,18,1,5.272313493668039,8.830773931792733,0.062443001302960315,20000,20000,20,,
walker2d-medium-replay-v2,2,ensemble,9,19,1,5.5201451128430525,9.205098099164093,0.06508987287406329,20000,20000,20,,
walker2d-medium-replay-v2,2,ensemble,9,20,1,5.713865033094476,9.408155386859198,0.06652570472504885,20000,20000,20,,
walker2d-medium-replay-v2,2,ensemble,9,21,1,5.922549388124228,9.605424742167763,0.0679206097136387,20000,20000,20,,
walker2d-medium-replay-v2,2,ensemble,9,22,1,6.1140307793912045,9.864280316155416,0.06975099503078475,20000,20000,20,,
walker2d-medium-replay-v2,2,ensemble,9,23,1,6.318050850174958,10.269739571096359,0.07261802491742061,20000,20000,20,,
walker2d-medium-replay-v2,2,ensemble,9,24,1,6.546619775015036,10.662556217644662,0.07539565806279325,20000,20000,20,,
walker2d-medium-replay-v2,2,ensemble,9,25,1,6.744627348558986,10.849262441146108,0.07671587043006929,20000,20000,20,,
walker2d-medium-replay-v2,2,ensemble,9,26,1,6.986375476205494,11.230228473473886,0.07940970707867634,20000,20000,20,,
walker2d-medium-replay-v2,2,ensemble,9,27,1,7.229542032247191,11.546738943437413,0.08164777407495385,20000,20000,20,,
walker2d-medium-replay-v2,2,ensemble,9,28,1,7.410412444936254,11.863615770849858,0.08388843160959604,20000,20000,20,,
walker2d-medium-replay-v2,2,ensemble,9,29,1,7.65158177544437,12.443744537119423,0.08799056145550199,20000,20000,20,,
walker2d-medium-replay-v2,2,ensemble,9,30,1,7.921165990228387,13.822243022710177,0.09773801772566808,20000,20000,20,,
walker2d-medium-replay-v2,2,ensemble,9,31,1,8.161212410676015,14.332057630903332,0.10134295139168151,20000,20000,20,,
walker2d-medium-replay-v2,2,ensemble,9,32,1,8.442216828472187,16.09423846881062,0.11380345159329386,20000,20000,20,,
walker2d-medium-replay-v2,2,ensemble,9,33,1,8.75660684084108,19.25241609220144,0.1361351397302065,20000,20000,20,,
walker2d-medium-replay-v2,2,ensemble,9,34,1,9.030568114049473,22.55407124681517,0.15948136721987535,20000,20000,20,,
walker2d-medium-replay-v2,2,ensemble,9,35,1,9.267049637648094,25.038788810440007,0.17705097360559977,20000,20000,20,,
walker2d-medium-replay-v2,2,ensemble,9,36,1,9.453618390087982,25.04776087941013,0.17711441571370024,20000,20000,20,,
walker2d-medium-replay-v2,2,ensemble,9,37,1,9.776153788885576,31.97224884628724,0.22607793968993478,20000,20000,20,,
walker2d-medium-replay-v2,2,ensemble,9,38,1,10.009405513146598,27.844243053445844,0.19688853080097976,20000,20000,20,,
walker2d-medium-replay-v2,2,ensemble,9,39,1,10.255039388341828,35.08720472446132,0.2481040039354727,20000,20000,20,,
walker2d-medium-replay-v2,2,ensemble,9,40,1,10.61358183678955,44.98742800782138,0.3181091541247211,20000,20000,20,,
walker2d-medium-replay-v2,2,ensemble,9,41,1,11.055244984561517,62.8956973124645,0.4447397407710016,20000,20000,20,,
walker2d-medium-replay-v2,2,ensemble,9,42,1,11.321424454810913,66.82519952109091,0.4725255173550741,20000,20000,20,,
walker2d-medium-replay-v2,2,ensemble,9,43,1,11.5895277539895,69.14026752059107,0.4888955201686194,20000,20000,20,,
walker2d-medium-replay-v2,2,ensemble,9,44,1,12.003321177678451,77.0093412443831,0.5445382740861217,20000,20000,20,,
walker2d-medium-replay-v2,2,ensemble,9,45,1,12.335959871153195,83.4509588392698,0.5900873889176713,20000,20000,20,,
walker2d-medium-replay-v2,2,ensemble,9,46,1,12.418296506134979,56.25453852460194,0.39777965663265913,20000,20000,20,,
walker2d-medium-replay-v2,2,ensemble,9,47,1,12.953637282639889,82.47282689692807,0.5831709516244212,20000,20000,20,,
walker2d-medium-replay-v2,2,ensemble,9,48,1,13.448345751192274,113.3845303718316,0.8017497030757418,20000,20000,20,,
walker2d-medium-replay-v2,2,ensemble,9,49,1,13.863453524909017,110.65063978415574,0.782418177340065,20000,20000,20,,
walker2d-medium-replay-v2,2,ensemble,9,50,1,14.446145025004734,125.95804406092837,0.8906578710047639,20000,20000,20,,
walker2d-medium-replay-v2,2,ensemble,9,51,1,15.217897383787134,156.40718633738354,1.1059658208547183,20000,20000,20,,
walker2d-medium-replay-v2,2,ensemble,9,52,1,15.969243927600349,196.5480621773542,1.3898046759468234,20000,20000,20,,
walker2d-medium-replay-v2,2,ensemble,9,53,1,16.782484569184355,252.9430620137647,1.7885775440402243,20000,20000,20,,
walker2d-medium-replay-v2,2,ensemble,9,54,1,17.842049816342517,320.78871468387626,2.268318754810855,20000,20000,20,,
walker2d-medium-replay-v2,2,ensemble,9,55,1,18.324325447839893,312.53168923740577,2.2099327679545633,20000,20000,20,,
walker2d-medium-replay-v2,2,ensemble,9,56,1,18.781691769708523,286.17695254363764,2.02357663762907,20000,20000,20,,
walker2d-medium-replay-v2,2,ensemble,9,57,1,19.708674195234543,308.4995190013379,2.1814210187863416,20000,20000,20,,
walker2d-medium-replay-v2,2,ensemble,9,58,1,19.798163349215802,232.72070181370884,1.6455838637496598,20000,20000,20,,
walker2d-medium-replay-v2,2,ensemble,9,59,1,21.8928391247452,346.89901118846416,2.4529464319827103,20000,20000,20,,
walker2d-medium-replay-v2,2,ensemble,9,60,1,22.215064624503984,297.46041080434213,2.1033627361428646,20000,20000,20,,
walker2d-medium-replay-v2,2,ensemble,9,61,1,24.78320757158158,420.59642633505547,2.9740658520434593,20000,20000,20,,
walker2d-medium-replay-v2,2,ensemble,9,62,1,24.858251640110364,363.542358947579,2.57063267260387,20000,20000,20,,
walker2d-medium-replay-v2,2,ensemble,9,63,1,26.987359899994942,431.40353429667397,3.050483645290215,20000,20000,20,,
walker2d-medium-replay-v2,2,ensemble,9,64,1,29.382040446259442,494.46266313001564,3.496379021427935,20000,20000,20,,
walker2d-medium-replay-v2,2,ensemble,9,65,1,32.783291557031774,632.1178441594088,4.469748141141392,20000,20000,20,,
walker2d-medium-replay-v2,2,ensemble,9,66,1,33.530563563479504,605.6280269486813,4.282436847320417,20000,20000,20,,
walker2d-medium-replay-v2,2,ensemble,9,67,1,35.1100608495652,597.1927607804287,4.222790508233568,20000,20000,20,,
walker2d-medium-replay-v2,2,ensemble,9,68,1,36.20386816689673,582.2642658559394,4.117230108293414,20000,20000,20,,
walker2d-medium-replay-v2,2,ensemble,9,69,1,40.31287823792722,757.8699004810434,5.358949458873196,20000,20000,20,,
walker2d-medium-replay-v2,2,ensemble,9,70,1,43.25005237555991,848.0721976401954,5.996776018871602,20000,20000,20,,
walker2d-medium-replay-v2,2,ensemble,9,71,1,51.750793936987385,1277.6310581115265,9.034215850452043,20000,20000,20,,
walker2d-medium-replay-v2,2,ensemble,9,72,1,59.003566732188986,1707.7234246584057,12.075428139670729,20000,20000,20,,
walker2d-medium-replay-v2,2,ensemble,9,73,1,60.51596278726489,1689.8204940514038,11.948835303317496,20000,20000,20,,
walker2d-medium-replay-v2,2,ensemble,9,74,1,66.48056264076466,1749.1500233205284,12.368358428025534,20000,20000,20,,
walker2d-medium-replay-v2,2,ensemble,9,75,1,68.01742438449254,1740.594717409653,12.307863279778479,20000,20000,20,,
walker2d-medium-replay-v2,2,ensemble,9,76,1,72.68770014974709,2214.741355239243,15.660586308639532,20000,20000,20,,
walker2d-medium-replay-v2,2,ensemble,9,77,1,81.06060997197787,2346.416860754673,16.591672737300804,20000,20000,20,,
walker2d-medium-replay-v2,2,ensemble,9,78,1,83.42979410638075,2119.8715560552173,14.989755525311224,20000,20000,20,,
walker2d-medium-replay-v2,2,ensemble,9,79,1,99.79184477813142,2916.2897616514742,20.62128266368658,20000,20000,20,,
walker2d-medium-replay-v2,2,ensemble,9,80,1,107.00426425631221,3210.5491885527526,22.702011025586188,20000,20000,20,,
walker2d-medium-replay-v2,2,ensemble,9,81,1,118.59985754663728,3527.949848191759,24.946372613424437,20000,20000,20,,
walker2d-medium-replay-v2,2,ensemble,9,82,1,144.15294360257394,5050.053511295454,35.709270831919504,20000,20000,20,,
walker2d-medium-replay-v2,2,ensemble,9,83,1,169.1734285366527,6710.818865599144,47.45265527179769,20000,20000,20,,
walker2d-medium-replay-v2,2,ensemble,9,84,1,181.8271855475106,7012.699083184545,49.58727076140477,20000,20000,20,,
walker2d-medium-replay-v2,2,ensemble,9,85,1,228.3658665143669,10184.566489695031,72.01576028308628,20000,20000,20,,
walker2d-medium-replay-v2,2,ensemble,9,86,1,267.093516757697,13247.147868759452,93.67148089380728,20000,20000,20,,
walker2d-medium-replay-v2,2,ensemble,9,87,1,332.2910808208805,18538.651762353213,131.08806375215897,20000,20000,20,,
walker2d-medium-replay-v2,2,ensemble,9,88,1,369.95201293241877,18650.37936331769,131.87809719503582,20000,20000,20,,
walker2d-medium-replay-v2,2,ensemble,9,89,1,419.8832446689272,21444.943248469895,151.63864793153732,20000,20000,20,,
walker2d-medium-replay-v2,2,ensemble,9,90,1,515.4272194685374,29077.286470709976,205.60746441942877,20000,20000,20,,
walker2d-medium-replay-v2,2,ensemble,9,91,1,580.6425071012305,31690.30067351062,224.08426504079972,20000,20000,20,,
walker2d-medium-replay-v2,2,ensemble,9,92,1,633.4104005951798,34509.25434769247,244.0172776294469,20000,20000,20,,
walker2d-medium-replay-v2,2,ensemble,9,93,1,773.4464011711111,50345.698606786806,355.99784888433066,20000,20000,20,,
walker2d-medium-replay-v2,2,ensemble,9,94,1,730.8567329837559,38105.4459726783,269.44619247418444,20000,20000,20,,
walker2d-medium-replay-v2,2,ensemble,9,95,1,920.441778055938,55883.32101051477,395.15475241759657,20000,20000,20,,
walker2d-medium-replay-v2,2,ensemble,9,96,1,1056.0858888637779,62339.1107442002,440.80407940363125,20000,20000,20,,
walker2d-medium-replay-v2,2,ensemble,9,97,1,1311.4927935751605,81940.56695019707,579.4073054475465,20000,20000,20,,
walker2d-medium-replay-v2,2,ensemble,9,98,1,1511.6218728491515,106301.67752705247,751.6663703088442,20000,20000,20,,
walker2d-medium-replay-v2,2,ensemble,9,99,1,1245.7847969213474,68771.47444162161,486.28775929867976,20000,20000,20,,
walker2d-medium-replay-v2,2,ensemble,9,100,1,1688.2340001425077,101981.0497058709,721.1149179954368,20000,20000,20,,
walker2d-medium-replay-v2,2,ensemble,10,1,1,0.9600752410886154,1.928144544744625,0.013634040826967729,20000,20000,20,,
walker2d-medium-replay-v2,2,ensemble,10,2,1,1.3917036371811145,2.72342370852216,0.019257513723402345,20000,20000,20,,
walker2d-medium-replay-v2,2,ensemble,10,3,1,1.7109741920617871,3.298981321964142,0.02332732063768606,20000,20000,20,,
walker2d-medium-replay-v2,2,ensemble,10,4,1,1.9822797764608728,3.7515732043971224,0.026527628529469507,20000,20000,20,,
walker2d-medium-replay-v2,2,ensemble,10,5,1,2.250692824034184,4.124048359078609,0.029161425606457382,20000,20000,20,,
walker2d-medium-replay-v2,2,ensemble,10,6,1,2.514644496010542,4.559208133630218,0.0322384698813079,20000,20000,20,,
walker2d-medium-replay-v2,2,ensemble,10,7,1,2.8571319320387722,5.114360962126935,0.03616399317755711,20000,20000,20,,
walker2d-medium-replay-v2,2,ensemble,10,8,1,3.1331745797089905,5.593308472982145,0.03955066350513848,20000,20000,20,,
walker2d-medium-replay-v2,2,ensemble,10,9,1,3.377068372815608,6.0903605700229155,0.04306535258934371,20000,20000,20,,
walker2d-medium-replay-v2,2,ensemble,10,10,1,3.6227480620908876,6.46311837728033,0.045701148321863165,20000,20000,20,,
walker2d-medium-replay-v2,2,ensemble,10,11,1,3.8543560808915545,6.812603513781002,0.048172381421298476,20000,20000,20,,
walker2d-medium-replay-v2,2,ensemble,10,12,1,4.037137280834818,7.075678765269736,0.05003260436419888,20000,20000,20,,
walker2d-medium-replay-v2,2,ensemble,10,13,1,4.2478145086304,7.372392558062227,0.05213068771375039,20000,20000,20,,
walker2d-medium-replay-v2,2,ensemble,10,14,1,4.448222928619883,7.716554481852578,0.05456428001513403,20000,20000,20,,
walker2d-medium-replay-v2,2,ensemble,10,15,1,4.647551359965157,8.054718128681586,0.056955458093369674,20000,20000,20,,
walker2d-medium-replay-v2,2,ensemble,10,16,1,4.863716764896336,8.293134443039278,0.058641316019647956,20000,20000,20,,
walker2d-medium-replay-v2,2,ensemble,10,17,1,5.08615880382412,8.746649608740572,0.06184815251003121,20000,20000,20,,
walker2d-medium-replay-v2,2,ensemble,10,18,1,5.265783346743806,8.806026146484678,0.06226800803485357,20000,20000,20,,
walker2d-medium-replay-v2,2,ensemble,10,19,1,5.515117521287712,9.064986856819747,0.0640991367782417,20000,20000,20,,
walker2d-medium-replay-v2,2,ensemble,10,20,1,5.735511226211574,9.646918820974568,0.06821401715867251,20000,20000,20,,
walker2d-medium-replay-v2,2,ensemble,10,21,1,5.976028167267253,10.289911537487644,0.07276066225967207,20000,20000,20,,
walker2d-medium-replay-v2,2,ensemble,10,22,1,6.178949135826048,10.979227383330928,0.07763486134942332,20000,20000,20,,
walker2d-medium-replay-v2,2,ensemble,10,23,1,6.3860961987747435,10.807737455680885,0.07642224444195797,20000,20000,20,,
walker2d-medium-replay-v2,2,ensemble,10,24,1,6.521613307445064,11.07015799150297,0.07827783784598201,20000,20000,20,,
walker2d-medium-replay-v2,2,ensemble,10,25,1,6.817866882596205,11.648412136845504,0.08236671212019138,20000,20000,20,,
walker2d-medium-replay-v2,2,ensemble,10,26,1,6.973807979936884,11.729686823433914,0.08294141094044614,20000,20000,20,,
walker2d-medium-replay-v2,2,ensemble,10,27,1,7.1764952058527225,12.281017333858495,0.08683990636640876,20000,20000,20,,
walker2d-medium-replay-v2,2,ensemble,10,28,1,7.432183528555978,12.542821494003649,0.08869114133622363,20000,20000,20,,
walker2d-medium-replay-v2,2,ensemble,10,29,1,7.599645032719319,13.163341034441013,0.09307887708524383,20000,20000,20,,
walker2d-medium-replay-v2,2,ensemble,10,30,1,7.8435308457229835,14.2386929266796,0.10068276323688073,20000,20000,20,,
walker2d-medium-replay-v2,2,ensemble,10,31,1,8.131499260316566,15.334645918103108,0.10843232115785319,20000,20000,20,,
walker2d-medium-replay-v2,2,ensemble,10,32,1,8.404768731041626,17.557412806647058,0.12414965655671668,20000,20000,20,,
walker2d-medium-replay-v2,2,ensemble,10,33,1,8.67539694764271,20.35579509407835,0.14393720747466657,20000,20000,20,,
walker2d-medium-replay-v2,2,ensemble,10,34,1,8.942577002469687,18.109165847915232,0.12805113972692694,20000,20000,20,,
walker2d-medium-replay-v2,2,ensemble,10,35,1,9.130954470278095,21.840826463419877,0.15443796499002796,20000,20000,20,,
walker2d-medium-replay-v2,2,ensemble,10,36,1,9.37019329162464,22.915512338675807,0.16203714169041664,20000,20000,20,,
walker2d-medium-replay-v2,2,ensemble,10,37,1,9.67305262566748,27.875947174179874,0.19711271278860565,20000,20000,20,,
walker2d-medium-replay-v2,2,ensemble,10,38,1,9.973221555620766,34.521097563139534,0.24410102180898366,20000,20000,20,,
walker2d-medium-replay-v2,2,ensemble,10,39,1,10.33179380263632,43.901644628560625,0.3104315062209719,20000,20000,20,,
walker2d-medium-replay-v2,2,ensemble,10,40,1,10.649752724060955,44.927137151279524,0.3176828333896782,20000,20000,20,,
walker2d-medium-replay-v2,2,ensemble,10,41,1,10.841781965941689,32.80687823708552,0.2319796607100454,20000,20000,20,,
walker2d-medium-replay-v2,2,ensemble,10,42,1,11.065744712431504,31.4019518461637,0.22204533092915776,20000,20000,20,,
walker2d-medium-replay-v2,2,ensemble,10,43,1,11.396129893365936,36.61973835994495,0.2589406531959421,20000,20000,20,,
walker2d-medium-replay-v2,2,ensemble,10,44,1,11.801027287645207,51.52409190312876,0.36433034779181234,20000,20000,20,,
walker2d-medium-replay-v2,2,ensemble,10,45,1,12.101768471349912,46.37600302183664,0.32792786221068504,20000,20000,20,,
walker2d-medium-replay-v2,2,ensemble,10,46,1,12.521230620492178,64.67533081611525,0.4573236499555838,20000,20000,20,,
walker2d-medium-replay-v2,2,ensemble,10,47,1,12.742760179920056,48.557597095954016,0.3433540618467329,20000,20000,20,,
walker2d-medium-replay-v2,2,ensemble,10,48,1,13.290434082561417,70.69175235165991,0.49986617461818794,20000,20000,20,,
walker2d-medium-replay-v2,2,ensemble,10,49,1,13.682836919185513,69.23990957016792,0.48960009585809067,20000,20000,20,,
walker2d-medium-replay-v2,2,ensemble,10,50,1,14.325973896645888,100.95337707952206,0.7138481751661262,20000,20000,20,,
walker2d-medium-replay-v2,2,ensemble,10,51,1,15.234654616468086,147.05119022969149,1.0398089379296782,20000,20000,20,,
walker2d-medium-replay-v2,2,ensemble,10,52,1,15.834831404666108,172.4342438993571,1.2192942317001048,20000,20000,20,,
walker2d-medium-replay-v2,2,ensemble,10,53,1,16.64949673517928,193.33670566348,1.3670969562691428,20000,20000,20,,
walker2d-medium-replay-v2,2,ensemble,10,54,1,17.945704641787202,273.8653453778254,1.9365204284865625,20000,20000,20,,
walker2d-medium-replay-v2,2,ensemble,10,55,1,18.83008548913468,285.4775822029569,2.018631342524509,20000,20000,20,,
walker2d-medium-replay-v2,2,ensemble,10,56,1,18.706084927409965,209.43883532386653,1.4809562070131865,20000,20000,20,,
walker2d-medium-replay-v2,2,ensemble,10,57,1,20.261327843353993,278.48555184956865,1.9691902217530788,20000,20000,20,,
walker2d-medium-replay-v2,2,ensemble,10,58,1,21.432046158490152,325.98158933465834,2.3050379236050524,20000,20000,20,,
walker2d-medium-replay-v2,2,ensemble,10,59,1,22.65690964552002,370.1498152803993,2.617354444397183,20000,20000,20,,
walker2d-medium-replay-v2,2,ensemble,10,60,1,22.90353580644836,332.17265348848565,2.3488153580643747,20000,20000,20,,
walker2d-medium-replay-v2,2,ensemble,10,61,1,24.506872353994442,390.1968569223695,2.759108435274845,20000,20000,20,,
walker2d-medium-replay-v2,2,ensemble,10,62,1,25.098273420382814,358.6104773561479,2.53575900343077,20000,20000,20,,
walker2d-medium-replay-v2,2,ensemble,10,63,1,26.593712857054157,422.4338561437143,2.987058442820029,20000,20000,20,,
walker2d-medium-replay-v2,2,ensemble,10,64,1,28.257976391625334,430.44294078599216,3.0436912234365456,20000,20000,20,,
walker2d-medium-replay-v2,2,ensemble,10,65,1,30.574174364570737,558.4226261793633,3.9486442573942826,20000,20000,20,,
walker2d-medium-replay-v2,2,ensemble,10,66,1,33.60915631605065,687.1890346522617,4.859160263596516,20000,20000,20,,
walker2d-medium-replay-v2,2,ensemble,10,67,1,37.18699300766732,880.5502270613802,6.226430367304561,20000,20000,20,,
walker2d-medium-replay-v2,2,ensemble,10,68,1,41.0246613676654,1028.6651143672332,7.27376077939106,20000,20000,20,,
walker2d-medium-replay-v2,2,ensemble,10,69,1,43.947944674633476,1189.924018916636,8.414033428727029,20000,20000,20,,
walker2d-medium-replay-v2,2,ensemble,10,70,1,49.84135177410826,1566.0046110718306,11.073324798582933,20000,20000,20,,
walker2d-medium-replay-v2,2,ensemble,10,71,1,57.37813705892706,2050.2910368248795,14.497746955448697,20000,20000,20,,
walker2d-medium-replay-v2,2,ensemble,10,72,1,67.2919104198417,2920.6120823094643,20.651846086163854,20000,20000,20,,
walker2d-medium-replay-v2,2,ensemble,10,73,1,74.89925744041292,3911.6685948688173,27.659673891861946,20000,20000,20,,
walker2d-medium-replay-v2,2,ensemble,10,74,1,70.58807314113089,2599.234450481961,18.379363058294842,20000,20000,20,,
walker2d-medium-replay-v2,2,ensemble,10,75,1,70.43745101811825,2037.3951513482182,14.406559274749174,20000,20000,20,,
walker2d-medium-replay-v2,2,ensemble,10,76,1,81.0540040625694,2613.579665419215,18.48079904589195,20000,20000,20,,
walker2d-medium-replay-v2,2,ensemble,10,77,1,93.68823930318078,3459.732284505961,24.464001594641907,20000,20000,20,,
walker2d-medium-replay-v2,2,ensemble,10,78,1,100.4872865139897,3349.0996939541137,23.681711044647447,20000,20000,20,,
walker2d-medium-replay-v2,2,ensemble,10,79,1,102.72927842465113,3243.632014060102,22.93594192815677,20000,20000,20,,
walker2d-medium-replay-v2,2,ensemble,10,80,1,122.7193914516054,4611.179208930289,32.60596087901027,20000,20000,20,,
walker2d-medium-replay-v2,2,ensemble,10,81,1,144.3600350179476,6304.69999372021,44.58096118906344,20000,20000,20,,
walker2d-medium-replay-v2,2,ensemble,10,82,1,151.01950966148883,6303.830471137121,44.57481273591447,20000,20000,20,,
walker2d-medium-replay-v2,2,ensemble,10,83,1,146.3767847231177,5602.166245972596,39.613297418616064,20000,20000,20,,
walker2d-medium-replay-v2,2,ensemble,10,84,1,170.0666445605639,6594.577332681926,46.63070350998485,20000,20000,20,,
walker2d-medium-replay-v2,2,ensemble,10,85,1,190.55586893986418,7536.535746719873,53.29135533160442,20000,20000,20,,
walker2d-medium-replay-v2,2,ensemble,10,86,1,213.5630114043565,7847.1141181546145,55.487476056918226,20000,20000,20,,
walker2d-medium-replay-v2,2,ensemble,10,87,1,248.10899565472613,10119.147913825494,71.55318109695712,20000,20000,20,,
walker2d-medium-replay-v2,2,ensemble,10,88,1,261.9288903406756,9564.664267724194,67.63238963480441,20000,20000,20,,
walker2d-medium-replay-v2,2,ensemble,10,89,1,295.66555661486154,11159.543650414655,78.9098899015548,20000,20000,20,,
walker2d-medium-replay-v2,2,ensemble,10,90,1,319.6536134772982,10907.683169707521,77.12896736334564,20000,20000,20,,
walker2d-medium-replay-v2,2,ensemble,10,91,1,351.56738722605684,12823.50166257646,90.67584984164782,20000,20000,20,,
walker2d-medium-replay-v2,2,ensemble,10,92,1,418.4889441909895,15652.9305910136,110.6829336634807,20000,20000,20,,
walker2d-medium-replay-v2,2,ensemble,10,93,1,470.7686586363091,18796.019712484525,132.90792998013828,20000,20000,20,,
walker2d-medium-replay-v2,2,ensemble,10,94,1,524.0629602798864,21352.953534700613,150.98818242748064,20000,20000,20,,
walker2d-medium-replay-v2,2,ensemble,10,95,1,626.5817721718724,28026.410939712154,198.17665227791304,20000,20000,20,,
walker2d-medium-replay-v2,2,ensemble,10,96,1,547.0396355563856,19294.74742270483,136.43446743876245,20000,20000,20,,
walker2d-medium-replay-v2,2,ensemble,10,97,1,675.5599188802273,27537.224283797488,194.71758026128072,20000,20000,20,,
walker2d-medium-replay-v2,2,ensemble,10,98,1,756.5867482522063,31384.181703857455,221.91967704788382,20000,20000,20,,
walker2d-medium-replay-v2,2,ensemble,10,99,1,883.3121883728422,40869.98389951107,288.99442762329295,20000,20000,20,,
walker2d-medium-replay-v2,2,ensemble,10,100,1,821.8184805271719,33519.18183015769,237.01640771929414,20000,20000,20,,
walker2d-medium-replay-v2,2,ensemble,11,1,1,0.9771178557341166,1.993247478091674,0.01409438808341607,20000,20000,20,,
walker2d-medium-replay-v2,2,ensemble,11,2,1,1.3925115559350076,2.7640422284126513,0.019544730031965617,20000,20000,20,,
walker2d-medium-replay-v2,2,ensemble,11,3,1,1.7344021506942386,3.3673756566080506,0.023810941615900555,20000,20000,20,,
walker2d-medium-replay-v2,2,ensemble,11,4,1,2.005338289015998,3.8448294894372954,0.02718705004487123,20000,20000,20,,
walker2d-medium-replay-v2,2,ensemble,11,5,1,2.2763847954602046,4.289229764247688,0.030329434523667168,20000,20000,20,,
walker2d-medium-replay-v2,2,ensemble,11,6,1,2.5486275118665067,4.751445670644338,0.033597794541520745,20000,20000,20,,
walker2d-medium-replay-v2,2,ensemble,11,7,1,2.8560407856932075,5.313445519930468,0.037571733586081145,20000,20000,20,,
walker2d-medium-replay-v2,2,ensemble,11,8,1,3.0870743903949522,5.581300922692683,0.039465757302787306,20000,20000,20,,
walker2d-medium-replay-v2,2,ensemble,11,9,1,3.3581616750760404,6.121302505878884,0.04328414511601165,20000,20000,20,,
walker2d-medium-replay-v2,2,ensemble,11,10,1,3.6441147332906016,6.617418270432094,0.04679221332970288,20000,20000,20,,
walker2d-medium-replay-v2,2,ensemble,11,11,1,3.9030165698902537,7.107409217463571,0.050256972543362644,20000,20000,20,,
walker2d-medium-replay-v2,2,ensemble,11,12,1,4.119649074674934,7.254573278287571,0.05129757959691864,20000,20000,20,,
walker2d-medium-replay-v2,2,ensemble,11,13,1,4.282417433967298,7.4609488486163515,0.05275687524942586,20000,20000,20,,
walker2d-medium-replay-v2,2,ensemble,11,14,1,4.49027465533537,7.815687264252912,0.0552652546418657,20000,20000,20,,
walker2d-medium-replay-v2,2,ensemble,11,15,1,4.69714267135868,8.153975034259387,0.05765731040350624,20000,20000,20,,
walker2d-medium-replay-v2,2,ensemble,11,16,1,4.914734252327021,8.458818170640171,0.059812876892836514,20000,20000,20,,
walker2d-medium-replay-v2,2,ensemble,11,17,1,5.137974228282033,8.61515237494219,0.06091832665277012,20000,20000,20,,
walker2d-medium-replay-v2,2,ensemble,11,18,1,5.372322928740998,8.869415845570751,0.06271624089566494,20000,20000,20,,
walker2d-medium-replay-v2,2,ensemble,11,19,1,5.554491722846583,9.279796616958636,0.06561807115883435,20000,20000,20,,
walker2d-medium-replay-v2,2,ensemble,11,20,1,5.756752391428221,9.49792027204068,0.06716043831529143,20000,20000,20,,
walker2d-medium-replay-v2,2,ensemble,11,21,1,5.99611457795589,9.76379094944339,0.0690404279043926,20000,20000,20,,
walker2d-medium-replay-v2,2,ensemble,11,22,1,6.208759947214344,10.2220755368741,0.07228098929924794,20000,20000,20,,
walker2d-medium-replay-v2,2,ensemble,11,23,1,6.440272506178859,10.526037580282,0.07443032552041841,20000,20000,20,,
walker2d-medium-replay-v2,2,ensemble,11,24,1,6.634576073500371,10.752643695191605,0.07603267272552759,20000,20000,20,,
walker2d-medium-replay-v2,2,ensemble,11,25,1,6.896514234778214,11.169356201369549,0.07897927511476426,20000,20000,20,,
walker2d-medium-replay-v2,2,ensemble,11,26,1,7.075132828160033,11.34796332756554,0.08024221821577851,20000,20000,20,,
walker2d-medium-replay-v2,2,ensemble,11,27,1,7.226459258977436,11.467141060278818,0.08108493204545848,20000,20000,20,,
walker2d-medium-replay-v2,2,ensemble,11,28,1,7.457596875664055,11.76687549502162,0.083204374559076,20000,20000,20,,
walker2d-medium-replay-v2,2,ensemble,11,29,1,7.618684356882482,12.267489295815349,0.08674424869204417,20000,20000,20,,
walker2d-medium-replay-v2,2,ensemble,11,30,1,7.827376311727983,12.709268544749024,0.0898680997191292,20000,20000,20,,
walker2d-medium-replay-v2,2,ensemble,11,31,1,8.113573372716102,13.342479223128318,0.09434557536514653,20000,20000,20,,
walker2d-medium-replay-v2,2,ensemble,11,32,1,8.33052228589372,13.664014025217755,0.09661916975459567,20000,20000,20,,
walker2d-medium-replay-v2,2,ensemble,11,33,1,8.572169805691196,14.577200358040049,0.10307637223885087,20000,20000,20,,
walker2d-medium-replay-v2,2,ensemble,11,34,1,8.836024808089165,15.834134591379545,0.11196423943784958,20000,20000,20,,
walker2d-medium-replay-v2,2,ensemble,11,35,1,9.139642163926348,17.106899661257213,0.12096404755552828,20000,20000,20,,
walker2d-medium-replay-v2,2,ensemble,11,36,1,9.342804346889318,16.70004261704416,0.11808713380616263,20000,20000,20,,
walker2d-medium-replay-v2,2,ensemble,11,37,1,9.636576993415735,18.599367211105406,0.13151738680751357,20000,20000,20,,
walker2d-medium-replay-v2,2,ensemble,11,38,1,9.93826415358903,20.35587312982742,0.14393775927073998,20000,20000,20,,
walker2d-medium-replay-v2,2,ensemble,11,39,1,10.129985683621085,20.88445556833796,0.14767540153760922,20000,20000,20,,
walker2d-medium-replay-v2,2,ensemble,11,40,1,10.395319875790891,23.017217657770605,0.16275630689856335,20000,20000,20,,
walker2d-medium-replay-v2,2,ensemble,11,41,1,10.619414802130617,25.02000043355615,0.17691811971857913,20000,20000,20,,
walker2d-medium-replay-v2,2,ensemble,11,42,1,11.034427877762468,29.55277609774463,0.20896968381602943,20000,20000,20,,
walker2d-medium-replay-v2,2,ensemble,11,43,1,11.402858191056584,34.58029020207918,0.24451957697288917,20000,20000,20,,
walker2d-medium-replay-v2,2,ensemble,11,44,1,11.67029645649835,36.83972556620142,0.2604961976491245,20000,20000,20,,
walker2d-medium-replay-v2,2,ensemble,11,45,1,12.10476667907962,46.27952178569309,0.3272456368473414,20000,20000,20,,
walker2d-medium-replay-v2,2,ensemble,11,46,1,12.548130358622515,55.358160588345456,0.39144130746032946,20000,20000,20,,
walker2d-medium-replay-v2,2,ensemble,11,47,1,12.880696420835642,61.888285878485156,0.437616266206885,20000,20000,20,,
walker2d-medium-replay-v2,2,ensemble,11,48,1,13.520379329193226,78.6402601442176,0.5560706122225045,20000,20000,20,,
walker2d-medium-replay-v2,2,ensemble,11,49,1,13.797786768468402,77.41847345038319,0.5474312756587665,20000,20000,20,,
walker2d-medium-replay-v2,2,ensemble,11,50,1,14.320400090713315,81.70976312515953,0.5777752759494681,20000,20000,20,,
walker2d-medium-replay-v2,2,ensemble,11,51,1,14.777582402475987,84.3352090579826,0.5963399821768464,20000,20000,20,,
walker2d-medium-replay-v2,2,ensemble,11,52,1,15.335895180155255,93.53381852772479,0.6613839735122613,20000,20000,20,,
walker2d-medium-replay-v2,2,ensemble,11,53,1,16.06962186107225,119.75837825252196,0.8468196136626184,20000,20000,20,,
walker2d-medium-replay-v2,2,ensemble,11,54,1,16.733126651199594,132.64043232501203,0.9379094915653134,20000,20000,20,,
walker2d-medium-replay-v2,2,ensemble,11,55,1,17.519907127971326,155.69248079294766,1.100912089484496,20000,20000,20,,
walker2d-medium-replay-v2,2,ensemble,11,56,1,18.596290575096475,172.23218070881833,1.217865429177523,20000,20000,20,,
walker2d-medium-replay-v2,2,ensemble,11,57,1,19.679578013565678,200.88960598631425,1.4205040266281646,20000,20000,20,,
walker2d-medium-replay-v2,2,ensemble,11,58,1,20.50562531923862,193.11304352591827,1.365515426127497,20000,20000,20,,
walker2d-medium-replay-v2,2,ensemble,11,59,1,21.690168382152105,222.42313516505837,1.5727690716798481,20000,20000,20,,
walker2d-medium-replay-v2,2,ensemble,11,60,1,23.314493483223334,271.0320139200837,1.9164857496153793,20000,20000,20,,
walker2d-medium-replay-v2,2,ensemble,11,61,1,25.277255404931655,334.39520214442183,2.36453115032567,20000,20000,20,,
walker2d-medium-replay-v2,2,ensemble,11,62,1,26.875563730226684,400.76546475538765,2.8338397779391293,20000,20000,20,,
walker2d-medium-replay-v2,2,ensemble,11,63,1,28.127176153595908,407.3746285279022,2.880573623154304,20000,20000,20,,
walker2d-medium-replay-v2,2,ensemble,11,64,1,29.87865629472221,474.04052386517793,3.351972689822907,20000,20000,20,,
walker2d-medium-replay-v2,2,ensemble,11,65,1,32.91851309122663,621.1531789660762,4.392216250024936,20000,20000,20,,
walker2d-medium-replay-v2,2,ensemble,11,66,1,37.764625620182535,885.2862821693736,6.259919334133914,20000,20000,20,,
walker2d-medium-replay-v2,2,ensemble,11,67,1,37.80116727780144,819.6037163294593,5.7954734570225614,20000,20000,20,,
walker2d-medium-replay-v2,2,ensemble,11,68,1,41.73875263813362,1007.8701927229312,7.126718478301772,20000,20000,20,,
walker2d-medium-replay-v2,2,ensemble,11,69,1,50.79191066391574,1467.0251162907718,10.373434079001882,20000,20000,20,,
walker2d-medium-replay-v2,2,ensemble,11,70,1,54.325235876696986,1636.185824524556,11.56958091802616,20000,20000,20,,
walker2d-medium-replay-v2,2,ensemble,11,71,1,58.694188953477386,1804.552271686513,12.760111483151224,20000,20000,20,,
walker2d-medium-replay-v2,2,ensemble,11,72,1,67.96985976441194,2330.593164984694,16.479782311476953,20000,20000,20,,
walker2d-medium-replay-v2,2,ensemble,11,73,1,75.90090001448675,2502.3052829160224,17.693970341488416,20000,20000,20,,
walker2d-medium-replay-v2,2,ensemble,11,74,1,91.42652031577218,3226.430114452917,22.814306129541464,20000,20000,20,,
walker2d-medium-replay-v2,2,ensemble,11,75,1,104.87387548078743,3824.320477038124,27.042029427442298,20000,20000,20,,
walker2d-medium-replay-v2,2,ensemble,11,76,1,102.42958512291473,3642.6143487404856,25.75717307241817,20000,20000,20,,
walker2d-medium-replay-v2,2,ensemble,11,77,1,109.36727994529079,3712.2594633837357,26.249638400825734,20000,20000,20,,
walker2d-medium-replay-v2,2,ensemble,11,78,1,125.9434383504279,4449.763586177459,31.464580064630514,20000,20000,20,,
walker2d-medium-replay-v2,2,ensemble,11,79,1,151.90177871159025,5781.311594130469,40.88004632362063,20000,20000,20,,
walker2d-medium-replay-v2,2,ensemble,11,80,1,160.38570547054223,6245.224029879342,44.16040261556861,20000,20000,20,,
walker2d-medium-replay-v2,2,ensemble,11,81,1,175.77353596059348,6711.880861329537,47.46016471562321,20000,20000,20,,
walker2d-medium-replay-v2,2,ensemble,11,82,1,198.7687640034766,7761.688707143088,54.883427182799245,20000,20000,20,,
walker2d-medium-replay-v2,2,ensemble,11,83,1,210.310796201957,7925.681662865589,56.0430324933813,20000,20000,20,,
walker2d-medium-replay-v2,2,ensemble,11,84,1,241.9948108987936,9354.377681829606,66.14543892601812,20000,20000,20,,
walker2d-medium-replay-v2,2,ensemble,11,85,1,306.1343954904851,14147.060574649853,100.03482466191767,20000,20000,20,,
walker2d-medium-replay-v2,2,ensemble,11,86,1,361.67807843845577,17692.885488613054,125.10759307755352,20000,20000,20,,
walker2d-medium-replay-v2,2,ensemble,11,87,1,423.416507094214,20828.297081606797,147.27830106972144,20000,20000,20,,
walker2d-medium-replay-v2,2,ensemble,11,88,1,532.4452504663172,28566.343363458807,201.9945510600505,20000,20000,20,,
walker2d-medium-replay-v2,2,ensemble,11,89,1,658.2516865334444,36215.25547652009,256.08052729850607,20000,20000,20,,
walker2d-medium-replay-v2,2,ensemble,11,90,1,823.2068090139876,48826.49307268815,345.25544353255776,20000,20000,20,,
walker2d-medium-replay-v2,2,ensemble,11,91,1,812.6079944975886,43433.954173156926,307.12443529585005,20000,20000,20,,
walker2d-medium-replay-v2,2,ensemble,11,92,1,899.1330273531125,49185.33239656089,347.79282072522585,20000,20000,20,,
walker2d-medium-replay-v2,2,ensemble,11,93,1,945.0373952929502,47177.18231682207,333.59305533498963,20000,20000,20,,
walker2d-medium-replay-v2,2,ensemble,11,94,1,1132.2656354538244,61012.96299930094,431.4267987708961,20000,20000,20,,
walker2d-medium-replay-v2,2,ensemble,11,95,1,1153.584920127631,64353.681666565186,455.04924700748643,20000,20000,20,,
walker2d-medium-replay-v2,2,ensemble,11,96,1,1087.1005623047533,47701.57320872695,337.30105889157363,20000,20000,20,,
walker2d-medium-replay-v2,2,ensemble,11,97,1,1328.392789472883,61819.68291069184,437.1311699695232,20000,20000,20,,
walker2d-medium-replay-v2,2,ensemble,11,98,1,1659.7808791226137,86219.594004936,609.6645959204125,20000,20000,20,,
walker2d-medium-replay-v2,2,ensemble,11,99,1,1906.6897008412238,105100.24135615375,743.1709336727914,20000,20000,20,,
walker2d-medium-replay-v2,2,ensemble,11,100,1,2511.2917041053615,146646.51089909897,1036.9474229409982,20000,20000,20,,
walker2d-medium-replay-v2,2,ensemble,12,1,1,0.9778679709702365,1.9518154266490326,0.013801419238080453,20000,20000,20,,
walker2d-medium-replay-v2,2,ensemble,12,2,1,1.38711213935651,2.7090816635996267,0.019156100151194292,20000,20000,20,,
walker2d-medium-replay-v2,2,ensemble,12,3,1,1.7362455514675297,3.3729546217334345,0.02385039085662218,20000,20000,20,,
walker2d-medium-replay-v2,2,ensemble,12,4,1,1.9914722875041184,3.796371695322775,0.02684440169667404,20000,20000,20,,
walker2d-medium-replay-v2,2,ensemble,12,5,1,2.275890570003787,4.321553998818145,0.030558001378281515,20000,20000,20,,
walker2d-medium-replay-v2,2,ensemble,12,6,1,2.5465974450875257,4.705431188690537,0.03327242301929756,20000,20000,20,,
walker2d-medium-replay-v2,2,ensemble,12,7,1,2.844685313473617,5.2472415765121925,0.037103601012757614,20000,20000,20,,
walker2d-medium-replay-v2,2,ensemble,12,8,1,3.1274827421447373,5.7988697499481185,0.041004201234058534,20000,20000,20,,
walker2d-medium-replay-v2,2,ensemble,12,9,1,3.381460564192771,6.119432039060884,0.043270918918301725,20000,20000,20,,
walker2d-medium-replay-v2,2,ensemble,12,10,1,3.671397218560614,6.7460551917159055,0.047701813723210314,20000,20000,20,,
walker2d-medium-replay-v2,2,ensemble,12,11,1,3.871741069067447,7.081761297858143,0.05007561436459938,20000,20000,20,,
walker2d-medium-replay-v2,2,ensemble,12,12,1,4.067335107160276,7.3253879651884715,0.05179831505007093,20000,20000,20,,
walker2d-medium-replay-v2,2,ensemble,12,13,1,4.289906314853161,7.587078669408725,0.05364874776534717,20000,20000,20,,
walker2d-medium-replay-v2,2,ensemble,12,14,1,4.494928893934686,7.856304801649371,0.05555246400314704,20000,20000,20,,
walker2d-medium-replay-v2,2,ensemble,12,15,1,4.734664410156606,8.307346027854985,0.058741807099593896,20000,20000,20,,
walker2d-medium-replay-v2,2,ensemble,12,16,1,4.976828656913397,8.675390386314318,0.06134427371603436,20000,20000,20,,
walker2d-medium-replay-v2,2,ensemble,12,17,1,5.18047856797958,9.15623538522651,0.06474436131033885,20000,20000,20,,
walker2d-medium-replay-v2,2,ensemble,12,18,1,5.388950155871328,9.237801250867635,0.06532111907742076,20000,20000,20,,
walker2d-medium-replay-v2,2,ensemble,12,19,1,5.590144453686225,9.414486062984091,0.06657046936522293,20000,20000,20,,
walker2d-medium-replay-v2,2,ensemble,12,20,1,5.7957836425447224,9.823983742653153,0.06946605522696443,20000,20000,20,,
walker2d-medium-replay-v2,2,ensemble,12,21,1,6.052918820409102,10.334777044967186,0.07307790930547366,20000,20000,20,,
walker2d-medium-replay-v2,2,ensemble,12,22,1,6.226140144904788,10.625741023483714,0.0751353353283742,20000,20000,20,,
walker2d-medium-replay-v2,2,ensemble,12,23,1,6.409645505987755,10.92517499520134,0.07725265324756574,20000,20000,20,,
walker2d-medium-replay-v2,2,ensemble,12,24,1,6.5502903367586285,10.816681839532485,0.076485490786708,20000,20000,20,,
walker2d-medium-replay-v2,2,ensemble,12,25,1,6.786878625147568,11.023977645608701,0.07795129348858823,20000,20000,20,,
walker2d-medium-replay-v2,2,ensemble,12,26,1,7.019823866579168,11.468533490421834,0.08109477801342303,20000,20000,20,,
walker2d-medium-replay-v2,2,ensemble,12,27,1,7.262670936223044,11.781888388043457,0.0833105317436857,20000,20000,20,,
walker2d-medium-replay-v2,2,ensemble,12,28,1,7.436078233402643,11.996647024757824,0.08482910462707677,20000,20000,20,,
walker2d-medium-replay-v2,2,ensemble,12,29,1,7.669967344366634,12.486465373140392,0.08829264338398586,20000,20000,20,,
walker2d-medium-replay-v2,2,ensemble,12,30,1,7.919076061948223,12.662866917103498,0.08953999066346674,20000,20000,20,,
walker2d-medium-replay-v2,2,ensemble,12,31,1,8.172268392010684,13.074405479082861,0.09245000774242042,20000,20000,20,,
walker2d-medium-replay-v2,2,ensemble,12,32,1,8.402892405957015,13.625695573264311,0.09634821738238716,20000,20000,20,,
walker2d-medium-replay-v2,2,ensemble,12,33,1,8.655841189710303,14.006477145034928,0.09904074969788591,20000,20000,20,,
walker2d-medium-replay-v2,2,ensemble,12,34,1,8.858675296174647,14.604551624383864,0.10326977489790838,20000,20000,20,,
walker2d-medium-replay-v2,2,ensemble,12,35,1,9.124930607013347,15.086637037178248,0.10667863354288862,20000,20000,20,,
walker2d-medium-replay-v2,2,ensemble,12,36,1,9.458116747904178,16.25193067536673,0.11491850387925481,20000,20000,20,,
walker2d-medium-replay-v2,2,ensemble,12,37,1,9.721913746617517,17.96002869278136,0.12699658078970663,20000,20000,20,,
walker2d-medium-replay-v2,2,ensemble,12,38,1,9.972036103296949,19.666933173125127,0.1390662181185944,20000,20000,20,,
walker2d-medium-replay-v2,2,ensemble,12,39,1,10.232154499308274,19.93580299004791,0.1409674148266193,20000,20000,20,,
walker2d-medium-replay-v2,2,ensemble,12,40,1,10.537025841664237,21.902899181770515,0.15487688539075214,20000,20000,20,,
walker2d-medium-replay-v2,2,ensemble,12,41,1,10.809843743737119,24.962745580576744,0.17651326677060336,20000,20000,20,,
walker2d-medium-replay-v2,2,ensemble,12,42,1,10.97992428267858,27.269653635482978,0.19282557006258402,20000,20000,20,,
walker2d-medium-replay-v2,2,ensemble,12,43,1,11.21783226241635,26.426368468538886,0.18686264346238204,20000,20000,20,,
walker2d-medium-replay-v2,2,ensemble,12,44,1,11.56952797867507,26.93897133291819,0.19048729307696458,20000,20000,20,,
walker2d-medium-replay-v2,2,ensemble,12,45,1,11.904993613228008,30.271436856292194,0.21405138277344593,20000,20000,20,,
walker2d-medium-replay-v2,2,ensemble,12,46,1,12.28928918312689,33.22631753928023,0.2349455444588257,20000,20000,20,,
walker2d-medium-replay-v2,2,ensemble,12,47,1,12.944648083681173,42.856048847976474,0.3030380275526609,20000,20000,20,,
walker2d-medium-replay-v2,2,ensemble,12,48,1,13.328009855560472,51.47406584737449,0.36397661015921373,20000,20000,20,,
walker2d-medium-replay-v2,2,ensemble,12,49,1,13.9537923772414,65.83381734396283,0.46551538675312665,20000,20000,20,,
walker2d-medium-replay-v2,2,ensemble,12,50,1,14.36122932396336,67.05347793951934,0.47413968953176694,20000,20000,20,,
walker2d-medium-replay-v2,2,ensemble,12,51,1,14.880297387949717,72.0234789466135,0.5092829036779694,20000,20000,20,,
walker2d-medium-replay-v2,2,ensemble,12,52,1,15.392197479466523,72.63151203884915,0.513582346905026,20000,20000,20,,
walker2d-medium-replay-v2,2,ensemble,12,53,1,15.94532580947407,85.67097360352973,0.6057852638590958,20000,20000,20,,
walker2d-medium-replay-v2,2,ensemble,12,54,1,16.80280819785394,104.15480536264815,0.7364856916509349,20000,20000,20,,
walker2d-medium-replay-v2,2,ensemble,12,55,1,17.706873545563123,118.47537218684077,0.837747390769152,20000,20000,20,,
walker2d-medium-replay-v2,2,ensemble,12,56,1,18.410890000857666,135.7037187077602,0.9595701973048899,20000,20000,20,,
walker2d-medium-replay-v2,2,ensemble,12,57,1,19.393908632007772,151.05971220423785,1.0681534686370486,20000,20000,20,,
walker2d-medium-replay-v2,2,ensemble,12,58,1,20.54742938196494,185.0656409372443,1.3086116967136017,20000,20000,20,,
walker2d-medium-replay-v2,2,ensemble,12,59,1,22.308426310946412,232.89906422153638,1.646845076430496,20000,20000,20,,
walker2d-medium-replay-v2,2,ensemble,12,60,1,23.25336303048813,261.88954542958777,1.851838734951239,20000,20000,20,,
walker2d-medium-replay-v2,2,ensemble,12,61,1,24.903635726390988,321.20129679478356,2.271236150895043,20000,20000,20,,
walker2d-medium-replay-v2,2,ensemble,12,62,1,25.54800279821646,287.957034413601,2.036163717242253,20000,20000,20,,
walker2d-medium-replay-v2,2,ensemble,12,63,1,27.158017047373576,343.79174158336446,2.430974717895302,20000,20000,20,,
walker2d-medium-replay-v2,2,ensemble,12,64,1,29.044147474802706,394.46836421739255,2.7893125530168312,20000,20000,20,,
walker2d-medium-replay-v2,2,ensemble,12,65,1,30.417022672335285,422.1987116332179,2.985395720040721,20000,20000,20,,
walker2d-medium-replay-v2,2,ensemble,12,66,1,32.69128903382499,541.2301103554145,3.82707481214657,20000,20000,20,,
walker2d-medium-replay-v2,2,ensemble,12,67,1,34.00594003278655,496.6842648049216,3.5120881175221492,20000,20000,20,,
walker2d-medium-replay-v2,2,ensemble,12,68,1,37.041908401538606,584.9497625316781,4.136219437396102,20000,20000,20,,
walker2d-medium-replay-v2,2,ensemble,12,69,1,42.298984157959254,780.1369743116898,5.516401447901512,20000,20000,20,,
walker2d-medium-replay-v2,2,ensemble,12,70,1,42.13673325966458,713.6667389491374,5.0463859061822465,20000,20000,20,,
walker2d-medium-replay-v2,2,ensemble,12,71,1,47.20822383688646,952.4421403619754,6.734782961377823,20000,20000,20,,
walker2d-medium-replay-v2,2,ensemble,12,72,1,50.81650651444764,1051.6695707263875,7.43642685028174,20000,20000,20,,
walker2d-medium-replay-v2,2,ensemble,12,73,1,54.172302600645914,1132.5998934227537,8.008690650103901,20000,20000,20,,
walker2d-medium-replay-v2,2,ensemble,12,74,1,60.079879085051225,1295.548477542433,9.160911138261618,20000,20000,20,,
walker2d-medium-replay-v2,2,ensemble,12,75,1,67.94311896940945,1569.8598792023167,11.100585660966525,20000,20000,20,,
walker2d-medium-replay-v2,2,ensemble,12,76,1,77.74393715577251,1999.413865029202,14.137991023605531,20000,20000,20,,
walker2d-medium-replay-v2,2,ensemble,12,77,1,88.2511945651609,2566.156132790122,18.145464030793416,20000,20000,20,,
walker2d-medium-replay-v2,2,ensemble,12,78,1,96.36375490011399,2834.2262032615245,20.04100567742826,20000,20000,20,,
walker2d-medium-replay-v2,2,ensemble,12,79,1,103.72112294378657,3274.5198624166183,23.154351998448313,20000,20000,20,,
walker2d-medium-replay-v2,2,ensemble,12,80,1,123.43318982919664,4193.833839605781,29.65488347154863,20000,20000,20,,
walker2d-medium-replay-v2,2,ensemble,12,81,1,134.49556685007425,4518.945633740355,31.953771014311457,20000,20000,20,,
walker2d-medium-replay-v2,2,ensemble,12,82,1,155.51108314138622,5591.880699317783,39.54056762073778,20000,20000,20,,
walker2d-medium-replay-v2,2,ensemble,12,83,1,168.1822912651487,6714.425459278795,47.478157740276345,20000,20000,20,,
walker2d-medium-replay-v2,2,ensemble,12,84,1,186.60242750942118,8353.549992099306,59.068518463942496,20000,20000,20,,
walker2d-medium-replay-v2,2,ensemble,12,85,1,215.26455348718906,9840.743454361875,69.58456428496412,20000,20000,20,,
walker2d-medium-replay-v2,2,ensemble,12,86,1,257.83024193667006,12674.689782979176,89.62359094980425,20000,20000,20,,
walker2d-medium-replay-v2,2,ensemble,12,87,1,269.49005979565635,11327.161681006459,80.0951283623608,20000,20000,20,,
walker2d-medium-replay-v2,2,ensemble,12,88,1,326.8771808605742,14686.445125010961,103.84884939419364,20000,20000,20,,
walker2d-medium-replay-v2,2,ensemble,12,89,1,343.37803821305135,15866.57635299174,112.19363733414579,20000,20000,20,,
walker2d-medium-replay-v2,2,ensemble,12,90,1,387.43542312466167,19963.733379871977,141.16491250707708,20000,20000,20,,
walker2d-medium-replay-v2,2,ensemble,12,91,1,464.850257676379,24366.58246148372,172.29775692856333,20000,20000,20,,
walker2d-medium-replay-v2,2,ensemble,12,92,1,482.6775016761046,25961.372143001096,183.57462291223607,20000,20000,20,,
walker2d-medium-replay-v2,2,ensemble,12,93,1,567.3063800441978,33532.50323847067,237.11060430082478,20000,20000,20,,
walker2d-medium-replay-v2,2,ensemble,12,94,1,616.1183690172204,38286.87119049929,270.7290624921791,20000,20000,20,,
walker2d-medium-replay-v2,2,ensemble,12,95,1,551.4620671227877,25010.209399473944,176.84888665263557,20000,20000,20,,
walker2d-medium-replay-v2,2,ensemble,12,96,1,656.7212490756804,34719.75161338639,245.5057180693809,20000,20000,20,,
walker2d-medium-replay-v2,2,ensemble,12,97,1,841.3803560333697,54019.09478327913,381.9726823481552,20000,20000,20,,
walker2d-medium-replay-v2,2,ensemble,12,98,1,991.7281870931478,69333.25414037029,490.26014164386106,20000,20000,20,,
walker2d-medium-replay-v2,2,ensemble,12,99,1,1184.7757672213863,91042.13753353551,643.7651282368125,20000,20000,20,,
walker2d-medium-replay-v2,2,ensemble,12,100,1,1444.5690168743815,115778.5919248719,818.6782746630697,20000,20000,20,,
walker2d-medium-replay-v2,2,ensemble,13,1,1,0.9771372686467287,1.9512492267427828,0.013797415600148289,20000,20000,20,,
walker2d-medium-replay-v2,2,ensemble,13,2,1,1.41211849657931,2.7575772021279064,0.019499015392700693,20000,20000,20,,
walker2d-medium-replay-v2,2,ensemble,13,3,1,1.7400874826173782,3.3499876334218275,0.023687989724836482,20000,20000,20,,
walker2d-medium-replay-v2,2,ensemble,13,4,1,2.006334452211042,3.804437926250915,0.026901438562553084,20000,20000,20,,
walker2d-medium-replay-v2,2,ensemble,13,5,1,2.30854738775075,4.3468736977801266,0.030737038686617705,20000,20000,20,,
walker2d-medium-replay-v2,2,ensemble,13,6,1,2.5434468476082777,4.623570280972664,0.032693578989683614,20000,20000,20,,
walker2d-medium-replay-v2,2,ensemble,13,7,1,2.8280311287991013,5.104571630046892,0.036094772146586254,20000,20000,20,,
walker2d-medium-replay-v2,2,ensemble,13,8,1,3.0917131943930793,5.671179187702432,0.04010129260948406,20000,20000,20,,
walker2d-medium-replay-v2,2,ensemble,13,9,1,3.4027028201515974,6.172387384341795,0.0436453697557838,20000,20000,20,,
walker2d-medium-replay-v2,2,ensemble,13,10,1,3.6999466061169137,6.645045630478824,0.046987568266056136,20000,20000,20,,
walker2d-medium-replay-v2,2,ensemble,13,11,1,3.8995067493648916,6.921372018656559,0.04894149089506876,20000,20000,20,,
walker2d-medium-replay-v2,2,ensemble,13,12,1,4.118613684859243,7.5119117495407135,0.053117237377751404,20000,20000,20,,
walker2d-medium-replay-v2,2,ensemble,13,13,1,4.3616195652406935,7.88588546158953,0.05576163085550364,20000,20000,20,,
walker2d-medium-replay-v2,2,ensemble,13,14,1,4.555497701101535,8.135061055879238,0.05752356837978804,20000,20000,20,,
walker2d-medium-replay-v2,2,ensemble,13,15,1,4.765041466802564,8.303006805900258,0.05871112416690129,20000,20000,20,,
walker2d-medium-replay-v2,2,ensemble,13,16,1,4.9394717298306015,8.52735856179941,0.06029753064657528,20000,20000,20,,
walker2d-medium-replay-v2,2,ensemble,13,17,1,5.158287904795952,8.814588574586754,0.06232855354459757,20000,20000,20,,
walker2d-medium-replay-v2,2,ensemble,13,18,1,5.3567348706094515,9.045657080700064,0.06396245462051124,20000,20000,20,,
walker2d-medium-replay-v2,2,ensemble,13,19,1,5.625042327396722,9.42373290133381,0.06663585438623915,20000,20000,20,,
walker2d-medium-replay-v2,2,ensemble,13,20,1,5.828033364631836,9.839341287733696,0.06957464946965272,20000,20000,20,,
walker2d-medium-replay-v2,2,ensemble,13,21,1,6.0549506475954376,10.11274592988073,0.07150791223435321,20000,20000,20,,
walker2d-medium-replay-v2,2,ensemble,13,22,1,6.261512295059438,10.28342257363391,0.07271477835623356,20000,20000,20,,
walker2d-medium-replay-v2,2,ensemble,13,23,1,6.494164454148143,10.683631026106811,0.07554467946255118,20000,20000,20,,
walker2d-medium-replay-v2,2,ensemble,13,24,1,6.649910574826021,11.023271720113813,0.07794630184154375,20000,20000,20,,
walker2d-medium-replay-v2,2,ensemble,13,25,1,6.7878001372333205,11.182654645916907,0.07907330931795095,20000,20000,20,,
walker2d-medium-replay-v2,2,ensemble,13,26,1,7.002083685226529,11.332046615745748,0.08012967006715885,20000,20000,20,,
walker2d-medium-replay-v2,2,ensemble,13,27,1,7.237029593939989,12.002101592463926,0.08486767424521104,20000,20000,20,,
walker2d-medium-replay-v2,2,ensemble,13,28,1,7.435194656018893,12.479150471714943,0.08824091921996939,20000,20000,20,,
walker2d-medium-replay-v2,2,ensemble,13,29,1,7.69614098282028,12.788365905425142,0.0904274025202096,20000,20000,20,,
walker2d-medium-replay-v2,2,ensemble,13,30,1,7.934165359853465,12.953058700301968,0.09159195644090928,20000,20000,20,,
walker2d-medium-replay-v2,2,ensemble,13,31,1,8.220952862062711,13.750938635012213,0.09723381956497223,20000,20000,20,,
walker2d-medium-replay-v2,2,ensemble,13,32,1,8.48412516524393,15.123902707012952,0.10694214162134441,20000,20000,20,,
walker2d-medium-replay-v2,2,ensemble,13,33,1,8.700328398132843,15.835943068236483,0.11197702730034119,20000,20000,20,,
walker2d-medium-replay-v2,2,ensemble,13,34,1,8.869259606248631,14.941341282488791,0.1056512374087033,20000,20000,20,,
walker2d-medium-replay-v2,2,ensemble,13,35,1,9.112771937357177,15.810828558354963,0.11179944089790719,20000,20000,20,,
walker2d-medium-replay-v2,2,ensemble,13,36,1,9.349688613665124,16.217481239083078,0.11467490957921257,20000,20000,20,,
walker2d-medium-replay-v2,2,ensemble,13,37,1,9.628838075799178,17.185248767522026,0.12151805939892582,20000,20000,20,,
walker2d-medium-replay-v2,2,ensemble,13,38,1,9.928745399280608,19.35684320367647,0.13687355091684367,20000,20000,20,,
walker2d-medium-replay-v2,2,ensemble,13,39,1,10.327024672386523,21.681175345681158,0.15330906111025736,20000,20000,20,,
walker2d-medium-replay-v2,2,ensemble,13,40,1,10.708455651493086,27.272811310118,0.19284789819405607,20000,20000,20,,
walker2d-medium-replay-v2,2,ensemble,13,41,1,11.001599849043616,33.18483389378116,0.2346522107884184,20000,20000,20,,
walker2d-medium-replay-v2,2,ensemble,13,42,1,11.251422206364625,31.010365659022348,0.2192763984456914,20000,20000,20,,
walker2d-medium-replay-v2,2,ensemble,13,43,1,11.64880898321979,38.089157201029934,0.2693310134652868,20000,20000,20,,
walker2d-medium-replay-v2,2,ensemble,13,44,1,11.867000082905394,30.611670536374966,0.21645719819719175,20000,20000,20,,
walker2d-medium-replay-v2,2,ensemble,13,45,1,12.248383383730953,36.44359935927506,0.25769516237789114,20000,20000,20,,
walker2d-medium-replay-v2,2,ensemble,13,46,1,12.672558247223803,44.131650593575635,0.31205789399672657,20000,20000,20,,
walker2d-medium-replay-v2,2,ensemble,13,47,1,12.979335526776197,52.53208619200072,0.37145794376239905,20000,20000,20,,
walker2d-medium-replay-v2,2,ensemble,13,48,1,13.38834644733121,59.526714002681736,0.42091743133048465,20000,20000,20,,
walker2d-medium-replay-v2,2,ensemble,13,49,1,13.818541144470236,68.49278277708915,0.48431711164016905,20000,20000,20,,
walker2d-medium-replay-v2,2,ensemble,13,50,1,14.118570095405518,72.90145593642929,0.5154911385102143,20000,20000,20,,
walker2d-medium-replay-v2,2,ensemble,13,51,1,14.50250366049506,85.15342789214024,0.6021256630381207,20000,20000,20,,
walker2d-medium-replay-v2,2,ensemble,13,52,1,14.96313129205565,98.97452889714499,0.6998556054791513,20000,20000,20,,
walker2d-medium-replay-v2,2,ensemble,13,53,1,15.642040471397262,128.5364870994709,0.9088902165793304,20000,20000,20,,
walker2d-medium-replay-v2,2,ensemble,13,54,1,16.56678293410122,158.8623934438407,1.1233267567966507,20000,20000,20,,
walker2d-medium-replay-v2,2,ensemble,13,55,1,17.182758963666092,144.2740489993691,1.0201715839669412,20000,20000,20,,
walker2d-medium-replay-v2,2,ensemble,13,56,1,18.09163810452036,176.21063239936117,1.2459973308675825,20000,20000,20,,
walker2d-medium-replay-v2,2,ensemble,13,57,1,18.84395705599353,186.48392921610764,1.3186405093102185,20000,20000,20,,
walker2d-medium-replay-v2,2,ensemble,13,58,1,20.413389042394645,264.11437574644816,1.8675706609916531,20000,20000,20,,
walker2d-medium-replay-v2,2,ensemble,13,59,1,22.506697421331683,364.971109273396,2.5807354630439474,20000,20000,20,,
walker2d-medium-replay-v2,2,ensemble,13,60,1,23.52731510003547,423.7425227256165,2.996312112963781,20000,20000,20,,
walker2d-medium-replay-v2,2,ensemble,13,61,1,23.69009508550947,345.0027693346948,2.4395379772470096,20000,20000,20,,
walker2d-medium-replay-v2,2,ensemble,13,62,1,25.483160292517166,405.5401988916075,2.8676022467999682,20000,20000,20,,
walker2d-medium-replay-v2,2,ensemble,13,63,1,26.74963760887748,414.2823669280855,2.929418709808627,20000,20000,20,,
walker2d-medium-replay-v2,2,ensemble,13,64,1,29.39081824418141,530.0696514169077,3.7481584501808487,20000,20000,20,,
walker2d-medium-replay-v2,2,ensemble,13,65,1,32.549847383729045,675.8043055379691,4.778658072009634,20000,20000,20,,
walker2d-medium-replay-v2,2,ensemble,13,66,1,36.871463811559806,870.6749642298176,6.156601714162587,20000,20000,20,,
walker2d-medium-replay-v2,2,ensemble,13,67,1,41.63763667075293,1110.3124934789676,7.851094933751223,20000,20000,20,,
walker2d-medium-replay-v2,2,ensemble,13,68,1,45.41599594577167,1325.2371813051511,9.370841975814185,20000,20000,20,,
walker2d-medium-replay-v2,2,ensemble,13,69,1,42.344405411167045,951.3507810350737,6.727065885570189,20000,20000,20,,
walker2d-medium-replay-v2,2,ensemble,13,70,1,44.373370982080566,934.0344315944601,6.604620804421652,20000,20000,20,,
walker2d-medium-replay-v2,2,ensemble,13,71,1,49.85674567913585,1181.598726380588,8.355164720651016,20000,20000,20,,
walker2d-medium-replay-v2,2,ensemble,13,72,1,57.26241875964672,1571.9687553363572,11.115497667117149,20000,20000,20,,
walker2d-medium-replay-v2,2,ensemble,13,73,1,65.46940399201537,2059.1325236226617,14.560265708153528,20000,20000,20,,
walker2d-medium-replay-v2,2,ensemble,13,74,1,73.45368579615635,2391.0643540498377,16.907378190020722,20000,20000,20,,
walker2d-medium-replay-v2,2,ensemble,13,75,1,69.89402453897894,1822.319463870119,12.885744503907949,20000,20000,20,,
walker2d-medium-replay-v2,2,ensemble,13,76,1,80.29568054943007,2393.5034138514343,16.924624947275007,20000,20000,20,,
walker2d-medium-replay-v2,2,ensemble,13,77,1,90.11777829034881,2977.371215074777,21.053193762890054,20000,20000,20,,
walker2d-medium-replay-v2,2,ensemble,13,78,1,95.8483898872723,3358.281503078969,23.746636239604904,20000,20000,20,,
walker2d-medium-replay-v2,2,ensemble,13,79,1,102.3939639627144,2943.143170870011,20.811164941250624,20000,20000,20,,
walker2d-medium-replay-v2,2,ensemble,13,80,1,114.915413967323,3709.626381160472,26.23101969787082,20000,20000,20,,
walker2d-medium-replay-v2,2,ensemble,13,81,1,134.9258739508249,4889.411606683068,34.5733610309781,20000,20000,20,,
walker2d-medium-replay-v2,2,ensemble,13,82,1,157.7425800137946,6418.331841331204,45.38445968910834,20000,20000,20,,
walker2d-medium-replay-v2,2,ensemble,13,83,1,179.13954903876845,8078.693894751263,57.12499236108978,20000,20000,20,,
walker2d-medium-replay-v2,2,ensemble,13,84,1,211.7316298233951,10434.601996518453,73.78377830720886,20000,20000,20,,
walker2d-medium-replay-v2,2,ensemble,13,85,1,243.75202886279166,12340.472869220124,87.2603204887416,20000,20000,20,,
walker2d-medium-replay-v2,2,ensemble,13,86,1,265.239485142156,12483.138636260283,88.26911980191437,20000,20000,20,,
walker2d-medium-replay-v2,2,ensemble,13,87,1,276.2986425652408,12334.179171862696,87.21581732793986,20000,20000,20,,
walker2d-medium-replay-v2,2,ensemble,13,88,1,335.60802322932386,17486.379515269953,123.64737533648918,20000,20000,20,,
walker2d-medium-replay-v2,2,ensemble,13,89,1,377.2199386817245,19533.497281342385,138.1226838792619,20000,20000,20,,
walker2d-medium-replay-v2,2,ensemble,13,90,1,398.32151005304246,21729.90191288348,153.65360997118438,20000,20000,20,,
walker2d-medium-replay-v2,2,ensemble,13,91,1,486.3160962988659,28766.647236124438,203.41091332664845,20000,20000,20,,
walker2d-medium-replay-v2,2,ensemble,13,92,1,576.4831098310755,37914.798999215294,268.0981147967006,20000,20000,20,,
walker2d-medium-replay-v2,2,ensemble,13,93,1,623.1544481242288,34548.871566981004,244.2974136735537,20000,20000,20,,
walker2d-medium-replay-v2,2,ensemble,13,94,1,865.7549135143412,54072.10640412186,382.3475311139511,20000,20000,20,,
walker2d-medium-replay-v2,2,ensemble,13,95,1,975.064478986999,57821.208753338324,408.8576880588849,20000,20000,20,,
walker2d-medium-replay-v2,2,ensemble,13,96,1,1256.400494919598,85929.85319481386,607.6158190041739,20000,20000,20,,
walker2d-medium-replay-v2,2,ensemble,13,97,1,1648.0584013179425,121007.74163336038,855.6539468501883,20000,20000,20,,
walker2d-medium-replay-v2,2,ensemble,13,98,1,1753.6810083167422,134066.88402760966,947.9960282847322,20000,20000,20,,
walker2d-medium-replay-v2,2,ensemble,13,99,1,2083.083237558763,183434.18573714787,1297.0755663616992,20000,20000,20,,
walker2d-medium-replay-v2,2,ensemble,13,100,1,2707.023567534724,250942.30265096022,1774.430038910609,20000,20000,20,,
walker2d-medium-replay-v2,2,ensemble,14,1,1,0.9837099159146219,1.981886103661446,0.014014051034383933,20000,20000,20,,
walker2d-medium-replay-v2,2,ensemble,14,2,1,1.3757082018000788,2.6709426623431756,0.018886416687033104,20000,20000,20,,
walker2d-medium-replay-v2,2,ensemble,14,3,1,1.7392507530979393,3.3309226609210385,0.023553180011452055,20000,20000,20,,
walker2d-medium-replay-v2,2,ensemble,14,4,1,1.989090061145867,3.8049552134950497,0.026905096335734572,20000,20000,20,,
walker2d-medium-replay-v2,2,ensemble,14,5,1,2.28987630991454,4.392979945054562,0.031063059087645877,20000,20000,20,,
walker2d-medium-replay-v2,2,ensemble,14,6,1,2.551575817384096,4.74691238575518,0.033565739376659,20000,20000,20,,
walker2d-medium-replay-v2,2,ensemble,14,7,1,2.8439456818585502,5.306284658537359,0.0375210986495791,20000,20000,20,,
walker2d-medium-replay-v2,2,ensemble,14,8,1,3.104205236572896,5.651773481680919,0.03996407354626881,20000,20000,20,,
walker2d-medium-replay-v2,2,ensemble,14,9,1,3.3997773664233173,6.202744841167452,0.0438600293915938,20000,20000,20,,
walker2d-medium-replay-v2,2,ensemble,14,10,1,3.6538389432359675,6.619617739910587,0.04680776592753543,20000,20000,20,,
walker2d-medium-replay-v2,2,ensemble,14,11,1,3.8836508261303613,7.075442087905364,0.05003093080250587,20000,20000,20,,
walker2d-medium-replay-v2,2,ensemble,14,12,1,4.078084781379062,7.168444184838412,0.05068855493656514,20000,20000,20,,
walker2d-medium-replay-v2,2,ensemble,14,13,1,4.327973210736281,7.623374974995848,0.053905401403473906,20000,20000,20,,
walker2d-medium-replay-v2,2,ensemble,14,14,1,4.547200071073703,7.972217637804707,0.056372091527867076,20000,20000,20,,
walker2d-medium-replay-v2,2,ensemble,14,15,1,4.735736559481558,8.224265646495502,0.05815434008916534,20000,20000,20,,
walker2d-medium-replay-v2,2,ensemble,14,16,1,4.9279193263172685,8.379825047352428,0.05925431116139784,20000,20000,20,,
walker2d-medium-replay-v2,2,ensemble,14,17,1,5.1425395639853635,8.728582694398106,0.061720400133564474,20000,20000,20,,
walker2d-medium-replay-v2,2,ensemble,14,18,1,5.3947177051941955,8.984579828216471,0.06353057322643733,20000,20000,20,,
walker2d-medium-replay-v2,2,ensemble,14,19,1,5.6340769306116165,9.411370886070522,0.06654844173802112,20000,20000,20,,
walker2d-medium-replay-v2,2,ensemble,14,20,1,5.846421915668285,9.818814289485765,0.06942950167306756,20000,20000,20,,
walker2d-medium-replay-v2,2,ensemble,14,21,1,6.081733644157868,10.321694770181411,0.07298540365332999,20000,20000,20,,
walker2d-medium-replay-v2,2,ensemble,14,22,1,6.248027607347757,10.796142384838634,0.07634025490974902,20000,20000,20,,
walker2d-medium-replay-v2,2,ensemble,14,23,1,6.381071207829303,10.908709193743805,0.0771362224488828,20000,20000,20,,
walker2d-medium-replay-v2,2,ensemble,14,24,1,6.547940966769918,10.967447260865304,0.07755156330463682,20000,20000,20,,
walker2d-medium-replay-v2,2,ensemble,14,25,1,6.735982777923903,11.071661672779644,0.07828847047825681,20000,20000,20,,
walker2d-medium-replay-v2,2,ensemble,14,26,1,6.963535425680061,11.477910586317101,0.08116108409437683,20000,20000,20,,
walker2d-medium-replay-v2,2,ensemble,14,27,1,7.192021800766842,12.43341609917091,0.08791752837037742,20000,20000,20,,
walker2d-medium-replay-v2,2,ensemble,14,28,1,7.386370029194343,11.960261397670173,0.08457181939056274,20000,20000,20,,
walker2d-medium-replay-v2,2,ensemble,14,29,1,7.558222519861089,12.880939438588525,0.09108199625079186,20000,20000,20,,
walker2d-medium-replay-v2,2,ensemble,14,30,1,7.80451817975201,13.717155348857913,0.09699493565766752,20000,20000,20,,
walker2d-medium-replay-v2,2,ensemble,14,31,1,8.081002128386567,16.224439424019433,0.11472411137674504,20000,20000,20,,
walker2d-medium-replay-v2,2,ensemble,14,32,1,8.349314858524957,18.243994139798943,0.12900451972179466,20000,20000,20,,
walker2d-medium-replay-v2,2,ensemble,14,33,1,8.615371248344424,22.086437144586952,0.1561746947718788,20000,20000,20,,
walker2d-medium-replay-v2,2,ensemble,14,34,1,8.909957624147154,27.389105237015173,0.1936702204372541,20000,20000,20,,
walker2d-medium-replay-v2,2,ensemble,14,35,1,9.113003708322243,26.776135586427888,0.18933587047133593,20000,20000,20,,
walker2d-medium-replay-v2,2,ensemble,14,36,1,9.443694759477491,28.684757480485075,0.2028318653114254,20000,20000,20,,
walker2d-medium-replay-v2,2,ensemble,14,37,1,9.775568629506063,38.174836798378756,0.26993685970823367,20000,20000,20,,
walker2d-medium-replay-v2,2,ensemble,14,38,1,10.070930232990868,32.412428529335436,0.22919048007817402,20000,20000,20,,
walker2d-medium-replay-v2,2,ensemble,14,39,1,10.386257054443977,41.67803989585482,0.29470824636922416,20000,20000,20,,
walker2d-medium-replay-v2,2,ensemble,14,40,1,10.5272232395375,35.54820809063306,0.2513637899991713,20000,20000,20,,
walker2d-medium-replay-v2,2,ensemble,14,41,1,10.89376043921907,43.05827218763813,0.3044679625005504,20000,20000,20,,
walker2d-medium-replay-v2,2,ensemble,14,42,1,11.31812103767999,58.38043422123941,0.41281200926453565,20000,20000,20,,
walker2d-medium-replay-v2,2,ensemble,14,43,1,11.882628361514746,86.56768253471358,0.6121259535190022,20000,20000,20,,
walker2d-medium-replay-v2,2,ensemble,14,44,1,12.425261888463451,113.25189479206972,0.8008118278969795,20000,20000,20,,
walker2d-medium-replay-v2,2,ensemble,14,45,1,13.05349128987345,149.00636148025092,1.053634086426194,20000,20000,20,,
walker2d-medium-replay-v2,2,ensemble,14,46,1,13.842142110143602,201.6232320737092,1.4256915464406879,20000,20000,20,,
walker2d-medium-replay-v2,2,ensemble,14,47,1,14.678939442691355,258.1595639849144,1.825463783218954,20000,20000,20,,
walker2d-medium-replay-v2,2,ensemble,14,48,1,15.260567925404676,279.86463671427504,1.9789418243497348,20000,20000,20,,
walker2d-medium-replay-v2,2,ensemble,14,49,1,15.901094107039986,306.0078908598687,2.163802547236061,20000,20000,20,,
walker2d-medium-replay-v2,2,ensemble,14,50,1,16.94204303143657,392.03711743148347,2.772121042126288,20000,20000,20,,
walker2d-medium-replay-v2,2,ensemble,14,51,1,16.290342208250532,255.32935856821987,1.8054512087959977,20000,20000,20,,
walker2d-medium-replay-v2,2,ensemble,14,52,1,17.398614636551443,361.51266537274597,2.5562805716989185,20000,20000,20,,
walker2d-medium-replay-v2,2,ensemble,14,53,1,18.465778078350255,420.8196046871555,2.9756439613052987,20000,20000,20,,
walker2d-medium-replay-v2,2,ensemble,14,54,1,18.49186353087676,319.79872089612735,2.261318441604357,20000,20000,20,,
walker2d-medium-replay-v2,2,ensemble,14,55,1,19.43235244430399,353.29787510956487,2.4981932326877128,20000,20000,20,,
walker2d-medium-replay-v2,2,ensemble,14,56,1,20.738175830182207,427.757025769201,3.024698936215908,20000,20000,20,,
walker2d-medium-replay-v2,2,ensemble,14,57,1,22.54031633224932,521.954970133881,3.6907789885568913,20000,20000,20,,
walker2d-medium-replay-v2,2,ensemble,14,58,1,24.0781762623738,588.3197164465802,4.160048610051236,20000,20000,20,,
walker2d-medium-replay-v2,2,ensemble,14,59,1,28.032245784027186,933.7406856512297,6.602543706937609,20000,20000,20,,
walker2d-medium-replay-v2,2,ensemble,14,60,1,26.745812231590673,647.9375189788893,4.5816101345516,20000,20000,20,,
walker2d-medium-replay-v2,2,ensemble,14,61,1,27.941234665508404,674.7066701385163,4.7708966176673995,20000,20000,20,,
walker2d-medium-replay-v2,2,ensemble,14,62,1,33.36306591816478,1098.0001411623475,7.764033455596823,20000,20000,20,,
walker2d-medium-replay-v2,2,ensemble,14,63,1,35.47193996161583,1112.2387984305738,7.864715966690362,20000,20000,20,,
walker2d-medium-replay-v2,2,ensemble,14,64,1,37.91625011835983,1169.4049095098173,8.268941414672328,20000,20000,20,,
walker2d-medium-replay-v2,2,ensemble,14,65,1,42.642068093077306,1461.5090886450928,10.33442987346716,20000,20000,20,,
walker2d-medium-replay-v2,2,ensemble,14,66,1,47.80835219810207,1847.6603694775056,13.06493176587186,20000,20000,20,,
walker2d-medium-replay-v2,2,ensemble,14,67,1,59.31822499518979,2691.506977567656,19.031828354489985,20000,20000,20,,
walker2d-medium-replay-v2,2,ensemble,14,68,1,70.76709423570614,3497.3069578985605,24.729694658209674,20000,20000,20,,
walker2d-medium-replay-v2,2,ensemble,14,69,1,77.06539820224495,3876.291143039352,27.40951753096479,20000,20000,20,,
walker2d-medium-replay-v2,2,ensemble,14,70,1,61.76594506134965,2281.5656651716927,16.133105535652998,20000,20000,20,,
walker2d-medium-replay-v2,2,ensemble,14,71,1,74.52407618058199,3212.6133503049477,22.71660685331062,20000,20000,20,,
walker2d-medium-replay-v2,2,ensemble,14,72,1,89.93312021770848,4257.275216757088,30.103481751463658,20000,20000,20,,
walker2d-medium-replay-v2,2,ensemble,14,73,1,95.83227037785463,4821.392417190461,34.09239272956775,20000,20000,20,,
walker2d-medium-replay-v2,2,ensemble,14,74,1,99.18051675418057,4536.407522098327,32.077245211013896,20000,20000,20,,
walker2d-medium-replay-v2,2,ensemble,14,75,1,112.45643622022104,5140.276720438132,36.3472452619715,20000,20000,20,,
walker2d-medium-replay-v2,2,ensemble,14,76,1,128.40713125122443,5978.372407254361,42.27347669628103,20000,20000,20,,
walker2d-medium-replay-v2,2,ensemble,14,77,1,133.74992497649708,6354.135883378523,44.930525717177275,20000,20000,20,,
walker2d-medium-replay-v2,2,ensemble,14,78,1,153.705551299293,7318.533473612134,51.74984647531878,20000,20000,20,,
walker2d-medium-replay-v2,2,ensemble,14,79,1,158.82272090966717,7258.445328292788,51.32495912507646,20000,20000,20,,
walker2d-medium-replay-v2,2,ensemble,14,80,1,204.0046254108381,10567.516089770326,74.72362287374546,20000,20000,20,,
walker2d-medium-replay-v2,2,ensemble,14,81,1,237.2613297866027,12869.489992816129,91.00103644332697,20000,20000,20,,
walker2d-medium-replay-v2,2,ensemble,14,82,1,238.01793492305092,11683.94101376365,82.61793921815901,20000,20000,20,,
walker2d-medium-replay-v2,2,ensemble,14,83,1,275.14788307558814,15268.278411921048,107.96303202113543,20000,20000,20,,
walker2d-medium-replay-v2,2,ensemble,14,84,1,311.4597580043445,18167.20925326687,128.46156858219996,20000,20000,20,,
walker2d-medium-replay-v2,2,ensemble,14,85,1,374.65898197032783,26140.51944475369,184.84138563124137,20000,20000,20,,
walker2d-medium-replay-v2,2,ensemble,14,86,1,502.1697712658476,38305.85053913905,270.8632667534359,20000,20000,20,,
walker2d-medium-replay-v2,2,ensemble,14,87,1,488.91644764133207,35349.682492363536,249.9600020314163,20000,20000,20,,
walker2d-medium-replay-v2,2,ensemble,14,88,1,541.6299519718826,41608.938367708266,294.2196247777963,20000,20000,20,,
walker2d-medium-replay-v2,2,ensemble,14,89,1,544.8726257350074,42511.734814457246,300.6033596730695,20000,20000,20,,
walker2d-medium-replay-v2,2,ensemble,14,90,1,653.7603214256981,51261.773527912344,362.47547677235866,20000,20000,20,,
walker2d-medium-replay-v2,2,ensemble,14,91,1,875.4814429648712,72245.99713060078,510.85634484631663,20000,20000,20,,
walker2d-medium-replay-v2,2,ensemble,14,92,1,975.0902315737147,89651.61423651433,633.9326437095971,20000,20000,20,,
walker2d-medium-replay-v2,2,ensemble,14,93,1,1010.4816657907866,83784.37600230711,592.445004287148,20000,20000,20,,
walker2d-medium-replay-v2,2,ensemble,14,94,1,850.2174034700531,53396.0252317361,377.5669152976859,20000,20000,20,,
walker2d-medium-replay-v2,2,ensemble,14,95,1,1017.1106458187917,72854.26541803153,515.1574511545467,20000,20000,20,,
walker2d-medium-replay-v2,2,ensemble,14,96,1,957.4764729246248,56580.64728015928,400.08559375724815,20000,20000,20,,
walker2d-medium-replay-v2,2,ensemble,14,97,1,1266.1859179838225,86782.27294884653,613.6433368891126,20000,20000,20,,
walker2d-medium-replay-v2,2,ensemble,14,98,1,1666.3941841636006,117806.59606137894,833.0184294350546,20000,20000,20,,
walker2d-medium-replay-v2,2,ensemble,14,99,1,1369.703648809339,81364.3933626662,575.3331429387099,20000,20000,20,,
walker2d-medium-replay-v2,2,ensemble,14,100,1,1183.5669652602376,58451.66239878219,413.31566853805623,20000,20000,20,,
walker2d-medium-replay-v2,2,ensemble,15,1,1,0.9783617586427042,1.9402558702038335,0.013719680830581364,20000,20000,20,,
walker2d-medium-replay-v2,2,ensemble,15,2,1,1.377614777462479,2.6781032075049698,0.018937049387442076,20000,20000,20,,
walker2d-medium-replay-v2,2,ensemble,15,3,1,1.714346858004593,3.322961290245626,0.023496884619530815,20000,20000,20,,
walker2d-medium-replay-v2,2,ensemble,15,4,1,1.999986006368613,3.7538957772973296,0.026544051599944874,20000,20000,20,,
walker2d-medium-replay-v2,2,ensemble,15,5,1,2.269417197004922,4.1910461411961855,0.029635171467055355,20000,20000,20,,
walker2d-medium-replay-v2,2,ensemble,15,6,1,2.5192425092020514,4.6285609233960185,0.032728868160683926,20000,20000,20,,
walker2d-medium-replay-v2,2,ensemble,15,7,1,2.7918270728860017,5.278777468920835,0.037326593446486825,20000,20000,20,,
walker2d-medium-replay-v2,2,ensemble,15,8,1,3.089801403925481,5.804645876142507,0.04104504461406895,20000,20000,20,,
walker2d-medium-replay-v2,2,ensemble,15,9,1,3.338321310461707,6.041068870574648,0.04271680763998291,20000,20000,20,,
walker2d-medium-replay-v2,2,ensemble,15,10,1,3.605194374045232,6.414085132103947,0.04535443092018514,20000,20000,20,,
walker2d-medium-replay-v2,2,ensemble,15,11,1,3.8692534318406486,6.979866858651006,0.04935511187531371,20000,20000,20,,
walker2d-medium-replay-v2,2,ensemble,15,12,1,4.077252280700248,7.304843284713601,0.051653042221260013,20000,20000,20,,
walker2d-medium-replay-v2,2,ensemble,15,13,1,4.300228672605289,7.674703952890249,0.05426835208687897,20000,20000,20,,
walker2d-medium-replay-v2,2,ensemble,15,14,1,4.49825675886812,8.095665880389921,0.057245002422442744,20000,20000,20,,
walker2d-medium-replay-v2,2,ensemble,15,15,1,4.72092028562967,8.391572756519308,0.05933738000955091,20000,20000,20,,
walker2d-medium-replay-v2,2,ensemble,15,16,1,4.93090135342756,8.594883877985119,0.060775006736342084,20000,20000,20,,
walker2d-medium-replay-v2,2,ensemble,15,17,1,5.128420739496486,8.963045484256988,0.06337830242001578,20000,20000,20,,
walker2d-medium-replay-v2,2,ensemble,15,18,1,5.388339472238694,9.291496484327972,0.06570080171439274,20000,20000,20,,
walker2d-medium-replay-v2,2,ensemble,15,19,1,5.617028572058754,9.636839327113604,0.06814274437407235,20000,20000,20,,
walker2d-medium-replay-v2,2,ensemble,15,20,1,5.781743079681579,9.882430669204075,0.06987933740800112,20000,20000,20,,
walker2d-medium-replay-v2,2,ensemble,15,21,1,5.9756354742976034,10.171791793797347,0.0719254295421178,20000,20000,20,,
walker2d-medium-replay-v2,2,ensemble,15,22,1,6.177183853763985,10.370652529837624,0.07333158729177608,20000,20000,20,,
walker2d-medium-replay-v2,2,ensemble,15,23,1,6.411399579412813,10.814348883866966,0.07646899429899504,20000,20000,20,,
walker2d-medium-replay-v2,2,ensemble,15,24,1,6.613272103722117,11.076430634298342,0.0783221921285477,20000,20000,20,,
walker2d-medium-replay-v2,2,ensemble,15,25,1,6.8057615117206325,11.062033304101357,0.07822038763041499,20000,20000,20,,
walker2d-medium-replay-v2,2,ensemble,15,26,1,7.00512445546105,11.478667722420951,0.08116643785510998,20000,20000,20,,
walker2d-medium-replay-v2,2,ensemble,15,27,1,7.19096629416396,11.564694142055973,0.08177473650196121,20000,20000,20,,
walker2d-medium-replay-v2,2,ensemble,15,28,1,7.379089721641791,11.712356963874964,0.0828188703283347,20000,20000,20,,
walker2d-medium-replay-v2,2,ensemble,15,29,1,7.603857171386267,12.048953531261018,0.08519896748156264,20000,20000,20,,
walker2d-medium-replay-v2,2,ensemble,15,30,1,7.804758615362792,12.498148474047422,0.08837525538275233,20000,20000,20,,
walker2d-medium-replay-v2,2,ensemble,15,31,1,8.034059103446875,12.82468948423197,0.09068424900912232,20000,20000,20,,
walker2d-medium-replay-v2,2,ensemble,15,32,1,8.24095685148521,13.278710114789746,0.09389465967578228,20000,20000,20,,
walker2d-medium-replay-v2,2,ensemble,15,33,1,8.520293657920632,13.572359523882374,0.09597107456039049,20000,20000,20,,
walker2d-medium-replay-v2,2,ensemble,15,34,1,8.816267936721161,14.467361510068764,0.10229969429646874,20000,20000,20,,
walker2d-medium-replay-v2,2,ensemble,15,35,1,9.02733715041449,15.572656188901087,0.11011530792258616,20000,20000,20,,
walker2d-medium-replay-v2,2,ensemble,15,36,1,9.264089994003168,16.733691133312103,0.11832506474646191,20000,20000,20,,
walker2d-medium-replay-v2,2,ensemble,15,37,1,9.527898106680889,18.81439137859612,0.13303783727703034,20000,20000,20,,
walker2d-medium-replay-v2,2,ensemble,15,38,1,9.767743355264217,21.21224407924564,0.14999321632618784,20000,20000,20,,
walker2d-medium-replay-v2,2,ensemble,15,39,1,10.073340995501795,23.768667442310086,0.16806985928225374,20000,20000,20,,
walker2d-medium-replay-v2,2,ensemble,15,40,1,10.335906619309503,29.576265618540802,0.2091357798104474,20000,20000,20,,
walker2d-medium-replay-v2,2,ensemble,15,41,1,10.629166929210536,26.715890599430193,0.18890987408295026,20000,20000,20,,
walker2d-medium-replay-v2,2,ensemble,15,42,1,10.872928326674797,27.056229179782033,0.19131643126361214,20000,20000,20,,
walker2d-medium-replay-v2,2,ensemble,15,43,1,11.157654746765227,26.47961799964075,0.18723917450775338,20000,20000,20,,
walker2d-medium-replay-v2,2,ensemble,15,44,1,11.56130037383043,31.573718965226963,0.22325990787590286,20000,20000,20,,
walker2d-medium-replay-v2,2,ensemble,15,45,1,12.072917006766653,41.527264637228285,0.2936421042911243,20000,20000,20,,
walker2d-medium-replay-v2,2,ensemble,15,46,1,12.357148630666211,38.509939451016166,0.27230639328896883,20000,20000,20,,
walker2d-medium-replay-v2,2,ensemble,15,47,1,12.724453061298455,45.619357610719504,0.322577571199139,20000,20000,20,,
walker2d-medium-replay-v2,2,ensemble,15,48,1,13.29113686994753,58.876580474033645,0.4163202930626466,20000,20000,20,,
walker2d-medium-replay-v2,2,ensemble,15,49,1,13.709957386357209,62.81179691677393,0.4441464753836312,20000,20000,20,,
walker2d-medium-replay-v2,2,ensemble,15,50,1,14.123940828093613,72.32440192585874,0.5114107504703611,20000,20000,20,,
walker2d-medium-replay-v2,2,ensemble,15,51,1,14.60857519946389,73.60112311011977,0.520438532541116,20000,20000,20,,
walker2d-medium-replay-v2,2,ensemble,15,52,1,15.030785725641934,75.51269392298592,0.5339553793860754,20000,20000,20,,
walker2d-medium-replay-v2,2,ensemble,15,53,1,15.827560383092994,102.19233829938636,0.7226089539680584,20000,20000,20,,
walker2d-medium-replay-v2,2,ensemble,15,54,1,16.75902814056874,138.1637723335708,0.9769654033138221,20000,20000,20,,
walker2d-medium-replay-v2,2,ensemble,15,55,1,17.63971215591159,175.94014840097066,1.2440847201729386,20000,20000,20,,
walker2d-medium-replay-v2,2,ensemble,15,56,1,18.133836961559187,152.87976846596698,1.0810232098851456,20000,20000,20,,
walker2d-medium-replay-v2,2,ensemble,15,57,1,19.497390891540217,230.25818529830693,1.6281712424814143,20000,20000,20,,
walker2d-medium-replay-v2,2,ensemble,15,58,1,20.77332156619553,273.52499670967575,1.934113799974398,20000,20000,20,,
walker2d-medium-replay-v2,2,ensemble,15,59,1,21.766842035760195,299.3198705514652,2.1165111021082064,20000,20000,20,,
walker2d-medium-replay-v2,2,ensemble,15,60,1,24.061434220811428,418.75759154651035,2.9610633265588393,20000,20000,20,,
walker2d-medium-replay-v2,2,ensemble,15,61,1,26.488275114248953,515.4933575211043,3.6450884875979415,20000,20000,20,,
walker2d-medium-replay-v2,2,ensemble,15,62,1,28.747901588573605,633.624806236138,4.480403972175854,20000,20000,20,,
walker2d-medium-replay-v2,2,ensemble,15,63,1,31.14742977771121,834.6453178202008,5.901833641162652,20000,20000,20,,
walker2d-medium-replay-v2,2,ensemble,15,64,1,29.195186918048712,528.027798110486,3.7337203669892585,20000,20000,20,,
walker2d-medium-replay-v2,2,ensemble,15,65,1,33.03034974107073,750.3628649210639,5.305866701362496,20000,20000,20,,
walker2d-medium-replay-v2,2,ensemble,15,66,1,36.27807170826948,942.475381663147,6.664307334753907,20000,20000,20,,
walker2d-medium-replay-v2,2,ensemble,15,67,1,39.14452293718589,1286.0367367626575,9.09365297419894,20000,20000,20,,
walker2d-medium-replay-v2,2,ensemble,15,68,1,41.3405173626992,1323.1275662115218,9.355924744430196,20000,20000,20,,
walker2d-medium-replay-v2,2,ensemble,15,69,1,41.826097370602376,945.6312559982503,6.686622736183148,20000,20000,20,,
walker2d-medium-replay-v2,2,ensemble,15,70,1,49.10231275893839,1358.9009090485076,9.608880477487636,20000,20000,20,,
walker2d-medium-replay-v2,2,ensemble,15,71,1,56.11587278056792,1796.6193906801516,12.704017543611782,20000,20000,20,,
walker2d-medium-replay-v2,2,ensemble,15,72,1,59.3827496214599,1930.7584918271666,13.652524224045008,20000,20000,20,,
walker2d-medium-replay-v2,2,ensemble,15,73,1,60.05233726468589,1734.513897236878,12.264865387985028,20000,20000,20,,
walker2d-medium-replay-v2,2,ensemble,15,74,1,58.22597807147411,1348.0505545144963,9.53215688479486,20000,20000,20,,
walker2d-medium-replay-v2,2,ensemble,15,75,1,64.78372389928221,1469.863453009116,10.393504150410202,20000,20000,20,,
walker2d-medium-replay-v2,2,ensemble,15,76,1,68.4457875741301,1716.334592969294,12.136318294736405,20000,20000,20,,
walker2d-medium-replay-v2,2,ensemble,15,77,1,82.60823063057018,2573.564416365067,18.19784850632138,20000,20000,20,,
walker2d-medium-replay-v2,2,ensemble,15,78,1,91.61238172964794,2803.2950548945932,19.822289429826817,20000,20000,20,,
walker2d-medium-replay-v2,2,ensemble,15,79,1,100.21999314262658,3265.272518415309,23.08896340193541,20000,20000,20,,
walker2d-medium-replay-v2,2,ensemble,15,80,1,116.53010974518075,4464.383033980817,31.56795517142009,20000,20000,20,,
walker2d-medium-replay-v2,2,ensemble,15,81,1,132.62052740277034,5004.899822331631,35.38998603530043,20000,20000,20,,
walker2d-medium-replay-v2,2,ensemble,15,82,1,135.23884097152472,4974.397690998462,35.174303396237164,20000,20000,20,,
walker2d-medium-replay-v2,2,ensemble,15,83,1,162.0197714242139,7094.483643070325,50.16557493032069,20000,20000,20,,
walker2d-medium-replay-v2,2,ensemble,15,84,1,186.4723055905544,8282.296228683157,58.56467827097629,20000,20000,20,,
walker2d-medium-replay-v2,2,ensemble,15,85,1,240.03603263004948,13164.628620682113,93.08798169486828,20000,20000,20,,
walker2d-medium-replay-v2,2,ensemble,15,86,1,214.90541819444354,9175.491506667826,64.88052265084391,20000,20000,20,,
walker2d-medium-replay-v2,2,ensemble,15,87,1,238.82575160618737,10442.242229362455,73.83780291174723,20000,20000,20,,
walker2d-medium-replay-v2,2,ensemble,15,88,1,283.72167370653364,14627.928494952093,103.43507433492553,20000,20000,20,,
walker2d-medium-replay-v2,2,ensemble,15,89,1,273.19909702441333,9835.321629780248,69.5462261956834,20000,20000,20,,
walker2d-medium-replay-v2,2,ensemble,15,90,1,316.7873646920181,12815.206667655417,90.61719537006203,20000,20000,20,,
walker2d-medium-replay-v2,2,ensemble,15,91,1,312.02279810615715,10446.258766417854,73.86620411763482,20000,20000,20,,
walker2d-medium-replay-v2,2,ensemble,15,92,1,386.7281575157078,15593.033522175812,110.25939742799672,20000,20000,20,,
walker2d-medium-replay-v2,2,ensemble,15,93,1,469.5135649250783,22692.52763260923,160.46040171281098,20000,20000,20,,
walker2d-medium-replay-v2,2,ensemble,15,94,1,540.0801536707572,25935.806753782403,183.39384831143394,20000,20000,20,,
walker2d-medium-replay-v2,2,ensemble,15,95,1,667.1617456580092,33884.78794177167,239.601633326949,20000,20000,20,,
walker2d-medium-replay-v2,2,ensemble,15,96,1,830.8119337992774,49338.211518834294,348.87383936583956,20000,20000,20,,
walker2d-medium-replay-v2,2,ensemble,15,97,1,843.7872904231918,40824.04091656139,288.66956167537637,20000,20000,20,,
walker2d-medium-replay-v2,2,ensemble,15,98,1,860.9204663964844,39140.7072532085,276.76659519181214,20000,20000,20,,
walker2d-medium-replay-v2,2,ensemble,15,99,1,938.8951542919923,42866.543005987995,303.1122324555888,20000,20000,20,,
walker2d-medium-replay-v2,2,ensemble,15,100,1,971.6092997409927,41925.07010980538,296.4550137636482,20000,20000,20,,
walker2d-medium-replay-v2,2,ensemble,16,1,1,0.9619539670698063,1.9184346754475288,0.01356538168272361,20000,20000,20,,
walker2d-medium-replay-v2,2,ensemble,16,2,1,1.3689067538808144,2.60896182218124,0.018448145963211662,20000,20000,20,,
walker2d-medium-replay-v2,2,ensemble,16,3,1,1.7083976051434135,3.292182247302207,0.02327924391969358,20000,20000,20,,
walker2d-medium-replay-v2,2,ensemble,16,4,1,1.9896040829433204,3.7424459005356008,0.026463088744925187,20000,20000,20,,
walker2d-medium-replay-v2,2,ensemble,16,5,1,2.275033828553633,4.261830150632208,0.030135689997773194,20000,20000,20,,
walker2d-medium-replay-v2,2,ensemble,16,6,1,2.535882388614873,4.665257443522122,0.032988351742955085,20000,20000,20,,
walker2d-medium-replay-v2,2,ensemble,16,7,1,2.830889408455195,5.137494493361478,0.036327571945644475,20000,20000,20,,
walker2d-medium-replay-v2,2,ensemble,16,8,1,3.142340996136298,5.690065202183675,0.0402348368985768,20000,20000,20,,
walker2d-medium-replay-v2,2,ensemble,16,9,1,3.3950892670516617,6.116567802988873,0.043250665710807344,20000,20000,20,,
walker2d-medium-replay-v2,2,ensemble,16,10,1,3.6337006216725705,6.555834610504179,0.046356751094249735,20000,20000,20,,
walker2d-medium-replay-v2,2,ensemble,16,11,1,3.9001721697501264,6.990162969606925,0.04942791637408151,20000,20000,20,,
walker2d-medium-replay-v2,2,ensemble,16,12,1,4.103753151819267,7.3049287892592405,0.05165364682970045,20000,20000,20,,
walker2d-medium-replay-v2,2,ensemble,16,13,1,4.322523801095198,7.570354587062154,0.053530490644983345,20000,20000,20,,
walker2d-medium-replay-v2,2,ensemble,16,14,1,4.561638485021223,7.958059135395576,0.05627197579721765,20000,20000,20,,
walker2d-medium-replay-v2,2,ensemble,16,15,1,4.793724668217396,8.375274327056037,0.05922213270958922,20000,20000,20,,
walker2d-medium-replay-v2,2,ensemble,16,16,1,4.969893171990389,8.711281062053068,0.06159805911799674,20000,20000,20,,
walker2d-medium-replay-v2,2,ensemble,16,17,1,5.178850596586457,9.029879051818591,0.06385088710835278,20000,20000,20,,
walker2d-medium-replay-v2,2,ensemble,16,18,1,5.38996899649129,9.2679135490189,0.06553404517961946,20000,20000,20,,
walker2d-medium-replay-v2,2,ensemble,16,19,1,5.574622288125024,9.54764465319358,0.06751204278632662,20000,20000,20,,
walker2d-medium-replay-v2,2,ensemble,16,20,1,5.709747749250225,9.706021908807262,0.06863193910062813,20000,20000,20,,
walker2d-medium-replay-v2,2,ensemble,16,21,1,5.994549930134742,10.046406498700916,0.07103882161788018,20000,20000,20,,
walker2d-medium-replay-v2,2,ensemble,16,22,1,6.169158117263667,10.268865448293836,0.07261184393580808,20000,20000,20,,
walker2d-medium-replay-v2,2,ensemble,16,23,1,6.326894336587967,10.581911217387322,0.07482541179728569,20000,20000,20,,
walker2d-medium-replay-v2,2,ensemble,16,24,1,6.552766593661548,10.9976999933148,0.07776548242728143,20000,20000,20,,
walker2d-medium-replay-v2,2,ensemble,16,25,1,6.7551866351632865,11.130871425200784,0.07870714665275044,20000,20000,20,,
walker2d-medium-replay-v2,2,ensemble,16,26,1,6.949457804967094,11.292635119952255,0.07985098870783601,20000,20000,20,,
walker2d-medium-replay-v2,2,ensemble,16,27,1,7.188233977696806,11.76283455865368,0.08317580082399487,20000,20000,20,,
walker2d-medium-replay-v2,2,ensemble,16,28,1,7.418871682867171,12.179150211764814,0.08611959703828476,20000,20000,20,,
walker2d-medium-replay-v2,2,ensemble,16,29,1,7.661781211777555,12.273657580426152,0.08678786505081004,20000,20000,20,,
walker2d-medium-replay-v2,2,ensemble,16,30,1,7.879979851594949,12.648176132442902,0.08943611112892216,20000,20000,20,,
walker2d-medium-replay-v2,2,ensemble,16,31,1,8.118097413632132,13.023951375276129,0.09209324335301612,20000,20000,20,,
walker2d-medium-replay-v2,2,ensemble,16,32,1,8.349363355419332,13.595448001508984,0.09613433475136098,20000,20000,20,,
walker2d-medium-replay-v2,2,ensemble,16,33,1,8.58530677061808,14.348974427368958,0.10146257120664948,20000,20000,20,,
walker2d-medium-replay-v2,2,ensemble,16,34,1,8.867069796592604,15.380886570428569,0.1087592919461114,20000,20000,20,,
walker2d-medium-replay-v2,2,ensemble,16,35,1,9.138489314510668,16.21413973253005,0.11465128155978233,20000,20000,20,,
walker2d-medium-replay-v2,2,ensemble,16,36,1,9.309347628599864,16.681955973518292,0.11795924192330218,20000,20000,20,,
walker2d-medium-replay-v2,2,ensemble,16,37,1,9.60493004608202,17.24096804835341,0.1219120542121129,20000,20000,20,,
walker2d-medium-replay-v2,2,ensemble,16,38,1,9.902808934616699,18.543762977132875,0.13112420549846696,20000,20000,20,,
walker2d-medium-replay-v2,2,ensemble,16,39,1,10.16681731503739,20.57699338974106,0.14550131562316665,20000,20000,20,,
walker2d-medium-replay-v2,2,ensemble,16,40,1,10.435606267315695,22.866568812439365,0.16169105869744693,20000,20000,20,,
walker2d-medium-replay-v2,2,ensemble,16,41,1,10.674363499682652,22.569767750627868,0.15959235826274415,20000,20000,20,,
walker2d-medium-replay-v2,2,ensemble,16,42,1,10.983234223596524,23.751282304469882,0.16794692779366702,20000,20000,20,,
walker2d-medium-replay-v2,2,ensemble,16,43,1,11.246513378029581,24.120331122765084,0.17055649701372122,20000,20000,20,,
walker2d-medium-replay-v2,2,ensemble,16,44,1,11.5745310842967,28.057614318636794,0.1983972934862485,20000,20000,20,,
walker2d-medium-replay-v2,2,ensemble,16,45,1,11.834138428919568,30.967974305602286,0.2189766463110214,20000,20000,20,,
walker2d-medium-replay-v2,2,ensemble,16,46,1,12.198079144187467,33.082413976265336,0.23392799260637834,20000,20000,20,,
walker2d-medium-replay-v2,2,ensemble,16,47,1,12.623343538845404,38.967365317501645,0.275540882609789,20000,20000,20,,
walker2d-medium-replay-v2,2,ensemble,16,48,1,13.252733044056455,46.83076377506265,0.3311435063349212,20000,20000,20,,
walker2d-medium-replay-v2,2,ensemble,16,49,1,13.655882545621155,51.23689719067409,0.36229957450483613,20000,20000,20,,
walker2d-medium-replay-v2,2,ensemble,16,50,1,14.194330383421946,58.676804873731,0.4149076662457505,20000,20000,20,,
walker2d-medium-replay-v2,2,ensemble,16,51,1,14.69385594818616,69.49016027197328,0.49136963554052326,20000,20000,20,,
walker2d-medium-replay-v2,2,ensemble,16,52,1,15.341917140869882,83.00784918898705,0.5869541305324301,20000,20000,20,,
walker2d-medium-replay-v2,2,ensemble,16,53,1,16.102585029439588,98.8198853008937,0.6987621101233876,20000,20000,20,,
walker2d-medium-replay-v2,2,ensemble,16,54,1,16.960687452360375,125.67441273116054,0.888652294638406,20000,20000,20,,
walker2d-medium-replay-v2,2,ensemble,16,55,1,17.83359929599824,150.84455448135424,1.066632073788292,20000,20000,20,,
walker2d-medium-replay-v2,2,ensemble,16,56,1,18.90096493474477,193.15291171452938,1.3657973367927025,20000,20000,20,,
walker2d-medium-replay-v2,2,ensemble,16,57,1,19.262310770922156,170.02056659552292,1.2022269558087326,20000,20000,20,,
walker2d-medium-replay-v2,2,ensemble,16,58,1,20.06180219497698,195.11560940446665,1.3796757052524407,20000,20000,20,,
walker2d-medium-replay-v2,2,ensemble,16,59,1,21.392058064389836,246.23738043629044,1.7411612148811266,20000,20000,20,,
walker2d-medium-replay-v2,2,ensemble,16,60,1,22.73598166958207,278.90729497401054,1.9721723959851953,20000,20000,20,,
walker2d-medium-replay-v2,2,ensemble,16,61,1,24.67676246199315,349.43820114435846,2.4709012163480466,20000,20000,20,,
walker2d-medium-replay-v2,2,ensemble,16,62,1,26.44979675970564,446.32639908441325,3.156004234151619,20000,20000,20,,
walker2d-medium-replay-v2,2,ensemble,16,63,1,29.003125777217026,593.6430365582557,4.197690167545161,20000,20000,20,,
walker2d-medium-replay-v2,2,ensemble,16,64,1,30.60378635562475,587.5316376323138,4.1544760513144645,20000,20000,20,,
walker2d-medium-replay-v2,2,ensemble,16,65,1,33.03967768456938,649.4528335191967,4.592325026422419,20000,20000,20,,
walker2d-medium-replay-v2,2,ensemble,16,66,1,35.218122856714835,694.6324423885518,4.9117931044511876,20000,20000,20,,
walker2d-medium-replay-v2,2,ensemble,16,67,1,38.17952165903891,836.4629234525584,5.91468605384428,20000,20000,20,,
walker2d-medium-replay-v2,2,ensemble,16,68,1,42.383219133436086,1054.1774165928628,7.454159998465293,20000,20000,20,,
walker2d-medium-replay-v2,2,ensemble,16,69,1,49.61202485851635,1440.6272298852273,10.186772834138354,20000,20000,20,,
walker2d-medium-replay-v2,2,ensemble,16,70,1,57.6363195474062,1863.063976624686,13.173851716556909,20000,20000,20,,
walker2d-medium-replay-v2,2,ensemble,16,71,1,58.59775789668842,1867.8919332526466,13.207990525265963,20000,20000,20,,
walker2d-medium-replay-v2,2,ensemble,16,72,1,66.84821466460926,2268.2153182538455,16.03870432728497,20000,20000,20,,
walker2d-medium-replay-v2,2,ensemble,16,73,1,75.68478153996692,2792.6607964256345,19.747093867063906,20000,20000,20,,
walker2d-medium-replay-v2,2,ensemble,16,74,1,89.62666610818307,3624.667215303363,25.630267674855673,20000,20000,20,,
walker2d-medium-replay-v2,2,ensemble,16,75,1,90.40215467042522,3369.005855243148,23.82246886099614,20000,20000,20,,
walker2d-medium-replay-v2,2,ensemble,16,76,1,94.17179471772529,3608.759969218668,25.517786459090768,20000,20000,20,,
walker2d-medium-replay-v2,2,ensemble,16,77,1,90.08340261337185,2895.138483231767,20.471720539673182,20000,20000,20,,
walker2d-medium-replay-v2,2,ensemble,16,78,1,102.80499898750078,3486.8328537961233,24.655631557832802,20000,20000,20,,
walker2d-medium-replay-v2,2,ensemble,16,79,1,117.97055139533505,4269.8349654155745,30.192292585927802,20000,20000,20,,
walker2d-medium-replay-v2,2,ensemble,16,80,1,135.14719532957812,5026.338103947991,35.54157757837958,20000,20000,20,,
walker2d-medium-replay-v2,2,ensemble,16,81,1,162.10458875587355,6275.606683769309,44.37524042152899,20000,20000,20,,
walker2d-medium-replay-v2,2,ensemble,16,82,1,173.9132476144795,6310.690335112962,44.62331929926781,20000,20000,20,,
walker2d-medium-replay-v2,2,ensemble,16,83,1,188.41086473223882,6737.100228534775,47.638492571303786,20000,20000,20,,
walker2d-medium-replay-v2,2,ensemble,16,84,1,225.77783136453237,8859.714323663653,62.64764077638155,20000,20000,20,,
walker2d-medium-replay-v2,2,ensemble,16,85,1,255.65358216364635,10984.167130014966,77.6697906331996,20000,20000,20,,
walker2d-medium-replay-v2,2,ensemble,16,86,1,272.2603603685879,11211.336414618558,79.27612004940457,20000,20000,20,,
walker2d-medium-replay-v2,2,ensemble,16,87,1,290.66928473448047,12102.309987640327,85.57625460282156,20000,20000,20,,
walker2d-medium-replay-v2,2,ensemble,16,88,1,304.6304561173613,11690.325605566632,82.66308509974897,20000,20000,20,,
walker2d-medium-replay-v2,2,ensemble,16,89,1,349.87303372364346,14070.605966744542,99.49420894488962,20000,20000,20,,
walker2d-medium-replay-v2,2,ensemble,16,90,1,367.52833716856253,12961.82378906175,91.65393497790673,20000,20000,20,,
walker2d-medium-replay-v2,2,ensemble,16,91,1,435.1682567538035,17224.02368869588,121.79223949594589,20000,20000,20,,
walker2d-medium-replay-v2,2,ensemble,16,92,1,468.19119107611215,18388.3140883655,130.0250158647137,20000,20000,20,,
walker2d-medium-replay-v2,2,ensemble,16,93,1,551.1091172831506,25058.710717380145,177.19184276051516,20000,20000,20,,
walker2d-medium-replay-v2,2,ensemble,16,94,1,673.2997889779627,36105.59522743567,255.30511224096406,20000,20000,20,,
walker2d-medium-replay-v2,2,ensemble,16,95,1,629.5621125167878,25792.12832511745,182.37788839924178,20000,20000,20,,
walker2d-medium-replay-v2,2,ensemble,16,96,1,652.9688455905377,24308.551337564604,171.8874149161325,20000,20000,20,,
walker2d-medium-replay-v2,2,ensemble,16,97,1,792.8577309682643,31710.729982136323,224.2287220674416,20000,20000,20,,
walker2d-medium-replay-v2,2,ensemble,16,98,1,897.1417936262876,34150.4530480407,241.48016930862377,20000,20000,20,,
walker2d-medium-replay-v2,2,ensemble,16,99,1,1131.8520159865047,46600.872246781204,329.5179277490697,20000,20000,20,,
walker2d-medium-replay-v2,2,ensemble,16,100,1,1420.6564242703457,61261.44895313475,433.183859800751,20000,20000,20,,
walker2d-medium-replay-v2,2,ensemble,17,1,1,0.9670692028325805,1.992144814325837,0.014086591073154148,20000,20000,20,,
walker2d-medium-replay-v2,2,ensemble,17,2,1,1.3834514837118754,2.6990532968320196,0.019085188889738286,20000,20000,20,,
walker2d-medium-replay-v2,2,ensemble,17,3,1,1.706359283318799,3.230340419236329,0.02284195615983003,20000,20000,20,,
walker2d-medium-replay-v2,2,ensemble,17,4,1,1.9709094116393036,3.6121185598232337,0.025541535281007943,20000,20000,20,,
walker2d-medium-replay-v2,2,ensemble,17,5,1,2.2206498135960064,4.045236206963206,0.028604139534450308,20000,20000,20,,
walker2d-medium-replay-v2,2,ensemble,17,6,1,2.4960176622315697,4.493998007718002,0.03177736465896233,20000,20000,20,,
walker2d-medium-replay-v2,2,ensemble,17,7,1,2.792976371344985,5.08894540118367,0.03598427802265069,20000,20000,20,,
walker2d-medium-replay-v2,2,ensemble,17,8,1,3.0779324048926138,5.5259471231886685,0.039074346832850014,20000,20000,20,,
walker2d-medium-replay-v2,2,ensemble,17,9,1,3.3615704850931296,5.991257145310228,0.04236458555281219,20000,20000,20,,
walker2d-medium-replay-v2,2,ensemble,17,10,1,3.6135988776429264,6.361950418785352,0.044985782826957185,20000,20000,20,,
walker2d-medium-replay-v2,2,ensemble,17,11,1,3.8208631913804973,6.646755608427751,0.04699965963608979,20000,20000,20,,
walker2d-medium-replay-v2,2,ensemble,17,12,1,4.062048818058837,7.105204973438614,0.05024138618438827,20000,20000,20,,
walker2d-medium-replay-v2,2,ensemble,17,13,1,4.245935295627961,7.33646166668869,0.051876617944307334,20000,20000,20,,
walker2d-medium-replay-v2,2,ensemble,17,14,1,4.479257035505273,7.750297090809753,0.05480287629121948,20000,20000,20,,
walker2d-medium-replay-v2,2,ensemble,17,15,1,4.715487612039253,8.065264482848308,0.05703003207885052,20000,20000,20,,
walker2d-medium-replay-v2,2,ensemble,17,16,1,4.890049358780577,8.277137678831918,0.05852820181516729,20000,20000,20,,
walker2d-medium-replay-v2,2,ensemble,17,17,1,5.077718171704647,8.497129567249077,0.06008377937622536,20000,20000,20,,
walker2d-medium-replay-v2,2,ensemble,17,18,1,5.306009738575858,8.854719348887107,0.06261232097101804,20000,20000,20,,
walker2d-medium-replay-v2,2,ensemble,17,19,1,5.4783443483661936,9.169396808218934,0.06483742662481894,20000,20000,20,,
walker2d-medium-replay-v2,2,ensemble,17,20,1,5.704232615886165,9.408767725027914,0.06653003460976363,20000,20000,20,,
walker2d-medium-replay-v2,2,ensemble,17,21,1,5.926835954361487,9.696747693631053,0.06856636049621533,20000,20000,20,,
walker2d-medium-replay-v2,2,ensemble,17,22,1,6.204581864510124,10.159526085814745,0.07183869788921228,20000,20000,20,,
walker2d-medium-replay-v2,2,ensemble,17,23,1,6.3669790998683515,10.429430196743168,0.07374720816028842,20000,20000,20,,
walker2d-medium-replay-v2,2,ensemble,17,24,1,6.529908443940167,10.593198414608933,0.07490522433424561,20000,20000,20,,
walker2d-medium-replay-v2,2,ensemble,17,25,1,6.769510957813497,10.946406315511439,0.07740278135321389,20000,20000,20,,
walker2d-medium-replay-v2,2,ensemble,17,26,1,6.945739209726143,11.163513773692502,0.07893796291247393,20000,20000,20,,
walker2d-medium-replay-v2,2,ensemble,17,27,1,7.116393564248197,11.444377250893838,0.08092396760564091,20000,20000,20,,
walker2d-medium-replay-v2,2,ensemble,17,28,1,7.375966919277666,11.627545951103459,0.08221916590583439,20000,20000,20,,
walker2d-medium-replay-v2,2,ensemble,17,29,1,7.655173124717819,12.162325256282672,0.08600062663713892,20000,20000,20,,
walker2d-medium-replay-v2,2,ensemble,17,30,1,7.922474784213571,12.65749927280168,0.08950203568661862,20000,20000,20,,
walker2d-medium-replay-v2,2,ensemble,17,31,1,8.18364741024931,13.320502819129144,0.0941901787222074,20000,20000,20,,
walker2d-medium-replay-v2,2,ensemble,17,32,1,8.389143427908522,13.87497311753231,0.09811087580188148,20000,20000,20,,
walker2d-medium-replay-v2,2,ensemble,17,33,1,8.579116553452735,14.304913766310118,0.1011510152844668,20000,20000,20,,
walker2d-medium-replay-v2,2,ensemble,17,34,1,8.892615849689783,15.291123487086711,0.108124571096799,20000,20000,20,,
walker2d-medium-replay-v2,2,ensemble,17,35,1,9.124748165381188,16.484780909182835,0.11656500367257722,20000,20000,20,,
walker2d-medium-replay-v2,2,ensemble,17,36,1,9.375738269080138,17.119457781952633,0.12105284687855518,20000,20000,20,,
walker2d-medium-replay-v2,2,ensemble,17,37,1,9.70446409889943,18.547258981923452,0.13114892598541175,20000,20000,20,,
walker2d-medium-replay-v2,2,ensemble,17,38,1,10.005791969456485,21.104237033440224,0.14922949118113848,20000,20000,20,,
walker2d-medium-replay-v2,2,ensemble,17,39,1,10.34430061605015,25.777455929721583,0.1822741388964351,20000,20000,20,,
walker2d-medium-replay-v2,2,ensemble,17,40,1,10.662653446508953,30.444074913361376,0.21527211818189082,20000,20000,20,,
walker2d-medium-replay-v2,2,ensemble,17,41,1,10.850627899113638,28.32688121982283,0.20030129800402585,20000,20000,20,,
walker2d-medium-replay-v2,2,ensemble,17,42,1,11.160040856466544,34.404382283903374,0.24327572015482393,20000,20000,20,,
walker2d-medium-replay-v2,2,ensemble,17,43,1,11.518318019425566,36.541856520557246,0.2583899454283189,20000,20000,20,,
walker2d-medium-replay-v2,2,ensemble,17,44,1,11.781538380502075,36.2478758088255,0.2563111878802832,20000,20000,20,,
walker2d-medium-replay-v2,2,ensemble,17,45,1,12.070975332381149,38.715372007373624,0.2737590208257373,20000,20000,20,,
walker2d-medium-replay-v2,2,ensemble,17,46,1,12.365989012705386,41.437630929495654,0.29300829826551794,20000,20000,20,,
walker2d-medium-replay-v2,2,ensemble,17,47,1,12.866551815813782,51.085878474993514,0.36123171092539796,20000,20000,20,,
walker2d-medium-replay-v2,2,ensemble,17,48,1,13.110045707808714,47.80813684864772,0.3380545776157326,20000,20000,20,,
walker2d-medium-replay-v2,2,ensemble,17,49,1,13.612263697334607,52.570706468559564,0.37173103035685967,20000,20000,20,,
walker2d-medium-replay-v2,2,ensemble,17,50,1,14.236486257740127,65.27466401427233,0.46156157564165473,20000,20000,20,,
walker2d-medium-replay-v2,2,ensemble,17,51,1,14.735730316164464,75.73860038128774,0.535552779271866,20000,20000,20,,
walker2d-medium-replay-v2,2,ensemble,17,52,1,15.3859667995262,82.82962442442955,0.5856938911364902,20000,20000,20,,
walker2d-medium-replay-v2,2,ensemble,17,53,1,15.920705665300845,88.07753687019982,0.6228022359112646,20000,20000,20,,
walker2d-medium-replay-v2,2,ensemble,17,54,1,16.788465876715822,107.38212120358295,0.7593062608124925,20000,20000,20,,
walker2d-medium-replay-v2,2,ensemble,17,55,1,17.837244067204868,136.02670297729307,0.9618540409769226,20000,20000,20,,
walker2d-medium-replay-v2,2,ensemble,17,56,1,18.580473401078354,150.54252249000132,1.0644963850960827,20000,20000,20,,
walker2d-medium-replay-v2,2,ensemble,17,57,1,19.390959848819918,155.58657359257202,1.100163212488875,20000,20000,20,,
walker2d-medium-replay-v2,2,ensemble,17,58,1,20.05258316963577,166.97249045545178,1.1806738027265602,20000,20000,20,,
walker2d-medium-replay-v2,2,ensemble,17,59,1,21.104443058927824,200.50966443601095,1.4178174341614247,20000,20000,20,,
walker2d-medium-replay-v2,2,ensemble,17,60,1,22.019929045543904,222.86715690133937,1.5759087794870332,20000,20000,20,,
walker2d-medium-replay-v2,2,ensemble,17,61,1,24.187805654807153,313.4679763645577,2.2165533177220316,20000,20000,20,,
walker2d-medium-replay-v2,2,ensemble,17,62,1,25.133748792736878,324.6608045901757,2.2956985651119384,20000,20000,20,,
walker2d-medium-replay-v2,2,ensemble,17,63,1,27.60903099451738,416.2191175356183,2.9431136046891635,20000,20000,20,,
walker2d-medium-replay-v2,2,ensemble,17,64,1,29.032183702682726,409.7430377102103,2.897320805088649,20000,20000,20,,
walker2d-medium-replay-v2,2,ensemble,17,65,1,31.528969601948948,484.9972478115951,3.4294484278439135,20000,20000,20,,
walker2d-medium-replay-v2,2,ensemble,17,66,1,34.14672188014644,582.4507324931309,4.1185486265296465,20000,20000,20,,
walker2d-medium-replay-v2,2,ensemble,17,67,1,36.12342587315062,676.4048884009552,4.782904834160453,20000,20000,20,,
walker2d-medium-replay-v2,2,ensemble,17,68,1,40.05626016382908,834.079210814894,5.8978306601393555,20000,20000,20,,
walker2d-medium-replay-v2,2,ensemble,17,69,1,44.50091458657048,1108.4412165235096,7.8378630075043985,20000,20000,20,,
walker2d-medium-replay-v2,2,ensemble,17,70,1,49.740535330823725,1474.1993188951187,10.42416335211328,20000,20000,20,,
walker2d-medium-replay-v2,2,ensemble,17,71,1,52.93249118786425,1546.8956804108168,10.938204254066669,20000,20000,20,,
walker2d-medium-replay-v2,2,ensemble,17,72,1,53.913463486246535,1239.7406721541583,8.766290361929737,20000,20000,20,,
walker2d-medium-replay-v2,2,ensemble,17,73,1,60.48855871174384,1370.9034927951905,9.693751561078024,20000,20000,20,,
walker2d-medium-replay-v2,2,ensemble,17,74,1,68.82618512270452,1759.4394885939182,12.441115934721507,20000,20000,20,,
walker2d-medium-replay-v2,2,ensemble,17,75,1,74.8500912814123,1958.5861353948128,13.849295378756256,20000,20000,20,,
walker2d-medium-replay-v2,2,ensemble,17,76,1,84.46845077781977,2516.4037492311686,17.793661552846118,20000,20000,20,,
walker2d-medium-replay-v2,2,ensemble,17,77,1,90.02080022881691,2732.04952003429,19.318507421536985,20000,20000,20,,
walker2d-medium-replay-v2,2,ensemble,17,78,1,86.6320978366998,2216.154891119491,15.670581516703269,20000,20000,20,,
walker2d-medium-replay-v2,2,ensemble,17,79,1,105.16607196313592,3127.9302862581503,22.117807164919167,20000,20000,20,,
walker2d-medium-replay-v2,2,ensemble,17,80,1,110.75466895616965,3266.1369936123906,23.095076164675646,20000,20000,20,,
walker2d-medium-replay-v2,2,ensemble,17,81,1,108.47880117805498,2689.9301609519653,19.020678577273557,20000,20000,20,,
walker2d-medium-replay-v2,2,ensemble,17,82,1,120.37189155845195,3118.319170617203,22.049846314474348,20000,20000,20,,
walker2d-medium-replay-v2,2,ensemble,17,83,1,138.55819001956218,3873.926748168836,27.392798734501348,20000,20000,20,,
walker2d-medium-replay-v2,2,ensemble,17,84,1,157.8374484907365,4554.291800291876,32.20370615488675,20000,20000,20,,
walker2d-medium-replay-v2,2,ensemble,17,85,1,181.63323702521478,5469.22359291174,38.67325090373345,20000,20000,20,,
walker2d-medium-replay-v2,2,ensemble,17,86,1,197.61157521147226,5531.777686521041,39.115575141554594,20000,20000,20,,
walker2d-medium-replay-v2,2,ensemble,17,87,1,212.92519742571363,5560.211835273793,39.31663493555798,20000,20000,20,,
walker2d-medium-replay-v2,2,ensemble,17,88,1,234.55374594778795,6588.614983146777,46.58854333210377,20000,20000,20,,
walker2d-medium-replay-v2,2,ensemble,17,89,1,271.24207923114614,8035.878607925213,56.822242564558316,20000,20000,20,,
walker2d-medium-replay-v2,2,ensemble,17,90,1,314.23066240169965,10270.008452683334,72.61992619735548,20000,20000,20,,
walker2d-medium-replay-v2,2,ensemble,17,91,1,378.5868732028678,14223.297168947645,100.57389878994303,20000,20000,20,,
walker2d-medium-replay-v2,2,ensemble,17,92,1,436.4224753530464,17783.344265652122,125.74723322417519,20000,20000,20,,
walker2d-medium-replay-v2,2,ensemble,17,93,1,527.2710705156895,25005.18053871681,176.81332723720544,20000,20000,20,,
walker2d-medium-replay-v2,2,ensemble,17,94,1,604.4152698421556,30205.166681519466,213.5827818737238,20000,20000,20,,
walker2d-medium-replay-v2,2,ensemble,17,95,1,623.4366019888744,26291.85422354222,185.91148411434875,20000,20000,20,,
walker2d-medium-replay-v2,2,ensemble,17,96,1,773.0236331538445,36245.656660931636,256.29549613504116,20000,20000,20,,
walker2d-medium-replay-v2,2,ensemble,17,97,1,940.7907890986264,45938.41165153252,324.83362395737754,20000,20000,20,,
walker2d-medium-replay-v2,2,ensemble,17,98,1,1023.5351563986761,47939.65520217032,338.9845528119958,20000,20000,20,,
walker2d-medium-replay-v2,2,ensemble,17,99,1,1073.7055073755396,50461.535091471895,356.81693652262703,20000,20000,20,,
walker2d-medium-replay-v2,2,ensemble,17,100,1,1283.891735483714,67189.1205793449,475.09882783615393,20000,20000,20,,
walker2d-medium-replay-v2,2,ensemble,18,1,1,0.9834690678133564,1.9786821922670312,0.013991395959650817,20000,20000,20,,
walker2d-medium-replay-v2,2,ensemble,18,2,1,1.4243466301947874,2.796572810795844,0.01977475598595665,20000,20000,20,,
walker2d-medium-replay-v2,2,ensemble,18,3,1,1.7241881627648126,3.334857332305183,0.023581002339626744,20000,20000,20,,
walker2d-medium-replay-v2,2,ensemble,18,4,1,2.000267977719543,3.7932317500365547,0.026822198930629627,20000,20000,20,,
walker2d-medium-replay-v2,2,ensemble,18,5,1,2.2459411165523706,4.115056143378132,0.029097841039460386,20000,20000,20,,
walker2d-medium-replay-v2,2,ensemble,18,6,1,2.553693691444121,4.735352251904526,0.03348399688628679,20000,20000,20,,
walker2d-medium-replay-v2,2,ensemble,18,7,1,2.857526961394081,5.167061594386547,0.03653664292199302,20000,20000,20,,
walker2d-medium-replay-v2,2,ensemble,18,8,1,3.102832122612419,5.60464944353241,0.03963085627695177,20000,20000,20,,
walker2d-medium-replay-v2,2,ensemble,18,9,1,3.36390897250759,6.0472063557908555,0.04276020621414104,20000,20000,20,,
walker2d-medium-replay-v2,2,ensemble,18,10,1,3.5912112189487866,6.478168762481144,0.045807570616212816,20000,20000,20,,
walker2d-medium-replay-v2,2,ensemble,18,11,1,3.8855193727533335,7.089781219318644,0.05013232377309242,20000,20000,20,,
walker2d-medium-replay-v2,2,ensemble,18,12,1,4.111475913828527,7.560088226773145,0.05345789651519872,20000,20000,20,,
walker2d-medium-replay-v2,2,ensemble,18,13,1,4.331069553163488,7.875702626748622,0.055689627339826554,20000,20000,20,,
walker2d-medium-replay-v2,2,ensemble,18,14,1,4.596714023827071,8.142152401545149,0.057573711765869076,20000,20000,20,,
walker2d-medium-replay-v2,2,ensemble,18,15,1,4.773845301324214,8.366454701866381,0.05915976854179793,20000,20000,20,,
walker2d-medium-replay-v2,2,ensemble,18,16,1,4.967683262231091,8.77106475961784,0.062020793697521295,20000,20000,20,,
walker2d-medium-replay-v2,2,ensemble,18,17,1,5.094112030356321,8.80615456962277,0.06226891612357163,20000,20000,20,,
walker2d-medium-replay-v2,2,ensemble,18,18,1,5.3448405178350695,9.159590150606125,0.064768083083831,20000,20000,20,,
walker2d-medium-replay-v2,2,ensemble,18,19,1,5.531125423396824,9.353370174485276,0.0661383147732654,20000,20000,20,,
walker2d-medium-replay-v2,2,ensemble,18,20,1,5.793730681267968,9.756948666037784,0.06899204565444356,20000,20000,20,,
walker2d-medium-replay-v2,2,ensemble,18,21,1,5.995909567101263,9.908205074650994,0.07006158997672679,20000,20000,20,,
walker2d-medium-replay-v2,2,ensemble,18,22,1,6.188011315478766,10.077347105392931,0.07125760474593967,20000,20000,20,,
walker2d-medium-replay-v2,2,ensemble,18,23,1,6.375181925093267,10.267241081064354,0.07260035792497703,20000,20000,20,,
walker2d-medium-replay-v2,2,ensemble,18,24,1,6.617315234314861,10.458936166009295,0.07395584686982402,20000,20000,20,,
walker2d-medium-replay-v2,2,ensemble,18,25,1,6.839716354315639,10.847191588880847,0.07670122729327328,20000,20000,20,,
walker2d-medium-replay-v2,2,ensemble,18,26,1,7.045257451301474,11.19782487471022,0.07918057903446998,20000,20000,20,,
walker2d-medium-replay-v2,2,ensemble,18,27,1,7.237707397684414,11.491166323901652,0.08125481631373349,20000,20000,20,,
walker2d-medium-replay-v2,2,ensemble,18,28,1,7.458589830763737,11.885919810423998,0.08404614498590332,20000,20000,20,,
walker2d-medium-replay-v2,2,ensemble,18,29,1,7.703871190290707,12.323112863463166,0.08713756671081978,20000,20000,20,,
walker2d-medium-replay-v2,2,ensemble,18,30,1,7.85815437437778,12.43793863970767,0.08794950756119477,20000,20000,20,,
walker2d-medium-replay-v2,2,ensemble,18,31,1,8.150944410920303,12.854522465700223,0.09089520004411446,20000,20000,20,,
walker2d-medium-replay-v2,2,ensemble,18,32,1,8.393834769961197,13.170045553590326,0.09312628519479457,20000,20000,20,,
walker2d-medium-replay-v2,2,ensemble,18,33,1,8.605747587851768,13.586010963648844,0.09606760481670878,20000,20000,20,,
walker2d-medium-replay-v2,2,ensemble,18,34,1,8.851587374444415,14.258889183787907,0.10082557234043944,20000,20000,20,,
walker2d-medium-replay-v2,2,ensemble,18,35,1,9.144322148488556,15.262470047362235,0.10792196068146404,20000,20000,20,,
walker2d-medium-replay-v2,2,ensemble,18,36,1,9.42744458458753,16.569195458886664,0.11716190467784109,20000,20000,20,,
walker2d-medium-replay-v2,2,ensemble,18,37,1,9.69970276592232,18.439221271007852,0.1303849840052888,20000,20000,20,,
walker2d-medium-replay-v2,2,ensemble,18,38,1,9.942518959591938,20.620153840231655,0.14580650609537632,20000,20000,20,,
walker2d-medium-replay-v2,2,ensemble,18,39,1,10.169260578644948,20.62502032859162,0.1458409173645753,20000,20000,20,,
walker2d-medium-replay-v2,2,ensemble,18,40,1,10.45498046613178,24.272298093706567,0.17163106577041223,20000,20000,20,,
walker2d-medium-replay-v2,2,ensemble,18,41,1,10.826729755595014,27.76951731627766,0.1963601400461719,20000,20000,20,,
walker2d-medium-replay-v2,2,ensemble,18,42,1,11.126922233283333,33.01530081017403,0.23345343085787773,20000,20000,20,,
walker2d-medium-replay-v2,2,ensemble,18,43,1,11.385310203386329,30.338217863166452,0.21452359580159847,20000,20000,20,,
walker2d-medium-replay-v2,2,ensemble,18,44,1,11.828264068516079,39.15191804713204,0.27684586747587037,20000,20000,20,,
walker2d-medium-replay-v2,2,ensemble,18,45,1,12.132134138155697,42.201947619238204,0.29841283340842806,20000,20000,20,,
walker2d-medium-replay-v2,2,ensemble,18,46,1,12.55145242687146,48.484946622900026,0.34284034542520403,20000,20000,20,,
walker2d-medium-replay-v2,2,ensemble,18,47,1,12.935769194405745,51.1858050633653,0.3619382986079832,20000,20000,20,,
walker2d-medium-replay-v2,2,ensemble,18,48,1,13.492175807303958,64.8566569226415,0.4586058191508925,20000,20000,20,,
walker2d-medium-replay-v2,2,ensemble,18,49,1,13.921866244831442,73.23055343876413,0.5178182092659396,20000,20000,20,,
walker2d-medium-replay-v2,2,ensemble,18,50,1,14.617112061275087,83.5973714791347,0.5911226826226702,20000,20000,20,,
walker2d-medium-replay-v2,2,ensemble,18,51,1,15.024877895294066,86.54839954115893,0.6119896021639616,20000,20000,20,,
walker2d-medium-replay-v2,2,ensemble,18,52,1,15.540817403699606,102.56994061218596,0.7252790055277815,20000,20000,20,,
walker2d-medium-replay-v2,2,ensemble,18,53,1,16.12955545319008,111.17309816549896,0.7861125159834204,20000,20000,20,,
walker2d-medium-replay-v2,2,ensemble,18,54,1,16.790247028629896,123.47880795344443,0.8731270243671195,20000,20000,20,,
walker2d-medium-replay-v2,2,ensemble,18,55,1,17.8276987956177,163.08375665278123,1.1531763023055834,20000,20000,20,,
walker2d-medium-replay-v2,2,ensemble,18,56,1,19.005768689180968,213.12789051715845,1.5070417664466682,20000,20000,20,,
walker2d-medium-replay-v2,2,ensemble,18,57,1,20.10380388641421,260.75577477262874,1.8438217657527785,20000,20000,20,,
walker2d-medium-replay-v2,2,ensemble,18,58,1,20.149252013399742,193.25185831408146,1.366496994907889,20000,20000,20,,
walker2d-medium-replay-v2,2,ensemble,18,59,1,21.187313180104244,208.17301207660773,1.4720054849939836,20000,20000,20,,
walker2d-medium-replay-v2,2,ensemble,18,60,1,22.31325115986915,245.7272281780955,1.737553893669054,20000,20000,20,,
walker2d-medium-replay-v2,2,ensemble,18,61,1,23.42603857801731,258.79800224060125,1.8299782234186046,20000,20000,20,,
walker2d-medium-replay-v2,2,ensemble,18,62,1,24.924790243202057,305.0733865154624,2.157194603646281,20000,20000,20,,
walker2d-medium-replay-v2,2,ensemble,18,63,1,25.759889391217783,271.842895805224,1.9222195504126194,20000,20000,20,,
walker2d-medium-replay-v2,2,ensemble,18,64,1,27.879455000322487,339.9446515786718,2.4037716835937704,20000,20000,20,,
walker2d-medium-replay-v2,2,ensemble,18,65,1,29.195834244939167,343.1887641522258,2.426711023590696,20000,20000,20,,
walker2d-medium-replay-v2,2,ensemble,18,66,1,31.48894904362624,392.718164708863,2.776936773607725,20000,20000,20,,
walker2d-medium-replay-v2,2,ensemble,18,67,1,33.232607162217306,405.47058109539233,2.8671099746420183,20000,20000,20,,
walker2d-medium-replay-v2,2,ensemble,18,68,1,35.199383680003166,480.19862371021065,3.395517031419372,20000,20000,20,,
walker2d-medium-replay-v2,2,ensemble,18,69,1,36.30025148904642,474.05420738554693,3.3520694469233416,20000,20000,20,,
walker2d-medium-replay-v2,2,ensemble,18,70,1,40.71961688065673,605.4907892828801,4.2814664304791945,20000,20000,20,,
walker2d-medium-replay-v2,2,ensemble,18,71,1,44.37768514618127,733.0180118564374,5.18322006915568,20000,20000,20,,
walker2d-medium-replay-v2,2,ensemble,18,72,1,45.71034720429634,636.1238764640065,4.498075067223726,20000,20000,20,,
walker2d-medium-replay-v2,2,ensemble,18,73,1,51.0168466938083,799.5095165158318,5.653386007515227,20000,20000,20,,
walker2d-medium-replay-v2,2,ensemble,18,74,1,56.11174541400189,948.4779495064784,6.706751899019427,20000,20000,20,,
walker2d-medium-replay-v2,2,ensemble,18,75,1,61.65064770327114,1112.7861199015053,7.868586113926209,20000,20000,20,,
walker2d-medium-replay-v2,2,ensemble,18,76,1,67.56199411859201,1306.8186032518224,9.24060296140096,20000,20000,20,,
walker2d-medium-replay-v2,2,ensemble,18,77,1,72.86298588772017,1381.444467786763,9.768287510046612,20000,20000,20,,
walker2d-medium-replay-v2,2,ensemble,18,78,1,78.18395329695053,1622.0631352302537,11.469718424340241,20000,20000,20,,
walker2d-medium-replay-v2,2,ensemble,18,79,1,91.4799025942883,2173.5870686466046,15.369581557394039,20000,20000,20,,
walker2d-medium-replay-v2,2,ensemble,18,80,1,104.76740313052487,2757.271827796227,19.496856070093386,20000,20000,20,,
walker2d-medium-replay-v2,2,ensemble,18,81,1,104.63459680270046,2239.7162665921683,15.837185600411393,20000,20000,20,,
walker2d-medium-replay-v2,2,ensemble,18,82,1,119.63459205864184,2675.640128480326,18.919632788632835,20000,20000,20,,
walker2d-medium-replay-v2,2,ensemble,18,83,1,135.55710297624105,3266.957113077296,23.100875285025825,20000,20000,20,,
walker2d-medium-replay-v2,2,ensemble,18,84,1,152.04827208092553,3953.099323740584,27.95263338520922,20000,20000,20,,
walker2d-medium-replay-v2,2,ensemble,18,85,1,174.38271174197848,4859.868407215841,34.36445906416587,20000,20000,20,,
walker2d-medium-replay-v2,2,ensemble,18,86,1,170.37479412387248,3799.0993064817203,26.86368882014334,20000,20000,20,,
walker2d-medium-replay-v2,2,ensemble,18,87,1,185.61907829823573,4294.758241320145,30.368526759942856,20000,20000,20,,
walker2d-medium-replay-v2,2,ensemble,18,88,1,220.16990994800722,5557.553642157548,39.29783867177597,20000,20000,20,,
walker2d-medium-replay-v2,2,ensemble,18,89,1,240.25452346916188,5819.696428957486,41.15146809362973,20000,20000,20,,
walker2d-medium-replay-v2,2,ensemble,18,90,1,263.83643456895857,6856.06538120592,48.479703233090376,20000,20000,20,,
walker2d-medium-replay-v2,2,ensemble,18,91,1,297.3642812770388,8422.42395142643,59.55553090081625,20000,20000,20,,
walker2d-medium-replay-v2,2,ensemble,18,92,1,318.79213699239773,8927.516745569663,63.12707629948766,20000,20000,20,,
walker2d-medium-replay-v2,2,ensemble,18,93,1,340.58730184339834,9402.39859019445,66.48499802545331,20000,20000,20,,
walker2d-medium-replay-v2,2,ensemble,18,94,1,362.7006071951043,9728.52558296334,68.79106410660188,20000,20000,20,,
walker2d-medium-replay-v2,2,ensemble,18,95,1,415.85301297182514,12321.585686420902,87.1267679383932,20000,20000,20,,
walker2d-medium-replay-v2,2,ensemble,18,96,1,502.07950106498834,16875.901226405455,119.3306419582567,20000,20000,20,,
walker2d-medium-replay-v2,2,ensemble,18,97,1,544.1448246022205,17332.041080701965,122.55603779968176,20000,20000,20,,
walker2d-medium-replay-v2,2,ensemble,18,98,1,640.492066049318,22654.972100946517,160.19484400171328,20000,20000,20,,
walker2d-medium-replay-v2,2,ensemble,18,99,1,771.1290627200168,31215.591605432037,220.7275650295086,20000,20000,20,,
walker2d-medium-replay-v2,2,ensemble,18,100,1,885.1761046047988,35543.64010184904,251.33148944071567,20000,20000,20,,
walker2d-medium-replay-v2,2,ensemble,19,1,1,0.9688157433634249,1.9398020301765775,0.013716471696972897,20000,20000,20,,
walker2d-medium-replay-v2,2,ensemble,19,2,1,1.39119147890368,2.7154939201827286,0.01920144165232049,20000,20000,20,,
walker2d-medium-replay-v2,2,ensemble,19,3,1,1.719774122973609,3.295298606356696,0.02330127990589399,20000,20000,20,,
walker2d-medium-replay-v2,2,ensemble,19,4,1,1.9769133874051106,3.7640647423605316,0.026615957041483267,20000,20000,20,,
walker2d-medium-replay-v2,2,ensemble,19,5,1,2.2649726957466827,4.204837798289512,0.029732693209600262,20000,20000,20,,
walker2d-medium-replay-v2,2,ensemble,19,6,1,2.5659430816069158,4.773265721347759,0.033752085599702976,20000,20000,20,,
walker2d-medium-replay-v2,2,ensemble,19,7,1,2.8291828024508083,5.202582248149664,0.03678781187347381,20000,20000,20,,
walker2d-medium-replay-v2,2,ensemble,19,8,1,3.110807854976061,5.6233214366603255,0.03976288720654195,20000,20000,20,,
walker2d-medium-replay-v2,2,ensemble,19,9,1,3.377404860299587,6.107705387102072,0.043187998967094826,20000,20000,20,,
walker2d-medium-replay-v2,2,ensemble,19,10,1,3.632217375203767,6.561539624450802,0.04639709163473394,20000,20000,20,,
walker2d-medium-replay-v2,2,ensemble,19,11,1,3.8706425316986066,6.9666663752899,0.04926177036231793,20000,20000,20,,
walker2d-medium-replay-v2,2,ensemble,19,12,1,4.083855579206334,7.347845207716866,0.05195711173485672,20000,20000,20,,
walker2d-medium-replay-v2,2,ensemble,19,13,1,4.321771075176853,7.596281240035987,0.05371381976629602,20000,20000,20,,
walker2d-medium-replay-v2,2,ensemble,19,14,1,4.520493955742531,7.7748365919792715,0.054976396768058496,20000,20000,20,,
walker2d-medium-replay-v2,2,ensemble,19,15,1,4.729712304058942,8.044521040434239,0.05688335379088911,20000,20000,20,,
walker2d-medium-replay-v2,2,ensemble,19,16,1,4.9140518962094255,8.247342768833342,0.05831751998611893,20000,20000,20,,
walker2d-medium-replay-v2,2,ensemble,19,17,1,5.1645448464360655,8.680592107116436,0.061381055436564524,20000,20000,20,,
walker2d-medium-replay-v2,2,ensemble,19,18,1,5.362081492313796,9.01216163092865,0.06372560602378864,20000,20000,20,,
walker2d-medium-replay-v2,2,ensemble,19,19,1,5.545164973473594,9.13114070296056,0.0645669151103191,20000,20000,20,,
walker2d-medium-replay-v2,2,ensemble,19,20,1,5.7828027271196385,9.603284710127989,0.06790547740196588,20000,20000,20,,
walker2d-medium-replay-v2,2,ensemble,19,21,1,5.978236524796639,9.715070693327645,0.06869592366958671,20000,20000,20,,
walker2d-medium-replay-v2,2,ensemble,19,22,1,6.152142796118053,9.872419218017304,0.06980854575776428,20000,20000,20,,
walker2d-medium-replay-v2,2,ensemble,19,23,1,6.333095865594299,10.081245650817737,0.07128517162500611,20000,20000,20,,
walker2d-medium-replay-v2,2,ensemble,19,24,1,6.558357997362582,10.440839544185737,0.07382788442974396,20000,20000,20,,
walker2d-medium-replay-v2,2,ensemble,19,25,1,6.864556459048248,11.001742314828936,0.07779406595682525,20000,20000,20,,
walker2d-medium-replay-v2,2,ensemble,19,26,1,7.017911312595745,11.146186130670804,0.0788154379736477,20000,20000,20,,
walker2d-medium-replay-v2,2,ensemble,19,27,1,7.234773971719163,11.433599245141254,0.08084775559608771,20000,20000,20,,
walker2d-medium-replay-v2,2,ensemble,19,28,1,7.4802063232963905,11.960392735286709,0.08457274808775551,20000,20000,20,,
walker2d-medium-replay-v2,2,ensemble,19,29,1,7.706504545488657,12.47891709963217,0.08823926903014671,20000,20000,20,,
walker2d-medium-replay-v2,2,ensemble,19,30,1,7.923323336376327,12.896164629200982,0.09118965460606113,20000,20000,20,,
walker2d-medium-replay-v2,2,ensemble,19,31,1,8.175797055076936,13.486619934684398,0.0953648041110101,20000,20000,20,,
walker2d-medium-replay-v2,2,ensemble,19,32,1,8.462369358120982,14.323355554772736,0.10128141842125804,20000,20000,20,,
walker2d-medium-replay-v2,2,ensemble,19,33,1,8.762630811460376,14.910857780779303,0.10543568650097239,20000,20000,20,,
walker2d-medium-replay-v2,2,ensemble,19,34,1,9.059861788642094,16.124959200571652,0.11402067997080625,20000,20000,20,,
walker2d-medium-replay-v2,2,ensemble,19,35,1,9.302158294484963,17.419174783154762,0.12317216611842441,20000,20000,20,,
walker2d-medium-replay-v2,2,ensemble,19,36,1,9.539632443964,18.19152888976368,0.12863353438102884,20000,20000,20,,
walker2d-medium-replay-v2,2,ensemble,19,37,1,9.75882918475402,20.571957233422232,0.14546570462032507,20000,20000,20,,
walker2d-medium-replay-v2,2,ensemble,19,38,1,9.921513482745068,19.898807958386733,0.14070582044904098,20000,20000,20,,
walker2d-medium-replay-v2,2,ensemble,19,39,1,10.28323669741978,22.704787703009952,0.16054709350199273,20000,20000,20,,
walker2d-medium-replay-v2,2,ensemble,19,40,1,10.620589056388914,24.584008076707114,0.17383518819784455,20000,20000,20,,
walker2d-medium-replay-v2,2,ensemble,19,41,1,10.893098757055798,29.44463657009688,0.20820502188288909,20000,20000,20,,
walker2d-medium-replay-v2,2,ensemble,19,42,1,11.294839336302248,37.78641739312331,0.26719031975422797,20000,20000,20,,
walker2d-medium-replay-v2,2,ensemble,19,43,1,11.682557598221836,49.082210794360684,0.3470636408832,20000,20000,20,,
walker2d-medium-replay-v2,2,ensemble,19,44,1,11.957674352101954,59.179729722705474,0.4184638819571212,20000,20000,20,,
walker2d-medium-replay-v2,2,ensemble,19,45,1,12.438134607481025,77.23313879108244,0.5461207617149618,20000,20000,20,,
walker2d-medium-replay-v2,2,ensemble,19,46,1,13.073410378880027,105.3684627464713,0.7450675453123196,20000,20000,20,,
walker2d-medium-replay-v2,2,ensemble,19,47,1,13.159867111806776,76.04586101167307,0.5377254400252371,20000,20000,20,,
walker2d-medium-replay-v2,2,ensemble,19,48,1,13.72751774500394,94.29885345250227,0.6667935873438083,20000,20000,20,,
walker2d-medium-replay-v2,2,ensemble,19,49,1,14.409395527889208,130.95319475002435,0.9259789202578481,20000,20000,20,,
walker2d-medium-replay-v2,2,ensemble,19,50,1,14.560786090521866,107.16489642524313,0.7577702496744342,20000,20000,20,,
walker2d-medium-replay-v2,2,ensemble,19,51,1,15.107687987283155,135.5277182881446,0.9583256864028712,20000,20000,20,,
walker2d-medium-replay-v2,2,ensemble,19,52,1,16.201770555170597,193.50025279838945,1.368253409150524,20000,20000,20,,
walker2d-medium-replay-v2,2,ensemble,19,53,1,16.879520264908844,222.08347667983458,1.5703673234979552,20000,20000,20,,
walker2d-medium-replay-v2,2,ensemble,19,54,1,17.17777814929494,204.84935235481672,1.4485036617176335,20000,20000,20,,
walker2d-medium-replay-v2,2,ensemble,19,55,1,18.091375668543176,213.1846081865848,1.5074428209333128,20000,20000,20,,
walker2d-medium-replay-v2,2,ensemble,19,56,1,19.266309914618493,298.70524064877617,2.112165012387092,20000,20000,20,,
walker2d-medium-replay-v2,2,ensemble,19,57,1,19.737442970803823,248.68615374463758,1.7584766570003356,20000,20000,20,,
walker2d-medium-replay-v2,2,ensemble,19,58,1,20.700527036752145,254.29903498293072,1.7981657208562538,20000,20000,20,,
walker2d-medium-replay-v2,2,ensemble,19,59,1,21.75153680305701,280.9711086496504,1.9867657624367,20000,20000,20,,
walker2d-medium-replay-v2,2,ensemble,19,60,1,22.340334196252858,262.90259202083956,1.8590020560945597,20000,20000,20,,
walker2d-medium-replay-v2,2,ensemble,19,61,1,24.001942620413548,324.539480779693,2.2948406762208213,20000,20000,20,,
walker2d-medium-replay-v2,2,ensemble,19,62,1,26.072267538008663,468.8022511346562,3.3149325081283423,20000,20000,20,,
walker2d-medium-replay-v2,2,ensemble,19,63,1,28.165903568495683,563.2625047252924,3.98286736679374,20000,20000,20,,
walker2d-medium-replay-v2,2,ensemble,19,64,1,30.91841337006239,787.7964334691706,5.570562003006273,20000,20000,20,,
walker2d-medium-replay-v2,2,ensemble,19,65,1,34.66199016109441,1068.96703623547,7.558738401869867,20000,20000,20,,
walker2d-medium-replay-v2,2,ensemble,19,66,1,38.04238560636889,1268.4130098777475,8.969034406297945,20000,20000,20,,
walker2d-medium-replay-v2,2,ensemble,19,67,1,41.659523364154374,1380.7628639353666,9.76346784299256,20000,20000,20,,
walker2d-medium-replay-v2,2,ensemble,19,68,1,48.42257226259217,1955.3905230628768,13.826698987256703,20000,20000,20,,
walker2d-medium-replay-v2,2,ensemble,19,69,1,54.69141638960419,2536.012742432113,17.932318073492404,20000,20000,20,,
walker2d-medium-replay-v2,2,ensemble,19,70,1,51.24046502368934,1708.829280076237,12.083247718320331,20000,20000,20,,
walker2d-medium-replay-v2,2,ensemble,19,71,1,50.73959131499736,1286.8379376191006,9.099318319785773,20000,20000,20,,
walker2d-medium-replay-v2,2,ensemble,19,72,1,51.49481474015176,1157.8809603967377,8.187454789033255,20000,20000,20,,
walker2d-medium-replay-v2,2,ensemble,19,73,1,58.06142169809789,1489.2362035484155,10.53049018317594,20000,20000,20,,
walker2d-medium-replay-v2,2,ensemble,19,74,1,66.50319691863116,2023.3816642726995,14.30746895735748,20000,20000,20,,
walker2d-medium-replay-v2,2,ensemble,19,75,1,76.15766668199957,2758.9357521191123,19.50862179181432,20000,20000,20,,
walker2d-medium-replay-v2,2,ensemble,19,76,1,73.57077270383803,1973.173197539868,13.952441484359836,20000,20000,20,,
walker2d-medium-replay-v2,2,ensemble,19,77,1,82.0115298337565,2426.8357538515684,17.16032018374411,20000,20000,20,,
walker2d-medium-replay-v2,2,ensemble,19,78,1,94.09185889283224,3352.214155140443,23.703733610893405,20000,20000,20,,
walker2d-medium-replay-v2,2,ensemble,19,79,1,119.24301478554783,5487.610073420296,38.803262954230995,20000,20000,20,,
walker2d-medium-replay-v2,2,ensemble,19,80,1,137.13785160464673,6577.969039788048,46.51326514469291,20000,20000,20,,
walker2d-medium-replay-v2,2,ensemble,19,81,1,162.75049641995722,8799.404004654249,62.221182420910814,20000,20000,20,,
walker2d-medium-replay-v2,2,ensemble,19,82,1,197.77479177836184,12199.122520706283,86.26082258916942,20000,20000,20,,
walker2d-medium-replay-v2,2,ensemble,19,83,1,226.4870625579348,14139.140892519272,99.9788240525239,20000,20000,20,,
walker2d-medium-replay-v2,2,ensemble,19,84,1,284.2329087131481,21264.94637815308,150.36587785560354,20000,20000,20,,
walker2d-medium-replay-v2,2,ensemble,19,85,1,349.705672651658,30442.05976865725,215.25786895703723,20000,20000,20,,
walker2d-medium-replay-v2,2,ensemble,19,86,1,448.72561125167107,41495.511273326156,293.41757410171755,20000,20000,20,,
walker2d-medium-replay-v2,2,ensemble,19,87,1,370.98914194922554,27793.11980543904,196.52703484756083,20000,20000,20,,
walker2d-medium-replay-v2,2,ensemble,19,88,1,475.30945015537367,37975.920166855,268.53030671782136,20000,20000,20,,
walker2d-medium-replay-v2,2,ensemble,19,89,1,594.0301346928729,53256.431089999736,376.5798356553289,20000,20000,20,,
walker2d-medium-replay-v2,2,ensemble,19,90,1,464.7565680040309,32950.09256863305,232.99233896004895,20000,20000,20,,
walker2d-medium-replay-v2,2,ensemble,19,91,1,625.6796720841149,49153.428576861974,347.5672266526773,20000,20000,20,,
walker2d-medium-replay-v2,2,ensemble,19,92,1,650.5956546983161,51500.134887290114,364.16094610824734,20000,20000,20,,
walker2d-medium-replay-v2,2,ensemble,19,93,1,864.9603556816015,74334.6873437547,525.6256149815077,20000,20000,20,,
walker2d-medium-replay-v2,2,ensemble,19,94,1,812.3621683835343,58650.74889253619,414.7234226358173,20000,20000,20,,
walker2d-medium-replay-v2,2,ensemble,19,95,1,848.780689336247,58235.49187246753,411.7871120875586,20000,20000,20,,
walker2d-medium-replay-v2,2,ensemble,19,96,1,1044.0844888659283,78231.1780202232,553.1779647831181,20000,20000,20,,
walker2d-medium-replay-v2,2,ensemble,19,97,1,1064.7188959999996,74485.28295879129,526.690486787601,20000,20000,20,,
walker2d-medium-replay-v2,2,ensemble,19,98,1,1254.7277305681419,93995.64472662084,664.6495778819514,20000,20000,20,,
walker2d-medium-replay-v2,2,ensemble,19,99,1,1528.0017228625693,129366.84786022511,914.7617538269358,20000,20000,20,,
walker2d-medium-replay-v2,2,ensemble,19,100,1,1711.0642817316539,146245.6470863802,1034.1128877379408,20000,20000,20,,
walker2d-medium-replay-v2,2,rnn,0,1,4,0.08599869595146338,0.2546499517926385,0.001800647077414021,20000,20000,20,,
walker2d-medium-replay-v2,2,rnn,0,2,2,0.14720659721360116,0.42290639086509524,0.002990399767878374,20000,20000,20,,
walker2d-medium-replay-v2,2,rnn,0,3,2,0.20480165839545839,0.5802522664370752,0.0041030031239651914,20000,20000,20,,
walker2d-medium-replay-v2,2,rnn,0,4,1,0.3611075954547983,0.9137048865166302,0.00646086921259194,20000,20000,20,,
walker2d-medium-replay-v2,2,rnn,0,5,4,0.3824763884956898,0.995894529017644,0.007042037748149589,20000,20000,20,,
walker2d-medium-replay-v2,2,rnn,0,6,2,0.4376645826449987,1.143812254808072,0.00808797401779063,20000,20000,20,,
walker2d-medium-replay-v2,2,rnn,0,7,2,0.5083298690462159,1.266867441007849,0.008958105584010985,20000,20000,20,,
walker2d-medium-replay-v2,2,rnn,0,8,1,0.6608160555500561,1.5621903574575857,0.011046353952624955,20000,20000,20,,
walker2d-medium-replay-v2,2,rnn,0,9,1,0.7928345159783255,1.8996887897074632,0.013432828253462125,20000,20000,20,,
walker2d-medium-replay-v2,2,rnn,0,10,5,0.8247966806210616,1.9684598424885593,0.013919113031170634,20000,20000,20,,
walker2d-medium-replay-v2,2,rnn,0,11,4,0.8882424557027898,2.161666534013345,0.015285290648648569,20000,20000,20,,
walker2d-medium-replay-v2,2,rnn,0,12,4,0.9723168060104243,2.327363783987699,0.01645694713945685,20000,20000,20,,
walker2d-medium-replay-v2,2,rnn,0,13,4,1.0368506574663614,2.4612683820309686,0.0174037956325414,20000,20000,20,,
walker2d-medium-replay-v2,2,rnn,0,14,5,1.0901831728353248,2.5777542550217314,0.01822747513958343,20000,20000,20,,
walker2d-medium-replay-v2,2,rnn,0,15,4,1.13048022466429,2.643330516424538,0.018691169330811292,20000,20000,20,,
walker2d-medium-replay-v2,2,rnn,0,16,1,1.2520629440928213,2.794243592754345,0.01975828592723659,20000,20000,20,,
walker2d-medium-replay-v2,2,rnn,0,17,5,1.2962090042271661,2.838879493970997,0.020073909411583265,20000,20000,20,,
walker2d-medium-replay-v2,2,rnn,0,18,2,1.3335698086362904,2.8861315682117126,0.020408032032790666,20000,20000,20,,
walker2d-medium-replay-v2,2,rnn,0,19,2,1.4148154235967687,3.0234375568213907,0.021378931989224928,20000,20000,20,,
walker2d-medium-replay-v2,2,rnn,0,20,4,1.472822644522478,3.089594998322298,0.02184673574433737,20000,20000,20,,
walker2d-medium-replay-v2,2,rnn,0,21,2,1.5526320589074232,3.2468181982831053,0.02295847165285872,20000,20000,20,,
walker2d-medium-replay-v2,2,rnn,0,22,1,1.6557391035079454,3.3188926131257803,0.0234681147277118,20000,20000,20,,
walker2d-medium-replay-v2,2,rnn,0,23,5,1.719679753970108,3.4317994041589093,0.02426648630352718,20000,20000,20,,
walker2d-medium-replay-v2,2,rnn,0,24,3,1.79073143907536,3.575220985952507,0.02528063003407472,20000,20000,20,,
walker2d-medium-replay-v2,2,rnn,0,25,2,1.8587390943739228,3.72640332360831,0.026349650595595246,20000,20000,20,,
walker2d-medium-replay-v2,2,rnn,0,26,4,1.9260876349700098,3.800014524302866,0.02687016038741929,20000,20000,20,,
walker2d-medium-replay-v2,2,rnn,0,27,5,2.0009204926275292,3.8382156581699793,0.0271402831954838,20000,20000,20,,
walker2d-medium-replay-v2,2,rnn,0,28,5,2.0503957605247582,3.9218914088653722,0.027731960102859672,20000,20000,20,,
walker2d-medium-replay-v2,2,rnn,0,29,3,2.1023097028573785,3.937305626001086,0.027840955077493124,20000,20000,20,,
walker2d-medium-replay-v2,2,rnn,0,30,1,2.235144420439301,4.094656496130348,0.028953593750433174,20000,20000,20,,
walker2d-medium-replay-v2,2,rnn,0,31,3,2.3188456269578275,4.2615935216128245,0.03013401677793088,20000,20000,20,,
walker2d-medium-replay-v2,2,rnn,0,32,4,2.4072135342910803,4.4435619497302525,0.03142072787276778,20000,20000,20,,
walker2d-medium-replay-v2,2,rnn,0,33,1,2.5177367488967373,4.5015504720357455,0.031830768646299794,20000,20000,20,,
walker2d-medium-replay-v2,2,rnn,0,34,3,2.614975956052925,4.6449109068351015,0.03284448000230456,20000,20000,20,,
walker2d-medium-replay-v2,2,rnn,0,35,1,2.748872747189426,4.803678769630168,0.03396713832647343,20000,20000,20,,
walker2d-medium-replay-v2,2,rnn,0,36,2,2.832875646319219,4.825263112256011,0.034119762676855306,20000,20000,20,,
walker2d-medium-replay-v2,2,rnn,0,37,2,2.918143210007061,4.967215561432641,0.03512351807104364,20000,20000,20,,
walker2d-medium-replay-v2,2,rnn,0,38,5,3.0015359783401983,5.113965007494207,0.03616119335549867,20000,20000,20,,
walker2d-medium-replay-v2,2,rnn,0,39,1,3.1489530224798385,5.287270311302141,0.03738664691088052,20000,20000,20,,
walker2d-medium-replay-v2,2,rnn,0,40,5,3.253769856816301,5.411651710443262,0.038266156218742096,20000,20000,20,,
walker2d-medium-replay-v2,2,rnn,0,41,2,3.335650586292217,5.494469080137085,0.03885176345584745,20000,20000,20,,
walker2d-medium-replay-v2,2,rnn,0,42,4,3.3864821020046287,5.526353123416388,0.03907721768799185,20000,20000,20,,
walker2d-medium-replay-v2,2,rnn,0,43,2,3.48736283004138,5.661180034963758,0.04003058792240769,20000,20000,20,,
walker2d-medium-replay-v2,2,rnn,0,44,5,3.520229397586328,5.632968911178669,0.0398311051530744,20000,20000,20,,
walker2d-medium-replay-v2,2,rnn,0,45,5,3.5704407600159,5.742868620025947,0.04060821344683777,20000,20000,20,,
walker2d-medium-replay-v2,2,rnn,0,46,1,3.746290655609381,5.956196463523205,0.042116669094365906,20000,20000,20,,
walker2d-medium-replay-v2,2,rnn,0,47,1,3.853403570012084,6.0326508865475725,0.04265728350408826,20000,20000,20,,
walker2d-medium-replay-v2,2,rnn,0,48,5,3.9491809843636956,6.091470980004018,0.04307320437361905,20000,20000,20,,
walker2d-medium-replay-v2,2,rnn,0,49,3,4.000006612087268,6.1376698398473,0.04339987964440177,20000,20000,20,,
walker2d-medium-replay-v2,2,rnn,0,50,3,4.081205518205298,6.258223539426335,0.04425232302909638,20000,20000,20,,
walker2d-medium-replay-v2,2,rnn,0,51,4,4.149889698891203,6.3059017924368375,0.044589459189284926,20000,20000,20,,
walker2d-medium-replay-v2,2,rnn,0,52,3,4.209111989244394,6.296638036522568,0.044523954543022555,20000,20000,20,,
walker2d-medium-replay-v2,2,rnn,0,53,1,4.319936118756696,6.454491433408675,0.045640146616737536,20000,20000,20,,
walker2d-medium-replay-v2,2,rnn,0,54,1,4.480234875285092,6.679203053047241,0.047229097717315954,20000,20000,20,,
walker2d-medium-replay-v2,2,rnn,0,55,5,4.597189914002265,6.7927514236755675,0.048032005945955684,20000,20000,20,,
walker2d-medium-replay-v2,2,rnn,0,56,2,4.676540402181105,6.848094952581742,0.04842334379179918,20000,20000,20,,
walker2d-medium-replay-v2,2,rnn,0,57,1,4.818283832883267,7.0305760888185915,0.04971368028051621,20000,20000,20,,
walker2d-medium-replay-v2,2,rnn,0,58,5,4.885700208174233,7.053796446168765,0.049877873001955036,20000,20000,20,,
walker2d-medium-replay-v2,2,rnn,0,59,3,4.914671620153459,7.122883839313516,0.05036639464382658,20000,20000,20,,
walker2d-medium-replay-v2,2,rnn,0,60,3,4.98413745037078,7.165140118617678,0.05066519166026344,20000,20000,20,,
walker2d-medium-replay-v2,2,rnn,0,61,1,5.108332698609451,7.272986580247139,0.0514277813037151,20000,20000,20,,
walker2d-medium-replay-v2,2,rnn,0,62,3,5.205353302100032,7.353071773171874,0.05199406913361223,20000,20000,20,,
walker2d-medium-replay-v2,2,rnn,0,63,3,5.297545966014676,7.495980184042824,0.05300458419776665,20000,20000,20,,
walker2d-medium-replay-v2,2,rnn,0,64,5,5.436106859716363,7.701754847662183,0.05445963079818295,20000,20000,20,,
walker2d-medium-replay-v2,2,rnn,0,65,2,5.502055066217455,7.729080006084344,0.05465284884635602,20000,20000,20,,
walker2d-medium-replay-v2,2,rnn,0,66,5,5.541072635551903,7.641919749201982,0.054036532759441216,20000,20000,20,,
walker2d-medium-replay-v2,2,rnn,0,67,2,5.626396696312509,7.771694203920454,0.0549541767290034,20000,20000,20,,
walker2d-medium-replay-v2,2,rnn,0,68,2,5.704124858114711,7.799410139021214,0.05515015798557014,20000,20000,20,,
walker2d-medium-replay-v2,2,rnn,0,69,4,5.79222235835115,7.929847052882058,0.05607248624865062,20000,20000,20,,
walker2d-medium-replay-v2,2,rnn,0,70,2,5.906031734485493,8.155325876257768,0.057666862298879906,20000,20000,20,,
walker2d-medium-replay-v2,2,rnn,0,71,4,5.9954947048295155,8.199950327453582,0.05798240481935278,20000,20000,20,,
walker2d-medium-replay-v2,2,rnn,0,72,3,6.085082612662741,8.28671385587914,0.05859591561244663,20000,20000,20,,
walker2d-medium-replay-v2,2,rnn,0,73,2,6.17668421791602,8.42203688547887,0.05955279393125339,20000,20000,20,,
walker2d-medium-replay-v2,2,rnn,0,74,4,6.258736075937666,8.530051176801784,0.060316570309848314,20000,20000,20,,
walker2d-medium-replay-v2,2,rnn,0,75,1,6.4130889382975536,8.665584053478149,0.06127493247156409,20000,20000,20,,
walker2d-medium-replay-v2,2,rnn,0,76,4,6.5325558651234665,8.676034362654626,0.06134882731640592,20000,20000,20,,
walker2d-medium-replay-v2,2,rnn,0,77,4,6.621866971680485,8.762876855523324,0.06196289647243192,20000,20000,20,,
walker2d-medium-replay-v2,2,rnn,0,78,2,6.73305354961828,8.963446731178278,0.06338113966420553,20000,20000,20,,
walker2d-medium-replay-v2,2,rnn,0,79,4,6.8841015802756305,9.1189622826605,0.06448080067453597,20000,20000,20,,
walker2d-medium-replay-v2,2,rnn,0,80,2,6.993640124809783,9.231454991047315,0.06527624424387955,20000,20000,20,,
walker2d-medium-replay-v2,2,rnn,0,81,4,7.124519973871944,9.409769122982143,0.06653711556260465,20000,20000,20,,
walker2d-medium-replay-v2,2,rnn,0,82,1,7.330597753123149,9.785394461433413,0.06919318780264849,20000,20000,20,,
walker2d-medium-replay-v2,2,rnn,0,83,3,7.412796711776735,9.827382941039374,0.06949009118925939,20000,20000,20,,
walker2d-medium-replay-v2,2,rnn,0,84,1,7.714528272047851,10.36416690676656,0.07328572701123838,20000,20000,20,,
walker2d-medium-replay-v2,2,rnn,0,85,1,8.022384724583803,10.846045880959888,0.07669312591487158,20000,20000,20,,
walker2d-medium-replay-v2,2,rnn,0,86,3,8.03682406576226,10.70702997242094,0.0757101349986646,20000,20000,20,,
walker2d-medium-replay-v2,2,rnn,0,87,2,8.208548351240918,10.991131942393654,0.07771903929382622,20000,20000,20,,
walker2d-medium-replay-v2,2,rnn,0,88,1,8.477859457035363,11.372404033603903,0.08041504010554565,20000,20000,20,,
walker2d-medium-replay-v2,2,rnn,0,89,1,8.81979656617945,12.085929024528276,0.0854604237018326,20000,20000,20,,
walker2d-medium-replay-v2,2,rnn,0,90,5,8.846114502412437,11.753663178670335,0.08311094937420425,20000,20000,20,,
walker2d-medium-replay-v2,2,rnn,0,91,1,9.188028655054387,12.49963278554211,0.0883857510499852,20000,20000,20,,
walker2d-medium-replay-v2,2,rnn,0,92,2,9.277821898280187,12.665876916500217,0.08956127457331461,20000,20000,20,,
walker2d-medium-replay-v2,2,rnn,0,93,4,9.37900331836532,12.907608145627487,0.09127057248671913,20000,20000,20,,
walker2d-medium-replay-v2,2,rnn,0,94,2,9.54805301411819,13.122963108015579,0.09279336202938708,20000,20000,20,,
walker2d-medium-replay-v2,2,rnn,0,95,1,9.834452977945386,13.682663808643573,0.09675104363787623,20000,20000,20,,
walker2d-medium-replay-v2,2,rnn,0,96,2,10.055202425878504,14.077530163970156,0.09954317041301468,20000,20000,20,,
walker2d-medium-replay-v2,2,rnn,0,97,5,10.19125079055565,14.028006454002282,0.09919298490153668,20000,20000,20,,
walker2d-medium-replay-v2,2,rnn,0,98,5,10.311121810294553,14.028151749490414,0.09919401229578602,20000,20000,20,,
walker2d-medium-replay-v2,2,rnn,0,99,4,10.561066000664438,14.58876264601785,0.10315812996120222,20000,20000,20,,
walker2d-medium-replay-v2,2,rnn,0,100,1,10.884135414689283,15.215172775467247,0.10758751846457833,20000,20000,20,,
walker2d-medium-replay-v2,2,rnn,1,1,4,0.08562092414073175,0.2527307115621763,0.0017870759995971626,20000,20000,20,,
walker2d-medium-replay-v2,2,rnn,1,2,5,0.1351698727048181,0.37874890229987834,0.0026781591718320515,20000,20000,20,,
walker2d-medium-replay-v2,2,rnn,1,3,3,0.18239166721412153,0.5130613906369896,0.003627891884844156,20000,20000,20,,
walker2d-medium-replay-v2,2,rnn,1,4,1,0.33919090381438,0.9128870710921669,0.006455086384267971,20000,20000,20,,
walker2d-medium-replay-v2,2,rnn,1,5,4,0.35642135276003223,0.9540352427419031,0.006746047896337536,20000,20000,20,,
walker2d-medium-replay-v2,2,rnn,1,6,1,0.5133255636942671,1.3424920143914674,0.009492852070649947,20000,20000,20,,
walker2d-medium-replay-v2,2,rnn,1,7,1,0.6387050430124763,1.5969734698497429,0.011292307699057636,20000,20000,20,,
walker2d-medium-replay-v2,2,rnn,1,8,3,0.6649097316960623,1.7030349428930873,0.012042275567173468,20000,20000,20,,
walker2d-medium-replay-v2,2,rnn,1,9,5,0.734290302621927,1.8406773784072696,0.013015554562484571,20000,20000,20,,
walker2d-medium-replay-v2,2,rnn,1,10,5,0.8155612078081206,1.995186590216111,0.014108099676742774,20000,20000,20,,
walker2d-medium-replay-v2,2,rnn,1,11,3,0.9057278017218748,2.2617415273477186,0.01599292771278791,20000,20000,20,,
walker2d-medium-replay-v2,2,rnn,1,12,5,0.9577581076968518,2.3499895187799305,0.016616935244466002,20000,20000,20,,
walker2d-medium-replay-v2,2,rnn,1,13,1,1.0614048366240538,2.4363354708346336,0.017227493326724894,20000,20000,20,,
walker2d-medium-replay-v2,2,rnn,1,14,1,1.1611443139862916,2.6684291575612615,0.018868643524274743,20000,20000,20,,
walker2d-medium-replay-v2,2,rnn,1,15,2,1.2202962921734486,2.846934057114288,0.020130863773764426,20000,20000,20,,
walker2d-medium-replay-v2,2,rnn,1,16,5,1.2683755471518785,2.876909707552652,0.020342823630718876,20000,20000,20,,
walker2d-medium-replay-v2,2,rnn,1,17,1,1.3699969844519218,2.9599521283821186,0.020930022219665504,20000,20000,20,,
walker2d-medium-replay-v2,2,rnn,1,18,4,1.4324974129207233,3.0457275748888692,0.021536546218507775,20000,20000,20,,
walker2d-medium-replay-v2,2,rnn,1,19,1,1.542493168880029,3.202435148554971,0.022644636098533684,20000,20000,20,,
walker2d-medium-replay-v2,2,rnn,1,20,4,1.6102057883612946,3.369283495869716,0.023824432076693932,20000,20000,20,,
walker2d-medium-replay-v2,2,rnn,1,21,1,1.6965842929712214,3.399496377254014,0.02403806940975415,20000,20000,20,,
walker2d-medium-replay-v2,2,rnn,1,22,3,1.7506187136331048,3.4994894462006148,0.024745127180992105,20000,20000,20,,
walker2d-medium-replay-v2,2,rnn,1,23,5,1.7948609108455065,3.562018748511367,0.025187276117860067,20000,20000,20,,
walker2d-medium-replay-v2,2,rnn,1,24,5,1.887960168570335,3.7425679637936096,0.026463951862499904,20000,20000,20,,
walker2d-medium-replay-v2,2,rnn,1,25,5,1.9645165535979456,3.928191528338214,0.02777650867487499,20000,20000,20,,
walker2d-medium-replay-v2,2,rnn,1,26,4,2.022213240312226,3.971574722770944,0.02808327418460417,20000,20000,20,,
walker2d-medium-replay-v2,2,rnn,1,27,1,2.069153769662723,4.001821810924494,0.028297153396049397,20000,20000,20,,
walker2d-medium-replay-v2,2,rnn,1,28,4,2.14535442360501,4.027945439002389,0.028481875341680143,20000,20000,20,,
walker2d-medium-replay-v2,2,rnn,1,29,5,2.2241484602374957,4.139642730422926,0.02927169446371646,20000,20000,20,,
walker2d-medium-replay-v2,2,rnn,1,30,5,2.2881780047687346,4.105467539135423,0.029030039368639054,20000,20000,20,,
walker2d-medium-replay-v2,2,rnn,1,31,2,2.3900378354210114,4.2599326899952965,0.03012227292493925,20000,20000,20,,
walker2d-medium-replay-v2,2,rnn,1,32,3,2.463421891145126,4.398092119257457,0.03109920761810062,20000,20000,20,,
walker2d-medium-replay-v2,2,rnn,1,33,1,2.5821771059234475,4.519599282957744,0.031958393012252784,20000,20000,20,,
walker2d-medium-replay-v2,2,rnn,1,34,5,2.6663785699011595,4.656879848905528,0.032929113203320835,20000,20000,20,,
walker2d-medium-replay-v2,2,rnn,1,35,2,2.745869414702689,4.781050221387345,0.03380713032736436,20000,20000,20,,
walker2d-medium-replay-v2,2,rnn,1,36,4,2.826917425589086,4.8604750388107405,0.03436874859731022,20000,20000,20,,
walker2d-medium-replay-v2,2,rnn,1,37,1,2.9580310073860248,5.050569704473213,0.03571292086888346,20000,20000,20,,
walker2d-medium-replay-v2,2,rnn,1,38,3,3.0019074753619126,5.062745718527559,0.03579901828993997,20000,20000,20,,
walker2d-medium-replay-v2,2,rnn,1,39,2,3.060573179072267,5.138811206029997,0.03633688251021231,20000,20000,20,,
walker2d-medium-replay-v2,2,rnn,1,40,5,3.163181788212053,5.2508525201049405,0.037129134239766756,20000,20000,20,,
walker2d-medium-replay-v2,2,rnn,1,41,3,3.2667929407691805,5.432986907728128,0.038417018845522906,20000,20000,20,,
walker2d-medium-replay-v2,2,rnn,1,42,1,3.398464117827035,5.4998414182741175,0.03888975162312267,20000,20000,20,,
walker2d-medium-replay-v2,2,rnn,1,43,2,3.493715962079109,5.635493990654338,0.03984896016127721,20000,20000,20,,
walker2d-medium-replay-v2,2,rnn,1,44,4,3.564345762087955,5.708880204632242,0.040367879056771035,20000,20000,20,,
walker2d-medium-replay-v2,2,rnn,1,45,1,3.67422994830606,5.728643372583185,0.040507625757529434,20000,20000,20,,
walker2d-medium-replay-v2,2,rnn,1,46,5,3.756882026995532,5.832868501237493,0.04124460870994445,20000,20000,20,,
walker2d-medium-replay-v2,2,rnn,1,47,2,3.8359244220058697,5.938614080543356,0.04199234287202121,20000,20000,20,,
walker2d-medium-replay-v2,2,rnn,1,48,2,3.905331258952331,6.001295185560381,0.042435565216119256,20000,20000,20,,
walker2d-medium-replay-v2,2,rnn,1,49,5,4.007053624582487,6.081792341179081,0.043004766062161366,20000,20000,20,,
walker2d-medium-replay-v2,2,rnn,1,50,5,4.1057468655574425,6.23464332224715,0.04408558571440385,20000,20000,20,,
walker2d-medium-replay-v2,2,rnn,1,51,2,4.155476965009198,6.336344411273479,0.04480472101144959,20000,20000,20,,
walker2d-medium-replay-v2,2,rnn,1,52,2,4.249706008056978,6.525303480695857,0.04614086340500222,20000,20000,20,,
walker2d-medium-replay-v2,2,rnn,1,53,2,4.3355359204610515,6.567742736072014,0.0464409542576521,20000,20000,20,,
walker2d-medium-replay-v2,2,rnn,1,54,5,4.435380726029724,6.653112870133762,0.04704461226471077,20000,20000,20,,
walker2d-medium-replay-v2,2,rnn,1,55,4,4.491416621349455,6.649523223804365,0.04701922963209499,20000,20000,20,,
walker2d-medium-replay-v2,2,rnn,1,56,3,4.557108341976492,6.71601469597413,0.047489395340718166,20000,20000,20,,
walker2d-medium-replay-v2,2,rnn,1,57,3,4.62828344621229,6.823663955449554,0.04825059055436599,20000,20000,20,,
walker2d-medium-replay-v2,2,rnn,1,58,2,4.689421335421591,6.882791961060302,0.04866868869161995,20000,20000,20,,
walker2d-medium-replay-v2,2,rnn,1,59,2,4.8123401578739085,6.982065620197064,0.049370659467308016,20000,20000,20,,
walker2d-medium-replay-v2,2,rnn,1,60,1,4.958230115951505,7.129126918860482,0.05041053988265805,20000,20000,20,,
walker2d-medium-replay-v2,2,rnn,1,61,2,5.080255768678854,7.301277123544282,0.051627825653803715,20000,20000,20,,
walker2d-medium-replay-v2,2,rnn,1,62,2,5.1833986662160285,7.434793451924115,0.05257192866576881,20000,20000,20,,
walker2d-medium-replay-v2,2,rnn,1,63,4,5.2422084586028825,7.457404434859754,0.052731812459399646,20000,20000,20,,
walker2d-medium-replay-v2,2,rnn,1,64,3,5.311295656014583,7.51357492984045,0.0531289978384342,20000,20000,20,,
walker2d-medium-replay-v2,2,rnn,1,65,2,5.397945474228324,7.573839608872711,0.053555133470531625,20000,20000,20,,
walker2d-medium-replay-v2,2,rnn,1,66,2,5.508736588380856,7.698661194622744,0.05443775536775469,20000,20000,20,,
walker2d-medium-replay-v2,2,rnn,1,67,5,5.604994192114787,7.683474344527289,0.054330368120881094,20000,20000,20,,
walker2d-medium-replay-v2,2,rnn,1,68,2,5.70087206891798,7.756263977685816,0.05484506855294585,20000,20000,20,,
walker2d-medium-replay-v2,2,rnn,1,69,5,5.79004859673357,7.837898509718958,0.0554223118647421,20000,20000,20,,
walker2d-medium-replay-v2,2,rnn,1,70,3,5.849007917394597,7.866326817594357,0.055623330357505635,20000,20000,20,,
walker2d-medium-replay-v2,2,rnn,1,71,4,5.948442250598395,7.976701207676568,0.05640379515447024,20000,20000,20,,
walker2d-medium-replay-v2,2,rnn,1,72,1,6.119814294115341,8.212492347171958,0.05807109029127917,20000,20000,20,,
walker2d-medium-replay-v2,2,rnn,1,73,3,6.203775466067075,8.257312026583834,0.05838801328370662,20000,20000,20,,
walker2d-medium-replay-v2,2,rnn,1,74,1,6.413208368002785,8.573352357256457,0.06062275589317713,20000,20000,20,,
walker2d-medium-replay-v2,2,rnn,1,75,3,6.477263112611078,8.584736873884427,0.060703256582258815,20000,20000,20,,
walker2d-medium-replay-v2,2,rnn,1,76,3,6.580173810493328,8.722490282962704,0.06167732027916696,20000,20000,20,,
walker2d-medium-replay-v2,2,rnn,1,77,5,6.7008097201872125,8.773077998406153,0.062035029445514936,20000,20000,20,,
walker2d-medium-replay-v2,2,rnn,1,78,2,6.808820578752509,8.922080480382634,0.0630886360997069,20000,20000,20,,
walker2d-medium-replay-v2,2,rnn,1,79,2,6.936927723085423,9.041208243852346,0.0639309965934771,20000,20000,20,,
walker2d-medium-replay-v2,2,rnn,1,80,5,6.971012053957698,9.025509810800422,0.06381999190882692,20000,20000,20,,
walker2d-medium-replay-v2,2,rnn,1,81,1,7.181586625150847,9.31769666816506,0.06588606499098815,20000,20000,20,,
walker2d-medium-replay-v2,2,rnn,1,82,3,7.298474499704042,9.475326926780566,0.06700067923886027,20000,20000,20,,
walker2d-medium-replay-v2,2,rnn,1,83,3,7.44608358838433,9.705713415289157,0.06862975772204209,20000,20000,20,,
walker2d-medium-replay-v2,2,rnn,1,84,5,7.585794370226777,9.952803352326185,0.07037694742246048,20000,20000,20,,
walker2d-medium-replay-v2,2,rnn,1,85,2,7.688218298525366,9.973878465741166,0.07052597097856056,20000,20000,20,,
walker2d-medium-replay-v2,2,rnn,1,86,5,7.838888984881205,10.118468584179482,0.07154837751096356,20000,20000,20,,
walker2d-medium-replay-v2,2,rnn,1,87,3,7.966171540177695,10.366570568081928,0.07330272346339611,20000,20000,20,,
walker2d-medium-replay-v2,2,rnn,1,88,4,8.086717241900228,10.59389435896899,0.07491014540400885,20000,20000,20,,
walker2d-medium-replay-v2,2,rnn,1,89,4,8.225268748402849,10.914138675503875,0.07717461468259154,20000,20000,20,,
walker2d-medium-replay-v2,2,rnn,1,90,5,8.403661408381051,11.31385670328077,0.0800010479626271,20000,20000,20,,
walker2d-medium-replay-v2,2,rnn,1,91,4,8.57337256089979,11.509060401596582,0.08138134655054513,20000,20000,20,,
walker2d-medium-replay-v2,2,rnn,1,92,3,8.688922105113392,11.549518076439352,0.08166742551286875,20000,20000,20,,
walker2d-medium-replay-v2,2,rnn,1,93,3,8.827307642844094,11.69152466682374,0.08267156374320857,20000,20000,20,,
walker2d-medium-replay-v2,2,rnn,1,94,2,9.0652948265893,12.162783989198836,0.08600387036869664,20000,20000,20,,
walker2d-medium-replay-v2,2,rnn,1,95,1,9.391924254336706,12.628723060361118,0.08929855713708275,20000,20000,20,,
walker2d-medium-replay-v2,2,rnn,1,96,1,9.852726592147384,13.308120890448064,0.09410262526486181,20000,20000,20,,
walker2d-medium-replay-v2,2,rnn,1,97,1,10.344066609718432,14.21103315051521,0.1004871790839613,20000,20000,20,,
walker2d-medium-replay-v2,2,rnn,1,98,4,10.28509899293013,13.913700423798101,0.09838471921065776,20000,20000,20,,
walker2d-medium-replay-v2,2,rnn,1,99,4,10.4725429068256,14.12866442888393,0.09990474426772986,20000,20000,20,,
walker2d-medium-replay-v2,2,rnn,1,100,4,10.781042454690542,14.708244567777333,0.10400299473225552,20000,20000,20,,
walker2d-medium-replay-v2,2,rnn,2,1,1,0.2058377730383541,0.5808239116908698,0.004107045266319104,20000,20000,20,,
walker2d-medium-replay-v2,2,rnn,2,2,3,0.22328091475570983,0.7008386004664483,0.00495567726907115,20000,20000,20,,
walker2d-medium-replay-v2,2,rnn,2,3,5,0.26363503757862394,0.8011523081192707,0.005665002298343907,20000,20000,20,,
walker2d-medium-replay-v2,2,rnn,2,4,1,0.42586358579839073,1.1590826745239045,0.008195952191116927,20000,20000,20,,
walker2d-medium-replay-v2,2,rnn,2,5,5,0.46268505331342347,1.2265836768204699,0.008673256355724829,20000,20000,20,,
walker2d-medium-replay-v2,2,rnn,2,6,5,0.5113228767814915,1.381508955388031,0.009768743506248203,20000,20000,20,,
walker2d-medium-replay-v2,2,rnn,2,7,3,0.5739491203881115,1.5004710030684811,0.010609932212435039,20000,20000,20,,
walker2d-medium-replay-v2,2,rnn,2,8,2,0.6495738883868794,1.6669878470383899,0.011787384107964087,20000,20000,20,,
walker2d-medium-replay-v2,2,rnn,2,9,3,0.7154836437159391,1.8347225459882364,0.012973447538641292,20000,20000,20,,
walker2d-medium-replay-v2,2,rnn,2,10,1,0.8434575014305796,2.0446943648484344,0.014458172508382485,20000,20000,20,,
walker2d-medium-replay-v2,2,rnn,2,11,1,0.9459550999418042,2.220137471758242,0.0156987426144661,20000,20000,20,,
walker2d-medium-replay-v2,2,rnn,2,12,1,1.0609690528573326,2.426225378278166,0.017156004176673876,20000,20000,20,,
walker2d-medium-replay-v2,2,rnn,2,13,3,1.1127864724429262,2.534771832967675,0.017923543518520976,20000,20000,20,,
walker2d-medium-replay-v2,2,rnn,2,14,4,1.1813263521769415,2.7439207120501914,0.0194024494252891,20000,20000,20,,
walker2d-medium-replay-v2,2,rnn,2,15,3,1.2607258002939867,2.858240167825935,0.020210810049294942,20000,20000,20,,
walker2d-medium-replay-v2,2,rnn,2,16,4,1.308164504398303,2.9480338030730784,0.020845746933201407,20000,20000,20,,
walker2d-medium-replay-v2,2,rnn,2,17,2,1.3423917254378375,3.0031549047464323,0.021235511980998423,20000,20000,20,,
walker2d-medium-replay-v2,2,rnn,2,18,2,1.4055503558733755,3.1040669105336955,0.021949067616951524,20000,20000,20,,
walker2d-medium-replay-v2,2,rnn,2,19,4,1.4735301161032257,3.180507118158412,0.022489581508618968,20000,20000,20,,
walker2d-medium-replay-v2,2,rnn,2,20,2,1.5443035663543367,3.2798967362738742,0.023192372238108817,20000,20000,20,,
walker2d-medium-replay-v2,2,rnn,2,21,5,1.6056516169756097,3.3883959460140307,0.02395957750771528,20000,20000,20,,
walker2d-medium-replay-v2,2,rnn,2,22,1,1.6975834738483813,3.401895282591864,0.02405503223207233,20000,20000,20,,
walker2d-medium-replay-v2,2,rnn,2,23,5,1.759899423138498,3.5197280259951333,0.024888235551134997,20000,20000,20,,
walker2d-medium-replay-v2,2,rnn,2,24,1,1.8681139982398054,3.70044529016227,0.026166099580835624,20000,20000,20,,
walker2d-medium-replay-v2,2,rnn,2,25,3,1.926755688618467,3.7168806416050026,0.02628231506539903,20000,20000,20,,
walker2d-medium-replay-v2,2,rnn,2,26,5,1.9932253762353307,3.7767870862397617,0.026705917597779176,20000,20000,20,,
walker2d-medium-replay-v2,2,rnn,2,27,2,2.0607740102231578,3.906755051486786,0.02762492989341106,20000,20000,20,,
walker2d-medium-replay-v2,2,rnn,2,28,3,2.1430843978906267,3.9935915056445226,0.02823895634930236,20000,20000,20,,
walker2d-medium-replay-v2,2,rnn,2,29,3,2.1922745093094305,4.112829193799255,0.029082094127974547,20000,20000,20,,
walker2d-medium-replay-v2,2,rnn,2,30,4,2.2725649010446634,4.2128065231496725,0.029789040603460555,20000,20000,20,,
walker2d-medium-replay-v2,2,rnn,2,31,2,2.359093254052759,4.312775449449742,0.030495927660407724,20000,20000,20,,
walker2d-medium-replay-v2,2,rnn,2,32,2,2.462915369917356,4.491623490146587,0.0317605742841944,20000,20000,20,,
walker2d-medium-replay-v2,2,rnn,2,33,4,2.5319308326615837,4.538030525114186,0.0320887215753979,20000,20000,20,,
walker2d-medium-replay-v2,2,rnn,2,34,5,2.5969687581060725,4.626470968375979,0.032714089947013476,20000,20000,20,,
walker2d-medium-replay-v2,2,rnn,2,35,2,2.6840165798944455,4.713088722207057,0.0333265699580645,20000,20000,20,,
walker2d-medium-replay-v2,2,rnn,2,36,2,2.782298668212939,4.907057739761236,0.03469813803459103,20000,20000,20,,
walker2d-medium-replay-v2,2,rnn,2,37,4,2.850927766647365,4.9773083880629745,0.03519488513256013,20000,20000,20,,
walker2d-medium-replay-v2,2,rnn,2,38,1,2.9913377934656507,5.0636782611334485,0.03580561236194367,20000,20000,20,,
walker2d-medium-replay-v2,2,rnn,2,39,4,3.0827902087383365,5.187141475697728,0.036678629124398586,20000,20000,20,,
walker2d-medium-replay-v2,2,rnn,2,40,3,3.156714292547821,5.280421775192684,0.037338220447638536,20000,20000,20,,
walker2d-medium-replay-v2,2,rnn,2,41,3,3.2467148525561265,5.4150330135460045,0.03829006564227406,20000,20000,20,,
walker2d-medium-replay-v2,2,rnn,2,42,5,3.3328641717338687,5.518126431908165,0.03901904619446991,20000,20000,20,,
walker2d-medium-replay-v2,2,rnn,2,43,5,3.4329254375968055,5.624457968490426,0.03977092370018293,20000,20000,20,,
walker2d-medium-replay-v2,2,rnn,2,44,5,3.510605823667487,5.754868133358765,0.040693062819323514,20000,20000,20,,
walker2d-medium-replay-v2,2,rnn,2,45,4,3.6019990656582688,5.879531159732097,0.04157456353244172,20000,20000,20,,
walker2d-medium-replay-v2,2,rnn,2,46,3,3.6923654499375633,6.026233306456458,0.04261190436007591,20000,20000,20,,
walker2d-medium-replay-v2,2,rnn,2,47,3,3.7493705501270167,6.005521334960144,0.04246544860510805,20000,20000,20,,
walker2d-medium-replay-v2,2,rnn,2,48,5,3.7970389723332016,6.052817943616078,0.042799886132185425,20000,20000,20,,
walker2d-medium-replay-v2,2,rnn,2,49,3,3.8621531072570914,6.139344366334226,0.04341172033474359,20000,20000,20,,
walker2d-medium-replay-v2,2,rnn,2,50,3,3.9493252136621524,6.232617130328313,0.0440712583739459,20000,20000,20,,
walker2d-medium-replay-v2,2,rnn,2,51,2,4.025949391671477,6.236257273765235,0.04409699807503329,20000,20000,20,,
walker2d-medium-replay-v2,2,rnn,2,52,3,4.11260442211733,6.272232660440271,0.04435138247377055,20000,20000,20,,
walker2d-medium-replay-v2,2,rnn,2,53,3,4.195708236328447,6.388572029825983,0.045174026043886595,20000,20000,20,,
walker2d-medium-replay-v2,2,rnn,2,54,2,4.2927125732754225,6.49783813391593,0.04594665407544495,20000,20000,20,,
walker2d-medium-replay-v2,2,rnn,2,55,4,4.386720403567509,6.551011748526451,0.046322648310157956,20000,20000,20,,
walker2d-medium-replay-v2,2,rnn,2,56,3,4.458369566516601,6.597647702582779,0.04665241430376129,20000,20000,20,,
walker2d-medium-replay-v2,2,rnn,2,57,2,4.52256877760558,6.707624219916862,0.04743006571554339,20000,20000,20,,
walker2d-medium-replay-v2,2,rnn,2,58,4,4.616992459392436,6.836408082001251,0.048340705137416035,20000,20000,20,,
walker2d-medium-replay-v2,2,rnn,2,59,1,4.768057435224382,7.020762527037967,0.049644287919689487,20000,20000,20,,
walker2d-medium-replay-v2,2,rnn,2,60,5,4.866865200475865,7.041417603100368,0.049790341363185955,20000,20000,20,,
walker2d-medium-replay-v2,2,rnn,2,61,1,5.0315795440685225,7.259233441347428,0.05133053192592924,20000,20000,20,,
walker2d-medium-replay-v2,2,rnn,2,62,5,5.143369407631211,7.331679400665423,0.05184280221696243,20000,20000,20,,
walker2d-medium-replay-v2,2,rnn,2,63,5,5.245676197603975,7.451084965944071,0.05268712706616188,20000,20000,20,,
walker2d-medium-replay-v2,2,rnn,2,64,4,5.3515157592774285,7.572396413192175,0.053544928536008764,20000,20000,20,,
walker2d-medium-replay-v2,2,rnn,2,65,5,5.440904614567605,7.705715190541075,0.05448763465123783,20000,20000,20,,
walker2d-medium-replay-v2,2,rnn,2,66,5,5.54690764441971,7.827546197899237,0.05534910996585528,20000,20000,20,,
walker2d-medium-replay-v2,2,rnn,2,67,2,5.613982770865404,7.84456487485138,0.05546945018465211,20000,20000,20,,
walker2d-medium-replay-v2,2,rnn,2,68,2,5.698080648598613,7.8183295788868845,0.055283938627822805,20000,20000,20,,
walker2d-medium-replay-v2,2,rnn,2,69,3,5.79704031712041,7.952969488763317,0.05623598656074252,20000,20000,20,,
walker2d-medium-replay-v2,2,rnn,2,70,5,5.914624819949392,8.073105959786485,0.05708547969402555,20000,20000,20,,
walker2d-medium-replay-v2,2,rnn,2,71,5,5.991981334928806,8.194143846052686,0.057941346795618714,20000,20000,20,,
walker2d-medium-replay-v2,2,rnn,2,72,2,6.07938567915841,8.26101438913617,0.0584141929403783,20000,20000,20,,
walker2d-medium-replay-v2,2,rnn,2,73,5,6.184007311367484,8.357667660850044,0.05909763477890576,20000,20000,20,,
walker2d-medium-replay-v2,2,rnn,2,74,2,6.249487140030149,8.415810455450737,0.05950876642229863,20000,20000,20,,
walker2d-medium-replay-v2,2,rnn,2,75,1,6.438896191852996,8.68424887078865,0.06140691266046272,20000,20000,20,,
walker2d-medium-replay-v2,2,rnn,2,76,2,6.5596764313369595,8.854611533980933,0.06261155860450535,20000,20000,20,,
walker2d-medium-replay-v2,2,rnn,2,77,1,6.804227010311274,9.260805327020165,0.06548378245984461,20000,20000,20,,
walker2d-medium-replay-v2,2,rnn,2,78,1,7.064967440495951,9.84063662341541,0.06958380887609726,20000,20000,20,,
walker2d-medium-replay-v2,2,rnn,2,79,1,7.294829106790072,10.24937491274955,0.07247402503728485,20000,20000,20,,
walker2d-medium-replay-v2,2,rnn,2,80,1,7.487772930161789,10.605610748107706,0.07499299278611891,20000,20000,20,,
walker2d-medium-replay-v2,2,rnn,2,81,4,7.461347913153682,10.195360855057402,0.07209208797254966,20000,20000,20,,
walker2d-medium-replay-v2,2,rnn,2,82,4,7.613814679888089,10.228370126414848,0.07232549876873844,20000,20000,20,,
walker2d-medium-replay-v2,2,rnn,2,83,1,7.834913314797751,10.663614619537837,0.0754031420943521,20000,20000,20,,
walker2d-medium-replay-v2,2,rnn,2,84,5,7.862075083569533,10.470893484210075,0.07404039787766979,20000,20000,20,,
walker2d-medium-replay-v2,2,rnn,2,85,2,7.936752856917397,10.48869671171453,0.07416628570662387,20000,20000,20,,
walker2d-medium-replay-v2,2,rnn,2,86,3,8.081960667352384,10.65710730243615,0.07535712841385277,20000,20000,20,,
walker2d-medium-replay-v2,2,rnn,2,87,5,8.233670334688318,10.855705369865447,0.07676142881595076,20000,20000,20,,
walker2d-medium-replay-v2,2,rnn,2,88,1,8.46362509573112,11.46573620007762,0.08107499818370963,20000,20000,20,,
walker2d-medium-replay-v2,2,rnn,2,89,3,8.529571931247212,11.325183140401306,0.08008113796757323,20000,20000,20,,
walker2d-medium-replay-v2,2,rnn,2,90,1,8.887699723247493,11.986921849594928,0.08476033725401766,20000,20000,20,,
walker2d-medium-replay-v2,2,rnn,2,91,4,8.90032410540273,11.839491115273988,0.08371784453408117,20000,20000,20,,
walker2d-medium-replay-v2,2,rnn,2,92,5,9.065321430788478,12.014716292389052,0.08495687364380793,20000,20000,20,,
walker2d-medium-replay-v2,2,rnn,2,93,4,9.225752189581454,12.517735960551741,0.08851375982808837,20000,20000,20,,
walker2d-medium-replay-v2,2,rnn,2,94,5,9.399899364636184,12.882261607480562,0.09109134539668619,20000,20000,20,,
walker2d-medium-replay-v2,2,rnn,2,95,1,9.663769035764389,13.390261325040921,0.094683445847964,20000,20000,20,,
walker2d-medium-replay-v2,2,rnn,2,96,3,9.777971601489774,13.508769313508086,0.09552142387066309,20000,20000,20,,
walker2d-medium-replay-v2,2,rnn,2,97,1,10.334710916549428,14.816908571204854,0.1047713652692003,20000,20000,20,,
walker2d-medium-replay-v2,2,rnn,2,98,3,10.339292076668428,14.68878708514679,0.10386540955312676,20000,20000,20,,
walker2d-medium-replay-v2,2,rnn,2,99,3,10.543059609764303,15.164390326354503,0.10722843232324951,20000,20000,20,,
walker2d-medium-replay-v2,2,rnn,2,100,1,11.079635668017403,16.232953881881652,0.11478431768567006,20000,20000,20,,
walker2d-medium-replay-v2,2,rnn,3,1,2,0.0989139374298466,0.2868145491399277,0.0020280851263980515,20000,20000,20,,
walker2d-medium-replay-v2,2,rnn,3,2,1,0.2634283485096924,0.717460443083786,0.005073211445376501,20000,20000,20,,
walker2d-medium-replay-v2,2,rnn,3,3,3,0.280939132859058,0.8707497252921653,0.006157130354704135,20000,20000,20,,
walker2d-medium-replay-v2,2,rnn,3,4,5,0.31818022572831894,0.9438002488179054,0.006673675560246917,20000,20000,20,,
walker2d-medium-replay-v2,2,rnn,3,5,5,0.384552166522449,1.032264540272893,0.007299212564053766,20000,20000,20,,
walker2d-medium-replay-v2,2,rnn,3,6,3,0.45988848904937457,1.2648315056435313,0.008943709346989319,20000,20000,20,,
walker2d-medium-replay-v2,2,rnn,3,7,2,0.5181730874757152,1.3603747365008074,0.009619302011345837,20000,20000,20,,
walker2d-medium-replay-v2,2,rnn,3,8,3,0.5879646738161665,1.5918001498657408,0.01125572680263828,20000,20000,20,,
walker2d-medium-replay-v2,2,rnn,3,9,1,0.7255604527522448,1.7583424412426623,0.01243335863850795,20000,20000,20,,
walker2d-medium-replay-v2,2,rnn,3,10,4,0.7758584460393931,1.9817513413831813,0.014013098121175842,20000,20000,20,,
walker2d-medium-replay-v2,2,rnn,3,11,1,0.8951847507255803,2.104616147614997,0.014881883497732723,20000,20000,20,,
walker2d-medium-replay-v2,2,rnn,3,12,3,0.9532862072432019,2.3100567791157767,0.016334568134387203,20000,20000,20,,
walker2d-medium-replay-v2,2,rnn,3,13,2,1.0059119989173233,2.3916970166971683,0.01691185179050203,20000,20000,20,,
walker2d-medium-replay-v2,2,rnn,3,14,2,1.0787022308719618,2.4863795516363054,0.01758135841565599,20000,20000,20,,
walker2d-medium-replay-v2,2,rnn,3,15,4,1.13752131873943,2.6110848358382244,0.018463157936745717,20000,20000,20,,
walker2d-medium-replay-v2,2,rnn,3,16,2,1.2140659632873088,2.760703850669987,0.019521124136565614,20000,20000,20,,
walker2d-medium-replay-v2,2,rnn,3,17,4,1.285063438682174,2.8901772783031134,0.02043663952319411,20000,20000,20,,
walker2d-medium-replay-v2,2,rnn,3,18,2,1.347809476090463,3.0186381997284633,0.021344995409767482,20000,20000,20,,
walker2d-medium-replay-v2,2,rnn,3,19,5,1.4074705126458291,3.120573709956127,0.0220657883150244,20000,20000,20,,
walker2d-medium-replay-v2,2,rnn,3,20,4,1.4633604239832858,3.247320581282294,0.022962024037113515,20000,20000,20,,
walker2d-medium-replay-v2,2,rnn,3,21,4,1.521642821982585,3.3180429550921122,0.023462106738138838,20000,20000,20,,
walker2d-medium-replay-v2,2,rnn,3,22,1,1.6263524850619402,3.423269350623391,0.02420616971653869,20000,20000,20,,
walker2d-medium-replay-v2,2,rnn,3,23,2,1.6869954019750861,3.5404221524217614,0.025034565122405,20000,20000,20,,
walker2d-medium-replay-v2,2,rnn,3,24,5,1.741942581756165,3.550561755304805,0.025106262941976386,20000,20000,20,,
walker2d-medium-replay-v2,2,rnn,3,25,2,1.8343114211995348,3.6972490680092593,0.0261434988772499,20000,20000,20,,
walker2d-medium-replay-v2,2,rnn,3,26,2,1.95088985809644,3.9298730726025624,0.027788398988396853,20000,20000,20,,
walker2d-medium-replay-v2,2,rnn,3,27,3,2.0288470406746435,3.993733540332212,0.028239960686210652,20000,20000,20,,
walker2d-medium-replay-v2,2,rnn,3,28,3,2.0546672041126754,3.9733531025117435,0.02809584922834661,20000,20000,20,,
walker2d-medium-replay-v2,2,rnn,3,29,2,2.1108258909404998,4.062594180689933,0.028726878943748577,20000,20000,20,,
walker2d-medium-replay-v2,2,rnn,3,30,4,2.1739197657304112,4.140007082913014,0.029274270824881293,20000,20000,20,,
walker2d-medium-replay-v2,2,rnn,3,31,5,2.258971223399706,4.255064152260525,0.03008784716447205,20000,20000,20,,
walker2d-medium-replay-v2,2,rnn,3,32,1,2.392742994861905,4.387221104424014,0.031022337935029544,20000,20000,20,,
walker2d-medium-replay-v2,2,rnn,3,33,2,2.512327174811976,4.516093686288819,0.03193360470048577,20000,20000,20,,
walker2d-medium-replay-v2,2,rnn,3,34,5,2.5842969014820625,4.573810421134685,0.032341723646460346,20000,20000,20,,
walker2d-medium-replay-v2,2,rnn,3,35,5,2.651667265841264,4.608507226827853,0.03258706711237185,20000,20000,20,,
walker2d-medium-replay-v2,2,rnn,3,36,5,2.740571335959918,4.759750811938791,0.03365652075880095,20000,20000,20,,
walker2d-medium-replay-v2,2,rnn,3,37,3,2.848307406931774,4.96269590693102,0.03509155928757648,20000,20000,20,,
walker2d-medium-replay-v2,2,rnn,3,38,3,2.886166366180026,4.963920559869978,0.03510021889155385,20000,20000,20,,
walker2d-medium-replay-v2,2,rnn,3,39,1,3.0393536651352977,5.133967334703884,0.03630263116759342,20000,20000,20,,
walker2d-medium-replay-v2,2,rnn,3,40,4,3.113623458476986,5.149062649623093,0.03640937116302861,20000,20000,20,,
walker2d-medium-replay-v2,2,rnn,3,41,1,3.2380515120604687,5.308610661894604,0.03753754597704881,20000,20000,20,,
walker2d-medium-replay-v2,2,rnn,3,42,4,3.305002643081207,5.337544657670427,0.03774214022324788,20000,20000,20,,
walker2d-medium-replay-v2,2,rnn,3,43,5,3.348394771800776,5.328144136639976,0.037675668501574694,20000,20000,20,,
walker2d-medium-replay-v2,2,rnn,3,44,4,3.431947039577322,5.41913118924373,0.03831904412053761,20000,20000,20,,
walker2d-medium-replay-v2,2,rnn,3,45,3,3.506040991955165,5.534765500340977,0.039136702175684594,20000,20000,20,,
walker2d-medium-replay-v2,2,rnn,3,46,2,3.6029535773748966,5.712972106412905,0.04039681317174159,20000,20000,20,,
walker2d-medium-replay-v2,2,rnn,3,47,3,3.6794652840592748,5.755025509490994,0.04069417563662647,20000,20000,20,,
walker2d-medium-replay-v2,2,rnn,3,48,3,3.7530361493107702,5.835979807574952,0.04126660896804011,20000,20000,20,,
walker2d-medium-replay-v2,2,rnn,3,49,2,3.868692594286264,5.976958967019509,0.042263482164532365,20000,20000,20,,
walker2d-medium-replay-v2,2,rnn,3,50,4,3.945717315221367,6.030898236478442,0.04264489039659897,20000,20000,20,,
walker2d-medium-replay-v2,2,rnn,3,51,4,4.012366291467843,6.154019527824823,0.04351548939679367,20000,20000,20,,
walker2d-medium-replay-v2,2,rnn,3,52,2,4.0959778782077265,6.240390958645743,0.044126227641136245,20000,20000,20,,
walker2d-medium-replay-v2,2,rnn,3,53,4,4.173921134238183,6.3190075522262825,0.04468213090548211,20000,20000,20,,
walker2d-medium-replay-v2,2,rnn,3,54,3,4.239591789022454,6.335332985882931,0.04479756915392638,20000,20000,20,,
walker2d-medium-replay-v2,2,rnn,3,55,5,4.3437729713756426,6.511900496371382,0.04604608999396249,20000,20000,20,,
walker2d-medium-replay-v2,2,rnn,3,56,2,4.432948914213005,6.610179351680247,0.04674102644432399,20000,20000,20,,
walker2d-medium-replay-v2,2,rnn,3,57,3,4.506937207365909,6.639623316652948,0.04694922671729615,20000,20000,20,,
walker2d-medium-replay-v2,2,rnn,3,58,3,4.570508889229671,6.750507072197445,0.047733293271985604,20000,20000,20,,
walker2d-medium-replay-v2,2,rnn,3,59,3,4.686623427529649,6.813655831488252,0.04817982243116607,20000,20000,20,,
walker2d-medium-replay-v2,2,rnn,3,60,1,4.859563906587742,6.895245899818976,0.04875675133710736,20000,20000,20,,
walker2d-medium-replay-v2,2,rnn,3,61,4,4.967165332459827,7.024812674447037,0.049672926786667064,20000,20000,20,,
walker2d-medium-replay-v2,2,rnn,3,62,4,5.0717652533468724,7.1214300607756,0.050356114877201534,20000,20000,20,,
walker2d-medium-replay-v2,2,rnn,3,63,5,5.180630373596789,7.322094968232125,0.051775030045288335,20000,20000,20,,
walker2d-medium-replay-v2,2,rnn,3,64,5,5.271513034411482,7.3357412002740645,0.051871523477433346,20000,20000,20,,
walker2d-medium-replay-v2,2,rnn,3,65,2,5.323608129414712,7.366571074699937,0.05208952361012999,20000,20000,20,,
walker2d-medium-replay-v2,2,rnn,3,66,2,5.413015420431094,7.436361682835162,0.05258301773288549,20000,20000,20,,
walker2d-medium-replay-v2,2,rnn,3,67,1,5.590023462545743,7.719330420346672,0.054583908864467345,20000,20000,20,,
walker2d-medium-replay-v2,2,rnn,3,68,2,5.634921489183114,7.723461026674058,0.0546131166619124,20000,20000,20,,
walker2d-medium-replay-v2,2,rnn,3,69,4,5.717028714726404,7.728221832731595,0.05464678064438439,20000,20000,20,,
walker2d-medium-replay-v2,2,rnn,3,70,4,5.798003866639281,7.831073725632207,0.05537405335366334,20000,20000,20,,
walker2d-medium-replay-v2,2,rnn,3,71,4,5.891592976285249,7.886103512457417,0.055763172707976906,20000,20000,20,,
walker2d-medium-replay-v2,2,rnn,3,72,5,6.0141136731295965,8.100040329869634,0.05727593445135337,20000,20000,20,,
walker2d-medium-replay-v2,2,rnn,3,73,4,6.133053876167608,8.2270407647181,0.058173963138303274,20000,20000,20,,
walker2d-medium-replay-v2,2,rnn,3,74,1,6.258574189318728,8.399827989013868,0.05939575331832267,20000,20000,20,,
walker2d-medium-replay-v2,2,rnn,3,75,4,6.369257697339494,8.51559685523187,0.06021436282185294,20000,20000,20,,
walker2d-medium-replay-v2,2,rnn,3,76,1,6.5806485156651995,8.840770164308143,0.06251368534093996,20000,20000,20,,
walker2d-medium-replay-v2,2,rnn,3,77,2,6.655903384060924,8.823587105856395,0.0623921827694124,20000,20000,20,,
walker2d-medium-replay-v2,2,rnn,3,78,4,6.736537465238583,8.82358058970478,0.06239213669326246,20000,20000,20,,
walker2d-medium-replay-v2,2,rnn,3,79,3,6.841154978540617,8.878269800032335,0.06277884780806597,20000,20000,20,,
walker2d-medium-replay-v2,2,rnn,3,80,2,6.9444883814065195,9.056724796565856,0.06404071518992072,20000,20000,20,,
walker2d-medium-replay-v2,2,rnn,3,81,4,7.075675599805764,9.170738946010127,0.06484691697215332,20000,20000,20,,
walker2d-medium-replay-v2,2,rnn,3,82,1,7.27484165325578,9.497942364680743,0.06716059453384746,20000,20000,20,,
walker2d-medium-replay-v2,2,rnn,3,83,4,7.385652571880873,9.592521416992085,0.06782936942632292,20000,20000,20,,
walker2d-medium-replay-v2,2,rnn,3,84,2,7.50274927805928,9.701908677097562,0.06860285416028292,20000,20000,20,,
walker2d-medium-replay-v2,2,rnn,3,85,5,7.6384542240292435,9.80405206451759,0.06932511697926359,20000,20000,20,,
walker2d-medium-replay-v2,2,rnn,3,86,3,7.771065387102797,10.000279003452796,0.07071265097098922,20000,20000,20,,
walker2d-medium-replay-v2,2,rnn,3,87,4,7.903090340463748,10.16470784326566,0.07187533844753234,20000,20000,20,,
walker2d-medium-replay-v2,2,rnn,3,88,1,8.130302123022615,10.574222037339071,0.07477104108374687,20000,20000,20,,
walker2d-medium-replay-v2,2,rnn,3,89,3,8.241527979331444,10.685277747143905,0.0755563235386717,20000,20000,20,,
walker2d-medium-replay-v2,2,rnn,3,90,1,8.555015695801812,11.24360377109243,0.07950428471514094,20000,20000,20,,
walker2d-medium-replay-v2,2,rnn,3,91,3,8.602508623291737,11.13968310772318,0.07876945465740294,20000,20000,20,,
walker2d-medium-replay-v2,2,rnn,3,92,4,8.72438547588239,11.21336277090275,0.07929044855210109,20000,20000,20,,
walker2d-medium-replay-v2,2,rnn,3,93,1,9.050463715151865,11.731234406190989,0.08295235400306589,20000,20000,20,,
walker2d-medium-replay-v2,2,rnn,3,94,5,9.17591681139643,11.892202215968139,0.08409056830152759,20000,20000,20,,
walker2d-medium-replay-v2,2,rnn,3,95,2,9.406419210997255,12.27466969617468,0.08679502178990135,20000,20000,20,,
walker2d-medium-replay-v2,2,rnn,3,96,1,9.76383361920123,13.024298138537569,0.09209569533955243,20000,20000,20,,
walker2d-medium-replay-v2,2,rnn,3,97,5,9.863185627154241,13.077548743374413,0.0924722339773766,20000,20000,20,,
walker2d-medium-replay-v2,2,rnn,3,98,3,10.086719751715998,13.308812469470038,0.09410751546702345,20000,20000,20,,
walker2d-medium-replay-v2,2,rnn,3,99,1,10.490429970518235,14.15534937081277,0.10009343530166438,20000,20000,20,,
walker2d-medium-replay-v2,2,rnn,3,100,3,10.518911884168404,14.139175989490688,0.09997907222558879,20000,20000,20,,
walker2d-medium-replay-v2,2,rnn,4,1,4,0.08560065667808045,0.2584348572351723,0.001827410400459676,20000,20000,20,,
walker2d-medium-replay-v2,2,rnn,4,2,5,0.1359772712816115,0.40377714169609513,0.0028551355498143034,20000,20000,20,,
walker2d-medium-replay-v2,2,rnn,4,3,1,0.2959743143771764,0.7946142769711527,0.005618771436739475,20000,20000,20,,
walker2d-medium-replay-v2,2,rnn,4,4,1,0.4290278958579067,1.2101423984254236,0.008556998961279698,20000,20000,20,,
walker2d-medium-replay-v2,2,rnn,4,5,3,0.43628339786677106,1.2085496460034835,0.008545736500896647,20000,20000,20,,
walker2d-medium-replay-v2,2,rnn,4,6,2,0.5059408366250032,1.3543317370322716,0.009576571552316752,20000,20000,20,,
walker2d-medium-replay-v2,2,rnn,4,7,1,0.6490926506469156,1.5574616457786634,0.011012916911680534,20000,20000,20,,
walker2d-medium-replay-v2,2,rnn,4,8,5,0.7220488498377975,1.767747517363688,0.01249986256953548,20000,20000,20,,
walker2d-medium-replay-v2,2,rnn,4,9,4,0.7789726303057735,1.9717787427205482,0.013942581199771844,20000,20000,20,,
walker2d-medium-replay-v2,2,rnn,4,10,4,0.8415744100566513,2.1299453788802007,0.015060988209631402,20000,20000,20,,
walker2d-medium-replay-v2,2,rnn,4,11,5,0.9096083816639089,2.237436585046807,0.015821065817614686,20000,20000,20,,
walker2d-medium-replay-v2,2,rnn,4,12,5,0.9726177212717539,2.3600359748667135,0.016687974416724576,20000,20000,20,,
walker2d-medium-replay-v2,2,rnn,4,13,3,1.0155354877533507,2.4165930692665265,0.01708789346646773,20000,20000,20,,
walker2d-medium-replay-v2,2,rnn,4,14,2,1.0869483810028826,2.6167087802811877,0.018502925229272073,20000,20000,20,,
walker2d-medium-replay-v2,2,rnn,4,15,4,1.1447403435250914,2.7722570781373226,0.019602817791433053,20000,20000,20,,
walker2d-medium-replay-v2,2,rnn,4,16,3,1.1848797032212088,2.790756407905611,0.019733627806698684,20000,20000,20,,
walker2d-medium-replay-v2,2,rnn,4,17,4,1.2403444552087566,2.87699628498738,0.020343435825630814,20000,20000,20,,
walker2d-medium-replay-v2,2,rnn,4,18,5,1.3081785184570782,2.893265119648505,0.020458473858739654,20000,20000,20,,
walker2d-medium-replay-v2,2,rnn,4,19,4,1.3368048535262345,2.9050290903772558,0.020541657693499454,20000,20000,20,,
walker2d-medium-replay-v2,2,rnn,4,20,4,1.3964177616723643,3.0054870085615084,0.02125200244521914,20000,20000,20,,
walker2d-medium-replay-v2,2,rnn,4,21,5,1.4873946067001877,3.178782265602948,0.022477384959233813,20000,20000,20,,
walker2d-medium-replay-v2,2,rnn,4,22,1,1.615598826563231,3.3410724022923954,0.023624949520961815,20000,20000,20,,
walker2d-medium-replay-v2,2,rnn,4,23,4,1.6673292718877766,3.4224887428419772,0.02420064998598184,20000,20000,20,,
walker2d-medium-replay-v2,2,rnn,4,24,3,1.7321216421516852,3.4768483089501916,0.02458503016415661,20000,20000,20,,
walker2d-medium-replay-v2,2,rnn,4,25,5,1.782892736109512,3.563587243538952,0.025198367052562697,20000,20000,20,,
walker2d-medium-replay-v2,2,rnn,4,26,5,1.855840672920288,3.748016664990766,0.026502479998151588,20000,20000,20,,
walker2d-medium-replay-v2,2,rnn,4,27,4,1.937266878888672,3.8547360765179066,0.02725710019390238,20000,20000,20,,
walker2d-medium-replay-v2,2,rnn,4,28,3,2.0111406651013572,3.9273211054411057,0.02777035385554454,20000,20000,20,,
walker2d-medium-replay-v2,2,rnn,4,29,2,2.0699814045817573,3.983310003093403,0.028166255147555528,20000,20000,20,,
walker2d-medium-replay-v2,2,rnn,4,30,4,2.1812811678491437,4.188493461506132,0.029617121295865016,20000,20000,20,,
walker2d-medium-replay-v2,2,rnn,4,31,3,2.2534480521837357,4.2293088947759525,0.029905729992286585,20000,20000,20,,
walker2d-medium-replay-v2,2,rnn,4,32,5,2.348924629282205,4.345566478750749,0.030727795252216018,20000,20000,20,,
walker2d-medium-replay-v2,2,rnn,4,33,4,2.4259677456266413,4.48071199101626,0.03168341833391474,20000,20000,20,,
walker2d-medium-replay-v2,2,rnn,4,34,2,2.5177786979994963,4.604638070090443,0.03255970804270689,20000,20000,20,,
walker2d-medium-replay-v2,2,rnn,4,35,5,2.5964791726951377,4.682862755933648,0.03311284010086607,20000,20000,20,,
walker2d-medium-replay-v2,2,rnn,4,36,5,2.7167391424446565,4.902690946190635,0.03466726014113289,20000,20000,20,,
walker2d-medium-replay-v2,2,rnn,4,37,4,2.776569858430788,4.884537144201824,0.03453889337622683,20000,20000,20,,
walker2d-medium-replay-v2,2,rnn,4,38,5,2.8644061834286645,5.030893279923699,0.035573787536598796,20000,20000,20,,
walker2d-medium-replay-v2,2,rnn,4,39,1,2.9899766415972246,5.089463239031536,0.035987939689188495,20000,20000,20,,
walker2d-medium-replay-v2,2,rnn,4,40,3,3.1266339669089955,5.370157109900169,0.03797274508447561,20000,20000,20,,
walker2d-medium-replay-v2,2,rnn,4,41,2,3.204027248949578,5.453278423135431,0.038560501526973455,20000,20000,20,,
walker2d-medium-replay-v2,2,rnn,4,42,5,3.2966242574355493,5.472755744366566,0.038698226986192304,20000,20000,20,,
walker2d-medium-replay-v2,2,rnn,4,43,4,3.395150342020431,5.629520737267168,0.03980672288151907,20000,20000,20,,
walker2d-medium-replay-v2,2,rnn,4,44,1,3.5209059816121435,5.723507429780785,0.040471309157695805,20000,20000,20,,
walker2d-medium-replay-v2,2,rnn,4,45,2,3.5781588773329793,5.763360189396053,0.040753110723425336,20000,20000,20,,
walker2d-medium-replay-v2,2,rnn,4,46,4,3.6430250447557846,5.836953312400938,0.04127349268667984,20000,20000,20,,
walker2d-medium-replay-v2,2,rnn,4,47,2,3.7197315215774243,5.900726807974949,0.04172443939848337,20000,20000,20,,
walker2d-medium-replay-v2,2,rnn,4,48,4,3.7964017499931555,5.944691296881407,0.04203531528085495,20000,20000,20,,
walker2d-medium-replay-v2,2,rnn,4,49,2,3.9047072628673405,6.172796069100058,0.04364825959342315,20000,20000,20,,
walker2d-medium-replay-v2,2,rnn,4,50,1,4.070191988805989,6.399082641107743,0.04524834728900407,20000,20000,20,,
walker2d-medium-replay-v2,2,rnn,4,51,4,4.159907441797482,6.494778759174366,0.04592502102918545,20000,20000,20,,
walker2d-medium-replay-v2,2,rnn,4,52,1,4.326581105651185,6.722266612217415,0.04753360306442853,20000,20000,20,,
walker2d-medium-replay-v2,2,rnn,4,53,5,4.404242977262043,6.753780360973609,0.04775643891888968,20000,20000,20,,
walker2d-medium-replay-v2,2,rnn,4,54,5,4.457647438149171,6.821990631095178,0.04823875836438495,20000,20000,20,,
walker2d-medium-replay-v2,2,rnn,4,55,4,4.51165477306773,6.822354656885418,0.048241332415433005,20000,20000,20,,
walker2d-medium-replay-v2,2,rnn,4,56,4,4.553769375928642,6.883544348631513,0.048674008875156785,20000,20000,20,,
walker2d-medium-replay-v2,2,rnn,4,57,2,4.6353812798752205,7.115158831669568,0.05031177059092904,20000,20000,20,,
walker2d-medium-replay-v2,2,rnn,4,58,4,4.687448976318833,7.168043165240999,0.05068571929979794,20000,20000,20,,
walker2d-medium-replay-v2,2,rnn,4,59,4,4.782407543212259,7.156484090861159,0.0506039843010157,20000,20000,20,,
walker2d-medium-replay-v2,2,rnn,4,60,2,4.901383800217967,7.4162773909548445,0.05244100034304647,20000,20000,20,,
walker2d-medium-replay-v2,2,rnn,4,61,4,4.975190964107214,7.529809085699993,0.053243790655385426,20000,20000,20,,
walker2d-medium-replay-v2,2,rnn,4,62,5,5.06175122494216,7.617098882018804,0.05386102272443966,20000,20000,20,,
walker2d-medium-replay-v2,2,rnn,4,63,5,5.167308154216559,7.669114976362788,0.05422883205485437,20000,20000,20,,
walker2d-medium-replay-v2,2,rnn,4,64,2,5.215369353514917,7.63249590681124,0.05396989613084795,20000,20000,20,,
walker2d-medium-replay-v2,2,rnn,4,65,4,5.315733661227657,7.671775423764934,0.05424764425884484,20000,20000,20,,
walker2d-medium-replay-v2,2,rnn,4,66,3,5.40153357573653,7.653384123022624,0.054117598124147556,20000,20000,20,,
walker2d-medium-replay-v2,2,rnn,4,67,2,5.488241279159284,7.746972586246197,0.05477936849400972,20000,20000,20,,
walker2d-medium-replay-v2,2,rnn,4,68,2,5.624424184524519,7.940080829464973,0.05614484997683989,20000,20000,20,,
walker2d-medium-replay-v2,2,rnn,4,69,1,5.823638715872706,8.18917841262121,0.057906235879109445,20000,20000,20,,
walker2d-medium-replay-v2,2,rnn,4,70,3,5.917558892650895,8.309164553665363,0.058754666018916706,20000,20000,20,,
walker2d-medium-replay-v2,2,rnn,4,71,2,6.009672216220914,8.382097030226184,0.05927037650636556,20000,20000,20,,
walker2d-medium-replay-v2,2,rnn,4,72,1,6.174571519718457,8.505118333932042,0.060140268487173784,20000,20000,20,,
walker2d-medium-replay-v2,2,rnn,4,73,4,6.305982972375806,8.537115687902746,0.06036652394690089,20000,20000,20,,
walker2d-medium-replay-v2,2,rnn,4,74,3,6.40653318344243,8.693920764636482,0.06147530327772991,20000,20000,20,,
walker2d-medium-replay-v2,2,rnn,4,75,5,6.475583885824641,8.678562388490581,0.06136670315852211,20000,20000,20,,
walker2d-medium-replay-v2,2,rnn,4,76,3,6.538696814704414,8.785235193276007,0.06212099379484174,20000,20000,20,,
walker2d-medium-replay-v2,2,rnn,4,77,5,6.619537559273002,8.763024478338476,0.061963940323368445,20000,20000,20,,
walker2d-medium-replay-v2,2,rnn,4,78,4,6.7319683850190355,8.866694579266435,0.06269699863709298,20000,20000,20,,
walker2d-medium-replay-v2,2,rnn,4,79,5,6.845040042106202,8.94151080753992,0.0632260292606428,20000,20000,20,,
walker2d-medium-replay-v2,2,rnn,4,80,5,6.976372091294785,9.160209517069319,0.06477246266609264,20000,20000,20,,
walker2d-medium-replay-v2,2,rnn,4,81,1,7.1623650483901535,9.48837209123997,0.06709292248136965,20000,20000,20,,
walker2d-medium-replay-v2,2,rnn,4,82,2,7.2829838750293945,9.660296568721222,0.06830861212015912,20000,20000,20,,
walker2d-medium-replay-v2,2,rnn,4,83,1,7.571657986360933,10.128273631517718,0.07161770966559078,20000,20000,20,,
walker2d-medium-replay-v2,2,rnn,4,84,1,7.833427662530297,10.517198111830949,0.07436782103958017,20000,20000,20,,
walker2d-medium-replay-v2,2,rnn,4,85,3,7.916889805288614,10.46301445771138,0.07398468474700604,20000,20000,20,,
walker2d-medium-replay-v2,2,rnn,4,86,5,8.031606697961024,10.411937629695757,0.07362351703249258,20000,20000,20,,
walker2d-medium-replay-v2,2,rnn,4,87,4,8.189764990804118,10.673573199174117,0.0754735598862701,20000,20000,20,,
walker2d-medium-replay-v2,2,rnn,4,88,4,8.374333992713764,10.926823896498213,0.07726431274045101,20000,20000,20,,
walker2d-medium-replay-v2,2,rnn,4,89,4,8.45925134262957,11.022920512490995,0.07794381842862676,20000,20000,20,,
walker2d-medium-replay-v2,2,rnn,4,90,5,8.582481010915231,11.166439651973747,0.07895865199620987,20000,20000,20,,
walker2d-medium-replay-v2,2,rnn,4,91,1,8.775628633188541,11.536314943089607,0.08157406526162361,20000,20000,20,,
walker2d-medium-replay-v2,2,rnn,4,92,1,9.142751428560485,12.456035967768015,0.08807747499512303,20000,20000,20,,
walker2d-medium-replay-v2,2,rnn,4,93,3,9.148722855014777,12.269740134998097,0.08676016452853899,20000,20000,20,,
walker2d-medium-replay-v2,2,rnn,4,94,2,9.341933594627427,12.626987444582031,0.08928628448021349,20000,20000,20,,
walker2d-medium-replay-v2,2,rnn,4,95,3,9.440168987697588,12.622443223260685,0.08925415198309812,20000,20000,20,,
walker2d-medium-replay-v2,2,rnn,4,96,1,9.8610484028263,13.541935432472497,0.09575594374691684,20000,20000,20,,
walker2d-medium-replay-v2,2,rnn,4,97,1,10.319954960394222,14.53230655581918,0.10275892511901462,20000,20000,20,,
walker2d-medium-replay-v2,2,rnn,4,98,2,10.437499611316257,14.624376447812354,0.10340995756872949,20000,20000,20,,
walker2d-medium-replay-v2,2,rnn,4,99,4,10.633254877369344,14.964638171122035,0.10581597128803445,20000,20000,20,,
walker2d-medium-replay-v2,2,rnn,4,100,2,10.987859967316354,15.68592161149388,0.11091621540647939,20000,20000,20,,
walker2d-medium-replay-v2,2,rnn,5,1,4,0.0838427052153191,0.24288880262221044,0.0017174831940844587,20000,20000,20,,
walker2d-medium-replay-v2,2,rnn,5,2,3,0.13547651533146687,0.42788714647748777,0.0030256190285679312,20000,20000,20,,
walker2d-medium-replay-v2,2,rnn,5,3,4,0.18301764081141142,0.5546761217544331,0.003922152470548147,20000,20000,20,,
walker2d-medium-replay-v2,2,rnn,5,4,4,0.23263848099167017,0.6993625248403185,0.004945239838223345,20000,20000,20,,
walker2d-medium-replay-v2,2,rnn,5,5,5,0.2905839619070309,0.8185013043207932,0.005787678226952668,20000,20000,20,,
walker2d-medium-replay-v2,2,rnn,5,6,1,0.4438919466023641,1.1261446628924905,0.007963045277283186,20000,20000,20,,
walker2d-medium-replay-v2,2,rnn,5,7,2,0.5002255317083069,1.3684507592546407,0.00967640811588836,20000,20000,20,,
walker2d-medium-replay-v2,2,rnn,5,8,3,0.5570670461831061,1.50296332299806,0.010627555575665954,20000,20000,20,,
walker2d-medium-replay-v2,2,rnn,5,9,1,0.6971404594228534,1.6915507154674996,0.011961069816280251,20000,20000,20,,
walker2d-medium-replay-v2,2,rnn,5,10,5,0.7557715203220634,1.8981561296758558,0.013421990710446093,20000,20000,20,,
walker2d-medium-replay-v2,2,rnn,5,11,2,0.832410363331824,2.0961881336479387,0.014822288439452304,20000,20000,20,,
walker2d-medium-replay-v2,2,rnn,5,12,5,0.8923649828133144,2.2268301267343045,0.015746066831643257,20000,20000,20,,
walker2d-medium-replay-v2,2,rnn,5,13,4,0.9488131854773294,2.350117025681408,0.016617836854412833,20000,20000,20,,
walker2d-medium-replay-v2,2,rnn,5,14,3,1.00957043472245,2.4760913606404413,0.017508609919462813,20000,20000,20,,
walker2d-medium-replay-v2,2,rnn,5,15,5,1.0652057767383363,2.524719414250508,0.01785246218409862,20000,20000,20,,
walker2d-medium-replay-v2,2,rnn,5,16,4,1.11825335758205,2.7163404083379774,0.019207427227468193,20000,20000,20,,
walker2d-medium-replay-v2,2,rnn,5,17,4,1.1778709716216273,2.7938869743728585,0.019755764254478142,20000,20000,20,,
walker2d-medium-replay-v2,2,rnn,5,18,4,1.2323974855753261,2.897156896682087,0.020485992878052774,20000,20000,20,,
walker2d-medium-replay-v2,2,rnn,5,19,4,1.3054555092447262,2.9838175095608066,0.021098775948336024,20000,20000,20,,
walker2d-medium-replay-v2,2,rnn,5,20,2,1.3681280451393596,3.0822146194359106,0.02179454858475446,20000,20000,20,,
walker2d-medium-replay-v2,2,rnn,5,21,3,1.424417086790625,3.0537246190258323,0.021593093859894722,20000,20000,20,,
walker2d-medium-replay-v2,2,rnn,5,22,2,1.4910045817803463,3.151073025003297,0.022281451039938387,20000,20000,20,,
walker2d-medium-replay-v2,2,rnn,5,23,2,1.5508890226406082,3.2457694798104653,0.022951056093423128,20000,20000,20,,
walker2d-medium-replay-v2,2,rnn,5,24,4,1.6316869315823161,3.3391841914559057,0.023611597854093898,20000,20000,20,,
walker2d-medium-replay-v2,2,rnn,5,25,3,1.6853898151288385,3.4172414246728264,0.024163545843377342,20000,20000,20,,
walker2d-medium-replay-v2,2,rnn,5,26,5,1.7585635081131112,3.4929980113379746,0.02469922580488207,20000,20000,20,,
walker2d-medium-replay-v2,2,rnn,5,27,3,1.8327448425735162,3.5962398580274675,0.02542925590384569,20000,20000,20,,
walker2d-medium-replay-v2,2,rnn,5,28,4,1.9174568543786668,3.806469850092817,0.026915806433827717,20000,20000,20,,
walker2d-medium-replay-v2,2,rnn,5,29,2,2.0036346018500995,3.92071156544613,0.02772361735003483,20000,20000,20,,
walker2d-medium-replay-v2,2,rnn,5,30,1,2.120873622163379,4.033050433454718,0.028517973103631755,20000,20000,20,,
walker2d-medium-replay-v2,2,rnn,5,31,4,2.1912325947987332,4.12657337084586,0.029179280135889375,20000,20000,20,,
walker2d-medium-replay-v2,2,rnn,5,32,2,2.2703910949171755,4.181590596629349,0.02956831067022514,20000,20000,20,,
walker2d-medium-replay-v2,2,rnn,5,33,1,2.427607303587809,4.412726162329423,0.031202685929024247,20000,20000,20,,
walker2d-medium-replay-v2,2,rnn,5,34,4,2.5111279845561696,4.561615420237111,0.03225549196814784,20000,20000,20,,
walker2d-medium-replay-v2,2,rnn,5,35,4,2.6104451351342473,4.833487178745689,0.034177915608693106,20000,20000,20,,
walker2d-medium-replay-v2,2,rnn,5,36,1,2.776126477901793,5.092738286802848,0.03601109777406654,20000,20000,20,,
walker2d-medium-replay-v2,2,rnn,5,37,1,2.9128185699486755,5.2976463787051,0.03746001678710732,20000,20000,20,,
walker2d-medium-replay-v2,2,rnn,5,38,2,3.0009067231462416,5.328375445868328,0.03767730410481389,20000,20000,20,,
walker2d-medium-replay-v2,2,rnn,5,39,1,3.111300936428336,5.320540889340797,0.03762190542433182,20000,20000,20,,
walker2d-medium-replay-v2,2,rnn,5,40,3,3.213409964228524,5.461666244336195,0.03861981237947786,20000,20000,20,,
walker2d-medium-replay-v2,2,rnn,5,41,1,3.350987346794871,5.629065774747414,0.03980350581069003,20000,20000,20,,
walker2d-medium-replay-v2,2,rnn,5,42,5,3.402861084707826,5.687886761209178,0.040219432994721985,20000,20000,20,,
walker2d-medium-replay-v2,2,rnn,5,43,5,3.4921363147828144,5.800283816752758,0.04101420019632465,20000,20000,20,,
walker2d-medium-replay-v2,2,rnn,5,44,3,3.568629724221334,5.856218336032127,0.041409716975173164,20000,20000,20,,
walker2d-medium-replay-v2,2,rnn,5,45,1,3.6599597770859544,5.932514876577302,0.04194921498717884,20000,20000,20,,
walker2d-medium-replay-v2,2,rnn,5,46,3,3.7275402733980476,5.971534747417875,0.042225127139902764,20000,20000,20,,
walker2d-medium-replay-v2,2,rnn,5,47,4,3.796461261063245,5.994449577684871,0.04238715945861808,20000,20000,20,,
walker2d-medium-replay-v2,2,rnn,5,48,4,3.8486732603290568,6.073890576968971,0.042948892151598306,20000,20000,20,,
walker2d-medium-replay-v2,2,rnn,5,49,4,3.9373548100130247,6.158952862323252,0.04355037333957068,20000,20000,20,,
walker2d-medium-replay-v2,2,rnn,5,50,1,4.060176768453585,6.246902190105764,0.044172269000328813,20000,20000,20,,
walker2d-medium-replay-v2,2,rnn,5,51,3,4.120215439021914,6.324812153507554,0.04472317563476282,20000,20000,20,,
walker2d-medium-replay-v2,2,rnn,5,52,2,4.149051077929691,6.352309607274036,0.04491761199499925,20000,20000,20,,
walker2d-medium-replay-v2,2,rnn,5,53,2,4.215509311647918,6.450141621124198,0.04560938879910511,20000,20000,20,,
walker2d-medium-replay-v2,2,rnn,5,54,5,4.358186333915044,6.577764530616867,0.04651181904647534,20000,20000,20,,
walker2d-medium-replay-v2,2,rnn,5,55,1,4.47462589463911,6.663198758502332,0.04711593026530783,20000,20000,20,,
walker2d-medium-replay-v2,2,rnn,5,56,2,4.570070146295065,6.691149095287969,0.04731356899208355,20000,20000,20,,
walker2d-medium-replay-v2,2,rnn,5,57,4,4.626631689647835,6.728382002153184,0.04757684540136036,20000,20000,20,,
walker2d-medium-replay-v2,2,rnn,5,58,2,4.713055237269892,6.774258582273898,0.04790124181037041,20000,20000,20,,
walker2d-medium-replay-v2,2,rnn,5,59,4,4.801131136409571,6.960764330379835,0.04922003660253019,20000,20000,20,,
walker2d-medium-replay-v2,2,rnn,5,60,3,4.875149928580749,7.009412867831473,0.049564033709798797,20000,20000,20,,
walker2d-medium-replay-v2,2,rnn,5,61,5,4.947158529591546,7.03085535821428,0.0497156550133509,20000,20000,20,,
walker2d-medium-replay-v2,2,rnn,5,62,4,5.022626332480951,7.111919115658321,0.050288862339322324,20000,20000,20,,
walker2d-medium-replay-v2,2,rnn,5,63,4,5.163446039040964,7.3819698100660665,0.052198409112120855,20000,20000,20,,
walker2d-medium-replay-v2,2,rnn,5,64,3,5.247285133035953,7.49810092207518,0.05301958008020464,20000,20000,20,,
walker2d-medium-replay-v2,2,rnn,5,65,5,5.31494275558318,7.559556832536372,0.05345413899051567,20000,20000,20,,
walker2d-medium-replay-v2,2,rnn,5,66,3,5.3923873843527526,7.560180019965303,0.053458545591085135,20000,20000,20,,
walker2d-medium-replay-v2,2,rnn,5,67,5,5.477796423534528,7.65458157976921,0.05412606542200444,20000,20000,20,,
walker2d-medium-replay-v2,2,rnn,5,68,2,5.560614341591271,7.781238189081986,0.055021662895276026,20000,20000,20,,
walker2d-medium-replay-v2,2,rnn,5,69,4,5.630450632102996,7.911735660312615,0.05594441936362477,20000,20000,20,,
walker2d-medium-replay-v2,2,rnn,5,70,2,5.721830651657852,7.999615873795037,0.05656582631248019,20000,20000,20,,
walker2d-medium-replay-v2,2,rnn,5,71,1,5.95961820974891,8.36849555449209,0.059174199549108346,20000,20000,20,,
walker2d-medium-replay-v2,2,rnn,5,72,5,6.031743398278074,8.34072977191457,0.05897786581765317,20000,20000,20,,
walker2d-medium-replay-v2,2,rnn,5,73,4,6.153365750140164,8.47403544671169,0.05992047928385011,20000,20000,20,,
walker2d-medium-replay-v2,2,rnn,5,74,5,6.292155679295957,8.634832535933034,0.06105748640568481,20000,20000,20,,
walker2d-medium-replay-v2,2,rnn,5,75,3,6.364232364120699,8.782226306862217,0.062099717754971626,20000,20000,20,,
walker2d-medium-replay-v2,2,rnn,5,76,5,6.460850574835253,8.929862743832963,0.06314366501229397,20000,20000,20,,
walker2d-medium-replay-v2,2,rnn,5,77,2,6.564670311366301,9.000956213210642,0.06364637175524433,20000,20000,20,,
walker2d-medium-replay-v2,2,rnn,5,78,3,6.688067717545308,9.163897537518833,0.06479854090878272,20000,20000,20,,
walker2d-medium-replay-v2,2,rnn,5,79,2,6.789109251402336,9.346789126808575,0.06609177973887033,20000,20000,20,,
walker2d-medium-replay-v2,2,rnn,5,80,2,6.91382964867728,9.542723774369671,0.06747724691846879,20000,20000,20,,
walker2d-medium-replay-v2,2,rnn,5,81,5,7.023027556856988,9.688664474820582,0.06850920350786834,20000,20000,20,,
walker2d-medium-replay-v2,2,rnn,5,82,1,7.306015329511865,10.300558637743123,0.07283594862757828,20000,20000,20,,
walker2d-medium-replay-v2,2,rnn,5,83,1,7.58461260791455,10.931296237774937,0.07729593696889653,20000,20000,20,,
walker2d-medium-replay-v2,2,rnn,5,84,4,7.602554862063483,10.64123073284381,0.07524486411364553,20000,20000,20,,
walker2d-medium-replay-v2,2,rnn,5,85,5,7.7104565554752025,10.755894346245471,0.07605565829956219,20000,20000,20,,
walker2d-medium-replay-v2,2,rnn,5,86,4,7.859820369996477,10.967783498349808,0.07755394086269064,20000,20000,20,,
walker2d-medium-replay-v2,2,rnn,5,87,1,8.113702559775135,11.55282792728818,0.08169082969266797,20000,20000,20,,
walker2d-medium-replay-v2,2,rnn,5,88,2,8.215521049738562,11.418495614168798,0.08074095679727608,20000,20000,20,,
walker2d-medium-replay-v2,2,rnn,5,89,1,8.555220778437691,12.371382300411161,0.08747888317271962,20000,20000,20,,
walker2d-medium-replay-v2,2,rnn,5,90,3,8.552099069438704,12.012058438949447,0.08493807978190249,20000,20000,20,,
walker2d-medium-replay-v2,2,rnn,5,91,5,8.729997882100802,12.070819426645784,0.08535358271059547,20000,20000,20,,
walker2d-medium-replay-v2,2,rnn,5,92,1,9.09180343140251,13.03117543192713,0.0921443251474721,20000,20000,20,,
walker2d-medium-replay-v2,2,rnn,5,93,5,9.204407164848542,13.189853996516511,0.0932663520379731,20000,20000,20,,
walker2d-medium-replay-v2,2,rnn,5,94,3,9.379502145448276,13.669904086579235,0.09666081877789874,20000,20000,20,,
walker2d-medium-replay-v2,2,rnn,5,95,1,9.722255630677749,14.350842303942356,0.10147577908856417,20000,20000,20,,
walker2d-medium-replay-v2,2,rnn,5,96,1,10.158347057601592,15.373484860167016,0.10870695395092819,20000,20000,20,,
walker2d-medium-replay-v2,2,rnn,5,97,5,10.141505200366922,15.177704230493763,0.10732257584225889,20000,20000,20,,
walker2d-medium-replay-v2,2,rnn,5,98,1,10.64587014329652,16.220110645093158,0.11469350228741478,20000,20000,20,,
walker2d-medium-replay-v2,2,rnn,5,99,4,10.67060105699306,16.01470935124033,0.11324109580993652,20000,20000,20,,
walker2d-medium-replay-v2,2,rnn,5,100,1,11.157032683176068,17.12611407674685,0.12109991399042085,20000,20000,20,,
walker2d-medium-replay-v2,2,rnn,6,1,2,0.10007621608325241,0.294811587199968,0.002084632724814665,20000,20000,20,,
walker2d-medium-replay-v2,2,rnn,6,2,5,0.14843094212237856,0.4386867694576396,0.0031019838950031658,20000,20000,20,,
walker2d-medium-replay-v2,2,rnn,6,3,3,0.19324726256929042,0.5505637114457814,0.0038930733383854563,20000,20000,20,,
walker2d-medium-replay-v2,2,rnn,6,4,4,0.23649522967536463,0.6423544200395024,0.00454213166335084,20000,20000,20,,
walker2d-medium-replay-v2,2,rnn,6,5,3,0.296880157127642,0.7964176689902677,0.005631523343998014,20000,20000,20,,
walker2d-medium-replay-v2,2,rnn,6,6,3,0.35038329665819534,0.9213106392969647,0.0065146500062619695,20000,20000,20,,
walker2d-medium-replay-v2,2,rnn,6,7,4,0.41523681585386957,1.0870463078275425,0.007686578157286544,20000,20000,20,,
walker2d-medium-replay-v2,2,rnn,6,8,4,0.47747998689766047,1.2033827460726365,0.008509201001108505,20000,20000,20,,
walker2d-medium-replay-v2,2,rnn,6,9,5,0.5534659131820107,1.4205266730124657,0.010044640433434799,20000,20000,20,,
walker2d-medium-replay-v2,2,rnn,6,10,3,0.6016350819185567,1.5136797698869655,0.01070333229831966,20000,20000,20,,
walker2d-medium-replay-v2,2,rnn,6,11,4,0.6706788851725066,1.6988817073736109,0.0120129077571766,20000,20000,20,,
walker2d-medium-replay-v2,2,rnn,6,12,1,0.8074701751793693,1.9476099905675321,0.013771682314369697,20000,20000,20,,
walker2d-medium-replay-v2,2,rnn,6,13,4,0.8446613143510622,2.078601688396854,0.014697933492512225,20000,20000,20,,
walker2d-medium-replay-v2,2,rnn,6,14,5,0.9124429092949993,2.2207473002119853,0.015703054752816123,20000,20000,20,,
walker2d-medium-replay-v2,2,rnn,6,15,5,0.9938974447043003,2.355709087449465,0.016657378702382902,20000,20000,20,,
walker2d-medium-replay-v2,2,rnn,6,16,3,1.0613011286265468,2.477148663228869,0.017516086177763245,20000,20000,20,,
walker2d-medium-replay-v2,2,rnn,6,17,4,1.1305801292696485,2.639231605490543,0.018662185653642218,20000,20000,20,,
walker2d-medium-replay-v2,2,rnn,6,18,2,1.1903250593398822,2.7698082830381945,0.019585502195229754,20000,20000,20,,
walker2d-medium-replay-v2,2,rnn,6,19,1,1.2956552939211476,2.790649280757664,0.019732870303371057,20000,20000,20,,
walker2d-medium-replay-v2,2,rnn,6,20,5,1.3518405900294572,2.9143528924420257,0.020607586930163853,20000,20000,20,,
walker2d-medium-replay-v2,2,rnn,6,21,2,1.4058544806106024,3.032866518124298,0.02144560481399324,20000,20000,20,,
walker2d-medium-replay-v2,2,rnn,6,22,4,1.4938768682215475,3.1984981906519665,0.02261679760222908,20000,20000,20,,
walker2d-medium-replay-v2,2,rnn,6,23,1,1.5963078010403784,3.2876814576924245,0.023247418531155868,20000,20000,20,,
walker2d-medium-replay-v2,2,rnn,6,24,3,1.6425407168469428,3.360069114879762,0.0237592765638696,20000,20000,20,,
walker2d-medium-replay-v2,2,rnn,6,25,3,1.6973441931658824,3.407525355325717,0.024094842858159143,20000,20000,20,,
walker2d-medium-replay-v2,2,rnn,6,26,1,1.8263129727799623,3.528933164921393,0.02495332571270022,20000,20000,20,,
walker2d-medium-replay-v2,2,rnn,6,27,2,1.9272956411251518,3.796225544145889,0.026843368251791493,20000,20000,20,,
walker2d-medium-replay-v2,2,rnn,6,28,3,2.007892720782123,3.9683295631242865,0.028060327440682323,20000,20000,20,,
walker2d-medium-replay-v2,2,rnn,6,29,3,2.085042326138917,4.07041988539115,0.028782215032366516,20000,20000,20,,
walker2d-medium-replay-v2,2,rnn,6,30,4,2.1646327805440744,4.143968313094682,0.029302280952114276,20000,20000,20,,
walker2d-medium-replay-v2,2,rnn,6,31,1,2.28369151355664,4.300107439257591,0.030406351301297624,20000,20000,20,,
walker2d-medium-replay-v2,2,rnn,6,32,2,2.377178308584389,4.427435446465061,0.03130669627461134,20000,20000,20,,
walker2d-medium-replay-v2,2,rnn,6,33,3,2.431929870998819,4.384829922895607,0.0310054297282917,20000,20000,20,,
walker2d-medium-replay-v2,2,rnn,6,34,2,2.497829825727119,4.43463895470751,0.031357632769877034,20000,20000,20,,
walker2d-medium-replay-v2,2,rnn,6,35,1,2.648172514799719,4.686531874615627,0.03313878468787612,20000,20000,20,,
walker2d-medium-replay-v2,2,rnn,6,36,5,2.758111931137489,4.879714220126049,0.03450479015303554,20000,20000,20,,
walker2d-medium-replay-v2,2,rnn,6,37,2,2.8216776021365804,4.952229324055226,0.03501754937030323,20000,20000,20,,
walker2d-medium-replay-v2,2,rnn,6,38,5,2.8994772712865915,5.017715344051505,0.035480605458426094,20000,20000,20,,
walker2d-medium-replay-v2,2,rnn,6,39,3,2.9762903967680012,5.047145501922653,0.035688708100446886,20000,20000,20,,
walker2d-medium-replay-v2,2,rnn,6,40,3,3.0538363946665306,5.219504071068954,0.03690746723083649,20000,20000,20,,
walker2d-medium-replay-v2,2,rnn,6,41,4,3.126925240421133,5.292823002074488,0.03742591036387011,20000,20000,20,,
walker2d-medium-replay-v2,2,rnn,6,42,5,3.2024974880281603,5.3841643723279695,0.038071791386961186,20000,20000,20,,
walker2d-medium-replay-v2,2,rnn,6,43,5,3.316556997743834,5.466035303833415,0.038650706295456784,20000,20000,20,,
walker2d-medium-replay-v2,2,rnn,6,44,5,3.3832345515356725,5.576237216410615,0.03942995149228743,20000,20000,20,,
walker2d-medium-replay-v2,2,rnn,6,45,2,3.4149888240202797,5.554199997092506,0.03927412482010413,20000,20000,20,,
walker2d-medium-replay-v2,2,rnn,6,46,1,3.533520502333643,5.66182514117765,0.04003514951219198,20000,20000,20,,
walker2d-medium-replay-v2,2,rnn,6,47,4,3.6215888093943547,5.807659589002137,0.041066354782064884,20000,20000,20,,
walker2d-medium-replay-v2,2,rnn,6,48,3,3.710745780817634,5.900669591534823,0.04172403481715528,20000,20000,20,,
walker2d-medium-replay-v2,2,rnn,6,49,4,3.81568864487583,5.964013715848693,0.042171945415661896,20000,20000,20,,
walker2d-medium-replay-v2,2,rnn,6,50,1,3.9423626557332465,6.07509846186032,0.042957433187573967,20000,20000,20,,
walker2d-medium-replay-v2,2,rnn,6,51,2,4.045237499946654,6.164154476383722,0.043587154305323415,20000,20000,20,,
walker2d-medium-replay-v2,2,rnn,6,52,2,4.129235041835838,6.2714567248545805,0.0443458957806265,20000,20000,20,,
walker2d-medium-replay-v2,2,rnn,6,53,3,4.180587894318564,6.30564394989636,0.04458763596719642,20000,20000,20,,
walker2d-medium-replay-v2,2,rnn,6,54,1,4.342114178475747,6.574963732471964,0.046492014412865386,20000,20000,20,,
walker2d-medium-replay-v2,2,rnn,6,55,2,4.464019313527904,6.726189515451601,0.047561342179216856,20000,20000,20,,
walker2d-medium-replay-v2,2,rnn,6,56,2,4.5267191559297295,6.748630406371581,0.047720023240670706,20000,20000,20,,
walker2d-medium-replay-v2,2,rnn,6,57,5,4.5987554496583005,6.811465438021864,0.04816433401043057,20000,20000,20,,
walker2d-medium-replay-v2,2,rnn,6,58,3,4.676008762846888,6.929344196534871,0.04899786270545456,20000,20000,20,,
walker2d-medium-replay-v2,2,rnn,6,59,3,4.7521196968550505,7.001458070182489,0.04950778479619316,20000,20000,20,,
walker2d-medium-replay-v2,2,rnn,6,60,1,4.879955417890842,7.134104000293591,0.05044573316297673,20000,20000,20,,
walker2d-medium-replay-v2,2,rnn,6,61,3,4.974448982265267,7.225859041515415,0.05109453928153676,20000,20000,20,,
walker2d-medium-replay-v2,2,rnn,6,62,2,5.044716215081351,7.2784798944354305,0.051466624900852395,20000,20000,20,,
walker2d-medium-replay-v2,2,rnn,6,63,2,5.139189064184234,7.390164073965546,0.0522563513078224,20000,20000,20,,
walker2d-medium-replay-v2,2,rnn,6,64,5,5.207028395583843,7.417751019915009,0.05245142047335332,20000,20000,20,,
walker2d-medium-replay-v2,2,rnn,6,65,5,5.293091625666834,7.4667617722150945,0.05279797882637777,20000,20000,20,,
walker2d-medium-replay-v2,2,rnn,6,66,2,5.374157691940544,7.488893867798555,0.0529544763750671,20000,20000,20,,
walker2d-medium-replay-v2,2,rnn,6,67,5,5.4569442559628545,7.5364408069866595,0.05329068400631283,20000,20000,20,,
walker2d-medium-replay-v2,2,rnn,6,68,5,5.558861413364984,7.7148764789896624,0.05455241474310185,20000,20000,20,,
walker2d-medium-replay-v2,2,rnn,6,69,4,5.6541414239010415,7.875449852953658,0.0556878399591813,20000,20000,20,,
walker2d-medium-replay-v2,2,rnn,6,70,1,5.791173875081914,8.105457404680388,0.05731423895468216,20000,20000,20,,
walker2d-medium-replay-v2,2,rnn,6,71,2,5.897326317495232,8.152601320833451,0.05764759678271737,20000,20000,20,,
walker2d-medium-replay-v2,2,rnn,6,72,4,5.977666723367121,8.24474812544758,0.0582991730867906,20000,20000,20,,
walker2d-medium-replay-v2,2,rnn,6,73,2,6.078997183071441,8.354923819793154,0.05907823289272751,20000,20000,20,,
walker2d-medium-replay-v2,2,rnn,6,74,4,6.207987976124904,8.501835996278091,0.060117058855041254,20000,20000,20,,
walker2d-medium-replay-v2,2,rnn,6,75,4,6.309313278156154,8.564704929738701,0.06056160934680088,20000,20000,20,,
walker2d-medium-replay-v2,2,rnn,6,76,3,6.4097112890584915,8.633337725615583,0.061046916500564236,20000,20000,20,,
walker2d-medium-replay-v2,2,rnn,6,77,3,6.523825283306195,8.818167925481283,0.06235386337749525,20000,20000,20,,
walker2d-medium-replay-v2,2,rnn,6,78,3,6.605874833391099,9.196359838823357,0.0650280840426362,20000,20000,20,,
walker2d-medium-replay-v2,2,rnn,6,79,5,6.732091490231324,9.443246238397704,0.06677383451585372,20000,20000,20,,
walker2d-medium-replay-v2,2,rnn,6,80,4,6.854366605848322,9.635574215226244,0.06813379868212723,20000,20000,20,,
walker2d-medium-replay-v2,2,rnn,6,81,4,6.987091802287631,9.776906716858015,0.06913317038518607,20000,20000,20,,
walker2d-medium-replay-v2,2,rnn,6,82,1,7.160341974279725,10.090608897166055,0.07135137977487427,20000,20000,20,,
walker2d-medium-replay-v2,2,rnn,6,83,5,7.232268578747272,10.181320107213601,0.07199280489241684,20000,20000,20,,
walker2d-medium-replay-v2,2,rnn,6,84,2,7.384913986761904,10.237349820805164,0.07238899479670219,20000,20000,20,,
walker2d-medium-replay-v2,2,rnn,6,85,5,7.554956381936732,10.53157133963946,0.07446945510808954,20000,20000,20,,
walker2d-medium-replay-v2,2,rnn,6,86,1,7.787899322022487,10.93704679069667,0.07733659951856181,20000,20000,20,,
walker2d-medium-replay-v2,2,rnn,6,87,1,8.101609032627632,12.461072822988926,0.08811309093994865,20000,20000,20,,
walker2d-medium-replay-v2,2,rnn,6,88,3,8.189914852716166,12.305962583981232,0.08701629592161057,20000,20000,20,,
walker2d-medium-replay-v2,2,rnn,6,89,5,8.362118597526404,12.125526064898063,0.08574041705943652,20000,20000,20,,
walker2d-medium-replay-v2,2,rnn,6,90,1,8.66765116910625,13.360784584401785,0.09447501381603189,20000,20000,20,,
walker2d-medium-replay-v2,2,rnn,6,91,1,9.024593205087275,13.769235162541102,0.09736319555185068,20000,20000,20,,
walker2d-medium-replay-v2,2,rnn,6,92,5,9.049570575056386,13.16396335647522,0.09308327756654852,20000,20000,20,,
walker2d-medium-replay-v2,2,rnn,6,93,3,9.143746701958996,12.872019390404567,0.09101892198519798,20000,20000,20,,
walker2d-medium-replay-v2,2,rnn,6,94,5,9.309375982802523,12.811150068743894,0.09058851088407312,20000,20000,20,,
walker2d-medium-replay-v2,2,rnn,6,95,1,9.585909597614839,13.585202405542633,0.09606188744750993,20000,20000,20,,
walker2d-medium-replay-v2,2,rnn,6,96,3,9.678648701165033,13.561365512730866,0.09589333516201376,20000,20000,20,,
walker2d-medium-replay-v2,2,rnn,6,97,1,10.132964297521344,14.445556636768542,0.10214551055873372,20000,20000,20,,
walker2d-medium-replay-v2,2,rnn,6,98,5,10.130514677787827,14.378612352674855,0.10167214298629047,20000,20000,20,,
walker2d-medium-replay-v2,2,rnn,6,99,3,10.265933668602857,14.52590552051388,0.10271366296430472,20000,20000,20,,
walker2d-medium-replay-v2,2,rnn,6,100,2,10.546950424790388,15.006029837814474,0.10610865457006281,20000,20000,20,,
walker2d-medium-replay-v2,2,rnn,7,1,3,0.08523426115362322,0.24602622820521283,0.0017396681431365503,20000,20000,20,,
walker2d-medium-replay-v2,2,rnn,7,2,4,0.1320325492593145,0.3903008098654005,0.0027598434935842604,20000,20000,20,,
walker2d-medium-replay-v2,2,rnn,7,3,5,0.18514406293332877,0.5484976216896655,0.0038784638776145604,20000,20000,20,,
walker2d-medium-replay-v2,2,rnn,7,4,1,0.3421297581180029,0.9125400942345048,0.006452632887378294,20000,20000,20,,
walker2d-medium-replay-v2,2,rnn,7,5,2,0.3844045484028187,1.102367757109051,0.007794917164132149,20000,20000,20,,
walker2d-medium-replay-v2,2,rnn,7,6,5,0.4275598109200984,1.133516978618058,0.008015175421709155,20000,20000,20,,
walker2d-medium-replay-v2,2,rnn,7,7,3,0.48815421258712083,1.2678591497334182,0.008965118023659104,20000,20000,20,,
walker2d-medium-replay-v2,2,rnn,7,8,4,0.5621409367321719,1.4099526838435363,0.009969871038979368,20000,20000,20,,
walker2d-medium-replay-v2,2,rnn,7,9,4,0.6411095380426728,1.6664325052996687,0.011783457248870829,20000,20000,20,,
walker2d-medium-replay-v2,2,rnn,7,10,2,0.700466228416401,1.7631891444651169,0.012467630005657912,20000,20000,20,,
walker2d-medium-replay-v2,2,rnn,7,11,1,0.8266164127174734,2.0083725248519344,0.014201338314715506,20000,20000,20,,
walker2d-medium-replay-v2,2,rnn,7,12,4,0.8653696859315638,2.0799793188254916,0.01470767481069281,20000,20000,20,,
walker2d-medium-replay-v2,2,rnn,7,13,3,0.9145305203442525,2.156823118514131,0.015251042529212586,20000,20000,20,,
walker2d-medium-replay-v2,2,rnn,7,14,2,1.0062893415392125,2.4205042917295114,0.01711554998573079,20000,20000,20,,
walker2d-medium-replay-v2,2,rnn,7,15,4,1.0845695894886238,2.580229833182187,0.018244980120629587,20000,20000,20,,
walker2d-medium-replay-v2,2,rnn,7,16,3,1.1323435222977902,2.6713557275391318,0.018889337499044433,20000,20000,20,,
walker2d-medium-replay-v2,2,rnn,7,17,2,1.181311176851031,2.7077983494096256,0.019147025749532868,20000,20000,20,,
walker2d-medium-replay-v2,2,rnn,7,18,3,1.2506445648738937,2.789500598839735,0.019724747895635115,20000,20000,20,,
walker2d-medium-replay-v2,2,rnn,7,19,1,1.382439790721831,3.0133082451493545,0.02130730693950444,20000,20000,20,,
walker2d-medium-replay-v2,2,rnn,7,20,3,1.4527775646199856,3.2067694695978144,0.022675284376546027,20000,20000,20,,
walker2d-medium-replay-v2,2,rnn,7,21,1,1.5563091584492514,3.2716479370884715,0.023134044419702373,20000,20000,20,,
walker2d-medium-replay-v2,2,rnn,7,22,2,1.628198291914786,3.404040263425083,0.024070199536999175,20000,20000,20,,
walker2d-medium-replay-v2,2,rnn,7,23,1,1.747942935337267,3.5503013311980958,0.025104421465458,20000,20000,20,,
walker2d-medium-replay-v2,2,rnn,7,24,2,1.8341395676205727,3.719260367520286,0.026299142268719652,20000,20000,20,,
walker2d-medium-replay-v2,2,rnn,7,25,4,1.8947992432621765,3.7627551659119285,0.026606696937610374,20000,20000,20,,
walker2d-medium-replay-v2,2,rnn,7,26,4,1.9739676612322408,3.8976743227429043,0.027560719444681914,20000,20000,20,,
walker2d-medium-replay-v2,2,rnn,7,27,4,2.0345388005473857,4.034415348696952,0.028527624511867047,20000,20000,20,,
walker2d-medium-replay-v2,2,rnn,7,28,4,2.1136221495350567,4.1531611712814795,0.029367284275737985,20000,20000,20,,
walker2d-medium-replay-v2,2,rnn,7,29,2,2.166369095201031,4.1578655625543925,0.0294005493454423,20000,20000,20,,
walker2d-medium-replay-v2,2,rnn,7,30,1,2.2508415845499625,4.153622897162039,0.029370549170749917,20000,20000,20,,
walker2d-medium-replay-v2,2,rnn,7,31,1,2.342149153708186,4.259202336530529,0.030117108546063247,20000,20000,20,,
walker2d-medium-replay-v2,2,rnn,7,32,3,2.426742412001894,4.386053824814027,0.03101408402175192,20000,20000,20,,
walker2d-medium-replay-v2,2,rnn,7,33,3,2.527921206076229,4.62955200565474,0.03273587617054249,20000,20000,20,,
walker2d-medium-replay-v2,2,rnn,7,34,3,2.621393389817791,4.74447956489195,0.033548536735360984,20000,20000,20,,
walker2d-medium-replay-v2,2,rnn,7,35,4,2.708188445828301,4.801677550364951,0.03395298756934267,20000,20000,20,,
walker2d-medium-replay-v2,2,rnn,7,36,1,2.81453478008283,4.907496887824961,0.03470124328032908,20000,20000,20,,
walker2d-medium-replay-v2,2,rnn,7,37,1,2.930106953644263,5.005405873455586,0.03539356435711419,20000,20000,20,,
walker2d-medium-replay-v2,2,rnn,7,38,1,3.054018583269547,5.142596412379195,0.0363636479609894,20000,20000,20,,
walker2d-medium-replay-v2,2,rnn,7,39,3,3.1419780048817674,5.321186386472471,0.03762646977832225,20000,20000,20,,
walker2d-medium-replay-v2,2,rnn,7,40,2,3.2382347578216666,5.360559882776849,0.03790488244068074,20000,20000,20,,
walker2d-medium-replay-v2,2,rnn,7,41,5,3.3532208278420192,5.584242725544973,0.03948655899024499,20000,20000,20,,
walker2d-medium-replay-v2,2,rnn,7,42,3,3.420991556763703,5.649585222538346,0.03994860021748174,20000,20000,20,,
walker2d-medium-replay-v2,2,rnn,7,43,3,3.4567368877456066,5.639140009912473,0.039874741410694844,20000,20000,20,,
walker2d-medium-replay-v2,2,rnn,7,44,4,3.4842616165556786,5.667550097189493,0.04007563106437167,20000,20000,20,,
walker2d-medium-replay-v2,2,rnn,7,45,3,3.5688992105336,5.701810260737648,0.04031788700406628,20000,20000,20,,
walker2d-medium-replay-v2,2,rnn,7,46,2,3.6273350860460836,5.711692520640364,0.04038776513397286,20000,20000,20,,
walker2d-medium-replay-v2,2,rnn,7,47,3,3.718941596837,5.877404686816885,0.041559527098258164,20000,20000,20,,
walker2d-medium-replay-v2,2,rnn,7,48,3,3.792660301845424,5.904867792628325,0.04175372058177529,20000,20000,20,,
walker2d-medium-replay-v2,2,rnn,7,49,5,3.898701925039634,6.079870186478197,0.04299117437592652,20000,20000,20,,
walker2d-medium-replay-v2,2,rnn,7,50,2,3.9636682828857435,6.246080263526863,0.04416645710175302,20000,20000,20,,
walker2d-medium-replay-v2,2,rnn,7,51,2,4.065831085714491,6.424757883372021,0.04542989866814086,20000,20000,20,,
walker2d-medium-replay-v2,2,rnn,7,52,3,4.143604897376436,6.3902021564234746,0.045185552779599375,20000,20000,20,,
walker2d-medium-replay-v2,2,rnn,7,53,4,4.214638513848438,6.417911823048647,0.045381489711350156,20000,20000,20,,
walker2d-medium-replay-v2,2,rnn,7,54,1,4.381691339146396,6.659337147082718,0.04708862454909667,20000,20000,20,,
walker2d-medium-replay-v2,2,rnn,7,55,4,4.476744805910571,6.756922570858738,0.04777865769806654,20000,20000,20,,
walker2d-medium-replay-v2,2,rnn,7,56,4,4.555302819108294,6.890549328628953,0.04872354156373945,20000,20000,20,,
walker2d-medium-replay-v2,2,rnn,7,57,1,4.693843840366623,7.08159345264372,0.050074427519706304,20000,20000,20,,
walker2d-medium-replay-v2,2,rnn,7,58,1,4.877743779502487,7.412781998143882,0.052416284183451047,20000,20000,20,,
walker2d-medium-replay-v2,2,rnn,7,59,1,5.040064466280413,7.65133726036922,0.05410312461952376,20000,20000,20,,
walker2d-medium-replay-v2,2,rnn,7,60,4,5.106276404975508,7.59873469634982,0.053731168322264586,20000,20000,20,,
walker2d-medium-replay-v2,2,rnn,7,61,4,5.201375402851585,7.579140127843061,0.05359261379960905,20000,20000,20,,
walker2d-medium-replay-v2,2,rnn,7,62,5,5.32480055722803,7.759412164006518,0.05486732959190392,20000,20000,20,,
walker2d-medium-replay-v2,2,rnn,7,63,3,5.333084455541537,7.75095444710394,0.054807524502152226,20000,20000,20,,
walker2d-medium-replay-v2,2,rnn,7,64,2,5.40010843418018,7.908660298523966,0.05592267327187121,20000,20000,20,,
walker2d-medium-replay-v2,2,rnn,7,65,2,5.48970641311215,8.087042745687652,0.05718402765221215,20000,20000,20,,
walker2d-medium-replay-v2,2,rnn,7,66,3,5.56843424081253,8.143363616355629,0.057582276347928715,20000,20000,20,,
walker2d-medium-replay-v2,2,rnn,7,67,1,5.693716332186182,8.418133592462809,0.05952519348164724,20000,20000,20,,
walker2d-medium-replay-v2,2,rnn,7,68,5,5.74645953790165,8.250345368889427,0.05833875157472741,20000,20000,20,,
walker2d-medium-replay-v2,2,rnn,7,69,2,5.85339626857427,8.569483202398098,0.06059539683679906,20000,20000,20,,
walker2d-medium-replay-v2,2,rnn,7,70,1,6.02261352949108,8.589111810117071,0.060734192053032425,20000,20000,20,,
walker2d-medium-replay-v2,2,rnn,7,71,2,6.090186904958576,8.535048070710126,0.060351903685522894,20000,20000,20,,
walker2d-medium-replay-v2,2,rnn,7,72,2,6.150320240180433,8.450219525830718,0.05975207529229873,20000,20000,20,,
walker2d-medium-replay-v2,2,rnn,7,73,3,6.240637846277461,8.382391353559212,0.05927245768661202,20000,20000,20,,
walker2d-medium-replay-v2,2,rnn,7,74,2,6.351244290700491,8.632455649434906,0.06104067928007544,20000,20000,20,,
walker2d-medium-replay-v2,2,rnn,7,75,5,6.514914850421509,8.898125012396461,0.0629192453611117,20000,20000,20,,
walker2d-medium-replay-v2,2,rnn,7,76,1,6.687147221458443,9.238339705138173,0.06532492652408133,20000,20000,20,,
walker2d-medium-replay-v2,2,rnn,7,77,4,6.7406136312674265,9.254290303726956,0.06543771428834244,20000,20000,20,,
walker2d-medium-replay-v2,2,rnn,7,78,5,6.8695857336736985,9.248767209873538,0.06539866011717363,20000,20000,20,,
walker2d-medium-replay-v2,2,rnn,7,79,1,7.054620458385665,9.611410991225934,0.06796293888666774,20000,20000,20,,
walker2d-medium-replay-v2,2,rnn,7,80,2,7.121441821001712,9.583084032461535,0.06776263704034076,20000,20000,20,,
walker2d-medium-replay-v2,2,rnn,7,81,1,7.368817981104111,9.987366458491541,0.07062134548994442,20000,20000,20,,
walker2d-medium-replay-v2,2,rnn,7,82,1,7.630342260075963,10.569696421837536,0.07473904014964508,20000,20000,20,,
walker2d-medium-replay-v2,2,rnn,7,83,5,7.640710138751135,10.340626494540334,0.07311927116006747,20000,20000,20,,
walker2d-medium-replay-v2,2,rnn,7,84,4,7.753277378437733,10.48674820301735,0.07415250766949409,20000,20000,20,,
walker2d-medium-replay-v2,2,rnn,7,85,1,8.005288203643376,10.970558526859824,0.07757356327746483,20000,20000,20,,
walker2d-medium-replay-v2,2,rnn,7,86,4,8.02288240007758,10.947599710955934,0.07741121993332828,20000,20000,20,,
walker2d-medium-replay-v2,2,rnn,7,87,2,8.181324690268061,11.155868885709209,0.07888390539112995,20000,20000,20,,
walker2d-medium-replay-v2,2,rnn,7,88,1,8.437744777352048,11.818406517142005,0.08356875391090399,20000,20000,20,,
walker2d-medium-replay-v2,2,rnn,7,89,2,8.577781644288354,12.175018704657845,0.08609038287136618,20000,20000,20,,
walker2d-medium-replay-v2,2,rnn,7,90,1,8.913537051086875,12.99272218350253,0.09187241962027524,20000,20000,20,,
walker2d-medium-replay-v2,2,rnn,7,91,3,8.989309941378856,12.966403459004534,0.09168631813462812,20000,20000,20,,
walker2d-medium-replay-v2,2,rnn,7,92,2,9.173715830883255,13.154960686356281,0.09301961907564965,20000,20000,20,,
walker2d-medium-replay-v2,2,rnn,7,93,2,9.407774971884422,13.441600753069967,0.09504647042497977,20000,20000,20,,
walker2d-medium-replay-v2,2,rnn,7,94,2,9.617380235099763,13.878266060347245,0.09813416042382649,20000,20000,20,,
walker2d-medium-replay-v2,2,rnn,7,95,5,9.768500400675586,13.962486451749985,0.0987296885225771,20000,20000,20,,
walker2d-medium-replay-v2,2,rnn,7,96,4,9.954427486582313,14.124063904561703,0.09987221364827727,20000,20000,20,,
walker2d-medium-replay-v2,2,rnn,7,97,4,10.198401475588302,14.720664987775402,0.10409082036431372,20000,20000,20,,
walker2d-medium-replay-v2,2,rnn,7,98,1,10.537934314422191,15.123106734002318,0.1069365132422098,20000,20000,20,,
walker2d-medium-replay-v2,2,rnn,7,99,1,10.977799633712777,16.19279296809721,0.11450033714091377,20000,20000,20,,
walker2d-medium-replay-v2,2,rnn,7,100,2,11.011727370721239,15.686598579726795,0.11092100229476082,20000,20000,20,,
walker2d-medium-replay-v2,2,rnn,8,1,3,0.0866506436030284,0.25214675958834876,0.0017829468355913553,20000,20000,20,,
walker2d-medium-replay-v2,2,rnn,8,2,4,0.1350059307117552,0.3889524110854103,0.0027503088743735127,20000,20000,20,,
walker2d-medium-replay-v2,2,rnn,8,3,4,0.18031737390532718,0.5236095908991456,0.003702478924190998,20000,20000,20,,
walker2d-medium-replay-v2,2,rnn,8,4,3,0.2303356800350192,0.6509807108591539,0.004603128750701469,20000,20000,20,,
walker2d-medium-replay-v2,2,rnn,8,5,4,0.28772013928385287,0.8275113666606153,0.005851388988746686,20000,20000,20,,
walker2d-medium-replay-v2,2,rnn,8,6,1,0.43742506163985545,1.1179744709964328,0.007905273296350207,20000,20000,20,,
walker2d-medium-replay-v2,2,rnn,8,7,1,0.5655136577716305,1.4491240170558533,0.01024685419240484,20000,20000,20,,
walker2d-medium-replay-v2,2,rnn,8,8,2,0.6057059133082691,1.5710032134317256,0.0111086702548343,20000,20000,20,,
walker2d-medium-replay-v2,2,rnn,8,9,3,0.6674983588127741,1.6817312794085673,0.011891635918033263,20000,20000,20,,
walker2d-medium-replay-v2,2,rnn,8,10,4,0.7365138165606786,1.7988771845673859,0.01271998255729363,20000,20000,20,,
walker2d-medium-replay-v2,2,rnn,8,11,5,0.8154811949104424,2.0214269949827557,0.014293647358258516,20000,20000,20,,
walker2d-medium-replay-v2,2,rnn,8,12,2,0.8812219593761996,2.1779499430100393,0.015400431737872535,20000,20000,20,,
walker2d-medium-replay-v2,2,rnn,8,13,4,0.9548024603234088,2.350912524956042,0.01662346188372806,20000,20000,20,,
walker2d-medium-replay-v2,2,rnn,8,14,3,1.0104740110932093,2.465062328678707,0.017430622886562157,20000,20000,20,,
walker2d-medium-replay-v2,2,rnn,8,15,1,1.1208835251587086,2.6169260035460673,0.018504461229708353,20000,20000,20,,
walker2d-medium-replay-v2,2,rnn,8,16,5,1.1592626789850324,2.680236482262299,0.018952133917912492,20000,20000,20,,
walker2d-medium-replay-v2,2,rnn,8,17,2,1.2244505845081335,2.7459274865257255,0.019416639463688726,20000,20000,20,,
walker2d-medium-replay-v2,2,rnn,8,18,5,1.2987527527468696,2.862497124465594,0.020240911278366143,20000,20000,20,,
walker2d-medium-replay-v2,2,rnn,8,19,4,1.351068956747104,2.9420477813717936,0.020803419367828323,20000,20000,20,,
walker2d-medium-replay-v2,2,rnn,8,20,3,1.394247694829918,3.033685742726416,0.02145139760670797,20000,20000,20,,
walker2d-medium-replay-v2,2,rnn,8,21,4,1.4569198178431193,3.066413878338082,0.02168282047297399,20000,20000,20,,
walker2d-medium-replay-v2,2,rnn,8,22,5,1.5172628749474384,3.147635163576584,0.022257141688662302,20000,20000,20,,
walker2d-medium-replay-v2,2,rnn,8,23,5,1.5937808420051967,3.2906622392946794,0.023268495839997773,20000,20000,20,,
walker2d-medium-replay-v2,2,rnn,8,24,4,1.6463436521751842,3.3399989256960554,0.023617358895154643,20000,20000,20,,
walker2d-medium-replay-v2,2,rnn,8,25,1,1.7645817896964857,3.5075376160720135,0.024802036335914178,20000,20000,20,,
walker2d-medium-replay-v2,2,rnn,8,26,5,1.830497825778448,3.657747624009107,0.02586418148805822,20000,20000,20,,
walker2d-medium-replay-v2,2,rnn,8,27,5,1.9013591480361116,3.79846695558444,0.02685921742406778,20000,20000,20,,
walker2d-medium-replay-v2,2,rnn,8,28,3,1.9891587114373461,3.891647453468424,0.027518103043348816,20000,20000,20,,
walker2d-medium-replay-v2,2,rnn,8,29,5,2.079111436627836,4.007832201196475,0.028339653273238348,20000,20000,20,,
walker2d-medium-replay-v2,2,rnn,8,30,4,2.1506692075054574,4.080555717595985,0.028853886189216593,20000,20000,20,,
walker2d-medium-replay-v2,2,rnn,8,31,3,2.248156382007844,4.250704934305721,0.03005702283870693,20000,20000,20,,
walker2d-medium-replay-v2,2,rnn,8,32,1,2.374574347795213,4.3894339143426935,0.031037984864019295,20000,20000,20,,
walker2d-medium-replay-v2,2,rnn,8,33,5,2.4685297525905248,4.520691976764353,0.031966119524256924,20000,20000,20,,
walker2d-medium-replay-v2,2,rnn,8,34,5,2.517068421397346,4.532282698309845,0.032048078302293545,20000,20000,20,,
walker2d-medium-replay-v2,2,rnn,8,35,4,2.6283977626119746,4.716260100802511,0.033348994991170056,20000,20000,20,,
walker2d-medium-replay-v2,2,rnn,8,36,4,2.719028088656245,4.887779138688097,0.034561817739084955,20000,20000,20,,
walker2d-medium-replay-v2,2,rnn,8,37,5,2.830562538601998,4.995946763579034,0.0353266783497372,20000,20000,20,,
walker2d-medium-replay-v2,2,rnn,8,38,4,2.858240462239534,5.009577940028096,0.03542306532276403,20000,20000,20,,
walker2d-medium-replay-v2,2,rnn,8,39,1,2.971169695033305,5.125845712330967,0.03624520262505215,20000,20000,20,,
walker2d-medium-replay-v2,2,rnn,8,40,5,3.079531299809829,5.2718976224696075,0.037277945585694965,20000,20000,20,,
walker2d-medium-replay-v2,2,rnn,8,41,1,3.2056343350015393,5.38136659822988,0.03805200813659131,20000,20000,20,,
walker2d-medium-replay-v2,2,rnn,8,42,1,3.357798638502106,5.580024326517355,0.039456730404663194,20000,20000,20,,
walker2d-medium-replay-v2,2,rnn,8,43,1,3.5162383823206977,5.720934617711988,0.04045311662909015,20000,20000,20,,
walker2d-medium-replay-v2,2,rnn,8,44,5,3.5637539716481696,5.8242323581899935,0.04118354195682261,20000,20000,20,,
walker2d-medium-replay-v2,2,rnn,8,45,3,3.621012531323082,5.784503565054286,0.04090261696647645,20000,20000,20,,
walker2d-medium-replay-v2,2,rnn,8,46,2,3.7251768962818606,5.892652143129962,0.041667342895806384,20000,20000,20,,
walker2d-medium-replay-v2,2,rnn,8,47,3,3.8093299732235275,5.9884396460728695,0.04234466282464495,20000,20000,20,,
walker2d-medium-replay-v2,2,rnn,8,48,4,3.8459994602161487,6.035911825970102,0.04268034182787535,20000,20000,20,,
walker2d-medium-replay-v2,2,rnn,8,49,3,3.904859540681508,6.074045044463766,0.04294998440172873,20000,20000,20,,
walker2d-medium-replay-v2,2,rnn,8,50,2,3.991695177066595,6.127576401014065,0.043328508253957045,20000,20000,20,,
walker2d-medium-replay-v2,2,rnn,8,51,5,4.092569517060444,6.291647179614152,0.04448866385538383,20000,20000,20,,
walker2d-medium-replay-v2,2,rnn,8,52,4,4.166071634350712,6.412796620190269,0.04534531976506712,20000,20000,20,,
walker2d-medium-replay-v2,2,rnn,8,53,2,4.242524531458089,6.50209865611492,0.04597678051682797,20000,20000,20,,
walker2d-medium-replay-v2,2,rnn,8,54,4,4.33305945422929,6.574570304147951,0.04648923245450718,20000,20000,20,,
walker2d-medium-replay-v2,2,rnn,8,55,1,4.42558608705563,6.636015751012196,0.04692371737601463,20000,20000,20,,
walker2d-medium-replay-v2,2,rnn,8,56,3,4.5424818097627995,6.810011280220788,0.04815405156201001,20000,20000,20,,
walker2d-medium-replay-v2,2,rnn,8,57,5,4.604855788474511,6.8100487031522565,0.04815431618209614,20000,20000,20,,
walker2d-medium-replay-v2,2,rnn,8,58,3,4.6877172665715054,6.885274388746641,0.048686242106128104,20000,20000,20,,
walker2d-medium-replay-v2,2,rnn,8,59,1,4.839568413692637,7.10103212147265,0.05021187966516806,20000,20000,20,,
walker2d-medium-replay-v2,2,rnn,8,60,1,5.004701189952101,7.315961251900036,0.05173165812116538,20000,20000,20,,
walker2d-medium-replay-v2,2,rnn,8,61,4,5.11823058028952,7.333013648314968,0.051852236772570184,20000,20000,20,,
walker2d-medium-replay-v2,2,rnn,8,62,2,5.204562929566954,7.387343783267296,0.0522364088410459,20000,20000,20,,
walker2d-medium-replay-v2,2,rnn,8,63,1,5.347532927073634,7.611698013382544,0.053822832816069685,20000,20000,20,,
walker2d-medium-replay-v2,2,rnn,8,64,2,5.433770676971602,7.689458106959482,0.054372679710809224,20000,20000,20,,
walker2d-medium-replay-v2,2,rnn,8,65,1,5.59285765301188,7.995538815093747,0.056536997153930416,20000,20000,20,,
walker2d-medium-replay-v2,2,rnn,8,66,2,5.696216875860777,7.980312568581233,0.05642933133232025,20000,20000,20,,
walker2d-medium-replay-v2,2,rnn,8,67,1,5.805939419732721,8.186783121925819,0.0578892986161732,20000,20000,20,,
walker2d-medium-replay-v2,2,rnn,8,68,2,5.916525189678786,8.244244674457656,0.05829561315070089,20000,20000,20,,
walker2d-medium-replay-v2,2,rnn,8,69,3,5.988649863154839,8.268920137512382,0.05847009502325004,20000,20000,20,,
walker2d-medium-replay-v2,2,rnn,8,70,4,6.079896568384292,8.336488478195925,0.058947875342158604,20000,20000,20,,
walker2d-medium-replay-v2,2,rnn,8,71,3,6.184529608282585,8.513825804920508,0.06020183960500307,20000,20000,20,,
walker2d-medium-replay-v2,2,rnn,8,72,5,6.228842273833893,8.634972765315267,0.061058477977155794,20000,20000,20,,
walker2d-medium-replay-v2,2,rnn,8,73,2,6.278656051415484,8.754420513059117,0.06190310110142715,20000,20000,20,,
walker2d-medium-replay-v2,2,rnn,8,74,3,6.373266242787105,8.896405649799913,0.06290708763159832,20000,20000,20,,
walker2d-medium-replay-v2,2,rnn,8,75,1,6.560116152105219,9.377242589395122,0.0663071182379259,20000,20000,20,,
walker2d-medium-replay-v2,2,rnn,8,76,4,6.658769545699051,9.463172488762885,0.06691473438342213,20000,20000,20,,
walker2d-medium-replay-v2,2,rnn,8,77,1,6.870393039331772,9.99139643954658,0.07064984175926514,20000,20000,20,,
walker2d-medium-replay-v2,2,rnn,8,78,2,6.98922987188039,9.990952016461117,0.07064669921349066,20000,20000,20,,
walker2d-medium-replay-v2,2,rnn,8,79,4,7.048648065337451,10.07428616455583,0.07123596062571241,20000,20000,20,,
walker2d-medium-replay-v2,2,rnn,8,80,2,7.183674994765828,10.129937868187403,0.07162947759593712,20000,20000,20,,
walker2d-medium-replay-v2,2,rnn,8,81,3,7.304419068420505,10.062732604331854,0.07115426461790021,20000,20000,20,,
walker2d-medium-replay-v2,2,rnn,8,82,1,7.473073320702648,10.290479011568696,0.07276467490738066,20000,20000,20,,
walker2d-medium-replay-v2,2,rnn,8,83,2,7.5474660955204165,10.392414703164295,0.07348546909510255,20000,20000,20,,
walker2d-medium-replay-v2,2,rnn,8,84,3,7.640684176777517,10.393387393024728,0.07349234705106558,20000,20000,20,,
walker2d-medium-replay-v2,2,rnn,8,85,2,7.792298737241247,10.58236566064797,0.07482862519639838,20000,20000,20,,
walker2d-medium-replay-v2,2,rnn,8,86,2,7.972792461886027,10.788833383772866,0.07628857246757599,20000,20000,20,,
walker2d-medium-replay-v2,2,rnn,8,87,4,8.105784683183984,10.966335200748118,0.07754369985213733,20000,20000,20,,
walker2d-medium-replay-v2,2,rnn,8,88,1,8.33420880014773,11.503485115227305,0.0813419233225574,20000,20000,20,,
walker2d-medium-replay-v2,2,rnn,8,89,2,8.468008479375916,11.646638875427335,0.08235417326845534,20000,20000,20,,
walker2d-medium-replay-v2,2,rnn,8,90,3,8.598410046502357,11.656859570454893,0.0824264444960796,20000,20000,20,,
walker2d-medium-replay-v2,2,rnn,8,91,5,8.79801877395702,11.900470527833411,0.08414903409541657,20000,20000,20,,
walker2d-medium-replay-v2,2,rnn,8,92,2,8.975049116479491,12.30545086167425,0.08701267749847706,20000,20000,20,,
walker2d-medium-replay-v2,2,rnn,8,93,5,9.164542879497596,12.580319729619564,0.08895629390308908,20000,20000,20,,
walker2d-medium-replay-v2,2,rnn,8,94,5,9.293376226357216,12.923717794686231,0.09138448490763887,20000,20000,20,,
walker2d-medium-replay-v2,2,rnn,8,95,4,9.445053252749855,13.079011771656125,0.09248257914956727,20000,20000,20,,
walker2d-medium-replay-v2,2,rnn,8,96,5,9.684244523648545,13.355268809974294,0.09443601140102016,20000,20000,20,,
walker2d-medium-replay-v2,2,rnn,8,97,5,9.792679778768603,13.586376848770024,0.09607019201521201,20000,20000,20,,
walker2d-medium-replay-v2,2,rnn,8,98,4,9.977147913978545,13.733784541370408,0.09711252180557994,20000,20000,20,,
walker2d-medium-replay-v2,2,rnn,8,99,1,10.31334583929129,14.184133320016153,0.10029696855837479,20000,20000,20,,
walker2d-medium-replay-v2,2,rnn,8,100,4,10.480533596038592,14.383199141365617,0.10170457648016155,20000,20000,20,,
walker2d-medium-replay-v2,2,rnn,9,1,1,0.2086821291041964,0.5986024531389781,0.004232758538494739,20000,20000,20,,
walker2d-medium-replay-v2,2,rnn,9,2,5,0.21977479862505775,0.6421888622387024,0.0045409609929146005,20000,20000,20,,
walker2d-medium-replay-v2,2,rnn,9,3,4,0.2554991687931195,0.7553995534622071,0.005341481467584165,20000,20000,20,,
walker2d-medium-replay-v2,2,rnn,9,4,1,0.4131484922748426,1.1166437256531498,0.00789586350578753,20000,20000,20,,
walker2d-medium-replay-v2,2,rnn,9,5,3,0.46190980348861693,1.2326658161719726,0.00871626357552052,20000,20000,20,,
walker2d-medium-replay-v2,2,rnn,9,6,2,0.5193880061061208,1.3774456034699292,0.00974001126929183,20000,20000,20,,
walker2d-medium-replay-v2,2,rnn,9,7,5,0.5946764628927008,1.5509232773312445,0.010966683665009873,20000,20000,20,,
walker2d-medium-replay-v2,2,rnn,9,8,5,0.6692384967372599,1.7331506049313683,0.012255225455645375,20000,20000,20,,
walker2d-medium-replay-v2,2,rnn,9,9,1,0.7960502215922617,1.9772874269335667,0.013981533479396251,20000,20000,20,,
walker2d-medium-replay-v2,2,rnn,9,10,4,0.817266276552532,1.9809283330824203,0.014007278573671433,20000,20000,20,,
walker2d-medium-replay-v2,2,rnn,9,11,2,0.8829791479367037,2.1613194643102767,0.015282836495242728,20000,20000,20,,
walker2d-medium-replay-v2,2,rnn,9,12,1,1.0232630930059425,2.397947982242938,0.0169560527917658,20000,20000,20,,
walker2d-medium-replay-v2,2,rnn,9,13,5,1.0791915223923647,2.5284523691097944,0.01787885816104727,20000,20000,20,,
walker2d-medium-replay-v2,2,rnn,9,14,4,1.1465270499249582,2.6977727875205897,0.01907613432156344,20000,20000,20,,
walker2d-medium-replay-v2,2,rnn,9,15,3,1.2135337885444104,2.8125485007017184,0.01988772117262242,20000,20000,20,,
walker2d-medium-replay-v2,2,rnn,9,16,2,1.2504947316140977,2.8767473308747875,0.020341675454218628,20000,20000,20,,
walker2d-medium-replay-v2,2,rnn,9,17,5,1.2877098888414082,2.88261184711463,0.02038314384623434,20000,20000,20,,
walker2d-medium-replay-v2,2,rnn,9,18,4,1.3376209973072775,2.920063196488584,0.020647964877303436,20000,20000,20,,
walker2d-medium-replay-v2,2,rnn,9,19,2,1.426687789885049,3.126321500117657,0.02210643132902495,20000,20000,20,,
walker2d-medium-replay-v2,2,rnn,9,20,3,1.5096020026209347,3.2710483325773,0.02312980457554358,20000,20000,20,,
walker2d-medium-replay-v2,2,rnn,9,21,2,1.545340696130083,3.2374329636487578,0.02289210802232898,20000,20000,20,,
walker2d-medium-replay-v2,2,rnn,9,22,5,1.610497433154337,3.358465995186611,0.023747940795808796,20000,20000,20,,
walker2d-medium-replay-v2,2,rnn,9,23,5,1.6880593830684454,3.48764040663821,0.024661341818740863,20000,20000,20,,
walker2d-medium-replay-v2,2,rnn,9,24,2,1.7348048108646092,3.5670021566657817,0.02522251413485414,20000,20000,20,,
walker2d-medium-replay-v2,2,rnn,9,25,4,1.7843647441695931,3.6407776455372995,0.02574418561951817,20000,20000,20,,
walker2d-medium-replay-v2,2,rnn,9,26,5,1.867706591795061,3.7959021692536177,0.02684108164599959,20000,20000,20,,
walker2d-medium-replay-v2,2,rnn,9,27,4,1.9364019916862922,3.878012787883531,0.027421691398405928,20000,20000,20,,
walker2d-medium-replay-v2,2,rnn,9,28,3,2.0332798938814385,3.9655126490972887,0.02804040885057723,20000,20000,20,,
walker2d-medium-replay-v2,2,rnn,9,29,5,2.124655210225597,4.025026837393479,0.028461237711787723,20000,20000,20,,
walker2d-medium-replay-v2,2,rnn,9,30,4,2.2191463780772245,4.213193957283851,0.02979178017649596,20000,20000,20,,
walker2d-medium-replay-v2,2,rnn,9,31,5,2.3021737458881635,4.276251223131727,0.03023766237933712,20000,20000,20,,
walker2d-medium-replay-v2,2,rnn,9,32,2,2.3764916059051613,4.418766480249364,0.031245397426641373,20000,20000,20,,
walker2d-medium-replay-v2,2,rnn,9,33,5,2.465532854334156,4.584762637899879,0.032419167513897285,20000,20000,20,,
walker2d-medium-replay-v2,2,rnn,9,34,2,2.547604231821089,4.623219942156994,0.03269110172016088,20000,20000,20,,
walker2d-medium-replay-v2,2,rnn,9,35,2,2.6238481899591672,4.70505888861454,0.03326979046021382,20000,20000,20,,
walker2d-medium-replay-v2,2,rnn,9,36,3,2.718557010606484,4.919180018092134,0.03478385548670311,20000,20000,20,,
walker2d-medium-replay-v2,2,rnn,9,37,5,2.8250384827654482,5.107880102416312,0.03611816657906411,20000,20000,20,,
walker2d-medium-replay-v2,2,rnn,9,38,2,2.930020864844824,5.259081735018706,0.0371873235764604,20000,20000,20,,
walker2d-medium-replay-v2,2,rnn,9,39,4,3.0227856862988642,5.333719184639712,0.037715090044035234,20000,20000,20,,
walker2d-medium-replay-v2,2,rnn,9,40,2,3.1048863330290626,5.429977566149312,0.038395739587150035,20000,20000,20,,
walker2d-medium-replay-v2,2,rnn,9,41,2,3.1994576360968403,5.568036080352539,0.03937196070308645,20000,20000,20,,
walker2d-medium-replay-v2,2,rnn,9,42,5,3.2855245795733055,5.601602214334261,0.03960930911265336,20000,20000,20,,
walker2d-medium-replay-v2,2,rnn,9,43,3,3.3781841996892514,5.665399491415326,0.040060423985105946,20000,20000,20,,
walker2d-medium-replay-v2,2,rnn,9,44,3,3.4334831675277115,5.710862054545679,0.040381892851901885,20000,20000,20,,
walker2d-medium-replay-v2,2,rnn,9,45,4,3.4961353808463485,5.777738348659367,0.040854779662586035,20000,20000,20,,
walker2d-medium-replay-v2,2,rnn,9,46,4,3.599137544451379,5.963736115922583,0.0421699824877598,20000,20000,20,,
walker2d-medium-replay-v2,2,rnn,9,47,4,3.6823235244071206,6.002034071101279,0.04244078992588415,20000,20000,20,,
walker2d-medium-replay-v2,2,rnn,9,48,3,3.7461364529255836,6.09397315148718,0.043090897397853406,20000,20000,20,,
walker2d-medium-replay-v2,2,rnn,9,49,5,3.838974323313596,6.233774986618611,0.04407944565429099,20000,20000,20,,
walker2d-medium-replay-v2,2,rnn,9,50,1,3.971061871603982,6.352914844594532,0.04492189166913475,20000,20000,20,,
walker2d-medium-replay-v2,2,rnn,9,51,2,4.092929606043159,6.566706792903643,0.046433629033259316,20000,20000,20,,
walker2d-medium-replay-v2,2,rnn,9,52,4,4.150514749757347,6.594178540929843,0.04662788362646305,20000,20000,20,,
walker2d-medium-replay-v2,2,rnn,9,53,2,4.212709819005159,6.640235898307905,0.046953558323718655,20000,20000,20,,
walker2d-medium-replay-v2,2,rnn,9,54,1,4.39201646967663,6.960574859287484,0.04921869683958779,20000,20000,20,,
walker2d-medium-replay-v2,2,rnn,9,55,3,4.512338832943564,7.097212453806999,0.05018487053608545,20000,20000,20,,
walker2d-medium-replay-v2,2,rnn,9,56,5,4.590137718344582,7.28474114416801,0.05151089862229849,20000,20000,20,,
walker2d-medium-replay-v2,2,rnn,9,57,2,4.619950803525995,7.235640027144716,0.05116370129418843,20000,20000,20,,
walker2d-medium-replay-v2,2,rnn,9,58,4,4.682107068533965,7.295362838404136,0.05158600534251904,20000,20000,20,,
walker2d-medium-replay-v2,2,rnn,9,59,1,4.837930031955104,7.767080429066378,0.054921552414141546,20000,20000,20,,
walker2d-medium-replay-v2,2,rnn,9,60,3,4.886744389305735,7.891310212624558,0.05579998963793481,20000,20000,20,,
walker2d-medium-replay-v2,2,rnn,9,61,1,5.050087416437954,8.04593801879659,0.056893373340977244,20000,20000,20,,
walker2d-medium-replay-v2,2,rnn,9,62,5,5.136503090101443,8.151584042893205,0.057640403541418375,20000,20000,20,,
walker2d-medium-replay-v2,2,rnn,9,63,1,5.31041767502724,8.160117035071753,0.05770074090775101,20000,20000,20,,
walker2d-medium-replay-v2,2,rnn,9,64,4,5.421206548281199,8.13647476541995,0.057533564815816694,20000,20000,20,,
walker2d-medium-replay-v2,2,rnn,9,65,1,5.575715927217773,8.149383741221698,0.057624845059092586,20000,20000,20,,
walker2d-medium-replay-v2,2,rnn,9,66,4,5.636810253508634,7.991390614476402,0.056507664946067945,20000,20000,20,,
walker2d-medium-replay-v2,2,rnn,9,67,5,5.685353869124276,7.95548574943064,0.05625377921055348,20000,20000,20,,
walker2d-medium-replay-v2,2,rnn,9,68,3,5.756777629144777,8.024374261962956,0.056740894554128035,20000,20000,20,,
walker2d-medium-replay-v2,2,rnn,9,69,1,5.904118980130827,8.238603379200434,0.058255723169390324,20000,20000,20,,
walker2d-medium-replay-v2,2,rnn,9,70,3,5.976976789705621,8.433289686531605,0.05963236325057072,20000,20000,20,,
walker2d-medium-replay-v2,2,rnn,9,71,1,6.190621586251468,8.89341983647039,0.06288597474307168,20000,20000,20,,
walker2d-medium-replay-v2,2,rnn,9,72,5,6.255143941048236,8.901245447412636,0.06294131016871359,20000,20000,20,,
walker2d-medium-replay-v2,2,rnn,9,73,4,6.3782403541861745,8.941331418629826,0.06322476078949482,20000,20000,20,,
walker2d-medium-replay-v2,2,rnn,9,74,1,6.528385519338059,9.063998421516041,0.06409214748518155,20000,20000,20,,
walker2d-medium-replay-v2,2,rnn,9,75,2,6.610593082056497,9.117321176093908,0.06446919629871711,20000,20000,20,,
walker2d-medium-replay-v2,2,rnn,9,76,5,6.66303957716718,8.972730752526546,0.06344678760872595,20000,20000,20,,
walker2d-medium-replay-v2,2,rnn,9,77,4,6.792975176420117,9.086572897662803,0.06425177313683264,20000,20000,20,,
walker2d-medium-replay-v2,2,rnn,9,78,3,6.915549748775405,9.313451433682134,0.0658560466500821,20000,20000,20,,
walker2d-medium-replay-v2,2,rnn,9,79,5,7.0543675362520135,9.568644325354088,0.06766053289220052,20000,20000,20,,
walker2d-medium-replay-v2,2,rnn,9,80,5,7.185755304434034,9.737902577431456,0.06885736947035741,20000,20000,20,,
walker2d-medium-replay-v2,2,rnn,9,81,1,7.324563833497979,9.941285142962732,0.07029550138298024,20000,20000,20,,
walker2d-medium-replay-v2,2,rnn,9,82,3,7.4270305490348925,10.094315592458974,0.07137759006864842,20000,20000,20,,
walker2d-medium-replay-v2,2,rnn,9,83,1,7.697199697408714,10.703052837975287,0.07568201241130247,20000,20000,20,,
walker2d-medium-replay-v2,2,rnn,9,84,5,7.7296064945130505,10.77683615459357,0.07620373924649469,20000,20000,20,,
walker2d-medium-replay-v2,2,rnn,9,85,3,7.808251524181693,10.874445453431074,0.07689394121764333,20000,20000,20,,
walker2d-medium-replay-v2,2,rnn,9,86,5,7.981861068702043,11.24580275984189,0.07951983391370591,20000,20000,20,,
walker2d-medium-replay-v2,2,rnn,9,87,5,8.14315310504622,11.686353442664508,0.08263499766650828,20000,20000,20,,
walker2d-medium-replay-v2,2,rnn,9,88,4,8.258338181372242,11.787134803530538,0.08334762950336407,20000,20000,20,,
walker2d-medium-replay-v2,2,rnn,9,89,4,8.378218763412983,11.701904532228276,0.08274496047536209,20000,20000,20,,
walker2d-medium-replay-v2,2,rnn,9,90,3,8.495879007903117,11.80344175131117,0.08346293703692546,20000,20000,20,,
walker2d-medium-replay-v2,2,rnn,9,91,4,8.633763759192153,11.891648057983483,0.08408664981283959,20000,20000,20,,
walker2d-medium-replay-v2,2,rnn,9,92,1,8.934036547083192,12.324713121289133,0.08714888224242366,20000,20000,20,,
walker2d-medium-replay-v2,2,rnn,9,93,2,9.110320446980511,12.617516126059378,0.08921931214467203,20000,20000,20,,
walker2d-medium-replay-v2,2,rnn,9,94,5,9.243495799879653,12.676847399456657,0.08963884760222852,20000,20000,20,,
walker2d-medium-replay-v2,2,rnn,9,95,1,9.66834251458851,13.367559398896013,0.0945229189887334,20000,20000,20,,
walker2d-medium-replay-v2,2,rnn,9,96,1,10.12315114671269,14.52718838196466,0.1027227341646164,20000,20000,20,,
walker2d-medium-replay-v2,2,rnn,9,97,1,10.63026343076013,15.448306390627357,0.10923602206660082,20000,20000,20,,
walker2d-medium-replay-v2,2,rnn,9,98,4,10.491487370920106,15.005210090461107,0.10610285808093857,20000,20000,20,,
walker2d-medium-replay-v2,2,rnn,9,99,5,10.602891967223806,14.903694257552361,0.10538503274246282,20000,20000,20,,
walker2d-medium-replay-v2,2,rnn,9,100,5,10.862986380276057,15.043499035704157,0.10637360180919697,20000,20000,20,,
walker2d-medium-replay-v2,2,rnn,10,1,3,0.0858287473614989,0.25398783195871427,0.0017959651831687617,20000,20000,20,,
walker2d-medium-replay-v2,2,rnn,10,2,4,0.1341002750596359,0.38825561647933454,0.002745381792463009,20000,20000,20,,
walker2d-medium-replay-v2,2,rnn,10,3,1,0.2969379971767596,0.8239857786173403,0.005826459316615987,20000,20000,20,,
walker2d-medium-replay-v2,2,rnn,10,4,3,0.30997604459994776,0.8990839530588314,0.006357483600639072,20000,20000,20,,
walker2d-medium-replay-v2,2,rnn,10,5,2,0.3683023147805927,1.0280440902887047,0.007269369476018984,20000,20000,20,,
walker2d-medium-replay-v2,2,rnn,10,6,3,0.43768274620266695,1.1966288202289483,0.008461443533471474,20000,20000,20,,
walker2d-medium-replay-v2,2,rnn,10,7,3,0.5032981898412767,1.286442314395496,0.009096520841143717,20000,20000,20,,
walker2d-medium-replay-v2,2,rnn,10,8,5,0.5796017678658982,1.5044338180197645,0.010637953545681438,20000,20000,20,,
walker2d-medium-replay-v2,2,rnn,10,9,5,0.6375791040789298,1.6454456635817183,0.011635057867926315,20000,20000,20,,
walker2d-medium-replay-v2,2,rnn,10,10,4,0.7076044588595399,1.8399196949209973,0.013010196931173208,20000,20000,20,,
walker2d-medium-replay-v2,2,rnn,10,11,1,0.8321925537372142,1.9825033166332142,0.01401841538916167,20000,20000,20,,
walker2d-medium-replay-v2,2,rnn,10,12,4,0.8799090124299395,2.127875840513939,0.015046354363504306,20000,20000,20,,
walker2d-medium-replay-v2,2,rnn,10,13,4,0.9281698738648291,2.1966332121290235,0.015532542400760204,20000,20000,20,,
walker2d-medium-replay-v2,2,rnn,10,14,1,1.0545793201102474,2.4231448734883,0.017134221718409958,20000,20000,20,,
walker2d-medium-replay-v2,2,rnn,10,15,3,1.1245130831585397,2.6070966786362866,0.018434957406726436,20000,20000,20,,
walker2d-medium-replay-v2,2,rnn,10,16,3,1.1654593296833333,2.703406463386137,0.019115970425638795,20000,20000,20,,
walker2d-medium-replay-v2,2,rnn,10,17,4,1.2384777148450385,2.8393349098006375,0.02007712968779725,20000,20000,20,,
walker2d-medium-replay-v2,2,rnn,10,18,1,1.3407140409759453,2.927698291100791,0.02070195314905636,20000,20000,20,,
walker2d-medium-replay-v2,2,rnn,10,19,2,1.4354255856490599,3.177524282753818,0.022468489677201452,20000,20000,20,,
walker2d-medium-replay-v2,2,rnn,10,20,5,1.4734298437467506,3.2075428250692943,0.02268075282552754,20000,20000,20,,
walker2d-medium-replay-v2,2,rnn,10,21,5,1.5583801184115091,3.3367007789640333,0.023594037475959034,20000,20000,20,,
walker2d-medium-replay-v2,2,rnn,10,22,3,1.623205554207006,3.4079976689147444,0.024098182619575623,20000,20000,20,,
walker2d-medium-replay-v2,2,rnn,10,23,2,1.6669827184340054,3.5326723390808974,0.02497976566674245,20000,20000,20,,
walker2d-medium-replay-v2,2,rnn,10,24,4,1.7059906889041634,3.5865876163035533,0.025361004248079376,20000,20000,20,,
walker2d-medium-replay-v2,2,rnn,10,25,5,1.7790762228543022,3.682417224564675,0.026038621906478272,20000,20000,20,,
walker2d-medium-replay-v2,2,rnn,10,26,1,1.8817153695571434,3.751216431154789,0.02652510576167951,20000,20000,20,,
walker2d-medium-replay-v2,2,rnn,10,27,3,1.9592451764307468,3.908991808849784,0.027640746156403505,20000,20000,20,,
walker2d-medium-replay-v2,2,rnn,10,28,3,2.016493284618071,3.9114459958243386,0.027658099878923578,20000,20000,20,,
walker2d-medium-replay-v2,2,rnn,10,29,2,2.0756393836629097,3.9454883259124,0.02789881550345017,20000,20000,20,,
walker2d-medium-replay-v2,2,rnn,10,30,3,2.157705637013295,4.081676228830167,0.028861809400137453,20000,20000,20,,
walker2d-medium-replay-v2,2,rnn,10,31,3,2.212468370352801,4.098732060108333,0.0289824123396931,20000,20000,20,,
walker2d-medium-replay-v2,2,rnn,10,32,1,2.338950091635081,4.221262837267117,0.02984883577402344,20000,20000,20,,
walker2d-medium-replay-v2,2,rnn,10,33,5,2.444838348153037,4.432741968498688,0.03134421905175628,20000,20000,20,,
walker2d-medium-replay-v2,2,rnn,10,34,4,2.535783332667391,4.604994796117292,0.032562230476632995,20000,20000,20,,
walker2d-medium-replay-v2,2,rnn,10,35,2,2.6447522228701645,4.785039746668544,0.03383534053116487,20000,20000,20,,
walker2d-medium-replay-v2,2,rnn,10,36,1,2.786722763951398,4.900340626672206,0.03465064087243852,20000,20000,20,,
walker2d-medium-replay-v2,2,rnn,10,37,5,2.847476579300162,4.957713903900633,0.03505633120630969,20000,20000,20,,
walker2d-medium-replay-v2,2,rnn,10,38,1,2.949940142381481,4.968631595968527,0.035133530947270834,20000,20000,20,,
walker2d-medium-replay-v2,2,rnn,10,39,3,3.0409753307402463,5.13630410823997,0.03631915465172805,20000,20000,20,,
walker2d-medium-replay-v2,2,rnn,10,40,1,3.174044496829617,5.213824556453711,0.03686730699785363,20000,20000,20,,
walker2d-medium-replay-v2,2,rnn,10,41,2,3.2694360708465497,5.363777345530941,0.03792763333799708,20000,20000,20,,
walker2d-medium-replay-v2,2,rnn,10,42,4,3.3568401916167576,5.442467932787277,0.03848405981664215,20000,20000,20,,
walker2d-medium-replay-v2,2,rnn,10,43,1,3.4811705818055017,5.5472281090812645,0.039224826127199915,20000,20000,20,,
walker2d-medium-replay-v2,2,rnn,10,44,1,3.603660716674225,5.671805742654763,0.040105723022039845,20000,20000,20,,
walker2d-medium-replay-v2,2,rnn,10,45,3,3.7032752724870335,5.82229735853807,0.041169859443067926,20000,20000,20,,
walker2d-medium-replay-v2,2,rnn,10,46,5,3.7671806783399755,5.850398052849078,0.04136856135810157,20000,20000,20,,
walker2d-medium-replay-v2,2,rnn,10,47,4,3.846554956210102,5.986951583698359,0.0423341406346865,20000,20000,20,,
walker2d-medium-replay-v2,2,rnn,10,48,5,3.92697568978408,6.1197981955973315,0.043273508036000705,20000,20000,20,,
walker2d-medium-replay-v2,2,rnn,10,49,1,4.041080161807365,6.281437321307749,0.044416469254949714,20000,20000,20,,
walker2d-medium-replay-v2,2,rnn,10,50,5,4.106953580171043,6.369265228916919,0.04503750634542841,20000,20000,20,,
walker2d-medium-replay-v2,2,rnn,10,51,4,4.147949846017705,6.397803702337704,0.0452393038262339,20000,20000,20,,
walker2d-medium-replay-v2,2,rnn,10,52,4,4.229417923953382,6.428063746978379,0.04545327465387819,20000,20000,20,,
walker2d-medium-replay-v2,2,rnn,10,53,4,4.264606699447211,6.391954208986618,0.04519794166208332,20000,20000,20,,
walker2d-medium-replay-v2,2,rnn,10,54,1,4.395889397241664,6.533072284205966,0.04619579714143926,20000,20000,20,,
walker2d-medium-replay-v2,2,rnn,10,55,2,4.500764404064331,6.673220725550374,0.04718679627391282,20000,20000,20,,
walker2d-medium-replay-v2,2,rnn,10,56,5,4.590973759771655,6.759685724497607,0.04779819614482158,20000,20000,20,,
walker2d-medium-replay-v2,2,rnn,10,57,1,4.736299951120595,6.935941055880892,0.04904450954523561,20000,20000,20,,
walker2d-medium-replay-v2,2,rnn,10,58,3,4.808751355385335,7.064313485375664,0.04995223969936707,20000,20000,20,,
walker2d-medium-replay-v2,2,rnn,10,59,4,4.882483037647105,7.176282160843149,0.05074397779640241,20000,20000,20,,
walker2d-medium-replay-v2,2,rnn,10,60,4,4.975059638274673,7.257570937502409,0.051318776248503624,20000,20000,20,,
walker2d-medium-replay-v2,2,rnn,10,61,3,5.04080998170712,7.236926538462368,0.051172798302956284,20000,20000,20,,
walker2d-medium-replay-v2,2,rnn,10,62,2,5.164019620416817,7.435286744212954,0.052575416768994264,20000,20000,20,,
walker2d-medium-replay-v2,2,rnn,10,63,2,5.237826713017065,7.482045151836323,0.052906048640073956,20000,20000,20,,
walker2d-medium-replay-v2,2,rnn,10,64,2,5.353776408543726,7.700823409806722,0.05445304453794444,20000,20000,20,,
walker2d-medium-replay-v2,2,rnn,10,65,4,5.4580601089533305,7.8212411056698095,0.055304526231140926,20000,20000,20,,
walker2d-medium-replay-v2,2,rnn,10,66,2,5.525570624433927,7.882896383460794,0.05574049488136038,20000,20000,20,,
walker2d-medium-replay-v2,2,rnn,10,67,4,5.576287486548192,7.8782537661022385,0.05570766661919349,20000,20000,20,,
walker2d-medium-replay-v2,2,rnn,10,68,2,5.691734670160612,7.980985147805241,0.05643408718562206,20000,20000,20,,
walker2d-medium-replay-v2,2,rnn,10,69,2,5.802547269170112,8.164829958076378,0.05773406630590881,20000,20000,20,,
walker2d-medium-replay-v2,2,rnn,10,70,5,5.921440584910645,8.247334642420602,0.05831746252370338,20000,20000,20,,
walker2d-medium-replay-v2,2,rnn,10,71,1,6.052838200104486,8.41782235822489,0.05952299272324555,20000,20000,20,,
walker2d-medium-replay-v2,2,rnn,10,72,3,6.1494496549827415,8.605246115289628,0.060848278819004904,20000,20000,20,,
walker2d-medium-replay-v2,2,rnn,10,73,3,6.260793385010026,8.818717203421702,0.062357747359059516,20000,20000,20,,
walker2d-medium-replay-v2,2,rnn,10,74,3,6.3922890435760795,9.051126074075567,0.06400112624353206,20000,20000,20,,
walker2d-medium-replay-v2,2,rnn,10,75,3,6.4597823028067705,8.973723258194237,0.06345380568360584,20000,20000,20,,
walker2d-medium-replay-v2,2,rnn,10,76,1,6.581142372594711,9.047489602092497,0.06397541250354383,20000,20000,20,,
walker2d-medium-replay-v2,2,rnn,10,77,1,6.8016534131016115,9.747121307103782,0.06892255573300969,20000,20000,20,,
walker2d-medium-replay-v2,2,rnn,10,78,3,6.843604306706987,9.7737370216536,0.06911075725545271,20000,20000,20,,
walker2d-medium-replay-v2,2,rnn,10,79,2,6.968998856266015,9.690704399822401,0.06852362795588732,20000,20000,20,,
walker2d-medium-replay-v2,2,rnn,10,80,3,7.1173709908529466,9.48888561034752,0.06709655360980182,20000,20000,20,,
walker2d-medium-replay-v2,2,rnn,10,81,1,7.3198483391272715,9.872931786235725,0.06981217016239494,20000,20000,20,,
walker2d-medium-replay-v2,2,rnn,10,82,3,7.3584446740021345,9.790773421328801,0.06923122279282609,20000,20000,20,,
walker2d-medium-replay-v2,2,rnn,10,83,5,7.514136244649139,9.9675075295197,0.07048092165651351,20000,20000,20,,
walker2d-medium-replay-v2,2,rnn,10,84,4,7.635063914388072,10.076589846809176,0.07125225011914282,20000,20000,20,,
walker2d-medium-replay-v2,2,rnn,10,85,1,7.803106452068581,10.321932294003945,0.07298708320038606,20000,20000,20,,
walker2d-medium-replay-v2,2,rnn,10,86,2,7.8975011626358205,10.47686585576325,0.07408262892191995,20000,20000,20,,
walker2d-medium-replay-v2,2,rnn,10,87,3,8.048101937152929,10.562266192182834,0.07468650049189896,20000,20000,20,,
walker2d-medium-replay-v2,2,rnn,10,88,5,8.204639304733142,10.708429752114156,0.075720032935797,20000,20000,20,,
walker2d-medium-replay-v2,2,rnn,10,89,1,8.473300730411141,11.263887812617005,0.07964771454825992,20000,20000,20,,
walker2d-medium-replay-v2,2,rnn,10,90,5,8.614649571836962,11.398228581110258,0.08059764723217383,20000,20000,20,,
walker2d-medium-replay-v2,2,rnn,10,91,4,8.776242167247919,11.551721349587698,0.08168300500670878,20000,20000,20,,
walker2d-medium-replay-v2,2,rnn,10,92,5,8.93227408304313,11.740991787561356,0.08302134910840199,20000,20000,20,,
walker2d-medium-replay-v2,2,rnn,10,93,4,9.038182302656248,12.011070193250095,0.08493109182954758,20000,20000,20,,
walker2d-medium-replay-v2,2,rnn,10,94,2,9.20153878405818,12.42706689563892,0.08787263272165137,20000,20000,20,,
walker2d-medium-replay-v2,2,rnn,10,95,2,9.439703575226293,12.782732142258583,0.09038756579882287,20000,20000,20,,
walker2d-medium-replay-v2,2,rnn,10,96,2,9.695891533724861,13.053724623720804,0.09230377201174793,20000,20000,20,,
walker2d-medium-replay-v2,2,rnn,10,97,4,9.903398174005243,13.399062562072341,0.09474567999184147,20000,20000,20,,
walker2d-medium-replay-v2,2,rnn,10,98,2,10.160954173270845,13.869821039406853,0.09807444510808434,20000,20000,20,,
walker2d-medium-replay-v2,2,rnn,10,99,3,10.344016136770026,13.967474966988616,0.09876496265210999,20000,20000,20,,
walker2d-medium-replay-v2,2,rnn,10,100,4,10.578078635383546,14.338820490851804,0.1013907720329793,20000,20000,20,,
walker2d-medium-replay-v2,2,rnn,11,1,4,0.08362192077909944,0.24319704102059167,0.0017196627687016332,20000,20000,20,,
walker2d-medium-replay-v2,2,rnn,11,2,4,0.1337005174969334,0.39855306647130756,0.002818195759645544,20000,20000,20,,
walker2d-medium-replay-v2,2,rnn,11,3,1,0.29602766261302815,0.7864238084109091,0.005560856078139041,20000,20000,20,,
walker2d-medium-replay-v2,2,rnn,11,4,5,0.30877280110210975,0.8583666983420862,0.0060695691314239675,20000,20000,20,,
walker2d-medium-replay-v2,2,rnn,11,5,3,0.3565939773044255,0.9718573135074332,0.006872068967268464,20000,20000,20,,
walker2d-medium-replay-v2,2,rnn,11,6,5,0.4214511068095928,1.1351321634436105,0.008026596503139333,20000,20000,20,,
walker2d-medium-replay-v2,2,rnn,11,7,5,0.484248258940492,1.2322924936715351,0.008713623786804231,20000,20000,20,,
walker2d-medium-replay-v2,2,rnn,11,8,4,0.5533642609440769,1.4429569983992048,0.010203246785286639,20000,20000,20,,
walker2d-medium-replay-v2,2,rnn,11,9,5,0.6238059579509792,1.5946854162470372,0.011276128716875722,20000,20000,20,,
walker2d-medium-replay-v2,2,rnn,11,10,3,0.684896923429683,1.7515229378030774,0.012385137467243396,20000,20000,20,,
walker2d-medium-replay-v2,2,rnn,11,11,2,0.7447629946520647,1.8435675715318118,0.013035991314057596,20000,20000,20,,
walker2d-medium-replay-v2,2,rnn,11,12,1,0.8719026895550765,2.033534678766608,0.014379261611338762,20000,20000,20,,
walker2d-medium-replay-v2,2,rnn,11,13,2,0.9335814883799222,2.223997419928335,0.015726036569727115,20000,20000,20,,
walker2d-medium-replay-v2,2,rnn,11,14,2,1.0006780318290438,2.348606501149983,0.01660715583301964,20000,20000,20,,
walker2d-medium-replay-v2,2,rnn,11,15,2,1.0689138013809187,2.390627225789128,0.01690428722644676,20000,20000,20,,
walker2d-medium-replay-v2,2,rnn,11,16,3,1.1428611874216614,2.586631633244773,0.01829024768299014,20000,20000,20,,
walker2d-medium-replay-v2,2,rnn,11,17,1,1.2553435438060683,2.760890001669251,0.019522440422904658,20000,20000,20,,
walker2d-medium-replay-v2,2,rnn,11,18,1,1.3676072985442607,2.9745662379196434,0.02103335957921537,20000,20000,20,,
walker2d-medium-replay-v2,2,rnn,11,19,5,1.4169117756044787,3.075173293462186,0.021744758891308807,20000,20000,20,,
walker2d-medium-replay-v2,2,rnn,11,20,4,1.4879499721728766,3.158186550035079,0.02233175125781952,20000,20000,20,,
walker2d-medium-replay-v2,2,rnn,11,21,1,1.5994471833201322,3.279170426830318,0.023187236454781032,20000,20000,20,,
walker2d-medium-replay-v2,2,rnn,11,22,2,1.6743196968865042,3.4750717097597024,0.024572467710806154,20000,20000,20,,
walker2d-medium-replay-v2,2,rnn,11,23,5,1.726951613168211,3.533179053699619,0.024983348680172695,20000,20000,20,,
walker2d-medium-replay-v2,2,rnn,11,24,5,1.7911986894644636,3.5911011645954387,0.025392919854123428,20000,20000,20,,
walker2d-medium-replay-v2,2,rnn,11,25,4,1.861832855212139,3.700291297046651,0.026165010685072522,20000,20000,20,,
walker2d-medium-replay-v2,2,rnn,11,26,2,1.8973566560793436,3.777616503086,0.02671178246054323,20000,20000,20,,
walker2d-medium-replay-v2,2,rnn,11,27,4,1.956194739670089,3.8271348105097207,0.02706192977026516,20000,20000,20,,
walker2d-medium-replay-v2,2,rnn,11,28,4,2.05282279831987,3.94809484293287,0.027917246362054695,20000,20000,20,,
walker2d-medium-replay-v2,2,rnn,11,29,3,2.1091321459905803,3.991302133990434,0.02822276804708974,20000,20000,20,,
walker2d-medium-replay-v2,2,rnn,11,30,5,2.192959390974199,4.1079158779603056,0.029047351738496218,20000,20000,20,,
walker2d-medium-replay-v2,2,rnn,11,31,1,2.3058584024076163,4.223214215804542,0.02986263410398819,20000,20000,20,,
walker2d-medium-replay-v2,2,rnn,11,32,5,2.3734281346755144,4.303249283062798,0.030428567491898536,20000,20000,20,,
walker2d-medium-replay-v2,2,rnn,11,33,5,2.4376527994167763,4.382493390016887,0.03098890794586162,20000,20000,20,,
walker2d-medium-replay-v2,2,rnn,11,34,5,2.5584959061644406,4.616457266116091,0.03264328237928598,20000,20000,20,,
walker2d-medium-replay-v2,2,rnn,11,35,2,2.6468168533674197,4.7247072334703475,0.03340872523908015,20000,20000,20,,
walker2d-medium-replay-v2,2,rnn,11,36,5,2.7443329883704064,4.768420994568964,0.03371782820812016,20000,20000,20,,
walker2d-medium-replay-v2,2,rnn,11,37,2,2.8015087646755914,4.803727165732279,0.03396748053859328,20000,20000,20,,
walker2d-medium-replay-v2,2,rnn,11,38,4,2.8903761711766514,4.9414615529777075,0.03494140973083145,20000,20000,20,,
walker2d-medium-replay-v2,2,rnn,11,39,4,2.996505726234386,5.1040132209408355,0.03609082359793057,20000,20000,20,,
walker2d-medium-replay-v2,2,rnn,11,40,4,3.0888307813508677,5.284555667874693,0.037367451483120005,20000,20000,20,,
walker2d-medium-replay-v2,2,rnn,11,41,4,3.1935603717387773,5.4294208814837805,0.038391803232130234,20000,20000,20,,
walker2d-medium-replay-v2,2,rnn,11,42,2,3.291118488982784,5.474690615541234,0.0387119085914756,20000,20000,20,,
walker2d-medium-replay-v2,2,rnn,11,43,4,3.3861267386018365,5.5710266098964025,0.03939310694028449,20000,20000,20,,
walker2d-medium-replay-v2,2,rnn,11,44,4,3.432363117442682,5.594038546117913,0.03955582590178911,20000,20000,20,,
walker2d-medium-replay-v2,2,rnn,11,45,1,3.544482774129431,5.6738607435987785,0.040120254073068434,20000,20000,20,,
walker2d-medium-replay-v2,2,rnn,11,46,2,3.6569905676147094,5.85862838996843,0.04142675862998702,20000,20000,20,,
walker2d-medium-replay-v2,2,rnn,11,47,4,3.7074534648893285,5.8901731645800695,0.04164981387037593,20000,20000,20,,
walker2d-medium-replay-v2,2,rnn,11,48,4,3.8070525539782176,6.0640451160877875,0.04287927423006839,20000,20000,20,,
walker2d-medium-replay-v2,2,rnn,11,49,3,3.9227940727936215,6.185549153698562,0.043738437519429636,20000,20000,20,,
walker2d-medium-replay-v2,2,rnn,11,50,2,3.998932532668438,6.262314678735299,0.044281251752577855,20000,20000,20,,
walker2d-medium-replay-v2,2,rnn,11,51,1,4.106192915998656,6.342848969259727,0.04485071518205656,20000,20000,20,,
walker2d-medium-replay-v2,2,rnn,11,52,3,4.164033390534095,6.431217204266191,0.045475572964202134,20000,20000,20,,
walker2d-medium-replay-v2,2,rnn,11,53,4,4.229117130250753,6.48474599555827,0.04585407867731561,20000,20000,20,,
walker2d-medium-replay-v2,2,rnn,11,54,1,4.384219120917393,6.6896844572623175,0.04730321243728433,20000,20000,20,,
walker2d-medium-replay-v2,2,rnn,11,55,4,4.482760584647552,6.741235300252147,0.047667731943824246,20000,20000,20,,
walker2d-medium-replay-v2,2,rnn,11,56,2,4.5512775312010785,6.838429167327151,0.048354996368809036,20000,20000,20,,
walker2d-medium-replay-v2,2,rnn,11,57,2,4.630022123774007,6.938651205200054,0.04906367319485169,20000,20000,20,,
walker2d-medium-replay-v2,2,rnn,11,58,3,4.708812425533664,7.030448438333026,0.049712777655276555,20000,20000,20,,
walker2d-medium-replay-v2,2,rnn,11,59,5,4.786533446709546,7.146364465018835,0.05053242774045392,20000,20000,20,,
walker2d-medium-replay-v2,2,rnn,11,60,5,4.881773533916912,7.311207044198675,0.051698040796117374,20000,20000,20,,
walker2d-medium-replay-v2,2,rnn,11,61,4,4.967083730643564,7.351224662390361,0.05198100808802013,20000,20000,20,,
walker2d-medium-replay-v2,2,rnn,11,62,5,5.06237278319973,7.5066616871844065,0.05308011383081344,20000,20000,20,,
walker2d-medium-replay-v2,2,rnn,11,63,4,5.138726264931829,7.55575346761537,0.05342724513924599,20000,20000,20,,
walker2d-medium-replay-v2,2,rnn,11,64,4,5.2471427149589855,7.706181721995695,0.05449093352678982,20000,20000,20,,
walker2d-medium-replay-v2,2,rnn,11,65,5,5.360238229060634,7.806729608227289,0.05520191444867315,20000,20000,20,,
walker2d-medium-replay-v2,2,rnn,11,66,3,5.413217981339263,7.783991723448555,0.05504113332350434,20000,20000,20,,
walker2d-medium-replay-v2,2,rnn,11,67,4,5.5085738784648655,7.883312586086354,0.05574343787834919,20000,20000,20,,
walker2d-medium-replay-v2,2,rnn,11,68,3,5.58882911128605,7.89769087612705,0.055845107742245624,20000,20000,20,,
walker2d-medium-replay-v2,2,rnn,11,69,4,5.6990193680566446,8.11039658869579,0.05734916425979036,20000,20000,20,,
walker2d-medium-replay-v2,2,rnn,11,70,2,5.788932016293881,8.167040588201838,0.05774969782143289,20000,20000,20,,
walker2d-medium-replay-v2,2,rnn,11,71,5,5.9172744277759595,8.281310309827488,0.05855770677189085,20000,20000,20,,
walker2d-medium-replay-v2,2,rnn,11,72,3,6.023707655537089,8.428015186541856,0.05959506690346952,20000,20000,20,,
walker2d-medium-replay-v2,2,rnn,11,73,2,6.129623999868343,8.508536960163198,0.06016444182507771,20000,20000,20,,
walker2d-medium-replay-v2,2,rnn,11,74,3,6.270135701382086,8.742696626483577,0.06182020070443289,20000,20000,20,,
walker2d-medium-replay-v2,2,rnn,11,75,3,6.382629793039966,8.905448783538745,0.06297103224349737,20000,20000,20,,
walker2d-medium-replay-v2,2,rnn,11,76,2,6.511038131477332,9.080102953793178,0.06420602372499157,20000,20000,20,,
walker2d-medium-replay-v2,2,rnn,11,77,3,6.559089554821057,9.005175876902827,0.06367620928335503,20000,20000,20,,
walker2d-medium-replay-v2,2,rnn,11,78,5,6.67290324251525,9.065269937920052,0.06410113846389821,20000,20000,20,,
walker2d-medium-replay-v2,2,rnn,11,79,3,6.823411681334207,9.318211302693644,0.06588970400663809,20000,20000,20,,
walker2d-medium-replay-v2,2,rnn,11,80,2,6.91683938653111,9.339015705652692,0.06603681335074689,20000,20000,20,,
walker2d-medium-replay-v2,2,rnn,11,81,2,7.062969334782727,9.494395338364638,0.06713551327023581,20000,20000,20,,
walker2d-medium-replay-v2,2,rnn,11,82,1,7.289975443705237,9.938512888037598,0.07027589858041285,20000,20000,20,,
walker2d-medium-replay-v2,2,rnn,11,83,5,7.364235296765564,9.963342331180538,0.07045146925660743,20000,20000,20,,
walker2d-medium-replay-v2,2,rnn,11,84,3,7.504634836130837,10.098674107403534,0.07140840942338043,20000,20000,20,,
walker2d-medium-replay-v2,2,rnn,11,85,3,7.663241492443335,10.418659389307182,0.07367104705052002,20000,20000,20,,
walker2d-medium-replay-v2,2,rnn,11,86,2,7.780735660045959,10.523520158609308,0.07441252466105974,20000,20000,20,,
walker2d-medium-replay-v2,2,rnn,11,87,1,8.00996129979099,11.084164361653603,0.07837687783911522,20000,20000,20,,
walker2d-medium-replay-v2,2,rnn,11,88,4,8.045225131864521,10.8558597844376,0.07676252069186158,20000,20000,20,,
walker2d-medium-replay-v2,2,rnn,11,89,5,8.243005139241927,11.116415657374443,0.0786049289381778,20000,20000,20,,
walker2d-medium-replay-v2,2,rnn,11,90,2,8.437166820052798,11.444395446002439,0.08092409626448767,20000,20000,20,,
walker2d-medium-replay-v2,2,rnn,11,91,3,8.609568585306107,11.714478919960563,0.08283387482370977,20000,20000,20,,
walker2d-medium-replay-v2,2,rnn,11,92,1,8.868128215105363,12.2537619259563,0.0866471815288923,20000,20000,20,,
walker2d-medium-replay-v2,2,rnn,11,93,2,9.056557372245107,12.616183414112474,0.08920988844812179,20000,20000,20,,
walker2d-medium-replay-v2,2,rnn,11,94,4,9.155639098637364,12.91178836768187,0.09130013112033433,20000,20000,20,,
walker2d-medium-replay-v2,2,rnn,11,95,1,9.49339218128741,13.81156457037325,0.0976625096650679,20000,20000,20,,
walker2d-medium-replay-v2,2,rnn,11,96,1,9.93115052021755,14.683935419302156,0.10383110309493884,20000,20000,20,,
walker2d-medium-replay-v2,2,rnn,11,97,1,10.443218274393901,15.590086757873234,0.1102385606577876,20000,20000,20,,
walker2d-medium-replay-v2,2,rnn,11,98,1,10.892115125310541,16.46104318378227,0.11639715260657038,20000,20000,20,,
walker2d-medium-replay-v2,2,rnn,11,99,2,10.918629412438516,16.182488644178186,0.11442747456772694,20000,20000,20,,
walker2d-medium-replay-v2,2,rnn,11,100,3,11.057022593539452,16.22628019497961,0.11473712759303055,20000,20000,20,,
walker2d-medium-replay-v2,2,rnn,12,1,2,0.09933594984391465,0.28334422326477127,0.002003546216805549,20000,20000,20,,
walker2d-medium-replay-v2,2,rnn,12,2,5,0.145214163595056,0.42744834244991614,0.0030225162155328527,20000,20000,20,,
walker2d-medium-replay-v2,2,rnn,12,3,2,0.2048848498968633,0.5897199934712462,0.004169950063848047,20000,20000,20,,
walker2d-medium-replay-v2,2,rnn,12,4,1,0.35796040992216127,0.9503768012939292,0.006720178808773174,20000,20000,20,,
walker2d-medium-replay-v2,2,rnn,12,5,5,0.37720508351012094,1.0011057040961406,0.007078886320509143,20000,20000,20,,
walker2d-medium-replay-v2,2,rnn,12,6,1,0.5197712517158575,1.297419434698581,0.009174140803185836,20000,20000,20,,
walker2d-medium-replay-v2,2,rnn,12,7,3,0.5626922091342598,1.4279536892077718,0.010097157368591632,20000,20000,20,,
walker2d-medium-replay-v2,2,rnn,12,8,4,0.6314604154657498,1.6407208623708818,0.011601648478166906,20000,20000,20,,
walker2d-medium-replay-v2,2,rnn,12,9,1,0.7729106872573803,1.8479613403453505,0.013067059951287789,20000,20000,20,,
walker2d-medium-replay-v2,2,rnn,12,10,2,0.8599331548479988,2.1563596803704312,0.01524776552667188,20000,20000,20,,
walker2d-medium-replay-v2,2,rnn,12,11,2,0.9112590537211583,2.2449463106459633,0.015874167596574822,20000,20000,20,,
walker2d-medium-replay-v2,2,rnn,12,12,1,1.0255617824406782,2.3672382158845533,0.01673890195135912,20000,20000,20,,
walker2d-medium-replay-v2,2,rnn,12,13,2,1.0954910574281256,2.5647699721639263,0.01813566239500745,20000,20000,20,,
walker2d-medium-replay-v2,2,rnn,12,14,1,1.211595795745809,2.7577878447877784,0.01950050486123272,20000,20000,20,,
walker2d-medium-replay-v2,2,rnn,12,15,1,1.3357397349385844,2.998726016592589,0.02120419501253143,20000,20000,20,,
walker2d-medium-replay-v2,2,rnn,12,16,1,1.4417597370288167,3.1691529862488634,0.022409295671941686,20000,20000,20,,
walker2d-medium-replay-v2,2,rnn,12,17,2,1.497779640751647,3.248563227203121,0.02297081087068582,20000,20000,20,,
walker2d-medium-replay-v2,2,rnn,12,18,4,1.5380454549661358,3.286788958205607,0.023241107606762526,20000,20000,20,,
walker2d-medium-replay-v2,2,rnn,12,19,1,1.639416030387492,3.397620339916052,0.02402480382251983,20000,20000,20,,
walker2d-medium-replay-v2,2,rnn,12,20,4,1.7093553161606543,3.5739615118365173,0.02527172420719327,20000,20000,20,,
walker2d-medium-replay-v2,2,rnn,12,21,5,1.777362450412698,3.70021305247348,0.02616445741238972,20000,20000,20,,
walker2d-medium-replay-v2,2,rnn,12,22,2,1.8345499738169055,3.7684091676053364,0.026646676766992863,20000,20000,20,,
walker2d-medium-replay-v2,2,rnn,12,23,3,1.87212297513991,3.7781206984702975,0.026715347660296027,20000,20000,20,,
walker2d-medium-replay-v2,2,rnn,12,24,3,1.9052721156827301,3.7911850498265385,0.026807726574654044,20000,20000,20,,
walker2d-medium-replay-v2,2,rnn,12,25,1,1.9758297359663746,3.8282112434298234,0.027069541300438132,20000,20000,20,,
walker2d-medium-replay-v2,2,rnn,12,26,2,2.0402609667859353,3.949775093797601,0.027929127529860154,20000,20000,20,,
walker2d-medium-replay-v2,2,rnn,12,27,3,2.103119168542934,3.9616739376752332,0.02801326506180169,20000,20000,20,,
walker2d-medium-replay-v2,2,rnn,12,28,5,2.1925442487597664,4.091535848842658,0.028931527441845,20000,20000,20,,
walker2d-medium-replay-v2,2,rnn,12,29,1,2.3077689773309746,4.146817890909646,0.029322430510079076,20000,20000,20,,
walker2d-medium-replay-v2,2,rnn,12,30,1,2.427610273398594,4.338353102584802,0.030676788980194106,20000,20000,20,,
walker2d-medium-replay-v2,2,rnn,12,31,2,2.500097739843322,4.474556200768857,0.03163989032363974,20000,20000,20,,
walker2d-medium-replay-v2,2,rnn,12,32,5,2.56557372347835,4.5211497936403635,0.03196935677843261,20000,20000,20,,
walker2d-medium-replay-v2,2,rnn,12,33,1,2.6985252588656827,4.638383468221065,0.032798324041226914,20000,20000,20,,
walker2d-medium-replay-v2,2,rnn,12,34,5,2.7732411589703903,4.710374251321585,0.03330737575035999,20000,20000,20,,
walker2d-medium-replay-v2,2,rnn,12,35,5,2.852047277854612,4.956696612766932,0.035049137871718886,20000,20000,20,,
walker2d-medium-replay-v2,2,rnn,12,36,2,2.9286300876646374,5.029222002416149,0.03556196982001046,20000,20000,20,,
walker2d-medium-replay-v2,2,rnn,12,37,5,3.0054816835448555,5.0530733310774325,0.03573062418237749,20000,20000,20,,
walker2d-medium-replay-v2,2,rnn,12,38,4,3.102012112414788,5.304794495371495,0.037510561604782534,20000,20000,20,,
walker2d-medium-replay-v2,2,rnn,12,39,4,3.198556463393679,5.471727217188439,0.03869095420076942,20000,20000,20,,
walker2d-medium-replay-v2,2,rnn,12,40,1,3.306860100839163,5.5319844140172885,0.03911703692569914,20000,20000,20,,
walker2d-medium-replay-v2,2,rnn,12,41,4,3.399051187000703,5.66465124670133,0.04005513309599341,20000,20000,20,,
walker2d-medium-replay-v2,2,rnn,12,42,2,3.4920813779032045,5.79594250785301,0.040983502506702275,20000,20000,20,,
walker2d-medium-replay-v2,2,rnn,12,43,5,3.5402285487123217,5.733276908102841,0.04054038980139761,20000,20000,20,,
walker2d-medium-replay-v2,2,rnn,12,44,4,3.606363064003318,5.751714953583809,0.0406707664713118,20000,20000,20,,
walker2d-medium-replay-v2,2,rnn,12,45,5,3.6722704057005817,5.795112463601404,0.04097763320751232,20000,20000,20,,
walker2d-medium-replay-v2,2,rnn,12,46,5,3.750622763927656,5.90928270946679,0.04178493875812382,20000,20000,20,,
walker2d-medium-replay-v2,2,rnn,12,47,2,3.8340173999377383,6.062124816764984,0.04286569566333777,20000,20000,20,,
walker2d-medium-replay-v2,2,rnn,12,48,2,3.9120832377488077,6.186902992361345,0.0437480106044205,20000,20000,20,,
walker2d-medium-replay-v2,2,rnn,12,49,5,3.9612893803407947,6.185237574146407,0.043736234319287554,20000,20000,20,,
walker2d-medium-replay-v2,2,rnn,12,50,4,4.052905491151917,6.275496180488757,0.04437445904533878,20000,20000,20,,
walker2d-medium-replay-v2,2,rnn,12,51,3,4.1280354226206075,6.428194223562362,0.045454197262651395,20000,20000,20,,
walker2d-medium-replay-v2,2,rnn,12,52,5,4.1957473018948095,6.503645216174064,0.045987716347881305,20000,20000,20,,
walker2d-medium-replay-v2,2,rnn,12,53,4,4.269888183085872,6.580155748198544,0.04652872750814831,20000,20000,20,,
walker2d-medium-replay-v2,2,rnn,12,54,2,4.368756252954294,6.687760353535737,0.047289606969356614,20000,20000,20,,
walker2d-medium-replay-v2,2,rnn,12,55,1,4.474991645606687,6.635672482584938,0.04692129010168782,20000,20000,20,,
walker2d-medium-replay-v2,2,rnn,12,56,2,4.583254532682293,6.698628304181371,0.0473664549853479,20000,20000,20,,
walker2d-medium-replay-v2,2,rnn,12,57,4,4.658135649385824,6.721354986955739,0.04752715690038422,20000,20000,20,,
walker2d-medium-replay-v2,2,rnn,12,58,3,4.74514374887693,6.799375766230581,0.04807884712137121,20000,20000,20,,
walker2d-medium-replay-v2,2,rnn,12,59,2,4.866609462759649,7.014701241185792,0.04960142815640165,20000,20000,20,,
walker2d-medium-replay-v2,2,rnn,12,60,5,4.97986128689262,7.136720029903518,0.050464231285746376,20000,20000,20,,
walker2d-medium-replay-v2,2,rnn,12,61,5,5.073114982881491,7.270736335233453,0.05141186966863001,20000,20000,20,,
walker2d-medium-replay-v2,2,rnn,12,62,2,5.161453054321962,7.40304283327496,0.05234741788823196,20000,20000,20,,
walker2d-medium-replay-v2,2,rnn,12,63,1,5.280523235793374,7.577262071631602,0.05357933393678333,20000,20000,20,,
walker2d-medium-replay-v2,2,rnn,12,64,1,5.439780356359369,7.936501601965239,0.056119541016475184,20000,20000,20,,
walker2d-medium-replay-v2,2,rnn,12,65,1,5.62689762555017,8.418208137943763,0.05952572059779814,20000,20000,20,,
walker2d-medium-replay-v2,2,rnn,12,66,2,5.72435643448799,8.341503711259127,0.058983338395240816,20000,20000,20,,
walker2d-medium-replay-v2,2,rnn,12,67,5,5.789424119189311,8.214743004757356,0.05808700484368681,20000,20000,20,,
walker2d-medium-replay-v2,2,rnn,12,68,3,5.855399882768566,8.254389057660251,0.05836734477223599,20000,20000,20,,
walker2d-medium-replay-v2,2,rnn,12,69,1,5.996761095564576,8.470389361786713,0.05989469757009777,20000,20000,20,,
walker2d-medium-replay-v2,2,rnn,12,70,2,6.0937218928335355,8.645325095982326,0.06113168000931342,20000,20000,20,,
walker2d-medium-replay-v2,2,rnn,12,71,1,6.285852938820598,8.813831283057391,0.0623231986848401,20000,20000,20,,
walker2d-medium-replay-v2,2,rnn,12,72,1,6.466039678760158,9.096305352877984,0.06432059198763514,20000,20000,20,,
walker2d-medium-replay-v2,2,rnn,12,73,5,6.502484382463799,8.90244186913307,0.06294977014783036,20000,20000,20,,
walker2d-medium-replay-v2,2,rnn,12,74,3,6.6178444672486005,8.977334531614138,0.06347934124284516,20000,20000,20,,
walker2d-medium-replay-v2,2,rnn,12,75,4,6.725127890492821,9.120977055949483,0.06449504727308791,20000,20000,20,,
walker2d-medium-replay-v2,2,rnn,12,76,1,6.851225741168257,9.373853757065275,0.06628315557471852,20000,20000,20,,
walker2d-medium-replay-v2,2,rnn,12,77,3,6.890428823084593,9.37451536663537,0.06628783386085363,20000,20000,20,,
walker2d-medium-replay-v2,2,rnn,12,78,5,6.999228670642142,9.387306608184346,0.0663782815972444,20000,20000,20,,
walker2d-medium-replay-v2,2,rnn,12,79,3,7.103483523059901,9.620638672979288,0.06802818845009202,20000,20000,20,,
walker2d-medium-replay-v2,2,rnn,12,80,3,7.254029019880798,9.942684621598262,0.07030539719131333,20000,20000,20,,
walker2d-medium-replay-v2,2,rnn,12,81,2,7.354592951629442,10.013788464998267,0.07080817728967903,20000,20000,20,,
walker2d-medium-replay-v2,2,rnn,12,82,5,7.484070758751403,10.165404336632472,0.07188026339935959,20000,20000,20,,
walker2d-medium-replay-v2,2,rnn,12,83,3,7.559167909447966,10.172787070509793,0.07193246721124308,20000,20000,20,,
walker2d-medium-replay-v2,2,rnn,12,84,1,7.7979941238565775,10.560045301642026,0.07467079642428216,20000,20000,20,,
walker2d-medium-replay-v2,2,rnn,12,85,5,7.855656908896154,10.542612911389458,0.07454753081068335,20000,20000,20,,
walker2d-medium-replay-v2,2,rnn,12,86,1,8.155176836393277,11.0760822257113,0.07831972850780249,20000,20000,20,,
walker2d-medium-replay-v2,2,rnn,12,87,2,8.238100666717862,11.114728500997822,0.0785929989410295,20000,20000,20,,
walker2d-medium-replay-v2,2,rnn,12,88,2,8.408573612599469,11.427487256447154,0.08080453730956638,20000,20000,20,,
walker2d-medium-replay-v2,2,rnn,12,89,3,8.50067216417229,11.474906916594708,0.08113984494208534,20000,20000,20,,
walker2d-medium-replay-v2,2,rnn,12,90,3,8.690419165821622,11.840432761767252,0.08372450298028984,20000,20000,20,,
walker2d-medium-replay-v2,2,rnn,12,91,4,8.943885941143247,12.173440869595549,0.08607922589264475,20000,20000,20,,
walker2d-medium-replay-v2,2,rnn,12,92,5,9.154589039279804,12.543584326273777,0.08869653537493478,20000,20000,20,,
walker2d-medium-replay-v2,2,rnn,12,93,4,9.341418379780952,12.868389039399714,0.0909932515270618,20000,20000,20,,
walker2d-medium-replay-v2,2,rnn,12,94,2,9.476318380676396,13.276439605895089,0.09387860475342072,20000,20000,20,,
walker2d-medium-replay-v2,2,rnn,12,95,5,9.599650497015869,13.404443941166365,0.09478373208833667,20000,20000,20,,
walker2d-medium-replay-v2,2,rnn,12,96,3,9.715287219886036,13.491161540825273,0.095396918116007,20000,20000,20,,
walker2d-medium-replay-v2,2,rnn,12,97,4,9.976510421583967,13.862157362370011,0.09802025472806859,20000,20000,20,,
walker2d-medium-replay-v2,2,rnn,12,98,5,10.23262551867228,14.346605143591699,0.10144581784039493,20000,20000,20,,
walker2d-medium-replay-v2,2,rnn,12,99,4,10.475137703134468,14.685987674186034,0.10384561472838998,20000,20000,20,,
walker2d-medium-replay-v2,2,rnn,12,100,5,10.676062713372039,15.007171914947488,0.10611673027491675,20000,20000,20,,
walker2d-medium-replay-v2,2,rnn,13,1,1,0.20699415419702535,0.5824162729914972,0.004118304961056831,20000,20000,20,,
walker2d-medium-replay-v2,2,rnn,13,2,5,0.21896158375317262,0.652803088484298,0.004616014906467689,20000,20000,20,,
walker2d-medium-replay-v2,2,rnn,13,3,1,0.3781921835867496,1.0549923880198204,0.007459922716690044,20000,20000,20,,
walker2d-medium-replay-v2,2,rnn,13,4,3,0.399947273344425,1.089858495312368,0.007706463325691425,20000,20000,20,,
walker2d-medium-replay-v2,2,rnn,13,5,1,0.5547752726420826,1.4614281105341762,0.010333857271753594,20000,20000,20,,
walker2d-medium-replay-v2,2,rnn,13,6,3,0.6033177493654138,1.5644154665394352,0.01106208784983151,20000,20000,20,,
walker2d-medium-replay-v2,2,rnn,13,7,5,0.6652385797489722,1.684698087448535,0.011912614418868664,20000,20000,20,,
walker2d-medium-replay-v2,2,rnn,13,8,5,0.7476140621407545,1.8943780221327293,0.013395275455808126,20000,20000,20,,
walker2d-medium-replay-v2,2,rnn,13,9,3,0.806170617378661,2.007361668198041,0.01419419047876775,20000,20000,20,,
walker2d-medium-replay-v2,2,rnn,13,10,3,0.8564555623808537,2.136913631618096,0.015110261197271276,20000,20000,20,,
walker2d-medium-replay-v2,2,rnn,13,11,2,0.904833578576841,2.274003869325615,0.0160796355644459,20000,20000,20,,
walker2d-medium-replay-v2,2,rnn,13,12,1,1.033615517949755,2.4304994076177304,0.01718622612796384,20000,20000,20,,
walker2d-medium-replay-v2,2,rnn,13,13,5,1.0809207869086277,2.524544536614326,0.017851225612474403,20000,20000,20,,
walker2d-medium-replay-v2,2,rnn,13,14,5,1.1404885189703768,2.6748952385998352,0.018914365621775515,20000,20000,20,,
walker2d-medium-replay-v2,2,rnn,13,15,2,1.1952829360992272,2.699971712406261,0.01909168306854322,20000,20000,20,,
walker2d-medium-replay-v2,2,rnn,13,16,2,1.2703091816636947,2.882786247407647,0.020384377042532674,20000,20000,20,,
walker2d-medium-replay-v2,2,rnn,13,17,3,1.3240650937083966,2.9856370569749813,0.021111642091488556,20000,20000,20,,
walker2d-medium-replay-v2,2,rnn,13,18,2,1.3936590318445703,3.1372982346783016,0.022184048563456116,20000,20000,20,,
walker2d-medium-replay-v2,2,rnn,13,19,1,1.5078732831640769,3.2172775214565434,0.0227495875238097,20000,20000,20,,
walker2d-medium-replay-v2,2,rnn,13,20,2,1.5892096176160346,3.3788524528899417,0.023892094820672772,20000,20000,20,,
walker2d-medium-replay-v2,2,rnn,13,21,5,1.6223628515681514,3.375522647254069,0.023868549539221188,20000,20000,20,,
walker2d-medium-replay-v2,2,rnn,13,22,1,1.7524933773934595,3.516134824469022,0.024862827779482163,20000,20000,20,,
walker2d-medium-replay-v2,2,rnn,13,23,3,1.8096640123406356,3.604005013879245,0.025484163847443314,20000,20000,20,,
walker2d-medium-replay-v2,2,rnn,13,24,3,1.8652000557975175,3.7345510371909367,0.026407263630849657,20000,20000,20,,
walker2d-medium-replay-v2,2,rnn,13,25,1,1.964079718193797,3.8255807250739977,0.02705094072676373,20000,20000,20,,
walker2d-medium-replay-v2,2,rnn,13,26,3,2.016280367998199,3.939109388819643,0.02785370960669966,20000,20000,20,,
walker2d-medium-replay-v2,2,rnn,13,27,5,2.0943470465644767,4.045327134855903,0.02860478249174556,20000,20000,20,,
walker2d-medium-replay-v2,2,rnn,13,28,2,2.1923106737543474,4.114488828939254,0.029093829520592432,20000,20000,20,,
walker2d-medium-replay-v2,2,rnn,13,29,2,2.244966388387145,4.155340140656764,0.029382691915950603,20000,20000,20,,
walker2d-medium-replay-v2,2,rnn,13,30,4,2.3394158930569646,4.396877253304443,0.03109061721856453,20000,20000,20,,
walker2d-medium-replay-v2,2,rnn,13,31,3,2.413351557204536,4.449654658943177,0.03146380983277035,20000,20000,20,,
walker2d-medium-replay-v2,2,rnn,13,32,2,2.484906651205623,4.530456626595516,0.032035166025372194,20000,20000,20,,
walker2d-medium-replay-v2,2,rnn,13,33,2,2.584582399658599,4.682449751891966,0.03310991972128076,20000,20000,20,,
walker2d-medium-replay-v2,2,rnn,13,34,2,2.693929420273538,4.837173333893487,0.034203980661708246,20000,20000,20,,
walker2d-medium-replay-v2,2,rnn,13,35,5,2.7819768700572047,4.9735129031760685,0.03516804700154591,20000,20000,20,,
walker2d-medium-replay-v2,2,rnn,13,36,5,2.880671764351401,5.133772167913317,0.03630125112998269,20000,20000,20,,
walker2d-medium-replay-v2,2,rnn,13,37,2,2.980375565949896,5.27193852037525,0.03727823477755913,20000,20000,20,,
walker2d-medium-replay-v2,2,rnn,13,38,5,3.0575513814056836,5.2614006798386805,0.03720372099253442,20000,20000,20,,
walker2d-medium-replay-v2,2,rnn,13,39,3,3.121276428570385,5.329284985422877,0.037683735520681674,20000,20000,20,,
walker2d-medium-replay-v2,2,rnn,13,40,2,3.1844115881089383,5.374096716924713,0.038000602312898264,20000,20000,20,,
walker2d-medium-replay-v2,2,rnn,13,41,2,3.2977742402105714,5.54991218502546,0.039243805410213516,20000,20000,20,,
walker2d-medium-replay-v2,2,rnn,13,42,4,3.37198995207993,5.618445521608255,0.039728409280563856,20000,20000,20,,
walker2d-medium-replay-v2,2,rnn,13,43,1,3.4800887016645765,5.624613198120516,0.03977202133942371,20000,20000,20,,
walker2d-medium-replay-v2,2,rnn,13,44,3,3.579234490852512,5.722233603954773,0.04046230184889957,20000,20000,20,,
walker2d-medium-replay-v2,2,rnn,13,45,4,3.658404075039441,5.858222815364198,0.04142389078445772,20000,20000,20,,
walker2d-medium-replay-v2,2,rnn,13,46,4,3.709626338656616,5.866066212708854,0.04147935197895719,20000,20000,20,,
walker2d-medium-replay-v2,2,rnn,13,47,2,3.7838085925024205,5.942444978685775,0.0420194314125666,20000,20000,20,,
walker2d-medium-replay-v2,2,rnn,13,48,5,3.873253151657453,6.0338883844957705,0.042666033935997015,20000,20000,20,,
walker2d-medium-replay-v2,2,rnn,13,49,5,3.9637126687146353,6.167876950060646,0.043613476169120834,20000,20000,20,,
walker2d-medium-replay-v2,2,rnn,13,50,2,3.9833862055498335,6.250005947458789,0.04419421587904362,20000,20000,20,,
walker2d-medium-replay-v2,2,rnn,13,51,2,4.05183607621908,6.343172345806014,0.04485300179954412,20000,20000,20,,
walker2d-medium-replay-v2,2,rnn,13,52,3,4.150835307521023,6.3864977115043935,0.045159358398371235,20000,20000,20,,
walker2d-medium-replay-v2,2,rnn,13,53,1,4.290078407738856,6.551166667041039,0.046323743749479916,20000,20000,20,,
walker2d-medium-replay-v2,2,rnn,13,54,1,4.469034658480487,6.776029362976661,0.047913763120799584,20000,20000,20,,
walker2d-medium-replay-v2,2,rnn,13,55,2,4.5422796367009015,6.758937979504326,0.04779290878926811,20000,20000,20,,
walker2d-medium-replay-v2,2,rnn,13,56,5,4.622785377473022,6.7656981164577195,0.04784071017608305,20000,20000,20,,
walker2d-medium-replay-v2,2,rnn,13,57,3,4.723702084449399,6.844494006848289,0.04839788126033109,20000,20000,20,,
walker2d-medium-replay-v2,2,rnn,13,58,4,4.806720095243017,6.920794355682565,0.04893740620100725,20000,20000,20,,
walker2d-medium-replay-v2,2,rnn,13,59,3,4.865630742842786,6.958452885929871,0.04920369222208113,20000,20000,20,,
walker2d-medium-replay-v2,2,rnn,13,60,1,4.95517149667294,7.019828712022104,0.04963768485038857,20000,20000,20,,
walker2d-medium-replay-v2,2,rnn,13,61,4,5.0261708245111025,7.053349279089914,0.04987471105321724,20000,20000,20,,
walker2d-medium-replay-v2,2,rnn,13,62,2,5.123143355230169,7.199877687730915,0.0509108233670825,20000,20000,20,,
walker2d-medium-replay-v2,2,rnn,13,63,1,5.3326870256027465,7.503488060166563,0.0530576728989607,20000,20000,20,,
walker2d-medium-replay-v2,2,rnn,13,64,2,5.4097510548626015,7.670679026143458,0.05423989155691461,20000,20000,20,,
walker2d-medium-replay-v2,2,rnn,13,65,1,5.569999039077099,7.873285502414704,0.0556725356897517,20000,20000,20,,
walker2d-medium-replay-v2,2,rnn,13,66,5,5.6451751433812545,7.797724115746648,0.055138236000663296,20000,20000,20,,
walker2d-medium-replay-v2,2,rnn,13,67,3,5.733867960627058,7.840650370737373,0.05544177046061215,20000,20000,20,,
walker2d-medium-replay-v2,2,rnn,13,68,2,5.840771552119828,8.023766546445136,0.05673659735649121,20000,20000,20,,
walker2d-medium-replay-v2,2,rnn,13,69,1,5.9759101735713145,8.158483628446582,0.057689190978740076,20000,20000,20,,
walker2d-medium-replay-v2,2,rnn,13,70,1,6.129218876561058,8.414845263674845,0.05950194148579984,20000,20000,20,,
walker2d-medium-replay-v2,2,rnn,13,71,3,6.185686064584774,8.381276548689005,0.05926457482577778,20000,20000,20,,
walker2d-medium-replay-v2,2,rnn,13,72,2,6.287705562718594,8.500894686730058,0.06011040279139516,20000,20000,20,,
walker2d-medium-replay-v2,2,rnn,13,73,4,6.391566524613464,8.582505141844182,0.06068747585366433,20000,20000,20,,
walker2d-medium-replay-v2,2,rnn,13,74,1,6.583182429148301,9.067997771130807,0.06412042715751093,20000,20000,20,,
walker2d-medium-replay-v2,2,rnn,13,75,4,6.599033346479716,8.908970980218562,0.06299593793506708,20000,20000,20,,
walker2d-medium-replay-v2,2,rnn,13,76,2,6.720443929451963,9.008027483221927,0.06369637318501013,20000,20000,20,,
walker2d-medium-replay-v2,2,rnn,13,77,4,6.815598738143401,9.173019311227986,0.06486304158924462,20000,20000,20,,
walker2d-medium-replay-v2,2,rnn,13,78,2,6.943946843772623,9.354668018821004,0.06614749191857257,20000,20000,20,,
walker2d-medium-replay-v2,2,rnn,13,79,2,7.083900850910213,9.524514847442106,0.06734849036138268,20000,20000,20,,
walker2d-medium-replay-v2,2,rnn,13,80,4,7.155127961204014,9.575012823713793,0.06770556497596175,20000,20000,20,,
walker2d-medium-replay-v2,2,rnn,13,81,3,7.258206805433381,9.83599878885006,0.06955101443338546,20000,20000,20,,
walker2d-medium-replay-v2,2,rnn,13,82,5,7.378226599710396,9.877894281968025,0.06984726030623413,20000,20000,20,,
walker2d-medium-replay-v2,2,rnn,13,83,2,7.451438238286874,9.799535991889943,0.06929318352347019,20000,20000,20,,
walker2d-medium-replay-v2,2,rnn,13,84,1,7.704394702334062,10.227522778410071,0.07231950711353641,20000,20000,20,,
walker2d-medium-replay-v2,2,rnn,13,85,3,7.793414443329879,10.147638413436333,0.07175463935169929,20000,20000,20,,
walker2d-medium-replay-v2,2,rnn,13,86,2,7.969755041228283,10.302567124312764,0.07285015077231144,20000,20000,20,,
walker2d-medium-replay-v2,2,rnn,13,87,2,8.18065740135363,10.592362177636408,0.0748993112459061,20000,20000,20,,
walker2d-medium-replay-v2,2,rnn,13,88,5,8.298682239423593,10.763829836768194,0.07611177069116878,20000,20000,20,,
walker2d-medium-replay-v2,2,rnn,13,89,4,8.458965303911611,10.871809624701667,0.07687530309395722,20000,20000,20,,
walker2d-medium-replay-v2,2,rnn,13,90,1,8.637479942204031,11.248120449069333,0.07953622245139999,20000,20000,20,,
walker2d-medium-replay-v2,2,rnn,13,91,5,8.716816019837255,11.269410127194451,0.0796867632091155,20000,20000,20,,
walker2d-medium-replay-v2,2,rnn,13,92,3,8.833484711504559,11.496315914743816,0.08129122941978179,20000,20000,20,,
walker2d-medium-replay-v2,2,rnn,13,93,5,9.027623602250467,11.808525385861797,0.0834988837615637,20000,20000,20,,
walker2d-medium-replay-v2,2,rnn,13,94,1,9.313395227860196,12.301891911857727,0.0869875119229854,20000,20000,20,,
walker2d-medium-replay-v2,2,rnn,13,95,3,9.439924593514434,12.462861567203031,0.08812573927158467,20000,20000,20,,
walker2d-medium-replay-v2,2,rnn,13,96,2,9.661568446716611,12.805194384764242,0.09054639783878696,20000,20000,20,,
walker2d-medium-replay-v2,2,rnn,13,97,5,9.904257345497381,13.123319819589657,0.09279588436111666,20000,20000,20,,
walker2d-medium-replay-v2,2,rnn,13,98,3,10.096457356381173,13.68168080229319,0.09674409273331318,20000,20000,20,,
walker2d-medium-replay-v2,2,rnn,13,99,2,10.406129608492167,14.137750898079828,0.09996899530758448,20000,20000,20,,
walker2d-medium-replay-v2,2,rnn,13,100,1,10.755886064246969,14.79342407857038,0.10460530482925469,20000,20000,20,,
walker2d-medium-replay-v2,2,rnn,14,1,1,0.20769814336515452,0.5742432619145285,0.004060513045504458,20000,20000,20,,
walker2d-medium-replay-v2,2,rnn,14,2,2,0.25672560867341004,0.9070655142393381,0.0064139217609909885,20000,20000,20,,
walker2d-medium-replay-v2,2,rnn,14,3,3,0.2907962234625925,0.9407231997609127,0.0066519175377044845,20000,20000,20,,
walker2d-medium-replay-v2,2,rnn,14,4,1,0.4416754919636626,1.1636596971919295,0.008228316628778978,20000,20000,20,,
walker2d-medium-replay-v2,2,rnn,14,5,4,0.4830101165052908,1.2559703081022233,0.008881051218280395,20000,20000,20,,
walker2d-medium-replay-v2,2,rnn,14,6,5,0.5390940204775558,1.4262695123738296,0.010085248439991654,20000,20000,20,,
walker2d-medium-replay-v2,2,rnn,14,7,1,0.6873093118702762,1.7113011476731104,0.012100726461719776,20000,20000,20,,
walker2d-medium-replay-v2,2,rnn,14,8,5,0.7435238048202053,1.8572645332858806,0.013132843459437145,20000,20000,20,,
walker2d-medium-replay-v2,2,rnn,14,9,1,0.8758606467590616,2.1379372874245997,0.015117499536895073,20000,20000,20,,
walker2d-medium-replay-v2,2,rnn,14,10,5,0.9149991639337454,2.209605236368698,0.015624268463816107,20000,20000,20,,
walker2d-medium-replay-v2,2,rnn,14,11,5,0.9840815150542421,2.350643981614143,0.016621562995547068,20000,20000,20,,
walker2d-medium-replay-v2,2,rnn,14,12,5,1.0674833073586352,2.5614052013889266,0.018111869872686044,20000,20000,20,,
walker2d-medium-replay-v2,2,rnn,14,13,2,1.1232143266176966,2.7127633709517314,0.01918213375354447,20000,20000,20,,
walker2d-medium-replay-v2,2,rnn,14,14,1,1.215821584048195,2.7681895677580415,0.01957405614971569,20000,20000,20,,
walker2d-medium-replay-v2,2,rnn,14,15,3,1.2543295923505007,2.8663269701089,0.020267992376618936,20000,20000,20,,
walker2d-medium-replay-v2,2,rnn,14,16,5,1.3016171669893624,2.9372191964874452,0.02076927611667575,20000,20000,20,,
walker2d-medium-replay-v2,2,rnn,14,17,3,1.3754828616972983,3.0616248905469456,0.021648957215552666,20000,20000,20,,
walker2d-medium-replay-v2,2,rnn,14,18,3,1.4228713075239638,3.1793343863753982,0.02248128904265615,20000,20000,20,,
walker2d-medium-replay-v2,2,rnn,14,19,1,1.5139363594875987,3.262877657270077,0.023072029176377472,20000,20000,20,,
walker2d-medium-replay-v2,2,rnn,14,20,2,1.5969919807263435,3.436648818907682,0.024300776844063614,20000,20000,20,,
walker2d-medium-replay-v2,2,rnn,14,21,2,1.665093679570374,3.5272903447758286,0.024941709220048236,20000,20000,20,,
walker2d-medium-replay-v2,2,rnn,14,22,4,1.7336871229686694,3.568849203406133,0.025235574727606847,20000,20000,20,,
walker2d-medium-replay-v2,2,rnn,14,23,2,1.787175859637062,3.6154150656659745,0.025564845097364175,20000,20000,20,,
walker2d-medium-replay-v2,2,rnn,14,24,1,1.889516199002185,3.7315668079914794,0.026386161943814147,20000,20000,20,,
walker2d-medium-replay-v2,2,rnn,14,25,4,1.9751932395737044,3.889165231425397,0.027500551082958465,20000,20000,20,,
walker2d-medium-replay-v2,2,rnn,14,26,4,2.0300725140464353,3.9231524540552907,0.027740877038911413,20000,20000,20,,
walker2d-medium-replay-v2,2,rnn,14,27,5,2.1052725688013503,4.079340064306578,0.02884529022237148,20000,20000,20,,
walker2d-medium-replay-v2,2,rnn,14,28,2,2.174223506364186,4.192405209905668,0.02964478153406109,20000,20000,20,,
walker2d-medium-replay-v2,2,rnn,14,29,1,2.268307798222043,4.2254759734995195,0.029878627146023386,20000,20000,20,,
walker2d-medium-replay-v2,2,rnn,14,30,4,2.327040971747466,4.269296670192601,0.03018848626390335,20000,20000,20,,
walker2d-medium-replay-v2,2,rnn,14,31,4,2.4059627804269805,4.363991905595046,0.030858082694894602,20000,20000,20,,
walker2d-medium-replay-v2,2,rnn,14,32,1,2.553882933471931,4.639986131662734,0.03280965658310256,20000,20000,20,,
walker2d-medium-replay-v2,2,rnn,14,33,1,2.6960234034345083,4.799005597344188,0.033934094008342734,20000,20000,20,,
walker2d-medium-replay-v2,2,rnn,14,34,5,2.770231457087789,4.8886087610308016,0.03456768405492846,20000,20000,20,,
walker2d-medium-replay-v2,2,rnn,14,35,4,2.828963013881913,4.983204954172576,0.035236580151378274,20000,20000,20,,
walker2d-medium-replay-v2,2,rnn,14,36,1,2.9570946105026685,5.074407318831088,0.03588147825648109,20000,20000,20,,
walker2d-medium-replay-v2,2,rnn,14,37,1,3.106986022732831,5.286959683555489,0.0373844504410197,20000,20000,20,,
walker2d-medium-replay-v2,2,rnn,14,38,3,3.1658686536397544,5.377724741953586,0.038026256323900574,20000,20000,20,,
walker2d-medium-replay-v2,2,rnn,14,39,2,3.2467989547287974,5.474945128121969,0.038713708267192955,20000,20000,20,,
walker2d-medium-replay-v2,2,rnn,14,40,4,3.327195799625312,5.592177091114617,0.03954266342723207,20000,20000,20,,
walker2d-medium-replay-v2,2,rnn,14,41,5,3.4020772772694494,5.6798384009450835,0.04016252249352025,20000,20000,20,,
walker2d-medium-replay-v2,2,rnn,14,42,4,3.457017289623992,5.672873606118934,0.04011327395700882,20000,20000,20,,
walker2d-medium-replay-v2,2,rnn,14,43,5,3.513839652521277,5.668292463862006,0.040080880389454274,20000,20000,20,,
walker2d-medium-replay-v2,2,rnn,14,44,4,3.5948397103498158,5.6946593320616925,0.04026732230248078,20000,20000,20,,
walker2d-medium-replay-v2,2,rnn,14,45,4,3.6697174190515587,5.8318331359072815,0.041237287571484475,20000,20000,20,,
walker2d-medium-replay-v2,2,rnn,14,46,4,3.7706277859044652,5.968360115583078,0.042202679102921206,20000,20000,20,,
walker2d-medium-replay-v2,2,rnn,14,47,3,3.803592533835228,5.9803995815343844,0.04228781098308154,20000,20000,20,,
walker2d-medium-replay-v2,2,rnn,14,48,2,3.866094078637469,6.022154346880371,0.04258306176031154,20000,20000,20,,
walker2d-medium-replay-v2,2,rnn,14,49,2,3.934732060939917,6.088537518380583,0.04305246166755624,20000,20000,20,,
walker2d-medium-replay-v2,2,rnn,14,50,2,4.0364122790414925,6.1920052652402395,0.0437840891219418,20000,20000,20,,
walker2d-medium-replay-v2,2,rnn,14,51,4,4.132335916290724,6.3762996684748865,0.04508724734456127,20000,20000,20,,
walker2d-medium-replay-v2,2,rnn,14,52,3,4.2496246279745815,6.5698243272145795,0.046455673329777764,20000,20000,20,,
walker2d-medium-replay-v2,2,rnn,14,53,1,4.380167605163622,6.697306673611086,0.04735710964596319,20000,20000,20,,
walker2d-medium-replay-v2,2,rnn,14,54,4,4.487191361764924,6.795536996933922,0.04805170292336043,20000,20000,20,,
walker2d-medium-replay-v2,2,rnn,14,55,1,4.616146724736368,6.921052856030344,0.04893923407449578,20000,20000,20,,
walker2d-medium-replay-v2,2,rnn,14,56,4,4.685037628160442,6.847166162939422,0.04841677625725538,20000,20000,20,,
walker2d-medium-replay-v2,2,rnn,14,57,3,4.726765189294834,6.891140806550656,0.048727723944233026,20000,20000,20,,
walker2d-medium-replay-v2,2,rnn,14,58,2,4.7995568083342635,6.973029546139412,0.04930676477489332,20000,20000,20,,
walker2d-medium-replay-v2,2,rnn,14,59,2,4.912530622200061,7.0854021487362875,0.05010135906805163,20000,20000,20,,
walker2d-medium-replay-v2,2,rnn,14,60,5,5.025896435594157,7.168374812796864,0.0506880644021551,20000,20000,20,,
walker2d-medium-replay-v2,2,rnn,14,61,3,5.12109095617061,7.292744697493212,0.05156749229059687,20000,20000,20,,
walker2d-medium-replay-v2,2,rnn,14,62,3,5.226899722365886,7.41302103283039,0.052417974413928724,20000,20000,20,,
walker2d-medium-replay-v2,2,rnn,14,63,2,5.294465584003787,7.481511924193955,0.05290227815125561,20000,20000,20,,
walker2d-medium-replay-v2,2,rnn,14,64,1,5.420041124373747,7.655692430649498,0.05413392032390782,20000,20000,20,,
walker2d-medium-replay-v2,2,rnn,14,65,2,5.533739165008703,7.732542543798115,0.054677332685331224,20000,20000,20,,
walker2d-medium-replay-v2,2,rnn,14,66,4,5.61112950854611,7.802478407934117,0.05517185392311832,20000,20000,20,,
walker2d-medium-replay-v2,2,rnn,14,67,2,5.684295979015778,7.856728718427014,0.055555461547428346,20000,20000,20,,
walker2d-medium-replay-v2,2,rnn,14,68,4,5.743400112206913,7.966716702290546,0.05633319403981774,20000,20000,20,,
walker2d-medium-replay-v2,2,rnn,14,69,1,5.8889499784076484,8.19522301045369,0.057948977640278364,20000,20000,20,,
walker2d-medium-replay-v2,2,rnn,14,70,2,6.020218793011211,8.32087938312343,0.05883750237241913,20000,20000,20,,
walker2d-medium-replay-v2,2,rnn,14,71,4,6.099735528631651,8.398635283034862,0.059387319613465495,20000,20000,20,,
walker2d-medium-replay-v2,2,rnn,14,72,5,6.181854867167292,8.428873686808007,0.059601137417067976,20000,20000,20,,
walker2d-medium-replay-v2,2,rnn,14,73,5,6.296683205650482,8.615247299564949,0.060918997871214665,20000,20000,20,,
walker2d-medium-replay-v2,2,rnn,14,74,4,6.371883503114844,8.75004867613114,0.061872187546047015,20000,20000,20,,
walker2d-medium-replay-v2,2,rnn,14,75,4,6.420603081479196,8.820671848685894,0.062371568788270756,20000,20000,20,,
walker2d-medium-replay-v2,2,rnn,14,76,3,6.531939797949892,8.898143810954489,0.06291937828699028,20000,20000,20,,
walker2d-medium-replay-v2,2,rnn,14,77,1,6.759804062368848,9.270057463416851,0.06554920494371021,20000,20000,20,,
walker2d-medium-replay-v2,2,rnn,14,78,3,6.841049776451367,9.268902620991366,0.06554103897460758,20000,20000,20,,
walker2d-medium-replay-v2,2,rnn,14,79,4,6.982424861619079,9.421728368653467,0.06662168019972534,20000,20000,20,,
walker2d-medium-replay-v2,2,rnn,14,80,1,7.206445866714936,9.913420113000225,0.07009846586653569,20000,20000,20,,
walker2d-medium-replay-v2,2,rnn,14,81,1,7.508730298461826,10.594354024852214,0.07491339573263993,20000,20000,20,,
walker2d-medium-replay-v2,2,rnn,14,82,5,7.508500599023586,10.36694333071226,0.07330535929323292,20000,20000,20,,
walker2d-medium-replay-v2,2,rnn,14,83,2,7.637901898726769,10.644746282418348,0.07526972280308306,20000,20000,20,,
walker2d-medium-replay-v2,2,rnn,14,84,3,7.777009824486202,10.824412754826538,0.07654015661300002,20000,20000,20,,
walker2d-medium-replay-v2,2,rnn,14,85,1,8.024443164057013,11.420048234940628,0.0807519354840398,20000,20000,20,,
walker2d-medium-replay-v2,2,rnn,14,86,4,8.111584808088393,11.566702060907247,0.08178893463231929,20000,20000,20,,
walker2d-medium-replay-v2,2,rnn,14,87,3,8.239235124498933,11.690949327109207,0.08266749547707225,20000,20000,20,,
walker2d-medium-replay-v2,2,rnn,14,88,5,8.398163145652479,12.013868993425348,0.08495088233537865,20000,20000,20,,
walker2d-medium-replay-v2,2,rnn,14,89,4,8.554025372131884,12.174504735717006,0.08608674856213232,20000,20000,20,,
walker2d-medium-replay-v2,2,rnn,14,90,3,8.679974825326347,12.476573025824806,0.08822269392529881,20000,20000,20,,
walker2d-medium-replay-v2,2,rnn,14,91,4,8.800684391281882,12.674654354166826,0.08962334043026964,20000,20000,20,,
walker2d-medium-replay-v2,2,rnn,14,92,5,8.969058839623218,12.994880859219023,0.0918876837626504,20000,20000,20,,
walker2d-medium-replay-v2,2,rnn,14,93,5,9.143063473798083,13.224740890825194,0.09351303963337518,20000,20000,20,,
walker2d-medium-replay-v2,2,rnn,14,94,3,9.2910129170251,13.665716024372774,0.09663120470603655,20000,20000,20,,
walker2d-medium-replay-v2,2,rnn,14,95,1,9.606999359379092,13.84632708981997,0.09790831779738694,20000,20000,20,,
walker2d-medium-replay-v2,2,rnn,14,96,3,9.746169683031829,14.021960998691606,0.09915023707708129,20000,20000,20,,
walker2d-medium-replay-v2,2,rnn,14,97,2,10.012500395863315,14.529571582467012,0.10273958593697781,20000,20000,20,,
walker2d-medium-replay-v2,2,rnn,14,98,2,10.331784888512892,15.173318768057271,0.10729156593998407,20000,20000,20,,
walker2d-medium-replay-v2,2,rnn,14,99,5,10.5204437493353,15.458403346053258,0.10930741832311075,20000,20000,20,,
walker2d-medium-replay-v2,2,rnn,14,100,3,10.700295639935884,15.622478696136637,0.1104676062498059,20000,20000,20,,
walker2d-medium-replay-v2,2,rnn,15,1,2,0.09902684013324263,0.28704285310737776,0.002029699479233609,20000,20000,20,,
walker2d-medium-replay-v2,2,rnn,15,2,2,0.1613306218485201,0.4727468593371657,0.0033428251002195278,20000,20000,20,,
walker2d-medium-replay-v2,2,rnn,15,3,1,0.31674620660587455,0.8483901016427317,0.005999023939631198,20000,20000,20,,
walker2d-medium-replay-v2,2,rnn,15,4,2,0.35800262651380865,1.0591041166003567,0.0074889970283070015,20000,20000,20,,
walker2d-medium-replay-v2,2,rnn,15,5,3,0.40154384193838893,1.1504174695049485,0.008134679938824173,20000,20000,20,,
walker2d-medium-replay-v2,2,rnn,15,6,3,0.4701531673790304,1.2790744185403617,0.0090444219499213,20000,20000,20,,
walker2d-medium-replay-v2,2,rnn,15,7,2,0.5461380202138275,1.3860140620986332,0.00980059942129856,20000,20000,20,,
walker2d-medium-replay-v2,2,rnn,15,8,1,0.6948933202297463,1.7011889476603586,0.012029222409702462,20000,20000,20,,
walker2d-medium-replay-v2,2,rnn,15,9,1,0.8153100343154989,1.9497133864436265,0.01378655556924476,20000,20000,20,,
walker2d-medium-replay-v2,2,rnn,15,10,2,0.865004244447025,2.079089835422348,0.014701385213231652,20000,20000,20,,
walker2d-medium-replay-v2,2,rnn,15,11,2,0.9275293664707799,2.208472722981037,0.015616260384854107,20000,20000,20,,
walker2d-medium-replay-v2,2,rnn,15,12,1,1.0695202546843023,2.437882099538731,0.017238429643171346,20000,20000,20,,
walker2d-medium-replay-v2,2,rnn,15,13,4,1.1218389352655973,2.592061249802201,0.018328640869860136,20000,20000,20,,
walker2d-medium-replay-v2,2,rnn,15,14,5,1.1727052516724297,2.684974302872952,0.018985635368730873,20000,20000,20,,
walker2d-medium-replay-v2,2,rnn,15,15,2,1.2235255416187742,2.7377819686673766,0.01935904195454958,20000,20000,20,,
walker2d-medium-replay-v2,2,rnn,15,16,5,1.286451304919531,2.8978502948858416,0.02049089594377215,20000,20000,20,,
walker2d-medium-replay-v2,2,rnn,15,17,5,1.3387656411877946,3.0353080334904945,0.02146286893471133,20000,20000,20,,
walker2d-medium-replay-v2,2,rnn,15,18,3,1.3643472635205969,2.9624482396806147,0.020947672391923133,20000,20000,20,,
walker2d-medium-replay-v2,2,rnn,15,19,2,1.4250722174633812,3.084230109941104,0.021808800254790855,20000,20000,20,,
walker2d-medium-replay-v2,2,rnn,15,20,2,1.5020901633443566,3.2439587356139206,0.02293825219841942,20000,20000,20,,
walker2d-medium-replay-v2,2,rnn,15,21,3,1.582563507480824,3.3559762384463787,0.023730335557063564,20000,20000,20,,
walker2d-medium-replay-v2,2,rnn,15,22,1,1.6753003714371968,3.402955980191393,0.024062532496726484,20000,20000,20,,
walker2d-medium-replay-v2,2,rnn,15,23,1,1.7879037466937555,3.5391165845540096,0.025025333363479133,20000,20000,20,,
walker2d-medium-replay-v2,2,rnn,15,24,4,1.827365620129406,3.5340471608127073,0.024989487124437305,20000,20000,20,,
walker2d-medium-replay-v2,2,rnn,15,25,5,1.8685648261010366,3.6375571818760806,0.025721413502584042,20000,20000,20,,
walker2d-medium-replay-v2,2,rnn,15,26,2,1.9642288156893513,3.787910534753667,0.026784572256522792,20000,20000,20,,
walker2d-medium-replay-v2,2,rnn,15,27,3,2.0549759184510656,3.994837337358359,0.028247765709833072,20000,20000,20,,
walker2d-medium-replay-v2,2,rnn,15,28,3,2.1111139874666756,4.072137688298568,0.02879436173321229,20000,20000,20,,
walker2d-medium-replay-v2,2,rnn,15,29,4,2.152263123663361,4.1018850266853715,0.029004707180167885,20000,20000,20,,
walker2d-medium-replay-v2,2,rnn,15,30,4,2.238217396244584,4.224342524768089,0.029870612453182163,20000,20000,20,,
walker2d-medium-replay-v2,2,rnn,15,31,2,2.3131707263853327,4.339938060503973,0.03068799632511952,20000,20000,20,,
walker2d-medium-replay-v2,2,rnn,15,32,2,2.3705517940846286,4.359559496104003,0.030826740826813488,20000,20000,20,,
walker2d-medium-replay-v2,2,rnn,15,33,3,2.4507859991467744,4.445008464289051,0.031430956275303894,20000,20000,20,,
walker2d-medium-replay-v2,2,rnn,15,34,4,2.5522403925050954,4.564686850445389,0.032277210259429985,20000,20000,20,,
walker2d-medium-replay-v2,2,rnn,15,35,4,2.6469787898603556,4.701145780714176,0.0332421206088952,20000,20000,20,,
walker2d-medium-replay-v2,2,rnn,15,36,1,2.7955289768384803,4.885084606540285,0.03454276451954653,20000,20000,20,,
walker2d-medium-replay-v2,2,rnn,15,37,2,2.8884088917871416,5.023956277209599,0.0355247355199963,20000,20000,20,,
walker2d-medium-replay-v2,2,rnn,15,38,5,2.9256596983495013,4.986761585066187,0.03526172932960877,20000,20000,20,,
walker2d-medium-replay-v2,2,rnn,15,39,4,3.0199396568225216,5.08865558524862,0.03598222871452099,20000,20000,20,,
walker2d-medium-replay-v2,2,rnn,15,40,1,3.145050808289522,5.177508040469353,0.036610510450637526,20000,20000,20,,
walker2d-medium-replay-v2,2,rnn,15,41,5,3.271341873733218,5.368607387850355,0.03796178689477184,20000,20000,20,,
walker2d-medium-replay-v2,2,rnn,15,42,1,3.4064654783736654,5.541977462013591,0.039187698445728225,20000,20000,20,,
walker2d-medium-replay-v2,2,rnn,15,43,1,3.555896981610151,5.7657448460147585,0.04076997279208422,20000,20000,20,,
walker2d-medium-replay-v2,2,rnn,15,44,4,3.607317315141722,5.78980531350677,0.04094010598930542,20000,20000,20,,
walker2d-medium-replay-v2,2,rnn,15,45,4,3.672602485895191,5.860563307552517,0.04144044056343447,20000,20000,20,,
walker2d-medium-replay-v2,2,rnn,15,46,4,3.768163255493646,5.929821320098135,0.041930168666659565,20000,20000,20,,
walker2d-medium-replay-v2,2,rnn,15,47,5,3.8474992676471076,6.007035916370498,0.042476158312967256,20000,20000,20,,
walker2d-medium-replay-v2,2,rnn,15,48,5,3.9016989330527316,6.075880072031229,0.042962960006094904,20000,20000,20,,
walker2d-medium-replay-v2,2,rnn,15,49,4,3.973055831079952,6.18454143204444,0.04373131185127785,20000,20000,20,,
walker2d-medium-replay-v2,2,rnn,15,50,2,4.04813727980649,6.286913897432048,0.044455194496101476,20000,20000,20,,
walker2d-medium-replay-v2,2,rnn,15,51,3,4.113263810722005,6.373910447473905,0.045070353000845796,20000,20000,20,,
walker2d-medium-replay-v2,2,rnn,15,52,5,4.16936387751436,6.409379717088081,0.04532115861152497,20000,20000,20,,
walker2d-medium-replay-v2,2,rnn,15,53,3,4.267558658888892,6.490217064345836,0.04589276497571587,20000,20000,20,,
walker2d-medium-replay-v2,2,rnn,15,54,1,4.3619313250822405,6.513156066898298,0.04605496821830089,20000,20000,20,,
walker2d-medium-replay-v2,2,rnn,15,55,5,4.50546008855657,6.678021626352269,0.047220743769041056,20000,20000,20,,
walker2d-medium-replay-v2,2,rnn,15,56,5,4.58532565173576,6.740241298393785,0.047660703289278655,20000,20000,20,,
walker2d-medium-replay-v2,2,rnn,15,57,1,4.727036306420393,6.8978748777282055,0.048775341018179416,20000,20000,20,,
walker2d-medium-replay-v2,2,rnn,15,58,2,4.828530293057564,7.023339478235315,0.049662509716353796,20000,20000,20,,
walker2d-medium-replay-v2,2,rnn,15,59,2,4.8962046953662535,7.001649568685798,0.04950913889509593,20000,20000,20,,
walker2d-medium-replay-v2,2,rnn,15,60,2,4.98169512427065,7.08100751611316,0.050070284322765266,20000,20000,20,,
walker2d-medium-replay-v2,2,rnn,15,61,1,5.155344475716616,7.254075502091296,0.05129405978767965,20000,20000,20,,
walker2d-medium-replay-v2,2,rnn,15,62,3,5.265152922913727,7.365428006646343,0.052081440898409444,20000,20000,20,,
walker2d-medium-replay-v2,2,rnn,15,63,1,5.433660953892243,7.583776974461481,0.05362540125648112,20000,20000,20,,
walker2d-medium-replay-v2,2,rnn,15,64,3,5.515832007146244,7.666879834755524,0.05421302721698028,20000,20000,20,,
walker2d-medium-replay-v2,2,rnn,15,65,4,5.567764758463992,7.709607802583985,0.05451515957495853,20000,20000,20,,
walker2d-medium-replay-v2,2,rnn,15,66,4,5.6487783245830485,7.809355609980111,0.055220483085141436,20000,20000,20,,
walker2d-medium-replay-v2,2,rnn,15,67,4,5.719135116238768,7.910205566167971,0.05593359996416945,20000,20000,20,,
walker2d-medium-replay-v2,2,rnn,15,68,4,5.774141697714905,7.96700587455339,0.05633523879649763,20000,20000,20,,
walker2d-medium-replay-v2,2,rnn,15,69,4,5.871381964619836,8.102573208853345,0.057293844610406444,20000,20000,20,,
walker2d-medium-replay-v2,2,rnn,15,70,1,5.959099292861729,8.190061681201989,0.057912481531140224,20000,20000,20,,
walker2d-medium-replay-v2,2,rnn,15,71,5,6.0483474973177636,8.206149242405056,0.05802623776733464,20000,20000,20,,
walker2d-medium-replay-v2,2,rnn,15,72,2,6.166383572357926,8.28126672248464,0.05855739856283383,20000,20000,20,,
walker2d-medium-replay-v2,2,rnn,15,73,1,6.376736579609837,8.596287737538196,0.06078493352244023,20000,20000,20,,
walker2d-medium-replay-v2,2,rnn,15,74,5,6.457480258491014,8.584954455008816,0.06070479511314395,20000,20000,20,,
walker2d-medium-replay-v2,2,rnn,15,75,4,6.570118979020891,8.724429214161672,0.0616910305931574,20000,20000,20,,
walker2d-medium-replay-v2,2,rnn,15,76,1,6.789058238894205,9.08128638487162,0.06421439184639789,20000,20000,20,,
walker2d-medium-replay-v2,2,rnn,15,77,4,6.814554582355014,9.031005785805602,0.06385885432078087,20000,20000,20,,
walker2d-medium-replay-v2,2,rnn,15,78,3,6.946286305315736,9.196954979108975,0.06503229231995339,20000,20000,20,,
walker2d-medium-replay-v2,2,rnn,15,79,3,7.083004834369855,9.55115467351586,0.0675368623780465,20000,20000,20,,
walker2d-medium-replay-v2,2,rnn,15,80,4,7.185756069085009,9.675213903029066,0.06841409360262216,20000,20000,20,,
walker2d-medium-replay-v2,2,rnn,15,81,1,7.366030876925246,10.135890906127116,0.07167157193089543,20000,20000,20,,
walker2d-medium-replay-v2,2,rnn,15,82,4,7.405712981822627,10.077020803732937,0.07125529744477473,20000,20000,20,,
walker2d-medium-replay-v2,2,rnn,15,83,2,7.575905952422258,10.334331239405596,0.07307475698411675,20000,20000,20,,
walker2d-medium-replay-v2,2,rnn,15,84,3,7.7030692665327285,10.490429673608952,0.0741785395976947,20000,20000,20,,
walker2d-medium-replay-v2,2,rnn,15,85,3,7.852111717678963,10.663738549927066,0.0754040184145383,20000,20000,20,,
walker2d-medium-replay-v2,2,rnn,15,86,1,8.029048362894276,10.93125644457133,0.07729565558845537,20000,20000,20,,
walker2d-medium-replay-v2,2,rnn,15,87,3,8.150870489990679,10.9435928771277,0.07738288733961796,20000,20000,20,,
walker2d-medium-replay-v2,2,rnn,15,88,3,8.299338601383337,11.19793221897833,0.079181338073069,20000,20000,20,,
walker2d-medium-replay-v2,2,rnn,15,89,2,8.475387817267361,11.461043512802641,0.08104181587376837,20000,20000,20,,
walker2d-medium-replay-v2,2,rnn,15,90,1,8.758701802213892,11.93983511698983,0.08442738377472783,20000,20000,20,,
walker2d-medium-replay-v2,2,rnn,15,91,5,8.804618662434235,11.925182750869894,0.08432377590028949,20000,20000,20,,
walker2d-medium-replay-v2,2,rnn,15,92,4,8.993349316642004,12.00555186771436,0.08489207137547644,20000,20000,20,,
walker2d-medium-replay-v2,2,rnn,15,93,5,9.160690246651766,12.14960400986888,0.08591067384109553,20000,20000,20,,
walker2d-medium-replay-v2,2,rnn,15,94,2,9.329272934581898,12.569028912294968,0.08887645576813546,20000,20000,20,,
walker2d-medium-replay-v2,2,rnn,15,95,1,9.63233566045789,13.244504248606013,0.09365278767643351,20000,20000,20,,
walker2d-medium-replay-v2,2,rnn,15,96,3,9.73516371196532,13.290498519006794,0.09397801628139471,20000,20000,20,,
walker2d-medium-replay-v2,2,rnn,15,97,3,9.96086755706305,13.757404879347673,0.09727954281715635,20000,20000,20,,
walker2d-medium-replay-v2,2,rnn,15,98,4,10.157943081568366,14.19658739790352,0.10038503218765063,20000,20000,20,,
walker2d-medium-replay-v2,2,rnn,15,99,1,10.578416240902058,14.956975006422203,0.10576178453078845,20000,20000,20,,
walker2d-medium-replay-v2,2,rnn,15,100,1,11.145652748496921,16.100007312981795,0.11384424348162432,20000,20000,20,,
walker2d-medium-replay-v2,2,rnn,16,1,2,0.09950264216052539,0.2868870918453103,0.002028598080787068,20000,20000,20,,
walker2d-medium-replay-v2,2,rnn,16,2,2,0.16238355039993538,0.4708745704734865,0.003329586018701052,20000,20000,20,,
walker2d-medium-replay-v2,2,rnn,16,3,1,0.3191086453959506,0.8817711771211817,0.006235063787972318,20000,20000,20,,
walker2d-medium-replay-v2,2,rnn,16,4,5,0.33216851530084396,0.9343552911424066,0.006606889624043265,20000,20000,20,,
walker2d-medium-replay-v2,2,rnn,16,5,2,0.39001921131234346,1.0812771499245104,0.007645784050536845,20000,20000,20,,
walker2d-medium-replay-v2,2,rnn,16,6,2,0.4554502916186728,1.1809185040608547,0.008350354822501039,20000,20000,20,,
walker2d-medium-replay-v2,2,rnn,16,7,1,0.6143512921861406,1.50235233721291,0.010623235253747074,20000,20000,20,,
walker2d-medium-replay-v2,2,rnn,16,8,5,0.6483174945178772,1.5762626288349006,0.011145859937800923,20000,20000,20,,
walker2d-medium-replay-v2,2,rnn,16,9,2,0.7028437741601109,1.7014701867493878,0.012031211070372335,20000,20000,20,,
walker2d-medium-replay-v2,2,rnn,16,10,2,0.7873383788647965,1.9284004675645932,0.013635850474582326,20000,20000,20,,
walker2d-medium-replay-v2,2,rnn,16,11,4,0.8586275984048815,2.095918267499158,0.014820380197614148,20000,20000,20,,
walker2d-medium-replay-v2,2,rnn,16,12,2,0.9159478315505801,2.177598496489948,0.015397946635696725,20000,20000,20,,
walker2d-medium-replay-v2,2,rnn,16,13,5,0.9754823576406052,2.3154082000577993,0.016372408394758082,20000,20000,20,,
walker2d-medium-replay-v2,2,rnn,16,14,1,1.1020672359548938,2.56427451048464,0.018132158951875036,20000,20000,20,,
walker2d-medium-replay-v2,2,rnn,16,15,5,1.1475630636247938,2.660485251556692,0.018812471626225347,20000,20000,20,,
walker2d-medium-replay-v2,2,rnn,16,16,3,1.1845557093964112,2.72743983857272,0.01928591205133113,20000,20000,20,,
walker2d-medium-replay-v2,2,rnn,16,17,2,1.243973726569321,2.733191211874465,0.019326580401959118,20000,20000,20,,
walker2d-medium-replay-v2,2,rnn,16,18,3,1.3336528660709381,2.945567126833079,0.020828304898238455,20000,20000,20,,
walker2d-medium-replay-v2,2,rnn,16,19,5,1.4020863395297718,3.0847236823965756,0.021812290339093564,20000,20000,20,,
walker2d-medium-replay-v2,2,rnn,16,20,1,1.5075819408977307,3.153769513915539,0.022300518095890794,20000,20000,20,,
walker2d-medium-replay-v2,2,rnn,16,21,1,1.618817865405797,3.3265095522844854,0.023521974621021857,20000,20000,20,,
walker2d-medium-replay-v2,2,rnn,16,22,5,1.6767202338651026,3.4435160224294705,0.02434933530584406,20000,20000,20,,
walker2d-medium-replay-v2,2,rnn,16,23,4,1.7336026429066755,3.565834857075708,0.025214260080295963,20000,20000,20,,
walker2d-medium-replay-v2,2,rnn,16,24,4,1.8143864427818808,3.6567429577800863,0.025857077425024518,20000,20000,20,,
walker2d-medium-replay-v2,2,rnn,16,25,5,1.8619813288834943,3.6890864639738163,0.026085780550593875,20000,20000,20,,
walker2d-medium-replay-v2,2,rnn,16,26,3,1.9137334771799852,3.7236878967874705,0.026330449628406933,20000,20000,20,,
walker2d-medium-replay-v2,2,rnn,16,27,4,1.9781376472997363,3.8366351794517306,0.027129107523291854,20000,20000,20,,
walker2d-medium-replay-v2,2,rnn,16,28,4,2.0618641848011956,3.977825361947006,0.028127472878085605,20000,20000,20,,
walker2d-medium-replay-v2,2,rnn,16,29,2,2.118573139298678,4.003680329973791,0.028310295110276613,20000,20000,20,,
walker2d-medium-replay-v2,2,rnn,16,30,2,2.1865925037314393,4.0983783533532865,0.02897991125524265,20000,20000,20,,
walker2d-medium-replay-v2,2,rnn,16,31,4,2.2706027983654824,4.168991900200039,0.02947922443343238,20000,20000,20,,
walker2d-medium-replay-v2,2,rnn,16,32,5,2.355651657534479,4.360198887928143,0.030831262009760333,20000,20000,20,,
walker2d-medium-replay-v2,2,rnn,16,33,3,2.436429845052676,4.439008520675626,0.031388530267146,20000,20000,20,,
walker2d-medium-replay-v2,2,rnn,16,34,3,2.5560343062254405,4.752607220555128,0.033606007939706806,20000,20000,20,,
walker2d-medium-replay-v2,2,rnn,16,35,3,2.653469643505874,4.838721295975467,0.03421492640656012,20000,20000,20,,
walker2d-medium-replay-v2,2,rnn,16,36,1,2.772608654852552,5.00627155887416,0.03539968567741267,20000,20000,20,,
walker2d-medium-replay-v2,2,rnn,16,37,5,2.856837329261048,5.084872609505873,0.03595547903651338,20000,20000,20,,
walker2d-medium-replay-v2,2,rnn,16,38,5,2.9655677641892946,5.207390915400685,0.03682181428569047,20000,20000,20,,
walker2d-medium-replay-v2,2,rnn,16,39,3,3.0408857190099483,5.283507100455949,0.03736003699179675,20000,20000,20,,
walker2d-medium-replay-v2,2,rnn,16,40,2,3.1457075037464217,5.446602299891633,0.038513294206796195,20000,20000,20,,
walker2d-medium-replay-v2,2,rnn,16,41,5,3.2282554749406343,5.5127069721242465,0.038980724826834144,20000,20000,20,,
walker2d-medium-replay-v2,2,rnn,16,42,4,3.309181136039205,5.590764302168704,0.03953267350079167,20000,20000,20,,
walker2d-medium-replay-v2,2,rnn,16,43,4,3.3645546831432447,5.5677885313894055,0.03937021026758137,20000,20000,20,,
walker2d-medium-replay-v2,2,rnn,16,44,3,3.4439018648025974,5.618377828937246,0.03972793062109679,20000,20000,20,,
walker2d-medium-replay-v2,2,rnn,16,45,1,3.5795143912044978,5.80433402074942,0.04104283946343693,20000,20000,20,,
walker2d-medium-replay-v2,2,rnn,16,46,1,3.726931338849133,6.005584482666461,0.042465895126821585,20000,20000,20,,
walker2d-medium-replay-v2,2,rnn,16,47,1,3.839026557834493,6.082277858300731,0.04300819918665238,20000,20000,20,,
walker2d-medium-replay-v2,2,rnn,16,48,5,3.9177231813696185,6.128722267445996,0.04333661075320057,20000,20000,20,,
walker2d-medium-replay-v2,2,rnn,16,49,2,4.001510449050488,6.166673157467768,0.04360496407006517,20000,20000,20,,
walker2d-medium-replay-v2,2,rnn,16,50,4,4.097518706217589,6.294122318856897,0.04450616573281309,20000,20000,20,,
walker2d-medium-replay-v2,2,rnn,16,51,4,4.1391553226393905,6.301042442845864,0.04455509839880559,20000,20000,20,,
walker2d-medium-replay-v2,2,rnn,16,52,1,4.241175592457486,6.375930588386826,0.04508463755423058,20000,20000,20,,
walker2d-medium-replay-v2,2,rnn,16,53,3,4.3276298600225145,6.494127981268394,0.045920419334481856,20000,20000,20,,
walker2d-medium-replay-v2,2,rnn,16,54,3,4.400883824413805,6.657611819610254,0.0470764246415412,20000,20000,20,,
walker2d-medium-replay-v2,2,rnn,16,55,3,4.526292782202657,6.858247496908884,0.04849513312119937,20000,20000,20,,
walker2d-medium-replay-v2,2,rnn,16,56,4,4.582567097126697,6.778137734685088,0.04792867156012249,20000,20000,20,,
walker2d-medium-replay-v2,2,rnn,16,57,5,4.657088489800728,6.762833420156892,0.0478204537142795,20000,20000,20,,
walker2d-medium-replay-v2,2,rnn,16,58,4,4.721531587514157,6.820088717883461,0.048225309807092616,20000,20000,20,,
walker2d-medium-replay-v2,2,rnn,16,59,2,4.783355592872275,6.946613271221897,0.04911997350361469,20000,20000,20,,
walker2d-medium-replay-v2,2,rnn,16,60,4,4.814990714712925,6.887056791056664,0.048698845593730306,20000,20000,20,,
walker2d-medium-replay-v2,2,rnn,16,61,2,4.924210023506987,7.036061939628324,0.0497524711035976,20000,20000,20,,
walker2d-medium-replay-v2,2,rnn,16,62,4,5.014946741653494,7.084991151404311,0.050098452878046734,20000,20000,20,,
walker2d-medium-replay-v2,2,rnn,16,63,3,5.130301881280818,7.1870273508716656,0.05081995776374543,20000,20000,20,,
walker2d-medium-replay-v2,2,rnn,16,64,4,5.218493603432461,7.299867531108789,0.05161785833010525,20000,20000,20,,
walker2d-medium-replay-v2,2,rnn,16,65,1,5.398035432820777,7.536968960551932,0.05329441861598795,20000,20000,20,,
walker2d-medium-replay-v2,2,rnn,16,66,2,5.532291499318539,7.644154235888013,0.05405233296632285,20000,20000,20,,
walker2d-medium-replay-v2,2,rnn,16,67,1,5.716616491794113,7.923353795432573,0.05602657198490541,20000,20000,20,,
walker2d-medium-replay-v2,2,rnn,16,68,4,5.778455105368172,7.914408042272951,0.055963315957685514,20000,20000,20,,
walker2d-medium-replay-v2,2,rnn,16,69,3,5.866608102614998,8.036229629860314,0.056824724664464865,20000,20000,20,,
walker2d-medium-replay-v2,2,rnn,16,70,1,6.041634583553996,8.355517491181208,0.05908243078337041,20000,20000,20,,
walker2d-medium-replay-v2,2,rnn,16,71,3,6.139672472160736,8.345299831597123,0.05901018101957278,20000,20000,20,,
walker2d-medium-replay-v2,2,rnn,16,72,5,6.243194851321909,8.447374498666537,0.05973195791229421,20000,20000,20,,
walker2d-medium-replay-v2,2,rnn,16,73,1,6.429176525135453,8.822473583756176,0.06238430897913174,20000,20000,20,,
walker2d-medium-replay-v2,2,rnn,16,74,3,6.490022891285242,8.8688930182198,0.06271254394801247,20000,20000,20,,
walker2d-medium-replay-v2,2,rnn,16,75,4,6.539132901628685,8.895886913933435,0.06290341961511,20000,20000,20,,
walker2d-medium-replay-v2,2,rnn,16,76,1,6.708643535922559,9.082805151186136,0.06422513114599822,20000,20000,20,,
walker2d-medium-replay-v2,2,rnn,16,77,4,6.799771131246286,9.102850336366746,0.06436687200971171,20000,20000,20,,
walker2d-medium-replay-v2,2,rnn,16,78,2,6.901773887792289,9.203619805047305,0.0650794197561176,20000,20000,20,,
walker2d-medium-replay-v2,2,rnn,16,79,3,6.98474358463519,9.217443569130994,0.0651771685293686,20000,20000,20,,
walker2d-medium-replay-v2,2,rnn,16,80,1,7.132442443867379,9.548562084145086,0.06751853000279744,20000,20000,20,,
walker2d-medium-replay-v2,2,rnn,16,81,2,7.2586284153967195,9.719757786318006,0.06872906642196207,20000,20000,20,,
walker2d-medium-replay-v2,2,rnn,16,82,3,7.3909180773143435,9.831981487990092,0.06952260782658395,20000,20000,20,,
walker2d-medium-replay-v2,2,rnn,16,83,5,7.530066373030951,10.001451864100828,0.07072094434816531,20000,20000,20,,
walker2d-medium-replay-v2,2,rnn,16,84,4,7.627138660401249,9.999001970180755,0.0707036209821246,20000,20000,20,,
walker2d-medium-replay-v2,2,rnn,16,85,5,7.808013698368432,10.253028777170272,0.07249986176037913,20000,20000,20,,
walker2d-medium-replay-v2,2,rnn,16,86,3,7.902911618185381,10.470504389059723,0.0740376465594764,20000,20000,20,,
walker2d-medium-replay-v2,2,rnn,16,87,2,8.012360375158574,10.666152964511658,0.0754210909037919,20000,20000,20,,
walker2d-medium-replay-v2,2,rnn,16,88,4,8.141614887089881,10.829243571320585,0.07657431564401611,20000,20000,20,,
walker2d-medium-replay-v2,2,rnn,16,89,3,8.24597134590026,11.131268429421231,0.07870995389651483,20000,20000,20,,
walker2d-medium-replay-v2,2,rnn,16,90,1,8.486279617426911,11.468434121277626,0.08109407536746593,20000,20000,20,,
walker2d-medium-replay-v2,2,rnn,16,91,5,8.590706556286108,11.739245316535717,0.08300899969334824,20000,20000,20,,
walker2d-medium-replay-v2,2,rnn,16,92,5,8.791641153259183,11.977190693024946,0.08469152758602344,20000,20000,20,,
walker2d-medium-replay-v2,2,rnn,16,93,1,9.191168202780474,13.248033626041774,0.09367774414361545,20000,20000,20,,
walker2d-medium-replay-v2,2,rnn,16,94,3,9.267425103116608,12.93578370214203,0.09146980375747052,20000,20000,20,,
walker2d-medium-replay-v2,2,rnn,16,95,2,9.409674406935691,12.994121177587692,0.09188231200231983,20000,20000,20,,
walker2d-medium-replay-v2,2,rnn,16,96,4,9.551177117912538,13.087658975060304,0.0925437241112212,20000,20000,20,,
walker2d-medium-replay-v2,2,rnn,16,97,4,9.745848581234853,13.626417470491619,0.09635332196663465,20000,20000,20,,
walker2d-medium-replay-v2,2,rnn,16,98,1,10.15102530654642,14.46155590675165,0.10225864248172463,20000,20000,20,,
walker2d-medium-replay-v2,2,rnn,16,99,1,10.640555967555928,15.593333005085766,0.1102615150919615,20000,20000,20,,
walker2d-medium-replay-v2,2,rnn,16,100,2,10.782536241486335,15.504018004025788,0.10962996266284956,20000,20000,20,,
walker2d-medium-replay-v2,2,rnn,17,1,5,0.09039107284168038,0.2709969073376373,0.001916237508590258,20000,20000,20,,
walker2d-medium-replay-v2,2,rnn,17,2,4,0.1347214913072245,0.39503750617026084,0.0027933369943601402,20000,20000,20,,
walker2d-medium-replay-v2,2,rnn,17,3,3,0.1807081761836684,0.5300522336844756,0.0037480352882136923,20000,20000,20,,
walker2d-medium-replay-v2,2,rnn,17,4,3,0.2263271958563594,0.6276759502141113,0.004438339207841079,20000,20000,20,,
walker2d-medium-replay-v2,2,rnn,17,5,4,0.2859260114839838,0.7908286946314271,0.005592003327307875,20000,20000,20,,
walker2d-medium-replay-v2,2,rnn,17,6,4,0.3422249597539101,0.9287836935312911,0.00656749247951464,20000,20000,20,,
walker2d-medium-replay-v2,2,rnn,17,7,5,0.3998749144547038,1.0173622099581587,0.007193837175843461,20000,20000,20,,
walker2d-medium-replay-v2,2,rnn,17,8,3,0.46181202742362376,1.2036757341855722,0.008511272739923142,20000,20000,20,,
walker2d-medium-replay-v2,2,rnn,17,9,4,0.5275703016475243,1.3415903892400265,0.009486476618063224,20000,20000,20,,
walker2d-medium-replay-v2,2,rnn,17,10,4,0.5990013343209579,1.574983622055333,0.011136815994130763,20000,20000,20,,
walker2d-medium-replay-v2,2,rnn,17,11,4,0.6594416684156226,1.7017422058812168,0.012033134536099622,20000,20000,20,,
walker2d-medium-replay-v2,2,rnn,17,12,1,0.8024270359519537,1.961864866632989,0.01387247950967828,20000,20000,20,,
walker2d-medium-replay-v2,2,rnn,17,13,1,0.9213175817405678,2.1648292471501205,0.015307654407708185,20000,20000,20,,
walker2d-medium-replay-v2,2,rnn,17,14,1,1.043035251238871,2.4048001490351676,0.01700450492781187,20000,20000,20,,
walker2d-medium-replay-v2,2,rnn,17,15,2,1.1003804684070653,2.5051907926706787,0.01771437397663539,20000,20000,20,,
walker2d-medium-replay-v2,2,rnn,17,16,5,1.1710323680007746,2.6562581797390417,0.018782581714757114,20000,20000,20,,
walker2d-medium-replay-v2,2,rnn,17,17,3,1.2354746464277795,2.7651681251418365,0.019552691324086845,20000,20000,20,,
walker2d-medium-replay-v2,2,rnn,17,18,3,1.3017337717262432,2.9068851844669488,0.020554782260672876,20000,20000,20,,
walker2d-medium-replay-v2,2,rnn,17,19,4,1.3625083945675456,3.072345739316251,0.02172476506420118,20000,20000,20,,
walker2d-medium-replay-v2,2,rnn,17,20,4,1.4243314321452398,3.1625434969595925,0.022362559524975453,20000,20000,20,,
walker2d-medium-replay-v2,2,rnn,17,21,2,1.4972971963824944,3.304847088428057,0.023368797870120965,20000,20000,20,,
walker2d-medium-replay-v2,2,rnn,17,22,4,1.546108930773414,3.3300848973778217,0.02354725612862766,20000,20000,20,,
walker2d-medium-replay-v2,2,rnn,17,23,1,1.6468714279859042,3.4221935251648663,0.024198562481767726,20000,20000,20,,
walker2d-medium-replay-v2,2,rnn,17,24,3,1.7064492135506166,3.473688011290089,0.024562683485096343,20000,20000,20,,
walker2d-medium-replay-v2,2,rnn,17,25,3,1.7579497783820166,3.530124468259931,0.024961749499391523,20000,20000,20,,
walker2d-medium-replay-v2,2,rnn,17,26,4,1.826931993511969,3.607661054382504,0.025510015957764785,20000,20000,20,,
walker2d-medium-replay-v2,2,rnn,17,27,1,1.9447604720096836,3.6795157279212347,0.026018105226956606,20000,20000,20,,
walker2d-medium-replay-v2,2,rnn,17,28,1,2.044771062355338,3.8173632876981776,0.02699283466983955,20000,20000,20,,
walker2d-medium-replay-v2,2,rnn,17,29,1,2.166664514916801,3.986089434042446,0.02818590869227461,20000,20000,20,,
walker2d-medium-replay-v2,2,rnn,17,30,2,2.2509798379726362,4.223115066420781,0.02986193301197211,20000,20000,20,,
walker2d-medium-replay-v2,2,rnn,17,31,2,2.340998843436632,4.338816082246998,0.030680062740781014,20000,20000,20,,
walker2d-medium-replay-v2,2,rnn,17,32,1,2.482177163945192,4.490332132620689,0.03175144300755941,20000,20000,20,,
walker2d-medium-replay-v2,2,rnn,17,33,5,2.555274809551627,4.638667838017276,0.03280033483933957,20000,20000,20,,
walker2d-medium-replay-v2,2,rnn,17,34,4,2.6141647205242067,4.690002657527638,0.033163326829207224,20000,20000,20,,
walker2d-medium-replay-v2,2,rnn,17,35,3,2.676400304257695,4.790322605283816,0.03387269598267395,20000,20000,20,,
walker2d-medium-replay-v2,2,rnn,17,36,5,2.7666797908352945,4.900695759527391,0.03465315204093976,20000,20000,20,,
walker2d-medium-replay-v2,2,rnn,17,37,1,2.8992322079366533,5.057232838173347,0.03576003633911663,20000,20000,20,,
walker2d-medium-replay-v2,2,rnn,17,38,1,3.0272208243746714,5.186362501290207,0.03667312094353929,20000,20000,20,,
walker2d-medium-replay-v2,2,rnn,17,39,4,3.0947241924417193,5.279237553557141,0.037329846736149336,20000,20000,20,,
walker2d-medium-replay-v2,2,rnn,17,40,5,3.1422476490281093,5.288855045581301,0.03739785267443225,20000,20000,20,,
walker2d-medium-replay-v2,2,rnn,17,41,1,3.2712563314276055,5.394017810769131,0.03814146571835868,20000,20000,20,,
walker2d-medium-replay-v2,2,rnn,17,42,5,3.3447021174797524,5.46363644803766,0.03863374382345411,20000,20000,20,,
walker2d-medium-replay-v2,2,rnn,17,43,3,3.409890715258928,5.544216025636963,0.039203527480910265,20000,20000,20,,
walker2d-medium-replay-v2,2,rnn,17,44,3,3.48947255032596,5.598006798831546,0.03958388568582183,20000,20000,20,,
walker2d-medium-replay-v2,2,rnn,17,45,3,3.556788129268859,5.671856730943918,0.040106083563690074,20000,20000,20,,
walker2d-medium-replay-v2,2,rnn,17,46,1,3.6796421716098835,5.748290483992679,0.04064655181461324,20000,20000,20,,
walker2d-medium-replay-v2,2,rnn,17,47,5,3.7749627344346655,5.895128871121953,0.0416848560073893,20000,20000,20,,
walker2d-medium-replay-v2,2,rnn,17,48,5,3.830608683414491,5.936827581712218,0.04197971041764041,20000,20000,20,,
walker2d-medium-replay-v2,2,rnn,17,49,2,3.9280973022549843,6.0677379725871,0.042905386668794517,20000,20000,20,,
walker2d-medium-replay-v2,2,rnn,17,50,5,3.9925837996038123,6.095627997862608,0.04310259892879228,20000,20000,20,,
walker2d-medium-replay-v2,2,rnn,17,51,5,4.081812836238223,6.192630378349585,0.04378850933912807,20000,20000,20,,
walker2d-medium-replay-v2,2,rnn,17,52,3,4.1162110089605655,6.202719320400369,0.043859848932519145,20000,20000,20,,
walker2d-medium-replay-v2,2,rnn,17,53,5,4.2129901810624215,6.346885853875149,0.044879260266920885,20000,20000,20,,
walker2d-medium-replay-v2,2,rnn,17,54,5,4.301584923446254,6.449021986261458,0.04560147178506615,20000,20000,20,,
walker2d-medium-replay-v2,2,rnn,17,55,3,4.375211745551784,6.489167251226727,0.04588534167596087,20000,20000,20,,
walker2d-medium-replay-v2,2,rnn,17,56,2,4.4947083195482564,6.6327164714515705,0.04690038794651115,20000,20000,20,,
walker2d-medium-replay-v2,2,rnn,17,57,3,4.558625251006723,6.634494058840409,0.046912957387479144,20000,20000,20,,
walker2d-medium-replay-v2,2,rnn,17,58,4,4.618391687757419,6.681826491603431,0.047247648229247034,20000,20000,20,,
walker2d-medium-replay-v2,2,rnn,17,59,5,4.715421619082764,6.845144456402327,0.048402480633235885,20000,20000,20,,
walker2d-medium-replay-v2,2,rnn,17,60,2,4.82440043646214,6.953522158656634,0.04916882671517026,20000,20000,20,,
walker2d-medium-replay-v2,2,rnn,17,61,4,4.927950253556885,7.126205067520452,0.0503898792736965,20000,20000,20,,
walker2d-medium-replay-v2,2,rnn,17,62,4,5.022716503943472,7.19359015333343,0.05086636378498844,20000,20000,20,,
walker2d-medium-replay-v2,2,rnn,17,63,2,5.11022004512908,7.309165080590861,0.051683601932977156,20000,20000,20,,
walker2d-medium-replay-v2,2,rnn,17,64,1,5.246002801179437,7.374206030738102,0.05214351090201646,20000,20000,20,,
walker2d-medium-replay-v2,2,rnn,17,65,5,5.342530014683212,7.555274882962898,0.053423861034714644,20000,20000,20,,
walker2d-medium-replay-v2,2,rnn,17,66,3,5.418525016044773,7.612804677193532,0.05383065811092212,20000,20000,20,,
walker2d-medium-replay-v2,2,rnn,17,67,2,5.488425467935038,7.71595196236419,0.05456001955897367,20000,20000,20,,
walker2d-medium-replay-v2,2,rnn,17,68,5,5.561340664492965,7.685079991754246,0.054341721761304834,20000,20000,20,,
walker2d-medium-replay-v2,2,rnn,17,69,4,5.652861627621037,7.779253382164004,0.055007628190965524,20000,20000,20,,
walker2d-medium-replay-v2,2,rnn,17,70,5,5.7524624660908845,7.8680988537165,0.055635860545090385,20000,20000,20,,
walker2d-medium-replay-v2,2,rnn,17,71,2,5.884583530294521,8.083912491358934,0.057161893411585396,20000,20000,20,,
walker2d-medium-replay-v2,2,rnn,17,72,1,6.058050401994954,8.306225358714533,0.058733882772107095,20000,20000,20,,
walker2d-medium-replay-v2,2,rnn,17,73,1,6.264730805258788,8.703641879571023,0.061544041940638984,20000,20000,20,,
walker2d-medium-replay-v2,2,rnn,17,74,5,6.298945964137631,8.508026255421356,0.0601608305972163,20000,20000,20,,
walker2d-medium-replay-v2,2,rnn,17,75,2,6.417458775422627,8.617372299090215,0.060934023886958004,20000,20000,20,,
walker2d-medium-replay-v2,2,rnn,17,76,3,6.535638664527063,8.745685356269068,0.061841334215417446,20000,20000,20,,
walker2d-medium-replay-v2,2,rnn,17,77,1,6.7098477940252375,9.047125025864114,0.06397283456031033,20000,20000,20,,
walker2d-medium-replay-v2,2,rnn,17,78,2,6.781653444373541,9.054997069958834,0.0640284983179221,20000,20000,20,,
walker2d-medium-replay-v2,2,rnn,17,79,3,6.874996422230064,9.120100881014938,0.06448885178071069,20000,20000,20,,
walker2d-medium-replay-v2,2,rnn,17,80,1,7.118005729997326,9.458177599237597,0.06687941518087605,20000,20000,20,,
walker2d-medium-replay-v2,2,rnn,17,81,5,7.213423401164914,9.516907203753975,0.0672946961969754,20000,20000,20,,
walker2d-medium-replay-v2,2,rnn,17,82,1,7.454121553708732,9.9636899462555,0.07045392726637491,20000,20000,20,,
walker2d-medium-replay-v2,2,rnn,17,83,1,7.719271170126757,10.5658861775586,0.07471209765396895,20000,20000,20,,
walker2d-medium-replay-v2,2,rnn,17,84,2,7.798732137124404,10.546394966541058,0.07457427397912854,20000,20000,20,,
walker2d-medium-replay-v2,2,rnn,17,85,2,7.93757125771489,10.728639736079181,0.0758629391028904,20000,20000,20,,
walker2d-medium-replay-v2,2,rnn,17,86,4,8.05052294352302,10.913091535082916,0.0771672102816664,20000,20000,20,,
walker2d-medium-replay-v2,2,rnn,17,87,5,8.16865475490454,11.083787020804753,0.07837420963638482,20000,20000,20,,
walker2d-medium-replay-v2,2,rnn,17,88,3,8.294448368103184,11.224889969875658,0.07937195815771939,20000,20000,20,,
walker2d-medium-replay-v2,2,rnn,17,89,2,8.40180606258602,11.137899958415058,0.07875684588772654,20000,20000,20,,
walker2d-medium-replay-v2,2,rnn,17,90,1,8.643857348644408,11.48204356756712,0.08119030868506089,20000,20000,20,,
walker2d-medium-replay-v2,2,rnn,17,91,3,8.69281705282912,11.632790883973598,0.08225625318182783,20000,20000,20,,
walker2d-medium-replay-v2,2,rnn,17,92,2,8.850076608470317,11.822932248206754,0.0836007556621611,20000,20000,20,,
walker2d-medium-replay-v2,2,rnn,17,93,5,8.997801331291004,11.948569212315787,0.08448914315505297,20000,20000,20,,
walker2d-medium-replay-v2,2,rnn,17,94,2,9.151601187867874,12.30711727146303,0.08702446079509588,20000,20000,20,,
walker2d-medium-replay-v2,2,rnn,17,95,1,9.443343788197465,12.973971489026377,0.09173983218811481,20000,20000,20,,
walker2d-medium-replay-v2,2,rnn,17,96,2,9.6012436690326,13.15115642946979,0.09299271891723151,20000,20000,20,,
walker2d-medium-replay-v2,2,rnn,17,97,5,9.689545707815345,13.117479296674206,0.09275458562752475,20000,20000,20,,
walker2d-medium-replay-v2,2,rnn,17,98,2,10.008658304800148,13.96626664417795,0.09875641851957714,20000,20000,20,,
walker2d-medium-replay-v2,2,rnn,17,99,5,10.221727259773733,14.10828149171219,0.0997606151367835,20000,20000,20,,
walker2d-medium-replay-v2,2,rnn,17,100,3,10.381417142672715,14.447123026514491,0.10215658660684715,20000,20000,20,,
walker2d-medium-replay-v2,2,rnn,18,1,2,0.09909118865708903,0.2788432267061869,0.0019717193649188254,20000,20000,20,,
walker2d-medium-replay-v2,2,rnn,18,2,3,0.14449665470626158,0.4090340053756805,0.002892307189370384,20000,20000,20,,
walker2d-medium-replay-v2,2,rnn,18,3,5,0.19215154926715872,0.5389136859265561,0.003810695217929051,20000,20000,20,,
walker2d-medium-replay-v2,2,rnn,18,4,2,0.25207479406510747,0.6760232374680869,0.00478020615453368,20000,20000,20,,
walker2d-medium-replay-v2,2,rnn,18,5,5,0.3070789538312848,0.8192256462113587,0.005792800097579832,20000,20000,20,,
walker2d-medium-replay-v2,2,rnn,18,6,3,0.3632005681960351,0.9668662072864942,0.0068367765167239814,20000,20000,20,,
walker2d-medium-replay-v2,2,rnn,18,7,3,0.42701272171210586,1.1351806728727019,0.008026939516601954,20000,20000,20,,
walker2d-medium-replay-v2,2,rnn,18,8,2,0.49040619608646774,1.2927537381371648,0.009141149346410474,20000,20000,20,,
walker2d-medium-replay-v2,2,rnn,18,9,2,0.5607994982330176,1.4596508083830682,0.010321289847720934,20000,20000,20,,
walker2d-medium-replay-v2,2,rnn,18,10,4,0.6193873495892173,1.5672986780600118,0.011082475234009459,20000,20000,20,,
walker2d-medium-replay-v2,2,rnn,18,11,2,0.6986606939226425,1.7497054697043792,0.012372286027071598,20000,20000,20,,
walker2d-medium-replay-v2,2,rnn,18,12,2,0.7697310463854834,1.8561528161545284,0.01312498243221374,20000,20000,20,,
walker2d-medium-replay-v2,2,rnn,18,13,5,0.838432854377257,2.0002582481448155,0.014143961713875228,20000,20000,20,,
walker2d-medium-replay-v2,2,rnn,18,14,5,0.9052171741653098,2.2115481921247206,0.015638007235722395,20000,20000,20,,
walker2d-medium-replay-v2,2,rnn,18,15,1,1.0308486228968132,2.415951486862731,0.017083356793783592,20000,20000,20,,
walker2d-medium-replay-v2,2,rnn,18,16,3,1.0933975457023102,2.5855846880196403,0.018282844662307913,20000,20000,20,,
walker2d-medium-replay-v2,2,rnn,18,17,5,1.1609927808648153,2.68112359913745,0.018958406781493735,20000,20000,20,,
walker2d-medium-replay-v2,2,rnn,18,18,1,1.2893087867177904,2.8709623102872346,0.020300769181351003,20000,20000,20,,
walker2d-medium-replay-v2,2,rnn,18,19,5,1.3482195079111516,2.9609507043943992,0.020937083218363642,20000,20000,20,,
walker2d-medium-replay-v2,2,rnn,18,20,1,1.4492943563544984,3.0703779667332296,0.021710850810828304,20000,20000,20,,
walker2d-medium-replay-v2,2,rnn,18,21,5,1.5177267168302007,3.1733338041308214,0.022438858518694073,20000,20000,20,,
walker2d-medium-replay-v2,2,rnn,18,22,4,1.5805591144489353,3.30482892004771,0.0233686694002715,20000,20000,20,,
walker2d-medium-replay-v2,2,rnn,18,23,4,1.6720673142900646,3.538063060953606,0.02501788382665928,20000,20000,20,,
walker2d-medium-replay-v2,2,rnn,18,24,3,1.6994845505764042,3.5493014577626014,0.02509735129259234,20000,20000,20,,
walker2d-medium-replay-v2,2,rnn,18,25,3,1.7710835773051277,3.6106769106415393,0.025531341281883262,20000,20000,20,,
walker2d-medium-replay-v2,2,rnn,18,26,4,1.8270696533201884,3.7547657338761877,0.02655020312190736,20000,20000,20,,
walker2d-medium-replay-v2,2,rnn,18,27,4,1.8818739560753595,3.809058175381289,0.02693410865746167,20000,20000,20,,
walker2d-medium-replay-v2,2,rnn,18,28,4,1.9551972555561143,3.916311378707304,0.02769250333121972,20000,20000,20,,
walker2d-medium-replay-v2,2,rnn,18,29,2,2.015504572597361,3.931442189919591,0.027799494323350334,20000,20000,20,,
walker2d-medium-replay-v2,2,rnn,18,30,5,2.1110777200176987,4.084519547661177,0.02888191470040228,20000,20000,20,,
walker2d-medium-replay-v2,2,rnn,18,31,4,2.1870907470944987,4.24757967084148,0.03003492388882134,20000,20000,20,,
walker2d-medium-replay-v2,2,rnn,18,32,1,2.3149820022026093,4.357465296797943,0.030811932601508774,20000,20000,20,,
walker2d-medium-replay-v2,2,rnn,18,33,1,2.451047552107704,4.470058530962916,0.031608086995446545,20000,20000,20,,
walker2d-medium-replay-v2,2,rnn,18,34,2,2.518423066187442,4.578277270402669,0.032373309040539644,20000,20000,20,,
walker2d-medium-replay-v2,2,rnn,18,35,4,2.593385800508983,4.644462199446378,0.03284130716193121,20000,20000,20,,
walker2d-medium-replay-v2,2,rnn,18,36,2,2.7148975766731818,4.774245330474585,0.03375901248226788,20000,20000,20,,
walker2d-medium-replay-v2,2,rnn,18,37,5,2.7879403762906088,4.8443634410162915,0.03425482239674817,20000,20000,20,,
walker2d-medium-replay-v2,2,rnn,18,38,4,2.8527280197495593,5.022637763981116,0.03551541222354685,20000,20000,20,,
walker2d-medium-replay-v2,2,rnn,18,39,4,2.9271419846609077,5.129766904695331,0.03627292964216394,20000,20000,20,,
walker2d-medium-replay-v2,2,rnn,18,40,5,3.0099492716894907,5.226545818824123,0.03695725990672734,20000,20000,20,,
walker2d-medium-replay-v2,2,rnn,18,41,4,3.0949356060203463,5.36466966055243,0.03793394295802357,20000,20000,20,,
walker2d-medium-replay-v2,2,rnn,18,42,1,3.2449872188215254,5.452216676727557,0.03855299384612437,20000,20000,20,,
walker2d-medium-replay-v2,2,rnn,18,43,4,3.3278290816932046,5.537914739986351,0.03915897066277285,20000,20000,20,,
walker2d-medium-replay-v2,2,rnn,18,44,2,3.3816806505678163,5.58452604159659,0.03948856233725816,20000,20000,20,,
walker2d-medium-replay-v2,2,rnn,18,45,3,3.4666708917073237,5.624293278725846,0.03976975916768966,20000,20000,20,,
walker2d-medium-replay-v2,2,rnn,18,46,2,3.5423554965124624,5.656396352167836,0.03999676217696728,20000,20000,20,,
walker2d-medium-replay-v2,2,rnn,18,47,1,3.6812022011087486,5.817873246766974,0.04113857624872723,20000,20000,20,,
walker2d-medium-replay-v2,2,rnn,18,48,4,3.7964491582042252,5.981492678278686,0.042295540344285426,20000,20000,20,,
walker2d-medium-replay-v2,2,rnn,18,49,1,3.9391157967339065,6.228020022356586,0.04403875191173935,20000,20000,20,,
walker2d-medium-replay-v2,2,rnn,18,50,5,4.023848303271382,6.289066499739825,0.04447041569299175,20000,20000,20,,
walker2d-medium-replay-v2,2,rnn,18,51,5,4.105710577042198,6.329683698377523,0.04475762265888692,20000,20000,20,,
walker2d-medium-replay-v2,2,rnn,18,52,1,4.236384257268675,6.519783110434116,0.04610182849253485,20000,20000,20,,
walker2d-medium-replay-v2,2,rnn,18,53,3,4.277937067528039,6.624876592825777,0.04684495163311137,20000,20000,20,,
walker2d-medium-replay-v2,2,rnn,18,54,3,4.300505153860704,6.58213333621855,0.0465427111671417,20000,20000,20,,
walker2d-medium-replay-v2,2,rnn,18,55,5,4.409602966672431,6.702130069319488,0.04739121620410076,20000,20000,20,,
walker2d-medium-replay-v2,2,rnn,18,56,2,4.461105346732724,6.680937860383005,0.04724136465762766,20000,20000,20,,
walker2d-medium-replay-v2,2,rnn,18,57,1,4.604087917054379,6.890144717356879,0.048720680529997167,20000,20000,20,,
walker2d-medium-replay-v2,2,rnn,18,58,4,4.709175373489683,6.955326448733032,0.04918158497265275,20000,20000,20,,
walker2d-medium-replay-v2,2,rnn,18,59,5,4.786788500732958,7.074077216968968,0.05002127970756017,20000,20000,20,,
walker2d-medium-replay-v2,2,rnn,18,60,5,4.882960625573341,7.283098948645801,0.051499286546400604,20000,20000,20,,
walker2d-medium-replay-v2,2,rnn,18,61,4,4.935195563617532,7.285915853744364,0.05151920507337213,20000,20000,20,,
walker2d-medium-replay-v2,2,rnn,18,62,2,5.029718842935396,7.363864434640233,0.0520703847747255,20000,20000,20,,
walker2d-medium-replay-v2,2,rnn,18,63,4,5.1469101987303425,7.436056882101004,0.05258086246622515,20000,20000,20,,
walker2d-medium-replay-v2,2,rnn,18,64,3,5.244343178672655,7.551643251824624,0.05339818152466822,20000,20000,20,,
walker2d-medium-replay-v2,2,rnn,18,65,5,5.318345151118205,7.595102796803166,0.05370548691428431,20000,20000,20,,
walker2d-medium-replay-v2,2,rnn,18,66,1,5.474553162251211,7.711116039522263,0.05452582442062546,20000,20000,20,,
walker2d-medium-replay-v2,2,rnn,18,67,5,5.5580445624685595,7.679512633938655,0.05430235459665788,20000,20000,20,,
walker2d-medium-replay-v2,2,rnn,18,68,2,5.6150251765585315,7.724693490067429,0.05462183149414257,20000,20000,20,,
walker2d-medium-replay-v2,2,rnn,18,69,1,5.804494717334326,8.092364803768364,0.057221660285799544,20000,20000,20,,
walker2d-medium-replay-v2,2,rnn,18,70,5,5.880357350081724,8.136218722870831,0.057531754321589156,20000,20000,20,,
walker2d-medium-replay-v2,2,rnn,18,71,4,5.961421000354981,8.268354517707438,0.05846609548725355,20000,20000,20,,
walker2d-medium-replay-v2,2,rnn,18,72,5,6.094673021062873,8.375135619365636,0.05922115189810437,20000,20000,20,,
walker2d-medium-replay-v2,2,rnn,18,73,5,6.209069594159923,8.522426431442737,0.06026265521836628,20000,20000,20,,
walker2d-medium-replay-v2,2,rnn,18,74,2,6.30372684126813,8.669226061232582,0.06130068535536702,20000,20000,20,,
walker2d-medium-replay-v2,2,rnn,18,75,4,6.395263664563608,8.936943514657477,0.0631937336229544,20000,20000,20,,
walker2d-medium-replay-v2,2,rnn,18,76,5,6.485428291350284,9.12844975541169,0.06454788723772287,20000,20000,20,,
walker2d-medium-replay-v2,2,rnn,18,77,5,6.5880963774251216,9.335902861494109,0.06601480221861378,20000,20000,20,,
walker2d-medium-replay-v2,2,rnn,18,78,3,6.694803768313638,9.46716481729335,0.0669429644091883,20000,20000,20,,
walker2d-medium-replay-v2,2,rnn,18,79,2,6.7728129696384105,9.517176775144797,0.06729660235456005,20000,20000,20,,
walker2d-medium-replay-v2,2,rnn,18,80,1,6.990639742241781,10.015795421117664,0.07082236861249472,20000,20000,20,,
walker2d-medium-replay-v2,2,rnn,18,81,5,7.091727458244307,10.191403179424913,0.07206410297977496,20000,20000,20,,
walker2d-medium-replay-v2,2,rnn,18,82,1,7.341810889119758,10.689260344759287,0.07558448475647744,20000,20000,20,,
walker2d-medium-replay-v2,2,rnn,18,83,2,7.446705599132864,10.546264562198276,0.07457335188117777,20000,20000,20,,
walker2d-medium-replay-v2,2,rnn,18,84,5,7.574785626973633,10.543775666734659,0.07455575273257788,20000,20000,20,,
walker2d-medium-replay-v2,2,rnn,18,85,5,7.70849839986813,10.681566393585776,0.07553008030598836,20000,20000,20,,
walker2d-medium-replay-v2,2,rnn,18,86,4,7.8199542208849975,10.69299783218891,0.0756109127835383,20000,20000,20,,
walker2d-medium-replay-v2,2,rnn,18,87,1,7.9777380128923525,11.117925677405534,0.07861560639221493,20000,20000,20,,
walker2d-medium-replay-v2,2,rnn,18,88,1,8.266042870476587,11.506905968182785,0.08136611240578003,20000,20000,20,,
walker2d-medium-replay-v2,2,rnn,18,89,4,8.264328623358097,11.272617969708618,0.07970944608106295,20000,20000,20,,
walker2d-medium-replay-v2,2,rnn,18,90,2,8.472835480208067,11.455663904011072,0.08100377629520188,20000,20000,20,,
walker2d-medium-replay-v2,2,rnn,18,91,1,8.75010401511575,12.017498526532085,0.08497654701010181,20000,20000,20,,
walker2d-medium-replay-v2,2,rnn,18,92,3,8.818401365064988,12.0723554658059,0.08536444414765834,20000,20000,20,,
walker2d-medium-replay-v2,2,rnn,18,93,3,9.004430776569215,12.306363995166446,0.08701913432732167,20000,20000,20,,
walker2d-medium-replay-v2,2,rnn,18,94,3,9.25054120000267,12.736874484349562,0.09006330319005486,20000,20000,20,,
walker2d-medium-replay-v2,2,rnn,18,95,2,9.377792457026823,12.924965631137889,0.09139330844380666,20000,20000,20,,
walker2d-medium-replay-v2,2,rnn,18,96,4,9.529736981950522,13.190145772901552,0.09326841520857762,20000,20000,20,,
walker2d-medium-replay-v2,2,rnn,18,97,5,9.688617072600858,13.575602574816331,0.09599400639346183,20000,20000,20,,
walker2d-medium-replay-v2,2,rnn,18,98,1,10.053858675797022,14.2525049469542,0.1007804289688613,20000,20000,20,,
walker2d-medium-replay-v2,2,rnn,18,99,2,10.248475874718057,14.532214695217304,0.10275827556646952,20000,20000,20,,
walker2d-medium-replay-v2,2,rnn,18,100,5,10.440945804533625,14.699787932231434,0.10394319728885024,20000,20000,20,,
walker2d-medium-replay-v2,2,rnn,19,1,1,0.21079662751145933,0.5925860599388424,0.004190216214193733,20000,20000,20,,
walker2d-medium-replay-v2,2,rnn,19,2,1,0.35802871624298455,1.1711520299671734,0.00828129542190179,20000,20000,20,,
walker2d-medium-replay-v2,2,rnn,19,3,5,0.35208197219500426,1.0913976109563053,0.0077173465167800085,20000,20000,20,,
walker2d-medium-replay-v2,2,rnn,19,4,2,0.41097068751377047,1.1955845638106004,0.00845405952552436,20000,20000,20,,
walker2d-medium-replay-v2,2,rnn,19,5,3,0.47946367202116863,1.2715131047411155,0.008990955387300036,20000,20000,20,,
walker2d-medium-replay-v2,2,rnn,19,6,5,0.5601813162979629,1.4928197233057416,0.010555829494385154,20000,20000,20,,
walker2d-medium-replay-v2,2,rnn,19,7,2,0.6267511034204767,1.6248895599212283,0.011489704264995255,20000,20000,20,,
walker2d-medium-replay-v2,2,rnn,19,8,3,0.6809806194507055,1.7654624985293763,0.012483705046406671,20000,20000,20,,
walker2d-medium-replay-v2,2,rnn,19,9,3,0.7541656230944093,1.9585995031317331,0.01384938990293051,20000,20000,20,,
walker2d-medium-replay-v2,2,rnn,19,10,5,0.8190125617221827,2.1264291422939183,0.015036124662287235,20000,20000,20,,
walker2d-medium-replay-v2,2,rnn,19,11,2,0.8728612667312818,2.204100541740734,0.01558534439481816,20000,20000,20,,
walker2d-medium-replay-v2,2,rnn,19,12,1,1.0018179776119607,2.408651603557014,0.017031738823910163,20000,20000,20,,
walker2d-medium-replay-v2,2,rnn,19,13,3,1.041089104904298,2.558964496970297,0.018094611486233193,20000,20000,20,,
walker2d-medium-replay-v2,2,rnn,19,14,2,1.0908941423337573,2.5453091876705605,0.01799805386818276,20000,20000,20,,
walker2d-medium-replay-v2,2,rnn,19,15,5,1.1733105596677502,2.725953624425214,0.01927540293031116,20000,20000,20,,
walker2d-medium-replay-v2,2,rnn,19,16,5,1.2408749839003583,2.8434899292680273,0.020106510112210783,20000,20000,20,,
walker2d-medium-replay-v2,2,rnn,19,17,2,1.2946683480123222,2.9652533552494633,0.02096750755433058,20000,20000,20,,
walker2d-medium-replay-v2,2,rnn,19,18,5,1.3627859873063528,3.0364401779532937,0.02147087440498061,20000,20000,20,,
walker2d-medium-replay-v2,2,rnn,19,19,3,1.4266966620858355,3.1595751833381445,0.02234157037807131,20000,20000,20,,
walker2d-medium-replay-v2,2,rnn,19,20,4,1.5141219331971498,3.3174524773935965,0.023457931430291238,20000,20000,20,,
walker2d-medium-replay-v2,2,rnn,19,21,2,1.5576114884490504,3.4290413437811385,0.024246983871566742,20000,20000,20,,
walker2d-medium-replay-v2,2,rnn,19,22,2,1.6431467469250491,3.550274988497815,0.025104235194437968,20000,20000,20,,
walker2d-medium-replay-v2,2,rnn,19,23,2,1.7024048822546372,3.569275453054773,0.025238588767777164,20000,20000,20,,
walker2d-medium-replay-v2,2,rnn,19,24,5,1.7665142776040061,3.6388107744425073,0.025730277740629696,20000,20000,20,,
walker2d-medium-replay-v2,2,rnn,19,25,4,1.8255866076708054,3.7355218585689047,0.02641412837464648,20000,20000,20,,
walker2d-medium-replay-v2,2,rnn,19,26,5,1.8939619574909685,3.844325249356633,0.027183484529067405,20000,20000,20,,
walker2d-medium-replay-v2,2,rnn,19,27,5,1.9632954777659022,3.891148809165369,0.027514577095667916,20000,20000,20,,
walker2d-medium-replay-v2,2,rnn,19,28,1,2.087441152599354,4.034797049454908,0.02853032354381039,20000,20000,20,,
walker2d-medium-replay-v2,2,rnn,19,29,2,2.1666750346330677,4.100074211744628,0.02899190278492715,20000,20000,20,,
walker2d-medium-replay-v2,2,rnn,19,30,5,2.2504509951954175,4.247314866993574,0.03003305144285595,20000,20000,20,,
walker2d-medium-replay-v2,2,rnn,19,31,4,2.3520617582829795,4.372447948060247,0.03091787594458606,20000,20000,20,,
walker2d-medium-replay-v2,2,rnn,19,32,5,2.4478531986991157,4.5630136572778754,0.032265378997080145,20000,20000,20,,
walker2d-medium-replay-v2,2,rnn,19,33,2,2.54090200071521,4.743245524910727,0.0335398107549712,20000,20000,20,,
walker2d-medium-replay-v2,2,rnn,19,34,2,2.59914346057685,4.784524133062652,0.03383169459239289,20000,20000,20,,
walker2d-medium-replay-v2,2,rnn,19,35,3,2.6948132528977933,4.942365327797533,0.03494780038386909,20000,20000,20,,
walker2d-medium-replay-v2,2,rnn,19,36,1,2.8238492091441496,5.002521915437597,0.03537317169440241,20000,20000,20,,
walker2d-medium-replay-v2,2,rnn,19,37,4,2.9123220254010254,5.11374859338085,0.03615966307662768,20000,20000,20,,
walker2d-medium-replay-v2,2,rnn,19,38,4,2.9844516139847683,5.186279875940515,0.03667253669408864,20000,20000,20,,
walker2d-medium-replay-v2,2,rnn,19,39,1,3.1060016004942774,5.268436135088783,0.03725346917369524,20000,20000,20,,
walker2d-medium-replay-v2,2,rnn,19,40,2,3.2180113494662654,5.446199819999024,0.03851044824418264,20000,20000,20,,
walker2d-medium-replay-v2,2,rnn,19,41,3,3.256484270695351,5.398845463055885,0.038175602375050424,20000,20000,20,,
walker2d-medium-replay-v2,2,rnn,19,42,5,3.316216836473521,5.446138817647405,0.03851001689241766,20000,20000,20,,
walker2d-medium-replay-v2,2,rnn,19,43,2,3.4198852723794584,5.548963055047502,0.0392370940477771,20000,20000,20,,
walker2d-medium-replay-v2,2,rnn,19,44,5,3.5110828471654196,5.693452873817731,0.04025879135442554,20000,20000,20,,
walker2d-medium-replay-v2,2,rnn,19,45,4,3.5928513685361128,5.790031374408107,0.04094170448126838,20000,20000,20,,
walker2d-medium-replay-v2,2,rnn,19,46,2,3.709586498796733,6.054795281134594,0.0428138680198658,20000,20000,20,,
walker2d-medium-replay-v2,2,rnn,19,47,1,3.855660530580669,6.2203732101443965,0.04398468078404236,20000,20000,20,,
walker2d-medium-replay-v2,2,rnn,19,48,1,3.9689380631635918,6.355307472232555,0.04493881010141176,20000,20000,20,,
walker2d-medium-replay-v2,2,rnn,19,49,5,4.047207454536939,6.460800158474332,0.04568475603948321,20000,20000,20,,
walker2d-medium-replay-v2,2,rnn,19,50,3,4.096862879763389,6.415231759422588,0.04536253879971018,20000,20000,20,,
walker2d-medium-replay-v2,2,rnn,19,51,5,4.162582031333916,6.464985964755248,0.0457143541595429,20000,20000,20,,
walker2d-medium-replay-v2,2,rnn,19,52,5,4.226566560781319,6.65140469488543,0.04703253364169527,20000,20000,20,,
walker2d-medium-replay-v2,2,rnn,19,53,1,4.346194897965743,6.75694595068966,0.04777882301843642,20000,20000,20,,
walker2d-medium-replay-v2,2,rnn,19,54,4,4.448363299909247,6.836096482132492,0.04833850179361387,20000,20000,20,,
walker2d-medium-replay-v2,2,rnn,19,55,3,4.520314429712386,6.831393670871207,0.04830524789627892,20000,20000,20,,
walker2d-medium-replay-v2,2,rnn,19,56,3,4.581038509731111,6.820957232265078,0.04823145113118061,20000,20000,20,,
walker2d-medium-replay-v2,2,rnn,19,57,4,4.626572447471496,6.8122662914440095,0.04816999689928592,20000,20000,20,,
walker2d-medium-replay-v2,2,rnn,19,58,1,4.754528640303667,7.033722109682346,0.04973592600738136,20000,20000,20,,
walker2d-medium-replay-v2,2,rnn,19,59,4,4.8409837794295845,7.014357782903901,0.049598999539599856,20000,20000,20,,
walker2d-medium-replay-v2,2,rnn,19,60,5,4.91852768077783,7.097910483321019,0.050189806350113775,20000,20000,20,,
walker2d-medium-replay-v2,2,rnn,19,61,1,5.08559702500511,7.332435002536365,0.05184814512903063,20000,20000,20,,
walker2d-medium-replay-v2,2,rnn,19,62,1,5.263294931674194,7.6450987639170025,0.05405901178806605,20000,20000,20,,
walker2d-medium-replay-v2,2,rnn,19,63,5,5.354943226298926,7.574068916084836,0.05355675491737831,20000,20000,20,,
walker2d-medium-replay-v2,2,rnn,19,64,2,5.41260960591767,7.460761698742428,0.05275555189997636,20000,20000,20,,
walker2d-medium-replay-v2,2,rnn,19,65,4,5.518767617927621,7.566093308413535,0.05350035885469371,20000,20000,20,,
walker2d-medium-replay-v2,2,rnn,19,66,2,5.605337761523823,7.7027065711092675,0.054466360499215424,20000,20000,20,,
walker2d-medium-replay-v2,2,rnn,19,67,3,5.68348226134403,7.769654060892134,0.054939750739304245,20000,20000,20,,
walker2d-medium-replay-v2,2,rnn,19,68,5,5.770586825107473,7.88429870079031,0.05575041076229114,20000,20000,20,,
walker2d-medium-replay-v2,2,rnn,19,69,2,5.848957396529359,7.879771519375499,0.0557183987555104,20000,20000,20,,
walker2d-medium-replay-v2,2,rnn,19,70,4,5.943908765263595,7.968396257930199,0.056345070291639536,20000,20000,20,,
walker2d-medium-replay-v2,2,rnn,19,71,4,6.007288080925276,8.113667037230325,0.05737228982315327,20000,20000,20,,
walker2d-medium-replay-v2,2,rnn,19,72,2,6.152295224131874,8.294011241834985,0.05864751592338976,20000,20000,20,,
walker2d-medium-replay-v2,2,rnn,19,73,1,6.323766076300638,8.562828536364158,0.06054834124200775,20000,20000,20,,
walker2d-medium-replay-v2,2,rnn,19,74,1,6.515605442898038,8.989435616459188,0.06356490883438164,20000,20000,20,,
walker2d-medium-replay-v2,2,rnn,19,75,3,6.509568754985729,8.88099179610802,0.06279809522690077,20000,20000,20,,
walker2d-medium-replay-v2,2,rnn,19,76,2,6.6291023301204985,8.88483327139126,0.06282525855912617,20000,20000,20,,
walker2d-medium-replay-v2,2,rnn,19,77,1,6.88961943839623,9.351050582422236,0.06612191278049177,20000,20000,20,,
walker2d-medium-replay-v2,2,rnn,19,78,4,6.936231051771216,9.211595504471138,0.06513581646759058,20000,20000,20,,
walker2d-medium-replay-v2,2,rnn,19,79,4,7.067722646367549,9.43334634468187,0.06670383169605881,20000,20000,20,,
walker2d-medium-replay-v2,2,rnn,19,80,2,7.189741240996537,9.622701927586196,0.06804277786333061,20000,20000,20,,
walker2d-medium-replay-v2,2,rnn,19,81,3,7.282923568792315,9.619004129190198,0.0680166304801179,20000,20000,20,,
walker2d-medium-replay-v2,2,rnn,19,82,3,7.384643570831396,9.827244564434833,0.0694891127189051,20000,20000,20,,
walker2d-medium-replay-v2,2,rnn,19,83,1,7.5800100440218126,10.304854853061022,0.07286632745742552,20000,20000,20,,
walker2d-medium-replay-v2,2,rnn,19,84,3,7.635482889264121,10.340192635668215,0.07311620331456195,20000,20000,20,,
walker2d-medium-replay-v2,2,rnn,19,85,3,7.760351792563901,10.635698279871692,0.07520574376351372,20000,20000,20,,
walker2d-medium-replay-v2,2,rnn,19,86,4,7.9513044295041535,10.76036623821397,0.07608727935091879,20000,20000,20,,
walker2d-medium-replay-v2,2,rnn,19,87,3,8.137317671120005,11.139513423475284,0.07876825480857946,20000,20000,20,,
walker2d-medium-replay-v2,2,rnn,19,88,1,8.41116915071438,11.749182643310208,0.08307926720483932,20000,20000,20,,
walker2d-medium-replay-v2,2,rnn,19,89,3,8.4985068487608,11.797176976423591,0.08341863838886933,20000,20000,20,,
walker2d-medium-replay-v2,2,rnn,19,90,1,8.897479728480842,12.340038975709858,0.08725725239830738,20000,20000,20,,
walker2d-medium-replay-v2,2,rnn,19,91,3,8.92616987172864,12.26937403592664,0.08675757581717886,20000,20000,20,,
walker2d-medium-replay-v2,2,rnn,19,92,5,9.039743984301484,12.28094447249635,0.08683939115877616,20000,20000,20,,
walker2d-medium-replay-v2,2,rnn,19,93,3,9.160848876531306,12.572698896877462,0.08890240647798679,20000,20000,20,,
walker2d-medium-replay-v2,2,rnn,19,94,4,9.356968640488477,12.714658923505114,0.08990621545284515,20000,20000,20,,
walker2d-medium-replay-v2,2,rnn,19,95,4,9.557931358313384,13.081229828031116,0.09249826317660537,20000,20000,20,,
walker2d-medium-replay-v2,2,rnn,19,96,2,9.777590781518393,13.372888288570485,0.09456059992898354,20000,20000,20,,
walker2d-medium-replay-v2,2,rnn,19,97,1,10.125491423010619,14.09832288556768,0.099690197157424,20000,20000,20,,
walker2d-medium-replay-v2,2,rnn,19,98,1,10.53666864445009,15.254475405315157,0.10786543002541756,20000,20000,20,,
walker2d-medium-replay-v2,2,rnn,19,99,2,10.644641099680216,15.134016339907816,0.10701365580536831,20000,20000,20,,
walker2d-medium-replay-v2,2,rnn,19,100,3,10.783103565944602,15.263938613045827,0.10793234500899888,20000,20000,20,,
